Workbook

Sheet СВОД
B2: АПК (Глобине) | C2: =АПК!J71*1.2 -> 644252.89
B3: Генплан благоустрій (Глобине) | C3: ='Генплан благоустрій'!J41*1.2 -> 336232.46
B4: Генплан дорога СПК (Глобине) | C4: ='Генплан дорога СПК'!J22*1.2 -> 0
B5: Генплан підпірна стінка (Глобине) | C5: ='Генплан підпірна стінка'!J11*1.2 -> 0
B6: Глобине-2 | C6: ='Глобине-2'!J135*1.2 -> 28339.152
B7: Котельна (Глобине) | C7: =Котельна!J121*1.2 -> 3243406.8
B8: Насосна Градирня (Глобине) | C8: ='Насосна Градирня'!J8*1.2 -> 0
B9: Пожежений резервуар (Глобине) | C9: ='Пожежений резервуар'!J70*1.2 -> 572938.12
B10: Пункт фасування та зберігання в бігбегах (Глобине) | C10: ='в бігбегах'!J42*1.2 -> 191514.37
B11: Резервуар для зберігання розчинника(Глобине) | C11: ='зберігання розчинника'!J32*1.2 -> 385480.5
B12: СПК (Глобине) | C12: =СПК!J207*1.2 -> 6797585.4
B13: Транспортна галерея (Глобине) | C13: ='Транспортна галерея'!J14*1.2 -> 12242.34
B14: Цех екстракції (Глобине) | C14: ='Цех екстракції'!J323*1.2 -> 2423352.9
C15: =SUM(C2:C14) -> 14635345

Sheet АПК
A1: Період | B1: Документ | C1: Аналітика Дт | D1: Аналітика Кт | E1: Дебет | H1: Кредит | K1: Поточне сальдо
E2: Рахунок | H2: Рахунок
A3: 01.06.2025 | B3: Переміщення товарів ІБ00-000538 від 01.06.2025 23:13:40 Перемещение ТМЦ | C3: Обл. НДС Круг 10 (6,05- 3760 3пс/А240с) Надходження товарів і послуг ІБ00-001657 від 01.04.2025 11:00:00 АПК (Глобине) | D3: Обл. НДС Круг 10 (6,05- 3760 3пс/А240с) Надходження товарів і послуг ІБ00-001657 від 01.04.2025 11:00:00 Транспортна галерея (Глобине) | E3: 205 | F3: 4098.41 | H3: 205 | K3: Д | L3: 338019.27
A4: 01.06.2025 | B4: Переміщення товарів ІБ00-000539 від 01.06.2025 23:13:41 Перемещение ТМЦ | C4: Обл. НДС Прокат арматурний №14 мм А500С, 12 м Надходження товарів і послуг ІБ00-000546 від 14.02.2025 10:00:00 АПК (Глобине) | D4: Обл. НДС Прокат арматурний №14 мм А500С, 12 м Надходження товарів і послуг ІБ00-000546 від 14.02.2025 10:00:00 Пункт фасування та зберігання в бігбегах (Глобине) | E4: 205 | F4: 2557.5 | H4: 205 | K4: Д | L4: 340576.77
A5: 02.06.2025 | B5: Вимога-накладна ІБ00-000437 від 02.06.2025 00:00:00 Списаны ТМЦ | C5: Обл. НДС Виробничий (Глобине-2) Глобине-2 Прямі материальні виробничі витрати крім зворотніх відходів | D5: Обл. НДС Круг 10 (6,05- 3760 3пс/А240с) Надходження товарів і послуг ІБ00-001657 від 01.04.2025 11:00:00 АПК (Глобине) | E5: 231 | H5: 205 | I5: 4098.41 | K5: Д | L5: 336478.36
A6: 02.06.2025 | B6: Вимога-накладна ІБ00-000437 від 02.06.2025 00:00:00 Списаны ТМЦ | C6: Обл. НДС Виробничий (Глобине-2) Глобине-2 Прямі материальні виробничі витрати крім зворотніх відходів | D6: Обл. НДС Прокат арматурний №14 мм А500С, 12 м Надходження товарів і послуг ІБ00-000546 від 14.02.2025 10:00:00 АПК (Глобине) | E6: 231 | H6: 205 | I6: 2557.5 | K6: Д | L6: 333920.86
A7: 02.06.2025 | B7: Вимога-накладна ІБ00-000438 від 02.06.2025 10:37:22 Списаны ТМЦ | C7: Обл. НДС Виробничий (Глобине-2) Глобине-2 Прямі материальні виробничі витрати крім зворотніх відходів | D7: Обл. НДС Пенетрон Адмікс 18кг/мішок Надходження товарів і послуг ІБ00-001456 від 04.04.2025 11:00:00 АПК (Глобине) | E7: 231 | H7: 205 | I7: 84882.6 | K7: Д | L7: 249038.26
A8: 02.06.2025 | B8: Вимога-накладна ІБ00-000439 від 02.06.2025 10:40:51 Списаны ТМЦ | C8: Обл. НДС Виробничий (Глобине-2) Глобине-2 Прямі материальні виробничі витрати крім зворотніх відходів | D8: Обл. НДС Труба Дн 89*3 Надходження товарів і послуг ІБ00-002202 від 01.05.2025 11:00:00 АПК (Глобине) | E8: 231 | H8: 205 | I8: 308.44 | K8: Д | L8: 248729.82
A9: 02.06.2025 | B9: Вимога-накладна ІБ00-000439 від 02.06.2025 10:40:51 Списаны ТМЦ | C9: Обл. НДС Виробничий (Глобине-2) Глобине-2 Прямі материальні виробничі витрати крім зворотніх відходів | D9: Обл. НДС Труба 159*5.0мм Надходження товарів і послуг ІБ00-002202 від 01.05.2025 11:00:00 АПК (Глобине) | E9: 231 | H9: 205 | I9: 715.58 | K9: Д | L9: 248014.24
A10: 02.06.2025 | B10: Вимога-накладна ІБ00-000439 від 02.06.2025 10:40:51 Списаны ТМЦ | C10: Обл. НДС Виробничий (Глобине-2) Глобине-2 Прямі материальні виробничі витрати крім зворотніх відходів | D10: Обл. НДС Труба 426*10,0мм Надходження товарів і послуг ІБ00-002202 від 01.05.2025 11:00:00 АПК (Глобине) | E10: 231 | H10: 205 | I10: 7094.14 | K10: Д | L10: 240920.1
A11: 02.06.2025 | B11: Вимога-накладна ІБ00-000439 від 02.06.2025 10:40:51 Списаны ТМЦ | C11: Обл. НДС Виробничий (Глобине-2) Глобине-2 Прямі материальні виробничі витрати крім зворотніх відходів | D11: Обл. НДС Труба 377*10,0 Надходження товарів і послуг ІБ00-002202 від 01.05.2025 11:00:00 АПК (Глобине) | E11: 231 | H11: 205 | I11: 2801.67 | K11: Д | L11: 238118.43
A12: 02.06.2025 | B12: Надходження товарів і послуг ІБ00-002710 від 02.06.2025 11:00:00 Оприходованы ТМЦ | C12: Обл. НДС Пісок з відсіву дроблення щебеню фр. 0-5мм. Надходження товарів і послуг ІБ00-002710 від 02.06.2025 11:00:00 АПК (Глобине) | D12: Енергія Логістик ТОВ №28/10-2024 ВІД 28/10/24_Глобине-2 Рахунок на оплату постачальника ІБ00-002242 від 02.06.2025 17:51:01 | E12: 205 | F12: 1959.83 | H12: 631 | K12: Д | L12: 240078.26
A13: 06.06.2025 | B13: Надходження товарів і послуг ІБ00-002834 від 06.06.2025 11:00:00 Оприходованы ТМЦ | C13: Обл. НДС Арматура № 8 А500С, L=12000 мм Надходження товарів і послуг ІБ00-002834 від 06.06.2025 11:00:00 АПК (Глобине) | D13: МЕТІНВЕСТ-СМЦ ТОВ №1778403/01/2023-С от 11.01.2023 РАХУНКИ_Глобино-2 Рахунок на оплату постачальника ІБ00-002368 від 06.06.2025 18:22:52 | E13: 205 | F13: 14729.59 | H13: 631 | K13: Д | L13: 254807.85
A14: 06.06.2025 | B14: Надходження товарів і послуг ІБ00-003218 від 06.06.2025 11:00:00 Оприходованы ТМЦ | C14: Обл. НДС Щебінь 40-70 Надходження товарів і послуг ІБ00-003218 від 06.06.2025 11:00:00 АПК (Глобине) | D14: Венкрас Авто ПП Договір 05/09/2024 від 05.09.2024_Глобине-2 Рахунок на оплату постачальника ІБ00-002690 від 06.06.2025 18:23:25 | E14: 205 | F14: 8425.67 | H14: 631 | K14: Д | L14: 263233.52
A15: 12.06.2025 | B15: Переміщення товарів ІБ00-000585 від 12.06.2025 11:10:00 Перемещение ТМЦ | C15: Обл. НДС Пісок з відсіву дроблення щебеню фр. 0-5мм. Надходження товарів і послуг ІБ00-003170 від 12.06.2025 11:00:00 АПК (Глобине) | D15: Обл. НДС Пісок з відсіву дроблення щебеню фр. 0-5мм. Надходження товарів і послуг ІБ00-003170 від 12.06.2025 11:00:00 Глобине-2 | E15: 205 | F15: 3947.17 | H15: 205 | K15: Д | L15: 267180.69
A16: 13.06.2025 | B16: Переміщення товарів ІБ00-000587 від 13.06.2025 11:10:00 Перемещение ТМЦ | C16: Обл. НДС Пісок з відсіву дроблення щебеню фр. 0-5мм. Надходження товарів і послуг ІБ00-003172 від 13.06.2025 11:00:00 АПК (Глобине) | D16: Обл. НДС Пісок з відсіву дроблення щебеню фр. 0-5мм. Надходження товарів і послуг ІБ00-003172 від 13.06.2025 11:00:00 Глобине-2 | E16: 205 | F16: 3930.66 | H16: 205 | K16: Д | L16: 271111.35
A17: 16.06.2025 | B17: Переміщення товарів ІБ00-000588 від 16.06.2025 11:10:00 Перемещение ТМЦ | C17: Обл. НДС Пісок з відсіву дроблення щебеню фр. 0-5мм. Надходження товарів і послуг ІБ00-003174 від 16.06.2025 11:00:00 АПК (Глобине) | D17: Обл. НДС Пісок з відсіву дроблення щебеню фр. 0-5мм. Надходження товарів і послуг ІБ00-003174 від 16.06.2025 11:00:00 Глобине-2 | E17: 205 | F17: 4218.5 | H17: 205 | K17: Д | L17: 275329.85
A18: 16.06.2025 | B18: Переміщення товарів ІБ00-000555 від 16.06.2025 11:15:00 Перемещение ТМЦ | C18: Обл. НДС Бетон С20/25 W6 F75 P4 Надходження товарів і послуг ІБ00-002956 від 16.06.2025 11:00:00 АПК (Глобине) | D18: Обл. НДС Бетон С20/25 W6 F75 P4 Надходження товарів і послуг ІБ00-002956 від 16.06.2025 11:00:00 Глобине-2 | E18: 205 | F18: 284497.52 | H18: 205 | K18: Д | L18: 559827.37
A19: 19.06.2025 | B19: Вимога-накладна ІБ00-000455 від 19.06.2025 10:28:26 Списаны ТМЦ | C19: Обл. НДС Виробничий (Глобине-2) Глобине-2 Прямі материальні виробничі витрати крім зворотніх відходів | D19: Обл. НДС Бетон С20/25 W6 F75 P4 Надходження товарів і послуг ІБ00-002451 від 26.05.2025 11:00:00 АПК (Глобине) | E19: 231 | H19: 205 | I19: 33111.63 | K19: Д | L19: 526715.74
A20: 19.06.2025 | B20: Вимога-накладна ІБ00-000455 від 19.06.2025 10:28:26 Списаны ТМЦ | C20: Обл. НДС Виробничий (Глобине-2) Глобине-2 Прямі материальні виробничі витрати крім зворотніх відходів | D20: Обл. НДС Бетон С20/25 W6 F75 P4 Надходження товарів і послуг ІБ00-002956 від 16.06.2025 11:00:00 АПК (Глобине) | E20: 231 | H20: 205 | I20: 6588.76 | K20: Д | L20: 520126.98
A21: 19.06.2025 | B21: Вимога-накладна ІБ00-000455 від 19.06.2025 10:28:26 Списаны ТМЦ | C21: Обл. НДС Виробничий (Глобине-2) Глобине-2 Прямі материальні виробничі витрати крім зворотніх відходів | D21: Обл. НДС Кутик 100*100*7мм ст. 3Пс МІРА Надходження товарів і послуг ІБ00-000851 від 03.03.2025 18:09:07 АПК (Глобине) | E21: 231 | H21: 205 | I21: 1936.67 | K21: Д | L21: 518190.31
A22: 19.06.2025 | B22: Вимога-накладна ІБ00-000455 від 19.06.2025 10:28:26 Списаны ТМЦ | C22: Обл. НДС Виробничий (Глобине-2) Глобине-2 Прямі материальні виробничі витрати крім зворотніх відходів | D22: Обл. НДС Труба 219*6 Надходження товарів і послуг ІБ00-002202 від 01.05.2025 11:00:00 АПК (Глобине) | E22: 231 | H22: 205 | I22: 588.09 | K22: Д | L22: 517602.22
A23: 19.06.2025 | B23: Переміщення товарів ІБ00-000570 від 19.06.2025 11:10:00 Перемещение ТМЦ | C23: Обл. НДС Бетон С 8/10 Р4 Надходження товарів і послуг ІБ00-003063 від 19.06.2025 11:00:00 АПК (Глобине) | D23: Обл. НДС Бетон С 8/10 Р4 Надходження товарів і послуг ІБ00-003063 від 19.06.2025 11:00:00 Глобине-2 | E23: 205 | F23: 15695.99 | H23: 205 | K23: Д | L23: 533298.21
A24: 20.06.2025 | B24: Переміщення товарів ІБ00-000576 від 20.06.2025 10:00:00 Перемещение ТМЦ | C24: Обл. НДС Бетон С20/25 W6 F75 P4 Надходження товарів і послуг ІБ00-002806 від 09.06.2025 11:00:00 АПК (Глобине) | D24: Обл. НДС Бетон С20/25 W6 F75 P4 Надходження товарів і послуг ІБ00-002806 від 09.06.2025 11:00:00 Пожежений резервуар (Глобине) | E24: 205 | F24: 10290.93 | H24: 205 | K24: Д | L24: 543589.14
A25: 20.06.2025 | B25: Переміщення товарів ІБ00-000576 від 20.06.2025 10:00:00 Перемещение ТМЦ | C25: Обл. НДС Пенетрон Адмікс 18кг/мішок/відро Надходження товарів і послуг ІБ00-001895 від 30.04.2025 11:00:00 АПК (Глобине) | D25: Обл. НДС Пенетрон Адмікс 18кг/мішок/відро Надходження товарів і послуг ІБ00-001895 від 30.04.2025 11:00:00 Пожежений резервуар (Глобине) | E25: 205 | F25: 4218.75 | H25: 205 | K25: Д | L25: 547807.89
A26: 20.06.2025 | B26: Переміщення товарів ІБ00-000576 від 20.06.2025 10:00:00 Перемещение ТМЦ | C26: Обл. НДС Шнур бентонітовий ГІДРОСТОП 15*25 Надходження товарів і послуг ІБ00-002192 від 01.05.2025 11:00:00 АПК (Глобине) | D26: Обл. НДС Шнур бентонітовий ГІДРОСТОП 15*25 Надходження товарів і послуг ІБ00-002192 від 01.05.2025 11:00:00 Пожежений резервуар (Глобине) | E26: 205 | F26: 4051.96 | H26: 205 | K26: Д | L26: 551859.85
A27: 20.06.2025 | B27: Переміщення товарів ІБ00-000576 від 20.06.2025 10:00:00 Перемещение ТМЦ | C27: Обл. НДС Профіль кріпильний 25*15мм Надходження товарів і послуг ІБ00-002192 від 01.05.2025 11:00:00 АПК (Глобине) | D27: Обл. НДС Профіль кріпильний 25*15мм Надходження товарів і послуг ІБ00-002192 від 01.05.2025 11:00:00 Пожежений резервуар (Глобине) | E27: 205 | F27: 826.01 | H27: 205 | K27: Д | L27: 552685.86
A28: 20.06.2025 | B28: Переміщення товарів ІБ00-000577 від 20.06.2025 10:00:00 Перемещение ТМЦ | C28: Обл. НДС Пісок з відсіву дроблення щебеню фр. 0-5мм. Надходження товарів і послуг ІБ00-002856 від 10.06.2025 11:00:00 АПК (Глобине) | D28: Обл. НДС Пісок з відсіву дроблення щебеню фр. 0-5мм. Надходження товарів і послуг ІБ00-002856 від 10.06.2025 11:00:00 Пункт фасування та зберігання в бігбегах (Глобине) | E28: 205 | F28: 2918.67 | H28: 205 | K28: Д | L28: 555604.53
A29: 20.06.2025 | B29: Переміщення товарів ІБ00-000578 від 20.06.2025 10:00:00 Перемещение ТМЦ | C29: Обл. НДС Пенебар SW-55 тип А 5м/рул Надходження товарів і послуг ІБ00-000649 від 17.02.2025 23:45:08 АПК (Глобине) | D29: Обл. НДС Пенебар SW-55 тип А 5м/рул Надходження товарів і послуг ІБ00-000649 від 17.02.2025 23:45:08 Резервуар для зберігання розчинника(Глобине) | E29: 205 | F29: 1187.5 | H29: 205 | K29: Д | L29: 556792.03
A30: 20.06.2025 | B30: Переміщення товарів ІБ00-000582 від 20.06.2025 10:00:00 Перемещение ТМЦ | C30: Обл. НДС Емульсія бітумна Igoflex-101 каністра 32л Надходження товарів і послуг ІБ00-001108 від 22.03.2024 17:34:05 Пункт фасування та зберігання в бігбегах (Глобине) | D30: Обл. НДС Емульсія бітумна Igoflex-101 каністра 32л Надходження товарів і послуг ІБ00-001108 від 22.03.2024 17:34:05 АПК (Глобине) | E30: 205 | H30: 205 | I30: 36573.95 | K30: Д | L30: 520218.08
A31: 20.06.2025 | B31: Надходження товарів і послуг ІБ00-003138 від 20.06.2025 11:00:00 Оприходованы ТМЦ | C31: Обл. НДС Шпонка гідроізоляційна ПО-2 20пог/м Надходження товарів і послуг ІБ00-003138 від 20.06.2025 11:00:00 АПК (Глобине) | D31: ПРОТЕКС УКРАЇНА Договір 9 від 11.12.2023_Глобине 2 Рахунок на оплату постачальника ІБ00-002600 від 20.06.2025 18:06:46 | E31: 205 | F31: 6500 | H31: 631 | K31: Д | L31: 526718.08
A32: 20.06.2025 | B32: Надходження товарів і послуг ІБ00-003138 від 20.06.2025 11:00:00 Оприходованы ТМЦ | C32: Обл. НДС Герметик поліуритановий 600 мл Надходження товарів і послуг ІБ00-003138 від 20.06.2025 11:00:00 АПК (Глобине) | D32: ПРОТЕКС УКРАЇНА Договір 9 від 11.12.2023_Глобине 2 Рахунок на оплату постачальника ІБ00-002600 від 20.06.2025 18:06:46 | E32: 205 | F32: 1412.5 | H32: 631 | K32: Д | L32: 528130.58
A33: 20.06.2025 | B33: Вимога-накладна ІБ00-000486 від 20.06.2025 18:07:02 Списаны ТМЦ | C33: Обл. НДС Виробничий (Глобине-2) Глобине-2 Прямі материальні виробничі витрати крім зворотніх відходів | D33: Обл. НДС Бетон С20/25 W6 F75 P4 Надходження товарів і послуг ІБ00-002806 від 09.06.2025 11:00:00 АПК (Глобине) | E33: 231 | H33: 205 | I33: 10290.93 | K33: Д | L33: 517839.65
A34: 20.06.2025 | B34: Вимога-накладна ІБ00-000486 від 20.06.2025 18:07:02 Списаны ТМЦ | C34: Обл. НДС Виробничий (Глобине-2) Глобине-2 Прямі материальні виробничі витрати крім зворотніх відходів | D34: Обл. НДС Бетон С20/25 W6 F75 P4 Надходження товарів і послуг ІБ00-002956 від 16.06.2025 11:00:00 АПК (Глобине) | E34: 231 | H34: 205 | I34: 267549.55 | K34: Д | L34: 250290.1
A35: 20.06.2025 | B35: Вимога-накладна ІБ00-000486 від 20.06.2025 18:07:02 Списаны ТМЦ | C35: Обл. НДС Виробничий (Глобине-2) Глобине-2 Прямі материальні виробничі витрати крім зворотніх відходів | D35: Обл. НДС Бетон С20/25 W6 F75 P4 Надходження товарів і послуг ІБ00-002956 від 16.06.2025 11:00:00 АПК (Глобине) | E35: 231 | H35: 205 | I35: 10359.21 | K35: Д | L35: 239930.89
A36: 20.06.2025 | B36: Вимога-накладна ІБ00-000486 від 20.06.2025 18:07:02 Списаны ТМЦ | C36: Обл. НДС Виробничий (Глобине-2) Глобине-2 Прямі материальні виробничі витрати крім зворотніх відходів | D36: Обл. НДС Плівка п/е рукав 1500*200 мкм Надходження товарів і послуг ІБ00-001528 від 26.03.2025 11:00:00 АПК (Глобине) | E36: 231 | H36: 205 | I36: 786.62 | K36: Д | L36: 239144.27
A37: 20.06.2025 | B37: Вимога-накладна ІБ00-000486 від 20.06.2025 18:07:02 Списаны ТМЦ | C37: Обл. НДС Виробничий (Глобине-2) Глобине-2 Прямі материальні виробничі витрати крім зворотніх відходів | D37: Обл. НДС Пенетрон Адмікс 18кг/мішок Надходження товарів і послуг ІБ00-001456 від 04.04.2025 11:00:00 АПК (Глобине) | E37: 231 | H37: 205 | I37: 43817.4 | K37: Д | L37: 195326.87
A38: 20.06.2025 | B38: Вимога-накладна ІБ00-000486 від 20.06.2025 18:07:02 Списаны ТМЦ | C38: Обл. НДС Виробничий (Глобине-2) Глобине-2 Прямі материальні виробничі витрати крім зворотніх відходів | D38: Обл. НДС Пенетрон Адмікс 18кг/мішок/відро Надходження товарів і послуг ІБ00-001895 від 30.04.2025 11:00:00 АПК (Глобине) | E38: 231 | H38: 205 | I38: 3840.75 | K38: Д | L38: 191486.12
A39: 20.06.2025 | B39: Вимога-накладна ІБ00-000486 від 20.06.2025 18:07:02 Списаны ТМЦ | C39: Обл. НДС Виробничий (Глобине-2) Глобине-2 Прямі материальні виробничі витрати крім зворотніх відходів | D39: Обл. НДС Пенетрон Адмікс 18кг/мішок/відро Надходження товарів і послуг ІБ00-001895 від 30.04.2025 11:00:00 АПК (Глобине) | E39: 231 | H39: 205 | I39: 4218.75 | K39: Д | L39: 187267.37
A40: 20.06.2025 | B40: Вимога-накладна ІБ00-000486 від 20.06.2025 18:07:02 Списаны ТМЦ | C40: Обл. НДС Виробничий (Глобине-2) Глобине-2 Прямі материальні виробничі витрати крім зворотніх відходів | D40: Обл. НДС Шнур бентонітовий ГІДРОСТОП 15*25 Надходження товарів і послуг ІБ00-002184 від 01.05.2025 11:00:00 АПК (Глобине) | E40: 231 | H40: 205 | I40: 7179.91 | K40: Д | L40: 180087.46
A41: 20.06.2025 | B41: Вимога-накладна ІБ00-000486 від 20.06.2025 18:07:02 Списаны ТМЦ | C41: Обл. НДС Виробничий (Глобине-2) Глобине-2 Прямі материальні виробничі витрати крім зворотніх відходів | D41: Обл. НДС Шнур бентонітовий ГІДРОСТОП 15*25 Надходження товарів і послуг ІБ00-002192 від 01.05.2025 11:00:00 АПК (Глобине) | E41: 231 | H41: 205 | I41: 4051.96 | K41: Д | L41: 176035.5
A42: 20.06.2025 | B42: Вимога-накладна ІБ00-000486 від 20.06.2025 18:07:02 Списаны ТМЦ | C42: Обл. НДС Виробничий (Глобине-2) Глобине-2 Прямі материальні виробничі витрати крім зворотніх відходів | D42: Обл. НДС Профіль кріпильний 25*15мм Надходження товарів і послуг ІБ00-002184 від 01.05.2025 11:00:00 АПК (Глобине) | E42: 231 | H42: 205 | I42: 1463.67 | K42: Д | L42: 174571.83
A43: 20.06.2025 | B43: Вимога-накладна ІБ00-000486 від 20.06.2025 18:07:02 Списаны ТМЦ | C43: Обл. НДС Виробничий (Глобине-2) Глобине-2 Прямі материальні виробничі витрати крім зворотніх відходів | D43: Обл. НДС Профіль кріпильний 25*15мм Надходження товарів і послуг ІБ00-002192 від 01.05.2025 11:00:00 АПК (Глобине) | E43: 231 | H43: 205 | I43: 826.01 | K43: Д | L43: 173745.82
A44: 20.06.2025 | B44: Вимога-накладна ІБ00-000486 від 20.06.2025 18:07:02 Списаны ТМЦ | C44: Обл. НДС Виробничий (Глобине-2) Глобине-2 Прямі материальні виробничі витрати крім зворотніх відходів | D44: Обл. НДС Пісок з відсіву дроблення щебеню фр. 0-5мм. Надходження товарів і послуг ІБ00-002341 від 20.05.2025 17:54:58 АПК (Глобине) | E44: 231 | H44: 205 | I44: 3910.5 | K44: Д | L44: 169835.32
... A52: 20.06.2025 | B52: Вимога-накладна ІБ00-000486 від 20.06.2025 18:07:02 Списаны ТМЦ | C52: Обл. НДС Виробничий (Глобине-2) Глобине-2 Прямі материальні виробничі витрати крім зворотніх відходів | D52: Обл. НДС Насосна станція SHIMGE JET1000G1 1.1кВт/220в/48м/90л/24 нерж голова Надходження товарів і послуг ІБ00-000734 від 28.02.2025 23:59:14 АПК (Глобине) | E52: 231 | H52: 205 | I52: 10179 | K52: Д | L52: 148750.3
A53: 24.06.2025 | B53: Надходження товарів і послуг ІБ00-003242 від 24.06.2025 11:00:00 Оприходованы ТМЦ | C53: Обл. НДС Штаба 50*5 н/ж АІСІ304 3,05 Надходження товарів і послуг ІБ00-003242 від 24.06.2025 11:00:00 АПК (Глобине) | D53: МЕТАЛ ХОЛДІНГ ТРЕЙД ТОВ Дог 01/219/25 від 01.04.2025_Глобине-2 Рахунок на оплату постачальника ІБ00-002705 від 23.06.2025 18:21:54 | E53: 205 | F53: 1150 | H53: 631 | K53: Д | L53: 149900.3
A54: 24.06.2025 | B54: Переміщення товарів ІБ00-000592 від 24.06.2025 11:10:00 Перемещение ТМЦ | C54: Обл. НДС Бетон С 20/25 F75 W6 Р4 Надходження товарів і послуг ІБ00-003180 від 24.06.2025 11:00:00 АПК (Глобине) | D54: Обл. НДС Бетон С 20/25 F75 W6 Р4 Надходження товарів і послуг ІБ00-003180 від 24.06.2025 11:00:00 Глобине-2 | E54: 205 | F54: 5713.15 | H54: 205 | K54: Д | L54: 155613.45
A55: 24.06.2025 | B55: Надходження дод. витрат ІБ00-000403 від 24.06.2025 11:10:00 Доп. расходы при поступлении товаров | C55: Обл. НДС Штаба 50*5 н/ж АІСІ304 3,05 Надходження товарів і послуг ІБ00-003242 від 24.06.2025 11:00:00 АПК (Глобине) | D55: МЕТАЛ ХОЛДІНГ ТРЕЙД ТОВ Дог 01/219/25 від 01.04.2025_Глобине-2 Рахунок на оплату постачальника ІБ00-002705 від 23.06.2025 18:21:54 | E55: 205 | F55: 550.67 | H55: 631 | K55: Д | L55: 156164.12
A56: 25.06.2025 | B56: Переміщення товарів ІБ00-000610 від 25.06.2025 10:00:00 Перемещение ТМЦ | C56: Обл. НДС Бетон С 20/25 F75 W6 Р4 Надходження товарів і послуг ІБ00-003180 від 24.06.2025 11:00:00 Резервуар для зберігання розчинника(Глобине) | D56: Обл. НДС Бетон С 20/25 F75 W6 Р4 Надходження товарів і послуг ІБ00-003180 від 24.06.2025 11:00:00 АПК (Глобине) | E56: 205 | H56: 205 | I56: 5713.15 | K56: Д | L56: 150450.97
A57: 25.06.2025 | B57: Вимога-накладна ІБ00-000507 від 25.06.2025 23:12:57 Списаны ТМЦ | C57: Обл. НДС Виробничий (Глобине-2) Глобине-2 Прямі материальні виробничі витрати крім зворотніх відходів | D57: Обл. НДС Бетон С 8/10 Р4 Надходження товарів і послуг ІБ00-003063 від 19.06.2025 11:00:00 АПК (Глобине) | E57: 231 | H57: 205 | I57: 12813.64 | K57: Д | L57: 137637.33
A58: 26.06.2025 | B58: Надходження товарів і послуг ІБ00-003354 від 26.06.2025 11:00:00 Оприходованы ТМЦ | C58: Обл. НДС Бетон С 20/25 F75 W6 Р4 Надходження товарів і послуг ІБ00-003354 від 26.06.2025 11:00:00 АПК (Глобине) | D58: Кременчуцький річковий порт ПРАТ Договір 112/Б від 15.10.2024_Глобине-2 Надходження товарів і послуг ІБ00-003354 від 26.06.2025 11:00:00 | E58: 205 | F58: 36500 | H58: 631 | K58: Д | L58: 174137.33
A59: 26.06.2025 | B59: Надходження товарів і послуг ІБ00-003564 від 26.06.2025 11:00:00 Оприходованы ТМЦ (Зачет аванса поставщику) | C59: Обл. НДС Блок 600*375*200 G D500 Надходження товарів і послуг ІБ00-003564 від 26.06.2025 11:00:00 АПК (Глобине) | D59: САФОРТ ТД ТОВ РАХУНКИ_Глобино-2 Рахунок на оплату постачальника ІБ00-002449 від 10.06.2025 18:15:31 | E59: 205 | F59: 121275 | H59: 631 | K59: Д | L59: 295412.33
A60: 26.06.2025 | B60: Надходження товарів і послуг ІБ00-003564 від 26.06.2025 11:00:00 Оприходованы ТМЦ (Зачет аванса поставщику) | C60: Обл. НДС Клей для газобетону (20 кг) Надходження товарів і послуг ІБ00-003564 від 26.06.2025 11:00:00 АПК (Глобине) | D60: САФОРТ ТД ТОВ РАХУНКИ_Глобино-2 Рахунок на оплату постачальника ІБ00-002449 від 10.06.2025 18:15:31 | E60: 205 | F60: 4591.67 | H60: 631 | K60: Д | L60: 300004
A61: 26.06.2025 | B61: Надходження дод. витрат ІБ00-000405 від 26.06.2025 11:10:00 Доп. расходы при поступлении товаров | C61: Обл. НДС Бетон С 20/25 F75 W6 Р4 Надходження товарів і послуг ІБ00-003354 від 26.06.2025 11:00:00 АПК (Глобине) | D61: Кременчуцький річковий порт ПРАТ Договір 112/Б від 15.10.2024_Глобине-2 Надходження дод. витрат ІБ00-000405 від 26.06.2025 11:10:00 | E61: 205 | F61: 15752.5 | H61: 631 | K61: Д | L61: 315756.5
A62: 27.06.2025 | B62: Надходження товарів і послуг ІБ00-003565 від 27.06.2025 11:00:00 Оприходованы ТМЦ | C62: Обл. НДС Блок 600*375*200 G D500 Надходження товарів і послуг ІБ00-003565 від 27.06.2025 11:00:00 АПК (Глобине) | D62: САФОРТ ТД ТОВ РАХУНКИ_Глобино-2 Рахунок на оплату постачальника ІБ00-002449 від 10.06.2025 18:15:31 | E62: 205 | F62: 33675 | H62: 631 | K62: Д | L62: 349431.5
A63: 27.06.2025 | B63: Надходження товарів і послуг ІБ00-003565 від 27.06.2025 11:00:00 Оприходованы ТМЦ (Зачет аванса поставщику) | C63: Обл. НДС Блок 600*375*200 G D500 Надходження товарів і послуг ІБ00-003565 від 27.06.2025 11:00:00 АПК (Глобине) | D63: САФОРТ ТД ТОВ РАХУНКИ_Глобино-2 Рахунок на оплату постачальника ІБ00-002449 від 10.06.2025 18:15:31 | E63: 205 | F63: 87600 | H63: 631 | K63: Д | L63: 437031.5
A64: 27.06.2025 | B64: Надходження товарів і послуг ІБ00-003565 від 27.06.2025 11:00:00 Оприходованы ТМЦ | C64: Обл. НДС Клей для газобетону (20 кг) Надходження товарів і послуг ІБ00-003565 від 27.06.2025 11:00:00 АПК (Глобине) | D64: САФОРТ ТД ТОВ РАХУНКИ_Глобино-2 Рахунок на оплату постачальника ІБ00-002449 від 10.06.2025 18:15:31 | E64: 205 | F64: 4591.67 | H64: 631 | K64: Д | L64: 441623.17
A65: 27.06.2025 | B65: Переміщення товарів ІБ00-000603 від 27.06.2025 11:10:00 Перемещение ТМЦ | C65: Обл. НДС Пісок з відсіву дроблення щебеню фр. 0-5мм. Надходження товарів і послуг ІБ00-003283 від 27.06.2025 11:00:00 АПК (Глобине) | D65: Обл. НДС Пісок з відсіву дроблення щебеню фр. 0-5мм. Надходження товарів і послуг ІБ00-003283 від 27.06.2025 11:00:00 Глобине-2 | E65: 205 | F65: 4126.83 | H65: 205 | K65: Д | L65: 445750
A66: 27.06.2025 | B66: Переміщення товарів ІБ00-000638 від 27.06.2025 11:20:00 Перемещение ТМЦ | C66: Обл. НДС Пісок з відсіву дроблення щебеню фр. 0-5мм. Надходження товарів і послуг ІБ00-003570 від 27.06.2025 11:00:00 АПК (Глобине) | D66: Обл. НДС Пісок з відсіву дроблення щебеню фр. 0-5мм. Надходження товарів і послуг ІБ00-003570 від 27.06.2025 11:00:00 Глобине-2 | E66: 205 | F66: 20517.33 | H66: 205 | K66: Д | L66: 466267.33
A67: 30.06.2025 | B67: Надходження товарів і послуг ІБ00-003355 від 30.06.2025 11:00:00 Оприходованы ТМЦ | C67: Обл. НДС Бетон С 20/25 F75 W6 Р4 Надходження товарів і послуг ІБ00-003355 від 30.06.2025 11:00:00 АПК (Глобине) | D67: Кременчуцький річковий порт ПРАТ Договір 112/Б від 15.10.2024_Глобине-2 Надходження товарів і послуг ІБ00-003355 від 30.06.2025 11:00:00 | E67: 205 | F67: 17520 | H67: 631 | K67: Д | L67: 483787.33
A68: 30.06.2025 | B68: Надходження дод. витрат ІБ00-000406 від 30.06.2025 11:10:00 Доп. расходы при поступлении товаров | C68: Обл. НДС Бетон С 20/25 F75 W6 Р4 Надходження товарів і послуг ІБ00-003355 від 30.06.2025 11:00:00 АПК (Глобине) | D68: Кременчуцький річковий порт ПРАТ Договір 112/Б від 15.10.2024_Глобине-2 Надходження дод. витрат ІБ00-000406 від 30.06.2025 11:10:00 | E68: 205 | F68: 8720 | H68: 631 | K68: Д | L68: 492507.33
A69: Обороти за період та сальдо на кінець | E69: 737750.98 | H69: 579164.51 | K69: Д | L69: 492507.33
J71: =SUBTOTAL(9,I5:J57) -> 536877.41

Sheet Генплан благоустрій
A1: Період | B1: Документ | C1: Аналітика Дт | D1: Аналітика Кт | E1: Дебет | H1: Кредит | K1: Поточне сальдо
E2: Рахунок | H2: Рахунок
A3: 18.06.2025 | B3: Переміщення товарів ІБ00-000563 від 18.06.2025 10:08:38 Перемещение ТМЦ | C3: Обл. НДС Пісок з відсіву дроблення щебеню фр. 0-5мм. Надходження товарів і послуг ІБ00-002156 від 09.05.2025 11:00:00 Генплан благоустрій (Глобине) | D3: Обл. НДС Пісок з відсіву дроблення щебеню фр. 0-5мм. Надходження товарів і послуг ІБ00-002156 від 09.05.2025 11:00:00 Генплан дорога СПК (Глобине) | E3: 205 | F3: 6729.25 | H3: 205 | K3: Д | L3: 6729.25
A4: 18.06.2025 | B4: Переміщення товарів ІБ00-000563 від 18.06.2025 10:08:38 Перемещение ТМЦ | C4: Обл. НДС Пісок з відсіву дроблення щебеню фр. 0-5мм. Надходження товарів і послуг ІБ00-002222 від 14.05.2025 11:00:00 Генплан благоустрій (Глобине) | D4: Обл. НДС Пісок з відсіву дроблення щебеню фр. 0-5мм. Надходження товарів і послуг ІБ00-002222 від 14.05.2025 11:00:00 Генплан дорога СПК (Глобине) | E4: 205 | F4: 1871.83 | H4: 205 | K4: Д | L4: 8601.08
A5: 18.06.2025 | B5: Переміщення товарів ІБ00-000563 від 18.06.2025 10:08:38 Перемещение ТМЦ | C5: Обл. НДС Пісок з відсіву дроблення щебеню фр. 0-5мм. Надходження товарів і послуг ІБ00-002305 від 19.05.2025 11:00:00 Генплан благоустрій (Глобине) | D5: Обл. НДС Пісок з відсіву дроблення щебеню фр. 0-5мм. Надходження товарів і послуг ІБ00-002305 від 19.05.2025 11:00:00 Генплан дорога СПК (Глобине) | E5: 205 | F5: 7555.17 | H5: 205 | K5: Д | L5: 16156.25
A6: 18.06.2025 | B6: Переміщення товарів ІБ00-000563 від 18.06.2025 10:08:38 Перемещение ТМЦ | C6: Обл. НДС Пісок з відсіву дроблення щебеню фр. 0-5мм. Надходження товарів і послуг ІБ00-002508 від 21.05.2025 11:00:00 Генплан благоустрій (Глобине) | D6: Обл. НДС Пісок з відсіву дроблення щебеню фр. 0-5мм. Надходження товарів і послуг ІБ00-002508 від 21.05.2025 11:00:00 Генплан дорога СПК (Глобине) | E6: 205 | F6: 7991.5 | H6: 205 | K6: Д | L6: 24147.75
A7: 18.06.2025 | B7: Переміщення товарів ІБ00-000563 від 18.06.2025 10:08:38 Перемещение ТМЦ | C7: Обл. НДС Пісок з відсіву дроблення щебеню фр. 0-5мм. Надходження товарів і послуг ІБ00-002716 від 22.05.2025 11:00:00 Генплан благоустрій (Глобине) | D7: Обл. НДС Пісок з відсіву дроблення щебеню фр. 0-5мм. Надходження товарів і послуг ІБ00-002716 від 22.05.2025 11:00:00 Генплан дорога СПК (Глобине) | E7: 205 | F7: 1904.83 | H7: 205 | K7: Д | L7: 26052.58
A8: 18.06.2025 | B8: Переміщення товарів ІБ00-000563 від 18.06.2025 10:08:38 Перемещение ТМЦ | C8: Обл. НДС Пісок з відсіву дроблення щебеню фр. 0-5мм. Надходження товарів і послуг ІБ00-002712 від 28.05.2025 11:00:00 Генплан благоустрій (Глобине) | D8: Обл. НДС Пісок з відсіву дроблення щебеню фр. 0-5мм. Надходження товарів і послуг ІБ00-002712 від 28.05.2025 11:00:00 Генплан дорога СПК (Глобине) | E8: 205 | F8: 5985.84 | H8: 205 | K8: Д | L8: 32038.42
A9: 18.06.2025 | B9: Переміщення товарів ІБ00-000563 від 18.06.2025 10:08:38 Перемещение ТМЦ | C9: Обл. НДС Пісок з відсіву дроблення щебеню фр. 0-5мм. Надходження товарів і послуг ІБ00-002713 від 29.05.2025 11:00:00 Генплан благоустрій (Глобине) | D9: Обл. НДС Пісок з відсіву дроблення щебеню фр. 0-5мм. Надходження товарів і послуг ІБ00-002713 від 29.05.2025 11:00:00 Генплан дорога СПК (Глобине) | E9: 205 | F9: 7921.83 | H9: 205 | K9: Д | L9: 39960.25
A10: 18.06.2025 | B10: Переміщення товарів ІБ00-000563 від 18.06.2025 10:08:38 Перемещение ТМЦ | C10: Обл. НДС Пісок з відсіву дроблення щебеню фр. 0-5мм. Надходження товарів і послуг ІБ00-002715 від 30.05.2025 11:00:00 Генплан благоустрій (Глобине) | D10: Обл. НДС Пісок з відсіву дроблення щебеню фр. 0-5мм. Надходження товарів і послуг ІБ00-002715 від 30.05.2025 11:00:00 Генплан дорога СПК (Глобине) | E10: 205 | F10: 932.89 | H10: 205 | K10: Д | L10: 40893.14
A11: 18.06.2025 | B11: Переміщення товарів ІБ00-000563 від 18.06.2025 10:08:38 Перемещение ТМЦ | C11: Обл. НДС Щебенево-піщана суміш фр 0-70 мм Надходження товарів і послуг ІБ00-002716 від 22.05.2025 11:00:00 Генплан благоустрій (Глобине) | D11: Обл. НДС Щебенево-піщана суміш фр 0-70 мм Надходження товарів і послуг ІБ00-002716 від 22.05.2025 11:00:00 Генплан дорога СПК (Глобине) | E11: 205 | F11: 5738.67 | H11: 205 | K11: Д | L11: 46631.81
A12: 18.06.2025 | B12: Переміщення товарів ІБ00-000563 від 18.06.2025 10:08:38 Перемещение ТМЦ | C12: Обл. НДС Щебенево-піщана суміш фр 0-70 мм Надходження товарів і послуг ІБ00-002708 від 26.05.2025 11:00:00 Генплан благоустрій (Глобине) | D12: Обл. НДС Щебенево-піщана суміш фр 0-70 мм Надходження товарів і послуг ІБ00-002708 від 26.05.2025 11:00:00 Генплан дорога СПК (Глобине) | E12: 205 | F12: 5941.33 | H12: 205 | K12: Д | L12: 52573.14
A13: 18.06.2025 | B13: Переміщення товарів ІБ00-000563 від 18.06.2025 10:08:38 Перемещение ТМЦ | C13: Обл. НДС Щебнево-пісчана суміш фр.0-70 мм Надходження товарів і послуг ІБ00-002633 від 24.05.2025 11:00:00 Генплан благоустрій (Глобине) | D13: Обл. НДС Щебнево-пісчана суміш фр.0-70 мм Надходження товарів і послуг ІБ00-002633 від 24.05.2025 11:00:00 Генплан дорога СПК (Глобине) | E13: 205 | F13: 11621.33 | H13: 205 | K13: Д | L13: 64194.47
A14: 18.06.2025 | B14: Переміщення товарів ІБ00-000563 від 18.06.2025 10:08:38 Перемещение ТМЦ | C14: Обл. НДС Геотекстиль термоскріплений F-50 300г/м.кв (шир. 5 м) Надходження товарів і послуг ІБ00-000821 від 03.03.2025 18:09:02 Генплан благоустрій (Глобине) | D14: Обл. НДС Геотекстиль термоскріплений F-50 300г/м.кв (шир. 5 м) Надходження товарів і послуг ІБ00-000821 від 03.03.2025 18:09:02 Генплан дорога СПК (Глобине) | E14: 205 | F14: 115686.08 | H14: 205 | K14: Д | L14: 179880.55
... A18: 18.06.2025 | B18: Переміщення товарів ІБ00-000564 від 18.06.2025 18:22:45 Перемещение ТМЦ | C18: Обл. НДС Щебенево-піщана суміш фр 0-70 мм Надходження товарів і послуг ІБ00-002968 від 01.06.2025 11:00:00 Генплан благоустрій (Глобине) | D18: Обл. НДС Щебенево-піщана суміш фр 0-70 мм Надходження товарів і послуг ІБ00-002968 від 01.06.2025 11:00:00 СПК (Глобине) | E18: 205 | F18: 12147 | H18: 205 | K18: Д | L18: 280193.72
A19: 19.06.2025 | B19: Вимога-накладна ІБ00-000453 від 19.06.2025 10:04:50 Списаны ТМЦ | C19: Обл. НДС Виробничий (Глобине-2) Глобине-2 Прямі материальні виробничі витрати крім зворотніх відходів | D19: Обл. НДС Пісок з відсіву дроблення щебеню фр. 0-5мм. Надходження товарів і послуг ІБ00-002156 від 09.05.2025 11:00:00 Генплан благоустрій (Глобине) | E19: 231 | H19: 205 | I19: 6729.25 | K19: Д | L19: 273464.47
A20: 19.06.2025 | B20: Вимога-накладна ІБ00-000453 від 19.06.2025 10:04:50 Списаны ТМЦ | C20: Обл. НДС Виробничий (Глобине-2) Глобине-2 Прямі материальні виробничі витрати крім зворотніх відходів | D20: Обл. НДС Пісок з відсіву дроблення щебеню фр. 0-5мм. Надходження товарів і послуг ІБ00-002222 від 14.05.2025 11:00:00 Генплан благоустрій (Глобине) | E20: 231 | H20: 205 | I20: 1871.83 | K20: Д | L20: 271592.64
A21: 19.06.2025 | B21: Вимога-накладна ІБ00-000453 від 19.06.2025 10:04:50 Списаны ТМЦ | C21: Обл. НДС Виробничий (Глобине-2) Глобине-2 Прямі материальні виробничі витрати крім зворотніх відходів | D21: Обл. НДС Пісок з відсіву дроблення щебеню фр. 0-5мм. Надходження товарів і послуг ІБ00-002305 від 19.05.2025 11:00:00 Генплан благоустрій (Глобине) | E21: 231 | H21: 205 | I21: 7555.17 | K21: Д | L21: 264037.47
A22: 19.06.2025 | B22: Вимога-накладна ІБ00-000453 від 19.06.2025 10:04:50 Списаны ТМЦ | C22: Обл. НДС Виробничий (Глобине-2) Глобине-2 Прямі материальні виробничі витрати крім зворотніх відходів | D22: Обл. НДС Пісок з відсіву дроблення щебеню фр. 0-5мм. Надходження товарів і послуг ІБ00-002508 від 21.05.2025 11:00:00 Генплан благоустрій (Глобине) | E22: 231 | H22: 205 | I22: 7991.5 | K22: Д | L22: 256045.97
A23: 19.06.2025 | B23: Вимога-накладна ІБ00-000453 від 19.06.2025 10:04:50 Списаны ТМЦ | C23: Обл. НДС Виробничий (Глобине-2) Глобине-2 Прямі материальні виробничі витрати крім зворотніх відходів | D23: Обл. НДС Пісок з відсіву дроблення щебеню фр. 0-5мм. Надходження товарів і послуг ІБ00-002716 від 22.05.2025 11:00:00 Генплан благоустрій (Глобине) | E23: 231 | H23: 205 | I23: 1904.83 | K23: Д | L23: 254141.14
A24: 19.06.2025 | B24: Вимога-накладна ІБ00-000453 від 19.06.2025 10:04:50 Списаны ТМЦ | C24: Обл. НДС Виробничий (Глобине-2) Глобине-2 Прямі материальні виробничі витрати крім зворотніх відходів | D24: Обл. НДС Пісок з відсіву дроблення щебеню фр. 0-5мм. Надходження товарів і послуг ІБ00-002712 від 28.05.2025 11:00:00 Генплан благоустрій (Глобине) | E24: 231 | H24: 205 | I24: 5985.84 | K24: Д | L24: 248155.3
A25: 19.06.2025 | B25: Вимога-накладна ІБ00-000453 від 19.06.2025 10:04:50 Списаны ТМЦ | C25: Обл. НДС Виробничий (Глобине-2) Глобине-2 Прямі материальні виробничі витрати крім зворотніх відходів | D25: Обл. НДС Пісок з відсіву дроблення щебеню фр. 0-5мм. Надходження товарів і послуг ІБ00-002713 від 29.05.2025 11:00:00 Генплан благоустрій (Глобине) | E25: 231 | H25: 205 | I25: 7921.83 | K25: Д | L25: 240233.47
A26: 19.06.2025 | B26: Вимога-накладна ІБ00-000453 від 19.06.2025 10:04:50 Списаны ТМЦ | C26: Обл. НДС Виробничий (Глобине-2) Глобине-2 Прямі материальні виробничі витрати крім зворотніх відходів | D26: Обл. НДС Пісок з відсіву дроблення щебеню фр. 0-5мм. Надходження товарів і послуг ІБ00-002715 від 30.05.2025 11:00:00 Генплан благоустрій (Глобине) | E26: 231 | H26: 205 | I26: 932.89 | K26: Д | L26: 239300.58
A27: 19.06.2025 | B27: Вимога-накладна ІБ00-000453 від 19.06.2025 10:04:50 Списаны ТМЦ | C27: Обл. НДС Виробничий (Глобине-2) Глобине-2 Прямі материальні виробничі витрати крім зворотніх відходів | D27: Обл. НДС Щебенево-піщана суміш фр 0-70 мм Надходження товарів і послуг ІБ00-001691 від 14.04.2025 11:04:21 Генплан благоустрій (Глобине) | E27: 231 | H27: 205 | I27: 13739.33 | K27: Д | L27: 225561.25
A28: 19.06.2025 | B28: Вимога-накладна ІБ00-000453 від 19.06.2025 10:04:50 Списаны ТМЦ | C28: Обл. НДС Виробничий (Глобине-2) Глобине-2 Прямі материальні виробничі витрати крім зворотніх відходів | D28: Обл. НДС Щебенево-піщана суміш фр 0-70 мм Надходження товарів і послуг ІБ00-001691 від 14.04.2025 11:04:21 Генплан благоустрій (Глобине) | E28: 231 | H28: 205 | I28: 13270.67 | K28: Д | L28: 212290.58
A29: 19.06.2025 | B29: Вимога-накладна ІБ00-000453 від 19.06.2025 10:04:50 Списаны ТМЦ | C29: Обл. НДС Виробничий (Глобине-2) Глобине-2 Прямі материальні виробничі витрати крім зворотніх відходів | D29: Обл. НДС Щебнево-пісчана суміш фр.0-70 мм Надходження товарів і послуг ІБ00-002633 від 24.05.2025 11:00:00 Генплан благоустрій (Глобине) | E29: 231 | H29: 205 | I29: 11621.33 | K29: Д | L29: 200669.25
A30: 19.06.2025 | B30: Вимога-накладна ІБ00-000453 від 19.06.2025 10:04:50 Списаны ТМЦ | C30: Обл. НДС Виробничий (Глобине-2) Глобине-2 Прямі материальні виробничі витрати крім зворотніх відходів | D30: Обл. НДС Щебенево-піщана суміш фр 0-70 мм Надходження товарів і послуг ІБ00-001691 від 14.04.2025 11:04:21 Генплан благоустрій (Глобине) | E30: 231 | H30: 205 | I30: 48883.17 | K30: Д | L30: 151786.08
... A37: 19.06.2025 | B37: Вимога-накладна ІБ00-000453 від 19.06.2025 10:04:50 Списаны ТМЦ | C37: Обл. НДС Виробничий (Глобине-2) Глобине-2 Прямі материальні виробничі витрати крім зворотніх відходів | D37: Обл. НДС Щебенево-піщана суміш фр 0-70 мм Надходження товарів і послуг ІБ00-002968 від 01.06.2025 11:00:00 Генплан благоустрій (Глобине) | E37: 231 | H37: 205 | I37: 6444 | K37: Д | L37: 115686.08
A38: 19.06.2025 | B38: Вимога-накладна ІБ00-000453 від 19.06.2025 10:04:50 Списаны ТМЦ | C38: Обл. НДС Виробничий (Глобине-2) Глобине-2 Прямі материальні виробничі витрати крім зворотніх відходів | D38: Обл. НДС Геотекстиль термоскріплений F-50 300г/м.кв (шир. 5 м) Надходження товарів і послуг ІБ00-000821 від 03.03.2025 18:09:02 Генплан благоустрій (Глобине) | E38: 231 | H38: 205 | I38: 115686.08
A39: Обороти за період та сальдо на кінець | E39: 280193.72 | H39: 280193.72 | L39: 0
J41: =SUBTOTAL(9,I19:J38) -> 280193.72

Sheet Генплан дорога СПК
A1: Період | B1: Документ | C1: Аналітика Дт | D1: Аналітика Кт | E1: Дебет | H1: Кредит | K1: Поточне сальдо
E2: Рахунок | H2: Рахунок
A3: 18.06.2025 | B3: Переміщення товарів ІБ00-000563 від 18.06.2025 10:08:38 Перемещение ТМЦ | C3: Обл. НДС Пісок з відсіву дроблення щебеню фр. 0-5мм. Надходження товарів і послуг ІБ00-002156 від 09.05.2025 11:00:00 Генплан благоустрій (Глобине) | D3: Обл. НДС Пісок з відсіву дроблення щебеню фр. 0-5мм. Надходження товарів і послуг ІБ00-002156 від 09.05.2025 11:00:00 Генплан дорога СПК (Глобине) | E3: 205 | H3: 205 | I3: 6729.25 | K3: Д | L3: 191125.34
A4: 18.06.2025 | B4: Переміщення товарів ІБ00-000563 від 18.06.2025 10:08:38 Перемещение ТМЦ | C4: Обл. НДС Пісок з відсіву дроблення щебеню фр. 0-5мм. Надходження товарів і послуг ІБ00-002222 від 14.05.2025 11:00:00 Генплан благоустрій (Глобине) | D4: Обл. НДС Пісок з відсіву дроблення щебеню фр. 0-5мм. Надходження товарів і послуг ІБ00-002222 від 14.05.2025 11:00:00 Генплан дорога СПК (Глобине) | E4: 205 | H4: 205 | I4: 1871.83 | K4: Д | L4: 189253.51
A5: 18.06.2025 | B5: Переміщення товарів ІБ00-000563 від 18.06.2025 10:08:38 Перемещение ТМЦ | C5: Обл. НДС Пісок з відсіву дроблення щебеню фр. 0-5мм. Надходження товарів і послуг ІБ00-002305 від 19.05.2025 11:00:00 Генплан благоустрій (Глобине) | D5: Обл. НДС Пісок з відсіву дроблення щебеню фр. 0-5мм. Надходження товарів і послуг ІБ00-002305 від 19.05.2025 11:00:00 Генплан дорога СПК (Глобине) | E5: 205 | H5: 205 | I5: 7555.17 | K5: Д | L5: 181698.34
A6: 18.06.2025 | B6: Переміщення товарів ІБ00-000563 від 18.06.2025 10:08:38 Перемещение ТМЦ | C6: Обл. НДС Пісок з відсіву дроблення щебеню фр. 0-5мм. Надходження товарів і послуг ІБ00-002508 від 21.05.2025 11:00:00 Генплан благоустрій (Глобине) | D6: Обл. НДС Пісок з відсіву дроблення щебеню фр. 0-5мм. Надходження товарів і послуг ІБ00-002508 від 21.05.2025 11:00:00 Генплан дорога СПК (Глобине) | E6: 205 | H6: 205 | I6: 7991.5 | K6: Д | L6: 173706.84
A7: 18.06.2025 | B7: Переміщення товарів ІБ00-000563 від 18.06.2025 10:08:38 Перемещение ТМЦ | C7: Обл. НДС Пісок з відсіву дроблення щебеню фр. 0-5мм. Надходження товарів і послуг ІБ00-002716 від 22.05.2025 11:00:00 Генплан благоустрій (Глобине) | D7: Обл. НДС Пісок з відсіву дроблення щебеню фр. 0-5мм. Надходження товарів і послуг ІБ00-002716 від 22.05.2025 11:00:00 Генплан дорога СПК (Глобине) | E7: 205 | H7: 205 | I7: 1904.83 | K7: Д | L7: 171802.01
A8: 18.06.2025 | B8: Переміщення товарів ІБ00-000563 від 18.06.2025 10:08:38 Перемещение ТМЦ | C8: Обл. НДС Пісок з відсіву дроблення щебеню фр. 0-5мм. Надходження товарів і послуг ІБ00-002712 від 28.05.2025 11:00:00 Генплан благоустрій (Глобине) | D8: Обл. НДС Пісок з відсіву дроблення щебеню фр. 0-5мм. Надходження товарів і послуг ІБ00-002712 від 28.05.2025 11:00:00 Генплан дорога СПК (Глобине) | E8: 205 | H8: 205 | I8: 5985.84 | K8: Д | L8: 165816.17
A9: 18.06.2025 | B9: Переміщення товарів ІБ00-000563 від 18.06.2025 10:08:38 Перемещение ТМЦ | C9: Обл. НДС Пісок з відсіву дроблення щебеню фр. 0-5мм. Надходження товарів і послуг ІБ00-002713 від 29.05.2025 11:00:00 Генплан благоустрій (Глобине) | D9: Обл. НДС Пісок з відсіву дроблення щебеню фр. 0-5мм. Надходження товарів і послуг ІБ00-002713 від 29.05.2025 11:00:00 Генплан дорога СПК (Глобине) | E9: 205 | H9: 205 | I9: 7921.83 | K9: Д | L9: 157894.34
A10: 18.06.2025 | B10: Переміщення товарів ІБ00-000563 від 18.06.2025 10:08:38 Перемещение ТМЦ | C10: Обл. НДС Пісок з відсіву дроблення щебеню фр. 0-5мм. Надходження товарів і послуг ІБ00-002715 від 30.05.2025 11:00:00 Генплан благоустрій (Глобине) | D10: Обл. НДС Пісок з відсіву дроблення щебеню фр. 0-5мм. Надходження товарів і послуг ІБ00-002715 від 30.05.2025 11:00:00 Генплан дорога СПК (Глобине) | E10: 205 | H10: 205 | I10: 932.89 | K10: Д | L10: 156961.45
A11: 18.06.2025 | B11: Переміщення товарів ІБ00-000563 від 18.06.2025 10:08:38 Перемещение ТМЦ | C11: Обл. НДС Щебенево-піщана суміш фр 0-70 мм Надходження товарів і послуг ІБ00-002716 від 22.05.2025 11:00:00 Генплан благоустрій (Глобине) | D11: Обл. НДС Щебенево-піщана суміш фр 0-70 мм Надходження товарів і послуг ІБ00-002716 від 22.05.2025 11:00:00 Генплан дорога СПК (Глобине) | E11: 205 | H11: 205 | I11: 5738.67 | K11: Д | L11: 151222.78
A12: 18.06.2025 | B12: Переміщення товарів ІБ00-000563 від 18.06.2025 10:08:38 Перемещение ТМЦ | C12: Обл. НДС Щебенево-піщана суміш фр 0-70 мм Надходження товарів і послуг ІБ00-002708 від 26.05.2025 11:00:00 Генплан благоустрій (Глобине) | D12: Обл. НДС Щебенево-піщана суміш фр 0-70 мм Надходження товарів і послуг ІБ00-002708 від 26.05.2025 11:00:00 Генплан дорога СПК (Глобине) | E12: 205 | H12: 205 | I12: 5941.33 | K12: Д | L12: 145281.45
A13: 18.06.2025 | B13: Переміщення товарів ІБ00-000563 від 18.06.2025 10:08:38 Перемещение ТМЦ | C13: Обл. НДС Щебнево-пісчана суміш фр.0-70 мм Надходження товарів і послуг ІБ00-002633 від 24.05.2025 11:00:00 Генплан благоустрій (Глобине) | D13: Обл. НДС Щебнево-пісчана суміш фр.0-70 мм Надходження товарів і послуг ІБ00-002633 від 24.05.2025 11:00:00 Генплан дорога СПК (Глобине) | E13: 205 | H13: 205 | I13: 11621.33 | K13: Д | L13: 133660.12
A14: 18.06.2025 | B14: Переміщення товарів ІБ00-000563 від 18.06.2025 10:08:38 Перемещение ТМЦ | C14: Обл. НДС Геотекстиль термоскріплений F-50 300г/м.кв (шир. 5 м) Надходження товарів і послуг ІБ00-000821 від 03.03.2025 18:09:02 Генплан благоустрій (Глобине) | D14: Обл. НДС Геотекстиль термоскріплений F-50 300г/м.кв (шир. 5 м) Надходження товарів і послуг ІБ00-000821 від 03.03.2025 18:09:02 Генплан дорога СПК (Глобине) | E14: 205 | H14: 205 | I14: 115686.08 | K14: Д | L14: 17974.04
A15: 23.06.2025 | B15: Надходження товарів і послуг ІБ00-003559 від 23.06.2025 11:00:00 Оприходованы ТМЦ | C15: Обл. НДС Щебнево-пісчана суміш фр.0-70 мм Надходження товарів і послуг ІБ00-003559 від 23.06.2025 11:00:00 Генплан дорога СПК (Глобине) | D15: Венкрас Авто ПП Договір 05/09/2024 від 05.09.2024_Глобине-2 Рахунок на оплату постачальника ІБ00-002919 від 23.06.2025 18:22:22 | E15: 205 | F15: 10296 | H15: 631 | K15: Д | L15: 28270.04
A16: 23.06.2025 | B16: Надходження дод. витрат ІБ00-000424 від 23.06.2025 11:10:00 Доп. расходы при поступлении товаров | C16: Обл. НДС Щебнево-пісчана суміш фр.0-70 мм Надходження товарів і послуг ІБ00-003559 від 23.06.2025 11:00:00 Генплан дорога СПК (Глобине) | D16: Венкрас Авто ПП Договір 05/09/2024 від 05.09.2024_Глобине-2 Рахунок на оплату постачальника ІБ00-002919 від 23.06.2025 18:22:22 | E16: 205 | F16: 10868 | H16: 631 | K16: Д | L16: 39138.04
A17: 24.06.2025 | B17: Надходження товарів і послуг ІБ00-003239 від 24.06.2025 11:00:00 Оприходованы ТМЦ | C17: Обл. НДС Щебнево-пісчана суміш фр.0-70 мм Надходження товарів і послуг ІБ00-003239 від 24.06.2025 11:00:00 Генплан дорога СПК (Глобине) | D17: Венкрас Авто ПП Договір 05/09/2024 від 05.09.2024_Глобине-2 Рахунок на оплату постачальника ІБ00-002704 від 24.06.2025 18:10:24 | E17: 205 | F17: 6177 | H17: 631 | K17: Д | L17: 45315.04
A18: 24.06.2025 | B18: Переміщення товарів ІБ00-000625 від 24.06.2025 11:15:00 Перемещение ТМЦ | C18: Обл. НДС Щебенево-піщана суміш фр 0-70 мм Надходження товарів і послуг ІБ00-003420 від 24.06.2025 11:00:00 Генплан дорога СПК (Глобине) | D18: Обл. НДС Щебенево-піщана суміш фр 0-70 мм Надходження товарів і послуг ІБ00-003420 від 24.06.2025 11:00:00 Глобине-2 | E18: 205 | F18: 23252.73 | H18: 205 | K18: Д | L18: 68567.77
A19: Обороти за період та сальдо на кінець | E19: 50593.73 | H19: 0 | K19: Д | L19: 68567.77
J22: 0

Sheet Генплан підпірна стінка
A1: Період | B1: Документ | C1: Аналітика Дт | D1: Аналітика Кт | E1: Дебет | H1: Кредит | K1: Поточне сальдо
E2: Рахунок | H2: Рахунок
A3: 01.06.2025 | B3: Переміщення товарів ІБ00-000541 від 01.06.2025 23:13:45 Перемещение ТМЦ | C3: Обл. НДС Бетон С20/25 W6 F75 P4 Надходження товарів і послуг ІБ00-002293 від 17.05.2025 11:00:00 Цех екстракції (Глобине) | D3: Обл. НДС Бетон С20/25 W6 F75 P4 Надходження товарів і послуг ІБ00-002293 від 17.05.2025 11:00:00 Генплан підпірна стінка (Глобине) | E3: 205 | H3: 205 | I3: 1495.18 | K3: Д | L3: 95462.4
A4: 01.06.2025 | B4: Переміщення товарів ІБ00-000542 від 01.06.2025 23:13:46 Перемещение ТМЦ | C4: Обл. НДС Цемент ПЦ ІІ/А-Ш 500 25кг 1пал/64шт Надходження товарів і послуг ІБ00-002038 від 01.04.2025 11:00:00 Транспортна галерея (Глобине) | D4: Обл. НДС Цемент ПЦ ІІ/А-Ш 500 25кг 1пал/64шт Надходження товарів і послуг ІБ00-002038 від 01.04.2025 11:00:00 Генплан підпірна стінка (Глобине) | E4: 205 | H4: 205 | I4: 4676.1 | K4: Д | L4: 90786.3
A5: 01.06.2025 | B5: Переміщення товарів ІБ00-000542 від 01.06.2025 23:13:46 Перемещение ТМЦ | C5: Обл. НДС Цемент ПЦ ІІ/А-Ш 500 25кг 1пал/64шт Надходження товарів і послуг ІБ00-002038 від 01.04.2025 11:00:00 Транспортна галерея (Глобине) | D5: Обл. НДС Цемент ПЦ ІІ/А-Ш 500 25кг 1пал/64шт Надходження товарів і послуг ІБ00-002038 від 01.04.2025 11:00:00 Генплан підпірна стінка (Глобине) | E5: 205 | H5: 205 | I5: 2413.95 | K5: Д | L5: 88372.35
A6: 01.06.2025 | B6: Переміщення товарів ІБ00-000542 від 01.06.2025 23:13:46 Перемещение ТМЦ | C6: Обл. НДС Цемент ПЦ ІІ/А-Ш 500 25кг 1пал/64шт Надходження товарів і послуг ІБ00-002038 від 01.04.2025 11:00:00 Транспортна галерея (Глобине) | D6: Обл. НДС Цемент ПЦ ІІ/А-Ш 500 25кг 1пал/64шт Надходження товарів і послуг ІБ00-002038 від 01.04.2025 11:00:00 Генплан підпірна стінка (Глобине) | E6: 205 | H6: 205 | I6: 3111.9 | K6: Д | L6: 85260.45
A7: 12.06.2025 | B7: Переміщення товарів ІБ00-000559 від 12.06.2025 10:26:04 Перемещение ТМЦ | C7: Обл. НДС Бетон С 30/35 W4 F75 Р4 Надходження товарів і послуг ІБ00-001961 від 30.04.2025 11:00:00 СПК (Глобине) | D7: Обл. НДС Бетон С 30/35 W4 F75 Р4 Надходження товарів і послуг ІБ00-001961 від 30.04.2025 11:00:00 Генплан підпірна стінка (Глобине) | E7: 205 | H7: 205 | I7: 11827.73 | K7: Д | L7: 73432.72
A8: 18.06.2025 | B8: Переміщення товарів ІБ00-000565 від 18.06.2025 10:11:53 Перемещение ТМЦ | C8: Обл. НДС Щебенево-піщана суміш фр 0-70 мм Надходження товарів і послуг ІБ00-001691 від 14.04.2025 11:04:21 Генплан благоустрій (Глобине) | D8: Обл. НДС Щебенево-піщана суміш фр 0-70 мм Надходження товарів і послуг ІБ00-001691 від 14.04.2025 11:04:21 Генплан підпірна стінка (Глобине) | E8: 205 | H8: 205 | I8: 62647.17 | K8: Д | L8: 10785.55
A9: Обороти за період та сальдо на кінець | E9: 0 | H9: 0 | K9: Д | L9: 10785.55
J11: 0

Sheet Глобине-2
A1: Період | B1: Документ | C1: Аналітика Дт | D1: Аналітика Кт | E1: Дебет | H1: Кредит | K1: Поточне сальдо
E2: Рахунок | H2: Рахунок
A3: 01.06.2025 | B3: Надходження товарів і послуг ІБ00-002831 від 01.06.2025 11:00:00 Оприходованы ТМЦ | C3: Обл. НДС Труба 80х80х4 мм ст 1-3пс, 12 м Надходження товарів і послуг ІБ00-002831 від 01.06.2025 11:00:00 Глобине-2 | D3: МЕТІНВЕСТ-СМЦ ТОВ №1778403/01/2023-С от 11.01.2023 РАХУНКИ_Глобино-2 Рахунок на оплату постачальника ІБ00-002203 від 27.05.2025 18:43:24 | E3: 205 | F3: 29952 | H3: 631 | K3: Д | L3: 440494.09
A4: 01.06.2025 | B4: Надходження товарів і послуг ІБ00-002831 від 01.06.2025 11:00:00 Оприходованы ТМЦ | C4: Обл. НДС Труба профільна 100*100*4 L=12000 мм ст1-3 сп/пс Надходження товарів і послуг ІБ00-002831 від 01.06.2025 11:00:00 Глобине-2 | D4: МЕТІНВЕСТ-СМЦ ТОВ №1778403/01/2023-С от 11.01.2023 РАХУНКИ_Глобино-2 Рахунок на оплату постачальника ІБ00-002203 від 27.05.2025 18:43:24 | E4: 205 | F4: 43156.76 | H4: 631 | K4: Д | L4: 483650.85
A5: 01.06.2025 | B5: Надходження товарів і послуг ІБ00-003563 від 01.06.2025 11:00:00 Оприходованы ТМЦ | C5: Обл. НДС Кисень газ 40л бал., 2.2 (5.1) Надходження товарів і послуг ІБ00-003563 від 01.06.2025 11:00:00 Глобине-2 | D5: Терещенко Т.В. ФОП Договір 02/01/2025 від 02.01.2025_Глобине-2 Рахунок на оплату постачальника ІБ00-002340 від 01.06.2025 23:13:21 | E5: 205 | F5: 6000 | H5: 631 | K5: Д | L5: 489650.85
A6: 01.06.2025 | B6: Переміщення товарів ІБ00-000531 від 01.06.2025 11:10:00 Перемещение ТМЦ | C6: Обл. НДС Труба 80х80х4 мм ст 1-3пс, 12 м Надходження товарів і послуг ІБ00-002831 від 01.06.2025 11:00:00 Котельна (Глобине) | D6: Обл. НДС Труба 80х80х4 мм ст 1-3пс, 12 м Надходження товарів і послуг ІБ00-002831 від 01.06.2025 11:00:00 Глобине-2 | E6: 205 | H6: 205 | I6: 9984 | K6: Д | L6: 479666.85
A7: 01.06.2025 | B7: Переміщення товарів ІБ00-000532 від 01.06.2025 11:10:00 Перемещение ТМЦ | C7: Обл. НДС Труба 80х80х4 мм ст 1-3пс, 12 м Надходження товарів і послуг ІБ00-002831 від 01.06.2025 11:00:00 Генплан митний склад (Глобине) | D7: Обл. НДС Труба 80х80х4 мм ст 1-3пс, 12 м Надходження товарів і послуг ІБ00-002831 від 01.06.2025 11:00:00 Глобине-2 | E7: 205 | H7: 205 | I7: 13478.4 | K7: Д | L7: 466188.45
A8: 01.06.2025 | B8: Переміщення товарів ІБ00-000533 від 01.06.2025 11:10:00 Перемещение ТМЦ | C8: Обл. НДС Труба профільна 100*100*4 L=12000 мм ст1-3 сп/пс Надходження товарів і послуг ІБ00-002831 від 01.06.2025 11:00:00 Резервуарний парк соєвої меляси (Глобине) | D8: Обл. НДС Труба профільна 100*100*4 L=12000 мм ст1-3 сп/пс Надходження товарів і послуг ІБ00-002831 від 01.06.2025 11:00:00 Глобине-2 | E8: 205 | H8: 205 | I8: 17389.17 | K8: Д | L8: 448799.28
A9: 01.06.2025 | B9: Переміщення товарів ІБ00-000534 від 01.06.2025 11:10:00 Перемещение ТМЦ | C9: Обл. НДС Труба 80х80х4 мм ст 1-3пс, 12 м Надходження товарів і послуг ІБ00-002831 від 01.06.2025 11:00:00 Резервуарний парк соєвої меляси (Глобине) | D9: Обл. НДС Труба 80х80х4 мм ст 1-3пс, 12 м Надходження товарів і послуг ІБ00-002831 від 01.06.2025 11:00:00 Глобине-2 | E9: 205 | H9: 205 | I9: 6489.6 | K9: Д | L9: 442309.68
A10: 01.06.2025 | B10: Переміщення товарів ІБ00-000535 від 01.06.2025 11:10:00 Перемещение ТМЦ | C10: Обл. НДС Труба профільна 100*100*4 L=12000 мм ст1-3 сп/пс Надходження товарів і послуг ІБ00-002831 від 01.06.2025 11:00:00 Резервуарний парк соєвої меляси (Глобине) | D10: Обл. НДС Труба профільна 100*100*4 L=12000 мм ст1-3 сп/пс Надходження товарів і послуг ІБ00-002831 від 01.06.2025 11:00:00 Глобине-2 | E10: 205 | H10: 205 | I10: 25767.59 | K10: Д | L10: 416542.09
A11: 04.06.2025 | B11: Авансовий звіт ІБ00-000132 від 04.06.2025 17:31:19 Оприходованы ТМЦ | C11: Обл. НДС Пістолет для герметика Авансовий звіт ІБ00-000132 від 04.06.2025 17:31:19 Глобине-2 | D11: Штиченко Олександр Володимирович | E11: 205 | F11: 610 | H11: 3721 | K11: Д | L11: 417152.09
A12: 04.06.2025 | B12: Авансовий звіт ІБ00-000132 від 04.06.2025 17:31:19 Оприходованы ТМЦ | C12: Обл. НДС Дюбель "потай" 6*60 100шт/уп Авансовий звіт ІБ00-000132 від 04.06.2025 17:31:19 Глобине-2 | D12: Штиченко Олександр Володимирович | E12: 205 | F12: 70 | H12: 3721 | K12: Д | L12: 417222.09
A13: 04.06.2025 | B13: Авансовий звіт ІБ00-000132 від 04.06.2025 17:31:19 Оприходованы ТМЦ | C13: Обл. НДС Бур SDS Plus 6*210 Авансовий звіт ІБ00-000132 від 04.06.2025 17:31:19 Глобине-2 | D13: Штиченко Олександр Володимирович | E13: 205 | F13: 68 | H13: 3721 | K13: Д | L13: 417290.09
A14: 04.06.2025 | B14: Авансовий звіт ІБ00-000132 від 04.06.2025 17:31:19 Оприходованы ТМЦ | C14: Обл. НДС Круг зачисний по металу 125 Авансовий звіт ІБ00-000132 від 04.06.2025 17:31:19 Глобине-2 | D14: Штиченко Олександр Володимирович | E14: 205 | F14: 165 | H14: 3721 | K14: Д | L14: 417455.09
A15: 04.06.2025 | B15: Авансовий звіт ІБ00-000132 від 04.06.2025 17:31:19 Оприходованы ТМЦ | C15: Обл. НДС Шнур Авансовий звіт ІБ00-000132 від 04.06.2025 17:31:19 Глобине-2 | D15: Штиченко Олександр Володимирович | E15: 205 | F15: 120 | H15: 3721 | K15: Д | L15: 417575.09
A16: 04.06.2025 | B16: Авансовий звіт ІБ00-000132 від 04.06.2025 17:31:19 Оприходованы ТМЦ | C16: Обл. НДС Колесо до тачки *125 Авансовий звіт ІБ00-000132 від 04.06.2025 17:31:19 Глобине-2 | D16: Штиченко Олександр Володимирович | E16: 205 | F16: 662 | H16: 3721 | K16: Д | L16: 418237.09
A17: 04.06.2025 | B17: Авансовий звіт ІБ00-000132 від 04.06.2025 17:31:19 Оприходованы ТМЦ | C17: Обл. НДС Болт М 8*30 Авансовий звіт ІБ00-000132 від 04.06.2025 17:31:19 Глобине-2 | D17: Штиченко Олександр Володимирович | E17: 205 | F17: 24 | H17: 3721 | K17: Д | L17: 418261.09
A18: 04.06.2025 | B18: Авансовий звіт ІБ00-000132 від 04.06.2025 17:31:19 Оприходованы ТМЦ | C18: Обл. НДС Шайба М8 Авансовий звіт ІБ00-000132 від 04.06.2025 17:31:19 Глобине-2 | D18: Штиченко Олександр Володимирович | E18: 205 | F18: 8 | H18: 3721 | K18: Д | L18: 418269.09
A19: 04.06.2025 | B19: Авансовий звіт ІБ00-000132 від 04.06.2025 17:31:19 Оприходованы ТМЦ | C19: Обл. НДС Гайка М 8 Авансовий звіт ІБ00-000132 від 04.06.2025 17:31:19 Глобине-2 | D19: Штиченко Олександр Володимирович | E19: 205 | F19: 6.4 | H19: 3721 | K19: Д | L19: 418275.49
A20: 04.06.2025 | B20: Авансовий звіт ІБ00-000132 від 04.06.2025 17:31:19 Оприходованы ТМЦ | C20: Обл. НДС вироби кріпильні та гвинтонарізні 50 Авансовий звіт ІБ00-000132 від 04.06.2025 17:31:19 Глобине-2 | D20: Штиченко Олександр Володимирович | E20: 205 | F20: 93 | H20: 3721 | K20: Д | L20: 418368.49
A21: 04.06.2025 | B21: Авансовий звіт ІБ00-000132 від 04.06.2025 17:31:19 Оприходованы ТМЦ | C21: Обл. НДС вироби кріпильні та гвинтонарізні 80 Авансовий звіт ІБ00-000132 від 04.06.2025 17:31:19 Глобине-2 | D21: Штиченко Олександр Володимирович | E21: 205 | F21: 61 | H21: 3721 | K21: Д | L21: 418429.49
A22: 04.06.2025 | B22: Авансовий звіт ІБ00-000132 від 04.06.2025 17:31:19 Оприходованы ТМЦ | C22: Обл. НДС вироби кріпильні та гвинтонарізні Авансовий звіт ІБ00-000132 від 04.06.2025 17:31:19 Глобине-2 | D22: Штиченко Олександр Володимирович | E22: 205 | F22: 61 | H22: 3721 | K22: Д | L22: 418490.49
... A29: 06.06.2025 | B29: Надходження товарів і послуг ІБ00-002837 від 06.06.2025 11:00:00 Оприходованы ТМЦ | C29: Обл. НДС Балка ІРЕ 300 міра L=12 S275JR Надходження товарів і послуг ІБ00-002837 від 06.06.2025 11:00:00 Глобине-2 | D29: МЕТІНВЕСТ-СМЦ ТОВ №1778403/01/2023-С от 11.01.2023 РАХУНКИ_Глобино-2 Рахунок на оплату постачальника ІБ00-002371 від 06.06.2025 18:22:56 | E29: 205 | F29: 68999.99 | H29: 631 | K29: Д | L29: 501148.55
A30: 06.06.2025 | B30: Переміщення товарів ІБ00-000536 від 06.06.2025 11:10:00 Перемещение ТМЦ | C30: Обл. НДС Балка ІРЕ 240 міра L=12 S275JR Надходження товарів і послуг ІБ00-002837 від 06.06.2025 11:00:00 Резервуарний парк соєвої меляси (Глобине) | D30: Обл. НДС Балка ІРЕ 240 міра L=12 S275JR Надходження товарів і послуг ІБ00-002837 від 06.06.2025 11:00:00 Глобине-2 | E30: 205 | H30: 205 | I30: 12666.67 | K30: Д | L30: 488481.88
A31: 06.06.2025 | B31: Переміщення товарів ІБ00-000537 від 06.06.2025 11:10:00 Перемещение ТМЦ | C31: Обл. НДС Балка ІРЕ 300 міра L=12 S275JR Надходження товарів і послуг ІБ00-002837 від 06.06.2025 11:00:00 СПК (Глобине) | D31: Обл. НДС Балка ІРЕ 300 міра L=12 S275JR Надходження товарів і послуг ІБ00-002837 від 06.06.2025 11:00:00 Глобине-2 | E31: 205 | H31: 205 | I31: 68999.99 | K31: Д | L31: 419481.89
A32: 09.06.2025 | B32: Повернення товарів постачальнику ІБ00-000019 від 09.06.2025 11:00:00 Возврат ТМЦ (Возврат поставщику. Неоплаченная часть.) | C32: МЕТІНВЕСТ-СМЦ ТОВ №1778403/01/2023-С от 11.01.2023 РАХУНКИ_Глобино-2 Рахунок на оплату постачальника ІБ00-002203 від 27.05.2025 18:43:24 | D32: Обл. НДС Дріт 5,0 мм Вр-1 Надходження товарів і послуг ІБ00-002608 від 23.05.2025 11:00:00 Глобине-2 | E32: 631 | H32: 205 | I32: 121388.32 | K32: Д | L32: 298093.57
A33: 09.06.2025 | B33: Надходження товарів і послуг ІБ00-002806 від 09.06.2025 11:00:00 Оприходованы ТМЦ | C33: Обл. НДС Бетон С20/25 W6 F75 P4 Надходження товарів і послуг ІБ00-002806 від 09.06.2025 11:00:00 Глобине-2 | D33: Кременчуцький річковий порт ПРАТ Договір 112/Б від 15.10.2024_Глобине-2 Надходження товарів і послуг ІБ00-002806 від 09.06.2025 11:00:00 | E33: 205 | F33: 84680 | H33: 631 | K33: Д | L33: 382773.57
A34: 09.06.2025 | B34: Надходження товарів і послуг ІБ00-002854 від 09.06.2025 11:00:00 Оприходованы ТМЦ | C34: Обл. НДС Грунт-емаль ПФ-012 Р сірий (кг) Надходження товарів і послуг ІБ00-002854 від 09.06.2025 11:00:00 Глобине-2 | D34: Синтез ЛКМ РАХУНКИ_Глобино-2 Рахунок на оплату постачальника ІБ00-002407 від 06.06.2025 18:23:07 | E34: 205 | F34: 4458.5 | H34: 631 | K34: Д | L34: 387232.07
A35: 09.06.2025 | B35: Надходження товарів і послуг ІБ00-002854 від 09.06.2025 11:00:00 Оприходованы ТМЦ | C35: Обл. НДС Грунт ГФ-021 сірий Надходження товарів і послуг ІБ00-002854 від 09.06.2025 11:00:00 Глобине-2 | D35: Синтез ЛКМ РАХУНКИ_Глобино-2 Рахунок на оплату постачальника ІБ00-002407 від 06.06.2025 18:23:07 | E35: 205 | F35: 12000 | H35: 631 | K35: Д | L35: 399232.07
A36: 09.06.2025 | B36: Надходження товарів і послуг ІБ00-002854 від 09.06.2025 11:00:00 Оприходованы ТМЦ | C36: Обл. НДС Розчинник "White Spirit" (л) Надходження товарів і послуг ІБ00-002854 від 09.06.2025 11:00:00 Глобине-2 | D36: Синтез ЛКМ РАХУНКИ_Глобино-2 Рахунок на оплату постачальника ІБ00-002407 від 06.06.2025 18:23:07 | E36: 205 | F36: 14447.4 | H36: 631 | K36: Д | L36: 413679.47
A37: 09.06.2025 | B37: Надходження дод. витрат ІБ00-000376 від 09.06.2025 11:05:00 Доп. расходы при поступлении товаров | C37: Обл. НДС Бетон С20/25 W6 F75 P4 Надходження товарів і послуг ІБ00-002806 від 09.06.2025 11:00:00 Глобине-2 | D37: Кременчуцький річковий порт ПРАТ Договір 112/Б від 15.10.2024_Глобине-2 Надходження дод. витрат ІБ00-000376 від 09.06.2025 11:05:00 | E37: 205 | F37: 25039.5 | H37: 631 | K37: Д | L37: 438718.97
A38: 09.06.2025 | B38: Переміщення товарів ІБ00-000525 від 09.06.2025 11:10:00 Перемещение ТМЦ | C38: Обл. НДС Бетон С20/25 W6 F75 P4 Надходження товарів і послуг ІБ00-002806 від 09.06.2025 11:00:00 Пожежений резервуар (Глобине) | D38: Обл. НДС Бетон С20/25 W6 F75 P4 Надходження товарів і послуг ІБ00-002806 від 09.06.2025 11:00:00 Глобине-2 | E38: 205 | H38: 205 | I38: 107827.78 | K38: Д | L38: 330891.19
A39: 09.06.2025 | B39: Переміщення товарів ІБ00-000526 від 09.06.2025 11:10:00 Перемещение ТМЦ | C39: Обл. НДС Бетон С20/25 W6 F75 P4 Надходження товарів і послуг ІБ00-002806 від 09.06.2025 11:00:00 Пункт фасування та зберігання в бігбегах (Глобине) | D39: Обл. НДС Бетон С20/25 W6 F75 P4 Надходження товарів і послуг ІБ00-002806 від 09.06.2025 11:00:00 Глобине-2 | E39: 205 | H39: 205 | I39: 1891.72 | K39: Д | L39: 328999.47
A40: 09.06.2025 | B40: Переміщення товарів ІБ00-000543 від 09.06.2025 11:10:00 Перемещение ТМЦ | C40: Обл. НДС Грунт-емаль ПФ-012 Р сірий (кг) Надходження товарів і послуг ІБ00-002854 від 09.06.2025 11:00:00 Котельна (Глобине) | D40: Обл. НДС Грунт-емаль ПФ-012 Р сірий (кг) Надходження товарів і послуг ІБ00-002854 від 09.06.2025 11:00:00 Глобине-2 | E40: 205 | H40: 205 | I40: 4458.5 | K40: Д | L40: 324540.97
A41: 09.06.2025 | B41: Переміщення товарів ІБ00-000543 від 09.06.2025 11:10:00 Перемещение ТМЦ | C41: Обл. НДС Розчинник "White Spirit" (л) Надходження товарів і послуг ІБ00-002854 від 09.06.2025 11:00:00 Котельна (Глобине) | D41: Обл. НДС Розчинник "White Spirit" (л) Надходження товарів і послуг ІБ00-002854 від 09.06.2025 11:00:00 Глобине-2 | E41: 205 | H41: 205 | I41: 1313.4 | K41: Д | L41: 323227.57
A42: 09.06.2025 | B42: Переміщення товарів ІБ00-000544 від 09.06.2025 11:10:00 Перемещение ТМЦ | C42: Обл. НДС Грунт ГФ-021 сірий Надходження товарів і послуг ІБ00-002854 від 09.06.2025 11:00:00 СПК (Глобине) | D42: Обл. НДС Грунт ГФ-021 сірий Надходження товарів і послуг ІБ00-002854 від 09.06.2025 11:00:00 Глобине-2 | E42: 205 | H42: 205 | I42: 12000 | K42: Д | L42: 311227.57
A43: 09.06.2025 | B43: Переміщення товарів ІБ00-000544 від 09.06.2025 11:10:00 Перемещение ТМЦ | C43: Обл. НДС Розчинник "White Spirit" (л) Надходження товарів і послуг ІБ00-002854 від 09.06.2025 11:00:00 СПК (Глобине) | D43: Обл. НДС Розчинник "White Spirit" (л) Надходження товарів і послуг ІБ00-002854 від 09.06.2025 11:00:00 Глобине-2 | E43: 205 | H43: 205 | I43: 13134 | K43: Д | L43: 298093.57
A44: 12.06.2025 | B44: Надходження товарів і послуг ІБ00-003170 від 12.06.2025 11:00:00 Оприходованы ТМЦ | C44: Обл. НДС Пісок з відсіву дроблення щебеню фр. 0-5мм. Надходження товарів і послуг ІБ00-003170 від 12.06.2025 11:00:00 Глобине-2 | D44: Енергія Логістик ТОВ №28/10-2024 ВІД 28/10/24_Глобине-2 Рахунок на оплату постачальника ІБ00-002664 від 12.06.2025 23:26:17 | E44: 205 | F44: 7954.83 | H44: 631 | K44: Д | L44: 306048.4
A45: 12.06.2025 | B45: Переміщення товарів ІБ00-000584 від 12.06.2025 11:10:00 Перемещение ТМЦ | C45: Обл. НДС Пісок з відсіву дроблення щебеню фр. 0-5мм. Надходження товарів і послуг ІБ00-003170 від 12.06.2025 11:00:00 Резервуар для зберігання розчинника(Глобине) | D45: Обл. НДС Пісок з відсіву дроблення щебеню фр. 0-5мм. Надходження товарів і послуг ІБ00-003170 від 12.06.2025 11:00:00 Глобине-2 | E45: 205 | H45: 205 | I45: 4007.66 | K45: Д | L45: 302040.74
A46: 12.06.2025 | B46: Переміщення товарів ІБ00-000585 від 12.06.2025 11:10:00 Перемещение ТМЦ | C46: Обл. НДС Пісок з відсіву дроблення щебеню фр. 0-5мм. Надходження товарів і послуг ІБ00-003170 від 12.06.2025 11:00:00 АПК (Глобине) | D46: Обл. НДС Пісок з відсіву дроблення щебеню фр. 0-5мм. Надходження товарів і послуг ІБ00-003170 від 12.06.2025 11:00:00 Глобине-2 | E46: 205 | H46: 205 | I46: 3947.17 | K46: Д | L46: 298093.57
A47: 13.06.2025 | B47: Надходження товарів і послуг ІБ00-003172 від 13.06.2025 11:00:00 Оприходованы ТМЦ | C47: Обл. НДС Пісок з відсіву дроблення щебеню фр. 0-5мм. Надходження товарів і послуг ІБ00-003172 від 13.06.2025 11:00:00 Глобине-2 | D47: Енергія Логістик ТОВ №28/10-2024 ВІД 28/10/24_Глобине-2 Рахунок на оплату постачальника ІБ00-002666 від 13.06.2025 18:33:41 | E47: 205 | F47: 7861.33 | H47: 631 | K47: Д | L47: 305954.9
A48: 13.06.2025 | B48: Переміщення товарів ІБ00-000586 від 13.06.2025 11:10:00 Перемещение ТМЦ | C48: Обл. НДС Пісок з відсіву дроблення щебеню фр. 0-5мм. Надходження товарів і послуг ІБ00-003172 від 13.06.2025 11:00:00 Пункт фасування та зберігання в бігбегах (Глобине) | D48: Обл. НДС Пісок з відсіву дроблення щебеню фр. 0-5мм. Надходження товарів і послуг ІБ00-003172 від 13.06.2025 11:00:00 Глобине-2 | E48: 205 | H48: 205 | I48: 3930.67 | K48: Д | L48: 302024.23
A49: 13.06.2025 | B49: Переміщення товарів ІБ00-000587 від 13.06.2025 11:10:00 Перемещение ТМЦ | C49: Обл. НДС Пісок з відсіву дроблення щебеню фр. 0-5мм. Надходження товарів і послуг ІБ00-003172 від 13.06.2025 11:00:00 АПК (Глобине) | D49: Обл. НДС Пісок з відсіву дроблення щебеню фр. 0-5мм. Надходження товарів і послуг ІБ00-003172 від 13.06.2025 11:00:00 Глобине-2 | E49: 205 | H49: 205 | I49: 3930.66 | K49: Д | L49: 298093.57
A50: 16.06.2025 | B50: Надходження товарів і послуг ІБ00-002956 від 16.06.2025 11:00:00 Оприходованы ТМЦ | C50: Обл. НДС Бетон С 8/10 Р4 Надходження товарів і послуг ІБ00-002956 від 16.06.2025 11:00:00 Глобине-2 | D50: Кременчуцький річковий порт ПРАТ Договір 112/Б від 15.10.2024_Глобине-2 Надходження товарів і послуг ІБ00-002956 від 16.06.2025 11:00:00 | E50: 205 | F50: 29505 | H50: 631 | K50: Д | L50: 327598.57
A51: 16.06.2025 | B51: Надходження товарів і послуг ІБ00-002956 від 16.06.2025 11:00:00 Оприходованы ТМЦ | C51: Обл. НДС Бетон С20/25 W6 F75 P4 Надходження товарів і послуг ІБ00-002956 від 16.06.2025 11:00:00 Глобине-2 | D51: Кременчуцький річковий порт ПРАТ Договір 112/Б від 15.10.2024_Глобине-2 Надходження товарів і послуг ІБ00-002956 від 16.06.2025 11:00:00 | E51: 205 | F51: 220460 | H51: 631 | K51: Д | L51: 548058.57
A52: 16.06.2025 | B52: Надходження товарів і послуг ІБ00-003174 від 16.06.2025 11:00:00 Оприходованы ТМЦ | C52: Обл. НДС Пісок з відсіву дроблення щебеню фр. 0-5мм. Надходження товарів і послуг ІБ00-003174 від 16.06.2025 11:00:00 Глобине-2 | D52: Енергія Логістик ТОВ №28/10-2024 ВІД 28/10/24_Глобине-2 Рахунок на оплату постачальника ІБ00-002668 від 16.06.2025 17:52:11 | E52: 205 | F52: 8262.83 | H52: 631 | K52: Д | L52: 556321.4
A53: 16.06.2025 | B53: Надходження товарів і послуг ІБ00-003558 від 16.06.2025 11:00:00 Оприходованы ТМЦ (Зачет аванса поставщику) | C53: Обл. НДС Грунтовка ГФ-021 сіра 25кг Надходження товарів і послуг ІБ00-003558 від 16.06.2025 11:00:00 Глобине-2 | D53: ДНІПРО-СПЕЦЕМАЛЬ НВП ТОВ Рахунки_Глобине-2 Рахунок на оплату постачальника ІБ00-002341 від 01.06.2025 23:13:22 | E53: 205 | F53: 1986.67 | H53: 631 | K53: Д | L53: 558308.07
A54: 16.06.2025 | B54: Надходження товарів і послуг ІБ00-003558 від 16.06.2025 11:00:00 Оприходованы ТМЦ (Зачет аванса поставщику) | C54: Обл. НДС Емаль ПФ-012Р сіра Надходження товарів і послуг ІБ00-003558 від 16.06.2025 11:00:00 Глобине-2 | D54: ДНІПРО-СПЕЦЕМАЛЬ НВП ТОВ Рахунки_Глобине-2 Рахунок на оплату постачальника ІБ00-002341 від 01.06.2025 23:13:22 | E54: 205 | F54: 3750 | H54: 631 | K54: Д | L54: 562058.07
A55: 16.06.2025 | B55: Переміщення товарів ІБ00-000588 від 16.06.2025 11:10:00 Перемещение ТМЦ | C55: Обл. НДС Пісок з відсіву дроблення щебеню фр. 0-5мм. Надходження товарів і послуг ІБ00-003174 від 16.06.2025 11:00:00 АПК (Глобине) | D55: Обл. НДС Пісок з відсіву дроблення щебеню фр. 0-5мм. Надходження товарів і послуг ІБ00-003174 від 16.06.2025 11:00:00 Глобине-2 | E55: 205 | H55: 205 | I55: 4218.5 | K55: Д | L55: 557839.57
A56: 16.06.2025 | B56: Переміщення товарів ІБ00-000589 від 16.06.2025 11:10:00 Перемещение ТМЦ | C56: Обл. НДС Пісок з відсіву дроблення щебеню фр. 0-5мм. Надходження товарів і послуг ІБ00-003174 від 16.06.2025 11:00:00 Пункт фасування та зберігання в бігбегах (Глобине) | D56: Обл. НДС Пісок з відсіву дроблення щебеню фр. 0-5мм. Надходження товарів і послуг ІБ00-003174 від 16.06.2025 11:00:00 Глобине-2 | E56: 205 | H56: 205 | I56: 4044.33 | K56: Д | L56: 553795.24
A57: 16.06.2025 | B57: Надходження дод. витрат ІБ00-000385 від 16.06.2025 11:10:00 Доп. расходы при поступлении товаров | C57: Обл. НДС Бетон С 8/10 Р4 Надходження товарів і послуг ІБ00-002956 від 16.06.2025 11:00:00 Глобине-2 | D57: Кременчуцький річковий порт ПРАТ Договір 112/Б від 15.10.2024_Глобине-2 Надходження дод. витрат ІБ00-000385 від 16.06.2025 11:10:00 | E57: 205 | F57: 8978.15 | H57: 631 | K57: Д | L57: 562773.39
A58: 16.06.2025 | B58: Надходження дод. витрат ІБ00-000385 від 16.06.2025 11:10:00 Доп. расходы при поступлении товаров | C58: Обл. НДС Бетон С20/25 W6 F75 P4 Надходження товарів і послуг ІБ00-002956 від 16.06.2025 11:00:00 Глобине-2 | D58: Кременчуцький річковий порт ПРАТ Договір 112/Б від 15.10.2024_Глобине-2 Надходження дод. витрат ІБ00-000385 від 16.06.2025 11:10:00 | E58: 205 | F58: 67084.35 | H58: 631 | K58: Д | L58: 629857.74
A59: 16.06.2025 | B59: Переміщення товарів ІБ00-000553 від 16.06.2025 11:15:00 Перемещение ТМЦ | C59: Обл. НДС Бетон С 8/10 Р4 Надходження товарів і послуг ІБ00-002956 від 16.06.2025 11:00:00 Резервуар для зберігання розчинника(Глобине) | D59: Обл. НДС Бетон С 8/10 Р4 Надходження товарів і послуг ІБ00-002956 від 16.06.2025 11:00:00 Глобине-2 | E59: 205 | H59: 205 | I59: 24739.17 | K59: Д | L59: 605118.57
A60: 16.06.2025 | B60: Переміщення товарів ІБ00-000554 від 16.06.2025 11:15:00 Перемещение ТМЦ | C60: Обл. НДС Бетон С 8/10 Р4 Надходження товарів і послуг ІБ00-002956 від 16.06.2025 11:00:00 Пожежений резервуар (Глобине) | D60: Обл. НДС Бетон С 8/10 Р4 Надходження товарів і послуг ІБ00-002956 від 16.06.2025 11:00:00 Глобине-2 | E60: 205 | H60: 205 | I60: 13743.98 | K60: Д | L60: 591374.59
A61: 16.06.2025 | B61: Переміщення товарів ІБ00-000555 від 16.06.2025 11:15:00 Перемещение ТМЦ | C61: Обл. НДС Бетон С20/25 W6 F75 P4 Надходження товарів і послуг ІБ00-002956 від 16.06.2025 11:00:00 АПК (Глобине) | D61: Обл. НДС Бетон С20/25 W6 F75 P4 Надходження товарів і послуг ІБ00-002956 від 16.06.2025 11:00:00 Глобине-2 | E61: 205 | H61: 205 | I61: 284497.52 | K61: Д | L61: 306877.07
A62: 16.06.2025 | B62: Переміщення товарів ІБ00-000556 від 16.06.2025 11:15:00 Перемещение ТМЦ | C62: Обл. НДС Бетон С20/25 W6 F75 P4 Надходження товарів і послуг ІБ00-002956 від 16.06.2025 11:00:00 Цех екстракції (Глобине) | D62: Обл. НДС Бетон С20/25 W6 F75 P4 Надходження товарів і послуг ІБ00-002956 від 16.06.2025 11:00:00 Глобине-2 | E62: 205 | H62: 205 | I62: 3046.83 | K62: Д | L62: 303830.24
A63: 17.06.2025 | B63: Надходження товарів і послуг ІБ00-003001 від 17.06.2025 11:00:00 Оприходованы ТМЦ | C63: Обл. НДС Бетон С 8/10 Р4 Надходження товарів і послуг ІБ00-003001 від 17.06.2025 11:00:00 Глобине-2 | D63: Кременчуцький річковий порт ПРАТ Договір 112/Б від 15.10.2024_Глобине-2 Надходження товарів і послуг ІБ00-003001 від 17.06.2025 11:00:00 | E63: 205 | F63: 11591.25 | H63: 631 | K63: Д | L63: 315421.49
A64: 17.06.2025 | B64: Надходження товарів і послуг ІБ00-003001 від 17.06.2025 11:00:00 Оприходованы ТМЦ | C64: Обл. НДС Бетон С20/25 W6 F75 P4 Надходження товарів і послуг ІБ00-003001 від 17.06.2025 11:00:00 Глобине-2 | D64: Кременчуцький річковий порт ПРАТ Договір 112/Б від 15.10.2024_Глобине-2 Надходження товарів і послуг ІБ00-003001 від 17.06.2025 11:00:00 | E64: 205 | F64: 84680 | H64: 631 | K64: Д | L64: 400101.49
A65: 17.06.2025 | B65: Надходження дод. витрат ІБ00-000387 від 17.06.2025 11:10:00 Доп. расходы при поступлении товаров | C65: Обл. НДС Бетон С 8/10 Р4 Надходження товарів і послуг ІБ00-003001 від 17.06.2025 11:00:00 Глобине-2 | D65: Кременчуцький річковий порт ПРАТ Договір 112/Б від 15.10.2024_Глобине-2 Надходження дод. витрат ІБ00-000387 від 17.06.2025 11:10:00 | E65: 205 | F65: 4158.99 | H65: 631 | K65: Д | L65: 404260.48
A66: 17.06.2025 | B66: Надходження дод. витрат ІБ00-000387 від 17.06.2025 11:10:00 Доп. расходы при поступлении товаров | C66: Обл. НДС Бетон С20/25 W6 F75 P4 Надходження товарів і послуг ІБ00-003001 від 17.06.2025 11:00:00 Глобине-2 | D66: Кременчуцький річковий порт ПРАТ Договір 112/Б від 15.10.2024_Глобине-2 Надходження дод. витрат ІБ00-000387 від 17.06.2025 11:10:00 | E66: 205 | F66: 30383.51 | H66: 631 | K66: Д | L66: 434643.99
A67: 17.06.2025 | B67: Переміщення товарів ІБ00-000557 від 17.06.2025 11:15:00 Перемещение ТМЦ | C67: Обл. НДС Бетон С 8/10 Р4 Надходження товарів і послуг ІБ00-003001 від 17.06.2025 11:00:00 СПК (Глобине) | D67: Обл. НДС Бетон С 8/10 Р4 Надходження товарів і послуг ІБ00-003001 від 17.06.2025 11:00:00 Глобине-2 | E67: 205 | H67: 205 | I67: 15750.24 | K67: Д | L67: 418893.75
A68: 17.06.2025 | B68: Переміщення товарів ІБ00-000557 від 17.06.2025 11:15:00 Перемещение ТМЦ | C68: Обл. НДС Бетон С20/25 W6 F75 P4 Надходження товарів і послуг ІБ00-003001 від 17.06.2025 11:00:00 СПК (Глобине) | D68: Обл. НДС Бетон С20/25 W6 F75 P4 Надходження товарів і послуг ІБ00-003001 від 17.06.2025 11:00:00 Глобине-2 | E68: 205 | H68: 205 | I68: 1983.85 | K68: Д | L68: 416909.9
A69: 17.06.2025 | B69: Переміщення товарів ІБ00-000558 від 17.06.2025 11:15:00 Перемещение ТМЦ | C69: Обл. НДС Бетон С20/25 W6 F75 P4 Надходження товарів і послуг ІБ00-003001 від 17.06.2025 11:00:00 Пожежений резервуар (Глобине) | D69: Обл. НДС Бетон С20/25 W6 F75 P4 Надходження товарів і послуг ІБ00-003001 від 17.06.2025 11:00:00 Глобине-2 | E69: 205 | H69: 205 | I69: 113079.66 | K69: Д | L69: 303830.24
A70: 18.06.2025 | B70: Переміщення товарів ІБ00-000566 від 18.06.2025 18:22:49 Перемещение ТМЦ | C70: Обл. НДС Дріт 1,2 мм Н-О-Ч Надходження товарів і послуг ІБ00-000069 від 13.01.2025 17:25:04 Пожежений резервуар (Глобине) | D70: Обл. НДС Дріт 1,2 мм Н-О-Ч Надходження товарів і послуг ІБ00-000069 від 13.01.2025 17:25:04 Глобине-2 | E70: 205 | H70: 205 | I70: 323 | K70: Д | L70: 303507.24
A71: 19.06.2025 | B71: Списання товарів ІБ00-000321 від 19.06.2025 07:26:10 Списаны ТМЦ | C71: Обл. НДС Виробничий (Глобине-2) Глобине-2 Прямі материальні виробничі витрати крім зворотніх відходів | D71: Обл. НДС Круг 20 мм S235 JR, 6 м Авансовий звіт ІБ00-000132 від 04.06.2025 17:31:19 Глобине-2 | E71: 231 | H71: 205 | I71: 134.55 | K71: Д | L71: 303372.69
A72: 19.06.2025 | B72: Списання товарів ІБ00-000321 від 19.06.2025 07:26:10 Списаны ТМЦ | C72: Обл. НДС Виробничий (Глобине-2) Глобине-2 Прямі материальні виробничі витрати крім зворотніх відходів | D72: Обл. НДС Круг зачисний по металу 125 Авансовий звіт ІБ00-000132 від 04.06.2025 17:31:19 Глобине-2 | E72: 231 | H72: 205 | I72: 165 | K72: Д | L72: 303207.69
A73: 19.06.2025 | B73: Списання товарів ІБ00-000321 від 19.06.2025 07:26:10 Списаны ТМЦ | C73: Обл. НДС Виробничий (Глобине-2) Глобине-2 Прямі материальні виробничі витрати крім зворотніх відходів | D73: Обл. НДС Лінолеум 2,5 товщ 2мм захист 0,4мм Надходження товарів і послуг ІБ00-000475 від 06.02.2025 18:36:14 Глобине-2 | E73: 231 | H73: 205 | I73: 4700 | K73: Д | L73: 298507.69
A74: 19.06.2025 | B74: Списання товарів ІБ00-000321 від 19.06.2025 07:26:10 Списаны ТМЦ | C74: Обл. НДС Виробничий (Глобине-2) Глобине-2 Прямі материальні виробничі витрати крім зворотніх відходів | D74: Обл. НДС Петля 30 Авансовий звіт ІБ00-000116 від 19.05.2025 15:48:32 Глобине-2 | E74: 231 | H74: 205 | I74: 699 | K74: Д | L74: 297808.69
A75: 19.06.2025 | B75: Списання товарів ІБ00-000321 від 19.06.2025 07:26:10 Списаны ТМЦ | C75: Обл. НДС Виробничий (Глобине-2) Глобине-2 Прямі материальні виробничі витрати крім зворотніх відходів | D75: Обл. НДС Петля 30 Авансовий звіт ІБ00-000132 від 04.06.2025 17:31:19 Глобине-2 | E75: 231 | H75: 205 | I75: 699 | K75: Д | L75: 297109.69
A76: 19.06.2025 | B76: Списання товарів ІБ00-000321 від 19.06.2025 07:26:10 Списаны ТМЦ | C76: Обл. НДС Виробничий (Глобине-2) Глобине-2 Прямі материальні виробничі витрати крім зворотніх відходів | D76: Обл. НДС порізка металу Авансовий звіт ІБ00-000116 від 19.05.2025 15:48:32 Глобине-2 | E76: 231 | H76: 205 | I76: 10.76 | K76: Д | L76: 297098.93
A77: 19.06.2025 | B77: Списання товарів ІБ00-000321 від 19.06.2025 07:26:10 Списаны ТМЦ | C77: Обл. НДС Виробничий (Глобине-2) Глобине-2 Прямі материальні виробничі витрати крім зворотніх відходів | D77: Обл. НДС порізка металу Авансовий звіт ІБ00-000116 від 19.05.2025 15:48:32 Глобине-2 | E77: 231 | H77: 205 | I77: 10.76 | K77: Д | L77: 297088.17
A78: 19.06.2025 | B78: Списання товарів ІБ00-000321 від 19.06.2025 07:26:10 Списаны ТМЦ | C78: Обл. НДС Виробничий (Глобине-2) Глобине-2 Прямі материальні виробничі витрати крім зворотніх відходів | D78: Обл. НДС порізка металу Авансовий звіт ІБ00-000132 від 04.06.2025 17:31:19 Глобине-2 | E78: 231 | H78: 205 | I78: 8.95 | K78: Д | L78: 297079.22
... A82: 19.06.2025 | B82: Списання товарів ІБ00-000321 від 19.06.2025 07:26:10 Списаны ТМЦ | C82: Обл. НДС Виробничий (Глобине-2) Глобине-2 Прямі материальні виробничі витрати крім зворотніх відходів | D82: Обл. НДС Шнур Авансовий звіт ІБ00-000132 від 04.06.2025 17:31:19 Глобине-2 | E82: 231 | H82: 205 | I82: 120 | K82: Д | L82: 296331.22
A83: 19.06.2025 | B83: Надходження товарів і послуг ІБ00-003063 від 19.06.2025 11:00:00 Оприходованы ТМЦ | C83: Обл. НДС Бетон С 8/10 Р4 Надходження товарів і послуг ІБ00-003063 від 19.06.2025 11:00:00 Глобине-2 | D83: Кременчуцький річковий порт ПРАТ Договір 112/Б від 15.10.2024_Глобине-2 Надходження товарів і послуг ІБ00-003063 від 19.06.2025 11:00:00 | E83: 205 | F83: 30558.75 | H83: 631 | K83: Д | L83: 326889.97
A84: 19.06.2025 | B84: Надходження товарів і послуг ІБ00-003063 від 19.06.2025 11:00:00 Оприходованы ТМЦ | C84: Обл. НДС Бетон С 20/25 F75 W6 Р4 Надходження товарів і послуг ІБ00-003063 від 19.06.2025 11:00:00 Глобине-2 | D84: Кременчуцький річковий порт ПРАТ Договір 112/Б від 15.10.2024_Глобине-2 Надходження товарів і послуг ІБ00-003063 від 19.06.2025 11:00:00 | E84: 205 | F84: 97820 | H84: 631 | K84: Д | L84: 424709.97
A85: 19.06.2025 | B85: Надходження дод. витрат ІБ00-000393 від 19.06.2025 11:05:00 Доп. расходы при поступлении товаров | C85: Обл. НДС Бетон С 8/10 Р4 Надходження товарів і послуг ІБ00-003063 від 19.06.2025 11:00:00 Глобине-2 | D85: Кременчуцький річковий порт ПРАТ Договір 112/Б від 15.10.2024_Глобине-2 Надходження дод. витрат ІБ00-000393 від 19.06.2025 11:05:00 | E85: 205 | F85: 10821.59 | H85: 631 | K85: Д | L85: 435531.56
A86: 19.06.2025 | B86: Надходження дод. витрат ІБ00-000393 від 19.06.2025 11:05:00 Доп. расходы при поступлении товаров | C86: Обл. НДС Бетон С 20/25 F75 W6 Р4 Надходження товарів і послуг ІБ00-003063 від 19.06.2025 11:00:00 Глобине-2 | D86: Кременчуцький річковий порт ПРАТ Договір 112/Б від 15.10.2024_Глобине-2 Надходження дод. витрат ІБ00-000393 від 19.06.2025 11:05:00 | E86: 205 | F86: 34640.41 | H86: 631 | K86: Д | L86: 470171.97
A87: 19.06.2025 | B87: Переміщення товарів ІБ00-000569 від 19.06.2025 11:10:00 Перемещение ТМЦ | C87: Обл. НДС Бетон С 8/10 Р4 Надходження товарів і послуг ІБ00-003063 від 19.06.2025 11:00:00 Резервуар для зберігання розчинника(Глобине) | D87: Обл. НДС Бетон С 8/10 Р4 Надходження товарів і послуг ІБ00-003063 від 19.06.2025 11:00:00 Глобине-2 | E87: 205 | H87: 205 | I87: 25684.35 | K87: Д | L87: 444487.62
A88: 19.06.2025 | B88: Переміщення товарів ІБ00-000569 від 19.06.2025 11:10:00 Перемещение ТМЦ | C88: Обл. НДС Бетон С 20/25 F75 W6 Р4 Надходження товарів і послуг ІБ00-003063 від 19.06.2025 11:00:00 Резервуар для зберігання розчинника(Глобине) | D88: Обл. НДС Бетон С 20/25 F75 W6 Р4 Надходження товарів і послуг ІБ00-003063 від 19.06.2025 11:00:00 Глобине-2 | E88: 205 | H88: 205 | I88: 130483.39 | K88: Д | L88: 314004.23
A89: 19.06.2025 | B89: Переміщення товарів ІБ00-000570 від 19.06.2025 11:10:00 Перемещение ТМЦ | C89: Обл. НДС Бетон С 8/10 Р4 Надходження товарів і послуг ІБ00-003063 від 19.06.2025 11:00:00 АПК (Глобине) | D89: Обл. НДС Бетон С 8/10 Р4 Надходження товарів і послуг ІБ00-003063 від 19.06.2025 11:00:00 Глобине-2 | E89: 205 | H89: 205 | I89: 15695.99 | K89: Д | L89: 298308.24
A90: 19.06.2025 | B90: Переміщення товарів ІБ00-000571 від 19.06.2025 11:10:00 Перемещение ТМЦ | C90: Обл. НДС Бетон С 20/25 F75 W6 Р4 Надходження товарів і послуг ІБ00-003063 від 19.06.2025 11:00:00 Цех екстракції (Глобине) | D90: Обл. НДС Бетон С 20/25 F75 W6 Р4 Надходження товарів і послуг ІБ00-003063 від 19.06.2025 11:00:00 Глобине-2 | E90: 205 | H90: 205 | I90: 1977.02 | K90: Д | L90: 296331.22
A91: 19.06.2025 | B91: Списання товарів ІБ00-000320 від 19.06.2025 16:35:28 Списаны ТМЦ | C91: Обл. НДС Виробничий (Глобине-2) Глобине-2 Прямі материальні виробничі витрати крім зворотніх відходів | D91: Обл. НДС вироби кріпильні та гвинтонарізні Авансовий звіт ІБ00-000132 від 04.06.2025 17:31:19 Глобине-2 | E91: 231 | H91: 205 | I91: 61 | K91: Д | L91: 296270.22
A92: 19.06.2025 | B92: Списання товарів ІБ00-000320 від 19.06.2025 16:35:28 Списаны ТМЦ | C92: Обл. НДС Виробничий (Глобине-2) Глобине-2 Прямі материальні виробничі витрати крім зворотніх відходів | D92: Обл. НДС вироби кріпильні та гвинтонарізні 50 Авансовий звіт ІБ00-000132 від 04.06.2025 17:31:19 Глобине-2 | E92: 231 | H92: 205 | I92: 93 | K92: Д | L92: 296177.22
A93: 19.06.2025 | B93: Списання товарів ІБ00-000320 від 19.06.2025 16:35:28 Списаны ТМЦ | C93: Обл. НДС Виробничий (Глобине-2) Глобине-2 Прямі материальні виробничі витрати крім зворотніх відходів | D93: Обл. НДС вироби кріпильні та гвинтонарізні 80 Авансовий звіт ІБ00-000132 від 04.06.2025 17:31:19 Глобине-2 | E93: 231 | H93: 205 | I93: 61 | K93: Д | L93: 296116.22
A94: 20.06.2025 | B94: Переміщення товарів ІБ00-000574 від 20.06.2025 10:00:00 Перемещение ТМЦ | C94: Обл. НДС Труба 40х40х3 (6,05-S235/S275) Надходження товарів і послуг ІБ00-001808 від 22.04.2025 11:00:00 СПК (Глобине) | D94: Обл. НДС Труба 40х40х3 (6,05-S235/S275) Надходження товарів і послуг ІБ00-001808 від 22.04.2025 11:00:00 Глобине-2 | E94: 205 | H94: 205 | I94: 43619.86 | K94: Д | L94: 252496.36
A95: 20.06.2025 | B95: Переміщення товарів ІБ00-000581 від 20.06.2025 10:00:00 Перемещение ТМЦ | C95: Обл. НДС Емульсія бітумна Р-10 EN каністра 20л Надходження товарів і послуг ІБ00-002088 від 19.12.2023 18:21:48 Пункт фасування та зберігання в бігбегах (Глобине) | D95: Обл. НДС Емульсія бітумна Р-10 EN каністра 20л Надходження товарів і послуг ІБ00-002088 від 19.12.2023 18:21:48 Глобине-2 | E95: 205 | H95: 205 | I95: 1910.22 | K95: Д | L95: 250586.14
A96: 20.06.2025 | B96: Списання товарів ІБ00-000328 від 20.06.2025 15:12:13 Списаны ТМЦ | C96: Обл. НДС Виробничий (Глобине-2) Глобине-2 Прямі материальні виробничі витрати крім зворотніх відходів | D96: Обл. НДС Запчастини до мототехніки Авансовий звіт ІБ00-000093 від 25.04.2025 12:44:49 Глобине-2 | E96: 231 | H96: 205 | I96: 200 | K96: Д | L96: 250386.14
A97: 20.06.2025 | B97: Списання товарів ІБ00-000328 від 20.06.2025 15:12:13 Списаны ТМЦ | C97: Обл. НДС Виробничий (Глобине-2) Глобине-2 Прямі материальні виробничі витрати крім зворотніх відходів | D97: Обл. НДС Колесо до тачки *125 Авансовий звіт ІБ00-000132 від 04.06.2025 17:31:19 Глобине-2 | E97: 231 | H97: 205 | I97: 662 | K97: Д | L97: 249724.14
A98: 20.06.2025 | B98: Списання товарів ІБ00-000328 від 20.06.2025 15:12:13 Списаны ТМЦ | C98: Обл. НДС Виробничий (Глобине-2) Глобине-2 Прямі материальні виробничі витрати крім зворотніх відходів | D98: Обл. НДС Гайка М 8 Авансовий звіт ІБ00-000132 від 04.06.2025 17:31:19 Глобине-2 | E98: 231 | H98: 205 | I98: 6.4 | K98: Д | L98: 249717.74
... A107: 20.06.2025 | B107: Списання товарів ІБ00-000333 від 20.06.2025 21:00:00 Списаны ТМЦ | C107: Обл. НДС Виробничий (Глобине-2) Глобине-2 Прямі материальні виробничі витрати крім зворотніх відходів | D107: Обл. НДС Дюбель "потай" 6*60 100шт/уп Авансовий звіт ІБ00-000132 від 04.06.2025 17:31:19 Глобине-2 | E107: 231 | H107: 205 | I107: 70 | K107: Д | L107: 237751.2
A108: 24.06.2025 | B108: Надходження товарів і послуг ІБ00-003180 від 24.06.2025 11:00:00 Оприходованы ТМЦ | C108: Обл. НДС Бетон С 20/25 F75 W6 Р4 Надходження товарів і послуг ІБ00-003180 від 24.06.2025 11:00:00 Глобине-2 | D108: Кременчуцький річковий порт ПРАТ Договір 112/Б від 15.10.2024_Глобине-2 Надходження товарів і послуг ІБ00-003180 від 24.06.2025 11:00:00 | E108: 205 | F108: 129940 | H108: 631 | K108: Д | L108: 367691.2
A109: 24.06.2025 | B109: Надходження товарів і послуг ІБ00-003420 від 24.06.2025 11:00:00 Оприходованы ТМЦ | C109: Обл. НДС Щебенево-піщана суміш фр 0-70 мм Надходження товарів і послуг ІБ00-003420 від 24.06.2025 11:00:00 Глобине-2 | D109: Венкрас Авто ПП Договір 05/09/2024 від 05.09.2024_Глобине-2 Рахунок на оплату постачальника ІБ00-002858 від 24.06.2025 18:10:31 | E109: 205 | F109: 12255 | H109: 631 | K109: Д | L109: 379946.2
A110: 24.06.2025 | B110: Надходження товарів і послуг ІБ00-003420 від 24.06.2025 11:00:00 Оприходованы ТМЦ | C110: Обл. НДС Щебінь 20-40 Надходження товарів і послуг ІБ00-003420 від 24.06.2025 11:00:00 Глобине-2 | D110: Венкрас Авто ПП Договір 05/09/2024 від 05.09.2024_Глобине-2 Рахунок на оплату постачальника ІБ00-002858 від 24.06.2025 18:10:31 | E110: 205 | F110: 27174.5 | H110: 631 | K110: Д | L110: 407120.7
A111: 24.06.2025 | B111: Надходження дод. витрат ІБ00-000401 від 24.06.2025 11:05:00 Доп. расходы при поступлении товаров | C111: Обл. НДС Бетон С 20/25 F75 W6 Р4 Надходження товарів і послуг ІБ00-003180 від 24.06.2025 11:00:00 Глобине-2 | D111: Кременчуцький річковий порт ПРАТ Договір 112/Б від 15.10.2024_Глобине-2 Надходження дод. витрат ІБ00-000401 від 24.06.2025 11:05:00 | E111: 205 | F111: 39550 | H111: 631 | K111: Д | L111: 446670.7
A112: 24.06.2025 | B112: Переміщення товарів ІБ00-000590 від 24.06.2025 11:10:00 Перемещение ТМЦ | C112: Обл. НДС Бетон С 20/25 F75 W6 Р4 Надходження товарів і послуг ІБ00-003180 від 24.06.2025 11:00:00 Резервуар для зберігання розчинника(Глобине) | D112: Обл. НДС Бетон С 20/25 F75 W6 Р4 Надходження товарів і послуг ІБ00-003180 від 24.06.2025 11:00:00 Глобине-2 | E112: 205 | H112: 205 | I112: 131402.36 | K112: Д | L112: 315268.34
A113: 24.06.2025 | B113: Переміщення товарів ІБ00-000591 від 24.06.2025 11:10:00 Перемещение ТМЦ | C113: Обл. НДС Бетон С 20/25 F75 W6 Р4 Надходження товарів і послуг ІБ00-003180 від 24.06.2025 11:00:00 Пожежений резервуар (Глобине) | D113: Обл. НДС Бетон С 20/25 F75 W6 Р4 Надходження товарів і послуг ІБ00-003180 від 24.06.2025 11:00:00 Глобине-2 | E113: 205 | H113: 205 | I113: 32374.49 | K113: Д | L113: 282893.85
A114: 24.06.2025 | B114: Переміщення товарів ІБ00-000592 від 24.06.2025 11:10:00 Перемещение ТМЦ | C114: Обл. НДС Бетон С 20/25 F75 W6 Р4 Надходження товарів і послуг ІБ00-003180 від 24.06.2025 11:00:00 АПК (Глобине) | D114: Обл. НДС Бетон С 20/25 F75 W6 Р4 Надходження товарів і послуг ІБ00-003180 від 24.06.2025 11:00:00 Глобине-2 | E114: 205 | H114: 205 | I114: 5713.15 | K114: Д | L114: 277180.7
A115: 24.06.2025 | B115: Надходження дод. витрат ІБ00-000409 від 24.06.2025 11:10:00 Доп. расходы при поступлении товаров | C115: Обл. НДС Щебенево-піщана суміш фр 0-70 мм Надходження товарів і послуг ІБ00-003420 від 24.06.2025 11:00:00 Глобине-2 | D115: Венкрас Авто ПП Договір 05/09/2024 від 05.09.2024_Глобине-2 Рахунок на оплату постачальника ІБ00-002858 від 24.06.2025 18:10:31 | E115: 205 | F115: 10997.73 | H115: 631 | K115: Д | L115: 288178.43
A116: 24.06.2025 | B116: Надходження дод. витрат ІБ00-000409 від 24.06.2025 11:10:00 Доп. расходы при поступлении товаров | C116: Обл. НДС Щебінь 20-40 Надходження товарів і послуг ІБ00-003420 від 24.06.2025 11:00:00 Глобине-2 | D116: Венкрас Авто ПП Договір 05/09/2024 від 05.09.2024_Глобине-2 Рахунок на оплату постачальника ІБ00-002858 від 24.06.2025 18:10:31 | E116: 205 | F116: 24386.6 | H116: 631 | K116: Д | L116: 312565.03
A117: 24.06.2025 | B117: Переміщення товарів ІБ00-000625 від 24.06.2025 11:15:00 Перемещение ТМЦ | C117: Обл. НДС Щебенево-піщана суміш фр 0-70 мм Надходження товарів і послуг ІБ00-003420 від 24.06.2025 11:00:00 Генплан дорога СПК (Глобине) | D117: Обл. НДС Щебенево-піщана суміш фр 0-70 мм Надходження товарів і послуг ІБ00-003420 від 24.06.2025 11:00:00 Глобине-2 | E117: 205 | H117: 205 | I117: 23252.73 | K117: Д | L117: 289312.3
...

Sheet Котельна
A1: Період | B1: Документ | C1: Аналітика Дт | D1: Аналітика Кт | E1: Дебет | H1: Кредит | K1: Поточне сальдо
E2: Рахунок | H2: Рахунок
A3: 01.06.2025 | B3: Переміщення товарів ІБ00-000531 від 01.06.2025 11:10:00 Перемещение ТМЦ | C3: Обл. НДС Труба 80х80х4 мм ст 1-3пс, 12 м Надходження товарів і послуг ІБ00-002831 від 01.06.2025 11:00:00 Котельна (Глобине) | D3: Обл. НДС Труба 80х80х4 мм ст 1-3пс, 12 м Надходження товарів і послуг ІБ00-002831 від 01.06.2025 11:00:00 Глобине-2 | E3: 205 | F3: 9984 | H3: 205 | K3: Д | L3: 3274014
A4: 02.06.2025 | B4: Надходження товарів і послуг ІБ00-003385 від 02.06.2025 11:00:00 Оприходованы ТМЦ | C4: Обл. НДС Розчинник Уайт-спіріт 0,8л Надходження товарів і послуг ІБ00-003385 від 02.06.2025 11:00:00 Котельна (Глобине) | D4: Лозовий Микола Миколайович ФОП РАХУНКИ_Глобино-2 Рахунок на оплату постачальника ІБ00-002334 від 01.06.2025 23:13:15 | E4: 205 | F4: 1540 | H4: 631 | K4: Д | L4: 3275554
A5: 02.06.2025 | B5: Надходження товарів і послуг ІБ00-003385 від 02.06.2025 11:00:00 Оприходованы ТМЦ | C5: Обл. НДС Розчинник Уайт-спіріт 0,4л Надходження товарів і послуг ІБ00-003385 від 02.06.2025 11:00:00 Котельна (Глобине) | D5: Лозовий Микола Миколайович ФОП РАХУНКИ_Глобино-2 Рахунок на оплату постачальника ІБ00-002334 від 01.06.2025 23:13:15 | E5: 205 | F5: 720 | H5: 631 | K5: Д | L5: 3276274
A6: 02.06.2025 | B6: Надходження товарів і послуг ІБ00-003385 від 02.06.2025 11:00:00 Оприходованы ТМЦ | C6: Обл. НДС Розчинник Уайт-спіріт 4 л (шт) Надходження товарів і послуг ІБ00-003385 від 02.06.2025 11:00:00 Котельна (Глобине) | D6: Лозовий Микола Миколайович ФОП РАХУНКИ_Глобино-2 Рахунок на оплату постачальника ІБ00-002334 від 01.06.2025 23:13:15 | E6: 205 | F6: 1185 | H6: 631 | K6: Д | L6: 3277459
A7: 02.06.2025 | B7: Надходження товарів і послуг ІБ00-003386 від 02.06.2025 11:00:00 Оприходованы ТМЦ | C7: Обл. НДС Розчинник Уайт-спіріт 4 л (шт) Надходження товарів і послуг ІБ00-003386 від 02.06.2025 11:00:00 Котельна (Глобине) | D7: Лозовий Микола Миколайович ФОП РАХУНКИ_Глобино-2 Рахунок на оплату постачальника ІБ00-002335 від 01.06.2025 23:13:16 | E7: 205 | F7: 395 | H7: 631 | K7: Д | L7: 3277854
A8: 02.06.2025 | B8: Надходження товарів і послуг ІБ00-003386 від 02.06.2025 11:00:00 Оприходованы ТМЦ | C8: Обл. НДС Розчинник Уайт-спіріт 0,8л Надходження товарів і послуг ІБ00-003386 від 02.06.2025 11:00:00 Котельна (Глобине) | D8: Лозовий Микола Миколайович ФОП РАХУНКИ_Глобино-2 Рахунок на оплату постачальника ІБ00-002335 від 01.06.2025 23:13:16 | E8: 205 | F8: 1280 | H8: 631 | K8: Д | L8: 3279134
A9: 02.06.2025 | B9: Надходження товарів і послуг ІБ00-003386 від 02.06.2025 11:00:00 Оприходованы ТМЦ | C9: Обл. НДС Перетворювач іржі Надходження товарів і послуг ІБ00-003386 від 02.06.2025 11:00:00 Котельна (Глобине) | D9: Лозовий Микола Миколайович ФОП РАХУНКИ_Глобино-2 Рахунок на оплату постачальника ІБ00-002335 від 01.06.2025 23:13:16 | E9: 205 | F9: 225 | H9: 631 | K9: Д | L9: 3279359
A10: 02.06.2025 | B10: Надходження товарів і послуг ІБ00-003386 від 02.06.2025 11:00:00 Оприходованы ТМЦ | C10: Обл. НДС Розчинник Уайт-спіріт 0,4л Надходження товарів і послуг ІБ00-003386 від 02.06.2025 11:00:00 Котельна (Глобине) | D10: Лозовий Микола Миколайович ФОП РАХУНКИ_Глобино-2 Рахунок на оплату постачальника ІБ00-002335 від 01.06.2025 23:13:16 | E10: 205 | F10: 520 | H10: 631 | K10: Д | L10: 3279879
A11: 02.06.2025 | B11: Надходження товарів і послуг ІБ00-003386 від 02.06.2025 11:00:00 Оприходованы ТМЦ | C11: Обл. НДС Сольвент, 4 л (3,3 кг) Надходження товарів і послуг ІБ00-003386 від 02.06.2025 11:00:00 Котельна (Глобине) | D11: Лозовий Микола Миколайович ФОП РАХУНКИ_Глобино-2 Рахунок на оплату постачальника ІБ00-002335 від 01.06.2025 23:13:16 | E11: 205 | F11: 1960 | H11: 631 | K11: Д | L11: 3281839
A12: 02.06.2025 | B12: Надходження товарів і послуг ІБ00-003386 від 02.06.2025 11:00:00 Оприходованы ТМЦ | C12: Обл. НДС Сольвент, 1,0 л (0,67 кг) Надходження товарів і послуг ІБ00-003386 від 02.06.2025 11:00:00 Котельна (Глобине) | D12: Лозовий Микола Миколайович ФОП РАХУНКИ_Глобино-2 Рахунок на оплату постачальника ІБ00-002335 від 01.06.2025 23:13:16 | E12: 205 | F12: 304 | H12: 631 | K12: Д | L12: 3282143
A13: 09.06.2025 | B13: Переміщення товарів ІБ00-000543 від 09.06.2025 11:10:00 Перемещение ТМЦ | C13: Обл. НДС Грунт-емаль ПФ-012 Р сірий (кг) Надходження товарів і послуг ІБ00-002854 від 09.06.2025 11:00:00 Котельна (Глобине) | D13: Обл. НДС Грунт-емаль ПФ-012 Р сірий (кг) Надходження товарів і послуг ІБ00-002854 від 09.06.2025 11:00:00 Глобине-2 | E13: 205 | F13: 4458.5 | H13: 205 | K13: Д | L13: 3286601.5
A14: 09.06.2025 | B14: Переміщення товарів ІБ00-000543 від 09.06.2025 11:10:00 Перемещение ТМЦ | C14: Обл. НДС Розчинник "White Spirit" (л) Надходження товарів і послуг ІБ00-002854 від 09.06.2025 11:00:00 Котельна (Глобине) | D14: Обл. НДС Розчинник "White Spirit" (л) Надходження товарів і послуг ІБ00-002854 від 09.06.2025 11:00:00 Глобине-2 | E14: 205 | F14: 1313.4 | H14: 205 | K14: Д | L14: 3287914.9
... A22: 17.06.2025 | B22: Надходження товарів і послуг ІБ00-003042 від 17.06.2025 11:00:00 Оприходованы ТМЦ (Зачет аванса поставщику) | C22: Обл. НДС Газоблок 300*200*600 шт Надходження товарів і послуг ІБ00-003042 від 17.06.2025 11:00:00 Котельна (Глобине) | D22: СТАНДАРТ БУД ГРУП РАХУНКИ_Глобино-2 Рахунок на оплату постачальника ІБ00-002463 від 13.06.2025 18:33:03 | E22: 205 | F22: 4195.61 | H22: 631 | K22: Д | L22: 3460828.2
A23: 19.06.2025 | B23: Вимога-накладна ІБ00-000451 від 19.06.2025 09:22:08 Списаны ТМЦ | C23: Обл. НДС Виробничий (Глобине-2) Глобине-2 Прямі материальні виробничі витрати крім зворотніх відходів | D23: Обл. НДС Сендвіч-панель ТПК стінова 150мм МВ 1000мм термо замок С0,5 PS/C 0.5 PS 4,95м трапеція 9006 срібл/тр Надходження товарів і послуг ІБ00-001144 від 17.03.2025 17:20:38 Котельна (Глобине) | E23: 231 | H23: 205 | I23: 6294.77 | K23: Д | L23: 3454533.4
A24: 19.06.2025 | B24: Вимога-накладна ІБ00-000451 від 19.06.2025 09:22:08 Списаны ТМЦ | C24: Обл. НДС Виробничий (Глобине-2) Глобине-2 Прямі материальні виробничі витрати крім зворотніх відходів | D24: Обл. НДС Сендвіч-панель ТПК стінова 150мм МВ 1000мм термо замок С0,5 PS/C 0.5 PS 6,29м трапеція 9006 срібл/тр Надходження товарів і послуг ІБ00-001144 від 17.03.2025 17:20:38 Котельна (Глобине) | E24: 231 | H24: 205 | I24: 7998.8 | K24: Д | L24: 3446534.6
A25: 19.06.2025 | B25: Вимога-накладна ІБ00-000451 від 19.06.2025 09:22:08 Списаны ТМЦ | C25: Обл. НДС Виробничий (Глобине-2) Глобине-2 Прямі материальні виробничі витрати крім зворотніх відходів | D25: Обл. НДС Сендвіч-панель ТПК стінова 150мм МВ 1000мм термо замок С0,5 PS/C 0.5 PS 5,98м трапеція 9006 срібл/тр Надходження товарів і послуг ІБ00-001142 від 17.03.2025 17:20:37 Котельна (Глобине) | E25: 231 | H25: 205 | I25: 15209.17 | K25: Д | L25: 3431325.4
A26: 19.06.2025 | B26: Вимога-накладна ІБ00-000451 від 19.06.2025 09:22:08 Списаны ТМЦ | C26: Обл. НДС Виробничий (Глобине-2) Глобине-2 Прямі материальні виробничі витрати крім зворотніх відходів | D26: Обл. НДС Сендвіч-панель ТПК стінова 150мм МВ 1000мм термо замок С0,5 PS/C 0.5 PS 5,98м трапеція 9006 срібл/тр Надходження товарів і послуг ІБ00-001144 від 17.03.2025 17:20:38 Котельна (Глобине) | E26: 231 | H26: 205 | I26: 38022.93 | K26: Д | L26: 3393302.5
A27: 19.06.2025 | B27: Вимога-накладна ІБ00-000451 від 19.06.2025 09:22:08 Списаны ТМЦ | C27: Обл. НДС Виробничий (Глобине-2) Глобине-2 Прямі материальні виробничі витрати крім зворотніх відходів | D27: Обл. НДС Сендвіч-панель ТПК стінова 150мм МВ 1000мм термо замок С0,5 PS/C 0.5 PS 6,14м трапеція 9006 срібл/тр Надходження товарів і послуг ІБ00-001144 від 17.03.2025 17:20:38 Котельна (Глобине) | E27: 231 | H27: 205 | I27: 78080.54 | K27: Д | L27: 3315222
A28: 19.06.2025 | B28: Вимога-накладна ІБ00-000451 від 19.06.2025 09:22:08 Списаны ТМЦ | C28: Обл. НДС Виробничий (Глобине-2) Глобине-2 Прямі материальні виробничі витрати крім зворотніх відходів | D28: Обл. НДС Сендвіч-панель ТПК стінова 150мм МВ 1000мм термо замок С0,5 PS/C 0.5 PS 6,10м трапеція 9006 срібл/тр Надходження товарів і послуг ІБ00-001144 від 17.03.2025 17:20:38 Котельна (Глобине) | E28: 231 | H28: 205 | I28: 7757.19 | K28: Д | L28: 3307464.8
A29: 19.06.2025 | B29: Вимога-накладна ІБ00-000451 від 19.06.2025 09:22:08 Списаны ТМЦ | C29: Обл. НДС Виробничий (Глобине-2) Глобине-2 Прямі материальні виробничі витрати крім зворотніх відходів | D29: Обл. НДС Сендвіч-панель ТПК стінова 150мм МВ 1000мм термо замок С0,5 PS/C 0.5 PS 6,29м трап 5005 син/9003 біл Надходження товарів і послуг ІБ00-001144 від 17.03.2025 17:20:38 Котельна (Глобине) | E29: 231 | H29: 205 | I29: 7617.38 | K29: Д | L29: 3299847.4
A30: 19.06.2025 | B30: Вимога-накладна ІБ00-000451 від 19.06.2025 09:22:08 Списаны ТМЦ | C30: Обл. НДС Виробничий (Глобине-2) Глобине-2 Прямі материальні виробничі витрати крім зворотніх відходів | D30: Обл. НДС Сендвіч-панель ТПК стінова 150мм МВ 1000мм термо замок С0,5 PS/C 0.5 PS 4,95м трапеція 5005синій/900 Надходження товарів і послуг ІБ00-001144 від 17.03.2025 17:20:38 Котельна (Глобине) | E30: 231 | H30: 205 | I30: 6868.13 | K30: Д | L30: 3292979.3
A31: 19.06.2025 | B31: Вимога-накладна ІБ00-000451 від 19.06.2025 09:22:08 Списаны ТМЦ | C31: Обл. НДС Виробничий (Глобине-2) Глобине-2 Прямі материальні виробничі витрати крім зворотніх відходів | D31: Обл. НДС Сендвіч-панель ТПК стінова 150мм МВ 1000мм термо замок С0,5 PS/C 0.5 PS 5,98м трапеція 5005 син/9003 Надходження товарів і послуг ІБ00-001144 від 17.03.2025 17:20:38 Котельна (Глобине) | E31: 231 | H31: 205 | I31: 16594.5 | K31: Д | L31: 3276384.8
A32: 19.06.2025 | B32: Вимога-накладна ІБ00-000451 від 19.06.2025 09:22:08 Списаны ТМЦ | C32: Обл. НДС Виробничий (Глобине-2) Глобине-2 Прямі материальні виробничі витрати крім зворотніх відходів | D32: Обл. НДС Сендвіч-панель ТПК стінова 150мм МВ 1000мм термо замок С0,5 PS/C 0.5 PS 6,14м трап 5005 син/9003 біл Надходження товарів і послуг ІБ00-001144 від 17.03.2025 17:20:38 Котельна (Глобине) | E32: 231 | H32: 205 | I32: 8519.25 | K32: Д | L32: 3267865.5
A33: 19.06.2025 | B33: Вимога-накладна ІБ00-000451 від 19.06.2025 09:22:08 Списаны ТМЦ | C33: Обл. НДС Виробничий (Глобине-2) Глобине-2 Прямі материальні виробничі витрати крім зворотніх відходів | D33: Обл. НДС Стрічка ущільнювальна ТПК УП-1 ППЕ НХ (5*50 мм 20 м) Надходження товарів і послуг ІБ00-001149 від 14.03.2025 17:50:57 Котельна (Глобине) | E33: 231 | H33: 205 | I33: 607.93 | K33: Д | L33: 3267257.6
A34: 19.06.2025 | B34: Вимога-накладна ІБ00-000451 від 19.06.2025 09:22:08 Списаны ТМЦ | C34: Обл. НДС Виробничий (Глобине-2) Глобине-2 Прямі материальні виробничі витрати крім зворотніх відходів | D34: Обл. НДС Клей-герметик д/сендвіч-панелей, 600 мл Надходження товарів і послуг ІБ00-001149 від 14.03.2025 17:50:57 Котельна (Глобине) | E34: 231 | H34: 205 | I34: 2788.5 | K34: Д | L34: 3264469.1
... A36: 19.06.2025 | B36: Вимога-накладна ІБ00-000451 від 19.06.2025 09:22:08 Списаны ТМЦ | C36: Обл. НДС Виробничий (Глобине-2) Глобине-2 Прямі материальні виробничі витрати крім зворотніх відходів | D36: Обл. НДС Самонаріз до сендвіч-панелей 6,3/7*155 срібло 9006 до 16мм з гол Надходження товарів і послуг ІБ00-001149 від 14.03.2025 17:50:57 Котельна (Глобине) | E36: 231 | H36: 205 | I36: 3941.3 | K36: Д | L36: 3259345.4
A37: 20.06.2025 | B37: Переміщення товарів ІБ00-000606 від 20.06.2025 09:00:00 Перемещение ТМЦ | C37: Обл. НДС Болт М12*35 DIN 933 Надходження товарів і послуг ІБ00-001073 від 06.03.2025 22:00:30 Котельна (Глобине) | D37: Обл. НДС Болт М12*35 DIN 933 Надходження товарів і послуг ІБ00-001073 від 06.03.2025 22:00:30 Насосна Градирня (Глобине) | E37: 205 | F37: 111.04 | H37: 205 | K37: Д | L37: 3259456.4
A38: 20.06.2025 | B38: Переміщення товарів ІБ00-000606 від 20.06.2025 09:00:00 Перемещение ТМЦ | C38: Обл. НДС Болт М12*65 DIN 933 Надходження товарів і послуг ІБ00-001073 від 06.03.2025 22:00:30 Котельна (Глобине) | D38: Обл. НДС Болт М12*65 DIN 933 Надходження товарів і послуг ІБ00-001073 від 06.03.2025 22:00:30 Насосна Градирня (Глобине) | E38: 205 | F38: 321.04 | H38: 205 | K38: Д | L38: 3259777.5
A39: 20.06.2025 | B39: Переміщення товарів ІБ00-000606 від 20.06.2025 09:00:00 Перемещение ТМЦ | C39: Обл. НДС Гайка DIN934 M 12 Надходження товарів і послуг ІБ00-001073 від 06.03.2025 22:00:30 Котельна (Глобине) | D39: Обл. НДС Гайка DIN934 M 12 Надходження товарів і послуг ІБ00-001073 від 06.03.2025 22:00:30 Насосна Градирня (Глобине) | E39: 205 | F39: 117.16 | H39: 205 | K39: Д | L39: 3259894.6
A40: 20.06.2025 | B40: Вимога-накладна ІБ00-000475 від 20.06.2025 18:06:17 Списаны ТМЦ | C40: Обл. НДС Виробничий (Глобине-2) Глобине-2 Прямі материальні виробничі витрати крім зворотніх відходів | D40: Обл. НДС Сендвіч-панель ТПК стінова 100мм МВ 1000мм відкр замок С0,5 PS/C 0.5 PS 3,00м трапеція 9006 срібл/тр Надходження товарів і послуг ІБ00-001142 від 17.03.2025 17:20:37 Котельна (Глобине) | E40: 231 | H40: 205 | I40: 6499.98 | K40: Д | L40: 3253394.6
A41: 20.06.2025 | B41: Вимога-накладна ІБ00-000475 від 20.06.2025 18:06:17 Списаны ТМЦ | C41: Обл. НДС Виробничий (Глобине-2) Глобине-2 Прямі материальні виробничі витрати крім зворотніх відходів | D41: Обл. НДС Сендвіч-панель ТПК стінова 100мм МВ 1000мм відкр замок С0,5 PS/C 0.5 PS 4,60м трапеція 9006 срібл/тр Надходження товарів і послуг ІБ00-001145 від 17.03.2025 17:20:39 Котельна (Глобине) | E41: 231 | H41: 205 | I41: 9966.64 | K41: Д | L41: 3243428
A42: 20.06.2025 | B42: Вимога-накладна ІБ00-000475 від 20.06.2025 18:06:17 Списаны ТМЦ | C42: Обл. НДС Виробничий (Глобине-2) Глобине-2 Прямі материальні виробничі витрати крім зворотніх відходів | D42: Обл. НДС Сендвіч-панель ТПК стінова 100мм МВ 1000мм відкр замок С0,5 PS/C 0.5 PS 3,30м трапеція 9006 срібл/тр Надходження товарів і послуг ІБ00-001142 від 17.03.2025 17:20:37 Котельна (Глобине) | E42: 231 | H42: 205 | I42: 10724.97 | K42: Д | L42: 3232703
A43: 20.06.2025 | B43: Вимога-накладна ІБ00-000475 від 20.06.2025 18:06:17 Списаны ТМЦ | C43: Обл. НДС Виробничий (Глобине-2) Глобине-2 Прямі материальні виробничі витрати крім зворотніх відходів | D43: Обл. НДС Сендвіч-панель ТПК стінова 100мм МВ 1150мм відкр замок С0,5 PS/C 0.5 PS 5,98м трапеція 9006 срібл/тр Надходження товарів і послуг ІБ00-001149 від 14.03.2025 17:50:57 Котельна (Глобине) | E43: 231 | H43: 205 | I43: 3066.33 | K43: Д | L43: 3229636.7
A44: 20.06.2025 | B44: Вимога-накладна ІБ00-000475 від 20.06.2025 18:06:17 Списаны ТМЦ | C44: Обл. НДС Виробничий (Глобине-2) Глобине-2 Прямі материальні виробничі витрати крім зворотніх відходів | D44: Обл. НДС Сендвіч-панель ТПК стінова 100мм МВ 1150мм відкр замок С0,5 PS/C 0.5 PS 5,98м трапеція 9006 срібл/тр Надходження товарів і послуг ІБ00-001144 від 17.03.2025 17:20:38 Котельна (Глобине) | E44: 231 | H44: 205 | I44: 15908.84 | K44: Д | L44: 3213727.9
A45: 20.06.2025 | B45: Вимога-накладна ІБ00-000475 від 20.06.2025 18:06:17 Списаны ТМЦ | C45: Обл. НДС Виробничий (Глобине-2) Глобине-2 Прямі материальні виробничі витрати крім зворотніх відходів | D45: Обл. НДС Сендвіч-панель ТПК стінова 100мм МВ 1150мм відкр замок С0,5 PS/C 0.5 PS 5,98м трапеція 9006 срібл/тр Надходження товарів і послуг ІБ00-001145 від 17.03.2025 17:20:39 Котельна (Глобине) | E45: 231 | H45: 205 | I45: 137707.49 | K45: Д | L45: 3076020.4
A46: 20.06.2025 | B46: Вимога-накладна ІБ00-000475 від 20.06.2025 18:06:17 Списаны ТМЦ | C46: Обл. НДС Виробничий (Глобине-2) Глобине-2 Прямі материальні виробничі витрати крім зворотніх відходів | D46: Обл. НДС Сендвіч-панель ТПК стінова 100мм МВ 1150мм відкр замок С0,5 PS/C 0.5 PS 6,24м трапеція 9006 срібл/тр Надходження товарів і послуг ІБ00-001145 від 17.03.2025 17:20:39 Котельна (Глобине) | E46: 231 | H46: 205 | I46: 16791.62 | K46: Д | L46: 3059228.8
A47: 20.06.2025 | B47: Вимога-накладна ІБ00-000475 від 20.06.2025 18:06:17 Списаны ТМЦ | C47: Обл. НДС Виробничий (Глобине-2) Глобине-2 Прямі материальні виробничі витрати крім зворотніх відходів | D47: Обл. НДС Сендвіч-панель ТПК стінова 100мм МВ 1000мм відкр замок С0,5 PS/C 0.5 PS 3,74м трапеція 9006 срібл/тр Надходження товарів і послуг ІБ00-001149 від 14.03.2025 17:50:57 Котельна (Глобине) | E47: 231 | H47: 205 | I47: 16954.62 | K47: Д | L47: 3042274.1
A48: 20.06.2025 | B48: Вимога-накладна ІБ00-000475 від 20.06.2025 18:06:17 Списаны ТМЦ | C48: Обл. НДС Виробничий (Глобине-2) Глобине-2 Прямі материальні виробничі витрати крім зворотніх відходів | D48: Обл. НДС Сендвіч-панель ТПК стінова 100мм МВ 1000мм відкр замок С0,5 PS/C 0.5 PS 3,74м трапеція 9006 срібл/тр Надходження товарів і послуг ІБ00-001142 від 17.03.2025 17:20:37 Котельна (Глобине) | E48: 231 | H48: 205 | I48: 8103.31 | K48: Д | L48: 3034170.8
A49: 20.06.2025 | B49: Вимога-накладна ІБ00-000475 від 20.06.2025 18:06:17 Списаны ТМЦ | C49: Обл. НДС Виробничий (Глобине-2) Глобине-2 Прямі материальні виробничі витрати крім зворотніх відходів | D49: Обл. НДС Сендвіч-панель ТПК стінова 100мм МВ 1000мм відкр замок С0,5 PS/C 0.5 PS 2,65м трапеція 9006 срібл/тр Надходження товарів і послуг ІБ00-001142 від 17.03.2025 17:20:37 Котельна (Глобине) | E49: 231 | H49: 205 | I49: 2870.83 | K49: Д | L49: 3031300
A50: 20.06.2025 | B50: Вимога-накладна ІБ00-000475 від 20.06.2025 18:06:17 Списаны ТМЦ | C50: Обл. НДС Виробничий (Глобине-2) Глобине-2 Прямі материальні виробничі витрати крім зворотніх відходів | D50: Обл. НДС Стрічка ущільнювальна ТПК УП-1 ППЕ НХ (5*50 мм 20 м) Надходження товарів і послуг ІБ00-001149 від 14.03.2025 17:50:57 Котельна (Глобине) | E50: 231 | H50: 205 | I50: 1727.25 | K50: Д | L50: 3029572.8
A51: 20.06.2025 | B51: Вимога-накладна ІБ00-000475 від 20.06.2025 18:06:17 Списаны ТМЦ | C51: Обл. НДС Виробничий (Глобине-2) Глобине-2 Прямі материальні виробничі витрати крім зворотніх відходів | D51: Обл. НДС Самонаріз в метал до сендвіч-панелей 5,5*6,3/200 5005 синій Надходження товарів і послуг ІБ00-002542 від 23.05.2025 11:00:00 Котельна (Глобине) | E51: 231 | H51: 205 | I51: 9674.7 | K51: Д | L51: 3019898
... A117: 25.06.2025 | B117: Списання товарів ІБ00-000341 від 25.06.2025 23:13:16 Списаны ТМЦ | C117: Обл. НДС Виробничий (Глобине-2) Глобине-2 Прямі материальні виробничі витрати крім зворотніх відходів | D117: Обл. НДС Саморіз 4,8*19 для скріплення листів 250шт 5005 синій Надходження товарів і послуг ІБ00-002542 від 23.05.2025 11:00:00 Котельна (Глобине) | E117: 231 | H117: 205 | I117: 3440 | K117: Д | L117: 756697.32
A118: 26.06.2025 | B118: Надходження товарів і послуг ІБ00-003457 від 26.06.2025 11:00:00 Оприходованы ТМЦ | C118: Обл. НДС Грунт-емаль ПФ-012 Р сірий (кг) Надходження товарів і послуг ІБ00-003457 від 26.06.2025 11:00:00 Котельна (Глобине) | D118: Синтез ЛКМ РАХУНКИ_Глобино-2 Рахунок на оплату постачальника ІБ00-002872 від 26.06.2025 18:14:38 | E118: 205 | F118: 2562.5 | H118: 631 | K118: Д | L118: 759259.82
A119: Обороти за період та сальдо на кінець | E119: 199909.88 | H119: 2704680.1 | K119: Д | L119: 759259.82
J121: =SUBTOTAL(9,I23:J117) -> 2702839

Sheet Насосна Градирня
A1: Період | B1: Документ | C1: Аналітика Дт | D1: Аналітика Кт | E1: Дебет | H1: Кредит | K1: Поточне сальдо
E2: Рахунок | H2: Рахунок
A3: 20.06.2025 | B3: Переміщення товарів ІБ00-000606 від 20.06.2025 09:00:00 Перемещение ТМЦ | C3: Обл. НДС Болт М12*35 DIN 933 Надходження товарів і послуг ІБ00-001073 від 06.03.2025 22:00:30 Котельна (Глобине) | D3: Обл. НДС Болт М12*35 DIN 933 Надходження товарів і послуг ІБ00-001073 від 06.03.2025 22:00:30 Насосна Градирня (Глобине) | E3: 205 | H3: 205 | I3: 111.04 | K3: Д | L3: 29950.92
A4: 20.06.2025 | B4: Переміщення товарів ІБ00-000606 від 20.06.2025 09:00:00 Перемещение ТМЦ | C4: Обл. НДС Болт М12*65 DIN 933 Надходження товарів і послуг ІБ00-001073 від 06.03.2025 22:00:30 Котельна (Глобине) | D4: Обл. НДС Болт М12*65 DIN 933 Надходження товарів і послуг ІБ00-001073 від 06.03.2025 22:00:30 Насосна Градирня (Глобине) | E4: 205 | H4: 205 | I4: 321.04 | K4: Д | L4: 29629.88
A5: 20.06.2025 | B5: Переміщення товарів ІБ00-000606 від 20.06.2025 09:00:00 Перемещение ТМЦ | C5: Обл. НДС Гайка DIN934 M 12 Надходження товарів і послуг ІБ00-001073 від 06.03.2025 22:00:30 Котельна (Глобине) | D5: Обл. НДС Гайка DIN934 M 12 Надходження товарів і послуг ІБ00-001073 від 06.03.2025 22:00:30 Насосна Градирня (Глобине) | E5: 205 | H5: 205 | I5: 117.16 | K5: Д | L5: 29512.72
A6: Обороти за період та сальдо на кінець | E6: 0 | H6: 0 | K6: Д | L6: 29512.72
J8: 0

Sheet Пожежений резервуар
A1: Період | B1: Документ | C1: Аналітика Дт | D1: Аналітика Кт | E1: Дебет | H1: Кредит | K1: Поточне сальдо
E2: Рахунок | H2: Рахунок
A3: 09.06.2025 | B3: Переміщення товарів ІБ00-000525 від 09.06.2025 11:10:00 Перемещение ТМЦ | C3: Обл. НДС Бетон С20/25 W6 F75 P4 Надходження товарів і послуг ІБ00-002806 від 09.06.2025 11:00:00 Пожежений резервуар (Глобине) | D3: Обл. НДС Бетон С20/25 W6 F75 P4 Надходження товарів і послуг ІБ00-002806 від 09.06.2025 11:00:00 Глобине-2 | E3: 205 | F3: 107827.78 | H3: 205 | K3: Д | L3: 298001.58
A4: 10.06.2025 | B4: Надходження товарів і послуг ІБ00-002855 від 10.06.2025 11:00:00 Оприходованы ТМЦ | C4: Обл. НДС Щебінь 20-40 Надходження товарів і послуг ІБ00-002855 від 10.06.2025 11:00:00 Пожежений резервуар (Глобине) | D4: Енергія Логістик ТОВ №28/10-2024 ВІД 28/10/24_Глобине-2 Рахунок на оплату постачальника ІБ00-002408 від 10.06.2025 18:15:24 | E4: 205 | F4: 6453.58 | H4: 631 | K4: Д | L4: 304455.16
A5: 10.06.2025 | B5: Переміщення товарів ІБ00-000560 від 10.06.2025 11:10:00 Перемещение ТМЦ | C5: Обл. НДС Щебінь 20-40 Надходження товарів і послуг ІБ00-002855 від 10.06.2025 11:00:00 Резервуар для зберігання розчинника(Глобине) | D5: Обл. НДС Щебінь 20-40 Надходження товарів і послуг ІБ00-002855 від 10.06.2025 11:00:00 Пожежений резервуар (Глобине) | E5: 205 | H5: 205 | I5: 2746.62 | K5: Д | L5: 301708.54
A6: 10.06.2025 | B6: Переміщення товарів ІБ00-000561 від 10.06.2025 11:10:00 Перемещение ТМЦ | C6: Обл. НДС Щебінь 20-40 Надходження товарів і послуг ІБ00-002855 від 10.06.2025 11:00:00 СПК (Глобине) | D6: Обл. НДС Щебінь 20-40 Надходження товарів і послуг ІБ00-002855 від 10.06.2025 11:00:00 Пожежений резервуар (Глобине) | E6: 205 | H6: 205 | I6: 473 | K6: Д | L6: 301235.54
A7: 10.06.2025 | B7: Надходження дод. витрат ІБ00-000377 від 10.06.2025 11:10:00 Доп. расходы при поступлении товаров | C7: Обл. НДС Щебінь 20-40 Надходження товарів і послуг ІБ00-002855 від 10.06.2025 11:00:00 Пожежений резервуар (Глобине) | D7: Енергія Логістик ТОВ №28/10-2024 ВІД 28/10/24_Глобине-2 Рахунок на оплату постачальника ІБ00-002408 від 10.06.2025 18:15:24 | E7: 205 | F7: 6303.5 | H7: 631 | K7: Д | L7: 307539.04
A8: 11.06.2025 | B8: Надходження товарів і послуг ІБ00-003373 від 11.06.2025 11:00:00 Оприходованы ТМЦ | C8: Обл. НДС Брус 50х50 6 м Надходження товарів і послуг ІБ00-003373 від 11.06.2025 11:00:00 Пожежений резервуар (Глобине) | D8: Мошинець Ю.П. ФОП Рахунки_Глобине-2 Рахунок на оплату постачальника ІБ00-002437 від 01.06.2025 23:13:57 | E8: 205 | F8: 12488 | H8: 631 | K8: Д | L8: 320027.04
A9: 11.06.2025 | B9: Надходження товарів і послуг ІБ00-003428 від 11.06.2025 11:00:00 Оприходованы ТМЦ | C9: Обл. НДС Шнур бентонітовий ГІДРОСТОП 15*25 Надходження товарів і послуг ІБ00-003428 від 11.06.2025 11:00:00 Пожежений резервуар (Глобине) | D9: ПРОТЕКС УКРАЇНА Договір 9 від 11.12.2023_Глобине 2 Рахунок на оплату постачальника ІБ00-002735 від 10.06.2025 23:15:00 | E9: 205 | F9: 3925.5 | H9: 631 | K9: Д | L9: 323952.54
A10: 11.06.2025 | B10: Надходження товарів і послуг ІБ00-003428 від 11.06.2025 11:00:00 Оприходованы ТМЦ | C10: Обл. НДС Профіль кріпильний 25*15мм Надходження товарів і послуг ІБ00-003428 від 11.06.2025 11:00:00 Пожежений резервуар (Глобине) | D10: ПРОТЕКС УКРАЇНА Договір 9 від 11.12.2023_Глобине 2 Рахунок на оплату постачальника ІБ00-002735 від 10.06.2025 23:15:00 | E10: 205 | F10: 829.5 | H10: 631 | K10: Д | L10: 324782.04
A11: 13.06.2025 | B11: Надходження товарів і послуг ІБ00-002991 від 13.06.2025 11:00:00 Оприходованы ТМЦ | C11: Обл. НДС Арматура №10 А240С L=6000 мм Надходження товарів і послуг ІБ00-002991 від 13.06.2025 11:00:00 Пожежений резервуар (Глобине) | D11: МЕТІНВЕСТ-СМЦ ТОВ №1778403/01/2023-С от 11.01.2023 РАХУНКИ_Глобино-2 Рахунок на оплату постачальника ІБ00-002516 від 13.06.2025 18:33:30 | E11: 205 | F11: 8641.67 | H11: 631 | K11: Д | L11: 333423.71
A12: 13.06.2025 | B12: Надходження товарів і послуг ІБ00-002991 від 13.06.2025 11:00:00 Оприходованы ТМЦ | C12: Обл. НДС Арматура №14 А500С L=12000 мм Надходження товарів і послуг ІБ00-002991 від 13.06.2025 11:00:00 Пожежений резервуар (Глобине) | D12: МЕТІНВЕСТ-СМЦ ТОВ №1778403/01/2023-С от 11.01.2023 РАХУНКИ_Глобино-2 Рахунок на оплату постачальника ІБ00-002516 від 13.06.2025 18:33:30 | E12: 205 | F12: 87879.18 | H12: 631 | K12: Д | L12: 421302.89
A13: 14.06.2025 | B13: Надходження товарів і послуг ІБ00-002972 від 14.06.2025 11:00:00 Оприходованы ТМЦ | C13: Обл. НДС Кутики 100х100х7 мм; ст. 3пс5; 12 м Надходження товарів і послуг ІБ00-002972 від 14.06.2025 11:00:00 Пожежений резервуар (Глобине) | D13: МЕТІНВЕСТ-СМЦ ТОВ №1778403/01/2023-С от 11.01.2023 РАХУНКИ_Глобино-2 Рахунок на оплату постачальника ІБ00-002509 від 14.06.2025 12:00:00 | E13: 205 | F13: 10798.33 | H13: 631 | K13: Д | L13: 432101.22
A14: 16.06.2025 | B14: Переміщення товарів ІБ00-000554 від 16.06.2025 11:15:00 Перемещение ТМЦ | C14: Обл. НДС Бетон С 8/10 Р4 Надходження товарів і послуг ІБ00-002956 від 16.06.2025 11:00:00 Пожежений резервуар (Глобине) | D14: Обл. НДС Бетон С 8/10 Р4 Надходження товарів і послуг ІБ00-002956 від 16.06.2025 11:00:00 Глобине-2 | E14: 205 | F14: 13743.98 | H14: 205 | K14: Д | L14: 445845.2
A15: 17.06.2025 | B15: Надходження товарів і послуг ІБ00-003173 від 17.06.2025 11:00:00 Оприходованы ТМЦ | C15: Обл. НДС Пісок з відсіву дроблення щебеню фр. 0-5мм. Надходження товарів і послуг ІБ00-003173 від 17.06.2025 11:00:00 Пожежений резервуар (Глобине) | D15: Енергія Логістик ТОВ №28/10-2024 ВІД 28/10/24_Глобине-2 Рахунок на оплату постачальника ІБ00-002667 від 17.06.2025 21:59:12 | E15: 205 | F15: 8273.83 | H15: 631 | K15: Д | L15: 454119.03
A16: 17.06.2025 | B16: Переміщення товарів ІБ00-000558 від 17.06.2025 11:15:00 Перемещение ТМЦ | C16: Обл. НДС Бетон С20/25 W6 F75 P4 Надходження товарів і послуг ІБ00-003001 від 17.06.2025 11:00:00 Пожежений резервуар (Глобине) | D16: Обл. НДС Бетон С20/25 W6 F75 P4 Надходження товарів і послуг ІБ00-003001 від 17.06.2025 11:00:00 Глобине-2 | E16: 205 | F16: 113079.66 | H16: 205 | K16: Д | L16: 567198.69
A17: 18.06.2025 | B17: Переміщення товарів ІБ00-000562 від 18.06.2025 18:22:44 Перемещение ТМЦ | C17: Обл. НДС Бетон С20/25 W6 F75 P4 Надходження товарів і послуг ІБ00-002806 від 09.06.2025 11:00:00 Пункт фасування та зберігання в бігбегах (Глобине) | D17: Обл. НДС Бетон С20/25 W6 F75 P4 Надходження товарів і послуг ІБ00-002806 від 09.06.2025 11:00:00 Пожежений резервуар (Глобине) | E17: 205 | H17: 205 | I17: 55200.26 | K17: Д | L17: 511998.43
A18: 18.06.2025 | B18: Переміщення товарів ІБ00-000566 від 18.06.2025 18:22:49 Перемещение ТМЦ | C18: Обл. НДС Дріт 1,2 мм Н-О-Ч Надходження товарів і послуг ІБ00-000069 від 13.01.2025 17:25:04 Пожежений резервуар (Глобине) | D18: Обл. НДС Дріт 1,2 мм Н-О-Ч Надходження товарів і послуг ІБ00-000069 від 13.01.2025 17:25:04 Глобине-2 | E18: 205 | F18: 323 | H18: 205 | K18: Д | L18: 512321.43
A19: 19.06.2025 | B19: Вимога-накладна ІБ00-000454 від 19.06.2025 10:16:23 Списаны ТМЦ | C19: Обл. НДС Виробничий (Глобине-2) Глобине-2 Прямі материальні виробничі витрати крім зворотніх відходів | D19: Обл. НДС Арматура №14 А500С L=12000 мм Надходження товарів і послуг ІБ00-002991 від 13.06.2025 11:00:00 Пожежений резервуар (Глобине) | E19: 231 | H19: 205 | I19: 82693.76 | K19: Д | L19: 429627.67
A20: 19.06.2025 | B20: Вимога-накладна ІБ00-000454 від 19.06.2025 10:16:23 Списаны ТМЦ | C20: Обл. НДС Виробничий (Глобине-2) Глобине-2 Прямі материальні виробничі витрати крім зворотніх відходів | D20: Обл. НДС Дріт 1,2 мм Н-О-Ч Надходження товарів і послуг ІБ00-000069 від 13.01.2025 17:25:04 Пожежений резервуар (Глобине) | E20: 231 | H20: 205 | I20: 323 | K20: Д | L20: 429304.67
A21: 19.06.2025 | B21: Вимога-накладна ІБ00-000454 від 19.06.2025 10:16:23 Списаны ТМЦ | C21: Обл. НДС Виробничий (Глобине-2) Глобине-2 Прямі материальні виробничі витрати крім зворотніх відходів | D21: Обл. НДС Труба 325*7,0мм Надходження товарів і послуг ІБ00-002202 від 01.05.2025 11:00:00 Пожежений резервуар (Глобине) | E21: 231 | H21: 205 | I21: 1768.39 | K21: Д | L21: 427536.28
A22: 19.06.2025 | B22: Вимога-накладна ІБ00-000454 від 19.06.2025 10:16:23 Списаны ТМЦ | C22: Обл. НДС Виробничий (Глобине-2) Глобине-2 Прямі материальні виробничі витрати крім зворотніх відходів | D22: Обл. НДС Труба 530*8,0мм Надходження товарів і послуг ІБ00-002202 від 01.05.2025 11:00:00 Пожежений резервуар (Глобине) | E22: 231 | H22: 205 | I22: 4935.05 | K22: Д | L22: 422601.23
A23: 19.06.2025 | B23: Вимога-накладна ІБ00-000454 від 19.06.2025 10:16:23 Списаны ТМЦ | C23: Обл. НДС Виробничий (Глобине-2) Глобине-2 Прямі материальні виробничі витрати крім зворотніх відходів | D23: Обл. НДС Труба 720*8,0мм Надходження товарів і послуг ІБ00-002202 від 01.05.2025 11:00:00 Пожежений резервуар (Глобине) | E23: 231 | H23: 205 | I23: 5110.87 | K23: Д | L23: 417490.36
A24: 19.06.2025 | B24: Вимога-накладна ІБ00-000454 від 19.06.2025 10:16:23 Списаны ТМЦ | C24: Обл. НДС Виробничий (Глобине-2) Глобине-2 Прямі материальні виробничі витрати крім зворотніх відходів | D24: Обл. НДС Труба 920*9,0мм Надходження товарів і послуг ІБ00-002202 від 01.05.2025 11:00:00 Пожежений резервуар (Глобине) | E24: 231 | H24: 205 | I24: 11926.38 | K24: Д | L24: 405563.98
A25: 20.06.2025 | B25: Переміщення товарів ІБ00-000572 від 20.06.2025 10:00:00 Перемещение ТМЦ | C25: Обл. НДС Пенекрит 5кг/відро Надходження товарів і послуг ІБ00-000649 від 17.02.2025 23:45:08 Пожежений резервуар (Глобине) | D25: Обл. НДС Пенекрит 5кг/відро Надходження товарів і послуг ІБ00-000649 від 17.02.2025 23:45:08 Резервуар для зберігання розчинника(Глобине) | E25: 205 | F25: 1145.83 | H25: 205 | K25: Д | L25: 406709.81
A26: 20.06.2025 | B26: Переміщення товарів ІБ00-000575 від 20.06.2025 10:00:00 Перемещение ТМЦ | C26: Обл. НДС Щебінь 20-40 Надходження товарів і послуг ІБ00-002855 від 10.06.2025 11:00:00 СПК (Глобине) | D26: Обл. НДС Щебінь 20-40 Надходження товарів і послуг ІБ00-002855 від 10.06.2025 11:00:00 Пожежений резервуар (Глобине) | E26: 205 | H26: 205 | I26: 9537.46 | K26: Д | L26: 397172.35
A27: 20.06.2025 | B27: Переміщення товарів ІБ00-000576 від 20.06.2025 10:00:00 Перемещение ТМЦ | C27: Обл. НДС Бетон С20/25 W6 F75 P4 Надходження товарів і послуг ІБ00-002806 від 09.06.2025 11:00:00 АПК (Глобине) | D27: Обл. НДС Бетон С20/25 W6 F75 P4 Надходження товарів і послуг ІБ00-002806 від 09.06.2025 11:00:00 Пожежений резервуар (Глобине) | E27: 205 | H27: 205 | I27: 10290.93 | K27: Д | L27: 386881.42
A28: 20.06.2025 | B28: Переміщення товарів ІБ00-000576 від 20.06.2025 10:00:00 Перемещение ТМЦ | C28: Обл. НДС Пенетрон Адмікс 18кг/мішок/відро Надходження товарів і послуг ІБ00-001895 від 30.04.2025 11:00:00 АПК (Глобине) | D28: Обл. НДС Пенетрон Адмікс 18кг/мішок/відро Надходження товарів і послуг ІБ00-001895 від 30.04.2025 11:00:00 Пожежений резервуар (Глобине) | E28: 205 | H28: 205 | I28: 4218.75 | K28: Д | L28: 382662.67
A29: 20.06.2025 | B29: Переміщення товарів ІБ00-000576 від 20.06.2025 10:00:00 Перемещение ТМЦ | C29: Обл. НДС Шнур бентонітовий ГІДРОСТОП 15*25 Надходження товарів і послуг ІБ00-002192 від 01.05.2025 11:00:00 АПК (Глобине) | D29: Обл. НДС Шнур бентонітовий ГІДРОСТОП 15*25 Надходження товарів і послуг ІБ00-002192 від 01.05.2025 11:00:00 Пожежений резервуар (Глобине) | E29: 205 | H29: 205 | I29: 4051.96 | K29: Д | L29: 378610.71
A30: 20.06.2025 | B30: Переміщення товарів ІБ00-000576 від 20.06.2025 10:00:00 Перемещение ТМЦ | C30: Обл. НДС Профіль кріпильний 25*15мм Надходження товарів і послуг ІБ00-002192 від 01.05.2025 11:00:00 АПК (Глобине) | D30: Обл. НДС Профіль кріпильний 25*15мм Надходження товарів і послуг ІБ00-002192 від 01.05.2025 11:00:00 Пожежений резервуар (Глобине) | E30: 205 | H30: 205 | I30: 826.01 | K30: Д | L30: 377784.7
A31: 20.06.2025 | B31: Переміщення товарів ІБ00-000579 від 20.06.2025 10:00:00 Перемещение ТМЦ | C31: Обл. НДС Бетон С 20/25 F75 W6 Р4 Надходження товарів і послуг ІБ00-003063 від 19.06.2025 11:00:00 Пожежений резервуар (Глобине) | D31: Обл. НДС Бетон С 20/25 F75 W6 Р4 Надходження товарів і послуг ІБ00-003063 від 19.06.2025 11:00:00 Резервуар для зберігання розчинника(Глобине) | E31: 205 | F31: 71370.46 | H31: 205 | K31: Д | L31: 449155.16
A32: 20.06.2025 | B32: Вимога-накладна ІБ00-000473 від 20.06.2025 15:18:10 Списаны ТМЦ | C32: Обл. НДС Виробничий (Глобине-2) Глобине-2 Прямі материальні виробничі витрати крім зворотніх відходів | D32: Обл. НДС Бетон С20/25 W6 F75 P4 Надходження товарів і послуг ІБ00-002806 від 09.06.2025 11:00:00 Пожежений резервуар (Глобине) | E32: 231 | H32: 205 | I32: 42336.59 | K32: Д | L32: 406818.57
A33: 20.06.2025 | B33: Вимога-накладна ІБ00-000473 від 20.06.2025 15:18:10 Списаны ТМЦ | C33: Обл. НДС Виробничий (Глобине-2) Глобине-2 Прямі материальні виробничі витрати крім зворотніх відходів | D33: Обл. НДС Бетон С20/25 W6 F75 P4 Надходження товарів і послуг ІБ00-003001 від 17.06.2025 11:00:00 Пожежений резервуар (Глобине) | E33: 231 | H33: 205 | I33: 70133.2 | K33: Д | L33: 336685.37
A34: 20.06.2025 | B34: Вимога-накладна ІБ00-000473 від 20.06.2025 15:18:10 Списаны ТМЦ | C34: Обл. НДС Виробничий (Глобине-2) Глобине-2 Прямі материальні виробничі витрати крім зворотніх відходів | D34: Обл. НДС Пенекрит 25кг/відро Надходження товарів і послуг ІБ00-002340 від 08.05.2025 11:00:00 Пожежений резервуар (Глобине) | E34: 231 | H34: 205 | I34: 4687.5 | K34: Д | L34: 331997.87
A35: 20.06.2025 | B35: Вимога-накладна ІБ00-000473 від 20.06.2025 15:18:10 Списаны ТМЦ | C35: Обл. НДС Виробничий (Глобине-2) Глобине-2 Прямі материальні виробничі витрати крім зворотніх відходів | D35: Обл. НДС Пенекрит 5кг/відро Надходження товарів і послуг ІБ00-000649 від 17.02.2025 23:45:08 Пожежений резервуар (Глобине) | E35: 231 | H35: 205 | I35: 1145.83 | K35: Д | L35: 330852.04
A36: 20.06.2025 | B36: Вимога-накладна ІБ00-000473 від 20.06.2025 15:18:10 Списаны ТМЦ | C36: Обл. НДС Виробничий (Глобине-2) Глобине-2 Прямі материальні виробничі витрати крім зворотніх відходів | D36: Обл. НДС Шнур бентонітовий ГІДРОСТОП 15*25 Надходження товарів і послуг ІБ00-002192 від 01.05.2025 11:00:00 Пожежений резервуар (Глобине) | E36: 231 | H36: 205 | I36: 4327.45 | K36: Д | L36: 326524.59
A37: 20.06.2025 | B37: Вимога-накладна ІБ00-000473 від 20.06.2025 15:18:10 Списаны ТМЦ | C37: Обл. НДС Виробничий (Глобине-2) Глобине-2 Прямі материальні виробничі витрати крім зворотніх відходів | D37: Обл. НДС Профіль кріпильний 25*15мм Надходження товарів і послуг ІБ00-002192 від 01.05.2025 11:00:00 Пожежений резервуар (Глобине) | E37: 231 | H37: 205 | I37: 882.18 | K37: Д | L37: 325642.41
A38: 20.06.2025 | B38: Вимога-накладна ІБ00-000473 від 20.06.2025 15:18:10 Списаны ТМЦ | C38: Обл. НДС Виробничий (Глобине-2) Глобине-2 Прямі материальні виробничі витрати крім зворотніх відходів | D38: Обл. НДС Пенетрон Адмікс 18кг/мішок/відро Надходження товарів і послуг ІБ00-001895 від 30.04.2025 11:00:00 Пожежений резервуар (Глобине) | E38: 231 | H38: 205 | I38: 20587.5 | K38: Д | L38: 305054.91
A39: 20.06.2025 | B39: Списання товарів ІБ00-000326 від 20.06.2025 15:20:29 Списаны ТМЦ | C39: Обл. НДС Виробничий (Глобине-2) Глобине-2 Прямі материальні виробничі витрати крім зворотніх відходів | D39: Обл. НДС Плита вологост.орієнтовно-стружкова OSB 22мм Надходження товарів і послуг ІБ00-002044 від 01.04.2025 11:00:00 Пожежений резервуар (Глобине) | E39: 231 | H39: 205 | I39: 1050 | K39: Д | L39: 304004.91
A40: 20.06.2025 | B40: Списання товарів ІБ00-000332 від 20.06.2025 18:07:04 Списаны ТМЦ | C40: Обл. НДС Виробничий (Глобине-2) Глобине-2 Прямі материальні виробничі витрати крім зворотніх відходів | D40: Обл. НДС Плита вологост.орієнтовно-стружкова OSB 22мм Надходження товарів і послуг ІБ00-002044 від 01.04.2025 11:00:00 Пожежений резервуар (Глобине) | E40: 231 | H40: 205 | I40: 3150 | K40: Д | L40: 300854.91
A41: 21.06.2025 | B41: Надходження товарів і послуг ІБ00-003109 від 21.06.2025 11:00:00 Оприходованы ТМЦ | C41: Обл. НДС Пісок з відсіву дроблення щебеню фр. 0-5мм. Надходження товарів і послуг ІБ00-003109 від 21.06.2025 11:00:00 Пожежений резервуар (Глобине) | D41: Енергія Логістик ТОВ №28/10-2024 ВІД 28/10/24_Глобине-2 Рахунок на оплату постачальника ІБ00-002590 від 21.06.2025 12:00:02 | E41: 205 | F41: 4007.67 | H41: 631 | K41: Д | L41: 304862.58
A42: 21.06.2025 | B42: Вимога-накладна ІБ00-000487 від 21.06.2025 18:07:03 Списаны ТМЦ | C42: Обл. НДС Виробничий (Глобине-2) Глобине-2 Прямі материальні виробничі витрати крім зворотніх відходів | D42: Обл. НДС Бетон С20/25 W6 F75 P4 Надходження товарів і послуг ІБ00-003001 від 17.06.2025 11:00:00 Пожежений резервуар (Глобине) | E42: 231 | H42: 205 | I42: 42946.46 | K42: Д | L42: 261916.12
A43: 21.06.2025 | B43: Вимога-накладна ІБ00-000487 від 21.06.2025 18:07:03 Списаны ТМЦ | C43: Обл. НДС Виробничий (Глобине-2) Глобине-2 Прямі материальні виробничі витрати крім зворотніх відходів | D43: Обл. НДС Бетон С 20/25 F75 W6 Р4 Надходження товарів і послуг ІБ00-003063 від 19.06.2025 11:00:00 Пожежений резервуар (Глобине) | E43: 231 | H43: 205 | I43: 71370.46 | K43: Д | L43: 190545.66
A44: 21.06.2025 | B44: Вимога-накладна ІБ00-000487 від 21.06.2025 18:07:03 Списаны ТМЦ | C44: Обл. НДС Виробничий (Глобине-2) Глобине-2 Прямі материальні виробничі витрати крім зворотніх відходів | D44: Обл. НДС Шнур бентонітовий ГІДРОСТОП 15*25 Надходження товарів і послуг ІБ00-002192 від 01.05.2025 11:00:00 Пожежений резервуар (Глобине) | E44: 231 | H44: 205 | I44: 763.09 | K44: Д | L44: 189782.57
A45: 21.06.2025 | B45: Вимога-накладна ІБ00-000487 від 21.06.2025 18:07:03 Списаны ТМЦ | C45: Обл. НДС Виробничий (Глобине-2) Глобине-2 Прямі материальні виробничі витрати крім зворотніх відходів | D45: Обл. НДС Профіль кріпильний 25*15мм Надходження товарів і послуг ІБ00-002192 від 01.05.2025 11:00:00 Пожежений резервуар (Глобине) | E45: 231 | H45: 205 | I45: 155.56 | K45: Д | L45: 189627.01
A46: 21.06.2025 | B46: Вимога-накладна ІБ00-000487 від 21.06.2025 18:07:03 Списаны ТМЦ | C46: Обл. НДС Виробничий (Глобине-2) Глобине-2 Прямі материальні виробничі витрати крім зворотніх відходів | D46: Обл. НДС Пенетрон Адмікс 18кг/мішок/відро Надходження товарів і послуг ІБ00-001895 від 30.04.2025 11:00:00 Пожежений резервуар (Глобине) | E46: 231 | H46: 205 | I46: 20283.75 | K46: Д | L46: 169343.26
A47: 21.06.2025 | B47: Вимога-накладна ІБ00-000487 від 21.06.2025 18:07:03 Списаны ТМЦ | C47: Обл. НДС Виробничий (Глобине-2) Глобине-2 Прямі материальні виробничі витрати крім зворотніх відходів | D47: Обл. НДС Пісок з відсіву дроблення щебеню фр. 0-5мм. Надходження товарів і послуг ІБ00-003173 від 17.06.2025 11:00:00 Пожежений резервуар (Глобине) | E47: 231 | H47: 205 | I47: 1376.83 | K47: Д | L47: 167966.43
A48: 24.06.2025 | B48: Переміщення товарів ІБ00-000591 від 24.06.2025 11:10:00 Перемещение ТМЦ | C48: Обл. НДС Бетон С 20/25 F75 W6 Р4 Надходження товарів і послуг ІБ00-003180 від 24.06.2025 11:00:00 Пожежений резервуар (Глобине) | D48: Обл. НДС Бетон С 20/25 F75 W6 Р4 Надходження товарів і послуг ІБ00-003180 від 24.06.2025 11:00:00 Глобине-2 | E48: 205 | F48: 32374.49 | H48: 205 | K48: Д | L48: 200340.92
A49: 25.06.2025 | B49: Переміщення товарів ІБ00-000608 від 25.06.2025 10:00:00 Перемещение ТМЦ | C49: Обл. НДС Арматура 12 міра (12-3760 А500С/А400С) Надходження товарів і послуг ІБ00-001657 від 01.04.2025 11:00:00 Пожежений резервуар (Глобине) | D49: Обл. НДС Арматура 12 міра (12-3760 А500С/А400С) Надходження товарів і послуг ІБ00-001657 від 01.04.2025 11:00:00 Транспортна галерея (Глобине) | E49: 205 | F49: 3923.95 | H49: 205 | K49: Д | L49: 204264.87
A50: 25.06.2025 | B50: Переміщення товарів ІБ00-000608 від 25.06.2025 10:00:00 Перемещение ТМЦ | C50: Обл. НДС Арматура 14 міра (12-3760 А500С/А400С) Надходження товарів і послуг ІБ00-001657 від 01.04.2025 11:00:00 Пожежений резервуар (Глобине) | D50: Обл. НДС Арматура 14 міра (12-3760 А500С/А400С) Надходження товарів і послуг ІБ00-001657 від 01.04.2025 11:00:00 Транспортна галерея (Глобине) | E50: 205 | F50: 30971.2 | H50: 205 | K50: Д | L50: 235236.07
A51: 25.06.2025 | B51: Переміщення товарів ІБ00-000609 від 25.06.2025 10:00:00 Перемещение ТМЦ | C51: Обл. НДС Емульсія бітумна Р-10 EN каністра 20л Надходження товарів і послуг ІБ00-002088 від 19.12.2023 18:21:48 Пожежений резервуар (Глобине) | D51: Обл. НДС Емульсія бітумна Р-10 EN каністра 20л Надходження товарів і послуг ІБ00-002088 від 19.12.2023 18:21:48 Глобине-2 | E51: 205 | F51: 5960.55 | H51: 205 | K51: Д | L51: 241196.62
A52: 25.06.2025 | B52: Переміщення товарів ІБ00-000611 від 25.06.2025 10:00:00 Перемещение ТМЦ | C52: Обл. НДС Бетон С 20/25 F75 W6 Р4 Надходження товарів і послуг ІБ00-003180 від 24.06.2025 11:00:00 Резервуар для зберігання розчинника(Глобине) | D52: Обл. НДС Бетон С 20/25 F75 W6 Р4 Надходження товарів і послуг ІБ00-003180 від 24.06.2025 11:00:00 Пожежений резервуар (Глобине) | E52: 205 | H52: 205 | I52: 12645.09 | K52: Д | L52: 228551.53
A53: 25.06.2025 | B53: Переміщення товарів ІБ00-000607 від 25.06.2025 10:13:01 Перемещение ТМЦ | C53: Обл. НДС Арматура №12 А240С L=6000 мм Надходження товарів і послуг ІБ00-002989 від 13.06.2025 11:00:00 Пожежений резервуар (Глобине) | D53: Обл. НДС Арматура №12 А240С L=6000 мм Надходження товарів і послуг ІБ00-002989 від 13.06.2025 11:00:00 СПК (Глобине) | E53: 205 | F53: 17588.33 | H53: 205 | K53: Д | L53: 246139.86
A54: 25.06.2025 | B54: Переміщення товарів ІБ00-000607 від 25.06.2025 10:13:01 Перемещение ТМЦ | C54: Обл. НДС Арматура №12 А500С L=12000 мм Надходження товарів і послуг ІБ00-002836 від 06.06.2025 18:22:55 Пожежений резервуар (Глобине) | D54: Обл. НДС Арматура №12 А500С L=12000 мм Надходження товарів і послуг ІБ00-002836 від 06.06.2025 18:22:55 СПК (Глобине) | E54: 205 | F54: 4093.75 | H54: 205 | K54: Д | L54: 250233.61
A55: 25.06.2025 | B55: Вимога-накладна ІБ00-000508 від 25.06.2025 23:13:00 Списаны ТМЦ | C55: Обл. НДС Виробничий (Глобине-2) Глобине-2 Прямі материальні виробничі витрати крім зворотніх відходів | D55: Обл. НДС Арматура №10 А240С L=6000 мм Надходження товарів і послуг ІБ00-002991 від 13.06.2025 11:00:00 Пожежений резервуар (Глобине) | E55: 231 | H55: 205 | I55: 2266.67 | K55: Д | L55: 247966.94
A56: 25.06.2025 | B56: Вимога-накладна ІБ00-000508 від 25.06.2025 23:13:00 Списаны ТМЦ | C56: Обл. НДС Виробничий (Глобине-2) Глобине-2 Прямі материальні виробничі витрати крім зворотніх відходів | D56: Обл. НДС Арматура №12 А240С L=6000 мм Надходження товарів і послуг ІБ00-002989 від 13.06.2025 11:00:00 Пожежений резервуар (Глобине) | E56: 231 | H56: 205 | I56: 17588.33 | K56: Д | L56: 230378.61
A57: 25.06.2025 | B57: Вимога-накладна ІБ00-000508 від 25.06.2025 23:13:00 Списаны ТМЦ | C57: Обл. НДС Виробничий (Глобине-2) Глобине-2 Прямі материальні виробничі витрати крім зворотніх відходів | D57: Обл. НДС Арматура 12 міра (12-3760 А500С/А400С) Надходження товарів і послуг ІБ00-001657 від 01.04.2025 11:00:00 Пожежений резервуар (Глобине) | E57: 231 | H57: 205 | I57: 3923.95 | K57: Д | L57: 226454.66
A58: 25.06.2025 | B58: Вимога-накладна ІБ00-000508 від 25.06.2025 23:13:00 Списаны ТМЦ | C58: Обл. НДС Виробничий (Глобине-2) Глобине-2 Прямі материальні виробничі витрати крім зворотніх відходів | D58: Обл. НДС Арматура №12 А500С L=12000 мм Надходження товарів і послуг ІБ00-002836 від 06.06.2025 18:22:55 Пожежений резервуар (Глобине) | E58: 231 | H58: 205 | I58: 4093.75 | K58: Д | L58: 222360.91
A59: 25.06.2025 | B59: Вимога-накладна ІБ00-000508 від 25.06.2025 23:13:00 Списаны ТМЦ | C59: Обл. НДС Виробничий (Глобине-2) Глобине-2 Прямі материальні виробничі витрати крім зворотніх відходів | D59: Обл. НДС Арматура №14 А500С L=12000 мм Надходження товарів і послуг ІБ00-002991 від 13.06.2025 11:00:00 Пожежений резервуар (Глобине) | E59: 231 | H59: 205 | I59: 5185.42 | K59: Д | L59: 217175.49
A60: 25.06.2025 | B60: Вимога-накладна ІБ00-000508 від 25.06.2025 23:13:00 Списаны ТМЦ | C60: Обл. НДС Виробничий (Глобине-2) Глобине-2 Прямі материальні виробничі витрати крім зворотніх відходів | D60: Обл. НДС Арматура 14 міра (12-3760 А500С/А400С) Надходження товарів і послуг ІБ00-001657 від 01.04.2025 11:00:00 Пожежений резервуар (Глобине) | E60: 231 | H60: 205 | I60: 30971.2 | K60: Д | L60: 186204.29
A61: 25.06.2025 | B61: Вимога-накладна ІБ00-000508 від 25.06.2025 23:13:00 Списаны ТМЦ | C61: Обл. НДС Виробничий (Глобине-2) Глобине-2 Прямі материальні виробничі витрати крім зворотніх відходів | D61: Обл. НДС Бетон С 8/10 Р4 Надходження товарів і послуг ІБ00-002052 від 07.05.2025 11:00:00 Пожежений резервуар (Глобине) | E61: 231 | H61: 205 | I61: 8687.7 | K61: Д | L61: 177516.59
A62: 25.06.2025 | B62: Вимога-накладна ІБ00-000508 від 25.06.2025 23:13:00 Списаны ТМЦ | C62: Обл. НДС Виробничий (Глобине-2) Глобине-2 Прямі материальні виробничі витрати крім зворотніх відходів | D62: Обл. НДС Бетон С 8/10 Р4 Надходження товарів і послуг ІБ00-002956 від 16.06.2025 11:00:00 Пожежений резервуар (Глобине) | E62: 231 | H62: 205 | I62: 6817.01 | K62: Д | L62: 170699.58
A63: 25.06.2025 | B63: Вимога-накладна ІБ00-000508 від 25.06.2025 23:13:00 Списаны ТМЦ | C63: Обл. НДС Виробничий (Глобине-2) Глобине-2 Прямі материальні виробничі витрати крім зворотніх відходів | D63: Обл. НДС Емульсія бітумна Р-10 EN каністра 20л Надходження товарів і послуг ІБ00-002088 від 19.12.2023 18:21:48 Пожежений резервуар (Глобине) | E63: 231 | H63: 205 | I63: 5960.55 | K63: Д | L63: 164739.03
A64: 27.06.2025 | B64: Переміщення товарів ІБ00-000604 від 27.06.2025 11:10:00 Перемещение ТМЦ | C64: Обл. НДС Пісок з відсіву дроблення щебеню фр. 0-5мм. Надходження товарів і послуг ІБ00-003283 від 27.06.2025 11:00:00 Пожежений резервуар (Глобине) | D64: Обл. НДС Пісок з відсіву дроблення щебеню фр. 0-5мм. Надходження товарів і послуг ІБ00-003283 від 27.06.2025 11:00:00 Глобине-2 | E64: 205 | F64: 4015 | H64: 205 | K64: Д | L64: 168754.03
A65: 27.06.2025 | B65: Переміщення товарів ІБ00-000639 від 27.06.2025 11:20:00 Перемещение ТМЦ | C65: Обл. НДС Пісок з відсіву дроблення щебеню фр. 0-5мм. Надходження товарів і послуг ІБ00-003570 від 27.06.2025 11:00:00 Пожежений резервуар (Глобине) | D65: Обл. НДС Пісок з відсіву дроблення щебеню фр. 0-5мм. Надходження товарів і послуг ІБ00-003570 від 27.06.2025 11:00:00 Глобине-2 | E65: 205 | F65: 10298.67 | H65: 205 | K65: Д | L65: 179052.7
A66: 28.06.2025 | B66: Надходження товарів і послуг ІБ00-003282 від 28.06.2025 11:00:00 Оприходованы ТМЦ | C66: Обл. НДС Пісок з відсіву дроблення щебеню фр. 0-5мм. Надходження товарів і послуг ІБ00-003282 від 28.06.2025 11:00:00 Пожежений резервуар (Глобине) | D66: Енергія Логістик ТОВ №28/10-2024 ВІД 28/10/24_Глобине-2 Рахунок на оплату постачальника ІБ00-002811 від 28.06.2025 12:00:00 | E66: 205 | F66: 4075.5 | H66: 631 | K66: Д | L66: 183128.2
A67: 30.06.2025 | B67: Надходження товарів і послуг ІБ00-003357 від 30.06.2025 11:00:00 Оприходованы ТМЦ | C67: Обл. НДС Пісок з відсіву дроблення щебеню фр. 0-5мм. Надходження товарів і послуг ІБ00-003357 від 30.06.2025 11:00:00 Пожежений резервуар (Глобине) | D67: Енергія Логістик ТОВ №28/10-2024 ВІД 28/10/24_Глобине-2 Рахунок на оплату постачальника ІБ00-002834 від 30.06.2025 23:50:33 | E67: 205 | F67: 8011.67 | H67: 631 | K67: Д | L67: 191139.87
A68: Обороти за період та сальдо на кінець | E68: 578404.58 | H68: 577438.51 | K68: Д | L68: 191139.87
J70: =SUBTOTAL(9,I19:J63) -> 477448.43

Sheet в бігбегах
A1: Період | B1: Документ | C1: Аналітика Дт | D1: Аналітика Кт | E1: Дебет | H1: Кредит | K1: Поточне сальдо
E2: Рахунок | H2: Рахунок
A3: 01.06.2025 | B3: Переміщення товарів ІБ00-000539 від 01.06.2025 23:13:41 Перемещение ТМЦ | C3: Обл. НДС Прокат арматурний №14 мм А500С, 12 м Надходження товарів і послуг ІБ00-000546 від 14.02.2025 10:00:00 АПК (Глобине) | D3: Обл. НДС Прокат арматурний №14 мм А500С, 12 м Надходження товарів і послуг ІБ00-000546 від 14.02.2025 10:00:00 Пункт фасування та зберігання в бігбегах (Глобине) | E3: 205 | H3: 205 | I3: 2557.5 | K3: Д | L3: 52130.46
A4: 01.06.2025 | B4: Переміщення товарів ІБ00-000540 від 01.06.2025 23:13:44 Перемещение ТМЦ | C4: Обл. НДС Бетон С20/25 W6 F75 P4 Надходження товарів і послуг ІБ00-002501 від 28.05.2025 11:00:00 Цех екстракції (Глобине) | D4: Обл. НДС Бетон С20/25 W6 F75 P4 Надходження товарів і послуг ІБ00-002501 від 28.05.2025 11:00:00 Пункт фасування та зберігання в бігбегах (Глобине) | E4: 205 | H4: 205 | I4: 1941.13 | K4: Д | L4: 50189.33
A5: 09.06.2025 | B5: Переміщення товарів ІБ00-000526 від 09.06.2025 11:10:00 Перемещение ТМЦ | C5: Обл. НДС Бетон С20/25 W6 F75 P4 Надходження товарів і послуг ІБ00-002806 від 09.06.2025 11:00:00 Пункт фасування та зберігання в бігбегах (Глобине) | D5: Обл. НДС Бетон С20/25 W6 F75 P4 Надходження товарів і послуг ІБ00-002806 від 09.06.2025 11:00:00 Глобине-2 | E5: 205 | F5: 1891.72 | H5: 205 | K5: Д | L5: 52081.05
A6: 10.06.2025 | B6: Надходження товарів і послуг ІБ00-002856 від 10.06.2025 11:00:00 Оприходованы ТМЦ | C6: Обл. НДС Пісок з відсіву дроблення щебеню фр. 0-5мм. Надходження товарів і послуг ІБ00-002856 від 10.06.2025 11:00:00 Пункт фасування та зберігання в бігбегах (Глобине) | D6: Енергія Логістик ТОВ №28/10-2024 ВІД 28/10/24_Глобине-2 Рахунок на оплату постачальника ІБ00-002409 від 10.06.2025 18:15:25 | E6: 205 | F6: 7747.67 | H6: 631 | K6: Д | L6: 59828.72
A7: 11.06.2025 | B7: Надходження товарів і послуг ІБ00-002857 від 11.06.2025 11:00:00 Оприходованы ТМЦ | C7: Обл. НДС Пісок з відсіву дроблення щебеню фр. 0-5мм. Надходження товарів і послуг ІБ00-002857 від 11.06.2025 11:00:00 Пункт фасування та зберігання в бігбегах (Глобине) | D7: Енергія Логістик ТОВ №28/10-2024 ВІД 28/10/24_Глобине-2 Рахунок на оплату постачальника ІБ00-002410 від 11.06.2025 19:03:33 | E7: 205 | F7: 7619.33 | H7: 631 | K7: Д | L7: 67448.05
A8: 13.06.2025 | B8: Переміщення товарів ІБ00-000586 від 13.06.2025 11:10:00 Перемещение ТМЦ | C8: Обл. НДС Пісок з відсіву дроблення щебеню фр. 0-5мм. Надходження товарів і послуг ІБ00-003172 від 13.06.2025 11:00:00 Пункт фасування та зберігання в бігбегах (Глобине) | D8: Обл. НДС Пісок з відсіву дроблення щебеню фр. 0-5мм. Надходження товарів і послуг ІБ00-003172 від 13.06.2025 11:00:00 Глобине-2 | E8: 205 | F8: 3930.67 | H8: 205 | K8: Д | L8: 71378.72
A9: 16.06.2025 | B9: Переміщення товарів ІБ00-000589 від 16.06.2025 11:10:00 Перемещение ТМЦ | C9: Обл. НДС Пісок з відсіву дроблення щебеню фр. 0-5мм. Надходження товарів і послуг ІБ00-003174 від 16.06.2025 11:00:00 Пункт фасування та зберігання в бігбегах (Глобине) | D9: Обл. НДС Пісок з відсіву дроблення щебеню фр. 0-5мм. Надходження товарів і послуг ІБ00-003174 від 16.06.2025 11:00:00 Глобине-2 | E9: 205 | F9: 4044.33 | H9: 205 | K9: Д | L9: 75423.05
A10: 17.06.2025 | B10: Переміщення товарів ІБ00-000567 від 17.06.2025 11:15:00 Перемещение ТМЦ | C10: Обл. НДС Труба 159*4,5 мм, 12 м Надходження товарів і послуг ІБ00-002962 від 17.06.2025 11:00:00 Пункт фасування та зберігання в бігбегах (Глобине) | D10: Обл. НДС Труба 159*4,5 мм, 12 м Надходження товарів і послуг ІБ00-002962 від 17.06.2025 11:00:00 СПК (Глобине) | E10: 205 | F10: 3782.72 | H10: 205 | K10: Д | L10: 79205.77
A11: 17.06.2025 | B11: Переміщення товарів ІБ00-000567 від 17.06.2025 11:15:00 Перемещение ТМЦ | C11: Обл. НДС Труба 219*4,5 ст1-3 сп/пс Надходження товарів і послуг ІБ00-002962 від 17.06.2025 11:00:00 Пункт фасування та зберігання в бігбегах (Глобине) | D11: Обл. НДС Труба 219*4,5 ст1-3 сп/пс Надходження товарів і послуг ІБ00-002962 від 17.06.2025 11:00:00 СПК (Глобине) | E11: 205 | F11: 1685.95 | H11: 205 | K11: Д | L11: 80891.72
A12: 18.06.2025 | B12: Переміщення товарів ІБ00-000562 від 18.06.2025 18:22:44 Перемещение ТМЦ | C12: Обл. НДС Бетон С20/25 W6 F75 P4 Надходження товарів і послуг ІБ00-002806 від 09.06.2025 11:00:00 Пункт фасування та зберігання в бігбегах (Глобине) | D12: Обл. НДС Бетон С20/25 W6 F75 P4 Надходження товарів і послуг ІБ00-002806 від 09.06.2025 11:00:00 Пожежений резервуар (Глобине) | E12: 205 | F12: 55200.26 | H12: 205 | K12: Д | L12: 136091.98
A13: 19.06.2025 | B13: Вимога-накладна ІБ00-000452 від 19.06.2025 09:59:19 Списаны ТМЦ | C13: Обл. НДС Виробничий (Глобине-2) Глобине-2 Прямі материальні виробничі витрати крім зворотніх відходів | D13: Обл. НДС Бетон С20/25 W6 F75 P4 Надходження товарів і послуг ІБ00-002501 від 28.05.2025 11:00:00 Пункт фасування та зберігання в бігбегах (Глобине) | E13: 231 | H13: 205 | I13: 28689.83 | K13: Д | L13: 107402.15
A14: 19.06.2025 | B14: Вимога-накладна ІБ00-000452 від 19.06.2025 09:59:19 Списаны ТМЦ | C14: Обл. НДС Виробничий (Глобине-2) Глобине-2 Прямі материальні виробничі витрати крім зворотніх відходів | D14: Обл. НДС Бетон С20/25 W6 F75 P4 Надходження товарів і послуг ІБ00-002592 від 30.05.2025 11:00:00 Пункт фасування та зберігання в бігбегах (Глобине) | E14: 231 | H14: 205 | I14: 17590 | K14: Д | L14: 89812.15
A15: 19.06.2025 | B15: Вимога-накладна ІБ00-000452 від 19.06.2025 09:59:19 Списаны ТМЦ | C15: Обл. НДС Виробничий (Глобине-2) Глобине-2 Прямі материальні виробничі витрати крім зворотніх відходів | D15: Обл. НДС Бетон С20/25 W6 F75 P4 Надходження товарів і послуг ІБ00-002806 від 09.06.2025 11:00:00 Пункт фасування та зберігання в бігбегах (Глобине) | E15: 231 | H15: 205 | I15: 1891.72 | K15: Д | L15: 87920.43
A16: 19.06.2025 | B16: Вимога-накладна ІБ00-000452 від 19.06.2025 09:59:19 Списаны ТМЦ | C16: Обл. НДС Виробничий (Глобине-2) Глобине-2 Прямі материальні виробничі витрати крім зворотніх відходів | D16: Обл. НДС Бетон С20/25 W6 F75 P4 Надходження товарів і послуг ІБ00-002806 від 09.06.2025 11:00:00 Пункт фасування та зберігання в бігбегах (Глобине) | E16: 231 | H16: 205 | I16: 55200.26 | K16: Д | L16: 32720.17
A17: 20.06.2025 | B17: Переміщення товарів ІБ00-000577 від 20.06.2025 10:00:00 Перемещение ТМЦ | C17: Обл. НДС Пісок з відсіву дроблення щебеню фр. 0-5мм. Надходження товарів і послуг ІБ00-002856 від 10.06.2025 11:00:00 АПК (Глобине) | D17: Обл. НДС Пісок з відсіву дроблення щебеню фр. 0-5мм. Надходження товарів і послуг ІБ00-002856 від 10.06.2025 11:00:00 Пункт фасування та зберігання в бігбегах (Глобине) | E17: 205 | H17: 205 | I17: 2918.67 | K17: Д | L17: 29801.5
A18: 20.06.2025 | B18: Переміщення товарів ІБ00-000581 від 20.06.2025 10:00:00 Перемещение ТМЦ | C18: Обл. НДС Емульсія бітумна Р-10 EN каністра 20л Надходження товарів і послуг ІБ00-002088 від 19.12.2023 18:21:48 Пункт фасування та зберігання в бігбегах (Глобине) | D18: Обл. НДС Емульсія бітумна Р-10 EN каністра 20л Надходження товарів і послуг ІБ00-002088 від 19.12.2023 18:21:48 Глобине-2 | E18: 205 | F18: 1910.22 | H18: 205 | K18: Д | L18: 31711.72
A19: 20.06.2025 | B19: Переміщення товарів ІБ00-000582 від 20.06.2025 10:00:00 Перемещение ТМЦ | C19: Обл. НДС Емульсія бітумна Igoflex-101 каністра 32л Надходження товарів і послуг ІБ00-001108 від 22.03.2024 17:34:05 Пункт фасування та зберігання в бігбегах (Глобине) | D19: Обл. НДС Емульсія бітумна Igoflex-101 каністра 32л Надходження товарів і послуг ІБ00-001108 від 22.03.2024 17:34:05 АПК (Глобине) | E19: 205 | F19: 36573.95 | H19: 205 | K19: Д | L19: 68285.67
A20: 20.06.2025 | B20: Вимога-накладна ІБ00-000489 від 20.06.2025 10:51:40 Списаны ТМЦ | C20: Обл. НДС Виробничий (Глобине-2) Глобине-2 Прямі материальні виробничі витрати крім зворотніх відходів | D20: Обл. НДС Пісок з відсіву дроблення щебеню фр. 0-5мм. Надходження товарів і послуг ІБ00-002856 від 10.06.2025 11:00:00 Пункт фасування та зберігання в бігбегах (Глобине) | E20: 231 | H20: 205 | I20: 4829 | K20: Д | L20: 63456.67
A21: 20.06.2025 | B21: Вимога-накладна ІБ00-000489 від 20.06.2025 10:51:40 Списаны ТМЦ | C21: Обл. НДС Виробничий (Глобине-2) Глобине-2 Прямі материальні виробничі витрати крім зворотніх відходів | D21: Обл. НДС Пісок з відсіву дроблення щебеню фр. 0-5мм. Надходження товарів і послуг ІБ00-002857 від 11.06.2025 11:00:00 Пункт фасування та зберігання в бігбегах (Глобине) | E21: 231 | H21: 205 | I21: 3720.75 | K21: Д | L21: 59735.92
A22: 20.06.2025 | B22: Вимога-накладна ІБ00-000489 від 20.06.2025 10:51:40 Списаны ТМЦ | C22: Обл. НДС Виробничий (Глобине-2) Глобине-2 Прямі материальні виробничі витрати крім зворотніх відходів | D22: Обл. НДС Емульсія бітумна Р-10 EN каністра 20л Надходження товарів і послуг ІБ00-002088 від 19.12.2023 18:21:48 Пункт фасування та зберігання в бігбегах (Глобине) | E22: 231 | H22: 205 | I22: 1910.22 | K22: Д | L22: 57825.7
A23: 20.06.2025 | B23: Вимога-накладна ІБ00-000489 від 20.06.2025 10:51:40 Списаны ТМЦ | C23: Обл. НДС Виробничий (Глобине-2) Глобине-2 Прямі материальні виробничі витрати крім зворотніх відходів | D23: Обл. НДС Емульсія бітумна Igoflex-101 каністра 32л Надходження товарів і послуг ІБ00-001108 від 22.03.2024 17:34:05 Пункт фасування та зберігання в бігбегах (Глобине) | E23: 231 | H23: 205 | I23: 36573.95 | K23: Д | L23: 21251.75
A24: 20.06.2025 | B24: Переміщення товарів ІБ00-000580 від 20.06.2025 18:07:08 Перемещение ТМЦ | C24: Обл. НДС Пісок з відсіву дроблення щебеню фр. 0-5мм. Надходження товарів і послуг ІБ00-002857 від 11.06.2025 11:00:00 Резервуар для зберігання розчинника(Глобине) | D24: Обл. НДС Пісок з відсіву дроблення щебеню фр. 0-5мм. Надходження товарів і послуг ІБ00-002857 від 11.06.2025 11:00:00 Пункт фасування та зберігання в бігбегах (Глобине) | E24: 205 | H24: 205 | I24: 3898.58 | K24: Д | L24: 17353.17
A25: 20.06.2025 | B25: Переміщення товарів ІБ00-000580 від 20.06.2025 18:07:08 Перемещение ТМЦ | C25: Обл. НДС Пісок з відсіву дроблення щебеню фр. 0-5мм. Надходження товарів і послуг ІБ00-003172 від 13.06.2025 11:00:00 Резервуар для зберігання розчинника(Глобине) | D25: Обл. НДС Пісок з відсіву дроблення щебеню фр. 0-5мм. Надходження товарів і послуг ІБ00-003172 від 13.06.2025 11:00:00 Пункт фасування та зберігання в бігбегах (Глобине) | E25: 205 | H25: 205 | I25: 2554.75 | K25: Д | L25: 14798.42
A26: 23.06.2025 | B26: Надходження товарів і послуг ІБ00-003182 від 23.06.2025 11:00:00 Оприходованы ТМЦ | C26: Обл. НДС Пісок з відсіву дроблення щебеню фр. 0-5мм. Надходження товарів і послуг ІБ00-003182 від 23.06.2025 11:00:00 Пункт фасування та зберігання в бігбегах (Глобине) | D26: Енергія Логістик ТОВ №28/10-2024 ВІД 28/10/24_Глобине-2 Рахунок на оплату постачальника ІБ00-002672 від 23.06.2025 18:21:50 | E26: 205 | F26: 8041 | H26: 631 | K26: Д | L26: 22839.42
A27: 24.06.2025 | B27: Надходження товарів і послуг ІБ00-003171 від 24.06.2025 11:00:00 Оприходованы ТМЦ | C27: Обл. НДС Пісок з відсіву дроблення щебеню фр. 0-5мм. Надходження товарів і послуг ІБ00-003171 від 24.06.2025 11:00:00 Пункт фасування та зберігання в бігбегах (Глобине) | D27: Енергія Логістик ТОВ №28/10-2024 ВІД 28/10/24_Глобине-2 Рахунок на оплату постачальника ІБ00-002665 від 24.06.2025 18:10:17 | E27: 205 | F27: 3917.83 | H27: 631 | K27: Д | L27: 26757.25
A28: 25.06.2025 | B28: Вимога-накладна ІБ00-000511 від 25.06.2025 00:00:00 Списаны ТМЦ | C28: Обл. НДС Виробничий (Глобине-2) Глобине-2 Прямі материальні виробничі витрати крім зворотніх відходів | D28: Обл. НДС Пісок з відсіву дроблення щебеню фр. 0-5мм. Надходження товарів і послуг ІБ00-003172 від 13.06.2025 11:00:00 Пункт фасування та зберігання в бігбегах (Глобине) | E28: 231 | H28: 205 | I28: 1375.92 | K28: Д | L28: 25381.33
A29: 25.06.2025 | B29: Вимога-накладна ІБ00-000511 від 25.06.2025 00:00:00 Списаны ТМЦ | C29: Обл. НДС Виробничий (Глобине-2) Глобине-2 Прямі материальні виробничі витрати крім зворотніх відходів | D29: Обл. НДС Пісок з відсіву дроблення щебеню фр. 0-5мм. Надходження товарів і послуг ІБ00-003174 від 16.06.2025 11:00:00 Пункт фасування та зберігання в бігбегах (Глобине) | E29: 231 | H29: 205 | I29: 4044.33 | K29: Д | L29: 21337
A30: 25.06.2025 | B30: Вимога-накладна ІБ00-000511 від 25.06.2025 00:00:00 Списаны ТМЦ | C30: Обл. НДС Виробничий (Глобине-2) Глобине-2 Прямі материальні виробничі витрати крім зворотніх відходів | D30: Обл. НДС Пісок з відсіву дроблення щебеню фр. 0-5мм. Надходження товарів і послуг ІБ00-003182 від 23.06.2025 11:00:00 Пункт фасування та зберігання в бігбегах (Глобине) | E30: 231 | H30: 205 | I30: 3769.33 | K30: Д | L30: 17567.67
A31: 25.06.2025 | B31: Надходження товарів і послуг ІБ00-003236 від 25.06.2025 11:00:00 Оприходованы ТМЦ | C31: Обл. НДС Пісок з відсіву дроблення щебеню фр. 0-5мм. Надходження товарів і послуг ІБ00-003236 від 25.06.2025 11:00:00 Пункт фасування та зберігання в бігбегах (Глобине) | D31: Енергія Логістик ТОВ №28/10-2024 ВІД 28/10/24_Глобине-2 Рахунок на оплату постачальника ІБ00-002702 від 25.06.2025 23:12:43 | E31: 205 | F31: 4007.67 | H31: 631 | K31: Д | L31: 21575.34
A32: 26.06.2025 | B32: Надходження товарів і послуг ІБ00-003238 від 26.06.2025 11:00:00 Оприходованы ТМЦ | C32: Обл. НДС Пісок з відсіву дроблення щебеню фр. 0-5мм. Надходження товарів і послуг ІБ00-003238 від 26.06.2025 11:00:00 Пункт фасування та зберігання в бігбегах (Глобине) | D32: Енергія Логістик ТОВ №28/10-2024 ВІД 28/10/24_Глобине-2 Рахунок на оплату постачальника ІБ00-002703 від 26.06.2025 18:13:48 | E32: 205 | F32: 6086.67 | H32: 631 | K32: Д | L32: 27662.01
A33: 27.06.2025 | B33: Переміщення товарів ІБ00-000637 від 27.06.2025 11:20:00 Перемещение ТМЦ | C33: Обл. НДС Пісок з відсіву дроблення щебеню фр. 0-5мм. Надходження товарів і послуг ІБ00-003570 від 27.06.2025 11:00:00 Пункт фасування та зберігання в бігбегах (Глобине) | D33: Обл. НДС Пісок з відсіву дроблення щебеню фр. 0-5мм. Надходження товарів і послуг ІБ00-003570 від 27.06.2025 11:00:00 Глобине-2 | E33: 205 | F33: 31008 | H33: 205 | K33: Д | L33: 58670.01
A34: 30.06.2025 | B34: Надходження товарів і послуг ІБ00-003342 від 30.06.2025 11:00:00 Оприходованы ТМЦ (Зачет аванса поставщику) | C34: Обл. НДС Клин монтажний Кл-1 Надходження товарів і послуг ІБ00-003342 від 30.06.2025 11:00:00 Пункт фасування та зберігання в бігбегах (Глобине) | D34: БМЗ БЕТОН ПП Договору ПП/М-097-2 від 12.05.2025 _Глобино-2 Рахунок на оплату постачальника ІБ00-001887 від 02.05.2025 21:00:21 | E34: 205 | F34: 26964 | H34: 631 | K34: Д | L34: 85634.01
A35: 30.06.2025 | B35: Надходження товарів і послуг ІБ00-003343 від 30.06.2025 11:00:00 Оприходованы ТМЦ (Зачет аванса поставщику) | C35: Обл. НДС Колона К1н L=10650 400*400 Надходження товарів і послуг ІБ00-003343 від 30.06.2025 11:00:00 Пункт фасування та зберігання в бігбегах (Глобине) | D35: БМЗ БЕТОН ПП Договору ПП/М-097-2 від 12.05.2025 _Глобино-2 Рахунок на оплату постачальника ІБ00-001887 від 02.05.2025 21:00:21 | E35: 205 | F35: 49245 | H35: 631 | K35: Д | L35: 134879.01
A36: 30.06.2025 | B36: Надходження товарів і послуг ІБ00-003343 від 30.06.2025 11:00:00 Оприходованы ТМЦ (Зачет аванса поставщику) | C36: Обл. НДС Колона К2н L=8920 400*400 Надходження товарів і послуг ІБ00-003343 від 30.06.2025 11:00:00 Пункт фасування та зберігання в бігбегах (Глобине) | D36: БМЗ БЕТОН ПП Договору ПП/М-097-2 від 12.05.2025 _Глобино-2 Рахунок на оплату постачальника ІБ00-001887 від 02.05.2025 21:00:21 | E36: 205 | F36: 35754 | H36: 631 | K36: Д | L36: 170633.01
A37: 30.06.2025 | B37: Надходження товарів і послуг ІБ00-003343 від 30.06.2025 11:00:00 Оприходованы ТМЦ (Зачет аванса поставщику) | C37: Обл. НДС Колона К3н L=9800 400*400 Надходження товарів і послуг ІБ00-003343 від 30.06.2025 11:00:00 Пункт фасування та зберігання в бігбегах (Глобине) | D37: БМЗ БЕТОН ПП Договору ПП/М-097-2 від 12.05.2025 _Глобино-2 Рахунок на оплату постачальника ІБ00-001887 від 02.05.2025 21:00:21 | E37: 205 | F37: 37159 | H37: 631 | K37: Д | L37: 207792.01
A38: 30.06.2025 | B38: Надходження товарів і послуг ІБ00-003343 від 30.06.2025 11:00:00 Оприходованы ТМЦ (Зачет аванса поставщику) | C38: Обл. НДС Колона К4н L=9800 400*400 Надходження товарів і послуг ІБ00-003343 від 30.06.2025 11:00:00 Пункт фасування та зберігання в бігбегах (Глобине) | D38: БМЗ БЕТОН ПП Договору ПП/М-097-2 від 12.05.2025 _Глобино-2 Рахунок на оплату постачальника ІБ00-001887 від 02.05.2025 21:00:21 | E38: 205 | F38: 36847 | H38: 631 | K38: Д | L38: 244639.01
A39: 30.06.2025 | B39: Надходження товарів і послуг ІБ00-003343 від 30.06.2025 11:00:00 Оприходованы ТМЦ (Зачет аванса поставщику) | C39: Обл. НДС Колона К5н L=9800 400*400 Надходження товарів і послуг ІБ00-003343 від 30.06.2025 11:00:00 Пункт фасування та зберігання в бігбегах (Глобине) | D39: БМЗ БЕТОН ПП Договору ПП/М-097-2 від 12.05.2025 _Глобино-2 Рахунок на оплату постачальника ІБ00-001887 від 02.05.2025 21:00:21 | E39: 205 | F39: 36847 | H39: 631 | K39: Д | L39: 281486.01
A40: Обороти за період та сальдо на кінець | E40: 400263.99 | H40: 173465.94 | K40: Д | L40: 281486.01
J42: =SUBTOTAL(9,I13:J30) -> 159595.31

Sheet зберігання розчинника
A1: Період | B1: Документ | C1: Аналітика Дт | D1: Аналітика Кт | E1: Дебет | H1: Кредит | K1: Поточне сальдо
E2: Рахунок | H2: Рахунок
A3: 10.06.2025 | B3: Переміщення товарів ІБ00-000560 від 10.06.2025 11:10:00 Перемещение ТМЦ | C3: Обл. НДС Щебінь 20-40 Надходження товарів і послуг ІБ00-002855 від 10.06.2025 11:00:00 Резервуар для зберігання розчинника(Глобине) | D3: Обл. НДС Щебінь 20-40 Надходження товарів і послуг ІБ00-002855 від 10.06.2025 11:00:00 Пожежений резервуар (Глобине) | E3: 205 | F3: 2746.62 | H3: 205 | K3: Д | L3: 121645.48
A4: 10.06.2025 | B4: Вимога-накладна ІБ00-000447 від 10.06.2025 23:14:50 Списаны ТМЦ | C4: Обл. НДС Виробничий (Глобине-2) Глобине-2 Прямі материальні виробничі витрати крім зворотніх відходів | D4: Обл. НДС Щебінь 20-40 Надходження товарів і послуг ІБ00-002855 від 10.06.2025 11:00:00 Резервуар для зберігання розчинника(Глобине) | E4: 231 | H4: 205 | I4: 2746.62 | K4: Д | L4: 118898.86
A5: 12.06.2025 | B5: Переміщення товарів ІБ00-000584 від 12.06.2025 11:10:00 Перемещение ТМЦ | C5: Обл. НДС Пісок з відсіву дроблення щебеню фр. 0-5мм. Надходження товарів і послуг ІБ00-003170 від 12.06.2025 11:00:00 Резервуар для зберігання розчинника(Глобине) | D5: Обл. НДС Пісок з відсіву дроблення щебеню фр. 0-5мм. Надходження товарів і послуг ІБ00-003170 від 12.06.2025 11:00:00 Глобине-2 | E5: 205 | F5: 4007.66 | H5: 205 | K5: Д | L5: 122906.52
A6: 16.06.2025 | B6: Переміщення товарів ІБ00-000553 від 16.06.2025 11:15:00 Перемещение ТМЦ | C6: Обл. НДС Бетон С 8/10 Р4 Надходження товарів і послуг ІБ00-002956 від 16.06.2025 11:00:00 Резервуар для зберігання розчинника(Глобине) | D6: Обл. НДС Бетон С 8/10 Р4 Надходження товарів і послуг ІБ00-002956 від 16.06.2025 11:00:00 Глобине-2 | E6: 205 | F6: 24739.17 | H6: 205 | K6: Д | L6: 147645.69
A7: 19.06.2025 | B7: Переміщення товарів ІБ00-000569 від 19.06.2025 11:10:00 Перемещение ТМЦ | C7: Обл. НДС Бетон С 8/10 Р4 Надходження товарів і послуг ІБ00-003063 від 19.06.2025 11:00:00 Резервуар для зберігання розчинника(Глобине) | D7: Обл. НДС Бетон С 8/10 Р4 Надходження товарів і послуг ІБ00-003063 від 19.06.2025 11:00:00 Глобине-2 | E7: 205 | F7: 25684.35 | H7: 205 | K7: Д | L7: 173330.04
A8: 19.06.2025 | B8: Переміщення товарів ІБ00-000569 від 19.06.2025 11:10:00 Перемещение ТМЦ | C8: Обл. НДС Бетон С 20/25 F75 W6 Р4 Надходження товарів і послуг ІБ00-003063 від 19.06.2025 11:00:00 Резервуар для зберігання розчинника(Глобине) | D8: Обл. НДС Бетон С 20/25 F75 W6 Р4 Надходження товарів і послуг ІБ00-003063 від 19.06.2025 11:00:00 Глобине-2 | E8: 205 | F8: 130483.39 | H8: 205 | K8: Д | L8: 303813.43
A9: 20.06.2025 | B9: Переміщення товарів ІБ00-000572 від 20.06.2025 10:00:00 Перемещение ТМЦ | C9: Обл. НДС Пенекрит 5кг/відро Надходження товарів і послуг ІБ00-000649 від 17.02.2025 23:45:08 Пожежений резервуар (Глобине) | D9: Обл. НДС Пенекрит 5кг/відро Надходження товарів і послуг ІБ00-000649 від 17.02.2025 23:45:08 Резервуар для зберігання розчинника(Глобине) | E9: 205 | H9: 205 | I9: 1145.83 | K9: Д | L9: 302667.6
A10: 20.06.2025 | B10: Переміщення товарів ІБ00-000578 від 20.06.2025 10:00:00 Перемещение ТМЦ | C10: Обл. НДС Пенебар SW-55 тип А 5м/рул Надходження товарів і послуг ІБ00-000649 від 17.02.2025 23:45:08 АПК (Глобине) | D10: Обл. НДС Пенебар SW-55 тип А 5м/рул Надходження товарів і послуг ІБ00-000649 від 17.02.2025 23:45:08 Резервуар для зберігання розчинника(Глобине) | E10: 205 | H10: 205 | I10: 1187.5 | K10: Д | L10: 301480.1
A11: 20.06.2025 | B11: Переміщення товарів ІБ00-000579 від 20.06.2025 10:00:00 Перемещение ТМЦ | C11: Обл. НДС Бетон С 20/25 F75 W6 Р4 Надходження товарів і послуг ІБ00-003063 від 19.06.2025 11:00:00 Пожежений резервуар (Глобине) | D11: Обл. НДС Бетон С 20/25 F75 W6 Р4 Надходження товарів і послуг ІБ00-003063 від 19.06.2025 11:00:00 Резервуар для зберігання розчинника(Глобине) | E11: 205 | H11: 205 | I11: 71370.46 | K11: Д | L11: 230109.64
A12: 20.06.2025 | B12: Переміщення товарів ІБ00-000580 від 20.06.2025 18:07:08 Перемещение ТМЦ | C12: Обл. НДС Пісок з відсіву дроблення щебеню фр. 0-5мм. Надходження товарів і послуг ІБ00-002857 від 11.06.2025 11:00:00 Резервуар для зберігання розчинника(Глобине) | D12: Обл. НДС Пісок з відсіву дроблення щебеню фр. 0-5мм. Надходження товарів і послуг ІБ00-002857 від 11.06.2025 11:00:00 Пункт фасування та зберігання в бігбегах (Глобине) | E12: 205 | F12: 3898.58 | H12: 205 | K12: Д | L12: 234008.22
A13: 20.06.2025 | B13: Переміщення товарів ІБ00-000580 від 20.06.2025 18:07:08 Перемещение ТМЦ | C13: Обл. НДС Пісок з відсіву дроблення щебеню фр. 0-5мм. Надходження товарів і послуг ІБ00-003172 від 13.06.2025 11:00:00 Резервуар для зберігання розчинника(Глобине) | D13: Обл. НДС Пісок з відсіву дроблення щебеню фр. 0-5мм. Надходження товарів і послуг ІБ00-003172 від 13.06.2025 11:00:00 Пункт фасування та зберігання в бігбегах (Глобине) | E13: 205 | F13: 2554.75 | H13: 205 | K13: Д | L13: 236562.97
A14: 20.06.2025 | B14: Вимога-накладна ІБ00-000488 від 20.06.2025 18:08:07 Списаны ТМЦ | C14: Обл. НДС Виробничий (Глобине-2) Глобине-2 Прямі материальні виробничі витрати крім зворотніх відходів | D14: Обл. НДС Пісок з відсіву дроблення щебеню фр. 0-5мм. Надходження товарів і послуг ІБ00-002857 від 11.06.2025 11:00:00 Резервуар для зберігання розчинника(Глобине) | E14: 231 | H14: 205 | I14: 3898.58 | K14: Д | L14: 232664.39
A15: 20.06.2025 | B15: Вимога-накладна ІБ00-000488 від 20.06.2025 18:08:07 Списаны ТМЦ | C15: Обл. НДС Виробничий (Глобине-2) Глобине-2 Прямі материальні виробничі витрати крім зворотніх відходів | D15: Обл. НДС Пісок з відсіву дроблення щебеню фр. 0-5мм. Надходження товарів і послуг ІБ00-003170 від 12.06.2025 11:00:00 Резервуар для зберігання розчинника(Глобине) | E15: 231 | H15: 205 | I15: 2554.75 | K15: Д | L15: 230109.64
A16: 24.06.2025 | B16: Переміщення товарів ІБ00-000590 від 24.06.2025 11:10:00 Перемещение ТМЦ | C16: Обл. НДС Бетон С 20/25 F75 W6 Р4 Надходження товарів і послуг ІБ00-003180 від 24.06.2025 11:00:00 Резервуар для зберігання розчинника(Глобине) | D16: Обл. НДС Бетон С 20/25 F75 W6 Р4 Надходження товарів і послуг ІБ00-003180 від 24.06.2025 11:00:00 Глобине-2 | E16: 205 | F16: 131402.36 | H16: 205 | K16: Д | L16: 361512
A17: 24.06.2025 | B17: Переміщення товарів ІБ00-000627 від 24.06.2025 11:15:00 Перемещение ТМЦ | C17: Обл. НДС Щебінь 20-40 Надходження товарів і послуг ІБ00-003420 від 24.06.2025 11:00:00 Резервуар для зберігання розчинника(Глобине) | D17: Обл. НДС Щебінь 20-40 Надходження товарів і послуг ІБ00-003420 від 24.06.2025 11:00:00 Глобине-2 | E17: 205 | F17: 25507.8 | H17: 205 | K17: Д | L17: 387019.8
A18: 25.06.2025 | B18: Переміщення товарів ІБ00-000610 від 25.06.2025 10:00:00 Перемещение ТМЦ | C18: Обл. НДС Бетон С 20/25 F75 W6 Р4 Надходження товарів і послуг ІБ00-003180 від 24.06.2025 11:00:00 Резервуар для зберігання розчинника(Глобине) | D18: Обл. НДС Бетон С 20/25 F75 W6 Р4 Надходження товарів і послуг ІБ00-003180 від 24.06.2025 11:00:00 АПК (Глобине) | E18: 205 | F18: 5713.15 | H18: 205 | K18: Д | L18: 392732.95
A19: 25.06.2025 | B19: Переміщення товарів ІБ00-000611 від 25.06.2025 10:00:00 Перемещение ТМЦ | C19: Обл. НДС Бетон С 20/25 F75 W6 Р4 Надходження товарів і послуг ІБ00-003180 від 24.06.2025 11:00:00 Резервуар для зберігання розчинника(Глобине) | D19: Обл. НДС Бетон С 20/25 F75 W6 Р4 Надходження товарів і послуг ІБ00-003180 від 24.06.2025 11:00:00 Пожежений резервуар (Глобине) | E19: 205 | F19: 12645.09 | H19: 205 | K19: Д | L19: 405378.04
A20: 25.06.2025 | B20: Вимога-накладна ІБ00-000509 від 25.06.2025 23:13:02 Списаны ТМЦ | C20: Обл. НДС Виробничий (Глобине-2) Глобине-2 Прямі материальні виробничі витрати крім зворотніх відходів | D20: Обл. НДС Бетон С 8/10 Р4 Надходження товарів і послуг ІБ00-002295 від 15.05.2025 11:00:00 Резервуар для зберігання розчинника(Глобине) | E20: 231 | H20: 205 | I20: 2885.17 | K20: Д | L20: 402492.87
A21: 25.06.2025 | B21: Вимога-накладна ІБ00-000509 від 25.06.2025 23:13:02 Списаны ТМЦ | C21: Обл. НДС Виробничий (Глобине-2) Глобине-2 Прямі материальні виробничі витрати крім зворотніх відходів | D21: Обл. НДС Бетон С 8/10 Р4 Надходження товарів і послуг ІБ00-002956 від 16.06.2025 11:00:00 Резервуар для зберігання розчинника(Глобине) | E21: 231 | H21: 205 | I21: 22650.08 | K21: Д | L21: 379842.79
A22: 25.06.2025 | B22: Вимога-накладна ІБ00-000509 від 25.06.2025 23:13:02 Списаны ТМЦ | C22: Обл. НДС Виробничий (Глобине-2) Глобине-2 Прямі материальні виробничі витрати крім зворотніх відходів | D22: Обл. НДС Бетон С 8/10 Р4 Надходження товарів і послуг ІБ00-002956 від 16.06.2025 11:00:00 Резервуар для зберігання розчинника(Глобине) | E22: 231 | H22: 205 | I22: 2089.09 | K22: Д | L22: 377753.7
A23: 25.06.2025 | B23: Вимога-накладна ІБ00-000509 від 25.06.2025 23:13:02 Списаны ТМЦ | C23: Обл. НДС Виробничий (Глобине-2) Глобине-2 Прямі материальні виробничі витрати крім зворотніх відходів | D23: Обл. НДС Бетон С 8/10 Р4 Надходження товарів і послуг ІБ00-003063 від 19.06.2025 11:00:00 Резервуар для зберігання розчинника(Глобине) | E23: 231 | H23: 205 | I23: 21631.93 | K23: Д | L23: 356121.77
A24: 25.06.2025 | B24: Вимога-накладна ІБ00-000509 від 25.06.2025 23:13:02 Списаны ТМЦ | C24: Обл. НДС Виробничий (Глобине-2) Глобине-2 Прямі материальні виробничі витрати крім зворотніх відходів | D24: Обл. НДС Бетон С 20/25 F75 W6 Р4 Надходження товарів і послуг ІБ00-003063 від 19.06.2025 11:00:00 Резервуар для зберігання розчинника(Глобине) | E24: 231 | H24: 205 | I24: 59112.93 | K24: Д | L24: 297008.84
A25: 25.06.2025 | B25: Вимога-накладна ІБ00-000509 від 25.06.2025 23:13:02 Списаны ТМЦ | C25: Обл. НДС Виробничий (Глобине-2) Глобине-2 Прямі материальні виробничі витрати крім зворотніх відходів | D25: Обл. НДС Бетон С 20/25 F75 W6 Р4 Надходження товарів і послуг ІБ00-003180 від 24.06.2025 11:00:00 Резервуар для зберігання розчинника(Глобине) | E25: 231 | H25: 205 | I25: 131402.36 | K25: Д | L25: 165606.48
A26: 25.06.2025 | B26: Вимога-накладна ІБ00-000509 від 25.06.2025 23:13:02 Списаны ТМЦ | C26: Обл. НДС Виробничий (Глобине-2) Глобине-2 Прямі материальні виробничі витрати крім зворотніх відходів | D26: Обл. НДС Бетон С20/25 W6 F75 P4 Надходження товарів і послуг ІБ00-002501 від 28.05.2025 11:00:00 Резервуар для зберігання розчинника(Глобине) | E26: 231 | H26: 205 | I26: 48295.19 | K26: Д | L26: 117311.29
A27: 25.06.2025 | B27: Вимога-накладна ІБ00-000509 від 25.06.2025 23:13:02 Списаны ТМЦ | C27: Обл. НДС Виробничий (Глобине-2) Глобине-2 Прямі материальні виробничі витрати крім зворотніх відходів | D27: Обл. НДС Бетон С 20/25 F75 W6 Р4 Надходження товарів і послуг ІБ00-003180 від 24.06.2025 11:00:00 Резервуар для зберігання розчинника(Глобине) | E27: 231 | H27: 205 | I27: 5713.15 | K27: Д | L27: 111598.14
A28: 25.06.2025 | B28: Вимога-накладна ІБ00-000509 від 25.06.2025 23:13:02 Списаны ТМЦ | C28: Обл. НДС Виробничий (Глобине-2) Глобине-2 Прямі материальні виробничі витрати крім зворотніх відходів | D28: Обл. НДС Бетон С 20/25 F75 W6 Р4 Надходження товарів і послуг ІБ00-003180 від 24.06.2025 11:00:00 Резервуар для зберігання розчинника(Глобине) | E28: 231 | H28: 205 | I28: 12645.09 | K28: Д | L28: 98953.05
A29: 25.06.2025 | B29: Списання товарів ІБ00-000337 від 25.06.2025 23:13:03 Списаны ТМЦ | C29: Обл. НДС Виробничий (Глобине-2) Глобине-2 Прямі материальні виробничі витрати крім зворотніх відходів | D29: Обл. НДС Пінополістирол фасад шаршавий 1200х600х20мм 0,264 куб м Надходження товарів і послуг ІБ00-000776 від 06.02.2025 18:36:51 Резервуар для зберігання розчинника(Глобине) | E29: 231 | H29: 205 | I29: 5608.81 | K29: Д | L29: 93344.24
A30: Обороти за період та сальдо на кінець | E30: 369382.92 | H30: 394937.54 | K30: Д | L30: 93344.24
J32: =SUBTOTAL(9,I4:J29) -> 321233.75

Sheet СПК
A1: Період | B1: Документ | C1: Аналітика Дт | D1: Аналітика Кт | E1: Дебет | H1: Кредит | K1: Поточне сальдо
E2: Рахунок | H2: Рахунок
A3: 01.06.2025 | B3: Надходження товарів і послуг ІБ00-002830 від 01.06.2025 11:00:00 Оприходованы ТМЦ | C3: Обл. НДС Арматура №18 А500С L=12000 мм Надходження товарів і послуг ІБ00-002830 від 01.06.2025 11:00:00 СПК (Глобине) | D3: МЕТІНВЕСТ-СМЦ ТОВ №1778403/01/2023-С от 11.01.2023 РАХУНКИ_Глобино-2 Рахунок на оплату постачальника ІБ00-002203 від 27.05.2025 18:43:24 | E3: 205 | F3: 422202.14 | H3: 631 | K3: Д | L3: 4624141.2
A4: 01.06.2025 | B4: Надходження товарів і послуг ІБ00-002832 від 01.06.2025 11:00:00 Оприходованы ТМЦ | C4: Обл. НДС Арматура №18 А500С L=12000 мм Надходження товарів і послуг ІБ00-002832 від 01.06.2025 11:00:00 СПК (Глобине) | D4: МЕТІНВЕСТ-СМЦ ТОВ №1778403/01/2023-С от 11.01.2023 РАХУНКИ_Глобино-2 Рахунок на оплату постачальника ІБ00-002366 від 01.06.2025 23:13:37 | E4: 205 | F4: 553939.03 | H4: 631 | K4: Д | L4: 5178080.3
A5: 01.06.2025 | B5: Надходження товарів і послуг ІБ00-002861 від 01.06.2025 11:00:00 Оприходованы ТМЦ | C5: Обл. НДС Грунт-емаль 3 в 1 антикороз RAL7024 25 кг Надходження товарів і послуг ІБ00-002861 від 01.06.2025 11:00:00 СПК (Глобине) | D5: ДНІПРО-СПЕЦЕМАЛЬ НВП ТОВ Рахунки_Глобине-2 Рахунок на оплату постачальника ІБ00-002357 від 01.06.2025 23:13:32 | E5: 205 | F5: 41400 | H5: 631 | K5: Д | L5: 5219480.3
A6: 01.06.2025 | B6: Надходження товарів і послуг ІБ00-002967 від 01.06.2025 11:00:00 Оприходованы ТМЦ | C6: Обл. НДС Щебенево-піщана суміш фр 0-70 мм Надходження товарів і послуг ІБ00-002967 від 01.06.2025 11:00:00 СПК (Глобине) | D6: Венкрас Авто ПП Договір 05/09/2024 від 05.09.2024_Глобине-2 Рахунок на оплату постачальника ІБ00-001387 від 14.04.2025 18:04:20 | E6: 205 | F6: 12273 | H6: 631 | K6: Д | L6: 5231753.3
A7: 01.06.2025 | B7: Надходження товарів і послуг ІБ00-002968 від 01.06.2025 11:00:00 Оприходованы ТМЦ | C7: Обл. НДС Щебенево-піщана суміш фр 0-70 мм Надходження товарів і послуг ІБ00-002968 від 01.06.2025 11:00:00 СПК (Глобине) | D7: Венкрас Авто ПП Договір 05/09/2024 від 05.09.2024_Глобине-2 Рахунок на оплату постачальника ІБ00-001387 від 14.04.2025 18:04:20 | E7: 205 | F7: 12147 | H7: 631 | K7: Д | L7: 5243900.3
A8: 01.06.2025 | B8: Надходження товарів і послуг ІБ00-003429 від 01.06.2025 11:00:00 Оприходованы ТМЦ | C8: Обл. НДС Фіксатор Стілець 50/8-24 Надходження товарів і послуг ІБ00-003429 від 01.06.2025 11:00:00 СПК (Глобине) | D8: ПРОТЕКС УКРАЇНА Договір 9 від 11.12.2023_Глобине 2 Рахунок на оплату постачальника ІБ00-002732 від 01.06.2025 23:15:54 | E8: 205 | F8: 2150 | H8: 631 | K8: Д | L8: 5246050.3
A9: 02.06.2025 | B9: Надходження товарів і послуг ІБ00-002798 від 02.06.2025 11:00:00 Оприходованы ТМЦ | C9: Обл. НДС Ригель Р5а 2Р6.3.83-5 L=6740 Надходження товарів і послуг ІБ00-002798 від 02.06.2025 11:00:00 СПК (Глобине) | D9: БМЗ БЕТОН ПП Договір ПП/М 221-2 від 14.01.2025 _Глобино-2 Рахунок на оплату постачальника ІБ00-000358 від 28.01.2025 23:21:44 | E9: 205 | F9: 94503 | H9: 631 | K9: Д | L9: 5340553.3
A10: 02.06.2025 | B10: Надходження товарів і послуг ІБ00-002798 від 02.06.2025 11:00:00 Оприходованы ТМЦ | C10: Обл. НДС Плита ребриста РП3 РП 6.2.83-2 L=6740 Надходження товарів і послуг ІБ00-002798 від 02.06.2025 11:00:00 СПК (Глобине) | D10: БМЗ БЕТОН ПП Договір ПП/М 221-2 від 14.01.2025 _Глобино-2 Рахунок на оплату постачальника ІБ00-000358 від 28.01.2025 23:21:44 | E10: 205 | F10: 61581 | H10: 631 | K10: Д | L10: 5402134.3
A11: 02.06.2025 | B11: Вимога-накладна ІБ00-000443 від 02.06.2025 11:06:31 Списаны ТМЦ | C11: Обл. НДС Виробничий (Глобине-2) Глобине-2 Прямі материальні виробничі витрати крім зворотніх відходів | D11: Обл. НДС Ригель Р4 1Р6.3.83-2 L=6740 Надходження товарів і послуг ІБ00-002591 від 21.05.2025 11:00:00 СПК (Глобине) | E11: 231 | H11: 205 | I11: 29234.46 | K11: Д | L11: 5372899.8
A12: 02.06.2025 | B12: Вимога-накладна ІБ00-000443 від 02.06.2025 11:06:31 Списаны ТМЦ | C12: Обл. НДС Виробничий (Глобине-2) Глобине-2 Прямі материальні виробничі витрати крім зворотніх відходів | D12: Обл. НДС Ригель Р4 1Р6.3.83-2 L=6740 Надходження товарів і послуг ІБ00-002518 від 23.05.2025 11:00:00 СПК (Глобине) | E12: 231 | H12: 205 | I12: 58468.93 | K12: Д | L12: 5314430.9
A13: 03.06.2025 | B13: Надходження товарів і послуг ІБ00-002711 від 03.06.2025 11:00:00 Оприходованы ТМЦ | C13: Обл. НДС Щебінь 20-40 Надходження товарів і послуг ІБ00-002711 від 03.06.2025 11:00:00 СПК (Глобине) | D13: Енергія Логістик ТОВ №28/10-2024 ВІД 28/10/24_Глобине-2 Рахунок на оплату постачальника ІБ00-002243 від 03.06.2025 22:22:38 | E13: 205 | F13: 27168.83 | H13: 631 | K13: Д | L13: 5341599.7
A14: 03.06.2025 | B14: Надходження дод. витрат ІБ00-000372 від 03.06.2025 11:10:00 Доп. расходы при поступлении товаров | C14: Обл. НДС Щебінь 20-40 Надходження товарів і послуг ІБ00-002711 від 03.06.2025 11:00:00 СПК (Глобине) | D14: Енергія Логістик ТОВ №28/10-2024 ВІД 28/10/24_Глобине-2 Рахунок на оплату постачальника ІБ00-002243 від 03.06.2025 22:22:38 | E14: 205 | F14: 26537 | H14: 631 | K14: Д | L14: 5368136.7
A15: 06.06.2025 | B15: Надходження товарів і послуг ІБ00-002833 від 06.06.2025 11:00:00 Оприходованы ТМЦ | C15: Обл. НДС Арматура № 8 А240С L=6000 мм Надходження товарів і послуг ІБ00-002833 від 06.06.2025 11:00:00 СПК (Глобине) | D15: МЕТІНВЕСТ-СМЦ ТОВ №1778403/01/2023-С от 11.01.2023 РАХУНКИ_Глобино-2 Рахунок на оплату постачальника ІБ00-002367 від 06.06.2025 00:00:00 | E15: 205 | F15: 9350 | H15: 631 | K15: Д | L15: 5377486.7
A16: 06.06.2025 | B16: Надходження товарів і послуг ІБ00-002833 від 06.06.2025 11:00:00 Оприходованы ТМЦ | C16: Обл. НДС Арматура №10 А500С L=12000 мм Надходження товарів і послуг ІБ00-002833 від 06.06.2025 11:00:00 СПК (Глобине) | D16: МЕТІНВЕСТ-СМЦ ТОВ №1778403/01/2023-С от 11.01.2023 РАХУНКИ_Глобино-2 Рахунок на оплату постачальника ІБ00-002367 від 06.06.2025 00:00:00 | E16: 205 | F16: 3035.08 | H16: 631 | K16: Д | L16: 5380521.8
A17: 06.06.2025 | B17: Надходження товарів і послуг ІБ00-002833 від 06.06.2025 11:00:00 Оприходованы ТМЦ | C17: Обл. НДС Арматура №18 А500С L=12000 мм Надходження товарів і послуг ІБ00-002833 від 06.06.2025 11:00:00 СПК (Глобине) | D17: МЕТІНВЕСТ-СМЦ ТОВ №1778403/01/2023-С от 11.01.2023 РАХУНКИ_Глобино-2 Рахунок на оплату постачальника ІБ00-002367 від 06.06.2025 00:00:00 | E17: 205 | F17: 216968.78 | H17: 631 | K17: Д | L17: 5597490.6
A18: 06.06.2025 | B18: Надходження товарів і послуг ІБ00-002833 від 06.06.2025 11:00:00 Оприходованы ТМЦ | C18: Обл. НДС Арматура №20 А500С L=12000 мм Надходження товарів і послуг ІБ00-002833 від 06.06.2025 11:00:00 СПК (Глобине) | D18: МЕТІНВЕСТ-СМЦ ТОВ №1778403/01/2023-С от 11.01.2023 РАХУНКИ_Глобино-2 Рахунок на оплату постачальника ІБ00-002367 від 06.06.2025 00:00:00 | E18: 205 | F18: 41483.34 | H18: 631 | K18: Д | L18: 5638973.9
A19: 06.06.2025 | B19: Надходження товарів і послуг ІБ00-002835 від 06.06.2025 11:00:00 Оприходованы ТМЦ | C19: Обл. НДС Лист г/к 2*1250*2500, S235 JR Надходження товарів і послуг ІБ00-002835 від 06.06.2025 11:00:00 СПК (Глобине) | D19: МЕТІНВЕСТ-СМЦ ТОВ №1778403/01/2023-С от 11.01.2023 РАХУНКИ_Глобино-2 Рахунок на оплату постачальника ІБ00-002369 від 06.06.2025 18:22:53 | E19: 205 | F19: 34791.66 | H19: 631 | K19: Д | L19: 5673765.6
A20: 06.06.2025 | B20: Надходження товарів і послуг ІБ00-002838 від 06.06.2025 11:00:00 Оприходованы ТМЦ | C20: Обл. НДС Труба профільна 80х80 мм 4,0 мм, 12 м Надходження товарів і послуг ІБ00-002838 від 06.06.2025 11:00:00 СПК (Глобине) | D20: МЕТІНВЕСТ-СМЦ ТОВ №1778403/01/2023-С от 11.01.2023 РАХУНКИ_Глобино-2 Рахунок на оплату постачальника ІБ00-002372 від 06.06.2025 18:22:57 | E20: 205 | F20: 63953.34 | H20: 631 | K20: Д | L20: 5737718.9
A21: 06.06.2025 | B21: Надходження товарів і послуг ІБ00-003360 від 06.06.2025 11:00:00 Оприходованы ТМЦ | C21: Обл. НДС Брус 50*50*4, шт Надходження товарів і послуг ІБ00-003360 від 06.06.2025 11:00:00 СПК (Глобине) | D21: Мошинець Ю.П. ФОП Рахунки_Глобине-2 Рахунок на оплату постачальника ІБ00-002736 від 06.06.2025 18:23:28 | E21: 205 | F21: 5750 | H21: 631 | K21: Д | L21: 5743468.9
A22: 06.06.2025 | B22: Надходження товарів і послуг ІБ00-003360 від 06.06.2025 11:00:00 Оприходованы ТМЦ | C22: Обл. НДС Плита OSB 18 мм Надходження товарів і послуг ІБ00-003360 від 06.06.2025 11:00:00 СПК (Глобине) | D22: Мошинець Ю.П. ФОП Рахунки_Глобине-2 Рахунок на оплату постачальника ІБ00-002736 від 06.06.2025 18:23:28 | E22: 205 | F22: 16065 | H22: 631 | K22: Д | L22: 5759533.9
A23: 06.06.2025 | B23: Переміщення товарів ІБ00-000537 від 06.06.2025 11:10:00 Перемещение ТМЦ | C23: Обл. НДС Балка ІРЕ 300 міра L=12 S275JR Надходження товарів і послуг ІБ00-002837 від 06.06.2025 11:00:00 СПК (Глобине) | D23: Обл. НДС Балка ІРЕ 300 міра L=12 S275JR Надходження товарів і послуг ІБ00-002837 від 06.06.2025 11:00:00 Глобине-2 | E23: 205 | F23: 68999.99 | H23: 205 | K23: Д | L23: 5828533.9
A24: 06.06.2025 | B24: Надходження товарів і послуг ІБ00-002803 від 06.06.2025 18:22:48 Оприходованы ТМЦ | C24: Обл. НДС Болт анкерний MMS 14/20х130 Надходження товарів і послуг ІБ00-002803 від 06.06.2025 18:22:48 СПК (Глобине) | D24: Пері Україна ТОВ Дог СО-24-0001187 від 01.03.2024 Глобине-2 Надходження товарів і послуг ІБ00-002803 від 06.06.2025 18:22:48 | E24: 205 | F24: 455 | H24: 631 | K24: Д | L24: 5828988.9
... A45: 10.06.2025 | B45: Переміщення товарів ІБ00-000561 від 10.06.2025 11:10:00 Перемещение ТМЦ | C45: Обл. НДС Щебінь 20-40 Надходження товарів і послуг ІБ00-002855 від 10.06.2025 11:00:00 СПК (Глобине) | D45: Обл. НДС Щебінь 20-40 Надходження товарів і послуг ІБ00-002855 від 10.06.2025 11:00:00 Пожежений резервуар (Глобине) | E45: 205 | F45: 473 | H45: 205 | K45: Д | L45: 6478129.7
A46: 10.06.2025 | B46: Вимога-накладна ІБ00-000449 від 10.06.2025 15:35:02 Списаны ТМЦ | C46: Обл. НДС Виробничий (Глобине-2) Глобине-2 Прямі материальні виробничі витрати крім зворотніх відходів | D46: Обл. НДС Щебінь 20-40 Надходження товарів і послуг ІБ00-002711 від 03.06.2025 11:00:00 СПК (Глобине) | E46: 231 | H46: 205 | I46: 53705.83 | K46: Д | L46: 6424423.9
A47: 10.06.2025 | B47: Вимога-накладна ІБ00-000449 від 10.06.2025 15:35:02 Списаны ТМЦ | C47: Обл. НДС Виробничий (Глобине-2) Глобине-2 Прямі материальні виробничі витрати крім зворотніх відходів | D47: Обл. НДС Щебінь 20-40 Надходження товарів і послуг ІБ00-002855 від 10.06.2025 11:00:00 СПК (Глобине) | E47: 231 | H47: 205 | I47: 473 | K47: Д | L47: 6423950.9
A48: 11.06.2025 | B48: Надходження товарів і послуг ІБ00-002862 від 11.06.2025 11:00:00 Оприходованы ТМЦ | C48: Обл. НДС Грунт-емаль 3 в 1 антикороз RAL7024 25 кг Надходження товарів і послуг ІБ00-002862 від 11.06.2025 11:00:00 СПК (Глобине) | D48: ДНІПРО-СПЕЦЕМАЛЬ НВП ТОВ Рахунки_Глобине-2 Рахунок на оплату постачальника ІБ00-002441 від 05.06.2025 17:16:59 | E48: 205 | F48: 41400 | H48: 631 | K48: Д | L48: 6465350.9
A49: 12.06.2025 | B49: Переміщення товарів ІБ00-000559 від 12.06.2025 10:26:04 Перемещение ТМЦ | C49: Обл. НДС Бетон С 30/35 W4 F75 Р4 Надходження товарів і послуг ІБ00-001961 від 30.04.2025 11:00:00 СПК (Глобине) | D49: Обл. НДС Бетон С 30/35 W4 F75 Р4 Надходження товарів і послуг ІБ00-001961 від 30.04.2025 11:00:00 Генплан підпірна стінка (Глобине) | E49: 205 | F49: 11827.73 | H49: 205 | K49: Д | L49: 6477178.6
A50: 12.06.2025 | B50: Надходження товарів і послуг ІБ00-002869 від 12.06.2025 11:00:00 Оприходованы ТМЦ | C50: Обл. НДС Бетон С 30/35 W4 F75 Р4 Надходження товарів і послуг ІБ00-002869 від 12.06.2025 11:00:00 СПК (Глобине) | D50: Кременчуцький річковий порт ПРАТ Договір 112/Б від 15.10.2024_Глобине-2 Надходження товарів і послуг ІБ00-002869 від 12.06.2025 11:00:00 | E50: 205 | F50: 9240 | H50: 631 | K50: Д | L50: 6486418.6
A51: 12.06.2025 | B51: Надходження дод. витрат ІБ00-000378 від 12.06.2025 11:10:00 Доп. расходы при поступлении товаров | C51: Обл. НДС Бетон С 30/35 W4 F75 Р4 Надходження товарів і послуг ІБ00-002869 від 12.06.2025 11:00:00 СПК (Глобине) | D51: Кременчуцький річковий порт ПРАТ Договір 112/Б від 15.10.2024_Глобине-2 Надходження дод. витрат ІБ00-000378 від 12.06.2025 11:10:00 | E51: 205 | F51: 9840.5 | H51: 631 | K51: Д | L51: 6496259.1
A52: 12.06.2025 | B52: Вимога-накладна ІБ00-000448 від 12.06.2025 20:30:53 Списаны ТМЦ | C52: Обл. НДС Виробничий (Глобине-2) Глобине-2 Прямі материальні виробничі витрати крім зворотніх відходів | D52: Обл. НДС Бетон С 30/35 W4 F75 Р4 Надходження товарів і послуг ІБ00-001961 від 30.04.2025 11:00:00 СПК (Глобине) | E52: 231 | H52: 205 | I52: 11827.73 | K52: Д | L52: 6484431.4
A53: 12.06.2025 | B53: Вимога-накладна ІБ00-000448 від 12.06.2025 20:30:53 Списаны ТМЦ | C53: Обл. НДС Виробничий (Глобине-2) Глобине-2 Прямі материальні виробничі витрати крім зворотніх відходів | D53: Обл. НДС Бетон С 30/35 W4 F75 Р4 Надходження товарів і послуг ІБ00-002869 від 12.06.2025 11:00:00 СПК (Глобине) | E53: 231 | H53: 205 | I53: 16536.43 | K53: Д | L53: 6467895
A54: 13.06.2025 | B54: Надходження товарів і послуг ІБ00-002982 від 13.06.2025 11:00:00 Оприходованы ТМЦ | C54: Обл. НДС Арматура №36 А500С,12м Надходження товарів і послуг ІБ00-002982 від 13.06.2025 11:00:00 СПК (Глобине) | D54: МЕТІНВЕСТ-СМЦ ТОВ №1778403/01/2023-С от 11.01.2023 РАХУНКИ_Глобино-2 Рахунок на оплату постачальника ІБ00-002512 від 13.06.2025 18:33:27 | E54: 205 | F54: 135019.72 | H54: 631 | K54: Д | L54: 6602914.7
A55: 13.06.2025 | B55: Надходження товарів і послуг ІБ00-002983 від 13.06.2025 11:00:00 Оприходованы ТМЦ | C55: Обл. НДС Труба профільна 120*120*4 L=12000 мм ст1-3 сп/пс Надходження товарів і послуг ІБ00-002983 від 13.06.2025 11:00:00 СПК (Глобине) | D55: МЕТІНВЕСТ-СМЦ ТОВ №1778403/01/2023-С от 11.01.2023 РАХУНКИ_Глобино-2 Рахунок на оплату постачальника ІБ00-002513 від 13.06.2025 18:33:28 | E55: 205 | F55: 551126.61 | H55: 631 | K55: Д | L55: 7154041.3
A56: 13.06.2025 | B56: Надходження товарів і послуг ІБ00-002984 від 13.06.2025 11:00:00 Оприходованы ТМЦ | C56: Обл. НДС Труба профільна 120*120*4 L=12000 мм ст1-3 сп/пс Надходження товарів і послуг ІБ00-002984 від 13.06.2025 11:00:00 СПК (Глобине) | D56: МЕТІНВЕСТ-СМЦ ТОВ №1778403/01/2023-С от 11.01.2023 РАХУНКИ_Глобино-2 Рахунок на оплату постачальника ІБ00-002514 від 13.06.2025 18:33:29 | E56: 205 | F56: 256602.11 | H56: 631 | K56: Д | L56: 7410643.4
A57: 13.06.2025 | B57: Надходження товарів і послуг ІБ00-002989 від 13.06.2025 11:00:00 Оприходованы ТМЦ | C57: Обл. НДС Арматура №12 А240С L=6000 мм Надходження товарів і послуг ІБ00-002989 від 13.06.2025 11:00:00 СПК (Глобине) | D57: МЕТІНВЕСТ-СМЦ ТОВ №1778403/01/2023-С от 11.01.2023 РАХУНКИ_Глобино-2 Рахунок на оплату постачальника ІБ00-002512 від 13.06.2025 18:33:27 | E57: 205 | F57: 38204.16 | H57: 631 | K57: Д | L57: 7448847.6
A58: 13.06.2025 | B58: Надходження товарів і послуг ІБ00-002989 від 13.06.2025 11:00:00 Оприходованы ТМЦ | C58: Обл. НДС Кутик 50х50х5мм ст, S275JR. 6 м Надходження товарів і послуг ІБ00-002989 від 13.06.2025 11:00:00 СПК (Глобине) | D58: МЕТІНВЕСТ-СМЦ ТОВ №1778403/01/2023-С от 11.01.2023 РАХУНКИ_Глобино-2 Рахунок на оплату постачальника ІБ00-002512 від 13.06.2025 18:33:27 | E58: 205 | F58: 34991.25 | H58: 631 | K58: Д | L58: 7483838.8
A59: 13.06.2025 | B59: Вимога-накладна ІБ00-000450 від 13.06.2025 11:17:10 Списаны ТМЦ | C59: Обл. НДС Виробничий (Глобине-2) Глобине-2 Прямі материальні виробничі витрати крім зворотніх відходів | D59: Обл. НДС Труба профільна 120*120*4 L=12000 мм ст1-3 сп/пс Надходження товарів і послуг ІБ00-002983 від 13.06.2025 11:00:00 СПК (Глобине) | E59: 231 | H59: 205 | I59: 41189.46 | K59: Д | L59: 7442649.3
A60: 13.06.2025 | B60: Вимога-накладна ІБ00-000450 від 13.06.2025 11:17:10 Списаны ТМЦ | C60: Обл. НДС Виробничий (Глобине-2) Глобине-2 Прямі материальні виробничі витрати крім зворотніх відходів | D60: Обл. НДС Грунт-емаль 3 в 1 антикороз RAL7024 25 кг Надходження товарів і послуг ІБ00-002861 від 01.06.2025 11:00:00 СПК (Глобине) | E60: 231 | H60: 205 | I60: 9406.08 | K60: Д | L60: 7433243.3
A61: 14.06.2025 | B61: Надходження товарів і послуг ІБ00-003169 від 14.06.2025 11:00:00 Оприходованы ТМЦ | C61: Обл. НДС Пісок з відсіву дроблення щебеню фр. 0-5мм. Надходження товарів і послуг ІБ00-003169 від 14.06.2025 11:00:00 СПК (Глобине) | D61: Енергія Логістик ТОВ №28/10-2024 ВІД 28/10/24_Глобине-2 Рахунок на оплату постачальника ІБ00-002663 від 14.06.2025 12:00:10 | E61: 205 | F61: 3983.83 | H61: 631 | K61: Д | L61: 7437227.1
A62: 16.06.2025 | B62: Надходження товарів і послуг ІБ00-003132 від 16.06.2025 11:00:00 Оприходованы ТМЦ | C62: Обл. НДС Колона К14с-3 2КС 36.108-6 L=8250 Надходження товарів і послуг ІБ00-003132 від 16.06.2025 11:00:00 СПК (Глобине) | D62: БМЗ БЕТОН ПП Договір ПП/М 221-2 від 14.01.2025 _Глобино-2 Рахунок на оплату постачальника ІБ00-000358 від 28.01.2025 23:21:44 | E62: 205 | F62: 37768 | H62: 631 | K62: Д | L62: 7474995.1
A63: 16.06.2025 | B63: Надходження товарів і послуг ІБ00-003132 від 16.06.2025 11:00:00 Оприходованы ТМЦ | C63: Обл. НДС Колона К15с-3 2КС 36.108-6 L=8250 Надходження товарів і послуг ІБ00-003132 від 16.06.2025 11:00:00 СПК (Глобине) | D63: БМЗ БЕТОН ПП Договір ПП/М 221-2 від 14.01.2025 _Глобино-2 Рахунок на оплату постачальника ІБ00-000358 від 28.01.2025 23:21:44 | E63: 205 | F63: 37768 | H63: 631 | K63: Д | L63: 7512763.1
A64: 16.06.2025 | B64: Надходження товарів і послуг ІБ00-003132 від 16.06.2025 11:00:00 Оприходованы ТМЦ | C64: Обл. НДС Колона К16с-3 2КС 36.108-6 L=8250 Надходження товарів і послуг ІБ00-003132 від 16.06.2025 11:00:00 СПК (Глобине) | D64: БМЗ БЕТОН ПП Договір ПП/М 221-2 від 14.01.2025 _Глобино-2 Рахунок на оплату постачальника ІБ00-000358 від 28.01.2025 23:21:44 | E64: 205 | F64: 37768 | H64: 631 | K64: Д | L64: 7550531.1
A65: 16.06.2025 | B65: Надходження товарів і послуг ІБ00-003132 від 16.06.2025 11:00:00 Оприходованы ТМЦ | C65: Обл. НДС Колона К25с-3 4КС 36.108-6 L=8250 Надходження товарів і послуг ІБ00-003132 від 16.06.2025 11:00:00 СПК (Глобине) | D65: БМЗ БЕТОН ПП Договір ПП/М 221-2 від 14.01.2025 _Глобино-2 Рахунок на оплату постачальника ІБ00-000358 від 28.01.2025 23:21:44 | E65: 205 | F65: 35336 | H65: 631 | K65: Д | L65: 7585867.1
A66: 16.06.2025 | B66: Надходження товарів і послуг ІБ00-003132 від 16.06.2025 11:00:00 Оприходованы ТМЦ | C66: Обл. НДС Колона К26с-3 4КС 36.108-6 L=8250 Надходження товарів і послуг ІБ00-003132 від 16.06.2025 11:00:00 СПК (Глобине) | D66: БМЗ БЕТОН ПП Договір ПП/М 221-2 від 14.01.2025 _Глобино-2 Рахунок на оплату постачальника ІБ00-000358 від 28.01.2025 23:21:44 | E66: 205 | F66: 35336 | H66: 631 | K66: Д | L66: 7621203.1
A67: 16.06.2025 | B67: Надходження товарів і послуг ІБ00-003132 від 16.06.2025 11:00:00 Оприходованы ТМЦ | C67: Обл. НДС Колона К27с-3 4КС 36.108-6 L=8250 Надходження товарів і послуг ІБ00-003132 від 16.06.2025 11:00:00 СПК (Глобине) | D67: БМЗ БЕТОН ПП Договір ПП/М 221-2 від 14.01.2025 _Глобино-2 Рахунок на оплату постачальника ІБ00-000358 від 28.01.2025 23:21:44 | E67: 205 | F67: 35336 | H67: 631 | K67: Д | L67: 7656539.1
A68: 17.06.2025 | B68: Надходження товарів і послуг ІБ00-002962 від 17.06.2025 11:00:00 Оприходованы ТМЦ | C68: Обл. НДС Труба 273*6,0 Надходження товарів і послуг ІБ00-002962 від 17.06.2025 11:00:00 СПК (Глобине) | D68: МЕТАЛ ХОЛДІНГ ТРЕЙД ТОВ Дог 01/219/25 від 01.04.2025_Глобине-2 Рахунок на оплату постачальника ІБ00-002505 від 12.06.2025 23:25:55 | E68: 205 | F68: 241024.33 | H68: 631 | K68: Д | L68: 7897563.4
A69: 17.06.2025 | B69: Надходження товарів і послуг ІБ00-002962 від 17.06.2025 11:00:00 Оприходованы ТМЦ | C69: Обл. НДС Труба 159*4,5 мм, 12 м Надходження товарів і послуг ІБ00-002962 від 17.06.2025 11:00:00 СПК (Глобине) | D69: МЕТАЛ ХОЛДІНГ ТРЕЙД ТОВ Дог 01/219/25 від 01.04.2025_Глобине-2 Рахунок на оплату постачальника ІБ00-002505 від 12.06.2025 23:25:55 | E69: 205 | F69: 3563.59 | H69: 631 | K69: Д | L69: 7901127
A70: 17.06.2025 | B70: Надходження товарів і послуг ІБ00-002962 від 17.06.2025 11:00:00 Оприходованы ТМЦ | C70: Обл. НДС Труба 219*4,5 ст1-3 сп/пс Надходження товарів і послуг ІБ00-002962 від 17.06.2025 11:00:00 СПК (Глобине) | D70: МЕТАЛ ХОЛДІНГ ТРЕЙД ТОВ Дог 01/219/25 від 01.04.2025_Глобине-2 Рахунок на оплату постачальника ІБ00-002505 від 12.06.2025 23:25:55 | E70: 205 | F70: 1588.28 | H70: 631 | K70: Д | L70: 7902715.3
A71: 17.06.2025 | B71: Надходження товарів і послуг ІБ00-003134 від 17.06.2025 11:00:00 Оприходованы ТМЦ | C71: Обл. НДС Колона К5с-3 4КС 36.108-6 L=8250 Надходження товарів і послуг ІБ00-003134 від 17.06.2025 11:00:00 СПК (Глобине) | D71: БМЗ БЕТОН ПП Договір ПП/М 221-2 від 14.01.2025 _Глобино-2 Рахунок на оплату постачальника ІБ00-000358 від 28.01.2025 23:21:44 | E71: 205 | F71: 35336 | H71: 631 | K71: Д | L71: 7938051.3
A72: 17.06.2025 | B72: Надходження товарів і послуг ІБ00-003134 від 17.06.2025 11:00:00 Оприходованы ТМЦ | C72: Обл. НДС Колона К6с-3 4КС 36.108-6 L=8250 Надходження товарів і послуг ІБ00-003134 від 17.06.2025 11:00:00 СПК (Глобине) | D72: БМЗ БЕТОН ПП Договір ПП/М 221-2 від 14.01.2025 _Глобино-2 Рахунок на оплату постачальника ІБ00-000358 від 28.01.2025 23:21:44 | E72: 205 | F72: 35336 | H72: 631 | K72: Д | L72: 7973387.3
... A81: 17.06.2025 | B81: Переміщення товарів ІБ00-000557 від 17.06.2025 11:15:00 Перемещение ТМЦ | C81: Обл. НДС Бетон С20/25 W6 F75 P4 Надходження товарів і послуг ІБ00-003001 від 17.06.2025 11:00:00 СПК (Глобине) | D81: Обл. НДС Бетон С20/25 W6 F75 P4 Надходження товарів і послуг ІБ00-003001 від 17.06.2025 11:00:00 Глобине-2 | E81: 205 | F81: 1983.85 | H81: 205 | K81: Д | L81: 8151208.4
A82: 17.06.2025 | B82: Переміщення товарів ІБ00-000567 від 17.06.2025 11:15:00 Перемещение ТМЦ | C82: Обл. НДС Труба 159*4,5 мм, 12 м Надходження товарів і послуг ІБ00-002962 від 17.06.2025 11:00:00 Пункт фасування та зберігання в бігбегах (Глобине) | D82: Обл. НДС Труба 159*4,5 мм, 12 м Надходження товарів і послуг ІБ00-002962 від 17.06.2025 11:00:00 СПК (Глобине) | E82: 205 | H82: 205 | I82: 3782.72 | K82: Д | L82: 8147425.7
A83: 17.06.2025 | B83: Переміщення товарів ІБ00-000567 від 17.06.2025 11:15:00 Перемещение ТМЦ | C83: Обл. НДС Труба 219*4,5 ст1-3 сп/пс Надходження товарів і послуг ІБ00-002962 від 17.06.2025 11:00:00 Пункт фасування та зберігання в бігбегах (Глобине) | D83: Обл. НДС Труба 219*4,5 ст1-3 сп/пс Надходження товарів і послуг ІБ00-002962 від 17.06.2025 11:00:00 СПК (Глобине) | E83: 205 | H83: 205 | I83: 1685.95 | K83: Д | L83: 8145739.7
A84: 18.06.2025 | B84: Надходження товарів і послуг ІБ00-003062 від 18.06.2025 11:00:00 Оприходованы ТМЦ | C84: Обл. НДС Бетон С 30/35 W4 F75 Р4 Надходження товарів і послуг ІБ00-003062 від 18.06.2025 11:00:00 СПК (Глобине) | D84: Кременчуцький річковий порт ПРАТ Договір 112/Б від 15.10.2024_Глобине-2 Надходження товарів і послуг ІБ00-003062 від 18.06.2025 11:00:00 | E84: 205 | F84: 29260 | H84: 631 | K84: Д | L84: 8174999.7
A85: 18.06.2025 | B85: Надходження товарів і послуг ІБ00-003133 від 18.06.2025 11:00:00 Оприходованы ТМЦ | C85: Обл. НДС Плита ребриста РП1а РП 6.2.65-2 L=6240 Надходження товарів і послуг ІБ00-003133 від 18.06.2025 11:00:00 СПК (Глобине) | D85: БМЗ БЕТОН ПП Договір ПП/М 221-2 від 14.01.2025 _Глобино-2 Рахунок на оплату постачальника ІБ00-000358 від 28.01.2025 23:21:44 | E85: 205 | F85: 37684 | H85: 631 | K85: Д | L85: 8212683.7
A86: 18.06.2025 | B86: Надходження товарів і послуг ІБ00-003133 від 18.06.2025 11:00:00 Оприходованы ТМЦ | C86: Обл. НДС Колона К1с-3 5КС 36.108-6 L=8250 Надходження товарів і послуг ІБ00-003133 від 18.06.2025 11:00:00 СПК (Глобине) | D86: БМЗ БЕТОН ПП Договір ПП/М 221-2 від 14.01.2025 _Глобино-2 Рахунок на оплату постачальника ІБ00-000358 від 28.01.2025 23:21:44 | E86: 205 | F86: 35904 | H86: 631 | K86: Д | L86: 8248587.7
A87: 18.06.2025 | B87: Надходження товарів і послуг ІБ00-003133 від 18.06.2025 11:00:00 Оприходованы ТМЦ | C87: Обл. НДС Колона К2с-3 4КС 36.108-6 L=8250 Надходження товарів і послуг ІБ00-003133 від 18.06.2025 11:00:00 СПК (Глобине) | D87: БМЗ БЕТОН ПП Договір ПП/М 221-2 від 14.01.2025 _Глобино-2 Рахунок на оплату постачальника ІБ00-000358 від 28.01.2025 23:21:44 | E87: 205 | F87: 35336 | H87: 631 | K87: Д | L87: 8283923.7
A88: 18.06.2025 | B88: Надходження товарів і послуг ІБ00-003133 від 18.06.2025 11:00:00 Оприходованы ТМЦ | C88: Обл. НДС Колона К3с-3 4КС 36.108-6 L=8250 Надходження товарів і послуг ІБ00-003133 від 18.06.2025 11:00:00 СПК (Глобине) | D88: БМЗ БЕТОН ПП Договір ПП/М 221-2 від 14.01.2025 _Глобино-2 Рахунок на оплату постачальника ІБ00-000358 від 28.01.2025 23:21:44 | E88: 205 | F88: 35336 | H88: 631 | K88: Д | L88: 8319259.7
A89: 18.06.2025 | B89: Надходження товарів і послуг ІБ00-003133 від 18.06.2025 11:00:00 Оприходованы ТМЦ | C89: Обл. НДС Колона К4с-3 4КС 36.108-6 L=8250 Надходження товарів і послуг ІБ00-003133 від 18.06.2025 11:00:00 СПК (Глобине) | D89: БМЗ БЕТОН ПП Договір ПП/М 221-2 від 14.01.2025 _Глобино-2 Рахунок на оплату постачальника ІБ00-000358 від 28.01.2025 23:21:44 | E89: 205 | F89: 35336 | H89: 631 | K89: Д | L89: 8354595.7
A90: 18.06.2025 | B90: Надходження дод. витрат ІБ00-000392 від 18.06.2025 11:10:00 Доп. расходы при поступлении товаров | C90: Обл. НДС Бетон С 30/35 W4 F75 Р4 Надходження товарів і послуг ІБ00-003062 від 18.06.2025 11:00:00 СПК (Глобине) | D90: Кременчуцький річковий порт ПРАТ Договір 112/Б від 15.10.2024_Глобине-2 Надходження дод. витрат ІБ00-000392 від 18.06.2025 11:10:00 | E90: 205 | F90: 19127.5 | H90: 631 | K90: Д | L90: 8373723.2
A91: 18.06.2025 | B91: Переміщення товарів ІБ00-000564 від 18.06.2025 18:22:45 Перемещение ТМЦ | C91: Обл. НДС Щебенево-піщана суміш фр 0-70 мм Надходження товарів і послуг ІБ00-001691 від 14.04.2025 11:04:21 Генплан благоустрій (Глобине) | D91: Обл. НДС Щебенево-піщана суміш фр 0-70 мм Надходження товарів і послуг ІБ00-001691 від 14.04.2025 11:04:21 СПК (Глобине) | E91: 205 | H91: 205 | I91: 13246 | K91: Д | L91: 8360477.2
A92: 18.06.2025 | B92: Переміщення товарів ІБ00-000564 від 18.06.2025 18:22:45 Перемещение ТМЦ | C92: Обл. НДС Щебенево-піщана суміш фр 0-70 мм Надходження товарів і послуг ІБ00-002967 від 01.06.2025 11:00:00 Генплан благоустрій (Глобине) | D92: Обл. НДС Щебенево-піщана суміш фр 0-70 мм Надходження товарів і послуг ІБ00-002967 від 01.06.2025 11:00:00 СПК (Глобине) | E92: 205 | H92: 205 | I92: 12273 | K92: Д | L92: 8348204.2
A93: 18.06.2025 | B93: Переміщення товарів ІБ00-000564 від 18.06.2025 18:22:45 Перемещение ТМЦ | C93: Обл. НДС Щебенево-піщана суміш фр 0-70 мм Надходження товарів і послуг ІБ00-002968 від 01.06.2025 11:00:00 Генплан благоустрій (Глобине) | D93: Обл. НДС Щебенево-піщана суміш фр 0-70 мм Надходження товарів і послуг ІБ00-002968 від 01.06.2025 11:00:00 СПК (Глобине) | E93: 205 | H93: 205 | I93: 12147 | K93: Д | L93: 8336057.2
A94: 19.06.2025 | B94: Вимога-накладна ІБ00-000456 від 19.06.2025 10:35:47 Списаны ТМЦ | C94: Обл. НДС Виробничий (Глобине-2) Глобине-2 Прямі материальні виробничі витрати крім зворотніх відходів | D94: Обл. НДС Труба профільна 120*120*4 L=12000 мм ст1-3 сп/пс Надходження товарів і послуг ІБ00-002983 від 13.06.2025 11:00:00 СПК (Глобине) | E94: 231 | H94: 205 | I94: 40517.73 | K94: Д | L94: 8295539.5
A95: 19.06.2025 | B95: Вимога-накладна ІБ00-000456 від 19.06.2025 10:35:47 Списаны ТМЦ | C95: Обл. НДС Виробничий (Глобине-2) Глобине-2 Прямі материальні виробничі витрати крім зворотніх відходів | D95: Обл. НДС Балка ІРЕ 300 міра L=12 S275JR Надходження товарів і послуг ІБ00-002837 від 06.06.2025 11:00:00 СПК (Глобине) | E95: 231 | H95: 205 | I95: 68999.99 | K95: Д | L95: 8226539.5
A96: 19.06.2025 | B96: Вимога-накладна ІБ00-000456 від 19.06.2025 10:35:47 Списаны ТМЦ | C96: Обл. НДС Виробничий (Глобине-2) Глобине-2 Прямі материальні виробничі витрати крім зворотніх відходів | D96: Обл. НДС Грунт ГФ-021 сірий Надходження товарів і послуг ІБ00-002476 від 13.05.2025 11:00:00 СПК (Глобине) | E96: 231 | H96: 205 | I96: 2927.1 | K96: Д | L96: 8223612.4
A97: 19.06.2025 | B97: Вимога-накладна ІБ00-000456 від 19.06.2025 10:35:47 Списаны ТМЦ | C97: Обл. НДС Виробничий (Глобине-2) Глобине-2 Прямі материальні виробничі витрати крім зворотніх відходів | D97: Обл. НДС Грунт-емаль 3 в 1 антикороз RAL7024 25 кг Надходження товарів і послуг ІБ00-002861 від 01.06.2025 11:00:00 СПК (Глобине) | E97: 231 | H97: 205 | I97: 14688.72 | K97: Д | L97: 8208923.7
A98: 19.06.2025 | B98: Вимога-накладна ІБ00-000456 від 19.06.2025 10:35:47 Списаны ТМЦ | C98: Обл. НДС Виробничий (Глобине-2) Глобине-2 Прямі материальні виробничі витрати крім зворотніх відходів | D98: Обл. НДС Розчинник "White Spirit" Надходження товарів і послуг ІБ00-002476 від 13.05.2025 11:00:00 СПК (Глобине) | E98: 231 | H98: 205 | I98: 1614.43 | K98: Д | L98: 8207309.2
A99: 19.06.2025 | B99: Списання товарів ІБ00-000319 від 19.06.2025 10:45:07 Списаны ТМЦ | C99: Обл. НДС Виробничий (Глобине-2) Глобине-2 Прямі материальні виробничі витрати крім зворотніх відходів | D99: Обл. НДС Дюбель розпірний UFІ 14/135 Надходження товарів і послуг ІБ00-002803 від 06.06.2025 18:22:48 СПК (Глобине) | E99: 231 | H99: 205 | I99: 51.03 | K99: Д | L99: 8207258.2
A100: 20.06.2025 | B100: Вимога-накладна ІБ00-000503 від 20.06.2025 00:00:00 Списаны ТМЦ | C100: Обл. НДС Виробничий (Глобине-2) Глобине-2 Прямі материальні виробничі витрати крім зворотніх відходів | D100: Обл. НДС Бетон С 30/35 W4 F75 Р4 Надходження товарів і послуг ІБ00-002869 від 12.06.2025 11:00:00 СПК (Глобине) | E100: 231 | H100: 205 | I100: 2544.07 | K100: Д | L100: 8204714.2
A101: 20.06.2025 | B101: Вимога-накладна ІБ00-000503 від 20.06.2025 00:00:00 Списаны ТМЦ | C101: Обл. НДС Виробничий (Глобине-2) Глобине-2 Прямі материальні виробничі витрати крім зворотніх відходів | D101: Обл. НДС Бетон С 30/35 W4 F75 Р4 Надходження товарів і послуг ІБ00-003062 від 18.06.2025 11:00:00 СПК (Глобине) | E101: 231 | H101: 205 | I101: 13242.89 | K101: Д | L101: 8191471.3
A102: 20.06.2025 | B102: Вимога-накладна ІБ00-000503 від 20.06.2025 00:00:00 Списаны ТМЦ | C102: Обл. НДС Виробничий (Глобине-2) Глобине-2 Прямі материальні виробничі витрати крім зворотніх відходів | D102: Обл. НДС МС32 Надходження товарів і послуг ІБ00-002519 від 23.05.2025 11:00:00 СПК (Глобине) | E102: 231 | H102: 205 | I102: 7911.2 | K102: Д | L102: 8183560.1
... A113: 20.06.2025 | B113: Вимога-накладна ІБ00-000503 від 20.06.2025 00:00:00 Списаны ТМЦ | C113: Обл. НДС Виробничий (Глобине-2) Глобине-2 Прямі материальні виробничі витрати крім зворотніх відходів | D113: Обл. НДС Колона К22с-3 3КС 36.108-6 L=8250 Надходження товарів і послуг ІБ00-002913 від 09.06.2025 11:00:00 СПК (Глобине) | E113: 231 | H113: 205 | I113: 35941 | K113: Д | L113: 7815816.4
A114: 20.06.2025 | B114: Переміщення товарів ІБ00-000574 від 20.06.2025 10:00:00 Перемещение ТМЦ | C114: Обл. НДС Труба 40х40х3 (6,05-S235/S275) Надходження товарів і послуг ІБ00-001808 від 22.04.2025 11:00:00 СПК (Глобине) | D114: Обл. НДС Труба 40х40х3 (6,05-S235/S275) Надходження товарів і послуг ІБ00-001808 від 22.04.2025 11:00:00 Глобине-2 | E114: 205 | F114: 43619.86 | H114: 205 | K114: Д | L114: 7859436.3
A115: 20.06.2025 | B115: Переміщення товарів ІБ00-000575 від 20.06.2025 10:00:00 Перемещение ТМЦ | C115: Обл. НДС Щебінь 20-40 Надходження товарів і послуг ІБ00-002855 від 10.06.2025 11:00:00 СПК (Глобине) | D115: Обл. НДС Щебінь 20-40 Надходження товарів і послуг ІБ00-002855 від 10.06.2025 11:00:00 Пожежений резервуар (Глобине) | E115: 205 | F115: 9537.46 | H115: 205 | K115: Д | L115: 7868973.8
A116: 20.06.2025 | B116: Вимога-накладна ІБ00-000483 від 20.06.2025 16:13:20 Списаны ТМЦ | C116: Обл. НДС Виробничий (Глобине-2) Глобине-2 Прямі материальні виробничі витрати крім зворотніх відходів | D116: Обл. НДС Заготовка арматури Надходження товарів і послуг ІБ00-002172 від 02.05.2025 11:00:00 СПК (Глобине) | E116: 231 | H116: 205 | I116: 24382.12 | K116: Д | L116: 7844591.6
A117: 20.06.2025 | B117: Вимога-накладна ІБ00-000483 від 20.06.2025 16:13:20 Списаны ТМЦ | C117: Обл. НДС Виробничий (Глобине-2) Глобине-2 Прямі материальні виробничі витрати крім зворотніх відходів | D117: Обл. НДС Заготовка арматури Надходження товарів і послуг ІБ00-002519 від 23.05.2025 11:00:00 СПК (Глобине) | E117: 231 | H117: 205 | I117: 21790.5 | K117: Д | L117: 7822801.1
A118: 20.06.2025 | B118: Вимога-накладна ІБ00-000483 від 20.06.2025 16:13:20 Списаны ТМЦ | C118: Обл. НДС Виробничий (Глобине-2) Глобине-2 Прямі материальні виробничі витрати крім зворотніх відходів | D118: Обл. НДС МС32 Надходження товарів і послуг ІБ00-002926 від 10.06.2025 11:00:00 СПК (Глобине) | E118: 231 | H118: 205 | I118: 7700 | K118: Д | L118: 7815101.1
A119: 20.06.2025 | B119: Вимога-накладна ІБ00-000483 від 20.06.2025 16:13:20 Списаны ТМЦ | C119: Обл. НДС Виробничий (Глобине-2) Глобине-2 Прямі материальні виробничі витрати крім зворотніх відходів | D119: Обл. НДС Ригель Р5а 2Р6.3.83-5 L=6740 Надходження товарів і послуг ІБ00-002799 від 31.05.2025 11:00:00 СПК (Глобине) | E119: 231 | H119: 205 | I119: 31501 | K119: Д | L119: 7783600.1
A120: 20.06.2025 | B120: Вимога-накладна ІБ00-000483 від 20.06.2025 16:13:20 Списаны ТМЦ | C120: Обл. НДС Виробничий (Глобине-2) Глобине-2 Прямі материальні виробничі витрати крім зворотніх відходів | D120: Обл. НДС Ригель Р5а 2Р6.3.83-5 L=6740 Надходження товарів і послуг ІБ00-002798 від 02.06.2025 11:00:00 СПК (Глобине) | E120: 231 | H120: 205 | I120: 63002 | K120: Д | L120: 7720598.1
A121: 20.06.2025 | B121: Вимога-накладна ІБ00-000483 від 20.06.2025 16:13:20 Списаны ТМЦ | C121: Обл. НДС Виробничий (Глобине-2) Глобине-2 Прямі материальні виробничі витрати крім зворотніх відходів | D121: Обл. НДС Ригель Р5а 2Р6.3.83-5 L=6740 Надходження товарів і послуг ІБ00-002798 від 02.06.2025 11:00:00 СПК (Глобине) | E121: 231 | H121: 205 | I121: 31501 | K121: Д | L121: 7689097.1
A122: 20.06.2025 | B122: Вимога-накладна ІБ00-000483 від 20.06.2025 16:13:20 Списаны ТМЦ | C122: Обл. НДС Виробничий (Глобине-2) Глобине-2 Прямі материальні виробничі витрати крім зворотніх відходів | D122: Обл. НДС Плита ребриста РП3 РП 6.2.83-2 L=6740 Надходження товарів і послуг ІБ00-002591 від 21.05.2025 11:00:00 СПК (Глобине) | E122: 231 | H122: 205 | I122: 21090.03 | K122: Д | L122: 7668007.1
A123: 20.06.2025 | B123: Вимога-накладна ІБ00-000483 від 20.06.2025 16:13:20 Списаны ТМЦ | C123: Обл. НДС Виробничий (Глобине-2) Глобине-2 Прямі материальні виробничі витрати крім зворотніх відходів | D123: Обл. НДС Плита ребриста РП3 РП 6.2.83-2 L=6740 Надходження товарів і послуг ІБ00-002518 від 23.05.2025 11:00:00 СПК (Глобине) | E123: 231 | H123: 205 | I123: 21090.03 | K123: Д | L123: 7646917.1
A124: 20.06.2025 | B124: Вимога-накладна ІБ00-000483 від 20.06.2025 16:13:20 Списаны ТМЦ | C124: Обл. НДС Виробничий (Глобине-2) Глобине-2 Прямі материальні виробничі витрати крім зворотніх відходів | D124: Обл. НДС Плита ребриста РП3 РП 6.2.83-2 L=6740 Надходження товарів і послуг ІБ00-002590 від 29.05.2025 11:00:00 СПК (Глобине) | E124: 231 | H124: 205 | I124: 21090.04 | K124: Д | L124: 7625827
A125: 20.06.2025 | B125: Вимога-накладна ІБ00-000483 від 20.06.2025 16:13:20 Списаны ТМЦ | C125: Обл. НДС Виробничий (Глобине-2) Глобине-2 Прямі материальні виробничі витрати крім зворотніх відходів | D125: Обл. НДС Плита ребриста РП3 РП 6.2.83-2 L=6740 Надходження товарів і послуг ІБ00-002590 від 29.05.2025 11:00:00 СПК (Глобине) | E125: 231 | H125: 205 | I125: 21090.03 | K125: Д | L125: 7604737
A126: 20.06.2025 | B126: Вимога-накладна ІБ00-000483 від 20.06.2025 16:13:20 Списаны ТМЦ | C126: Обл. НДС Виробничий (Глобине-2) Глобине-2 Прямі материальні виробничі витрати крім зворотніх відходів | D126: Обл. НДС Плита ребриста РП3 РП 6.2.83-2 L=6740 Надходження товарів і послуг ІБ00-002799 від 31.05.2025 11:00:00 СПК (Глобине) | E126: 231 | H126: 205 | I126: 41054 | K126: Д | L126: 7563683
A127: 20.06.2025 | B127: Вимога-накладна ІБ00-000483 від 20.06.2025 16:13:20 Списаны ТМЦ | C127: Обл. НДС Виробничий (Глобине-2) Глобине-2 Прямі материальні виробничі витрати крім зворотніх відходів | D127: Обл. НДС Плита ребриста РП3 РП 6.2.83-2 L=6740 Надходження товарів і послуг ІБ00-002799 від 31.05.2025 11:00:00 СПК (Глобине) | E127: 231 | H127: 205 | I127: 82108 | K127: Д | L127: 7481575
... A145: 20.06.2025 | B145: Списання товарів ІБ00-000334 від 20.06.2025 21:00:15 Списаны ТМЦ | C145: Обл. НДС Виробничий (Глобине-2) Глобине-2 Прямі материальні виробничі витрати крім зворотніх відходів | D145: Обл. НДС Дріт 1,2 мм Н-О-Ч Надходження товарів і послуг ІБ00-000069 від 13.01.2025 17:25:04 СПК (Глобине) | E145: 231 | H145: 205 | I145: 646 | K145: Д | L145: 5078576.5
A146: 24.06.2025 | B146: Надходження товарів і послуг ІБ00-003192 від 24.06.2025 11:00:00 Оприходованы ТМЦ | C146: Обл. НДС МС32 Надходження товарів і послуг ІБ00-003192 від 24.06.2025 11:00:00 СПК (Глобине) | D146: БМЗ БЕТОН ПП Договір ПП/М 221-2 від 14.01.2025 _Глобино-2 Рахунок на оплату постачальника ІБ00-000358 від 28.01.2025 23:21:44 | E146: 205 | F146: 13860 | H146: 631 | K146: Д | L146: 5092436.5
