Workbook

Sheet Свод
B2: АПК (Глобине) | C2: 0
B3: Генплан митний склад (Глобине) | C3: ='ГП мытный'!J69*1.2 -> 637114.93
B4: Генплан підпірна стінка (Глобине) | C4: ='ГП Стена'!J23*1.2 -> 121113.76
B5: Глобине-2 | C5: ='Глобине-2'!J206*1.2 -> 26904.072
B6: Котельна (Глобине) | C6: =Котельна!J164*1.2 -> 900672.84
B7: Насосна Градирня (Глобине) | C7: ='Насосна '!J96*1.2 -> 107773.33
B8: Пожежений резервуар (Глобине) | C8: 0
B9: Пункт фасування та зберігання в бігбегах (Глобине) | C9: 0
B10: Резервуар для зберігання розчинника(Глобине) | C10: =розчинника!J31*1.2 -> 241612.43
B11: Резервуарний парк соєвої меляси (Глобине) | C11: =меляси!J38*1.2 -> 509111.24
B12: СПК (Глобине) | C12: =СПК!J270*1.2 -> 5641979.7
B13: Цех екстракції (Глобине) | C13: =екстракції!J719*1.2 -> 9190517.7
B14: Цех_Глобино | C14: =Цех_Глобино!J33*1.2 -> 585034.96
C15: =SUM(C2:C14) -> 17961835

Sheet АПК
A1: Період | B1: Документ | C1: Аналітика Дт | D1: Аналітика Кт | E1: Дебет | H1: Кредит | K1: Поточне сальдо
E2: Рахунок | H2: Рахунок
A3: 03.03.2025 | B3: Надходження товарів і послуг ІБ00-000851 від 03.03.2025 18:09:07 Оприходованы ТМЦ | C3: Обл. НДС Прокат сталевий круглий (кл. А240С) ф8мм, ст.3пс, міра 6м Надходження товарів і послуг ІБ00-000851 від 03.03.2025 18:09:07 АПК (Глобине) | D3: ВІКАНТ фірма ТОВ 10/04-1 від 10.04.2022_Глобине-2 Рахунок на оплату постачальника ІБ00-000686 від 27.02.2025 21:38:52 | E3: 205 | F3: 2666.67 | H3: 631 | K3: Д | L3: 12936.92
A4: 03.03.2025 | B4: Надходження товарів і послуг ІБ00-000851 від 03.03.2025 18:09:07 Оприходованы ТМЦ | C4: Обл. НДС Прокат сталевий круглий (кл. А240С) ф12мм, ст.3пс, міра 6м Надходження товарів і послуг ІБ00-000851 від 03.03.2025 18:09:07 АПК (Глобине) | D4: ВІКАНТ фірма ТОВ 10/04-1 від 10.04.2022_Глобине-2 Рахунок на оплату постачальника ІБ00-000686 від 27.02.2025 21:38:52 | E4: 205 | F4: 69200 | H4: 631 | K4: Д | L4: 82136.92
A5: 03.03.2025 | B5: Надходження товарів і послуг ІБ00-000851 від 03.03.2025 18:09:07 Оприходованы ТМЦ | C5: Обл. НДС Прокат арматурний №12 мм А500С 6м Надходження товарів і послуг ІБ00-000851 від 03.03.2025 18:09:07 АПК (Глобине) | D5: ВІКАНТ фірма ТОВ 10/04-1 від 10.04.2022_Глобине-2 Рахунок на оплату постачальника ІБ00-000686 від 27.02.2025 21:38:52 | E5: 205 | F5: 108420 | H5: 631 | K5: Д | L5: 190556.92
A6: 03.03.2025 | B6: Надходження товарів і послуг ІБ00-000851 від 03.03.2025 18:09:07 Оприходованы ТМЦ | C6: Обл. НДС Прокат арматурний №14 мм А500С, 12 м Надходження товарів і послуг ІБ00-000851 від 03.03.2025 18:09:07 АПК (Глобине) | D6: ВІКАНТ фірма ТОВ 10/04-1 від 10.04.2022_Глобине-2 Рахунок на оплату постачальника ІБ00-000686 від 27.02.2025 21:38:52 | E6: 205 | F6: 292500 | H6: 631 | K6: Д | L6: 483056.92
A7: 03.03.2025 | B7: Надходження товарів і послуг ІБ00-000851 від 03.03.2025 18:09:07 Оприходованы ТМЦ | C7: Обл. НДС Прокат арматурний №25 мм А500С 12м Надходження товарів і послуг ІБ00-000851 від 03.03.2025 18:09:07 АПК (Глобине) | D7: ВІКАНТ фірма ТОВ 10/04-1 від 10.04.2022_Глобине-2 Рахунок на оплату постачальника ІБ00-000686 від 27.02.2025 21:38:52 | E7: 205 | F7: 10686 | H7: 631 | K7: Д | L7: 493742.92
A8: 03.03.2025 | B8: Надходження товарів і послуг ІБ00-000851 від 03.03.2025 18:09:07 Оприходованы ТМЦ | C8: Обл. НДС Кутик 100*100*7мм ст. 3Пс МІРА Надходження товарів і послуг ІБ00-000851 від 03.03.2025 18:09:07 АПК (Глобине) | D8: ВІКАНТ фірма ТОВ 10/04-1 від 10.04.2022_Глобине-2 Рахунок на оплату постачальника ІБ00-000686 від 27.02.2025 21:38:52 | E8: 205 | F8: 7470 | H8: 631 | K8: Д | L8: 501212.92
A9: 03.03.2025 | B9: Надходження товарів і послуг ІБ00-000851 від 03.03.2025 18:09:07 Оприходованы ТМЦ | C9: Обл. НДС Дріт 1,2 мм термооброблений Надходження товарів і послуг ІБ00-000851 від 03.03.2025 18:09:07 АПК (Глобине) | D9: ВІКАНТ фірма ТОВ 10/04-1 від 10.04.2022_Глобине-2 Рахунок на оплату постачальника ІБ00-000686 від 27.02.2025 21:38:52 | E9: 205 | F9: 19415.5 | H9: 631 | K9: Д | L9: 520628.42
A10: 04.03.2025 | B10: Надходження товарів і послуг ІБ00-000819 від 04.03.2025 17:40:12 Оприходованы ТМЦ | C10: Обл. НДС Прокат арматурний №18 мм А500С Надходження товарів і послуг ІБ00-000819 від 04.03.2025 17:40:12 АПК (Глобине) | D10: ВІКАНТ фірма ТОВ 10/04-1 від 10.04.2022_Глобине-2 Рахунок на оплату постачальника ІБ00-000686 від 27.02.2025 21:38:52 | E10: 205 | F10: 538278 | H10: 631 | K10: Д | L10: 1058906.4
A11: 04.03.2025 | B11: Надходження товарів і послуг ІБ00-000820 від 04.03.2025 17:40:13 Оприходованы ТМЦ | C11: Обл. НДС Прокат арматурний №14 мм А500С, 12 м Надходження товарів і послуг ІБ00-000820 від 04.03.2025 17:40:13 АПК (Глобине) | D11: ВІКАНТ фірма ТОВ 10/04-1 від 10.04.2022_Глобине-2 Рахунок на оплату постачальника ІБ00-000686 від 27.02.2025 21:38:52 | E11: 205 | F11: 77220 | H11: 631 | K11: Д | L11: 1136126.4
A12: 04.03.2025 | B12: Надходження товарів і послуг ІБ00-000820 від 04.03.2025 17:40:13 Оприходованы ТМЦ | C12: Обл. НДС Прокат арматурний №18 мм А500С Надходження товарів і послуг ІБ00-000820 від 04.03.2025 17:40:13 АПК (Глобине) | D12: ВІКАНТ фірма ТОВ 10/04-1 від 10.04.2022_Глобине-2 Рахунок на оплату постачальника ІБ00-000686 від 27.02.2025 21:38:52 | E12: 205 | F12: 415480 | H12: 631 | K12: Д | L12: 1551606.4
A13: 05.03.2025 | B13: Надходження товарів і послуг ІБ00-001071 від 05.03.2025 18:40:09 Оприходованы ТМЦ | C13: Обл. НДС Щебінь 70-120 Надходження товарів і послуг ІБ00-001071 від 05.03.2025 18:40:09 АПК (Глобине) | D13: Венкрас Авто ПП Договір 05/09/2024 від 05.09.2024_Глобине-2 Рахунок на оплату постачальника ІБ00-000881 від 05.03.2025 18:40:08 | E13: 205 | F13: 104880 | H13: 631 | K13: Д | L13: 1656486.4
A14: 05.03.2025 | B14: Надходження дод. витрат ІБ00-000149 від 05.03.2025 18:40:10 Доп. расходы при поступлении товаров | C14: Обл. НДС Щебінь 70-120 Надходження товарів і послуг ІБ00-001071 від 05.03.2025 18:40:09 АПК (Глобине) | D14: Венкрас Авто ПП Договір 05/09/2024 від 05.09.2024_Глобине-2 Рахунок на оплату постачальника ІБ00-000881 від 05.03.2025 18:40:08 | E14: 205 | F14: 52440 | H14: 631 | K14: Д | L14: 1708926.4
... A26: 26.03.2025 | B26: Надходження товарів і послуг ІБ00-001528 від 26.03.2025 11:00:00 Оприходованы ТМЦ (Зачет аванса поставщику) | C26: Обл. НДС Плівка п/е рукав 1500*200 мкм Надходження товарів і послуг ІБ00-001528 від 26.03.2025 11:00:00 АПК (Глобине) | D26: ЗАВОД ПОЛІМЕРНИХ МАТЕРІАЛІВ "МІКРОН" ТОВ РАХУНКИ_Глобине 2 Рахунок на оплату постачальника ІБ00-000968 від 25.03.2025 09:00:00 | E26: 205 | F26: 11546.72 | H26: 631 | K26: Д | L26: 2034974.8
A27: 28.03.2025 | B27: Переміщення товарів ІБ00-000262 від 28.03.2025 10:00:00 Перемещение ТМЦ | C27: Обл. НДС Щебінь 80-120 Надходження товарів і послуг ІБ00-001121 від 06.03.2025 22:00:38 Генплан митний склад (Глобине) | D27: Обл. НДС Щебінь 80-120 Надходження товарів і послуг ІБ00-001121 від 06.03.2025 22:00:38 АПК (Глобине) | E27: 205 | H27: 205 | I27: 65840 | K27: Д | L27: 1969134.8
A28: 28.03.2025 | B28: Надходження товарів і послуг ІБ00-001377 від 28.03.2025 20:00:14 Оприходованы ТМЦ | C28: Обл. НДС Труба КАН тришар 110/2000 2,7мм Надходження товарів і послуг ІБ00-001377 від 28.03.2025 20:00:14 АПК (Глобине) | D28: Лук'янець Аліна Василівна ФОП РАХУНКИ_Глобине 2 Рахунок на оплату постачальника ІБ00-001089 від 28.03.2025 20:00:13 | E28: 205 | F28: 1470 | H28: 631 | K28: Д | L28: 1970604.8
A29: 28.03.2025 | B29: Надходження товарів і послуг ІБ00-001377 від 28.03.2025 20:00:14 Оприходованы ТМЦ | C29: Обл. НДС Труба КАН внутр 110/1500 Надходження товарів і послуг ІБ00-001377 від 28.03.2025 20:00:14 АПК (Глобине) | D29: Лук'янець Аліна Василівна ФОП РАХУНКИ_Глобине 2 Рахунок на оплату постачальника ІБ00-001089 від 28.03.2025 20:00:13 | E29: 205 | F29: 2046 | H29: 631 | K29: Д | L29: 1972650.8
A30: 28.03.2025 | B30: Надходження товарів і послуг ІБ00-001377 від 28.03.2025 20:00:14 Оприходованы ТМЦ | C30: Обл. НДС Труба КАН внутр 50/1000 1,8мм Надходження товарів і послуг ІБ00-001377 від 28.03.2025 20:00:14 АПК (Глобине) | D30: Лук'янець Аліна Василівна ФОП РАХУНКИ_Глобине 2 Рахунок на оплату постачальника ІБ00-001089 від 28.03.2025 20:00:13 | E30: 205 | F30: 444 | H30: 631 | K30: Д | L30: 1973094.8
A31: 28.03.2025 | B31: Надходження товарів і послуг ІБ00-001377 від 28.03.2025 20:00:14 Оприходованы ТМЦ | C31: Обл. НДС Коліно 110/90° внутр КАН Надходження товарів і послуг ІБ00-001377 від 28.03.2025 20:00:14 АПК (Глобине) | D31: Лук'янець Аліна Василівна ФОП РАХУНКИ_Глобине 2 Рахунок на оплату постачальника ІБ00-001089 від 28.03.2025 20:00:13 | E31: 205 | F31: 166 | H31: 631 | K31: Д | L31: 1973260.8
A32: 28.03.2025 | B32: Надходження товарів і послуг ІБ00-001377 від 28.03.2025 20:00:14 Оприходованы ТМЦ | C32: Обл. НДС Трійник 110/110/90° Надходження товарів і послуг ІБ00-001377 від 28.03.2025 20:00:14 АПК (Глобине) | D32: Лук'янець Аліна Василівна ФОП РАХУНКИ_Глобине 2 Рахунок на оплату постачальника ІБ00-001089 від 28.03.2025 20:00:13 | E32: 205 | F32: 385.5 | H32: 631 | K32: Д | L32: 1973646.3
A33: 28.03.2025 | B33: Надходження товарів і послуг ІБ00-001377 від 28.03.2025 20:00:14 Оприходованы ТМЦ | C33: Обл. НДС Трійник 110/50/90° Надходження товарів і послуг ІБ00-001377 від 28.03.2025 20:00:14 АПК (Глобине) | D33: Лук'янець Аліна Василівна ФОП РАХУНКИ_Глобине 2 Рахунок на оплату постачальника ІБ00-001089 від 28.03.2025 20:00:13 | E33: 205 | F33: 191 | H33: 631 | K33: Д | L33: 1973837.3
A34: 28.03.2025 | B34: Надходження товарів і послуг ІБ00-001377 від 28.03.2025 20:00:14 Оприходованы ТМЦ | C34: Обл. НДС Трійник 50/50/90° внутр Надходження товарів і послуг ІБ00-001377 від 28.03.2025 20:00:14 АПК (Глобине) | D34: Лук'янець Аліна Василівна ФОП РАХУНКИ_Глобине 2 Рахунок на оплату постачальника ІБ00-001089 від 28.03.2025 20:00:13 | E34: 205 | F34: 75 | H34: 631 | K34: Д | L34: 1973912.3
A35: 28.03.2025 | B35: Надходження товарів і послуг ІБ00-001377 від 28.03.2025 20:00:14 Оприходованы ТМЦ | C35: Обл. НДС Коліно каналіз. 50/90 Надходження товарів і послуг ІБ00-001377 від 28.03.2025 20:00:14 АПК (Глобине) | D35: Лук'янець Аліна Василівна ФОП РАХУНКИ_Глобине 2 Рахунок на оплату постачальника ІБ00-001089 від 28.03.2025 20:00:13 | E35: 205 | F35: 52 | H35: 631 | K35: Д | L35: 1973964.3
A36: 28.03.2025 | B36: Надходження товарів і послуг ІБ00-001377 від 28.03.2025 20:00:14 Оприходованы ТМЦ | C36: Обл. НДС Труба ППР 40*5,5 P16Ek SDR7.6 Надходження товарів і послуг ІБ00-001377 від 28.03.2025 20:00:14 АПК (Глобине) | D36: Лук'янець Аліна Василівна ФОП РАХУНКИ_Глобине 2 Рахунок на оплату постачальника ІБ00-001089 від 28.03.2025 20:00:13 | E36: 205 | F36: 1404 | H36: 631 | K36: Д | L36: 1975368.3
A37: 28.03.2025 | B37: Надходження товарів і послуг ІБ00-001377 від 28.03.2025 20:00:14 Оприходованы ТМЦ | C37: Обл. НДС Труба ППР 50*8,3 PN20Ek SDR6 Надходження товарів і послуг ІБ00-001377 від 28.03.2025 20:00:14 АПК (Глобине) | D37: Лук'янець Аліна Василівна ФОП РАХУНКИ_Глобине 2 Рахунок на оплату постачальника ІБ00-001089 від 28.03.2025 20:00:13 | E37: 205 | F37: 2445 | H37: 631 | K37: Д | L37: 1977813.3
A38: 28.03.2025 | B38: Надходження товарів і послуг ІБ00-001377 від 28.03.2025 20:00:14 Оприходованы ТМЦ | C38: Обл. НДС Кут ППР 40*90° Надходження товарів і послуг ІБ00-001377 від 28.03.2025 20:00:14 АПК (Глобине) | D38: Лук'янець Аліна Василівна ФОП РАХУНКИ_Глобине 2 Рахунок на оплату постачальника ІБ00-001089 від 28.03.2025 20:00:13 | E38: 205 | F38: 324 | H38: 631 | K38: Д | L38: 1978137.3
A39: 28.03.2025 | B39: Надходження товарів і послуг ІБ00-001377 від 28.03.2025 20:00:14 Оприходованы ТМЦ | C39: Обл. НДС Кут ППР 50*90° Надходження товарів і послуг ІБ00-001377 від 28.03.2025 20:00:14 АПК (Глобине) | D39: Лук'янець Аліна Василівна ФОП РАХУНКИ_Глобине 2 Рахунок на оплату постачальника ІБ00-001089 від 28.03.2025 20:00:13 | E39: 205 | F39: 420 | H39: 631 | K39: Д | L39: 1978557.3
A40: Обороти за період та сальдо на кінець | E40: 2034127.1 | H40: 65840 | K40: Д | L40: 1978557.3

Sheet ГП мытный
A1: Період | B1: Документ | C1: Аналітика Дт | D1: Аналітика Кт | E1: Дебет | H1: Кредит | K1: Поточне сальдо
E2: Рахунок | H2: Рахунок
A3: 06.03.2025 | B3: Переміщення товарів ІБ00-000221 від 06.03.2025 22:00:40 Перемещение ТМЦ | C3: Обл. НДС Щебінь 80-120 Надходження товарів і послуг ІБ00-001121 від 06.03.2025 22:00:38 Генплан митний склад (Глобине) | D3: Обл. НДС Щебінь 80-120 Надходження товарів і послуг ІБ00-001121 від 06.03.2025 22:00:38 Глобине-2 | E3: 205 | F3: 5115.77 | H3: 205 | K3: Д | L3: 5115.77
A4: 07.03.2025 | B4: Надходження товарів і послуг ІБ00-001122 від 07.03.2025 20:00:21 Оприходованы ТМЦ | C4: Обл. НДС Щебінь 80-120 Надходження товарів і послуг ІБ00-001122 від 07.03.2025 20:00:21 Генплан митний склад (Глобине) | D4: ДІОРИТ ТОВ №06/04-11 від 04.11.2024 Глобине-2 Рахунок на оплату постачальника ІБ00-000908 від 06.03.2025 22:00:37 | E4: 205 | F4: 71851.19 | H4: 631 | K4: Д | L4: 76966.96
A5: 10.03.2025 | B5: Надходження товарів і послуг ІБ00-001124 від 10.03.2025 20:00:32 Оприходованы ТМЦ | C5: Обл. НДС Щебінь 80-120 Надходження товарів і послуг ІБ00-001124 від 10.03.2025 20:00:32 Генплан митний склад (Глобине) | D5: ДІОРИТ ТОВ №06/04-11 від 04.11.2024 Глобине-2 Рахунок на оплату постачальника ІБ00-000908 від 06.03.2025 22:00:37 | E5: 205 | F5: 70672.66 | H5: 631 | K5: Д | L5: 147639.62
A6: 11.03.2025 | B6: Надходження товарів і послуг ІБ00-001123 від 11.03.2025 19:00:18 Оприходованы ТМЦ | C6: Обл. НДС Щебінь 80-120 Надходження товарів і послуг ІБ00-001123 від 11.03.2025 19:00:18 Генплан митний склад (Глобине) | D6: ДІОРИТ ТОВ №06/04-11 від 04.11.2024 Глобине-2 Рахунок на оплату постачальника ІБ00-000908 від 06.03.2025 22:00:37 | E6: 205 | F6: 71831.44 | H6: 631 | K6: Д | L6: 219471.06
A7: 12.03.2025 | B7: Переміщення товарів ІБ00-000200 від 12.03.2025 18:45:22 Перемещение ТМЦ | C7: Обл. НДС Провід ПВС 3*2,5 бухта 100м Надходження товарів і послуг ІБ00-001045 від 12.03.2025 18:45:21 Генплан митний склад (Глобине) | D7: Обл. НДС Провід ПВС 3*2,5 бухта 100м Надходження товарів і послуг ІБ00-001045 від 12.03.2025 18:45:21 Глобине-2 | E7: 205 | F7: 13384.35 | H7: 205 | K7: Д | L7: 232855.41
A8: 13.03.2025 | B8: Переміщення товарів ІБ00-000294 від 13.03.2025 11:10:00 Перемещение ТМЦ | C8: Обл. НДС Щебінь 10-20 Надходження товарів і послуг ІБ00-001478 від 13.03.2025 11:00:00 Генплан митний склад (Глобине) | D8: Обл. НДС Щебінь 10-20 Надходження товарів і послуг ІБ00-001478 від 13.03.2025 11:00:00 Глобине-2 | E8: 205 | F8: 38140.28 | H8: 205 | K8: Д | L8: 270995.69
A9: 14.03.2025 | B9: Надходження товарів і послуг ІБ00-001074 від 14.03.2025 17:50:42 Оприходованы ТМЦ | C9: Обл. НДС Завіса точена 20*100 прес Надходження товарів і послуг ІБ00-001074 від 14.03.2025 17:50:42 Генплан митний склад (Глобине) | D9: Моноліт - Центр" ТОВ Рахунки_Глобине-2 Рахунок на оплату постачальника ІБ00-000883 від 13.03.2025 18:54:58 | E9: 205 | F9: 633.6 | H9: 631 | K9: Д | L9: 271629.29
A10: 14.03.2025 | B10: Надходження товарів і послуг ІБ00-001074 від 14.03.2025 17:50:42 Оприходованы ТМЦ | C10: Обл. НДС Сітка рабиця д=2,0мм яч 50*50мм оц 2,0*10м Надходження товарів і послуг ІБ00-001074 від 14.03.2025 17:50:42 Генплан митний склад (Глобине) | D10: Моноліт - Центр" ТОВ Рахунки_Глобине-2 Рахунок на оплату постачальника ІБ00-000883 від 13.03.2025 18:54:58 | E10: 205 | F10: 35616.4 | H10: 631 | K10: Д | L10: 307245.69
A11: 14.03.2025 | B11: Надходження товарів і послуг ІБ00-001074 від 14.03.2025 17:50:42 Оприходованы ТМЦ | C11: Обл. НДС Прожектор LED200W 6000К 16000Lm Надходження товарів і послуг ІБ00-001074 від 14.03.2025 17:50:42 Генплан митний склад (Глобине) | D11: Моноліт - Центр" ТОВ Рахунки_Глобине-2 Рахунок на оплату постачальника ІБ00-000883 від 13.03.2025 18:54:58 | E11: 205 | F11: 16569.95 | H11: 631 | K11: Д | L11: 323815.64
A12: 14.03.2025 | B12: Надходження товарів і послуг ІБ00-001214 від 14.03.2025 17:51:06 Оприходованы ТМЦ (Зачет аванса поставщику) | C12: Обл. НДС Дріт колючо-ріжуч спіраль діам кільця=500мм/3скоби 10м Надходження товарів і послуг ІБ00-001214 від 14.03.2025 17:51:06 Генплан митний склад (Глобине) | D12: Сітка Захід Україна ТОВ Договір 19/09/24 від 19.09.2024_Глобине 2 Рахунок на оплату постачальника ІБ00-000851 від 12.03.2025 18:45:14 | E12: 205 | F12: 15750 | H12: 631 | K12: Д | L12: 339565.64
A13: 14.03.2025 | B13: Надходження товарів і послуг ІБ00-001214 від 14.03.2025 17:51:06 Оприходованы ТМЦ (Зачет аванса поставщику) | C13: Обл. НДС Наконечник Г-подібний 500мм 60*40мм/1,7мм оц 6005 зелений Надходження товарів і послуг ІБ00-001214 від 14.03.2025 17:51:06 Генплан митний склад (Глобине) | D13: Сітка Захід Україна ТОВ Договір 19/09/24 від 19.09.2024_Глобине 2 Рахунок на оплату постачальника ІБ00-000851 від 12.03.2025 18:45:14 | E13: 205 | F13: 7881.61 | H13: 631 | K13: Д | L13: 347447.25
A14: 14.03.2025 | B14: Надходження товарів і послуг ІБ00-001215 від 14.03.2025 17:51:07 Оприходованы ТМЦ (Зачет аванса поставщику) | C14: Обл. НДС Секція 200*50 мм 4,00мм/4,00 мм 2,43м/2,5 м оц зелений 6005 Надходження товарів і послуг ІБ00-001215 від 14.03.2025 17:51:07 Генплан митний склад (Глобине) | D14: Сітка Захід Україна ТОВ Договір 19/09/24 від 19.09.2024_Глобине 2 Рахунок на оплату постачальника ІБ00-000849 від 12.03.2025 18:45:13 | E14: 205 | F14: 33156.01 | H14: 631 | K14: Д | L14: 380603.26
... A36: 28.03.2025 | B36: Переміщення товарів ІБ00-000265 від 28.03.2025 10:00:00 Перемещение ТМЦ | C36: Обл. НДС Плита OSB 18 мм Надходження товарів і послуг ІБ00-000072 від 01.01.2025 18:00:10 Генплан митний склад (Глобине) | D36: Обл. НДС Плита OSB 18 мм Надходження товарів і послуг ІБ00-000072 від 01.01.2025 18:00:10 Котельна (Глобине) | E36: 205 | F36: 3596 | H36: 205 | K36: Д | L36: 631779.56
A37: 28.03.2025 | B37: Вимога-накладна ІБ00-000239 від 28.03.2025 20:00:00 Списаны ТМЦ | C37: Обл. НДС Виробничий (Глобине-2) Глобине-2 Прямі материальні виробничі витрати крім зворотніх відходів | D37: Обл. НДС Щебінь 80-120 Надходження товарів і послуг ІБ00-001121 від 06.03.2025 22:00:38 Генплан митний склад (Глобине) | E37: 231 | H37: 205 | I37: 70672.66 | K37: Д | L37: 561106.9
A38: 28.03.2025 | B38: Вимога-накладна ІБ00-000239 від 28.03.2025 20:00:00 Списаны ТМЦ | C38: Обл. НДС Виробничий (Глобине-2) Глобине-2 Прямі материальні виробничі витрати крім зворотніх відходів | D38: Обл. НДС Щебінь 80-120 Надходження товарів і послуг ІБ00-001121 від 06.03.2025 22:00:38 Генплан митний склад (Глобине) | E38: 231 | H38: 205 | I38: 283.11 | K38: Д | L38: 560823.79
A39: 28.03.2025 | B39: Вимога-накладна ІБ00-000239 від 28.03.2025 20:00:00 Списаны ТМЦ | C39: Обл. НДС Виробничий (Глобине-2) Глобине-2 Прямі материальні виробничі витрати крім зворотніх відходів | D39: Обл. НДС Щебінь 80-120 Надходження товарів і послуг ІБ00-001122 від 07.03.2025 20:00:21 Генплан митний склад (Глобине) | E39: 231 | H39: 205 | I39: 71548.33 | K39: Д | L39: 489275.46
A40: 28.03.2025 | B40: Вимога-накладна ІБ00-000239 від 28.03.2025 20:00:00 Списаны ТМЦ | C40: Обл. НДС Виробничий (Глобине-2) Глобине-2 Прямі материальні виробничі витрати крім зворотніх відходів | D40: Обл. НДС Щебінь 80-120 Надходження товарів і послуг ІБ00-001122 від 07.03.2025 20:00:21 Генплан митний склад (Глобине) | E40: 231 | H40: 205 | I40: 302.86 | K40: Д | L40: 488972.6
A41: 28.03.2025 | B41: Вимога-накладна ІБ00-000239 від 28.03.2025 20:00:00 Списаны ТМЦ | C41: Обл. НДС Виробничий (Глобине-2) Глобине-2 Прямі материальні виробничі витрати крім зворотніх відходів | D41: Обл. НДС Щебінь 80-120 Надходження товарів і послуг ІБ00-001124 від 10.03.2025 20:00:32 Генплан митний склад (Глобине) | E41: 231 | H41: 205 | I41: 4812.9 | K41: Д | L41: 484159.7
A42: 28.03.2025 | B42: Вимога-накладна ІБ00-000239 від 28.03.2025 20:00:00 Списаны ТМЦ | C42: Обл. НДС Виробничий (Глобине-2) Глобине-2 Прямі материальні виробничі витрати крім зворотніх відходів | D42: Обл. НДС Щебінь 80-120 Надходження товарів і послуг ІБ00-001124 від 10.03.2025 20:00:32 Генплан митний склад (Глобине) | E42: 231 | H42: 205 | I42: 65859.76 | K42: Д | L42: 418299.94
A43: 28.03.2025 | B43: Вимога-накладна ІБ00-000239 від 28.03.2025 20:00:00 Списаны ТМЦ | C43: Обл. НДС Виробничий (Глобине-2) Глобине-2 Прямі материальні виробничі витрати крім зворотніх відходів | D43: Обл. НДС Щебінь 80-120 Надходження товарів і послуг ІБ00-001123 від 11.03.2025 19:00:18 Генплан митний склад (Глобине) | E43: 231 | H43: 205 | I43: 5991.44 | K43: Д | L43: 412308.5
A44: 28.03.2025 | B44: Вимога-накладна ІБ00-000239 від 28.03.2025 20:00:00 Списаны ТМЦ | C44: Обл. НДС Виробничий (Глобине-2) Глобине-2 Прямі материальні виробничі витрати крім зворотніх відходів | D44: Обл. НДС Щебінь 80-120 Надходження товарів і послуг ІБ00-001123 від 11.03.2025 19:00:18 Генплан митний склад (Глобине) | E44: 231 | H44: 205 | I44: 65840 | K44: Д | L44: 346468.5
A45: 28.03.2025 | B45: Вимога-накладна ІБ00-000239 від 28.03.2025 20:00:00 Списаны ТМЦ | C45: Обл. НДС Виробничий (Глобине-2) Глобине-2 Прямі материальні виробничі витрати крім зворотніх відходів | D45: Обл. НДС Щебінь 10-20 Надходження товарів і послуг ІБ00-001478 від 13.03.2025 11:00:00 Генплан митний склад (Глобине) | E45: 231 | H45: 205 | I45: 38140.28 | K45: Д | L45: 308328.22
A46: 28.03.2025 | B46: Вимога-накладна ІБ00-000239 від 28.03.2025 20:00:00 Списаны ТМЦ | C46: Обл. НДС Виробничий (Глобине-2) Глобине-2 Прямі материальні виробничі витрати крім зворотніх відходів | D46: Обл. НДС Щебінь 10-20 Надходження товарів і послуг ІБ00-001193 від 21.03.2025 19:26:03 Генплан митний склад (Глобине) | E46: 231 | H46: 205 | I46: 15336 | K46: Д | L46: 292992.22
A47: 28.03.2025 | B47: Вимога-накладна ІБ00-000239 від 28.03.2025 20:00:00 Списаны ТМЦ | C47: Обл. НДС Виробничий (Глобине-2) Глобине-2 Прямі материальні виробничі витрати крім зворотніх відходів | D47: Обл. НДС Завіса точена 20*100 прес Надходження товарів і послуг ІБ00-001074 від 14.03.2025 17:50:42 Генплан митний склад (Глобине) | E47: 231 | H47: 205 | I47: 633.6 | K47: Д | L47: 292358.62
A48: 28.03.2025 | B48: Вимога-накладна ІБ00-000239 від 28.03.2025 20:00:00 Списаны ТМЦ | C48: Обл. НДС Виробничий (Глобине-2) Глобине-2 Прямі материальні виробничі витрати крім зворотніх відходів | D48: Обл. НДС Сітка рабиця д=2,0мм яч 50*50мм оц 2,0*10м Надходження товарів і послуг ІБ00-001074 від 14.03.2025 17:50:42 Генплан митний склад (Глобине) | E48: 231 | H48: 205 | I48: 35616.4 | K48: Д | L48: 256742.22
... A62: 28.03.2025 | B62: Вимога-накладна ІБ00-000239 від 28.03.2025 20:00:00 Списаны ТМЦ | C62: Обл. НДС Виробничий (Глобине-2) Глобине-2 Прямі материальні виробничі витрати крім зворотніх відходів | D62: Обл. НДС Провід ПВС 3*2,5 бухта 100м Надходження товарів і послуг ІБ00-001045 від 12.03.2025 18:45:21 Генплан митний склад (Глобине) | E62: 231 | H62: 205 | I62: 11153.62 | K62: Д | L62: 100850.45
A63: 28.03.2025 | B63: Надходження товарів і послуг ІБ00-001387 від 28.03.2025 20:00:20 Оприходованы ТМЦ | C63: Обл. НДС Щебінь 10-20 Надходження товарів і послуг ІБ00-001387 від 28.03.2025 20:00:20 Генплан митний склад (Глобине) | D63: Венкрас Авто ПП Договір 05/09/2024 від 05.09.2024_Глобине-2 Рахунок на оплату постачальника ІБ00-001094 від 28.03.2025 20:00:19 | E63: 205 | F63: 9310 | H63: 631 | K63: Д | L63: 110160.45
A64: 28.03.2025 | B64: Надходження дод. витрат ІБ00-000197 від 28.03.2025 20:00:21 Доп. расходы при поступлении товаров | C64: Обл. НДС Щебінь 10-20 Надходження товарів і послуг ІБ00-001387 від 28.03.2025 20:00:20 Генплан митний склад (Глобине) | D64: Венкрас Авто ПП Договір 05/09/2024 від 05.09.2024_Глобине-2 Рахунок на оплату постачальника ІБ00-001094 від 28.03.2025 20:00:19 | E64: 205 | F64: 5054 | H64: 631 | K64: Д | L64: 115214.45
A65: 28.03.2025 | B65: Надходження товарів і послуг ІБ00-001429 від 28.03.2025 20:00:27 Оприходованы ТМЦ (Зачет аванса поставщику) | C65: Обл. НДС Емаль ПФ-115 RAL 6005 Надходження товарів і послуг ІБ00-001429 від 28.03.2025 20:00:27 Генплан митний склад (Глобине) | D65: Синтез ЛКМ РАХУНКИ_Глобино-2 Рахунок на оплату постачальника ІБ00-001034 від 27.03.2025 18:14:41 | E65: 205 | F65: 591.65 | H65: 631 | K65: Д | L65: 115806.1
A66: 28.03.2025 | B66: Надходження товарів і послуг ІБ00-001429 від 28.03.2025 20:00:27 Оприходованы ТМЦ (Зачет аванса поставщику) | C66: Обл. НДС Розчинник "White Spirit" (л) Надходження товарів і послуг ІБ00-001429 від 28.03.2025 20:00:27 Генплан митний склад (Глобине) | D66: Синтез ЛКМ РАХУНКИ_Глобино-2 Рахунок на оплату постачальника ІБ00-001034 від 27.03.2025 18:14:41 | E66: 205 | F66: 3542 | H66: 631 | K66: Д | L66: 119348.1
A67: Обороти за період та сальдо на кінець | E67: 650277.21 | H67: 530929.11 | K67: Д | L67: 119348.1
J69: =SUBTOTAL(9,I19:J64) -> 530929.11

Sheet ГП Стена
A1: Період | B1: Документ | C1: Аналітика Дт | D1: Аналітика Кт | E1: Дебет | H1: Кредит | K1: Поточне сальдо
E2: Рахунок | H2: Рахунок
A3: 01.03.2025 | B3: Переміщення товарів ІБ00-000154 від 01.03.2025 18:15:00 Перемещение ТМЦ | C3: Обл. НДС Бетон С20/25 W6 F75 P4 доб-10 з фіброю Надходження товарів і послуг ІБ00-000752 від 01.03.2025 18:10:01 Генплан підпірна стінка (Глобине) | D3: Обл. НДС Бетон С20/25 W6 F75 P4 доб-10 з фіброю Надходження товарів і послуг ІБ00-000752 від 01.03.2025 18:10:01 Глобине-2 | E3: 205 | F3: 32716.13 | H3: 205 | K3: Д | L3: 99176.49
A4: 01.03.2025 | B4: Надходження товарів і послуг ІБ00-001072 від 01.03.2025 18:17:15 Оприходованы ТМЦ | C4: Обл. НДС Фібра поліпропілен 12мм Надходження товарів і послуг ІБ00-001072 від 01.03.2025 18:17:15 Генплан підпірна стінка (Глобине) | D4: ПРОТЕК-С ТОВ Дог поставки № 217 від 20.01.21 р. Рах_Глобине-2 Рахунок на оплату постачальника ІБ00-000882 від 01.03.2025 18:17:14 | E4: 205 | F4: 8491.5 | H4: 631 | K4: Д | L4: 107667.99
A5: 05.03.2025 | B5: Вимога-накладна ІБ00-000144 від 05.03.2025 00:00:00 Списаны ТМЦ | C5: Обл. НДС Виробничий (Глобине-2) Глобине-2 Прямі материальні виробничі витрати крім зворотніх відходів | D5: Обл. НДС Щебінь 20-40 Надходження товарів і послуг ІБ00-006317 від 18.12.2024 18:00:25 Генплан підпірна стінка (Глобине) | E5: 231 | H5: 205 | I5: 28317.33 | K5: Д | L5: 79350.66
A6: 05.03.2025 | B6: Вимога-накладна ІБ00-000144 від 05.03.2025 00:00:00 Списаны ТМЦ | C6: Обл. НДС Виробничий (Глобине-2) Глобине-2 Прямі материальні виробничі витрати крім зворотніх відходів | D6: Обл. НДС Щебінь 20-40 Надходження товарів і послуг ІБ00-000759 від 21.02.2025 18:26:12 Генплан підпірна стінка (Глобине) | E6: 231 | H6: 205 | I6: 1982.67 | K6: Д | L6: 77367.99
A7: 05.03.2025 | B7: Вимога-накладна ІБ00-000144 від 05.03.2025 00:00:00 Списаны ТМЦ | C7: Обл. НДС Виробничий (Глобине-2) Глобине-2 Прямі материальні виробничі витрати крім зворотніх відходів | D7: Обл. НДС Щебінь 20-40 Надходження товарів і послуг ІБ00-000759 від 21.02.2025 18:26:12 Генплан підпірна стінка (Глобине) | E7: 231 | H7: 205 | I7: 14090.66 | K7: Д | L7: 63277.33
A8: 05.03.2025 | B8: Вимога-накладна ІБ00-000144 від 05.03.2025 00:00:00 Списаны ТМЦ | C8: Обл. НДС Виробничий (Глобине-2) Глобине-2 Прямі материальні виробничі витрати крім зворотніх відходів | D8: Обл. НДС Щебінь 20-40 Надходження товарів і послуг ІБ00-000760 від 21.02.2025 18:26:15 Генплан підпірна стінка (Глобине) | E8: 231 | H8: 205 | I8: 8145.83 | K8: Д | L8: 55131.5
A9: 05.03.2025 | B9: Вимога-накладна ІБ00-000144 від 05.03.2025 00:00:00 Списаны ТМЦ | C9: Обл. НДС Виробничий (Глобине-2) Глобине-2 Прямі материальні виробничі витрати крім зворотніх відходів | D9: Обл. НДС Щебінь 20-40 Надходження товарів і послуг ІБ00-000761 від 22.02.2025 20:10:02 Генплан підпірна стінка (Глобине) | E9: 231 | H9: 205 | I9: 60 | K9: Д | L9: 55071.5
A10: 05.03.2025 | B10: Вимога-накладна ІБ00-000144 від 05.03.2025 00:00:00 Списаны ТМЦ | C10: Обл. НДС Виробничий (Глобине-2) Глобине-2 Прямі материальні виробничі витрати крім зворотніх відходів | D10: Обл. НДС Щебінь 40-70 Надходження товарів і послуг ІБ00-000486 від 24.01.2025 22:10:39 Генплан підпірна стінка (Глобине) | E10: 231 | H10: 205 | I10: 3864 | K10: Д | L10: 51207.5
A11: 05.03.2025 | B11: Вимога-накладна ІБ00-000144 від 05.03.2025 00:00:00 Списаны ТМЦ | C11: Обл. НДС Виробничий (Глобине-2) Глобине-2 Прямі материальні виробничі витрати крім зворотніх відходів | D11: Обл. НДС Щебінь 40-70 Надходження товарів і послуг ІБ00-000486 від 24.01.2025 22:10:39 Генплан підпірна стінка (Глобине) | E11: 231 | H11: 205 | I11: 4124.67 | K11: Д | L11: 47082.83
A12: 05.03.2025 | B12: Вимога-накладна ІБ00-000144 від 05.03.2025 00:00:00 Списаны ТМЦ | C12: Обл. НДС Виробничий (Глобине-2) Глобине-2 Прямі материальні виробничі витрати крім зворотніх відходів | D12: Обл. НДС Щебінь 40-70 Надходження товарів і послуг ІБ00-000485 від 25.01.2025 18:00:05 Генплан підпірна стінка (Глобине) | E12: 231 | H12: 205 | I12: 3864 | K12: Д | L12: 43218.83
A13: 05.03.2025 | B13: Вимога-накладна ІБ00-000144 від 05.03.2025 00:00:00 Списаны ТМЦ | C13: Обл. НДС Виробничий (Глобине-2) Глобине-2 Прямі материальні виробничі витрати крім зворотніх відходів | D13: Обл. НДС Пісок з відсіву дроблення щебеню фр. 0-5мм. Надходження товарів і послуг ІБ00-000257 від 27.01.2025 18:19:37 Генплан підпірна стінка (Глобине) | E13: 231 | H13: 205 | I13: 1250 | K13: Д | L13: 41968.83
A14: 13.03.2025 | B14: Переміщення товарів ІБ00-000213 від 13.03.2025 18:55:03 Перемещение ТМЦ | C14: Обл. НДС Бетон С20/25 W6 F75 P4 Надходження товарів і послуг ІБ00-001088 від 12.03.2025 18:45:33 Генплан підпірна стінка (Глобине) | D14: Обл. НДС Бетон С20/25 W6 F75 P4 Надходження товарів і послуг ІБ00-001088 від 12.03.2025 18:45:33 Глобине-2 | E14: 205 | F14: 1751.64 | H14: 205 | K14: Д | L14: 43720.47
A15: 13.03.2025 | B15: Переміщення товарів ІБ00-000213 від 13.03.2025 18:55:03 Перемещение ТМЦ | C15: Обл. НДС Бетон С20/25 W6 F75 P4 Надходження товарів і послуг ІБ00-001089 від 13.03.2025 18:55:01 Генплан підпірна стінка (Глобине) | D15: Обл. НДС Бетон С20/25 W6 F75 P4 Надходження товарів і послуг ІБ00-001089 від 13.03.2025 18:55:01 Глобине-2 | E15: 205 | F15: 125374.85 | H15: 205 | K15: Д | L15: 169095.32
A16: 18.03.2025 | B16: Переміщення товарів ІБ00-000301 від 18.03.2025 11:10:00 Перемещение ТМЦ | C16: Обл. НДС Щебінь 20-40 Надходження товарів і послуг ІБ00-001482 від 18.03.2025 11:00:00 Генплан підпірна стінка (Глобине) | D16: Обл. НДС Щебінь 20-40 Надходження товарів і послуг ІБ00-001482 від 18.03.2025 11:00:00 Глобине-2 | E16: 205 | F16: 27724.19 | H16: 205 | K16: Д | L16: 196819.51
A17: 28.03.2025 | B17: Вимога-накладна ІБ00-000227 від 28.03.2025 08:12:06 Списаны ТМЦ | C17: Обл. НДС Виробничий (Глобине-2) Глобине-2 Прямі материальні виробничі витрати крім зворотніх відходів | D17: Обл. НДС Бетон С20/25 W6 F75 P4 доб-10 з фіброю Надходження товарів і послуг ІБ00-000752 від 01.03.2025 18:10:01 Генплан підпірна стінка (Глобине) | E17: 231 | H17: 205 | I17: 32716.13 | K17: Д | L17: 164103.38
A18: 28.03.2025 | B18: Вимога-накладна ІБ00-000227 від 28.03.2025 08:12:06 Списаны ТМЦ | C18: Обл. НДС Виробничий (Глобине-2) Глобине-2 Прямі материальні виробничі витрати крім зворотніх відходів | D18: Обл. НДС Бетон С20/25 W6 F75 P4 Надходження товарів і послуг ІБ00-001088 від 12.03.2025 18:45:33 Генплан підпірна стінка (Глобине) | E18: 231 | H18: 205 | I18: 1751.64 | K18: Д | L18: 162351.74
A19: 28.03.2025 | B19: Списання товарів ІБ00-000159 від 28.03.2025 08:16:03 Списаны ТМЦ | C19: Обл. НДС Виробничий (Глобине-2) Глобине-2 Прямі материальні виробничі витрати крім зворотніх відходів | D19: Обл. НДС Шуруп г/к по дереву 3,5*55 мм Надходження товарів і послуг ІБ00-000200 від 21.01.2025 18:10:15 Генплан підпірна стінка (Глобине) | E19: 231 | H19: 205 | I19: 396.2 | K19: Д | L19: 161955.54
A20: 28.03.2025 | B20: Списання товарів ІБ00-000159 від 28.03.2025 08:16:03 Списаны ТМЦ | C20: Обл. НДС Виробничий (Глобине-2) Глобине-2 Прямі материальні виробничі витрати крім зворотніх відходів | D20: Обл. НДС Шуруп г/к по дереву 4,2*76 мм Надходження товарів і послуг ІБ00-000200 від 21.01.2025 18:10:15 Генплан підпірна стінка (Глобине) | E20: 231 | H20: 205 | I20: 365 | K20: Д | L20: 161590.54
A21: Обороти за період та сальдо на кінець | E21: 196058.31 | H21: 100928.13 | K21: Д | L21: 161590.54
J23: =SUBTOTAL(9,I5:J20) -> 100928.13

Sheet Глобине-2
A1: Період | B1: Документ | C1: Аналітика Дт | D1: Аналітика Кт | E1: Дебет | H1: Кредит | K1: Поточне сальдо
E2: Рахунок | H2: Рахунок
A3: 01.03.2025 | B3: Надходження товарів і послуг ІБ00-000751 від 01.03.2025 18:00:01 Оприходованы ТМЦ (Зачет аванса поставщику) | C3: Обл. НДС Бетон С20/25 W6 F75 P4 доб-10 Надходження товарів і послуг ІБ00-000751 від 01.03.2025 18:00:01 Глобине-2 | D3: Кременчуцький річковий порт ПРАТ Договір 112/Б від 15.10.2024_Глобине-2 Списання з банківського рахунку 00000002483 від 28.02.2025 16:06:07 | E3: 205 | F3: 98089 | H3: 631 | K3: Д | L3: 330496.68
A4: 01.03.2025 | B4: Надходження товарів і послуг ІБ00-000751 від 01.03.2025 18:00:01 Оприходованы ТМЦ (Зачет аванса поставщику) | C4: Обл. НДС Бетон С20/25 W6 F75 P4 доб-10 Надходження товарів і послуг ІБ00-000751 від 01.03.2025 18:00:01 Глобине-2 | D4: Кременчуцький річковий порт ПРАТ Договір 112/Б від 15.10.2024_Глобине-2 Списання з банківського рахунку 00000001686 від 07.02.2025 17:38:53 | E4: 205 | F4: 39681 | H4: 631 | K4: Д | L4: 370177.68
A5: 01.03.2025 | B5: Надходження дод. витрат ІБ00-000105 від 01.03.2025 18:00:02 Доп. расходы при поступлении товаров (Зачет аванса поставщику) | C5: Обл. НДС Бетон С20/25 W6 F75 P4 доб-10 Надходження товарів і послуг ІБ00-000751 від 01.03.2025 18:00:01 Глобине-2 | D5: Кременчуцький річковий порт ПРАТ Договір 112/Б від 15.10.2024_Глобине-2 Списання з банківського рахунку 00000002483 від 28.02.2025 16:06:07 | E5: 205 | F5: 41129.5 | H5: 631 | K5: Д | L5: 411307.18
A6: 01.03.2025 | B6: Переміщення товарів ІБ00-000151 від 01.03.2025 18:10:00 Перемещение ТМЦ | C6: Обл. НДС Бетон С20/25 W6 F75 P4 доб-10 Надходження товарів і послуг ІБ00-000545 від 15.02.2025 10:00:05 Резервуар для зберігання розчинника(Глобине) | D6: Обл. НДС Бетон С20/25 W6 F75 P4 доб-10 Надходження товарів і послуг ІБ00-000545 від 15.02.2025 10:00:05 Глобине-2 | E6: 205 | H6: 205 | I6: 3599.86 | K6: Д | L6: 407707.32
A7: 01.03.2025 | B7: Переміщення товарів ІБ00-000151 від 01.03.2025 18:10:00 Перемещение ТМЦ | C7: Обл. НДС Бетон С20/25 W6 F75 P4 доб-10 Надходження товарів і послуг ІБ00-000751 від 01.03.2025 18:00:01 Резервуар для зберігання розчинника(Глобине) | D7: Обл. НДС Бетон С20/25 W6 F75 P4 доб-10 Надходження товарів і послуг ІБ00-000751 від 01.03.2025 18:00:01 Глобине-2 | E7: 205 | H7: 205 | I7: 65702.79 | K7: Д | L7: 342004.53
A8: 01.03.2025 | B8: Переміщення товарів ІБ00-000152 від 01.03.2025 18:10:00 Перемещение ТМЦ | C8: Обл. НДС Бетон С20/25 W6 F75 P4 доб-10 Надходження товарів і послуг ІБ00-000751 від 01.03.2025 18:00:01 Резервуарний парк соєвої меляси (Глобине) | D8: Обл. НДС Бетон С20/25 W6 F75 P4 доб-10 Надходження товарів і послуг ІБ00-000751 від 01.03.2025 18:00:01 Глобине-2 | E8: 205 | H8: 205 | I8: 101894.93 | K8: Д | L8: 240109.6
A9: 01.03.2025 | B9: Переміщення товарів ІБ00-000153 від 01.03.2025 18:10:00 Перемещение ТМЦ | C9: Обл. НДС Бетон С20/25 W6 F75 P4 доб-10 Надходження товарів і послуг ІБ00-000751 від 01.03.2025 18:00:01 Котельна (Глобине) | D9: Обл. НДС Бетон С20/25 W6 F75 P4 доб-10 Надходження товарів і послуг ІБ00-000751 від 01.03.2025 18:00:01 Глобине-2 | E9: 205 | H9: 205 | I9: 7389.33 | K9: Д | L9: 232720.27
A10: 01.03.2025 | B10: Надходження товарів і послуг ІБ00-000752 від 01.03.2025 18:10:01 Оприходованы ТМЦ | C10: Обл. НДС Бетон С20/25 W6 F75 P4 доб-10 з фіброю Надходження товарів і послуг ІБ00-000752 від 01.03.2025 18:10:01 Глобине-2 | D10: Кременчуцький річковий порт ПРАТ Договір 112/Б від 15.10.2024_Глобине-2 Надходження товарів і послуг ІБ00-000752 від 01.03.2025 18:10:01 | E10: 205 | F10: 24160 | H10: 631 | K10: Д | L10: 256880.27
A11: 01.03.2025 | B11: Надходження дод. витрат ІБ00-000106 від 01.03.2025 18:10:02 Доп. расходы при поступлении товаров | C11: Обл. НДС Бетон С20/25 W6 F75 P4 доб-10 з фіброю Надходження товарів і послуг ІБ00-000752 від 01.03.2025 18:10:01 Глобине-2 | D11: Кременчуцький річковий порт ПРАТ Договір 112/Б від 15.10.2024_Глобине-2 Надходження дод. витрат ІБ00-000106 від 01.03.2025 18:10:02 | E11: 205 | F11: 9395 | H11: 631 | K11: Д | L11: 266275.27
A12: 01.03.2025 | B12: Переміщення товарів ІБ00-000154 від 01.03.2025 18:15:00 Перемещение ТМЦ | C12: Обл. НДС Бетон С20/25 W6 F75 P4 доб-10 з фіброю Надходження товарів і послуг ІБ00-000752 від 01.03.2025 18:10:01 Генплан підпірна стінка (Глобине) | D12: Обл. НДС Бетон С20/25 W6 F75 P4 доб-10 з фіброю Надходження товарів і послуг ІБ00-000752 від 01.03.2025 18:10:01 Глобине-2 | E12: 205 | H12: 205 | I12: 32716.13 | K12: Д | L12: 233559.14
A13: 01.03.2025 | B13: Переміщення товарів ІБ00-000155 від 01.03.2025 18:15:00 Перемещение ТМЦ | C13: Обл. НДС Бетон С20/25 W6 F75 P4 доб-10 з фіброю Надходження товарів і послуг ІБ00-000752 від 01.03.2025 18:10:01 Резервуарний парк соєвої меляси (Глобине) | D13: Обл. НДС Бетон С20/25 W6 F75 P4 доб-10 з фіброю Надходження товарів і послуг ІБ00-000752 від 01.03.2025 18:10:01 Глобине-2 | E13: 205 | H13: 205 | I13: 838.87 | K13: Д | L13: 232720.27
A14: 03.03.2025 | B14: Надходження товарів і послуг ІБ00-000755 від 03.03.2025 18:08:02 Оприходованы ТМЦ | C14: Обл. НДС Бетон С20/25 W6 F75 P4 доб-5 Надходження товарів і послуг ІБ00-000755 від 03.03.2025 18:08:02 Глобине-2 | D14: Кременчуцький річковий порт ПРАТ Договір 112/Б від 15.10.2024_Глобине-2 Надходження товарів і послуг ІБ00-000755 від 03.03.2025 18:08:02 | E14: 205 | F14: 26730 | H14: 631 | K14: Д | L14: 259450.27
A15: 03.03.2025 | B15: Надходження дод. витрат ІБ00-000107 від 03.03.2025 18:08:03 Доп. расходы при поступлении товаров | C15: Обл. НДС Бетон С20/25 W6 F75 P4 доб-5 Надходження товарів і послуг ІБ00-000755 від 03.03.2025 18:08:02 Глобине-2 | D15: Кременчуцький річковий порт ПРАТ Договір 112/Б від 15.10.2024_Глобине-2 Надходження дод. витрат ІБ00-000107 від 03.03.2025 18:08:03 | E15: 205 | F15: 10974.5 | H15: 631 | K15: Д | L15: 270424.77
A16: 03.03.2025 | B16: Переміщення товарів ІБ00-000156 від 03.03.2025 18:08:04 Перемещение ТМЦ | C16: Обл. НДС Бетон С20/25 W6 F75 P4 доб-5 Надходження товарів і послуг ІБ00-000755 від 03.03.2025 18:08:02 Насосна Градирня (Глобине) | D16: Обл. НДС Бетон С20/25 W6 F75 P4 доб-5 Надходження товарів і послуг ІБ00-000755 від 03.03.2025 18:08:02 Глобине-2 | E16: 205 | H16: 205 | I16: 6284.08 | K16: Д | L16: 264140.69
A17: 03.03.2025 | B17: Переміщення товарів ІБ00-000157 від 03.03.2025 18:08:05 Перемещение ТМЦ | C17: Обл. НДС Бетон С20/25 W6 F75 P4 доб-5 Надходження товарів і послуг ІБ00-000755 від 03.03.2025 18:08:02 Котельна (Глобине) | D17: Обл. НДС Бетон С20/25 W6 F75 P4 доб-5 Надходження товарів і послуг ІБ00-000755 від 03.03.2025 18:08:02 Глобине-2 | E17: 205 | H17: 205 | I17: 4189.39 | K17: Д | L17: 259951.3
A18: 03.03.2025 | B18: Переміщення товарів ІБ00-000158 від 03.03.2025 18:08:06 Перемещение ТМЦ | C18: Обл. НДС Бетон С20/25 W6 F75 P4 доб-5 Надходження товарів і послуг ІБ00-000755 від 03.03.2025 18:08:02 Цех екстракції (Глобине) | D18: Обл. НДС Бетон С20/25 W6 F75 P4 доб-5 Надходження товарів і послуг ІБ00-000755 від 03.03.2025 18:08:02 Глобине-2 | E18: 205 | H18: 205 | I18: 27231.03 | K18: Д | L18: 232720.27
A19: 03.03.2025 | B19: Авансовий звіт ІБ00-000046 від 03.03.2025 18:09:12 Оприходованы ТМЦ | C19: Обл. НДС Самонаріз 5,5х25 кріпл мет профілю легк мет констр-цій (9006 сріблястий (250шт.)) Авансовий звіт ІБ00-000046 від 03.03.2025 18:09:12 Глобине-2 | D19: Штиченко Олександр Володимирович | E19: 205 | F19: 200 | H19: 3721 | K19: Д | L19: 232920.27
A20: 03.03.2025 | B20: Авансовий звіт ІБ00-000046 від 03.03.2025 18:09:12 Оприходованы ТМЦ | C20: Обл. НДС Лампа A50 100W E27 Авансовий звіт ІБ00-000046 від 03.03.2025 18:09:12 Глобине-2 | D20: Штиченко Олександр Володимирович | E20: 205 | F20: 36 | H20: 3721 | K20: Д | L20: 232956.27
A21: 03.03.2025 | B21: Авансовий звіт ІБ00-000046 від 03.03.2025 18:09:12 Оприходованы ТМЦ | C21: Обл. НДС Шайба Авансовий звіт ІБ00-000046 від 03.03.2025 18:09:12 Глобине-2 | D21: Штиченко Олександр Володимирович | E21: 205 | F21: 60 | H21: 3721 | K21: Д | L21: 233016.27
A22: 03.03.2025 | B22: Авансовий звіт ІБ00-000046 від 03.03.2025 18:09:12 Оприходованы ТМЦ | C22: Обл. НДС Пензлик малярний Авансовий звіт ІБ00-000046 від 03.03.2025 18:09:12 Глобине-2 | D22: Штиченко Олександр Володимирович | E22: 205 | F22: 24 | H22: 3721 | K22: Д | L22: 233040.27
A23: 03.03.2025 | B23: Авансовий звіт ІБ00-000046 від 03.03.2025 18:09:12 Оприходованы ТМЦ | C23: Обл. НДС бочка 35л Авансовий звіт ІБ00-000046 від 03.03.2025 18:09:12 Глобине-2 | D23: Штиченко Олександр Володимирович | E23: 205 | F23: 378 | H23: 3721 | K23: Д | L23: 233418.27
A24: 03.03.2025 | B24: Авансовий звіт ІБ00-000046 від 03.03.2025 18:09:12 Оприходованы ТМЦ | C24: Обл. НДС Біта *8 мм Авансовий звіт ІБ00-000046 від 03.03.2025 18:09:12 Глобине-2 | D24: Штиченко Олександр Володимирович | E24: 205 | F24: 41 | H24: 3721 | K24: Д | L24: 233459.27
A25: 06.03.2025 | B25: Надходження товарів і послуг ІБ00-000862 від 06.03.2025 20:05:58 Оприходованы ТМЦ | C25: Обл. НДС Бетон С20/25 W6 F75 P4 Надходження товарів і послуг ІБ00-000862 від 06.03.2025 20:05:58 Глобине-2 | D25: Кременчуцький річковий порт ПРАТ Договір 112/Б від 15.10.2024_Глобине-2 Надходження товарів і послуг ІБ00-000862 від 06.03.2025 20:05:58 | E25: 205 | F25: 221920 | H25: 631 | K25: Д | L25: 455379.27
A26: 06.03.2025 | B26: Надходження дод. витрат ІБ00-000123 від 06.03.2025 20:05:59 Доп. расходы при поступлении товаров | C26: Обл. НДС Бетон С20/25 W6 F75 P4 Надходження товарів і послуг ІБ00-000862 від 06.03.2025 20:05:58 Глобине-2 | D26: Кременчуцький річковий порт ПРАТ Договір 112/Б від 15.10.2024_Глобине-2 Надходження дод. витрат ІБ00-000123 від 06.03.2025 20:05:59 | E26: 205 | F26: 59527 | H26: 631 | K26: Д | L26: 514906.27
A27: 06.03.2025 | B27: Переміщення товарів ІБ00-000167 від 06.03.2025 20:10:00 Перемещение ТМЦ | C27: Обл. НДС Бетон С20/25 W6 F75 P4 Надходження товарів і послуг ІБ00-000368 від 31.01.2025 16:00:16 Котельна (Глобине) | D27: Обл. НДС Бетон С20/25 W6 F75 P4 Надходження товарів і послуг ІБ00-000368 від 31.01.2025 16:00:16 Глобине-2 | E27: 205 | H27: 205 | I27: 1855.12 | K27: Д | L27: 513051.15
A28: 06.03.2025 | B28: Переміщення товарів ІБ00-000167 від 06.03.2025 20:10:00 Перемещение ТМЦ | C28: Обл. НДС Бетон С20/25 W6 F75 P4 Надходження товарів і послуг ІБ00-000862 від 06.03.2025 20:05:58 Котельна (Глобине) | D28: Обл. НДС Бетон С20/25 W6 F75 P4 Надходження товарів і послуг ІБ00-000862 від 06.03.2025 20:05:58 Глобине-2 | E28: 205 | H28: 205 | I28: 259227.5 | K28: Д | L28: 253823.65
A29: 06.03.2025 | B29: Переміщення товарів ІБ00-000168 від 06.03.2025 20:10:00 Перемещение ТМЦ | C29: Обл. НДС Бетон С20/25 W6 F75 P4 Надходження товарів і послуг ІБ00-000862 від 06.03.2025 20:05:58 Цех екстракції (Глобине) | D29: Обл. НДС Бетон С20/25 W6 F75 P4 Надходження товарів і послуг ІБ00-000862 від 06.03.2025 20:05:58 Глобине-2 | E29: 205 | H29: 205 | I29: 16664.63 | K29: Д | L29: 237159.02
A30: 06.03.2025 | B30: Переміщення товарів ІБ00-000169 від 06.03.2025 20:10:00 Перемещение ТМЦ | C30: Обл. НДС Бетон С20/25 W6 F75 P4 Надходження товарів і послуг ІБ00-000862 від 06.03.2025 20:05:58 Резервуарний парк соєвої меляси (Глобине) | D30: Обл. НДС Бетон С20/25 W6 F75 P4 Надходження товарів і послуг ІБ00-000862 від 06.03.2025 20:05:58 Глобине-2 | E30: 205 | H30: 205 | I30: 3703.25 | K30: Д | L30: 233455.77
A31: 06.03.2025 | B31: Надходження товарів і послуг ІБ00-001121 від 06.03.2025 22:00:38 Оприходованы ТМЦ | C31: Обл. НДС Щебінь 80-120 Надходження товарів і послуг ІБ00-001121 від 06.03.2025 22:00:38 Глобине-2 | D31: ДІОРИТ ТОВ №06/04-11 від 04.11.2024 Глобине-2 Рахунок на оплату постачальника ІБ00-000908 від 06.03.2025 22:00:37 | E31: 205 | F31: 70955.77 | H31: 631 | K31: Д | L31: 304411.54
A32: 06.03.2025 | B32: Переміщення товарів ІБ00-000220 від 06.03.2025 22:00:39 Перемещение ТМЦ | C32: Обл. НДС Щебінь 80-120 Надходження товарів і послуг ІБ00-001121 від 06.03.2025 22:00:38 АПК (Глобине) | D32: Обл. НДС Щебінь 80-120 Надходження товарів і послуг ІБ00-001121 від 06.03.2025 22:00:38 Глобине-2 | E32: 205 | H32: 205 | I32: 65840 | K32: Д | L32: 238571.54
A33: 06.03.2025 | B33: Переміщення товарів ІБ00-000221 від 06.03.2025 22:00:40 Перемещение ТМЦ | C33: Обл. НДС Щебінь 80-120 Надходження товарів і послуг ІБ00-001121 від 06.03.2025 22:00:38 Генплан митний склад (Глобине) | D33: Обл. НДС Щебінь 80-120 Надходження товарів і послуг ІБ00-001121 від 06.03.2025 22:00:38 Глобине-2 | E33: 205 | H33: 205 | I33: 5115.77 | K33: Д | L33: 233455.77
A34: 08.03.2025 | B34: Надходження товарів і послуг ІБ00-000960 від 08.03.2025 18:00:04 Оприходованы ТМЦ | C34: Обл. НДС Бетон С20/25 W6 F75 P4 Надходження товарів і послуг ІБ00-000960 від 08.03.2025 18:00:04 Глобине-2 | D34: Кременчуцький річковий порт ПРАТ Договір 112/Б від 15.10.2024_Глобине-2 Надходження товарів і послуг ІБ00-000960 від 08.03.2025 18:00:04 | E34: 205 | F34: 39420 | H34: 631 | K34: Д | L34: 272875.77
A35: 08.03.2025 | B35: Надходження дод. витрат ІБ00-000127 від 08.03.2025 18:00:05 Доп. расходы при поступлении товаров | C35: Обл. НДС Бетон С20/25 W6 F75 P4 Надходження товарів і послуг ІБ00-000960 від 08.03.2025 18:00:04 Глобине-2 | D35: Кременчуцький річковий порт ПРАТ Договір 112/Б від 15.10.2024_Глобине-2 Надходження дод. витрат ІБ00-000127 від 08.03.2025 18:00:05 | E35: 205 | F35: 16994.5 | H35: 631 | K35: Д | L35: 289870.27
A36: 08.03.2025 | B36: Переміщення товарів ІБ00-000179 від 08.03.2025 18:10:00 Перемещение ТМЦ | C36: Обл. НДС Бетон С20/25 W6 F75 P4 Надходження товарів і послуг ІБ00-000862 від 06.03.2025 20:05:58 Котельна (Глобине) | D36: Обл. НДС Бетон С20/25 W6 F75 P4 Надходження товарів і послуг ІБ00-000862 від 06.03.2025 20:05:58 Глобине-2 | E36: 205 | H36: 205 | I36: 1851.62 | K36: Д | L36: 288018.65
A37: 08.03.2025 | B37: Переміщення товарів ІБ00-000179 від 08.03.2025 18:10:00 Перемещение ТМЦ | C37: Обл. НДС Бетон С20/25 W6 F75 P4 Надходження товарів і послуг ІБ00-000960 від 08.03.2025 18:00:04 Котельна (Глобине) | D37: Обл. НДС Бетон С20/25 W6 F75 P4 Надходження товарів і послуг ІБ00-000960 від 08.03.2025 18:00:04 Глобине-2 | E37: 205 | H37: 205 | I37: 44295.83 | K37: Д | L37: 243722.82
A38: 08.03.2025 | B38: Переміщення товарів ІБ00-000180 від 08.03.2025 18:10:00 Перемещение ТМЦ | C38: Обл. НДС Бетон С20/25 W6 F75 P4 Надходження товарів і послуг ІБ00-000960 від 08.03.2025 18:00:04 Цех екстракції (Глобине) | D38: Обл. НДС Бетон С20/25 W6 F75 P4 Надходження товарів і послуг ІБ00-000960 від 08.03.2025 18:00:04 Глобине-2 | E38: 205 | H38: 205 | I38: 10029.24 | K38: Д | L38: 233693.58
A39: 10.03.2025 | B39: Надходження товарів і послуг ІБ00-001338 від 10.03.2025 20:00:39 Оприходованы ТМЦ | C39: Обл. НДС Труба п/е 25вт (2 м) Надходження товарів і послуг ІБ00-001338 від 10.03.2025 20:00:39 Глобине-2 | D39: ПРОТЕКС УКРАЇНА Договір 9 від 11.12.2023_Глобине 2 Рахунок на оплату постачальника ІБ00-000965 від 06.03.2025 22:00:42 | E39: 205 | F39: 1750 | H39: 631 | K39: Д | L39: 235443.58
A40: 10.03.2025 | B40: Переміщення товарів ІБ00-000255 від 10.03.2025 20:00:40 Перемещение ТМЦ | C40: Обл. НДС Труба п/е 25вт (2 м) Надходження товарів і послуг ІБ00-001338 від 10.03.2025 20:00:39 Цех екстракції (Глобине) | D40: Обл. НДС Труба п/е 25вт (2 м) Надходження товарів і послуг ІБ00-001338 від 10.03.2025 20:00:39 Глобине-2 | E40: 205 | H40: 205 | I40: 1750 | K40: Д | L40: 233693.58
A41: 11.03.2025 | B41: Надходження товарів і послуг ІБ00-001087 від 11.03.2025 19:00:13 Оприходованы ТМЦ | C41: Обл. НДС Бетон С20/25 W6 F75 P4 Надходження товарів і послуг ІБ00-001087 від 11.03.2025 19:00:13 Глобине-2 | D41: Кременчуцький річковий порт ПРАТ Договір 112/Б від 15.10.2024_Глобине-2 Надходження товарів і послуг ІБ00-001087 від 11.03.2025 19:00:13 | E41: 205 | F41: 54020 | H41: 631 | K41: Д | L41: 287713.58
A42: 11.03.2025 | B42: Надходження дод. витрат ІБ00-000151 від 11.03.2025 19:00:14 Доп. расходы при поступлении товаров | C42: Обл. НДС Бетон С20/25 W6 F75 P4 Надходження товарів і послуг ІБ00-001087 від 11.03.2025 19:00:13 Глобине-2 | D42: Кременчуцький річковий порт ПРАТ Договір 112/Б від 15.10.2024_Глобине-2 Надходження дод. витрат ІБ00-000151 від 11.03.2025 19:00:14 | E42: 205 | F42: 17102.5 | H42: 631 | K42: Д | L42: 304816.08
A43: 11.03.2025 | B43: Переміщення товарів ІБ00-000208 від 11.03.2025 19:00:15 Перемещение ТМЦ | C43: Обл. НДС Бетон С20/25 W6 F75 P4 Надходження товарів і послуг ІБ00-000960 від 08.03.2025 18:00:04 Котельна (Глобине) | D43: Обл. НДС Бетон С20/25 W6 F75 P4 Надходження товарів і послуг ІБ00-000960 від 08.03.2025 18:00:04 Глобине-2 | E43: 205 | H43: 205 | I43: 2089.43 | K43: Д | L43: 302726.65
A44: 11.03.2025 | B44: Переміщення товарів ІБ00-000208 від 11.03.2025 19:00:15 Перемещение ТМЦ | C44: Обл. НДС Бетон С20/25 W6 F75 P4 Надходження товарів і послуг ІБ00-001087 від 11.03.2025 19:00:13 Котельна (Глобине) | D44: Обл. НДС Бетон С20/25 W6 F75 P4 Надходження товарів і послуг ІБ00-001087 від 11.03.2025 19:00:13 Глобине-2 | E44: 205 | H44: 205 | I44: 49977.97 | K44: Д | L44: 252748.68
A45: 11.03.2025 | B45: Переміщення товарів ІБ00-000209 від 11.03.2025 19:00:16 Перемещение ТМЦ | C45: Обл. НДС Бетон С20/25 W6 F75 P4 Надходження товарів і послуг ІБ00-001087 від 11.03.2025 19:00:13 СПК (Глобине) | D45: Обл. НДС Бетон С20/25 W6 F75 P4 Надходження товарів і послуг ІБ00-001087 від 11.03.2025 19:00:13 Глобине-2 | E45: 205 | H45: 205 | I45: 11533.38 | K45: Д | L45: 241215.3
A46: 11.03.2025 | B46: Переміщення товарів ІБ00-000210 від 11.03.2025 19:00:17 Перемещение ТМЦ | C46: Обл. НДС Бетон С20/25 W6 F75 P4 Надходження товарів і послуг ІБ00-001087 від 11.03.2025 19:00:13 Пункт фасування та зберігання в бігбегах (Глобине) | D46: Обл. НДС Бетон С20/25 W6 F75 P4 Надходження товарів і послуг ІБ00-001087 від 11.03.2025 19:00:13 Глобине-2 | E46: 205 | H46: 205 | I46: 7688.92 | K46: Д | L46: 233526.38
A47: 12.03.2025 | B47: Надходження товарів і послуг ІБ00-001045 від 12.03.2025 18:45:21 Оприходованы ТМЦ | C47: Обл. НДС Провід ПВС 3*2,5 бухта 100м Надходження товарів і послуг ІБ00-001045 від 12.03.2025 18:45:21 Глобине-2 | D47: Лук'ян Михайло Федорович ФОП 22/08-24-1 от 22.08.2024 (РАХУНКИ)_Глобине-2 Рахунок на оплату постачальника ІБ00-000876 від 12.03.2025 18:45:20 | E47: 205 | F47: 13384.35 | H47: 631 | K47: Д | L47: 246910.73
A48: 12.03.2025 | B48: Надходження товарів і послуг ІБ00-001045 від 12.03.2025 18:45:21 Оприходованы ТМЦ | C48: Обл. НДС Плівка п/е рукав 1500*200 мкм Надходження товарів і послуг ІБ00-001045 від 12.03.2025 18:45:21 Глобине-2 | D48: Лук'ян Михайло Федорович ФОП 22/08-24-1 от 22.08.2024 (РАХУНКИ)_Глобине-2 Рахунок на оплату постачальника ІБ00-000876 від 12.03.2025 18:45:20 | E48: 205 | F48: 14553 | H48: 631 | K48: Д | L48: 261463.73
A49: 12.03.2025 | B49: Переміщення товарів ІБ00-000200 від 12.03.2025 18:45:22 Перемещение ТМЦ | C49: Обл. НДС Провід ПВС 3*2,5 бухта 100м Надходження товарів і послуг ІБ00-001045 від 12.03.2025 18:45:21 Генплан митний склад (Глобине) | D49: Обл. НДС Провід ПВС 3*2,5 бухта 100м Надходження товарів і послуг ІБ00-001045 від 12.03.2025 18:45:21 Глобине-2 | E49: 205 | H49: 205 | I49: 13384.35 | K49: Д | L49: 248079.38
A50: 12.03.2025 | B50: Переміщення товарів ІБ00-000201 від 12.03.2025 18:45:23 Перемещение ТМЦ | C50: Обл. НДС Плівка п/е рукав 1500*200 мкм Надходження товарів і послуг ІБ00-001045 від 12.03.2025 18:45:21 Цех екстракції (Глобине) | D50: Обл. НДС Плівка п/е рукав 1500*200 мкм Надходження товарів і послуг ІБ00-001045 від 12.03.2025 18:45:21 Глобине-2 | E50: 205 | H50: 205 | I50: 14553 | K50: Д | L50: 233526.38
A51: 12.03.2025 | B51: Надходження товарів і послуг ІБ00-001088 від 12.03.2025 18:45:33 Оприходованы ТМЦ (Зачет аванса поставщику) | C51: Обл. НДС Бетон С20/25 W6 F75 P4 Надходження товарів і послуг ІБ00-001088 від 12.03.2025 18:45:33 Глобине-2 | D51: Кременчуцький річковий порт ПРАТ Договір 112/Б від 15.10.2024_Глобине-2 Списання з банківського рахунку 00000023475 від 12.03.2025 10:01:10 | E51: 205 | F51: 55480 | H51: 631 | K51: Д | L51: 289006.38
A52: 12.03.2025 | B52: Надходження дод. витрат ІБ00-000152 від 12.03.2025 18:45:34 Доп. расходы при поступлении товаров | C52: Обл. НДС Бетон С20/25 W6 F75 P4 Надходження товарів і послуг ІБ00-001088 від 12.03.2025 18:45:33 Глобине-2 | D52: Кременчуцький річковий порт ПРАТ Договір 112/Б від 15.10.2024_Глобине-2 Надходження дод. витрат ІБ00-000152 від 12.03.2025 18:45:34 | E52: 205 | F52: 9664.22 | H52: 631 | K52: Д | L52: 298670.6
A53: 12.03.2025 | B53: Надходження дод. витрат ІБ00-000152 від 12.03.2025 18:45:34 Доп. расходы при поступлении товаров (Зачет аванса поставщику) | C53: Обл. НДС Бетон С20/25 W6 F75 P4 Надходження товарів і послуг ІБ00-001088 від 12.03.2025 18:45:33 Глобине-2 | D53: Кременчуцький річковий порт ПРАТ Договір 112/Б від 15.10.2024_Глобине-2 Списання з банківського рахунку 00000023475 від 12.03.2025 10:01:10 | E53: 205 | F53: 1418.28 | H53: 631 | K53: Д | L53: 300088.88
A54: 12.03.2025 | B54: Переміщення товарів ІБ00-000211 від 12.03.2025 18:45:35 Перемещение ТМЦ | C54: Обл. НДС Бетон С20/25 W6 F75 P4 Надходження товарів і послуг ІБ00-001087 від 11.03.2025 19:00:13 Цех екстракції (Глобине) | D54: Обл. НДС Бетон С20/25 W6 F75 P4 Надходження товарів і послуг ІБ00-001087 від 11.03.2025 19:00:13 Глобине-2 | E54: 205 | H54: 205 | I54: 1922.23 | K54: Д | L54: 298166.65
A55: 12.03.2025 | B55: Переміщення товарів ІБ00-000211 від 12.03.2025 18:45:35 Перемещение ТМЦ | C55: Обл. НДС Бетон С20/25 W6 F75 P4 Надходження товарів і послуг ІБ00-001088 від 12.03.2025 18:45:33 Цех екстракції (Глобине) | D55: Обл. НДС Бетон С20/25 W6 F75 P4 Надходження товарів і послуг ІБ00-001088 від 12.03.2025 18:45:33 Глобине-2 | E55: 205 | H55: 205 | I55: 57804.28 | K55: Д | L55: 240362.37
A56: 12.03.2025 | B56: Переміщення товарів ІБ00-000212 від 12.03.2025 18:45:36 Перемещение ТМЦ | C56: Обл. НДС Бетон С20/25 W6 F75 P4 Надходження товарів і послуг ІБ00-001088 від 12.03.2025 18:45:33 СПК (Глобине) | D56: Обл. НДС Бетон С20/25 W6 F75 P4 Надходження товарів і послуг ІБ00-001088 від 12.03.2025 18:45:33 Глобине-2 | E56: 205 | H56: 205 | I56: 7006.58 | K56: Д | L56: 233355.79
A57: 13.03.2025 | B57: Надходження товарів і послуг ІБ00-001478 від 13.03.2025 11:00:00 Оприходованы ТМЦ | C57: Обл. НДС Щебінь 40-70 Надходження товарів і послуг ІБ00-001478 від 13.03.2025 11:00:00 Глобине-2 | D57: Енергія Логістик ТОВ №28/10-2024 ВІД 28/10/24_Глобине-2 Рахунок на оплату постачальника ІБ00-001153 від 13.03.2025 18:55:33 | E57: 205 | F57: 18672.08 | H57: 631 | K57: Д | L57: 252027.87
A58: 13.03.2025 | B58: Надходження товарів і послуг ІБ00-001478 від 13.03.2025 11:00:00 Оприходованы ТМЦ | C58: Обл. НДС Щебінь 10-20 Надходження товарів і послуг ІБ00-001478 від 13.03.2025 11:00:00 Глобине-2 | D58: Енергія Логістик ТОВ №28/10-2024 ВІД 28/10/24_Глобине-2 Рахунок на оплату постачальника ІБ00-001153 від 13.03.2025 18:55:33 | E58: 205 | F58: 20966 | H58: 631 | K58: Д | L58: 272993.87
A59: 13.03.2025 | B59: Надходження дод. витрат ІБ00-000222 від 13.03.2025 11:05:00 Доп. расходы при поступлении товаров | C59: Обл. НДС Щебінь 40-70 Надходження товарів і послуг ІБ00-001478 від 13.03.2025 11:00:00 Глобине-2 | D59: Енергія Логістик ТОВ №28/10-2024 ВІД 28/10/24_Глобине-2 Рахунок на оплату постачальника ІБ00-001153 від 13.03.2025 18:55:33 | E59: 205 | F59: 15295.22 | H59: 631 | K59: Д | L59: 288289.09
A60: 13.03.2025 | B60: Надходження дод. витрат ІБ00-000222 від 13.03.2025 11:05:00 Доп. расходы при поступлении товаров | C60: Обл. НДС Щебінь 10-20 Надходження товарів і послуг ІБ00-001478 від 13.03.2025 11:00:00 Глобине-2 | D60: Енергія Логістик ТОВ №28/10-2024 ВІД 28/10/24_Глобине-2 Рахунок на оплату постачальника ІБ00-001153 від 13.03.2025 18:55:33 | E60: 205 | F60: 17174.28 | H60: 631 | K60: Д | L60: 305463.37
A61: 13.03.2025 | B61: Переміщення товарів ІБ00-000293 від 13.03.2025 11:10:00 Перемещение ТМЦ | C61: Обл. НДС Щебінь 40-70 Надходження товарів і послуг ІБ00-001478 від 13.03.2025 11:00:00 АПК (Глобине) | D61: Обл. НДС Щебінь 40-70 Надходження товарів і послуг ІБ00-001478 від 13.03.2025 11:00:00 Глобине-2 | E61: 205 | H61: 205 | I61: 33967.3 | K61: Д | L61: 271496.07
A62: 13.03.2025 | B62: Переміщення товарів ІБ00-000294 від 13.03.2025 11:10:00 Перемещение ТМЦ | C62: Обл. НДС Щебінь 10-20 Надходження товарів і послуг ІБ00-001478 від 13.03.2025 11:00:00 Генплан митний склад (Глобине) | D62: Обл. НДС Щебінь 10-20 Надходження товарів і послуг ІБ00-001478 від 13.03.2025 11:00:00 Глобине-2 | E62: 205 | H62: 205 | I62: 38140.28 | K62: Д | L62: 233355.79
A63: 13.03.2025 | B63: Переміщення товарів ІБ00-000199 від 13.03.2025 18:54:55 Перемещение ТМЦ | C63: Обл. НДС Праймер бітумний Техноніколь №1 (20л) Надходження товарів і послуг ІБ00-006494 від 20.12.2024 18:18:17 Глобине-2 | D63: Обл. НДС Праймер бітумний Техноніколь №1 (20л) Надходження товарів і послуг ІБ00-006494 від 20.12.2024 18:18:17 Путрівка КМД | E63: 205 | F63: 3378.62 | H63: 205 | K63: Д | L63: 236734.41
A64: 13.03.2025 | B64: Надходження товарів і послуг ІБ00-001089 від 13.03.2025 18:55:01 Оприходованы ТМЦ | C64: Обл. НДС Бетон С20/25 W6 F75 P4 Надходження товарів і послуг ІБ00-001089 від 13.03.2025 18:55:01 Глобине-2 | D64: Кременчуцький річковий порт ПРАТ Договір 112/Б від 15.10.2024_Глобине-2 Надходження товарів і послуг ІБ00-001089 від 13.03.2025 18:55:01 | E64: 205 | F64: 151840 | H64: 631 | K64: Д | L64: 388574.41
A65: 13.03.2025 | B65: Надходження дод. витрат ІБ00-000153 від 13.03.2025 18:55:02 Доп. расходы при поступлении товаров | C65: Обл. НДС Бетон С20/25 W6 F75 P4 Надходження товарів і послуг ІБ00-001089 від 13.03.2025 18:55:01 Глобине-2 | D65: Кременчуцький річковий порт ПРАТ Договір 112/Б від 15.10.2024_Глобине-2 Надходження дод. витрат ІБ00-000153 від 13.03.2025 18:55:02 | E65: 205 | F65: 55128 | H65: 631 | K65: Д | L65: 443702.41
A66: 13.03.2025 | B66: Переміщення товарів ІБ00-000213 від 13.03.2025 18:55:03 Перемещение ТМЦ | C66: Обл. НДС Бетон С20/25 W6 F75 P4 Надходження товарів і послуг ІБ00-001088 від 12.03.2025 18:45:33 Генплан підпірна стінка (Глобине) | D66: Обл. НДС Бетон С20/25 W6 F75 P4 Надходження товарів і послуг ІБ00-001088 від 12.03.2025 18:45:33 Глобине-2 | E66: 205 | H66: 205 | I66: 1751.64 | K66: Д | L66: 441950.77
A67: 13.03.2025 | B67: Переміщення товарів ІБ00-000213 від 13.03.2025 18:55:03 Перемещение ТМЦ | C67: Обл. НДС Бетон С20/25 W6 F75 P4 Надходження товарів і послуг ІБ00-001089 від 13.03.2025 18:55:01 Генплан підпірна стінка (Глобине) | D67: Обл. НДС Бетон С20/25 W6 F75 P4 Надходження товарів і послуг ІБ00-001089 від 13.03.2025 18:55:01 Глобине-2 | E67: 205 | H67: 205 | I67: 125374.85 | K67: Д | L67: 316575.92
A68: 13.03.2025 | B68: Переміщення товарів ІБ00-000214 від 13.03.2025 18:55:04 Перемещение ТМЦ | C68: Обл. НДС Бетон С20/25 W6 F75 P4 Надходження товарів і послуг ІБ00-001089 від 13.03.2025 18:55:01 Котельна (Глобине) | D68: Обл. НДС Бетон С20/25 W6 F75 P4 Надходження товарів і послуг ІБ00-001089 від 13.03.2025 18:55:01 Глобине-2 | E68: 205 | H68: 205 | I68: 75224.9 | K68: Д | L68: 241351.02
A69: 13.03.2025 | B69: Переміщення товарів ІБ00-000215 від 13.03.2025 18:55:05 Перемещение ТМЦ | C69: Обл. НДС Бетон С20/25 W6 F75 P4 Надходження товарів і послуг ІБ00-001089 від 13.03.2025 18:55:01 Пункт фасування та зберігання в бігбегах (Глобине) | D69: Обл. НДС Бетон С20/25 W6 F75 P4 Надходження товарів і послуг ІБ00-001089 від 13.03.2025 18:55:01 Глобине-2 | E69: 205 | H69: 205 | I69: 4378.17 | K69: Д | L69: 236972.85
A70: 14.03.2025 | B70: Авансовий звіт ІБ00-000059 від 14.03.2025 17:50:55 Оприходованы ТМЦ | C70: Обл. НДС Корпус для кнопок Авансовий звіт ІБ00-000059 від 14.03.2025 17:50:55 Глобине-2 | D70: Штиченко Олександр Володимирович | E70: 205 | F70: 76 | H70: 3721 | K70: Д | L70: 237048.85
A71: 14.03.2025 | B71: Авансовий звіт ІБ00-000059 від 14.03.2025 17:50:55 Оприходованы ТМЦ | C71: Обл. НДС Кнопка ХB2 "Старт" зелена без фіксації Авансовий звіт ІБ00-000059 від 14.03.2025 17:50:55 Глобине-2 | D71: Штиченко Олександр Володимирович | E71: 205 | F71: 27 | H71: 3721 | K71: Д | L71: 237075.85
A72: 14.03.2025 | B72: Авансовий звіт ІБ00-000059 від 14.03.2025 17:50:55 Оприходованы ТМЦ | C72: Обл. НДС Замок та завіс Авансовий звіт ІБ00-000059 від 14.03.2025 17:50:55 Глобине-2 | D72: Штиченко Олександр Володимирович | E72: 205 | F72: 194 | H72: 3721 | K72: Д | L72: 237269.85
A73: 15.03.2025 | B73: Надходження товарів і послуг ІБ00-001090 від 15.03.2025 12:00:00 Оприходованы ТМЦ (Зачет аванса поставщику) | C73: Обл. НДС Бетон С20/25 W6 F75 P4 Надходження товарів і послуг ІБ00-001090 від 15.03.2025 12:00:00 Глобине-2 | D73: Кременчуцький річковий порт ПРАТ Договір 112/Б від 15.10.2024_Глобине-2 Списання з банківського рахунку 00000023745 від 14.03.2025 09:14:23 | E73: 205 | F73: 37960 | H73: 631 | K73: Д | L73: 275229.85
A74: 15.03.2025 | B74: Надходження дод. витрат ІБ00-000154 від 15.03.2025 12:00:01 Доп. расходы при поступлении товаров (Зачет аванса поставщику) | C74: Обл. НДС Бетон С20/25 W6 F75 P4 Надходження товарів і послуг ІБ00-001090 від 15.03.2025 12:00:00 Глобине-2 | D74: Кременчуцький річковий порт ПРАТ Договір 112/Б від 15.10.2024_Глобине-2 Списання з банківського рахунку 00000023745 від 14.03.2025 09:14:23 | E74: 205 | F74: 14740 | H74: 631 | K74: Д | L74: 289969.85
A75: 15.03.2025 | B75: Переміщення товарів ІБ00-000216 від 15.03.2025 12:00:02 Перемещение ТМЦ | C75: Обл. НДС Бетон С20/25 W6 F75 P4 Надходження товарів і послуг ІБ00-001089 від 13.03.2025 18:55:01 Котельна (Глобине) | D75: Обл. НДС Бетон С20/25 W6 F75 P4 Надходження товарів і послуг ІБ00-001089 від 13.03.2025 18:55:01 Глобине-2 | E75: 205 | H75: 205 | I75: 1990.08 | K75: Д | L75: 287979.77
A76: 15.03.2025 | B76: Переміщення товарів ІБ00-000216 від 15.03.2025 12:00:02 Перемещение ТМЦ | C76: Обл. НДС Бетон С20/25 W6 F75 P4 Надходження товарів і послуг ІБ00-001090 від 15.03.2025 12:00:00 Котельна (Глобине) | D76: Обл. НДС Бетон С20/25 W6 F75 P4 Надходження товарів і послуг ІБ00-001090 від 15.03.2025 12:00:00 Глобине-2 | E76: 205 | H76: 205 | I76: 42565.38 | K76: Д | L76: 245414.39
A77: 15.03.2025 | B77: Переміщення товарів ІБ00-000217 від 15.03.2025 12:00:03 Перемещение ТМЦ | C77: Обл. НДС Бетон С20/25 W6 F75 P4 Надходження товарів і послуг ІБ00-001090 від 15.03.2025 12:00:00 Пункт фасування та зберігання в бігбегах (Глобине) | D77: Обл. НДС Бетон С20/25 W6 F75 P4 Надходження товарів і послуг ІБ00-001090 від 15.03.2025 12:00:00 Глобине-2 | E77: 205 | H77: 205 | I77: 8107.7 | K77: Д | L77: 237306.69
A78: 17.03.2025 | B78: Надходження товарів і послуг ІБ00-001086 від 17.03.2025 17:20:12 Оприходованы ТМЦ (Зачет аванса поставщику) | C78: Обл. НДС Бетон С20/25 W6 F75 P4 доб-5 Надходження товарів і послуг ІБ00-001086 від 17.03.2025 17:20:12 Глобине-2 | D78: Кременчуцький річковий порт ПРАТ Договір 112/Б від 15.10.2024_Глобине-2 Списання з банківського рахунку 00000023745 від 14.03.2025 09:14:23 | E78: 205 | F78: 20790 | H78: 631 | K78: Д | L78: 258096.69
A79: 17.03.2025 | B79: Надходження дод. витрат ІБ00-000150 від 17.03.2025 17:20:13 Доп. расходы при поступлении товаров (Зачет аванса поставщику) | C79: Обл. НДС Бетон С20/25 W6 F75 P4 доб-5 Надходження товарів і послуг ІБ00-001086 від 17.03.2025 17:20:12 Глобине-2 | D79: Кременчуцький річковий порт ПРАТ Договір 112/Б від 15.10.2024_Глобине-2 Списання з банківського рахунку 00000023745 від 14.03.2025 09:14:23 | E79: 205 | F79: 8274.5 | H79: 631 | K79: Д | L79: 266371.19
A80: 17.03.2025 | B80: Переміщення товарів ІБ00-000206 від 17.03.2025 17:20:14 Перемещение ТМЦ | C80: Обл. НДС Бетон С20/25 W6 F75 P4 доб-5 Надходження товарів і послуг ІБ00-001086 від 17.03.2025 17:20:12 Пункт фасування та зберігання в бігбегах (Глобине) | D80: Обл. НДС Бетон С20/25 W6 F75 P4 доб-5 Надходження товарів і послуг ІБ00-001086 від 17.03.2025 17:20:12 Глобине-2 | E80: 205 | H80: 205 | I80: 24912.43 | K80: Д | L80: 241458.76
A81: 17.03.2025 | B81: Переміщення товарів ІБ00-000207 від 17.03.2025 17:20:15 Перемещение ТМЦ | C81: Обл. НДС Бетон С20/25 W6 F75 P4 доб-5 Надходження товарів і послуг ІБ00-001086 від 17.03.2025 17:20:12 СПК (Глобине) | D81: Обл. НДС Бетон С20/25 W6 F75 P4 доб-5 Надходження товарів і послуг ІБ00-001086 від 17.03.2025 17:20:12 Глобине-2 | E81: 205 | H81: 205 | I81: 4152.07 | K81: Д | L81: 237306.69
A82: 18.03.2025 | B82: Переміщення товарів ІБ00-000204 від 18.03.2025 10:00:00 Перемещение ТМЦ | C82: Обл. НДС Бетон С20/25 W6 F75 P4 доб-10 Надходження товарів і послуг ІБ00-000751 від 01.03.2025 18:00:01 Цех екстракції (Глобине) | D82: Обл. НДС Бетон С20/25 W6 F75 P4 доб-10 Надходження товарів і послуг ІБ00-000751 від 01.03.2025 18:00:01 Глобине-2 | E82: 205 | H82: 205 | I82: 3912.45 | K82: Д | L82: 233394.24
A83: 18.03.2025 | B83: Переміщення товарів ІБ00-000205 від 18.03.2025 10:00:00 Перемещение ТМЦ | C83: Обл. НДС Бетон С 8/10 Р4 доб-10 Надходження товарів і послуг ІБ00-000728 від 22.02.2025 20:00:06 Резервуарний парк соєвої меляси (Глобине) | D83: Обл. НДС Бетон С 8/10 Р4 доб-10 Надходження товарів і послуг ІБ00-000728 від 22.02.2025 20:00:06 Глобине-2 | E83: 205 | H83: 205 | I83: 33947.2 | K83: Д | L83: 199447.04
A84: 18.03.2025 | B84: Надходження товарів і послуг ІБ00-001482 від 18.03.2025 11:00:00 Оприходованы ТМЦ | C84: Обл. НДС Щебінь 40-70 Надходження товарів і послуг ІБ00-001482 від 18.03.2025 11:00:00 Глобине-2 | D84: Енергія Логістик ТОВ №28/10-2024 ВІД 28/10/24_Глобине-2 Рахунок на оплату постачальника ІБ00-001157 від 18.03.2025 23:13:02 | E84: 205 | F84: 18767.75 | H84: 631 | K84: Д | L84: 218214.79
A85: 18.03.2025 | B85: Надходження товарів і послуг ІБ00-001482 від 18.03.2025 11:00:00 Оприходованы ТМЦ | C85: Обл. НДС Щебінь 20-40 Надходження товарів і послуг ІБ00-001482 від 18.03.2025 11:00:00 Глобине-2 | D85: Енергія Логістик ТОВ №28/10-2024 ВІД 28/10/24_Глобине-2 Рахунок на оплату постачальника ІБ00-001157 від 18.03.2025 23:13:02 | E85: 205 | F85: 19088.92 | H85: 631 | K85: Д | L85: 237303.71
A86: 18.03.2025 | B86: Надходження товарів і послуг ІБ00-001482 від 18.03.2025 11:00:00 Оприходованы ТМЦ | C86: Обл. НДС Пісок з відсіву дроблення щебеню фр. 0-5мм. Надходження товарів і послуг ІБ00-001482 від 18.03.2025 11:00:00 Глобине-2 | D86: Енергія Логістик ТОВ №28/10-2024 ВІД 28/10/24_Глобине-2 Рахунок на оплату постачальника ІБ00-001157 від 18.03.2025 23:13:02 | E86: 205 | F86: 4917 | H86: 631 | K86: Д | L86: 242220.71
A87: 18.03.2025 | B87: Надходження дод. витрат ІБ00-000226 від 18.03.2025 11:05:00 Доп. расходы при поступлении товаров | C87: Обл. НДС Щебінь 40-70 Надходження товарів і послуг ІБ00-001482 від 18.03.2025 11:00:00 Глобине-2 | D87: Енергія Логістик ТОВ №28/10-2024 ВІД 28/10/24_Глобине-2 Рахунок на оплату постачальника ІБ00-001157 від 18.03.2025 23:13:02 | E87: 205 | F87: 22049.45 | H87: 631 | K87: Д | L87: 264270.16
A88: 18.03.2025 | B88: Надходження дод. витрат ІБ00-000226 від 18.03.2025 11:05:00 Доп. расходы при поступлении товаров | C88: Обл. НДС Щебінь 20-40 Надходження товарів і послуг ІБ00-001482 від 18.03.2025 11:00:00 Глобине-2 | D88: Енергія Логістик ТОВ №28/10-2024 ВІД 28/10/24_Глобине-2 Рахунок на оплату постачальника ІБ00-001157 від 18.03.2025 23:13:02 | E88: 205 | F88: 22426.77 | H88: 631 | K88: Д | L88: 286696.93
A89: 18.03.2025 | B89: Надходження дод. витрат ІБ00-000226 від 18.03.2025 11:05:00 Доп. расходы при поступлении товаров | C89: Обл. НДС Пісок з відсіву дроблення щебеню фр. 0-5мм. Надходження товарів і послуг ІБ00-001482 від 18.03.2025 11:00:00 Глобине-2 | D89: Енергія Логістик ТОВ №28/10-2024 ВІД 28/10/24_Глобине-2 Рахунок на оплату постачальника ІБ00-001157 від 18.03.2025 23:13:02 | E89: 205 | F89: 5776.78 | H89: 631 | K89: Д | L89: 292473.71
A90: 18.03.2025 | B90: Переміщення товарів ІБ00-000299 від 18.03.2025 11:10:00 Перемещение ТМЦ | C90: Обл. НДС Щебінь 40-70 Надходження товарів і послуг ІБ00-001482 від 18.03.2025 11:00:00 АПК (Глобине) | D90: Обл. НДС Щебінь 40-70 Надходження товарів і послуг ІБ00-001482 від 18.03.2025 11:00:00 Глобине-2 | E90: 205 | H90: 205 | I90: 40817.2 | K90: Д | L90: 251656.51
A91: 18.03.2025 | B91: Переміщення товарів ІБ00-000300 від 18.03.2025 11:10:00 Перемещение ТМЦ | C91: Обл. НДС Щебінь 20-40 Надходження товарів і послуг ІБ00-001482 від 18.03.2025 11:00:00 Цех екстракції (Глобине) | D91: Обл. НДС Щебінь 20-40 Надходження товарів і послуг ІБ00-001482 від 18.03.2025 11:00:00 Глобине-2 | E91: 205 | H91: 205 | I91: 13791.5 | K91: Д | L91: 237865.01
A92: 18.03.2025 | B92: Переміщення товарів ІБ00-000301 від 18.03.2025 11:10:00 Перемещение ТМЦ | C92: Обл. НДС Щебінь 20-40 Надходження товарів і послуг ІБ00-001482 від 18.03.2025 11:00:00 Генплан підпірна стінка (Глобине) | D92: Обл. НДС Щебінь 20-40 Надходження товарів і послуг ІБ00-001482 від 18.03.2025 11:00:00 Глобине-2 | E92: 205 | H92: 205 | I92: 27724.19 | K92: Д | L92: 210140.82
A93: 18.03.2025 | B93: Переміщення товарів ІБ00-000302 від 18.03.2025 11:10:00 Перемещение ТМЦ | C93: Обл. НДС Пісок з відсіву дроблення щебеню фр. 0-5мм. Надходження товарів і послуг ІБ00-001482 від 18.03.2025 11:00:00 Цех екстракції (Глобине) | D93: Обл. НДС Пісок з відсіву дроблення щебеню фр. 0-5мм. Надходження товарів і послуг ІБ00-001482 від 18.03.2025 11:00:00 Глобине-2 | E93: 205 | H93: 205 | I93: 10693.78 | K93: Д | L93: 199447.04
A94: 18.03.2025 | B94: Списання товарів ІБ00-000136 від 18.03.2025 14:37:14 Списаны ТМЦ | C94: Обл. НДС Виробничий (Глобине-2) Глобине-2 Прямі материальні виробничі витрати крім зворотніх відходів | D94: Обл. НДС Біта *8 мм Авансовий звіт ІБ00-000046 від 03.03.2025 18:09:12 Глобине-2 | E94: 231 | H94: 205 | I94: 41 | K94: Д | L94: 199406.04
A95: 18.03.2025 | B95: Списання товарів ІБ00-000136 від 18.03.2025 14:37:14 Списаны ТМЦ | C95: Обл. НДС Виробничий (Глобине-2) Глобине-2 Прямі материальні виробничі витрати крім зворотніх відходів | D95: Обл. НДС З"єднання дуб леон 60 мм 2,5м №356 Надходження товарів і послуг ІБ00-000475 від 06.02.2025 18:36:14 Глобине-2 | E95: 231 | H95: 205 | I95: 160 | K95: Д | L95: 199246.04
A96: 18.03.2025 | B96: Списання товарів ІБ00-000136 від 18.03.2025 14:37:14 Списаны ТМЦ | C96: Обл. НДС Виробничий (Глобине-2) Глобине-2 Прямі материальні виробничі витрати крім зворотніх відходів | D96: Обл. НДС Заглушка ліва дуб леон 60 мм 2,5м №356 Надходження товарів і послуг ІБ00-000475 від 06.02.2025 18:36:14 Глобине-2 | E96: 231 | H96: 205 | I96: 16 | K96: Д | L96: 199230.04
A97: 18.03.2025 | B97: Списання товарів ІБ00-000136 від 18.03.2025 14:37:14 Списаны ТМЦ | C97: Обл. НДС Виробничий (Глобине-2) Глобине-2 Прямі материальні виробничі витрати крім зворотніх відходів | D97: Обл. НДС Заглушка права дуб леон 60 мм 2,5м №356 Надходження товарів і послуг ІБ00-000475 від 06.02.2025 18:36:14 Глобине-2 | E97: 231 | H97: 205 | I97: 16 | K97: Д | L97: 199214.04
A98: 18.03.2025 | B98: Списання товарів ІБ00-000136 від 18.03.2025 14:37:14 Списаны ТМЦ | C98: Обл. НДС Виробничий (Глобине-2) Глобине-2 Прямі материальні виробничі витрати крім зворотніх відходів | D98: Обл. НДС Кут внутр дуб леон 60 мм 2,5м №356 Надходження товарів і послуг ІБ00-000475 від 06.02.2025 18:36:14 Глобине-2 | E98: 231 | H98: 205 | I98: 64 | K98: Д | L98: 199150.04
A99: 18.03.2025 | B99: Списання товарів ІБ00-000136 від 18.03.2025 14:37:14 Списаны ТМЦ | C99: Обл. НДС Виробничий (Глобине-2) Глобине-2 Прямі материальні виробничі витрати крім зворотніх відходів | D99: Обл. НДС Лампа A50 100W E27 Авансовий звіт ІБ00-000046 від 03.03.2025 18:09:12 Глобине-2 | E99: 231 | H99: 205 | I99: 36 | K99: Д | L99: 199114.04
A100: 18.03.2025 | B100: Списання товарів ІБ00-000136 від 18.03.2025 14:37:14 Списаны ТМЦ | C100: Обл. НДС Виробничий (Глобине-2) Глобине-2 Прямі материальні виробничі витрати крім зворотніх відходів | D100: Обл. НДС Пензлик малярний Авансовий звіт ІБ00-000046 від 03.03.2025 18:09:12 Глобине-2 | E100: 231 | H100: 205 | I100: 24 | K100: Д | L100: 199090.04
...

Sheet Котельна
A1: Період | B1: Документ | C1: Аналітика Дт | D1: Аналітика Кт | E1: Дебет | H1: Кредит | K1: Поточне сальдо
E2: Рахунок | H2: Рахунок
A3: 01.03.2025 | B3: Переміщення товарів ІБ00-000153 від 01.03.2025 18:10:00 Перемещение ТМЦ | C3: Обл. НДС Бетон С20/25 W6 F75 P4 доб-10 Надходження товарів і послуг ІБ00-000751 від 01.03.2025 18:00:01 Котельна (Глобине) | D3: Обл. НДС Бетон С20/25 W6 F75 P4 доб-10 Надходження товарів і послуг ІБ00-000751 від 01.03.2025 18:00:01 Глобине-2 | E3: 205 | F3: 7389.33 | H3: 205 | K3: Д | L3: 444674.87
A4: 01.03.2025 | B4: Надходження товарів і послуг ІБ00-001037 від 01.03.2025 18:17:06 Оприходованы ТМЦ | C4: Обл. НДС Труба 80*80*4 ст1-3 пс L=12000 Надходження товарів і послуг ІБ00-001037 від 01.03.2025 18:17:06 Котельна (Глобине) | D4: МЕТАЛ ХОЛДІНГ ТРЕЙД ТОВ Договір 01/467/24 від 06.09.2024_Глобине-2 Рахунок на оплату постачальника ІБ00-000868 від 01.03.2025 18:17:05 | E4: 205 | F4: 12373.97 | H4: 631 | K4: Д | L4: 457048.84
A5: 01.03.2025 | B5: Надходження товарів і послуг ІБ00-001037 від 01.03.2025 18:17:06 Оприходованы ТМЦ | C5: Обл. НДС Кутик 75*75*6мм ст.3ПС МІРА 12 м Надходження товарів і послуг ІБ00-001037 від 01.03.2025 18:17:06 Котельна (Глобине) | D5: МЕТАЛ ХОЛДІНГ ТРЕЙД ТОВ Договір 01/467/24 від 06.09.2024_Глобине-2 Рахунок на оплату постачальника ІБ00-000868 від 01.03.2025 18:17:05 | E5: 205 | F5: 576.02 | H5: 631 | K5: Д | L5: 457624.86
A6: 01.03.2025 | B6: Надходження товарів і послуг ІБ00-001037 від 01.03.2025 18:17:06 Оприходованы ТМЦ | C6: Обл. НДС Швелер 16П (160 12,05 8240 3пс) Надходження товарів і послуг ІБ00-001037 від 01.03.2025 18:17:06 Котельна (Глобине) | D6: МЕТАЛ ХОЛДІНГ ТРЕЙД ТОВ Договір 01/467/24 від 06.09.2024_Глобине-2 Рахунок на оплату постачальника ІБ00-000868 від 01.03.2025 18:17:05 | E6: 205 | F6: 6927.17 | H6: 631 | K6: Д | L6: 464552.03
A7: 01.03.2025 | B7: Надходження товарів і послуг ІБ00-001037 від 01.03.2025 18:17:06 Оприходованы ТМЦ | C7: Обл. НДС Швелер 18П (180 12,05 8240 3пс5) Надходження товарів і послуг ІБ00-001037 від 01.03.2025 18:17:06 Котельна (Глобине) | D7: МЕТАЛ ХОЛДІНГ ТРЕЙД ТОВ Договір 01/467/24 від 06.09.2024_Глобине-2 Рахунок на оплату постачальника ІБ00-000868 від 01.03.2025 18:17:05 | E7: 205 | F7: 18497.9 | H7: 631 | K7: Д | L7: 483049.93
A8: 01.03.2025 | B8: Надходження товарів і послуг ІБ00-001037 від 01.03.2025 18:17:06 Оприходованы ТМЦ | C8: Обл. НДС Балка 20 L=12000 Надходження товарів і послуг ІБ00-001037 від 01.03.2025 18:17:06 Котельна (Глобине) | D8: МЕТАЛ ХОЛДІНГ ТРЕЙД ТОВ Договір 01/467/24 від 06.09.2024_Глобине-2 Рахунок на оплату постачальника ІБ00-000868 від 01.03.2025 18:17:05 | E8: 205 | F8: 4325.23 | H8: 631 | K8: Д | L8: 487375.16
A9: 01.03.2025 | B9: Надходження товарів і послуг ІБ00-001037 від 01.03.2025 18:17:06 Оприходованы ТМЦ | C9: Обл. НДС Лист г/к 4,0*1500*6000 мм; ст.3 сп/пс Надходження товарів і послуг ІБ00-001037 від 01.03.2025 18:17:06 Котельна (Глобине) | D9: МЕТАЛ ХОЛДІНГ ТРЕЙД ТОВ Договір 01/467/24 від 06.09.2024_Глобине-2 Рахунок на оплату постачальника ІБ00-000868 від 01.03.2025 18:17:05 | E9: 205 | F9: 680.46 | H9: 631 | K9: Д | L9: 488055.62
A10: 01.03.2025 | B10: Надходження товарів і послуг ІБ00-001037 від 01.03.2025 18:17:06 Оприходованы ТМЦ | C10: Обл. НДС Лист г/к 10*2000*6000 1-3 сп/пс Надходження товарів і послуг ІБ00-001037 від 01.03.2025 18:17:06 Котельна (Глобине) | D10: МЕТАЛ ХОЛДІНГ ТРЕЙД ТОВ Договір 01/467/24 від 06.09.2024_Глобине-2 Рахунок на оплату постачальника ІБ00-000868 від 01.03.2025 18:17:05 | E10: 205 | F10: 2425 | H10: 631 | K10: Д | L10: 490480.62
A11: 01.03.2025 | B11: Надходження дод. витрат ІБ00-000147 від 01.03.2025 18:17:07 Доп. расходы при поступлении товаров | C11: Обл. НДС Труба 80*80*4 ст1-3 пс L=12000 Надходження товарів і послуг ІБ00-001037 від 01.03.2025 18:17:06 Котельна (Глобине) | D11: МЕТАЛ ХОЛДІНГ ТРЕЙД ТОВ Договір 01/467/24 від 06.09.2024_Глобине-2 Рахунок на оплату постачальника ІБ00-000868 від 01.03.2025 18:17:05 | E11: 205 | F11: 3803.84 | H11: 631 | K11: Д | L11: 494284.46
A12: 01.03.2025 | B12: Надходження дод. витрат ІБ00-000147 від 01.03.2025 18:17:07 Доп. расходы при поступлении товаров | C12: Обл. НДС Кутик 75*75*6мм ст.3ПС МІРА 12 м Надходження товарів і послуг ІБ00-001037 від 01.03.2025 18:17:06 Котельна (Глобине) | D12: МЕТАЛ ХОЛДІНГ ТРЕЙД ТОВ Договір 01/467/24 від 06.09.2024_Глобине-2 Рахунок на оплату постачальника ІБ00-000868 від 01.03.2025 18:17:05 | E12: 205 | F12: 177.07 | H12: 631 | K12: Д | L12: 494461.53
A13: 01.03.2025 | B13: Надходження дод. витрат ІБ00-000147 від 01.03.2025 18:17:07 Доп. расходы при поступлении товаров | C13: Обл. НДС Швелер 16П (160 12,05 8240 3пс) Надходження товарів і послуг ІБ00-001037 від 01.03.2025 18:17:06 Котельна (Глобине) | D13: МЕТАЛ ХОЛДІНГ ТРЕЙД ТОВ Договір 01/467/24 від 06.09.2024_Глобине-2 Рахунок на оплату постачальника ІБ00-000868 від 01.03.2025 18:17:05 | E13: 205 | F13: 2129.46 | H13: 631 | K13: Д | L13: 496590.99
A14: 01.03.2025 | B14: Надходження дод. витрат ІБ00-000147 від 01.03.2025 18:17:07 Доп. расходы при поступлении товаров | C14: Обл. НДС Швелер 18П (180 12,05 8240 3пс5) Надходження товарів і послуг ІБ00-001037 від 01.03.2025 18:17:06 Котельна (Глобине) | D14: МЕТАЛ ХОЛДІНГ ТРЕЙД ТОВ Договір 01/467/24 від 06.09.2024_Глобине-2 Рахунок на оплату постачальника ІБ00-000868 від 01.03.2025 18:17:05 | E14: 205 | F14: 5686.38 | H14: 631 | K14: Д | L14: 502277.37
... A45: 06.03.2025 | B45: Переміщення товарів ІБ00-000167 від 06.03.2025 20:10:00 Перемещение ТМЦ | C45: Обл. НДС Бетон С20/25 W6 F75 P4 Надходження товарів і послуг ІБ00-000862 від 06.03.2025 20:05:58 Котельна (Глобине) | D45: Обл. НДС Бетон С20/25 W6 F75 P4 Надходження товарів і послуг ІБ00-000862 від 06.03.2025 20:05:58 Глобине-2 | E45: 205 | F45: 259227.5 | H45: 205 | K45: Д | L45: 1006263.2
A46: 06.03.2025 | B46: Вимога-накладна ІБ00-000146 від 06.03.2025 20:20:00 Списаны ТМЦ | C46: Обл. НДС Виробничий (Глобине-2) Глобине-2 Прямі материальні виробничі витрати крім зворотніх відходів | D46: Обл. НДС Щебінь 20-40 Надходження товарів і послуг ІБ00-006356 від 19.12.2024 12:14:15 Котельна (Глобине) | E46: 231 | H46: 205 | I46: 34830 | K46: Д | L46: 971433.22
A47: 06.03.2025 | B47: Вимога-накладна ІБ00-000146 від 06.03.2025 20:20:00 Списаны ТМЦ | C47: Обл. НДС Виробничий (Глобине-2) Глобине-2 Прямі материальні виробничі витрати крім зворотніх відходів | D47: Обл. НДС Плівка п/е рукав 1500*100 Надходження товарів і послуг ІБ00-005781 від 19.11.2024 17:51:41 Котельна (Глобине) | E47: 231 | H47: 205 | I47: 1378.08 | K47: Д | L47: 970055.14
A48: 06.03.2025 | B48: Вимога-накладна ІБ00-000146 від 06.03.2025 20:20:00 Списаны ТМЦ | C48: Обл. НДС Виробничий (Глобине-2) Глобине-2 Прямі материальні виробничі витрати крім зворотніх відходів | D48: Обл. НДС Бетон С20/25 W6 F75 P4 Надходження товарів і послуг ІБ00-000368 від 31.01.2025 16:00:16 Котельна (Глобине) | E48: 231 | H48: 205 | I48: 1855.12 | K48: Д | L48: 968200.02
A49: 06.03.2025 | B49: Вимога-накладна ІБ00-000146 від 06.03.2025 20:20:00 Списаны ТМЦ | C49: Обл. НДС Виробничий (Глобине-2) Глобине-2 Прямі материальні виробничі витрати крім зворотніх відходів | D49: Обл. НДС Бетон С20/25 W6 F75 P4 Надходження товарів і послуг ІБ00-000862 від 06.03.2025 20:05:58 Котельна (Глобине) | E49: 231 | H49: 205 | I49: 4592.03 | K49: Д | L49: 963607.99
A50: 06.03.2025 | B50: Вимога-накладна ІБ00-000146 від 06.03.2025 20:20:00 Списаны ТМЦ | C50: Обл. НДС Виробничий (Глобине-2) Глобине-2 Прямі материальні виробничі витрати крім зворотніх відходів | D50: Обл. НДС Бетон С20/25 W6 F75 P4 доб-10 Надходження товарів і послуг ІБ00-000481 від 06.02.2025 18:36:18 Котельна (Глобине) | E50: 231 | H50: 205 | I50: 3710.66 | K50: Д | L50: 959897.33
A51: 06.03.2025 | B51: Вимога-накладна ІБ00-000146 від 06.03.2025 20:20:00 Списаны ТМЦ | C51: Обл. НДС Виробничий (Глобине-2) Глобине-2 Прямі материальні виробничі витрати крім зворотніх відходів | D51: Обл. НДС Бетон С20/25 W6 F75 P4 доб-10 Надходження товарів і послуг ІБ00-000522 від 08.02.2025 10:00:03 Котельна (Глобине) | E51: 231 | H51: 205 | I51: 6491.62 | K51: Д | L51: 953405.71
A52: 06.03.2025 | B52: Вимога-накладна ІБ00-000146 від 06.03.2025 20:20:00 Списаны ТМЦ | C52: Обл. НДС Виробничий (Глобине-2) Глобине-2 Прямі материальні виробничі витрати крім зворотніх відходів | D52: Обл. НДС Бетон С20/25 W6 F75 P4 доб-10 Надходження товарів і послуг ІБ00-000522 від 08.02.2025 10:00:03 Котельна (Глобине) | E52: 231 | H52: 205 | I52: 85737.15 | K52: Д | L52: 867668.56
A53: 06.03.2025 | B53: Вимога-накладна ІБ00-000146 від 06.03.2025 20:20:00 Списаны ТМЦ | C53: Обл. НДС Виробничий (Глобине-2) Глобине-2 Прямі материальні виробничі витрати крім зворотніх відходів | D53: Обл. НДС Бетон С20/25 W6 F75 P4 доб-10 Надходження товарів і послуг ІБ00-000751 від 01.03.2025 18:00:01 Котельна (Глобине) | E53: 231 | H53: 205 | I53: 7389.33 | K53: Д | L53: 860279.23
A54: 06.03.2025 | B54: Вимога-накладна ІБ00-000146 від 06.03.2025 20:20:00 Списаны ТМЦ | C54: Обл. НДС Виробничий (Глобине-2) Глобине-2 Прямі материальні виробничі витрати крім зворотніх відходів | D54: Обл. НДС Бетон С20/25 W6 F75 P4 доб-5 Надходження товарів і послуг ІБ00-000755 від 03.03.2025 18:08:02 Котельна (Глобине) | E54: 231 | H54: 205 | I54: 4189.39 | K54: Д | L54: 856089.84
A55: 06.03.2025 | B55: Вимога-накладна ІБ00-000146 від 06.03.2025 20:20:00 Списаны ТМЦ | C55: Обл. НДС Виробничий (Глобине-2) Глобине-2 Прямі материальні виробничі витрати крім зворотніх відходів | D55: Обл. НДС Пінополістирол екструдований 20х600х1200мм Надходження товарів і послуг ІБ00-006461 від 20.12.2024 18:18:13 Котельна (Глобине) | E55: 231 | H55: 205 | I55: 537.24 | K55: Д | L55: 855552.6
A56: 06.03.2025 | B56: Вимога-накладна ІБ00-000146 від 06.03.2025 20:20:00 Списаны ТМЦ | C56: Обл. НДС Виробничий (Глобине-2) Глобине-2 Прямі материальні виробничі витрати крім зворотніх відходів | D56: Обл. НДС Пінополістирол фасад шаршавий 1200х600х20мм 0,264 куб м Надходження товарів і послуг ІБ00-000464 від 06.02.2025 18:36:11 Котельна (Глобине) | E56: 231 | H56: 205 | I56: 97.5 | K56: Д | L56: 855455.1
A57: 06.03.2025 | B57: Вимога-накладна ІБ00-000150 від 06.03.2025 22:00:00 Списаны ТМЦ | C57: Обл. НДС Виробничий (Глобине-2) Глобине-2 Прямі материальні виробничі витрати крім зворотніх відходів | D57: Обл. НДС Бетон С20/25 W6 F75 P4 Надходження товарів і послуг ІБ00-000862 від 06.03.2025 20:05:58 Котельна (Глобине) | E57: 231 | H57: 205 | I57: 2888.53 | K57: Д | L57: 852566.57
A58: 06.03.2025 | B58: Надходження товарів і послуг ІБ00-000950 від 06.03.2025 22:00:06 Оприходованы ТМЦ | C58: Обл. НДС DIN933 Болт М12х65 5.8 цб пр Надходження товарів і послуг ІБ00-000950 від 06.03.2025 22:00:06 Котельна (Глобине) | D58: Солді і Ко ПАТ Дог № 378542-55/19 від 21.01.2019 р. РАХ_Глобине-2 Рахунок на оплату постачальника ІБ00-000791 від 06.03.2025 22:00:05 | E58: 205 | F58: 308.7 | H58: 631 | K58: Д | L58: 852875.27
A59: 07.03.2025 | B59: Надходження товарів і послуг ІБ00-000861 від 07.03.2025 18:55:25 Оприходованы ТМЦ (Зачет аванса поставщику) | C59: Обл. НДС Мапеграут 450 Тіксо/25 Надходження товарів і послуг ІБ00-000861 від 07.03.2025 18:55:25 Котельна (Глобине) | D59: СЛОН-М ТОВ РАХУНКИ_Глобино-2 Рахунок на оплату постачальника ІБ00-000669 від 04.03.2025 00:00:00 | E59: 205 | F59: 2852.38 | H59: 631 | K59: Д | L59: 855727.65
A60: 07.03.2025 | B60: Надходження дод. витрат ІБ00-000122 від 07.03.2025 18:55:26 Доп. расходы при поступлении товаров (Зачет аванса поставщику) | C60: Обл. НДС Мапеграут 450 Тіксо/25 Надходження товарів і послуг ІБ00-000861 від 07.03.2025 18:55:25 Котельна (Глобине) | D60: СЛОН-М ТОВ РАХУНКИ_Глобино-2 Рахунок на оплату постачальника ІБ00-000669 від 04.03.2025 00:00:00 | E60: 205 | F60: 420 | H60: 631 | K60: Д | L60: 856147.65
A61: 08.03.2025 | B61: Переміщення товарів ІБ00-000179 від 08.03.2025 18:10:00 Перемещение ТМЦ | C61: Обл. НДС Бетон С20/25 W6 F75 P4 Надходження товарів і послуг ІБ00-000862 від 06.03.2025 20:05:58 Котельна (Глобине) | D61: Обл. НДС Бетон С20/25 W6 F75 P4 Надходження товарів і послуг ІБ00-000862 від 06.03.2025 20:05:58 Глобине-2 | E61: 205 | F61: 1851.62 | H61: 205 | K61: Д | L61: 857999.27
A62: 08.03.2025 | B62: Переміщення товарів ІБ00-000179 від 08.03.2025 18:10:00 Перемещение ТМЦ | C62: Обл. НДС Бетон С20/25 W6 F75 P4 Надходження товарів і послуг ІБ00-000960 від 08.03.2025 18:00:04 Котельна (Глобине) | D62: Обл. НДС Бетон С20/25 W6 F75 P4 Надходження товарів і послуг ІБ00-000960 від 08.03.2025 18:00:04 Глобине-2 | E62: 205 | F62: 44295.83 | H62: 205 | K62: Д | L62: 902295.1
A63: 11.03.2025 | B63: Переміщення товарів ІБ00-000208 від 11.03.2025 19:00:15 Перемещение ТМЦ | C63: Обл. НДС Бетон С20/25 W6 F75 P4 Надходження товарів і послуг ІБ00-000960 від 08.03.2025 18:00:04 Котельна (Глобине) | D63: Обл. НДС Бетон С20/25 W6 F75 P4 Надходження товарів і послуг ІБ00-000960 від 08.03.2025 18:00:04 Глобине-2 | E63: 205 | F63: 2089.43 | H63: 205 | K63: Д | L63: 904384.53
A64: 11.03.2025 | B64: Переміщення товарів ІБ00-000208 від 11.03.2025 19:00:15 Перемещение ТМЦ | C64: Обл. НДС Бетон С20/25 W6 F75 P4 Надходження товарів і послуг ІБ00-001087 від 11.03.2025 19:00:13 Котельна (Глобине) | D64: Обл. НДС Бетон С20/25 W6 F75 P4 Надходження товарів і послуг ІБ00-001087 від 11.03.2025 19:00:13 Глобине-2 | E64: 205 | F64: 49977.97 | H64: 205 | K64: Д | L64: 954362.5
A65: 12.03.2025 | B65: Надходження товарів і послуг ІБ00-001044 від 12.03.2025 18:45:19 Оприходованы ТМЦ (Зачет аванса поставщику) | C65: Обл. НДС Відведення 89/160 попередньоізол сталь/ПЕ ПТ3 х/к Надходження товарів і послуг ІБ00-001044 від 12.03.2025 18:45:19 Котельна (Глобине) | D65: Лук'янець Аліна Василівна ФОП РАХУНКИ_Глобине 2 Рахунок на оплату постачальника ІБ00-000602 від 27.02.2025 20:32:03 | E65: 205 | F65: 12000 | H65: 631 | K65: Д | L65: 966362.5
A66: 12.03.2025 | B66: Надходження товарів і послуг ІБ00-001044 від 12.03.2025 18:45:19 Оприходованы ТМЦ | C66: Обл. НДС Труба 89/160 попередньоізол сталь/ПЕ ПТ3 х/к Надходження товарів і послуг ІБ00-001044 від 12.03.2025 18:45:19 Котельна (Глобине) | D66: Лук'янець Аліна Василівна ФОП РАХУНКИ_Глобине 2 Рахунок на оплату постачальника ІБ00-000602 від 27.02.2025 20:32:03 | E66: 205 | F66: 4906.9 | H66: 631 | K66: Д | L66: 971269.4
A67: 12.03.2025 | B67: Надходження товарів і послуг ІБ00-001044 від 12.03.2025 18:45:19 Оприходованы ТМЦ (Зачет аванса поставщику) | C67: Обл. НДС Труба 89/160 попередньоізол сталь/ПЕ ПТ3 х/к Надходження товарів і послуг ІБ00-001044 від 12.03.2025 18:45:19 Котельна (Глобине) | D67: Лук'янець Аліна Василівна ФОП РАХУНКИ_Глобине 2 Рахунок на оплату постачальника ІБ00-000602 від 27.02.2025 20:32:03 | E67: 205 | F67: 5893.1 | H67: 631 | K67: Д | L67: 977162.5
A68: 12.03.2025 | B68: Переміщення товарів ІБ00-000244 від 12.03.2025 18:45:41 Перемещение ТМЦ | C68: Обл. НДС Пінополістирол фасад шаршавий 1200х600х20мм 0,264 куб м Надходження товарів і послуг ІБ00-000464 від 06.02.2025 18:36:11 Резервуарний парк соєвої меляси (Глобине) | D68: Обл. НДС Пінополістирол фасад шаршавий 1200х600х20мм 0,264 куб м Надходження товарів і послуг ІБ00-000464 від 06.02.2025 18:36:11 Котельна (Глобине) | E68: 205 | H68: 205 | I68: 65 | K68: Д | L68: 977097.5
A69: 13.03.2025 | B69: Переміщення товарів ІБ00-000214 від 13.03.2025 18:55:04 Перемещение ТМЦ | C69: Обл. НДС Бетон С20/25 W6 F75 P4 Надходження товарів і послуг ІБ00-001089 від 13.03.2025 18:55:01 Котельна (Глобине) | D69: Обл. НДС Бетон С20/25 W6 F75 P4 Надходження товарів і послуг ІБ00-001089 від 13.03.2025 18:55:01 Глобине-2 | E69: 205 | F69: 75224.9 | H69: 205 | K69: Д | L69: 1052322.4
A70: 14.03.2025 | B70: Надходження товарів і послуг ІБ00-001149 від 14.03.2025 17:50:57 Оприходованы ТМЦ (Зачет аванса поставщику) | C70: Обл. НДС Сендвіч-панель ТПК стінова 100мм МВ 1150мм відкр замок С0,5 PS/C 0.5 PS 6,24м трапеція 9006 срібл/тр Надходження товарів і послуг ІБ00-001149 від 14.03.2025 17:50:57 Котельна (Глобине) | D70: ТПК-ЦЕНТР ТОВ Договір 13/20/П/011від 21.07.2020_Глобино-2 Рахунок на оплату постачальника ІБ00-000346 від 20.01.2025 18:00:56 | E70: 205 | F70: 16600.53 | H70: 631 | K70: Д | L70: 1068922.9
A71: 14.03.2025 | B71: Надходження товарів і послуг ІБ00-001149 від 14.03.2025 17:50:57 Оприходованы ТМЦ (Зачет аванса поставщику) | C71: Обл. НДС Сендвіч-панель ТПК стінова 100мм МВ 1150мм відкр замок С0,5 PS/C 0.5 PS 6,14м трапеція 9006 срібл/тр Надходження товарів і послуг ІБ00-001149 від 14.03.2025 17:50:57 Котельна (Глобине) | D71: ТПК-ЦЕНТР ТОВ Договір 13/20/П/011від 21.07.2020_Глобино-2 Рахунок на оплату постачальника ІБ00-000346 від 20.01.2025 18:00:56 | E71: 205 | F71: 32668.99 | H71: 631 | K71: Д | L71: 1101591.9
A72: 14.03.2025 | B72: Надходження товарів і послуг ІБ00-001149 від 14.03.2025 17:50:57 Оприходованы ТМЦ (Зачет аванса поставщику) | C72: Обл. НДС Сендвіч-панель ТПК стінова 100мм МВ 1150мм відкр замок С0,5 PS/C 0.5 PS 5,98м трапеція 9006 срібл/тр Надходження товарів і послуг ІБ00-001149 від 14.03.2025 17:50:57 Котельна (Глобине) | D72: ТПК-ЦЕНТР ТОВ Договір 13/20/П/011від 21.07.2020_Глобино-2 Рахунок на оплату постачальника ІБ00-000346 від 20.01.2025 18:00:56 | E72: 205 | F72: 39772.1 | H72: 631 | K72: Д | L72: 1141364
A73: 14.03.2025 | B73: Надходження товарів і послуг ІБ00-001149 від 14.03.2025 17:50:57 Оприходованы ТМЦ (Зачет аванса поставщику) | C73: Обл. НДС Сендвіч-панель ТПК стінова 100мм МВ 1000мм відкр замок С0,5 PS/C 0.5 PS 5,98м трапеція 9006 срібл/тр Надходження товарів і послуг ІБ00-001149 від 14.03.2025 17:50:57 Котельна (Глобине) | D73: ТПК-ЦЕНТР ТОВ Договір 13/20/П/011від 21.07.2020_Глобино-2 Рахунок на оплату постачальника ІБ00-000346 від 20.01.2025 18:00:56 | E73: 205 | F73: 196542.09 | H73: 631 | K73: Д | L73: 1337906.1
A74: 14.03.2025 | B74: Надходження товарів і послуг ІБ00-001149 від 14.03.2025 17:50:57 Оприходованы ТМЦ (Зачет аванса поставщику) | C74: Обл. НДС Сендвіч-панель ТПК стінова 100мм МВ 1000мм відкр замок С0,5 PS/C 0.5 PS 6,24м трапеція 9006 срібл/тр Надходження товарів і послуг ІБ00-001149 від 14.03.2025 17:50:57 Котельна (Глобине) | D74: ТПК-ЦЕНТР ТОВ Договір 13/20/П/011від 21.07.2020_Глобино-2 Рахунок на оплату постачальника ІБ00-000346 від 20.01.2025 18:00:56 | E74: 205 | F74: 28287.92 | H74: 631 | K74: Д | L74: 1366194
A75: 14.03.2025 | B75: Надходження товарів і послуг ІБ00-001149 від 14.03.2025 17:50:57 Оприходованы ТМЦ (Зачет аванса поставщику) | C75: Обл. НДС Сендвіч-панель ТПК стінова 100мм МВ 1000мм відкр замок С0,5 PS/C 0.5 PS 3,74м трапеція 9006 срібл/тр Надходження товарів і послуг ІБ00-001149 від 14.03.2025 17:50:57 Котельна (Глобине) | D75: ТПК-ЦЕНТР ТОВ Договір 13/20/П/011від 21.07.2020_Глобино-2 Рахунок на оплату постачальника ІБ00-000346 від 20.01.2025 18:00:56 | E75: 205 | F75: 16954.62 | H75: 631 | K75: Д | L75: 1383148.6
A76: 14.03.2025 | B76: Надходження товарів і послуг ІБ00-001149 від 14.03.2025 17:50:57 Оприходованы ТМЦ (Зачет аванса поставщику) | C76: Обл. НДС Сендвіч-панель ТПК стінова 100мм МВ 1000мм відкр замок С0,5 PS/C 0.5 PS 4,98м трапеція 9006 срібл/тр Надходження товарів і послуг ІБ00-001149 від 14.03.2025 17:50:57 Котельна (Глобине) | D76: ТПК-ЦЕНТР ТОВ Договір 13/20/П/011від 21.07.2020_Глобино-2 Рахунок на оплату постачальника ІБ00-000346 від 20.01.2025 18:00:56 | E76: 205 | F76: 5643.98 | H76: 631 | K76: Д | L76: 1388792.6
A77: 14.03.2025 | B77: Надходження товарів і послуг ІБ00-001149 від 14.03.2025 17:50:57 Оприходованы ТМЦ (Зачет аванса поставщику) | C77: Обл. НДС Клей-герметик д/сендвіч-панелей, 600 мл Надходження товарів і послуг ІБ00-001149 від 14.03.2025 17:50:57 Котельна (Глобине) | D77: ТПК-ЦЕНТР ТОВ Договір 13/20/П/011від 21.07.2020_Глобино-2 Рахунок на оплату постачальника ІБ00-000346 від 20.01.2025 18:00:56 | E77: 205 | F77: 30875 | H77: 631 | K77: Д | L77: 1419667.6
A78: 14.03.2025 | B78: Надходження товарів і послуг ІБ00-001149 від 14.03.2025 17:50:57 Оприходованы ТМЦ (Зачет аванса поставщику) | C78: Обл. НДС Самонаріз до сендвіч-панелей 6,3/7*215 синій 5005 до 16мм з гол Надходження товарів і послуг ІБ00-001149 від 14.03.2025 17:50:57 Котельна (Глобине) | D78: ТПК-ЦЕНТР ТОВ Договір 13/20/П/011від 21.07.2020_Глобино-2 Рахунок на оплату постачальника ІБ00-000346 від 20.01.2025 18:00:56 | E78: 205 | F78: 10834 | H78: 631 | K78: Д | L78: 1430501.6
A79: 14.03.2025 | B79: Надходження товарів і послуг ІБ00-001149 від 14.03.2025 17:50:57 Оприходованы ТМЦ (Зачет аванса поставщику) | C79: Обл. НДС Самонаріз до сендвіч-панелей 6,3/7*215 срібло 9006 до 16мм з гол Надходження товарів і послуг ІБ00-001149 від 14.03.2025 17:50:57 Котельна (Глобине) | D79: ТПК-ЦЕНТР ТОВ Договір 13/20/П/011від 21.07.2020_Глобино-2 Рахунок на оплату постачальника ІБ00-000346 від 20.01.2025 18:00:56 | E79: 205 | F79: 21668 | H79: 631 | K79: Д | L79: 1452169.6
A80: 14.03.2025 | B80: Надходження товарів і послуг ІБ00-001149 від 14.03.2025 17:50:57 Оприходованы ТМЦ (Зачет аванса поставщику) | C80: Обл. НДС Самонаріз до сендвіч-панелей 6,3/7*155 синій 5005 до 16мм з гол Надходження товарів і послуг ІБ00-001149 від 14.03.2025 17:50:57 Котельна (Глобине) | D80: ТПК-ЦЕНТР ТОВ Договір 13/20/П/011від 21.07.2020_Глобино-2 Рахунок на оплату постачальника ІБ00-000346 від 20.01.2025 18:00:56 | E80: 205 | F80: 10749 | H80: 631 | K80: Д | L80: 1462918.6
... A124: 17.03.2025 | B124: Надходження товарів і послуг ІБ00-001145 від 17.03.2025 17:20:39 Оприходованы ТМЦ | C124: Обл. НДС Сендвіч-панель ТПК стінова 100мм МВ 1150мм відкр замок С0,5 PS/C 0.5 PS 6,24м трапеція 9006 срібл/тр Надходження товарів і послуг ІБ00-001145 від 17.03.2025 17:20:39 Котельна (Глобине) | D124: ТПК-ЦЕНТР ТОВ Договір 13/20/П/011від 21.07.2020_Глобино-2 Рахунок на оплату постачальника ІБ00-000346 від 20.01.2025 18:00:56 | E124: 205 | F124: 114919.65 | H124: 631 | K124: Д | L124: 2813194.9
A125: 18.03.2025 | B125: Вимога-накладна ІБ00-000199 від 18.03.2025 14:58:04 Списаны ТМЦ | C125: Обл. НДС Виробничий (Глобине-2) Глобине-2 Прямі материальні виробничі витрати крім зворотніх відходів | D125: Обл. НДС Сходи СС-11Б 1050*330*145 Надходження товарів і послуг ІБ00-000710 від 21.02.2025 18:25:53 Котельна (Глобине) | E125: 231 | H125: 205 | I125: 2624.87 | K125: Д | L125: 2810570.1
A126: 19.03.2025 | B126: Переміщення товарів ІБ00-000225 від 19.03.2025 17:35:47 Перемещение ТМЦ | C126: Обл. НДС Бетон С20/25 W6 F75 P4 доб-5 Надходження товарів і послуг ІБ00-001137 від 19.03.2025 17:35:43 Котельна (Глобине) | D126: Обл. НДС Бетон С20/25 W6 F75 P4 доб-5 Надходження товарів і послуг ІБ00-001137 від 19.03.2025 17:35:43 Глобине-2 | E126: 205 | F126: 1983.66 | H126: 205 | K126: Д | L126: 2812553.7
A127: 20.03.2025 | B127: Надходження товарів і послуг ІБ00-001157 від 20.03.2025 23:15:31 Оприходованы ТМЦ | C127: Обл. НДС Планка цоколь п13 ніжній ел-т 2000мм Надходження товарів і послуг ІБ00-001157 від 20.03.2025 23:15:31 Котельна (Глобине) | D127: ТПК-ЦЕНТР ТОВ Договір 13/20/П/011від 21.07.2020_Глобино-2 Рахунок на оплату постачальника ІБ00-000923 від 18.03.2025 23:12:34 | E127: 205 | F127: 31669.62 | H127: 631 | K127: Д | L127: 2844223.3
A128: 21.03.2025 | B128: Переміщення товарів ІБ00-000238 від 21.03.2025 20:00:00 Перемещение ТМЦ | C128: Обл. НДС Шуруп г/к по дереву 3,5*55 мм Надходження товарів і послуг ІБ00-000711 від 18.02.2025 20:00:44 Котельна (Глобине) | D128: Обл. НДС Шуруп г/к по дереву 3,5*55 мм Надходження товарів і послуг ІБ00-000711 від 18.02.2025 20:00:44 Глобине-2 | E128: 205 | F128: 99.05 | H128: 205 | K128: Д | L128: 2844322.4
A129: 21.03.2025 | B129: Переміщення товарів ІБ00-000238 від 21.03.2025 20:00:00 Перемещение ТМЦ | C129: Обл. НДС Піна монтажна 750 мл Надходження товарів і послуг ІБ00-001198 від 21.03.2025 19:26:08 Котельна (Глобине) | D129: Обл. НДС Піна монтажна 750 мл Надходження товарів і послуг ІБ00-001198 від 21.03.2025 19:26:08 Глобине-2 | E129: 205 | F129: 810 | H129: 205 | K129: Д | L129: 2845132.4
A130: 21.03.2025 | B130: Переміщення товарів ІБ00-000238 від 21.03.2025 20:00:00 Перемещение ТМЦ | C130: Обл. НДС Шуруп г/к по дереву 4,2*76 мм Надходження товарів і послуг ІБ00-001198 від 21.03.2025 19:26:08 Котельна (Глобине) | D130: Обл. НДС Шуруп г/к по дереву 4,2*76 мм Надходження товарів і послуг ІБ00-001198 від 21.03.2025 19:26:08 Глобине-2 | E130: 205 | F130: 91.25 | H130: 205 | K130: Д | L130: 2845223.6
A131: 21.03.2025 | B131: Переміщення товарів ІБ00-000238 від 21.03.2025 20:00:00 Перемещение ТМЦ | C131: Обл. НДС Цвяхи 100*4,0 Надходження товарів і послуг ІБ00-001198 від 21.03.2025 19:26:08 Котельна (Глобине) | D131: Обл. НДС Цвяхи 100*4,0 Надходження товарів і послуг ІБ00-001198 від 21.03.2025 19:26:08 Глобине-2 | E131: 205 | F131: 125.37 | H131: 205 | K131: Д | L131: 2845349
A132: 21.03.2025 | B132: Переміщення товарів ІБ00-000238 від 21.03.2025 20:00:00 Перемещение ТМЦ | C132: Обл. НДС Цвяхи 70*3 Надходження товарів і послуг ІБ00-001198 від 21.03.2025 19:26:08 Котельна (Глобине) | D132: Обл. НДС Цвяхи 70*3 Надходження товарів і послуг ІБ00-001198 від 21.03.2025 19:26:08 Глобине-2 | E132: 205 | F132: 119.37 | H132: 205 | K132: Д | L132: 2845468.4
A133: 26.03.2025 | B133: Вимога-накладна ІБ00-000219 від 26.03.2025 15:03:50 Списаны ТМЦ | C133: Обл. НДС Виробничий (Глобине-2) Глобине-2 Прямі материальні виробничі витрати крім зворотніх відходів | D133: Обл. НДС Бетон С20/25 W6 F75 P4 Надходження товарів і послуг ІБ00-000862 від 06.03.2025 20:05:58 Котельна (Глобине) | E133: 231 | H133: 205 | I133: 253598.56 | K133: Д | L133: 2591869.8
A134: 26.03.2025 | B134: Вимога-накладна ІБ00-000219 від 26.03.2025 15:03:50 Списаны ТМЦ | C134: Обл. НДС Виробничий (Глобине-2) Глобине-2 Прямі материальні виробничі витрати крім зворотніх відходів | D134: Обл. НДС Бетон С20/25 W6 F75 P4 Надходження товарів і послуг ІБ00-000960 від 08.03.2025 18:00:04 Котельна (Глобине) | E134: 231 | H134: 205 | I134: 14379.43 | K134: Д | L134: 2577490.4
A135: 26.03.2025 | B135: Списання товарів ІБ00-000154 від 26.03.2025 15:09:47 Списаны ТМЦ | C135: Обл. НДС Виробничий (Глобине-2) Глобине-2 Прямі материальні виробничі витрати крім зворотніх відходів | D135: Обл. НДС Плита OSB 18 мм Надходження товарів і послуг ІБ00-000072 від 01.01.2025 18:00:10 Котельна (Глобине) | E135: 231 | H135: 205 | I135: 1798 | K135: Д | L135: 2575692.4
A136: 27.03.2025 | B136: Переміщення товарів ІБ00-000247 від 27.03.2025 10:00:00 Перемещение ТМЦ | C136: Обл. НДС Бетон С20/25 W6 F75 P4 Надходження товарів і послуг ІБ00-001087 від 11.03.2025 19:00:13 Котельна (Глобине) | D136: Обл. НДС Бетон С20/25 W6 F75 P4 Надходження товарів і послуг ІБ00-001087 від 11.03.2025 19:00:13 СПК (Глобине) | E136: 205 | F136: 11533.38 | H136: 205 | K136: Д | L136: 2587225.8
A137: 27.03.2025 | B137: Переміщення товарів ІБ00-000247 від 27.03.2025 10:00:00 Перемещение ТМЦ | C137: Обл. НДС Бетон С20/25 W6 F75 P4 Надходження товарів і послуг ІБ00-001088 від 12.03.2025 18:45:33 Котельна (Глобине) | D137: Обл. НДС Бетон С20/25 W6 F75 P4 Надходження товарів і послуг ІБ00-001088 від 12.03.2025 18:45:33 СПК (Глобине) | E137: 205 | F137: 7006.58 | H137: 205 | K137: Д | L137: 2594232.4
A138: 27.03.2025 | B138: Переміщення товарів ІБ00-000246 від 27.03.2025 10:57:34 Перемещение ТМЦ | C138: Обл. НДС Бетон С20/25 W6 F75 P4 доб-5 Надходження товарів і послуг ІБ00-000755 від 03.03.2025 18:08:02 Котельна (Глобине) | D138: Обл. НДС Бетон С20/25 W6 F75 P4 доб-5 Надходження товарів і послуг ІБ00-000755 від 03.03.2025 18:08:02 Насосна Градирня (Глобине) | E138: 205 | F138: 6284.08 | H138: 205 | K138: Д | L138: 2600516.4
A139: 27.03.2025 | B139: Вимога-накладна ІБ00-000224 від 27.03.2025 13:54:56 Списаны ТМЦ | C139: Обл. НДС Виробничий (Глобине-2) Глобине-2 Прямі материальні виробничі витрати крім зворотніх відходів | D139: Обл. НДС Прокат арматурний №12 мм А500С 12м Надходження товарів і послуг ІБ00-000546 від 14.02.2025 10:00:00 Котельна (Глобине) | E139: 231 | H139: 205 | I139: 83958.33 | K139: Д | L139: 2516558.1
A140: 27.03.2025 | B140: Вимога-накладна ІБ00-000224 від 27.03.2025 13:54:56 Списаны ТМЦ | C140: Обл. НДС Виробничий (Глобине-2) Глобине-2 Прямі материальні виробничі витрати крім зворотніх відходів | D140: Обл. НДС Бетон С20/25 W6 F75 P4 Надходження товарів і послуг ІБ00-000960 від 08.03.2025 18:00:04 Котельна (Глобине) | E140: 231 | H140: 205 | I140: 32005.83 | K140: Д | L140: 2484552.3
A141: 27.03.2025 | B141: Вимога-накладна ІБ00-000224 від 27.03.2025 13:54:56 Списаны ТМЦ | C141: Обл. НДС Виробничий (Глобине-2) Глобине-2 Прямі материальні виробничі витрати крім зворотніх відходів | D141: Обл. НДС Бетон С20/25 W6 F75 P4 Надходження товарів і послуг ІБ00-001087 від 11.03.2025 19:00:13 Котельна (Глобине) | E141: 231 | H141: 205 | I141: 40366.82 | K141: Д | L141: 2444185.5
A142: 27.03.2025 | B142: Вимога-накладна ІБ00-000224 від 27.03.2025 13:54:56 Списаны ТМЦ | C142: Обл. НДС Виробничий (Глобине-2) Глобине-2 Прямі материальні виробничі витрати крім зворотніх відходів | D142: Обл. НДС Бетон С20/25 W6 F75 P4 Надходження товарів і послуг ІБ00-001087 від 11.03.2025 19:00:13 Котельна (Глобине) | E142: 231 | H142: 205 | I142: 21144.53 | K142: Д | L142: 2423040.9
A143: 27.03.2025 | B143: Вимога-накладна ІБ00-000224 від 27.03.2025 13:54:56 Списаны ТМЦ | C143: Обл. НДС Виробничий (Глобине-2) Глобине-2 Прямі материальні виробничі витрати крім зворотніх відходів | D143: Обл. НДС Бетон С20/25 W6 F75 P4 Надходження товарів і послуг ІБ00-001088 від 12.03.2025 18:45:33 Котельна (Глобине) | E143: 231 | H143: 205 | I143: 7006.58 | K143: Д | L143: 2416034.3
A144: 27.03.2025 | B144: Вимога-накладна ІБ00-000224 від 27.03.2025 13:54:56 Списаны ТМЦ | C144: Обл. НДС Виробничий (Глобине-2) Глобине-2 Прямі материальні виробничі витрати крім зворотніх відходів | D144: Обл. НДС Бетон С20/25 W6 F75 P4 Надходження товарів і послуг ІБ00-001089 від 13.03.2025 18:55:01 Котельна (Глобине) | E144: 231 | H144: 205 | I144: 21890.84 | K144: Д | L144: 2394143.5
A145: 27.03.2025 | B145: Вимога-накладна ІБ00-000224 від 27.03.2025 13:54:56 Списаны ТМЦ | C145: Обл. НДС Виробничий (Глобине-2) Глобине-2 Прямі материальні виробничі витрати крім зворотніх відходів | D145: Обл. НДС Бетон С20/25 W6 F75 P4 Надходження товарів і послуг ІБ00-001089 від 13.03.2025 18:55:01 Котельна (Глобине) | E145: 231 | H145: 205 | I145: 55324.14 | K145: Д | L145: 2338819.4
A146: 27.03.2025 | B146: Вимога-накладна ІБ00-000224 від 27.03.2025 13:54:56 Списаны ТМЦ | C146: Обл. НДС Виробничий (Глобине-2) Глобине-2 Прямі материальні виробничі витрати крім зворотніх відходів | D146: Обл. НДС Бетон С20/25 W6 F75 P4 Надходження товарів і послуг ІБ00-001090 від 15.03.2025 12:00:00 Котельна (Глобине) | E146: 231 | H146: 205 | I146: 22296.15 | K146: Д | L146: 2316523.2
A147: 27.03.2025 | B147: Вимога-накладна ІБ00-000224 від 27.03.2025 13:54:56 Списаны ТМЦ | C147: Обл. НДС Виробничий (Глобине-2) Глобине-2 Прямі материальні виробничі витрати крім зворотніх відходів | D147: Обл. НДС Бетон С20/25 W6 F75 P4 доб-5 Надходження товарів і послуг ІБ00-000755 від 03.03.2025 18:08:02 Котельна (Глобине) | E147: 231 | H147: 205 | I147: 2094.69 | K147: Д | L147: 2314428.5
A148: 27.03.2025 | B148: Вимога-накладна ІБ00-000224 від 27.03.2025 13:54:56 Списаны ТМЦ | C148: Обл. НДС Виробничий (Глобине-2) Глобине-2 Прямі материальні виробничі витрати крім зворотніх відходів | D148: Обл. НДС Бетон С20/25 W6 F75 P4 доб-5 Надходження товарів і послуг ІБ00-000755 від 03.03.2025 18:08:02 Котельна (Глобине) | E148: 231 | H148: 205 | I148: 4189.39 | K148: Д | L148: 2310239.1
A149: 27.03.2025 | B149: Вимога-накладна ІБ00-000224 від 27.03.2025 13:54:56 Списаны ТМЦ | C149: Обл. НДС Виробничий (Глобине-2) Глобине-2 Прямі материальні виробничі витрати крім зворотніх відходів | D149: Обл. НДС Бетон С20/25 W6 F75 P4 доб-5 Надходження товарів і послуг ІБ00-001137 від 19.03.2025 17:35:43 Котельна (Глобине) | E149: 231 | H149: 205 | I149: 1983.66 | K149: Д | L149: 2308255.5
A150: 27.03.2025 | B150: Вимога-накладна ІБ00-000224 від 27.03.2025 13:54:56 Списаны ТМЦ | C150: Обл. НДС Виробничий (Глобине-2) Глобине-2 Прямі материальні виробничі витрати крім зворотніх відходів | D150: Обл. НДС Бетон С20/25 W6 F75 P4 Надходження товарів і послуг ІБ00-001090 від 15.03.2025 12:00:00 Котельна (Глобине) | E150: 231 | H150: 205 | I150: 12161.54 | K150: Д | L150: 2296093.9
... A161: 28.03.2025 | B161: Переміщення товарів ІБ00-000265 від 28.03.2025 10:00:00 Перемещение ТМЦ | C161: Обл. НДС Плита OSB 18 мм Надходження товарів і послуг ІБ00-000072 від 01.01.2025 18:00:10 Генплан митний склад (Глобине) | D161: Обл. НДС Плита OSB 18 мм Надходження товарів і послуг ІБ00-000072 від 01.01.2025 18:00:10 Котельна (Глобине) | E161: 205 | H161: 205 | I161: 3596 | K161: Д | L161: 2272457.2
A162: Обороти за період та сальдо на кінець | E162: 2589393.4 | H162: 754221.7 | K162: Д | L162: 2272457.2
J164: =SUBTOTAL(9,I11:J160) -> 750560.7

Sheet Насосна 
A1: Період | B1: Документ | C1: Аналітика Дт | D1: Аналітика Кт | E1: Дебет | H1: Кредит | K1: Поточне сальдо
E2: Рахунок | H2: Рахунок
A3: 03.03.2025 | B3: Переміщення товарів ІБ00-000156 від 03.03.2025 18:08:04 Перемещение ТМЦ | C3: Обл. НДС Бетон С20/25 W6 F75 P4 доб-5 Надходження товарів і послуг ІБ00-000755 від 03.03.2025 18:08:02 Насосна Градирня (Глобине) | D3: Обл. НДС Бетон С20/25 W6 F75 P4 доб-5 Надходження товарів і послуг ІБ00-000755 від 03.03.2025 18:08:02 Глобине-2 | E3: 205 | F3: 6284.08 | H3: 205 | K3: Д | L3: 20886.3
A4: 03.03.2025 | B4: Надходження товарів і послуг ІБ00-000843 від 03.03.2025 18:09:06 Оприходованы ТМЦ (Зачет аванса поставщику) | C4: Обл. НДС Решітковий настил KOZ 34*38/30*3/оц/1086*1000 Надходження товарів і послуг ІБ00-000843 від 03.03.2025 18:09:06 Насосна Градирня (Глобине) | D4: Червоноградський завод металоконструкцій Договір поставки № 44 від 11.06.2020 р._Глобино-2 Рахунок на оплату постачальника ІБ00-000397 від 05.02.2025 18:00:06 | E4: 205 | F4: 2235.7 | H4: 631 | K4: Д | L4: 23122
A5: 03.03.2025 | B5: Надходження товарів і послуг ІБ00-000843 від 03.03.2025 18:09:06 Оприходованы ТМЦ (Зачет аванса поставщику) | C5: Обл. НДС Решітковий настил KOZ 34*38/30*3/оц/1086*928 Надходження товарів і послуг ІБ00-000843 від 03.03.2025 18:09:06 Насосна Градирня (Глобине) | D5: Червоноградський завод металоконструкцій Договір поставки № 44 від 11.06.2020 р._Глобино-2 Рахунок на оплату постачальника ІБ00-000397 від 05.02.2025 18:00:06 | E5: 205 | F5: 2167.1 | H5: 631 | K5: Д | L5: 25289.1
A6: 03.03.2025 | B6: Надходження товарів і послуг ІБ00-000843 від 03.03.2025 18:09:06 Оприходованы ТМЦ (Зачет аванса поставщику) | C6: Обл. НДС Решітковий настил KOZ 34*38/30*3/оц/1086*1228 Надходження товарів і послуг ІБ00-000843 від 03.03.2025 18:09:06 Насосна Градирня (Глобине) | D6: Червоноградський завод металоконструкцій Договір поставки № 44 від 11.06.2020 р._Глобино-2 Рахунок на оплату постачальника ІБ00-000397 від 05.02.2025 18:00:06 | E6: 205 | F6: 2731 | H6: 631 | K6: Д | L6: 28020.1
A7: 03.03.2025 | B7: Надходження товарів і послуг ІБ00-000843 від 03.03.2025 18:09:06 Оприходованы ТМЦ (Зачет аванса поставщику) | C7: Обл. НДС Решітковий настил KOZ 34*38/30*3/оц/1086*1000 Надходження товарів і послуг ІБ00-000843 від 03.03.2025 18:09:06 Насосна Градирня (Глобине) | D7: Червоноградський завод металоконструкцій Договір поставки № 44 від 11.06.2020 р._Глобино-2 Рахунок на оплату постачальника ІБ00-000397 від 05.02.2025 18:00:06 | E7: 205 | F7: 2264.8 | H7: 631 | K7: Д | L7: 30284.9
A8: 03.03.2025 | B8: Надходження товарів і послуг ІБ00-000843 від 03.03.2025 18:09:06 Оприходованы ТМЦ (Зачет аванса поставщику) | C8: Обл. НДС Решітковий настил KOZ 34*38/30*3/оц/1086*1000 Надходження товарів і послуг ІБ00-000843 від 03.03.2025 18:09:06 Насосна Градирня (Глобине) | D8: Червоноградський завод металоконструкцій Договір поставки № 44 від 11.06.2020 р._Глобино-2 Рахунок на оплату постачальника ІБ00-000397 від 05.02.2025 18:00:06 | E8: 205 | F8: 2251.4 | H8: 631 | K8: Д | L8: 32536.3
A9: 03.03.2025 | B9: Надходження товарів і послуг ІБ00-000843 від 03.03.2025 18:09:06 Оприходованы ТМЦ (Зачет аванса поставщику) | C9: Обл. НДС Решітковий настил KOZ 34*38/30*3/оц/1086*1000 Надходження товарів і послуг ІБ00-000843 від 03.03.2025 18:09:06 Насосна Градирня (Глобине) | D9: Червоноградський завод металоконструкцій Договір поставки № 44 від 11.06.2020 р._Глобино-2 Рахунок на оплату постачальника ІБ00-000397 від 05.02.2025 18:00:06 | E9: 205 | F9: 2239.5 | H9: 631 | K9: Д | L9: 34775.8
A10: 03.03.2025 | B10: Надходження товарів і послуг ІБ00-000843 від 03.03.2025 18:09:06 Оприходованы ТМЦ (Зачет аванса поставщику) | C10: Обл. НДС Решітковий настил KOZ 34*38/40*3/оц/985*1000 Надходження товарів і послуг ІБ00-000843 від 03.03.2025 18:09:06 Насосна Градирня (Глобине) | D10: Червоноградський завод металоконструкцій Договір поставки № 44 від 11.06.2020 р._Глобино-2 Рахунок на оплату постачальника ІБ00-000397 від 05.02.2025 18:00:06 | E10: 205 | F10: 2070.9 | H10: 631 | K10: Д | L10: 36846.7
A11: 03.03.2025 | B11: Надходження товарів і послуг ІБ00-000843 від 03.03.2025 18:09:06 Оприходованы ТМЦ (Зачет аванса поставщику) | C11: Обл. НДС Решітковий настил KOZ 34*38/40*3/оц/985*1000 Надходження товарів і послуг ІБ00-000843 від 03.03.2025 18:09:06 Насосна Градирня (Глобине) | D11: Червоноградський завод металоконструкцій Договір поставки № 44 від 11.06.2020 р._Глобино-2 Рахунок на оплату постачальника ІБ00-000397 від 05.02.2025 18:00:06 | E11: 205 | F11: 8322.4 | H11: 631 | K11: Д | L11: 45169.1
A12: 03.03.2025 | B12: Надходження товарів і послуг ІБ00-000843 від 03.03.2025 18:09:06 Оприходованы ТМЦ | C12: Обл. НДС Решітковий настил KOZ 34*38/40*3/оц/985*1000 Надходження товарів і послуг ІБ00-000843 від 03.03.2025 18:09:06 Насосна Градирня (Глобине) | D12: Червоноградський завод металоконструкцій Договір поставки № 44 від 11.06.2020 р._Глобино-2 Рахунок на оплату постачальника ІБ00-000397 від 05.02.2025 18:00:06 | E12: 205 | F12: 194.43 | H12: 631 | K12: Д | L12: 45363.53
A13: 03.03.2025 | B13: Надходження товарів і послуг ІБ00-000843 від 03.03.2025 18:09:06 Оприходованы ТМЦ (Зачет аванса поставщику) | C13: Обл. НДС Решітковий настил KOZ 34*38/40*3/оц/985*1000 Надходження товарів і послуг ІБ00-000843 від 03.03.2025 18:09:06 Насосна Градирня (Глобине) | D13: Червоноградський завод металоконструкцій Договір поставки № 44 від 11.06.2020 р._Глобино-2 Рахунок на оплату постачальника ІБ00-000397 від 05.02.2025 18:00:06 | E13: 205 | F13: 1872.77 | H13: 631 | K13: Д | L13: 47236.3
A14: 03.03.2025 | B14: Надходження товарів і послуг ІБ00-000843 від 03.03.2025 18:09:06 Оприходованы ТМЦ | C14: Обл. НДС Решітковий настил KOZ 34*38/40*3/оц/985*1406 Надходження товарів і послуг ІБ00-000843 від 03.03.2025 18:09:06 Насосна Градирня (Глобине) | D14: Червоноградський завод металоконструкцій Договір поставки № 44 від 11.06.2020 р._Глобино-2 Рахунок на оплату постачальника ІБ00-000397 від 05.02.2025 18:00:06 | E14: 205 | F14: 2831.7 | H14: 631 | K14: Д | L14: 50068
... A61: 17.03.2025 | B61: Надходження товарів і послуг ІБ00-001147 від 17.03.2025 17:20:41 Оприходованы ТМЦ | C61: Обл. НДС Сендвіч-панель ТПК стінова 100мм МВ 1180мм відкр замок С0,5 PS/C 0.5 PS 3,56м трапеція 9006 срібл/тр Надходження товарів і послуг ІБ00-001147 від 17.03.2025 17:20:41 Насосна Градирня (Глобине) | D61: ТПК-ЦЕНТР ТОВ Договір 13/20/П/011від 21.07.2020_Глобино-2 Рахунок на оплату постачальника ІБ00-000345 від 20.01.2025 18:00:55 | E61: 205 | F61: 4673.61 | H61: 631 | K61: Д | L61: 589293.81
A62: 18.03.2025 | B62: Списання товарів ІБ00-000125 від 18.03.2025 15:00:00 Списаны ТМЦ | C62: Обл. НДС Виробничий (Глобине-2) Глобине-2 Прямі материальні виробничі витрати крім зворотніх відходів | D62: Обл. НДС Грунт-емаль АК-100 ЖИДКИЙ ЦИНК Надходження товарів і послуг ІБ00-000889 від 06.03.2025 20:10:10 Насосна Градирня (Глобине) | E62: 231 | H62: 205 | I62: 371.12 | K62: Д | L62: 588922.69
A63: 20.03.2025 | B63: Надходження товарів і послуг ІБ00-001158 від 20.03.2025 23:15:32 Оприходованы ТМЦ (Зачет аванса поставщику) | C63: Обл. НДС Стрічка ущільнювальна ТПК УП-1 ППЕ НХ (5*50 мм 20 м) Надходження товарів і послуг ІБ00-001158 від 20.03.2025 23:15:32 Насосна Градирня (Глобине) | D63: ТПК-ЦЕНТР ТОВ Договір 13/20/П/011від 21.07.2020_Глобино-2 Рахунок на оплату постачальника ІБ00-000878 від 20.01.2025 18:01:06 | E63: 205 | F63: 1290.8 | H63: 631 | K63: Д | L63: 590213.49
A64: 20.03.2025 | B64: Надходження товарів і послуг ІБ00-001158 від 20.03.2025 23:15:32 Оприходованы ТМЦ (Зачет аванса поставщику) | C64: Обл. НДС Стрічка ущільнювальна ТПК УП-4 ППЕ 3*15мм 30м Надходження товарів і послуг ІБ00-001158 від 20.03.2025 23:15:32 Насосна Градирня (Глобине) | D64: ТПК-ЦЕНТР ТОВ Договір 13/20/П/011від 21.07.2020_Глобино-2 Рахунок на оплату постачальника ІБ00-000878 від 20.01.2025 18:01:06 | E64: 205 | F64: 562.5 | H64: 631 | K64: Д | L64: 590775.99
A65: 20.03.2025 | B65: Надходження товарів і послуг ІБ00-001158 від 20.03.2025 23:15:32 Оприходованы ТМЦ (Зачет аванса поставщику) | C65: Обл. НДС Клей-герметик д/сендвіч-панелей, 600 мл Надходження товарів і послуг ІБ00-001158 від 20.03.2025 23:15:32 Насосна Градирня (Глобине) | D65: ТПК-ЦЕНТР ТОВ Договір 13/20/П/011від 21.07.2020_Глобино-2 Рахунок на оплату постачальника ІБ00-000878 від 20.01.2025 18:01:06 | E65: 205 | F65: 1702 | H65: 631 | K65: Д | L65: 592477.99
A66: 20.03.2025 | B66: Надходження товарів і послуг ІБ00-001158 від 20.03.2025 23:15:32 Оприходованы ТМЦ (Зачет аванса поставщику) | C66: Обл. НДС Ущільнювач КН для с/п 1 м ППЕ НХ Надходження товарів і послуг ІБ00-001158 від 20.03.2025 23:15:32 Насосна Градирня (Глобине) | D66: ТПК-ЦЕНТР ТОВ Договір 13/20/П/011від 21.07.2020_Глобино-2 Рахунок на оплату постачальника ІБ00-000878 від 20.01.2025 18:01:06 | E66: 205 | F66: 600 | H66: 631 | K66: Д | L66: 593077.99
A67: 20.03.2025 | B67: Надходження товарів і послуг ІБ00-001158 від 20.03.2025 23:15:32 Оприходованы ТМЦ (Зачет аванса поставщику) | C67: Обл. НДС Самонаріз в метал до сендвіч-панелей 5,5*6,3/150 5005 синій Надходження товарів і послуг ІБ00-001158 від 20.03.2025 23:15:32 Насосна Градирня (Глобине) | D67: ТПК-ЦЕНТР ТОВ Договір 13/20/П/011від 21.07.2020_Глобино-2 Рахунок на оплату постачальника ІБ00-000878 від 20.01.2025 18:01:06 | E67: 205 | F67: 4332 | H67: 631 | K67: Д | L67: 597409.99
A68: 20.03.2025 | B68: Надходження товарів і послуг ІБ00-001158 від 20.03.2025 23:15:32 Оприходованы ТМЦ (Зачет аванса поставщику) | C68: Обл. НДС Саморіз 4,8*19 RAL 5005 Надходження товарів і послуг ІБ00-001158 від 20.03.2025 23:15:32 Насосна Градирня (Глобине) | D68: ТПК-ЦЕНТР ТОВ Договір 13/20/П/011від 21.07.2020_Глобино-2 Рахунок на оплату постачальника ІБ00-000878 від 20.01.2025 18:01:06 | E68: 205 | F68: 427.5 | H68: 631 | K68: Д | L68: 597837.49
A69: 20.03.2025 | B69: Надходження товарів і послуг ІБ00-001158 від 20.03.2025 23:15:32 Оприходованы ТМЦ | C69: Обл. НДС Сендвіч-панель ТПК стінова 100мм МВ 1000мм С0,5 PS/C 0.5 PS 1070мм 7,70м трапеція 5005 синій/90 Надходження товарів і послуг ІБ00-001158 від 20.03.2025 23:15:32 Насосна Градирня (Глобине) | D69: ТПК-ЦЕНТР ТОВ Договір 13/20/П/011від 21.07.2020_Глобино-2 Рахунок на оплату постачальника ІБ00-000878 від 20.01.2025 18:01:06 | E69: 205 | F69: 78242 | H69: 631 | K69: Д | L69: 676079.49
A70: 20.03.2025 | B70: Надходження товарів і послуг ІБ00-001158 від 20.03.2025 23:15:32 Оприходованы ТМЦ (Зачет аванса поставщику) | C70: Обл. НДС Сендвіч-панель ТПК стінова 100мм МВ 1000мм С0,5 PS/C 0.5 PS 1070мм 7,70м трапеція 5005 синій/90 Надходження товарів і послуг ІБ00-001158 від 20.03.2025 23:15:32 Насосна Градирня (Глобине) | D70: ТПК-ЦЕНТР ТОВ Договір 13/20/П/011від 21.07.2020_Глобино-2 Рахунок на оплату постачальника ІБ00-000878 від 20.01.2025 18:01:06 | E70: 205 | F70: 103990.82 | H70: 631 | K70: Д | L70: 780070.31
A71: 20.03.2025 | B71: Надходження товарів і послуг ІБ00-001195 від 20.03.2025 23:15:43 Оприходованы ТМЦ | C71: Обл. НДС Грунт-емаль АК-100 ЖИДКИЙ ЦИНК Надходження товарів і послуг ІБ00-001195 від 20.03.2025 23:15:43 Насосна Градирня (Глобине) | D71: ДНІПРО-СПЕЦЕМАЛЬ НВП ТОВ Рахунки_Глобине-2 Рахунок на оплату постачальника ІБ00-000954 від 19.03.2025 23:12:44 | E71: 205 | F71: 1484.48 | H71: 631 | K71: Д | L71: 781554.79
A72: 26.03.2025 | B72: Вимога-накладна ІБ00-000215 від 26.03.2025 13:49:28 Списаны ТМЦ | C72: Обл. НДС Виробничий (Глобине-2) Глобине-2 Прямі материальні виробничі витрати крім зворотніх відходів | D72: Обл. НДС Болт М16*45 DIN 933 Надходження товарів і послуг ІБ00-000206 від 22.01.2025 19:00:01 Насосна Градирня (Глобине) | E72: 231 | H72: 205 | I72: 954.23 | K72: Д | L72: 780600.56
A73: 26.03.2025 | B73: Вимога-накладна ІБ00-000215 від 26.03.2025 13:49:28 Списаны ТМЦ | C73: Обл. НДС Виробничий (Глобине-2) Глобине-2 Прямі материальні виробничі витрати крім зворотніх відходів | D73: Обл. НДС Болт М16*50 DIN 933 оц. 5,8 Надходження товарів і послуг ІБ00-000206 від 22.01.2025 19:00:01 Насосна Градирня (Глобине) | E73: 231 | H73: 205 | I73: 1087.72 | K73: Д | L73: 779512.84
A74: 26.03.2025 | B74: Вимога-накладна ІБ00-000215 від 26.03.2025 13:49:28 Списаны ТМЦ | C74: Обл. НДС Виробничий (Глобине-2) Глобине-2 Прямі материальні виробничі витрати крім зворотніх відходів | D74: Обл. НДС Гайка М16 DIN 934 Надходження товарів і послуг ІБ00-000206 від 22.01.2025 19:00:01 Насосна Градирня (Глобине) | E74: 231 | H74: 205 | I74: 857.39 | K74: Д | L74: 778655.45
A75: 26.03.2025 | B75: Вимога-накладна ІБ00-000215 від 26.03.2025 13:49:28 Списаны ТМЦ | C75: Обл. НДС Виробничий (Глобине-2) Глобине-2 Прямі материальні виробничі витрати крім зворотніх відходів | D75: Обл. НДС Шайба 16 DIN125 Надходження товарів і послуг ІБ00-000206 від 22.01.2025 19:00:01 Насосна Градирня (Глобине) | E75: 231 | H75: 205 | I75: 395.85 | K75: Д | L75: 778259.6
A76: 26.03.2025 | B76: Вимога-накладна ІБ00-000216 від 26.03.2025 14:17:04 Списаны ТМЦ | C76: Обл. НДС Виробничий (Глобине-2) Глобине-2 Прямі материальні виробничі витрати крім зворотніх відходів | D76: Обл. НДС Решітковий настил KOZ 34*38/30*3/оц/1086*1000 Надходження товарів і послуг ІБ00-000843 від 03.03.2025 18:09:06 Насосна Градирня (Глобине) | E76: 231 | H76: 205 | I76: 8991.4 | K76: Д | L76: 769268.2
A77: 26.03.2025 | B77: Вимога-накладна ІБ00-000216 від 26.03.2025 14:17:04 Списаны ТМЦ | C77: Обл. НДС Виробничий (Глобине-2) Глобине-2 Прямі материальні виробничі витрати крім зворотніх відходів | D77: Обл. НДС Решітковий настил KOZ 34*38/30*3/оц/1086*1228 Надходження товарів і послуг ІБ00-000843 від 03.03.2025 18:09:06 Насосна Градирня (Глобине) | E77: 231 | H77: 205 | I77: 2731 | K77: Д | L77: 766537.2
A78: 26.03.2025 | B78: Вимога-накладна ІБ00-000216 від 26.03.2025 14:17:04 Списаны ТМЦ | C78: Обл. НДС Виробничий (Глобине-2) Глобине-2 Прямі материальні виробничі витрати крім зворотніх відходів | D78: Обл. НДС Решітковий настил KOZ 34*38/30*3/оц/1086*928 Надходження товарів і послуг ІБ00-000843 від 03.03.2025 18:09:06 Насосна Градирня (Глобине) | E78: 231 | H78: 205 | I78: 2167.1 | K78: Д | L78: 764370.1
A79: 26.03.2025 | B79: Вимога-накладна ІБ00-000216 від 26.03.2025 14:17:04 Списаны ТМЦ | C79: Обл. НДС Виробничий (Глобине-2) Глобине-2 Прямі материальні виробничі витрати крім зворотніх відходів | D79: Обл. НДС Решітковий настил KOZ 34*38/30*3/оц/1665*1000 Надходження товарів і послуг ІБ00-000843 від 03.03.2025 18:09:06 Насосна Градирня (Глобине) | E79: 231 | H79: 205 | I79: 6653.1 | K79: Д | L79: 757717
A80: 26.03.2025 | B80: Вимога-накладна ІБ00-000216 від 26.03.2025 14:17:04 Списаны ТМЦ | C80: Обл. НДС Виробничий (Глобине-2) Глобине-2 Прямі материальні виробничі витрати крім зворотніх відходів | D80: Обл. НДС Решітковий настил KOZ 34*38/30*3/оц/1665*781 Надходження товарів і послуг ІБ00-000843 від 03.03.2025 18:09:06 Насосна Градирня (Глобине) | E80: 231 | H80: 205 | I80: 2711.6 | K80: Д | L80: 755005.4
A81: 26.03.2025 | B81: Вимога-накладна ІБ00-000216 від 26.03.2025 14:17:04 Списаны ТМЦ | C81: Обл. НДС Виробничий (Глобине-2) Глобине-2 Прямі материальні виробничі витрати крім зворотніх відходів | D81: Обл. НДС Решітковий настил KOZ 34*38/40*3/оц/1566*1000 Надходження товарів і послуг ІБ00-000843 від 03.03.2025 18:09:06 Насосна Градирня (Глобине) | E81: 231 | H81: 205 | I81: 6288.3 | K81: Д | L81: 748717.1
A82: 26.03.2025 | B82: Вимога-накладна ІБ00-000216 від 26.03.2025 14:17:04 Списаны ТМЦ | C82: Обл. НДС Виробничий (Глобине-2) Глобине-2 Прямі материальні виробничі витрати крім зворотніх відходів | D82: Обл. НДС Решітковий настил KOZ 34*38/40*3/оц/1566*682 Надходження товарів і послуг ІБ00-000843 від 03.03.2025 18:09:06 Насосна Градирня (Глобине) | E82: 231 | H82: 205 | I82: 2269.3 | K82: Д | L82: 746447.8
A83: 26.03.2025 | B83: Вимога-накладна ІБ00-000216 від 26.03.2025 14:17:04 Списаны ТМЦ | C83: Обл. НДС Виробничий (Глобине-2) Глобине-2 Прямі материальні виробничі витрати крім зворотніх відходів | D83: Обл. НДС Решітковий настил KOZ 34*38/40*3/оц/985*1000 Надходження товарів і послуг ІБ00-000843 від 03.03.2025 18:09:06 Насосна Градирня (Глобине) | E83: 231 | H83: 205 | I83: 14518 | K83: Д | L83: 731929.8
... A93: 28.03.2025 | B93: Переміщення товарів ІБ00-000261 від 28.03.2025 10:00:00 Перемещение ТМЦ | C93: Обл. НДС Пісок з відсіву дроблення щебеню фр. 0-5мм. Надходження товарів і послуг ІБ00-005729 від 11.11.2024 18:00:18 Цех екстракції (Глобине) | D93: Обл. НДС Пісок з відсіву дроблення щебеню фр. 0-5мм. Надходження товарів і послуг ІБ00-005729 від 11.11.2024 18:00:18 Насосна Градирня (Глобине) | E93: 205 | H93: 205 | I93: 2128 | K93: Д | L93: 683702.72
A94: Обороти за період та сальдо на кінець | E94: 767323.69 | H94: 98223.19 | K94: Д | L94: 683702.72
J96: =SUBTOTAL(9,I62:J91) -> 89811.11

Sheet Пожежний
A1: Період | B1: Документ | C1: Аналітика Дт | D1: Аналітика Кт | E1: Дебет | H1: Кредит | K1: Поточне сальдо
E2: Рахунок | H2: Рахунок
A3: Сальдо на початок | K3: Д | L3: 237685
A4: 01.03.2025 | B4: Переміщення товарів ІБ00-000245 від 01.03.2025 18:17:53 Перемещение ТМЦ | C4: Обл. НДС Прокат арматурний №12 мм А500С 12м Надходження товарів і послуг ІБ00-000546 від 14.02.2025 10:00:00 Котельна (Глобине) | D4: Обл. НДС Прокат арматурний №12 мм А500С 12м Надходження товарів і послуг ІБ00-000546 від 14.02.2025 10:00:00 Пожежений резервуар (Глобине) | E4: 205 | H4: 205 | I4: 83958.33 | K4: Д | L4: 153726.67
A5: Обороти за період та сальдо на кінець | E5: 0 | H5: 83958.33 | K5: Д | L5: 153726.67

Sheet  бігбегах
A1: Період | B1: Документ | C1: Аналітика Дт | D1: Аналітика Кт | E1: Дебет | H1: Кредит | K1: Поточне сальдо
E2: Рахунок | H2: Рахунок
A3: 11.03.2025 | B3: Переміщення товарів ІБ00-000210 від 11.03.2025 19:00:17 Перемещение ТМЦ | C3: Обл. НДС Бетон С20/25 W6 F75 P4 Надходження товарів і послуг ІБ00-001087 від 11.03.2025 19:00:13 Пункт фасування та зберігання в бігбегах (Глобине) | D3: Обл. НДС Бетон С20/25 W6 F75 P4 Надходження товарів і послуг ІБ00-001087 від 11.03.2025 19:00:13 Глобине-2 | E3: 205 | F3: 7688.92 | H3: 205 | K3: Д | L3: 152629.89
A4: 13.03.2025 | B4: Переміщення товарів ІБ00-000215 від 13.03.2025 18:55:05 Перемещение ТМЦ | C4: Обл. НДС Бетон С20/25 W6 F75 P4 Надходження товарів і послуг ІБ00-001089 від 13.03.2025 18:55:01 Пункт фасування та зберігання в бігбегах (Глобине) | D4: Обл. НДС Бетон С20/25 W6 F75 P4 Надходження товарів і послуг ІБ00-001089 від 13.03.2025 18:55:01 Глобине-2 | E4: 205 | F4: 4378.17 | H4: 205 | K4: Д | L4: 157008.06
A5: 15.03.2025 | B5: Переміщення товарів ІБ00-000217 від 15.03.2025 12:00:03 Перемещение ТМЦ | C5: Обл. НДС Бетон С20/25 W6 F75 P4 Надходження товарів і послуг ІБ00-001090 від 15.03.2025 12:00:00 Пункт фасування та зберігання в бігбегах (Глобине) | D5: Обл. НДС Бетон С20/25 W6 F75 P4 Надходження товарів і послуг ІБ00-001090 від 15.03.2025 12:00:00 Глобине-2 | E5: 205 | F5: 8107.7 | H5: 205 | K5: Д | L5: 165115.76
A6: 17.03.2025 | B6: Переміщення товарів ІБ00-000206 від 17.03.2025 17:20:14 Перемещение ТМЦ | C6: Обл. НДС Бетон С20/25 W6 F75 P4 доб-5 Надходження товарів і послуг ІБ00-001086 від 17.03.2025 17:20:12 Пункт фасування та зберігання в бігбегах (Глобине) | D6: Обл. НДС Бетон С20/25 W6 F75 P4 доб-5 Надходження товарів і послуг ІБ00-001086 від 17.03.2025 17:20:12 Глобине-2 | E6: 205 | F6: 24912.43 | H6: 205 | K6: Д | L6: 190028.19
A7: 18.03.2025 | B7: Переміщення товарів ІБ00-000203 від 18.03.2025 10:00:00 Перемещение ТМЦ | C7: Обл. НДС Прокат сталевий круглий (кл. А240С) ф10мм, ст.3пс, міра 6м Надходження товарів і послуг ІБ00-000546 від 14.02.2025 10:00:00 Цех екстракції (Глобине) | D7: Обл. НДС Прокат сталевий круглий (кл. А240С) ф10мм, ст.3пс, міра 6м Надходження товарів і послуг ІБ00-000546 від 14.02.2025 10:00:00 Пункт фасування та зберігання в бігбегах (Глобине) | E7: 205 | H7: 205 | I7: 1716 | K7: Д | L7: 188312.19
A8: 18.03.2025 | B8: Переміщення товарів ІБ00-000203 від 18.03.2025 10:00:00 Перемещение ТМЦ | C8: Обл. НДС Прокат арматурний №14 мм А500С, 12 м Надходження товарів і послуг ІБ00-000546 від 14.02.2025 10:00:00 Цех екстракції (Глобине) | D8: Обл. НДС Прокат арматурний №14 мм А500С, 12 м Надходження товарів і послуг ІБ00-000546 від 14.02.2025 10:00:00 Пункт фасування та зберігання в бігбегах (Глобине) | E8: 205 | H8: 205 | I8: 12270.83 | K8: Д | L8: 176041.36
A9: 20.03.2025 | B9: Переміщення товарів ІБ00-000290 від 20.03.2025 12:30:00 Перемещение ТМЦ | C9: Обл. НДС Бетон С 20/25 F75 W6 Р4 Надходження товарів і послуг ІБ00-001450 від 20.03.2025 12:16:00 Пункт фасування та зберігання в бігбегах (Глобине) | D9: Обл. НДС Бетон С 20/25 F75 W6 Р4 Надходження товарів і послуг ІБ00-001450 від 20.03.2025 12:16:00 Глобине-2 | E9: 205 | F9: 25564.58 | H9: 205 | K9: Д | L9: 201605.94
A10: 21.03.2025 | B10: Переміщення товарів ІБ00-000237 від 21.03.2025 20:00:00 Перемещение ТМЦ | C10: Обл. НДС Шуруп г/к по дереву 3,5*55 мм Надходження товарів і послуг ІБ00-000711 від 18.02.2025 20:00:44 Пункт фасування та зберігання в бігбегах (Глобине) | D10: Обл. НДС Шуруп г/к по дереву 3,5*55 мм Надходження товарів і послуг ІБ00-000711 від 18.02.2025 20:00:44 Глобине-2 | E10: 205 | F10: 99.05 | H10: 205 | K10: Д | L10: 201704.99
A11: 21.03.2025 | B11: Переміщення товарів ІБ00-000237 від 21.03.2025 20:00:00 Перемещение ТМЦ | C11: Обл. НДС Піна монтажна 750 мл Надходження товарів і послуг ІБ00-001198 від 21.03.2025 19:26:08 Пункт фасування та зберігання в бігбегах (Глобине) | D11: Обл. НДС Піна монтажна 750 мл Надходження товарів і послуг ІБ00-001198 від 21.03.2025 19:26:08 Глобине-2 | E11: 205 | F11: 810 | H11: 205 | K11: Д | L11: 202514.99
A12: 21.03.2025 | B12: Переміщення товарів ІБ00-000237 від 21.03.2025 20:00:00 Перемещение ТМЦ | C12: Обл. НДС Шуруп г/к по дереву 4,2*76 мм Надходження товарів і послуг ІБ00-000748 від 25.02.2025 18:19:56 Пункт фасування та зберігання в бігбегах (Глобине) | D12: Обл. НДС Шуруп г/к по дереву 4,2*76 мм Надходження товарів і послуг ІБ00-000748 від 25.02.2025 18:19:56 Глобине-2 | E12: 205 | F12: 365 | H12: 205 | K12: Д | L12: 202879.99
A13: 22.03.2025 | B13: Переміщення товарів ІБ00-000288 від 22.03.2025 12:00:04 Перемещение ТМЦ | C13: Обл. НДС Бетон С 8/10 Р4 Надходження товарів і послуг ІБ00-001449 від 22.03.2025 12:00:01 Пункт фасування та зберігання в бігбегах (Глобине) | D13: Обл. НДС Бетон С 8/10 Р4 Надходження товарів і послуг ІБ00-001449 від 22.03.2025 12:00:01 Глобине-2 | E13: 205 | F13: 11545.15 | H13: 205 | K13: Д | L13: 214425.14
A14: 24.03.2025 | B14: Переміщення товарів ІБ00-000266 від 24.03.2025 18:31:12 Перемещение ТМЦ | C14: Обл. НДС Бетон С 20/25 F75 W6 Р4 Надходження товарів і послуг ІБ00-001358 від 24.03.2025 18:31:10 Пункт фасування та зберігання в бігбегах (Глобине) | D14: Обл. НДС Бетон С 20/25 F75 W6 Р4 Надходження товарів і послуг ІБ00-001358 від 24.03.2025 18:31:10 Глобине-2 | E14: 205 | F14: 49310.45 | H14: 205 | K14: Д | L14: 263735.59
A15: 27.03.2025 | B15: Переміщення товарів ІБ00-000254 від 27.03.2025 19:00:00 Перемещение ТМЦ | C15: Обл. НДС Бетон С20/25 W6 F75 P4 Надходження товарів і послуг ІБ00-001293 від 27.03.2025 18:14:54 Пункт фасування та зберігання в бігбегах (Глобине) | D15: Обл. НДС Бетон С20/25 W6 F75 P4 Надходження товарів і послуг ІБ00-001293 від 27.03.2025 18:14:54 Глобине-2 | E15: 205 | F15: 43603.66 | H15: 205 | K15: Д | L15: 307339.25
A16: 28.03.2025 | B16: Переміщення товарів ІБ00-000252 від 28.03.2025 18:00:00 Перемещение ТМЦ | C16: Обл. НДС Бетон С 8/10 Р4 Надходження товарів і послуг ІБ00-001292 від 28.03.2025 17:56:31 Пункт фасування та зберігання в бігбегах (Глобине) | D16: Обл. НДС Бетон С 8/10 Р4 Надходження товарів і послуг ІБ00-001292 від 28.03.2025 17:56:31 Глобине-2 | E16: 205 | F16: 1872.64 | H16: 205 | K16: Д | L16: 309211.89
A17: 31.03.2025 | B17: Переміщення товарів ІБ00-000258 від 31.03.2025 19:15:00 Перемещение ТМЦ | C17: Обл. НДС Бетон С 20/25 F75 W6 Р4 Надходження товарів і послуг ІБ00-001356 від 31.03.2025 18:59:59 Пункт фасування та зберігання в бігбегах (Глобине) | D17: Обл. НДС Бетон С 20/25 F75 W6 Р4 Надходження товарів і послуг ІБ00-001356 від 31.03.2025 18:59:59 Глобине-2 | E17: 205 | F17: 38645.78 | H17: 205 | K17: Д | L17: 347857.67
A18: Обороти за період та сальдо на кінець | E18: 216903.53 | H18: 13986.83 | K18: Д | L18: 347857.67

Sheet розчинника
A1: Період | B1: Документ | C1: Аналітика Дт | D1: Аналітика Кт | E1: Дебет | H1: Кредит | K1: Поточне сальдо
E2: Рахунок | H2: Рахунок
A3: 01.03.2025 | B3: Переміщення товарів ІБ00-000151 від 01.03.2025 18:10:00 Перемещение ТМЦ | C3: Обл. НДС Бетон С20/25 W6 F75 P4 доб-10 Надходження товарів і послуг ІБ00-000545 від 15.02.2025 10:00:05 Резервуар для зберігання розчинника(Глобине) | D3: Обл. НДС Бетон С20/25 W6 F75 P4 доб-10 Надходження товарів і послуг ІБ00-000545 від 15.02.2025 10:00:05 Глобине-2 | E3: 205 | F3: 3599.86 | H3: 205 | K3: Д | L3: 119782.81
A4: 01.03.2025 | B4: Переміщення товарів ІБ00-000151 від 01.03.2025 18:10:00 Перемещение ТМЦ | C4: Обл. НДС Бетон С20/25 W6 F75 P4 доб-10 Надходження товарів і послуг ІБ00-000751 від 01.03.2025 18:00:01 Резервуар для зберігання розчинника(Глобине) | D4: Обл. НДС Бетон С20/25 W6 F75 P4 доб-10 Надходження товарів і послуг ІБ00-000751 від 01.03.2025 18:00:01 Глобине-2 | E4: 205 | F4: 65702.79 | H4: 205 | K4: Д | L4: 185485.6
A5: 19.03.2025 | B5: Надходження товарів і послуг ІБ00-001480 від 19.03.2025 11:00:00 Оприходованы ТМЦ | C5: Обл. НДС Щебінь 20-40 Надходження товарів і послуг ІБ00-001480 від 19.03.2025 11:00:00 Резервуар для зберігання розчинника(Глобине) | D5: Енергія Логістик ТОВ №28/10-2024 ВІД 28/10/24_Глобине-2 Рахунок на оплату постачальника ІБ00-001155 від 19.03.2025 23:12:53 | E5: 205 | F5: 38290.58 | H5: 631 | K5: Д | L5: 223776.18
A6: 19.03.2025 | B6: Надходження дод. витрат ІБ00-000224 від 19.03.2025 11:05:00 Доп. расходы при поступлении товаров | C6: Обл. НДС Щебінь 20-40 Надходження товарів і послуг ІБ00-001480 від 19.03.2025 11:00:00 Резервуар для зберігання розчинника(Глобине) | D6: Енергія Логістик ТОВ №28/10-2024 ВІД 28/10/24_Глобине-2 Рахунок на оплату постачальника ІБ00-001155 від 19.03.2025 23:12:53 | E6: 205 | F6: 39224.5 | H6: 631 | K6: Д | L6: 263000.68
A7: 21.03.2025 | B7: Переміщення товарів ІБ00-000236 від 21.03.2025 20:00:00 Перемещение ТМЦ | C7: Обл. НДС Шуруп г/к по дереву 3,5*55 мм Надходження товарів і послуг ІБ00-000711 від 18.02.2025 20:00:44 Резервуар для зберігання розчинника(Глобине) | D7: Обл. НДС Шуруп г/к по дереву 3,5*55 мм Надходження товарів і послуг ІБ00-000711 від 18.02.2025 20:00:44 Глобине-2 | E7: 205 | F7: 99.05 | H7: 205 | K7: Д | L7: 263099.73
A8: 21.03.2025 | B8: Переміщення товарів ІБ00-000236 від 21.03.2025 20:00:00 Перемещение ТМЦ | C8: Обл. НДС Піна монтажна 750 мл Надходження товарів і послуг ІБ00-001198 від 21.03.2025 19:26:08 Резервуар для зберігання розчинника(Глобине) | D8: Обл. НДС Піна монтажна 750 мл Надходження товарів і послуг ІБ00-001198 від 21.03.2025 19:26:08 Глобине-2 | E8: 205 | F8: 810 | H8: 205 | K8: Д | L8: 263909.73
A9: 21.03.2025 | B9: Переміщення товарів ІБ00-000236 від 21.03.2025 20:00:00 Перемещение ТМЦ | C9: Обл. НДС Шуруп г/к по дереву 4,2*76 мм Надходження товарів і послуг ІБ00-000711 від 18.02.2025 20:00:44 Резервуар для зберігання розчинника(Глобине) | D9: Обл. НДС Шуруп г/к по дереву 4,2*76 мм Надходження товарів і послуг ІБ00-000711 від 18.02.2025 20:00:44 Глобине-2 | E9: 205 | F9: 91.25 | H9: 205 | K9: Д | L9: 264000.98
A10: 24.03.2025 | B10: Переміщення товарів ІБ00-000298 від 24.03.2025 11:10:00 Перемещение ТМЦ | C10: Обл. НДС Щебінь 20-40 Надходження товарів і послуг ІБ00-001479 від 24.03.2025 11:00:00 Резервуар для зберігання розчинника(Глобине) | D10: Обл. НДС Щебінь 20-40 Надходження товарів і послуг ІБ00-001479 від 24.03.2025 11:00:00 Глобине-2 | E10: 205 | F10: 97255.7 | H10: 205 | K10: Д | L10: 361256.68
A11: 26.03.2025 | B11: Вимога-накладна ІБ00-000217 від 26.03.2025 14:21:27 Списаны ТМЦ | C11: Обл. НДС Виробничий (Глобине-2) Глобине-2 Прямі материальні виробничі витрати крім зворотніх відходів | D11: Обл. НДС Кутик 50х50х5мм ст 3пс МІРА Надходження товарів і послуг ІБ00-000546 від 14.02.2025 10:00:00 Резервуар для зберігання розчинника(Глобине) | E11: 231 | H11: 205 | I11: 2943 | K11: Д | L11: 358313.68
A12: 26.03.2025 | B12: Вимога-накладна ІБ00-000217 від 26.03.2025 14:21:27 Списаны ТМЦ | C12: Обл. НДС Виробничий (Глобине-2) Глобине-2 Прямі материальні виробничі витрати крім зворотніх відходів | D12: Обл. НДС Бетон С20/25 W6 F75 P4 доб-10 Надходження товарів і послуг ІБ00-000481 від 06.02.2025 18:36:18 Резервуар для зберігання розчинника(Глобине) | E12: 231 | H12: 205 | I12: 3710.66 | K12: Д | L12: 354603.02
A13: 26.03.2025 | B13: Вимога-накладна ІБ00-000217 від 26.03.2025 14:21:27 Списаны ТМЦ | C13: Обл. НДС Виробничий (Глобине-2) Глобине-2 Прямі материальні виробничі витрати крім зворотніх відходів | D13: Обл. НДС Бетон С20/25 W6 F75 P4 доб-10 Надходження товарів і послуг ІБ00-000481 від 06.02.2025 18:36:18 Резервуар для зберігання розчинника(Глобине) | E13: 231 | H13: 205 | I13: 51617.28 | K13: Д | L13: 302985.74
A14: 26.03.2025 | B14: Вимога-накладна ІБ00-000217 від 26.03.2025 14:21:27 Списаны ТМЦ | C14: Обл. НДС Виробничий (Глобине-2) Глобине-2 Прямі материальні виробничі витрати крім зворотніх відходів | D14: Обл. НДС Бетон С20/25 W6 F75 P4 доб-10 Надходження товарів і послуг ІБ00-000545 від 15.02.2025 10:00:05 Резервуар для зберігання розчинника(Глобине) | E14: 231 | H14: 205 | I14: 3599.86 | K14: Д | L14: 299385.88
A15: 26.03.2025 | B15: Вимога-накладна ІБ00-000217 від 26.03.2025 14:21:27 Списаны ТМЦ | C15: Обл. НДС Виробничий (Глобине-2) Глобине-2 Прямі материальні виробничі витрати крім зворотніх відходів | D15: Обл. НДС Бетон С20/25 W6 F75 P4 доб-10 Надходження товарів і послуг ІБ00-000751 від 01.03.2025 18:00:01 Резервуар для зберігання розчинника(Глобине) | E15: 231 | H15: 205 | I15: 7365.99 | K15: Д | L15: 292019.89
A16: 28.03.2025 | B16: Переміщення товарів ІБ00-000248 від 28.03.2025 10:00:00 Перемещение ТМЦ | C16: Обл. НДС Бетон С 8/10 доб-10 Надходження товарів і послуг ІБ00-005899 від 27.11.2024 18:37:16 Резервуар для зберігання розчинника(Глобине) | D16: Обл. НДС Бетон С 8/10 доб-10 Надходження товарів і послуг ІБ00-005899 від 27.11.2024 18:37:16 СПК (Глобине) | E16: 205 | F16: 268.72 | H16: 205 | K16: Д | L16: 292288.61
A17: 28.03.2025 | B17: Переміщення товарів ІБ00-000248 від 28.03.2025 10:00:00 Перемещение ТМЦ | C17: Обл. НДС Бетон С20/25 W6 F75 P4 доб-10 Надходження товарів і послуг ІБ00-000727 від 24.02.2025 23:35:26 Резервуар для зберігання розчинника(Глобине) | D17: Обл. НДС Бетон С20/25 W6 F75 P4 доб-10 Надходження товарів і послуг ІБ00-000727 від 24.02.2025 23:35:26 СПК (Глобине) | E17: 205 | F17: 48552.5 | H17: 205 | K17: Д | L17: 340841.11
A18: 28.03.2025 | B18: Переміщення товарів ІБ00-000248 від 28.03.2025 10:00:00 Перемещение ТМЦ | C18: Обл. НДС Бетон С20/25 W6 F75 P4 доб-5 Надходження товарів і послуг ІБ00-001086 від 17.03.2025 17:20:12 Резервуар для зберігання розчинника(Глобине) | D18: Обл. НДС Бетон С20/25 W6 F75 P4 доб-5 Надходження товарів і послуг ІБ00-001086 від 17.03.2025 17:20:12 СПК (Глобине) | E18: 205 | F18: 4152.07 | H18: 205 | K18: Д | L18: 344993.18
A19: 28.03.2025 | B19: Переміщення товарів ІБ00-000249 від 28.03.2025 10:00:00 Перемещение ТМЦ | C19: Обл. НДС Бетон С20/25 W6 F75 P4 доб-15 Надходження товарів і послуг ІБ00-000678 від 18.02.2025 20:00:41 Резервуар для зберігання розчинника(Глобине) | D19: Обл. НДС Бетон С20/25 W6 F75 P4 доб-15 Надходження товарів і послуг ІБ00-000678 від 18.02.2025 20:00:41 Резервуарний парк соєвої меляси (Глобине) | E19: 205 | F19: 13651.28 | H19: 205 | K19: Д | L19: 358644.46
A20: 28.03.2025 | B20: Вимога-накладна ІБ00-000228 від 28.03.2025 11:24:02 Списаны ТМЦ | C20: Обл. НДС Виробничий (Глобине-2) Глобине-2 Прямі материальні виробничі витрати крім зворотніх відходів | D20: Обл. НДС Бетон С 8/10 доб-10 Надходження товарів і послуг ІБ00-005899 від 27.11.2024 18:37:16 Резервуар для зберігання розчинника(Глобине) | E20: 231 | H20: 205 | I20: 268.72 | K20: Д | L20: 358375.74
A21: 28.03.2025 | B21: Вимога-накладна ІБ00-000228 від 28.03.2025 11:24:02 Списаны ТМЦ | C21: Обл. НДС Виробничий (Глобине-2) Глобине-2 Прямі материальні виробничі витрати крім зворотніх відходів | D21: Обл. НДС Бетон С20/25 W6 F75 P4 доб-10 Надходження товарів і послуг ІБ00-000727 від 24.02.2025 23:35:26 Резервуар для зберігання розчинника(Глобине) | E21: 231 | H21: 205 | I21: 48552.5 | K21: Д | L21: 309823.24
A22: 28.03.2025 | B22: Вимога-накладна ІБ00-000228 від 28.03.2025 11:24:02 Списаны ТМЦ | C22: Обл. НДС Виробничий (Глобине-2) Глобине-2 Прямі материальні виробничі витрати крім зворотніх відходів | D22: Обл. НДС Бетон С20/25 W6 F75 P4 доб-10 Надходження товарів і послуг ІБ00-000751 від 01.03.2025 18:00:01 Резервуар для зберігання розчинника(Глобине) | E22: 231 | H22: 205 | I22: 9722.8 | K22: Д | L22: 300100.44
A23: 28.03.2025 | B23: Вимога-накладна ІБ00-000228 від 28.03.2025 11:24:02 Списаны ТМЦ | C23: Обл. НДС Виробничий (Глобине-2) Глобине-2 Прямі материальні виробничі витрати крім зворотніх відходів | D23: Обл. НДС Бетон С20/25 W6 F75 P4 доб-10 Надходження товарів і послуг ІБ00-000751 від 01.03.2025 18:00:01 Резервуар для зберігання розчинника(Глобине) | E23: 231 | H23: 205 | I23: 48614 | K23: Д | L23: 251486.44
A24: 28.03.2025 | B24: Вимога-накладна ІБ00-000228 від 28.03.2025 11:24:02 Списаны ТМЦ | C24: Обл. НДС Виробничий (Глобине-2) Глобине-2 Прямі материальні виробничі витрати крім зворотніх відходів | D24: Обл. НДС Бетон С20/25 W6 F75 P4 доб-5 Надходження товарів і послуг ІБ00-001086 від 17.03.2025 17:20:12 Резервуар для зберігання розчинника(Глобине) | E24: 231 | H24: 205 | I24: 4152.07 | K24: Д | L24: 247334.37
A25: 28.03.2025 | B25: Вимога-накладна ІБ00-000228 від 28.03.2025 11:24:02 Списаны ТМЦ | C25: Обл. НДС Виробничий (Глобине-2) Глобине-2 Прямі материальні виробничі витрати крім зворотніх відходів | D25: Обл. НДС Бетон С20/25 W6 F75 P4 доб-15 Надходження товарів і послуг ІБ00-000678 від 18.02.2025 20:00:41 Резервуар для зберігання розчинника(Глобине) | E25: 231 | H25: 205 | I25: 13651.28 | K25: Д | L25: 233683.09
A26: 28.03.2025 | B26: Вимога-накладна ІБ00-000228 від 28.03.2025 11:24:02 Списаны ТМЦ | C26: Обл. НДС Виробничий (Глобине-2) Глобине-2 Прямі материальні виробничі витрати крім зворотніх відходів | D26: Обл. НДС Труба Дн 273 стал. 8,0мм Надходження товарів і послуг ІБ00-000655 від 14.02.2025 00:00:00 Резервуар для зберігання розчинника(Глобине) | E26: 231 | H26: 205 | I26: 7145.53 | K26: Д | L26: 226537.56
A27: 28.03.2025 | B27: Переміщення товарів ІБ00-000251 від 28.03.2025 18:00:00 Перемещение ТМЦ | C27: Обл. НДС Бетон С 8/10 Р4 Надходження товарів і послуг ІБ00-001292 від 28.03.2025 17:56:31 Резервуар для зберігання розчинника(Глобине) | D27: Обл. НДС Бетон С 8/10 Р4 Надходження товарів і послуг ІБ00-001292 від 28.03.2025 17:56:31 Глобине-2 | E27: 205 | F27: 14981.11 | H27: 205 | K27: Д | L27: 241518.67
A28: 31.03.2025 | B28: Переміщення товарів ІБ00-000257 від 31.03.2025 19:15:00 Перемещение ТМЦ | C28: Обл. НДС Бетон С 20/25 F75 W6 Р4 Надходження товарів і послуг ІБ00-001356 від 31.03.2025 18:59:59 Резервуар для зберігання розчинника(Глобине) | D28: Обл. НДС Бетон С 20/25 F75 W6 Р4 Надходження товарів і послуг ІБ00-001356 від 31.03.2025 18:59:59 Глобине-2 | E28: 205 | F28: 50849.72 | H28: 205 | K28: Д | L28: 292368.39
A29: Обороти за період та сальдо на кінець | E29: 377529.13 | H29: 201343.69 | K29: Д | L29: 292368.39
J31: =SUBTOTAL(9,I11:J26) -> 201343.69

Sheet меляси
A1: Період | B1: Документ | C1: Аналітика Дт | D1: Аналітика Кт | E1: Дебет | H1: Кредит | K1: Поточне сальдо
E2: Рахунок | H2: Рахунок
A3: 01.03.2025 | B3: Переміщення товарів ІБ00-000152 від 01.03.2025 18:10:00 Перемещение ТМЦ | C3: Обл. НДС Бетон С20/25 W6 F75 P4 доб-10 Надходження товарів і послуг ІБ00-000751 від 01.03.2025 18:00:01 Резервуарний парк соєвої меляси (Глобине) | D3: Обл. НДС Бетон С20/25 W6 F75 P4 доб-10 Надходження товарів і послуг ІБ00-000751 від 01.03.2025 18:00:01 Глобине-2 | E3: 205 | F3: 101894.93 | H3: 205 | K3: Д | L3: 454063.2
A4: 01.03.2025 | B4: Переміщення товарів ІБ00-000155 від 01.03.2025 18:15:00 Перемещение ТМЦ | C4: Обл. НДС Бетон С20/25 W6 F75 P4 доб-10 з фіброю Надходження товарів і послуг ІБ00-000752 від 01.03.2025 18:10:01 Резервуарний парк соєвої меляси (Глобине) | D4: Обл. НДС Бетон С20/25 W6 F75 P4 доб-10 з фіброю Надходження товарів і послуг ІБ00-000752 від 01.03.2025 18:10:01 Глобине-2 | E4: 205 | F4: 838.87 | H4: 205 | K4: Д | L4: 454902.07
A5: 05.03.2025 | B5: Надходження товарів і послуг ІБ00-000847 від 05.03.2025 18:37:48 Оприходованы ТМЦ | C5: Обл. НДС Труба 108*4,0 чор мет стальна водогазопровідна Надходження товарів і послуг ІБ00-000847 від 05.03.2025 18:37:48 Резервуарний парк соєвої меляси (Глобине) | D5: Лук'янець Аліна Василівна ФОП РАХУНКИ_Глобине 2 Рахунок на оплату постачальника ІБ00-000667 від 27.02.2025 21:38:45 | E5: 205 | F5: 85.2 | H5: 631 | K5: Д | L5: 454987.27
A6: 05.03.2025 | B6: Надходження товарів і послуг ІБ00-000847 від 05.03.2025 18:37:48 Оприходованы ТМЦ (Зачет аванса поставщику) | C6: Обл. НДС Труба 108*4,0 чор мет стальна водогазопровідна Надходження товарів і послуг ІБ00-000847 від 05.03.2025 18:37:48 Резервуарний парк соєвої меляси (Глобине) | D6: Лук'янець Аліна Василівна ФОП РАХУНКИ_Глобине 2 Рахунок на оплату постачальника ІБ00-000667 від 27.02.2025 21:38:45 | E6: 205 | F6: 8314.8 | H6: 631 | K6: Д | L6: 463302.07
A7: 05.03.2025 | B7: Надходження товарів і послуг ІБ00-000847 від 05.03.2025 18:37:48 Оприходованы ТМЦ | C7: Обл. НДС Відведення сталевий 108х6 4" безшов DN100 чор мет Надходження товарів і послуг ІБ00-000847 від 05.03.2025 18:37:48 Резервуарний парк соєвої меляси (Глобине) | D7: Лук'янець Аліна Василівна ФОП РАХУНКИ_Глобине 2 Рахунок на оплату постачальника ІБ00-000667 від 27.02.2025 21:38:45 | E7: 205 | F7: 1993.5 | H7: 631 | K7: Д | L7: 465295.57
A8: 06.03.2025 | B8: Переміщення товарів ІБ00-000169 від 06.03.2025 20:10:00 Перемещение ТМЦ | C8: Обл. НДС Бетон С20/25 W6 F75 P4 Надходження товарів і послуг ІБ00-000862 від 06.03.2025 20:05:58 Резервуарний парк соєвої меляси (Глобине) | D8: Обл. НДС Бетон С20/25 W6 F75 P4 Надходження товарів і послуг ІБ00-000862 від 06.03.2025 20:05:58 Глобине-2 | E8: 205 | F8: 3703.25 | H8: 205 | K8: Д | L8: 468998.82
A9: 12.03.2025 | B9: Переміщення товарів ІБ00-000244 від 12.03.2025 18:45:41 Перемещение ТМЦ | C9: Обл. НДС Пінополістирол фасад шаршавий 1200х600х20мм 0,264 куб м Надходження товарів і послуг ІБ00-000464 від 06.02.2025 18:36:11 Резервуарний парк соєвої меляси (Глобине) | D9: Обл. НДС Пінополістирол фасад шаршавий 1200х600х20мм 0,264 куб м Надходження товарів і послуг ІБ00-000464 від 06.02.2025 18:36:11 Котельна (Глобине) | E9: 205 | F9: 65 | H9: 205 | K9: Д | L9: 469063.82
A10: 18.03.2025 | B10: Переміщення товарів ІБ00-000205 від 18.03.2025 10:00:00 Перемещение ТМЦ | C10: Обл. НДС Бетон С 8/10 Р4 доб-10 Надходження товарів і послуг ІБ00-000728 від 22.02.2025 20:00:06 Резервуарний парк соєвої меляси (Глобине) | D10: Обл. НДС Бетон С 8/10 Р4 доб-10 Надходження товарів і послуг ІБ00-000728 від 22.02.2025 20:00:06 Глобине-2 | E10: 205 | F10: 33947.2 | H10: 205 | K10: Д | L10: 503011.02
A11: 18.03.2025 | B11: Вимога-накладна ІБ00-000198 від 18.03.2025 15:00:00 Списаны ТМЦ | C11: Обл. НДС Виробничий (Глобине-2) Глобине-2 Прямі материальні виробничі витрати крім зворотніх відходів | D11: Обл. НДС Кутик 40x40x4.0 міра L=6000.00мм Надходження товарів і послуг ІБ00-000054 від 10.01.2025 18:00:05 Резервуарний парк соєвої меляси (Глобине) | E11: 231 | H11: 205 | I11: 1769.91 | K11: Д | L11: 501241.11
A12: 18.03.2025 | B12: Вимога-накладна ІБ00-000198 від 18.03.2025 15:00:00 Списаны ТМЦ | C12: Обл. НДС Виробничий (Глобине-2) Глобине-2 Прямі материальні виробничі витрати крім зворотніх відходів | D12: Обл. НДС Кутики 100х100х7 мм; ст. 3пс5; 12 м Надходження товарів і послуг ІБ00-000054 від 10.01.2025 18:00:05 Резервуарний парк соєвої меляси (Глобине) | E12: 231 | H12: 205 | I12: 3731.2 | K12: Д | L12: 497509.91
A13: 18.03.2025 | B13: Вимога-накладна ІБ00-000198 від 18.03.2025 15:00:00 Списаны ТМЦ | C13: Обл. НДС Виробничий (Глобине-2) Глобине-2 Прямі материальні виробничі витрати крім зворотніх відходів | D13: Обл. НДС Щебінь 20-40 Надходження товарів і послуг ІБ00-000761 від 22.02.2025 20:10:02 Резервуарний парк соєвої меляси (Глобине) | E13: 231 | H13: 205 | I13: 43283.33 | K13: Д | L13: 454226.58
A14: 18.03.2025 | B14: Вимога-накладна ІБ00-000198 від 18.03.2025 15:00:00 Списаны ТМЦ | C14: Обл. НДС Виробничий (Глобине-2) Глобине-2 Прямі материальні виробничі витрати крім зворотніх відходів | D14: Обл. НДС Бетон С 8/10 Р4 (-5*) Надходження товарів і послуг ІБ00-000175 від 20.01.2025 18:00:24 Резервуарний парк соєвої меляси (Глобине) | E14: 231 | H14: 205 | I14: 8744.94 | K14: Д | L14: 445481.64
A15: 18.03.2025 | B15: Вимога-накладна ІБ00-000198 від 18.03.2025 15:00:00 Списаны ТМЦ | C15: Обл. НДС Виробничий (Глобине-2) Глобине-2 Прямі материальні виробничі витрати крім зворотніх відходів | D15: Обл. НДС Бетон С 8/10 Р4 доб-10 Надходження товарів і послуг ІБ00-000728 від 22.02.2025 20:00:06 Резервуарний парк соєвої меляси (Глобине) | E15: 231 | H15: 205 | I15: 33947.2 | K15: Д | L15: 411534.44
A16: 18.03.2025 | B16: Вимога-накладна ІБ00-000198 від 18.03.2025 15:00:00 Списаны ТМЦ | C16: Обл. НДС Виробничий (Глобине-2) Глобине-2 Прямі материальні виробничі витрати крім зворотніх відходів | D16: Обл. НДС Бетон С20/25 W6 F75 P4 Надходження товарів і послуг ІБ00-000363 від 30.01.2025 20:41:51 Резервуарний парк соєвої меляси (Глобине) | E16: 231 | H16: 205 | I16: 3484.55 | K16: Д | L16: 408049.89
A17: 18.03.2025 | B17: Вимога-накладна ІБ00-000198 від 18.03.2025 15:00:00 Списаны ТМЦ | C17: Обл. НДС Виробничий (Глобине-2) Глобине-2 Прямі материальні виробничі витрати крім зворотніх відходів | D17: Обл. НДС Бетон С20/25 W6 F75 P4 Надходження товарів і послуг ІБ00-000363 від 30.01.2025 20:41:51 Резервуарний парк соєвої меляси (Глобине) | E17: 231 | H17: 205 | I17: 3310.32 | K17: Д | L17: 404739.57
A18: 18.03.2025 | B18: Вимога-накладна ІБ00-000198 від 18.03.2025 15:00:00 Списаны ТМЦ | C18: Обл. НДС Виробничий (Глобине-2) Глобине-2 Прямі материальні виробничі витрати крім зворотніх відходів | D18: Обл. НДС Бетон С20/25 W6 F75 P4 Надходження товарів і послуг ІБ00-000862 від 06.03.2025 20:05:58 Резервуарний парк соєвої меляси (Глобине) | E18: 231 | H18: 205 | I18: 3703.25 | K18: Д | L18: 401036.32
A19: 18.03.2025 | B19: Вимога-накладна ІБ00-000198 від 18.03.2025 15:00:00 Списаны ТМЦ | C19: Обл. НДС Виробничий (Глобине-2) Глобине-2 Прямі материальні виробничі витрати крім зворотніх відходів | D19: Обл. НДС Бетон С20/25 W6 F75 P4 доб-10 Надходження товарів і послуг ІБ00-000751 від 01.03.2025 18:00:01 Резервуарний парк соєвої меляси (Глобине) | E19: 231 | H19: 205 | I19: 101894.93 | K19: Д | L19: 299141.39
A20: 18.03.2025 | B20: Вимога-накладна ІБ00-000198 від 18.03.2025 15:00:00 Списаны ТМЦ | C20: Обл. НДС Виробничий (Глобине-2) Глобине-2 Прямі материальні виробничі витрати крім зворотніх відходів | D20: Обл. НДС Бетон С20/25 W6 F75 P4 доб-15 Надходження товарів і послуг ІБ00-000541 від 13.02.2025 18:05:07 Резервуарний парк соєвої меляси (Глобине) | E20: 231 | H20: 205 | I20: 96536.59 | K20: Д | L20: 202604.8
A21: 25.03.2025 | B21: Надходження товарів і послуг ІБ00-001296 від 25.03.2025 17:56:41 Оприходованы ТМЦ | C21: Обл. НДС Герметик поліуритановий hydroflex 40FC 600 мл Надходження товарів і послуг ІБ00-001296 від 25.03.2025 17:56:41 Резервуарний парк соєвої меляси (Глобине) | D21: АРФЕН УКРАЇНА РАХУНКИ_Глобине-2 Рахунок на оплату постачальника ІБ00-001050 від 19.03.2025 23:12:51 | E21: 205 | F21: 469.7 | H21: 631 | K21: Д | L21: 203074.5
A22: 25.03.2025 | B22: Надходження товарів і послуг ІБ00-001298 від 25.03.2025 17:56:43 Оприходованы ТМЦ | C22: Обл. НДС Грунтовка однокомп праймер 200 4кг Надходження товарів і послуг ІБ00-001298 від 25.03.2025 17:56:43 Резервуарний парк соєвої меляси (Глобине) | D22: ПРОТЕКС УКРАЇНА Договір 9 від 11.12.2023_Глобине 2 Рахунок на оплату постачальника ІБ00-001051 від 19.03.2025 23:12:52 | E22: 205 | F22: 1591.7 | H22: 631 | K22: Д | L22: 204666.2
A23: 25.03.2025 | B23: Надходження товарів і послуг ІБ00-001298 від 25.03.2025 17:56:43 Оприходованы ТМЦ | C23: Обл. НДС Джгут TS-6 (500м/п) Надходження товарів і послуг ІБ00-001298 від 25.03.2025 17:56:43 Резервуарний парк соєвої меляси (Глобине) | D23: ПРОТЕКС УКРАЇНА Договір 9 від 11.12.2023_Глобине 2 Рахунок на оплату постачальника ІБ00-001051 від 19.03.2025 23:12:52 | E23: 205 | F23: 425 | H23: 631 | K23: Д | L23: 205091.2
A24: 26.03.2025 | B24: Вимога-накладна ІБ00-000218 від 26.03.2025 14:51:51 Списаны ТМЦ | C24: Обл. НДС Виробничий (Глобине-2) Глобине-2 Прямі материальні виробничі витрати крім зворотніх відходів | D24: Обл. НДС Щебінь 20-40 Надходження товарів і послуг ІБ00-000761 від 22.02.2025 20:10:02 Резервуарний парк соєвої меляси (Глобине) | E24: 231 | H24: 205 | I24: 4990 | K24: Д | L24: 200101.2
A25: 26.03.2025 | B25: Вимога-накладна ІБ00-000218 від 26.03.2025 14:51:51 Списаны ТМЦ | C25: Обл. НДС Виробничий (Глобине-2) Глобине-2 Прямі материальні виробничі витрати крім зворотніх відходів | D25: Обл. НДС Щебінь 20-40 Надходження товарів і послуг ІБ00-000762 від 22.02.2025 20:10:05 Резервуарний парк соєвої меляси (Глобине) | E25: 231 | H25: 205 | I25: 5249.75 | K25: Д | L25: 194851.45
A26: 26.03.2025 | B26: Вимога-накладна ІБ00-000218 від 26.03.2025 14:51:51 Списаны ТМЦ | C26: Обл. НДС Виробничий (Глобине-2) Глобине-2 Прямі материальні виробничі витрати крім зворотніх відходів | D26: Обл. НДС Щебінь 20-40 Надходження товарів і послуг ІБ00-000762 від 22.02.2025 20:10:05 Резервуарний парк соєвої меляси (Глобине) | E26: 231 | H26: 205 | I26: 2869.25 | K26: Д | L26: 191982.2
A27: 26.03.2025 | B27: Вимога-накладна ІБ00-000218 від 26.03.2025 14:51:51 Списаны ТМЦ | C27: Обл. НДС Виробничий (Глобине-2) Глобине-2 Прямі материальні виробничі витрати крім зворотніх відходів | D27: Обл. НДС Щебінь 20-40 Надходження товарів і послуг ІБ00-000763 від 24.02.2025 23:35:30 Резервуарний парк соєвої меляси (Глобине) | E27: 231 | H27: 205 | I27: 2190 | K27: Д | L27: 189792.2
A28: 26.03.2025 | B28: Вимога-накладна ІБ00-000218 від 26.03.2025 14:51:51 Списаны ТМЦ | C28: Обл. НДС Виробничий (Глобине-2) Глобине-2 Прямі материальні виробничі витрати крім зворотніх відходів | D28: Обл. НДС Щебінь 20-40 Надходження товарів і послуг ІБ00-000763 від 24.02.2025 23:35:30 Резервуарний парк соєвої меляси (Глобине) | E28: 231 | H28: 205 | I28: 4990 | K28: Д | L28: 184802.2
A29: 26.03.2025 | B29: Вимога-накладна ІБ00-000218 від 26.03.2025 14:51:51 Списаны ТМЦ | C29: Обл. НДС Виробничий (Глобине-2) Глобине-2 Прямі материальні виробничі витрати крім зворотніх відходів | D29: Обл. НДС Щебінь 20-40 Надходження товарів і послуг ІБ00-000763 від 24.02.2025 23:35:30 Резервуарний парк соєвої меляси (Глобине) | E29: 231 | H29: 205 | I29: 5580 | K29: Д | L29: 179222.2
A30: 26.03.2025 | B30: Вимога-накладна ІБ00-000218 від 26.03.2025 14:51:51 Списаны ТМЦ | C30: Обл. НДС Виробничий (Глобине-2) Глобине-2 Прямі материальні виробничі витрати крім зворотніх відходів | D30: Обл. НДС Щебінь 20-40 Надходження товарів і послуг ІБ00-000765 від 24.02.2025 23:35:33 Резервуарний парк соєвої меляси (Глобине) | E30: 231 | H30: 205 | I30: 4128.5 | K30: Д | L30: 175093.7
A31: 26.03.2025 | B31: Вимога-накладна ІБ00-000218 від 26.03.2025 14:51:51 Списаны ТМЦ | C31: Обл. НДС Виробничий (Глобине-2) Глобине-2 Прямі материальні виробничі витрати крім зворотніх відходів | D31: Обл. НДС Бетон С20/25 W6 F75 P4 доб-15 Надходження товарів і послуг ІБ00-000541 від 13.02.2025 18:05:07 Резервуарний парк соєвої меляси (Глобине) | E31: 231 | H31: 205 | I31: 5932.42 | K31: Д | L31: 169161.28
A32: 26.03.2025 | B32: Вимога-накладна ІБ00-000218 від 26.03.2025 14:51:51 Списаны ТМЦ | C32: Обл. НДС Виробничий (Глобине-2) Глобине-2 Прямі материальні виробничі витрати крім зворотніх відходів | D32: Обл. НДС Бетон С20/25 W6 F75 P4 доб-15 Надходження товарів і послуг ІБ00-000678 від 18.02.2025 20:00:41 Резервуарний парк соєвої меляси (Глобине) | E32: 231 | H32: 205 | I32: 87858.23 | K32: Д | L32: 81303.05
A33: 26.03.2025 | B33: Вимога-накладна ІБ00-000218 від 26.03.2025 14:51:51 Списаны ТМЦ | C33: Обл. НДС Виробничий (Глобине-2) Глобине-2 Прямі материальні виробничі витрати крім зворотніх відходів | D33: Обл. НДС Пінополістирол фасад шаршавий 1200х600х20мм 0,264 куб м Надходження товарів і послуг ІБ00-000464 від 06.02.2025 18:36:11 Резервуарний парк соєвої меляси (Глобине) | E33: 231 | H33: 205 | I33: 65 | K33: Д | L33: 81238.05
A34: 28.03.2025 | B34: Переміщення товарів ІБ00-000249 від 28.03.2025 10:00:00 Перемещение ТМЦ | C34: Обл. НДС Бетон С20/25 W6 F75 P4 доб-15 Надходження товарів і послуг ІБ00-000678 від 18.02.2025 20:00:41 Резервуар для зберігання розчинника(Глобине) | D34: Обл. НДС Бетон С20/25 W6 F75 P4 доб-15 Надходження товарів і послуг ІБ00-000678 від 18.02.2025 20:00:41 Резервуарний парк соєвої меляси (Глобине) | E34: 205 | H34: 205 | I34: 13651.28 | K34: Д | L34: 67586.77
A35: 28.03.2025 | B35: Переміщення товарів ІБ00-000260 від 28.03.2025 10:00:00 Перемещение ТМЦ | C35: Обл. НДС Пісок з відсіву дроблення щебеню фр. 0-5мм. Надходження товарів і послуг ІБ00-000352 від 01.02.2025 18:00:02 Цех екстракції (Глобине) | D35: Обл. НДС Пісок з відсіву дроблення щебеню фр. 0-5мм. Надходження товарів і послуг ІБ00-000352 від 01.02.2025 18:00:02 Резервуарний парк соєвої меляси (Глобине) | E35: 205 | H35: 205 | I35: 27170 | K35: Д | L35: 40416.77
A36: Обороти за період та сальдо на кінець | E36: 153329.15 | H36: 465080.65 | K36: Д | L36: 40416.77
J38: =SUBTOTAL(9,I11:J33) -> 424259.37

Sheet СПК
A1: Період | B1: Документ | C1: Аналітика Дт | D1: Аналітика Кт | E1: Дебет | H1: Кредит | K1: Поточне сальдо
E2: Рахунок | H2: Рахунок
A3: 03.03.2025 | B3: Надходження товарів і послуг ІБ00-000753 від 03.03.2025 18:08:00 Оприходованы ТМЦ (Зачет аванса поставщику) | C3: Обл. НДС Ригель Р5 2Р6.3.83-5 L=6740 Надходження товарів і послуг ІБ00-000753 від 03.03.2025 18:08:00 СПК (Глобине) | D3: БМЗ БЕТОН ПП Договір ПП/М 221-2 від 14.01.2025 _Глобино-2 Рахунок на оплату постачальника ІБ00-000358 від 28.01.2025 23:21:44 | E3: 205 | F3: 60486 | H3: 631 | K3: Д | L3: 1618026.3
A4: 03.03.2025 | B4: Надходження товарів і послуг ІБ00-000753 від 03.03.2025 18:08:00 Оприходованы ТМЦ (Зачет аванса поставщику) | C4: Обл. НДС Плита перекриття ПП1 3ПГ 12-1АІІІв L=6660 Надходження товарів і послуг ІБ00-000753 від 03.03.2025 18:08:00 СПК (Глобине) | D4: БМЗ БЕТОН ПП Договір ПП/М 221-2 від 14.01.2025 _Глобино-2 Рахунок на оплату постачальника ІБ00-000358 від 28.01.2025 23:21:44 | E4: 205 | F4: 94050 | H4: 631 | K4: Д | L4: 1712076.3
A5: 03.03.2025 | B5: Надходження товарів і послуг ІБ00-000753 від 03.03.2025 18:08:00 Оприходованы ТМЦ (Зачет аванса поставщику) | C5: Обл. НДС Ригель Р4 1Р6.3.83-2 L=6740 Надходження товарів і послуг ІБ00-000753 від 03.03.2025 18:08:00 СПК (Глобине) | D5: БМЗ БЕТОН ПП Договір ПП/М 221-2 від 14.01.2025 _Глобино-2 Рахунок на оплату постачальника ІБ00-000358 від 28.01.2025 23:21:44 | E5: 205 | F5: 28454 | H5: 631 | K5: Д | L5: 1740530.3
A6: 03.03.2025 | B6: Надходження товарів і послуг ІБ00-000754 від 03.03.2025 18:08:01 Оприходованы ТМЦ (Зачет аванса поставщику) | C6: Обл. НДС Ригель Р5 2Р6.3.83-5 L=6740 Надходження товарів і послуг ІБ00-000754 від 03.03.2025 18:08:01 СПК (Глобине) | D6: БМЗ БЕТОН ПП Договір ПП/М 221-2 від 14.01.2025 _Глобино-2 Рахунок на оплату постачальника ІБ00-000358 від 28.01.2025 23:21:44 | E6: 205 | F6: 90729 | H6: 631 | K6: Д | L6: 1831259.3
A7: 03.03.2025 | B7: Надходження товарів і послуг ІБ00-000754 від 03.03.2025 18:08:01 Оприходованы ТМЦ (Зачет аванса поставщику) | C7: Обл. НДС Плита перекриття ПП1 3ПГ 12-1АІІІв L=6660 Надходження товарів і послуг ІБ00-000754 від 03.03.2025 18:08:01 СПК (Глобине) | D7: БМЗ БЕТОН ПП Договір ПП/М 221-2 від 14.01.2025 _Глобино-2 Рахунок на оплату постачальника ІБ00-000358 від 28.01.2025 23:21:44 | E7: 205 | F7: 94050 | H7: 631 | K7: Д | L7: 1925309.3
A8: 03.03.2025 | B8: Надходження дод. витрат ІБ00-000129 від 03.03.2025 18:15:00 Доп. расходы при поступлении товаров (Зачет аванса поставщику) | C8: Обл. НДС Ригель Р5 2Р6.3.83-5 L=6740 Надходження товарів і послуг ІБ00-000754 від 03.03.2025 18:08:01 СПК (Глобине) | D8: БМЗ БЕТОН ПП Договір ПП/М 221-2 від 14.01.2025 _Глобино-2 Рахунок на оплату постачальника ІБ00-000358 від 28.01.2025 23:21:44 | E8: 205 | F8: 2008.89 | H8: 631 | K8: Д | L8: 1927318.2
A9: 03.03.2025 | B9: Надходження дод. витрат ІБ00-000129 від 03.03.2025 18:15:00 Доп. расходы при поступлении товаров (Зачет аванса поставщику) | C9: Обл. НДС Плита перекриття ПП1 3ПГ 12-1АІІІв L=6660 Надходження товарів і послуг ІБ00-000754 від 03.03.2025 18:08:01 СПК (Глобине) | D9: БМЗ БЕТОН ПП Договір ПП/М 221-2 від 14.01.2025 _Глобино-2 Рахунок на оплату постачальника ІБ00-000358 від 28.01.2025 23:21:44 | E9: 205 | F9: 2082.42 | H9: 631 | K9: Д | L9: 1929400.6
A10: 03.03.2025 | B10: Надходження дод. витрат ІБ00-000128 від 03.03.2025 18:20:00 Доп. расходы при поступлении товаров (Зачет аванса поставщику) | C10: Обл. НДС Ригель Р5 2Р6.3.83-5 L=6740 Надходження товарів і послуг ІБ00-000753 від 03.03.2025 18:08:00 СПК (Глобине) | D10: БМЗ БЕТОН ПП Договір ПП/М 221-2 від 14.01.2025 _Глобино-2 Рахунок на оплату постачальника ІБ00-000358 від 28.01.2025 23:21:44 | E10: 205 | F10: 1339.26 | H10: 631 | K10: Д | L10: 1930739.9
A11: 03.03.2025 | B11: Надходження дод. витрат ІБ00-000128 від 03.03.2025 18:20:00 Доп. расходы при поступлении товаров (Зачет аванса поставщику) | C11: Обл. НДС Плита перекриття ПП1 3ПГ 12-1АІІІв L=6660 Надходження товарів і послуг ІБ00-000753 від 03.03.2025 18:08:00 СПК (Глобине) | D11: БМЗ БЕТОН ПП Договір ПП/М 221-2 від 14.01.2025 _Глобино-2 Рахунок на оплату постачальника ІБ00-000358 від 28.01.2025 23:21:44 | E11: 205 | F11: 2082.42 | H11: 631 | K11: Д | L11: 1932822.3
A12: 03.03.2025 | B12: Надходження дод. витрат ІБ00-000128 від 03.03.2025 18:20:00 Доп. расходы при поступлении товаров (Зачет аванса поставщику) | C12: Обл. НДС Ригель Р4 1Р6.3.83-2 L=6740 Надходження товарів і послуг ІБ00-000753 від 03.03.2025 18:08:00 СПК (Глобине) | D12: БМЗ БЕТОН ПП Договір ПП/М 221-2 від 14.01.2025 _Глобино-2 Рахунок на оплату постачальника ІБ00-000358 від 28.01.2025 23:21:44 | E12: 205 | F12: 630.02 | H12: 631 | K12: Д | L12: 1933452.3
A13: 05.03.2025 | B13: Надходження товарів і послуг ІБ00-000848 від 05.03.2025 18:37:49 Оприходованы ТМЦ (Зачет аванса поставщику) | C13: Обл. НДС Колона К19н 2КН 48.124-13 L=10650 Надходження товарів і послуг ІБ00-000848 від 05.03.2025 18:37:49 СПК (Глобине) | D13: БМЗ БЕТОН ПП Договір ПП/М 221-2 від 14.01.2025 _Глобино-2 Рахунок на оплату постачальника ІБ00-000358 від 28.01.2025 23:21:44 | E13: 205 | F13: 73158 | H13: 631 | K13: Д | L13: 2006610.3
A14: 05.03.2025 | B14: Надходження товарів і послуг ІБ00-000848 від 05.03.2025 18:37:49 Оприходованы ТМЦ (Зачет аванса поставщику) | C14: Обл. НДС Колона К20н 2КН 48.124-13 L=10650 Надходження товарів і послуг ІБ00-000848 від 05.03.2025 18:37:49 СПК (Глобине) | D14: БМЗ БЕТОН ПП Договір ПП/М 221-2 від 14.01.2025 _Глобино-2 Рахунок на оплату постачальника ІБ00-000358 від 28.01.2025 23:21:44 | E14: 205 | F14: 70726 | H14: 631 | K14: Д | L14: 2077336.3
... A81: 17.03.2025 | B81: Надходження товарів і послуг ІБ00-001156 від 17.03.2025 17:20:44 Оприходованы ТМЦ (Зачет аванса поставщику) | C81: Обл. НДС Заготовка арматури Надходження товарів і послуг ІБ00-001156 від 17.03.2025 17:20:44 СПК (Глобине) | D81: БМЗ БЕТОН ПП Договір ПП/М 221-2 від 14.01.2025 _Глобино-2 Рахунок на оплату постачальника ІБ00-000358 від 28.01.2025 23:21:44 | E81: 205 | F81: 187593.02 | H81: 631 | K81: Д | L81: 4541542.1
A82: 17.03.2025 | B82: Повернення товарів постачальнику ІБ00-000014 від 17.03.2025 18:00:00 Возврат ТМЦ | C82: БМЗ БЕТОН ПП Договір ПП/М 221-2 від 14.01.2025 _Глобино-2 Рахунок на оплату постачальника ІБ00-000358 від 28.01.2025 23:21:44 | D82: Обл. НДС Колона К17н 2КН 48.124-13 L=10650 Надходження товарів і послуг ІБ00-001083 від 14.03.2025 17:50:48 СПК (Глобине) | E82: 631 | H82: 205 | I82: 78023 | K82: Д | L82: 4463519.1
A83: 17.03.2025 | B83: Повернення товарів постачальнику ІБ00-000014 від 17.03.2025 18:00:00 Возврат ТМЦ | C83: БМЗ БЕТОН ПП Договір ПП/М 221-2 від 14.01.2025 _Глобино-2 Рахунок на оплату постачальника ІБ00-000358 від 28.01.2025 23:21:44 | D83: Обл. НДС Колона К18н 2КН 48.124-13 L=10650 Надходження товарів і послуг ІБ00-001083 від 14.03.2025 17:50:48 СПК (Глобине) | E83: 631 | H83: 205 | I83: 76715 | K83: Д | L83: 4386804.1
A84: 17.03.2025 | B84: Надходження дод. витрат ІБ00-000179 від 17.03.2025 18:00:22 Доп. расходы при поступлении товаров (Зачет аванса поставщику) | C84: Обл. НДС Плита ребриста РП1а РП 6.2.65-2 L=6240 Надходження товарів і послуг ІБ00-001154 від 17.03.2025 17:20:42 СПК (Глобине) | D84: БМЗ БЕТОН ПП Договір ПП/М 221-2 від 14.01.2025 _Глобино-2 Рахунок на оплату постачальника ІБ00-000358 від 28.01.2025 23:21:44 | E84: 205 | F84: 2876.95 | H84: 631 | K84: Д | L84: 4389681.1
A85: 17.03.2025 | B85: Надходження дод. витрат ІБ00-000180 від 17.03.2025 18:00:23 Доп. расходы при поступлении товаров (Зачет аванса поставщику) | C85: Обл. НДС Плита ребриста РП1 РП 6.2.65-2 L=6240 Надходження товарів і послуг ІБ00-001155 від 17.03.2025 17:20:43 СПК (Глобине) | D85: БМЗ БЕТОН ПП Договір ПП/М 221-2 від 14.01.2025 _Глобино-2 Рахунок на оплату постачальника ІБ00-000358 від 28.01.2025 23:21:44 | E85: 205 | F85: 1888.75 | H85: 631 | K85: Д | L85: 4391569.8
A86: 17.03.2025 | B86: Надходження дод. витрат ІБ00-000180 від 17.03.2025 18:00:23 Доп. расходы при поступлении товаров (Зачет аванса поставщику) | C86: Обл. НДС Ригель Р4 1Р6.3.83-2 L=6740 Надходження товарів і послуг ІБ00-001155 від 17.03.2025 17:20:43 СПК (Глобине) | D86: БМЗ БЕТОН ПП Договір ПП/М 221-2 від 14.01.2025 _Глобино-2 Рахунок на оплату постачальника ІБ00-000358 від 28.01.2025 23:21:44 | E86: 205 | F86: 2172.3 | H86: 631 | K86: Д | L86: 4393742.1
A87: 17.03.2025 | B87: Надходження дод. витрат ІБ00-000181 від 17.03.2025 18:00:24 Доп. расходы при поступлении товаров (Зачет аванса поставщику) | C87: Обл. НДС Заготовка арматури Надходження товарів і послуг ІБ00-001156 від 17.03.2025 17:20:44 СПК (Глобине) | D87: БМЗ БЕТОН ПП Договір ПП/М 221-2 від 14.01.2025 _Глобино-2 Рахунок на оплату постачальника ІБ00-000358 від 28.01.2025 23:21:44 | E87: 205 | F87: 4773.87 | H87: 631 | K87: Д | L87: 4398516
A88: 18.03.2025 | B88: Вимога-накладна ІБ00-000200 від 18.03.2025 15:00:00 Списаны ТМЦ | C88: Обл. НДС Виробничий (Глобине-2) Глобине-2 Прямі материальні виробничі витрати крім зворотніх відходів | D88: Обл. НДС Колона К6н 4КН 48.124-13-3 L=10650 Надходження товарів і послуг ІБ00-000830 від 24.02.2025 23:35:38 СПК (Глобине) | E88: 231 | H88: 205 | I88: 77169.55 | K88: Д | L88: 4321346.5
A89: 18.03.2025 | B89: Вимога-накладна ІБ00-000200 від 18.03.2025 15:00:00 Списаны ТМЦ | C89: Обл. НДС Виробничий (Глобине-2) Глобине-2 Прямі материальні виробничі витрати крім зворотніх відходів | D89: Обл. НДС Колона К7н 4КН 48.124-13-4 L=10650 Надходження товарів і послуг ІБ00-000830 від 24.02.2025 23:35:38 СПК (Глобине) | E89: 231 | H89: 205 | I89: 77790.11 | K89: Д | L89: 4243556.3
A90: 18.03.2025 | B90: Вимога-накладна ІБ00-000200 від 18.03.2025 15:00:00 Списаны ТМЦ | C90: Обл. НДС Виробничий (Глобине-2) Глобине-2 Прямі материальні виробничі витрати крім зворотніх відходів | D90: Обл. НДС Колона К8н 4КН 48.124-13-5 L=10650 Надходження товарів і послуг ІБ00-000951 від 28.02.2025 18:00:00 СПК (Глобине) | E90: 231 | H90: 205 | I90: 75230.96 | K90: Д | L90: 4168325.4
A91: 18.03.2025 | B91: Вимога-накладна ІБ00-000200 від 18.03.2025 15:00:00 Списаны ТМЦ | C91: Обл. НДС Виробничий (Глобине-2) Глобине-2 Прямі материальні виробничі витрати крім зворотніх відходів | D91: Обл. НДС Колона К9н 4КН 48.124-13-6 L=10650 Надходження товарів і послуг ІБ00-000951 від 28.02.2025 18:00:00 СПК (Глобине) | E91: 231 | H91: 205 | I91: 73631.87 | K91: Д | L91: 4094693.5
A92: 18.03.2025 | B92: Вимога-накладна ІБ00-000200 від 18.03.2025 15:00:00 Списаны ТМЦ | C92: Обл. НДС Виробничий (Глобине-2) Глобине-2 Прямі материальні виробничі витрати крім зворотніх відходів | D92: Обл. НДС Колона К28н 4КН 48.124-13-11 L=10650 Надходження товарів і послуг ІБ00-000951 від 28.02.2025 18:00:00 СПК (Глобине) | E92: 231 | H92: 205 | I92: 77661.89 | K92: Д | L92: 4017031.6
A93: 18.03.2025 | B93: Вимога-накладна ІБ00-000200 від 18.03.2025 15:00:00 Списаны ТМЦ | C93: Обл. НДС Виробничий (Глобине-2) Глобине-2 Прямі материальні виробничі витрати крім зворотніх відходів | D93: Обл. НДС Колона К29н 4КН 48.124-13-12 L=10650 Надходження товарів і послуг ІБ00-000951 від 28.02.2025 18:00:00 СПК (Глобине) | E93: 231 | H93: 205 | I93: 74399.1 | K93: Д | L93: 3942632.5
A94: 18.03.2025 | B94: Вимога-накладна ІБ00-000200 від 18.03.2025 15:00:00 Списаны ТМЦ | C94: Обл. НДС Виробничий (Глобине-2) Глобине-2 Прямі материальні виробничі витрати крім зворотніх відходів | D94: Обл. НДС Ригель Р5 2Р6.3.83-5 L=6740 Надходження товарів і послуг ІБ00-000829 від 24.02.2025 23:35:37 СПК (Глобине) | E94: 231 | H94: 205 | I94: 62041.31 | K94: Д | L94: 3880591.2
A95: 18.03.2025 | B95: Вимога-накладна ІБ00-000200 від 18.03.2025 15:00:00 Списаны ТМЦ | C95: Обл. НДС Виробничий (Глобине-2) Глобине-2 Прямі материальні виробничі витрати крім зворотніх відходів | D95: Обл. НДС Ригель Р5 2Р6.3.83-5 L=6740 Надходження товарів і послуг ІБ00-000830 від 24.02.2025 23:35:38 СПК (Глобине) | E95: 231 | H95: 205 | I95: 62041.31 | K95: Д | L95: 3818549.9
A96: 18.03.2025 | B96: Вимога-накладна ІБ00-000200 від 18.03.2025 15:00:00 Списаны ТМЦ | C96: Обл. НДС Виробничий (Глобине-2) Глобине-2 Прямі материальні виробничі витрати крім зворотніх відходів | D96: Обл. НДС Плита ребриста РП1 РП 6.2.65-2 L=6240 Надходження товарів і послуг ІБ00-000828 від 27.02.2025 21:38:54 СПК (Глобине) | E96: 231 | H96: 205 | I96: 19032.11 | K96: Д | L96: 3799517.8
A97: 18.03.2025 | B97: Вимога-накладна ІБ00-000200 від 18.03.2025 15:00:00 Списаны ТМЦ | C97: Обл. НДС Виробничий (Глобине-2) Глобине-2 Прямі материальні виробничі витрати крім зворотніх відходів | D97: Обл. НДС Плита ребриста РП1 РП 6.2.65-2 L=6240 Надходження товарів і послуг ІБ00-001010 від 28.02.2025 18:00:00 СПК (Глобине) | E97: 231 | H97: 205 | I97: 19032.12 | K97: Д | L97: 3780485.7
A98: 18.03.2025 | B98: Вимога-накладна ІБ00-000200 від 18.03.2025 15:00:00 Списаны ТМЦ | C98: Обл. НДС Виробничий (Глобине-2) Глобине-2 Прямі материальні виробничі витрати крім зворотніх відходів | D98: Обл. НДС Плита ребриста РП1а РП 6.2.65-2 L=6240 Надходження товарів і послуг ІБ00-000829 від 24.02.2025 23:35:37 СПК (Глобине) | E98: 231 | H98: 205 | I98: 38652.99 | K98: Д | L98: 3741832.7
A99: 18.03.2025 | B99: Вимога-накладна ІБ00-000200 від 18.03.2025 15:00:00 Списаны ТМЦ | C99: Обл. НДС Виробничий (Глобине-2) Глобине-2 Прямі материальні виробничі витрати крім зворотніх відходів | D99: Обл. НДС Плита ребриста РП1а РП 6.2.65-2 L=6240 Надходження товарів і послуг ІБ00-000829 від 24.02.2025 23:35:37 СПК (Глобине) | E99: 231 | H99: 205 | I99: 38652.98 | K99: Д | L99: 3703179.7
... A110: 18.03.2025 | B110: Вимога-накладна ІБ00-000200 від 18.03.2025 15:00:00 Списаны ТМЦ | C110: Обл. НДС Виробничий (Глобине-2) Глобине-2 Прямі материальні виробничі витрати крім зворотніх відходів | D110: Обл. НДС Плита перекриття ПП2 3ПГ 12-1АІІІв В=1200 L=6660 Надходження товарів і послуг ІБ00-001010 від 28.02.2025 18:00:00 СПК (Глобине) | E110: 231 | H110: 205 | I110: 92206.52 | K110: Д | L110: 3010340
A111: 18.03.2025 | B111: Надходження товарів і послуг ІБ00-001153 від 18.03.2025 16:12:31 Оприходованы ТМЦ (Зачет аванса поставщику) | C111: Обл. НДС Ригель Р5 2Р6.3.83-5 L=6740 Надходження товарів і послуг ІБ00-001153 від 18.03.2025 16:12:31 СПК (Глобине) | D111: БМЗ БЕТОН ПП Договір ПП/М 221-2 від 14.01.2025 _Глобино-2 Рахунок на оплату постачальника ІБ00-000358 від 28.01.2025 23:21:44 | E111: 205 | F111: 90729 | H111: 631 | K111: Д | L111: 3101069
A112: 18.03.2025 | B112: Надходження товарів і послуг ІБ00-001153 від 18.03.2025 16:12:31 Оприходованы ТМЦ (Зачет аванса поставщику) | C112: Обл. НДС Плита ребриста РП1а РП 6.2.65-2 L=6240 Надходження товарів і послуг ІБ00-001153 від 18.03.2025 16:12:31 СПК (Глобине) | D112: БМЗ БЕТОН ПП Договір ПП/М 221-2 від 14.01.2025 _Глобино-2 Рахунок на оплату постачальника ІБ00-000358 від 28.01.2025 23:21:44 | E112: 205 | F112: 75368 | H112: 631 | K112: Д | L112: 3176437
A113: 18.03.2025 | B113: Повернення товарів постачальнику ІБ00-000015 від 18.03.2025 18:00:00 Возврат ТМЦ | C113: БМЗ БЕТОН ПП Договір ПП/М 221-2 від 14.01.2025 _Глобино-2 Рахунок на оплату постачальника ІБ00-000358 від 28.01.2025 23:21:44 | D113: Обл. НДС Плита ребриста РП1а РП 6.2.65-2 L=6240 Надходження товарів і послуг ІБ00-001154 від 17.03.2025 17:20:42 СПК (Глобине) | E113: 631 | H113: 205 | I113: 18842 | K113: Д | L113: 3157595
A114: 18.03.2025 | B114: Надходження дод. витрат ІБ00-000182 від 18.03.2025 23:12:54 Доп. расходы при поступлении товаров (Зачет аванса поставщику) | C114: Обл. НДС Ригель Р5 2Р6.3.83-5 L=6740 Надходження товарів і послуг ІБ00-001153 від 18.03.2025 16:12:31 СПК (Глобине) | D114: БМЗ БЕТОН ПП Договір ПП/М 221-2 від 14.01.2025 _Глобино-2 Рахунок на оплату постачальника ІБ00-000358 від 28.01.2025 23:21:44 | E114: 205 | F114: 2308.87 | H114: 631 | K114: Д | L114: 3159903.9
A115: 18.03.2025 | B115: Надходження дод. витрат ІБ00-000182 від 18.03.2025 23:12:54 Доп. расходы при поступлении товаров (Зачет аванса поставщику) | C115: Обл. НДС Плита ребриста РП1а РП 6.2.65-2 L=6240 Надходження товарів і послуг ІБ00-001153 від 18.03.2025 16:12:31 СПК (Глобине) | D115: БМЗ БЕТОН ПП Договір ПП/М 221-2 від 14.01.2025 _Глобино-2 Рахунок на оплату постачальника ІБ00-000358 від 28.01.2025 23:21:44 | E115: 205 | F115: 1917.97 | H115: 631 | K115: Д | L115: 3161821.8
A116: 19.03.2025 | B116: Надходження товарів і послуг ІБ00-001152 від 19.03.2025 12:00:00 Оприходованы ТМЦ (Зачет аванса поставщику) | C116: Обл. НДС Плита ребриста РП2 РП 6.2.53-2 Надходження товарів і послуг ІБ00-001152 від 19.03.2025 12:00:00 СПК (Глобине) | D116: БМЗ БЕТОН ПП Договір ПП/М 221-2 від 14.01.2025 _Глобино-2 Рахунок на оплату постачальника ІБ00-000358 від 28.01.2025 23:21:44 | E116: 205 | F116: 30920 | H116: 631 | K116: Д | L116: 3192741.8
A117: 19.03.2025 | B117: Надходження товарів і послуг ІБ00-001152 від 19.03.2025 12:00:00 Оприходованы ТМЦ (Зачет аванса поставщику) | C117: Обл. НДС Плита перекриття ПП1 3ПГ 12-1АІІІв L=6660 Надходження товарів і послуг ІБ00-001152 від 19.03.2025 12:00:00 СПК (Глобине) | D117: БМЗ БЕТОН ПП Договір ПП/М 221-2 від 14.01.2025 _Глобино-2 Рахунок на оплату постачальника ІБ00-000358 від 28.01.2025 23:21:44 | E117: 205 | F117: 188100 | H117: 631 | K117: Д | L117: 3380841.8
A118: 19.03.2025 | B118: Надходження дод. витрат ІБ00-000183 від 19.03.2025 23:12:50 Доп. расходы при поступлении товаров (Зачет аванса поставщику) | C118: Обл. НДС Плита ребриста РП2 РП 6.2.53-2 Надходження товарів і послуг ІБ00-001152 від 19.03.2025 12:00:00 СПК (Глобине) | D118: БМЗ БЕТОН ПП Договір ПП/М 221-2 від 14.01.2025 _Глобино-2 Рахунок на оплату постачальника ІБ00-000358 від 28.01.2025 23:21:44 | E118: 205 | F118: 786.85 | H118: 631 | K118: Д | L118: 3381628.7
A119: 19.03.2025 | B119: Надходження дод. витрат ІБ00-000183 від 19.03.2025 23:12:50 Доп. расходы при поступлении товаров (Зачет аванса поставщику) | C119: Обл. НДС Плита перекриття ПП1 3ПГ 12-1АІІІв L=6660 Надходження товарів і послуг ІБ00-001152 від 19.03.2025 12:00:00 СПК (Глобине) | D119: БМЗ БЕТОН ПП Договір ПП/М 221-2 від 14.01.2025 _Глобино-2 Рахунок на оплату постачальника ІБ00-000358 від 28.01.2025 23:21:44 | E119: 205 | F119: 4786.78 | H119: 631 | K119: Д | L119: 3386415.5
A120: 20.03.2025 | B120: Вимога-накладна ІБ00-000206 від 20.03.2025 08:20:25 Списаны ТМЦ | C120: Обл. НДС Виробничий (Глобине-2) Глобине-2 Прямі материальні виробничі витрати крім зворотніх відходів | D120: Обл. НДС Пісок з відсіву дроблення щебеню фр. 0-5мм. Надходження товарів і послуг ІБ00-000257 від 27.01.2025 18:19:37 СПК (Глобине) | E120: 231 | H120: 205 | I120: 29395 | K120: Д | L120: 3357020.5
A121: 20.03.2025 | B121: Вимога-накладна ІБ00-000206 від 20.03.2025 08:20:25 Списаны ТМЦ | C121: Обл. НДС Виробничий (Глобине-2) Глобине-2 Прямі материальні виробничі витрати крім зворотніх відходів | D121: Обл. НДС Пісок з відсіву дроблення щебеню фр. 0-5мм. Надходження товарів і послуг ІБ00-000419 від 04.02.2025 17:50:11 СПК (Глобине) | E121: 231 | H121: 205 | I121: 1653 | K121: Д | L121: 3355367.5
A122: 20.03.2025 | B122: Вимога-накладна ІБ00-000206 від 20.03.2025 08:20:25 Списаны ТМЦ | C122: Обл. НДС Виробничий (Глобине-2) Глобине-2 Прямі материальні виробничі витрати крім зворотніх відходів | D122: Обл. НДС Пісок з відсіву дроблення щебеню фр. 0-5мм. Надходження товарів і послуг ІБ00-000419 від 04.02.2025 17:50:11 СПК (Глобине) | E122: 231 | H122: 205 | I122: 4848 | K122: Д | L122: 3350519.5
A123: 20.03.2025 | B123: Вимога-накладна ІБ00-000206 від 20.03.2025 08:20:25 Списаны ТМЦ | C123: Обл. НДС Виробничий (Глобине-2) Глобине-2 Прямі материальні виробничі витрати крім зворотніх відходів | D123: Обл. НДС Пісок з відсіву дроблення щебеню фр. 0-5мм. Надходження товарів і послуг ІБ00-000491 від 07.02.2025 18:30:12 СПК (Глобине) | E123: 231 | H123: 205 | I123: 30810 | K123: Д | L123: 3319709.5
A124: 21.03.2025 | B124: Надходження товарів і послуг ІБ00-001169 від 21.03.2025 19:25:57 Оприходованы ТМЦ (Зачет аванса поставщику) | C124: Обл. НДС Дужка-накладка д/стикування арматури ф32 Надходження товарів і послуг ІБ00-001169 від 21.03.2025 19:25:57 СПК (Глобине) | D124: БМЗ БЕТОН ПП Договір ПП/М 221-2 від 14.01.2025 _Глобино-2 Рахунок на оплату постачальника ІБ00-000358 від 28.01.2025 23:21:44 | E124: 205 | F124: 49280 | H124: 631 | K124: Д | L124: 3368989.5
A125: 21.03.2025 | B125: Надходження товарів і послуг ІБ00-001169 від 21.03.2025 19:25:57 Оприходованы ТМЦ (Зачет аванса поставщику) | C125: Обл. НДС Дужка-накладка д/стикування арматури ф25 Надходження товарів і послуг ІБ00-001169 від 21.03.2025 19:25:57 СПК (Глобине) | D125: БМЗ БЕТОН ПП Договір ПП/М 221-2 від 14.01.2025 _Глобино-2 Рахунок на оплату постачальника ІБ00-000358 від 28.01.2025 23:21:44 | E125: 205 | F125: 11856 | H125: 631 | K125: Д | L125: 3380845.5
A126: 21.03.2025 | B126: Надходження товарів і послуг ІБ00-001169 від 21.03.2025 19:25:57 Оприходованы ТМЦ (Зачет аванса поставщику) | C126: Обл. НДС Дужка-накладка д/стикування арматури ф20 Надходження товарів і послуг ІБ00-001169 від 21.03.2025 19:25:57 СПК (Глобине) | D126: БМЗ БЕТОН ПП Договір ПП/М 221-2 від 14.01.2025 _Глобино-2 Рахунок на оплату постачальника ІБ00-000358 від 28.01.2025 23:21:44 | E126: 205 | F126: 10192 | H126: 631 | K126: Д | L126: 3391037.5
A127: 21.03.2025 | B127: Надходження товарів і послуг ІБ00-001170 від 21.03.2025 19:25:58 Оприходованы ТМЦ (Зачет аванса поставщику) | C127: Обл. НДС Плита ребриста РП2 РП 6.2.53-2 Надходження товарів і послуг ІБ00-001170 від 21.03.2025 19:25:58 СПК (Глобине) | D127: БМЗ БЕТОН ПП Договір ПП/М 221-2 від 14.01.2025 _Глобино-2 Рахунок на оплату постачальника ІБ00-000358 від 28.01.2025 23:21:44 | E127: 205 | F127: 30920 | H127: 631 | K127: Д | L127: 3421957.5
A128: 21.03.2025 | B128: Надходження товарів і послуг ІБ00-001170 від 21.03.2025 19:25:58 Оприходованы ТМЦ (Зачет аванса поставщику) | C128: Обл. НДС Плита перекриття ПП1 3ПГ 12-1АІІІв L=6660 Надходження товарів і послуг ІБ00-001170 від 21.03.2025 19:25:58 СПК (Глобине) | D128: БМЗ БЕТОН ПП Договір ПП/М 221-2 від 14.01.2025 _Глобино-2 Рахунок на оплату постачальника ІБ00-000358 від 28.01.2025 23:21:44 | E128: 205 | F128: 94050 | H128: 631 | K128: Д | L128: 3516007.5
A129: 21.03.2025 | B129: Надходження товарів і послуг ІБ00-001170 від 21.03.2025 19:25:58 Оприходованы ТМЦ (Зачет аванса поставщику) | C129: Обл. НДС Плита перекриття ПП2 3ПГ 12-1АІІІв В=1200 L=6660 Надходження товарів і послуг ІБ00-001170 від 21.03.2025 19:25:58 СПК (Глобине) | D129: БМЗ БЕТОН ПП Договір ПП/М 221-2 від 14.01.2025 _Глобино-2 Рахунок на оплату постачальника ІБ00-000358 від 28.01.2025 23:21:44 | E129: 205 | F129: 89895 | H129: 631 | K129: Д | L129: 3605902.5
A130: 21.03.2025 | B130: Надходження товарів і послуг ІБ00-001171 від 21.03.2025 19:25:59 Оприходованы ТМЦ (Зачет аванса поставщику) | C130: Обл. НДС Заготовка арматури Надходження товарів і послуг ІБ00-001171 від 21.03.2025 19:25:59 СПК (Глобине) | D130: БМЗ БЕТОН ПП Договір ПП/М 221-2 від 14.01.2025 _Глобино-2 Рахунок на оплату постачальника ІБ00-000358 від 28.01.2025 23:21:44 | E130: 205 | F130: 35845.8 | H130: 631 | K130: Д | L130: 3641748.3
A131: 21.03.2025 | B131: Надходження товарів і послуг ІБ00-001171 від 21.03.2025 19:25:59 Оприходованы ТМЦ (Зачет аванса поставщику) | C131: Обл. НДС Закладна деталь МН 540 Надходження товарів і послуг ІБ00-001171 від 21.03.2025 19:25:59 СПК (Глобине) | D131: БМЗ БЕТОН ПП Договір ПП/М 221-2 від 14.01.2025 _Глобино-2 Рахунок на оплату постачальника ІБ00-000358 від 28.01.2025 23:21:44 | E131: 205 | F131: 1660 | H131: 631 | K131: Д | L131: 3643408.3
A132: 21.03.2025 | B132: Надходження товарів і послуг ІБ00-001172 від 21.03.2025 19:26:00 Оприходованы ТМЦ (Зачет аванса поставщику) | C132: Обл. НДС Плита ребриста РП2 РП 6.2.53-2 Надходження товарів і послуг ІБ00-001172 від 21.03.2025 19:26:00 СПК (Глобине) | D132: БМЗ БЕТОН ПП Договір ПП/М 221-2 від 14.01.2025 _Глобино-2 Рахунок на оплату постачальника ІБ00-000358 від 28.01.2025 23:21:44 | E132: 205 | F132: 30920 | H132: 631 | K132: Д | L132: 3674328.3
A133: 21.03.2025 | B133: Надходження товарів і послуг ІБ00-001172 від 21.03.2025 19:26:00 Оприходованы ТМЦ (Зачет аванса поставщику) | C133: Обл. НДС Колона К17н 2КН 48.124-13 L=10650 Надходження товарів і послуг ІБ00-001172 від 21.03.2025 19:26:00 СПК (Глобине) | D133: БМЗ БЕТОН ПП Договір ПП/М 221-2 від 14.01.2025 _Глобино-2 Рахунок на оплату постачальника ІБ00-000358 від 28.01.2025 23:21:44 | E133: 205 | F133: 78023 | H133: 631 | K133: Д | L133: 3752351.3
A134: 21.03.2025 | B134: Надходження товарів і послуг ІБ00-001172 від 21.03.2025 19:26:00 Оприходованы ТМЦ (Зачет аванса поставщику) | C134: Обл. НДС Колона К18н 2КН 48.124-13 L=10650 Надходження товарів і послуг ІБ00-001172 від 21.03.2025 19:26:00 СПК (Глобине) | D134: БМЗ БЕТОН ПП Договір ПП/М 221-2 від 14.01.2025 _Глобино-2 Рахунок на оплату постачальника ІБ00-000358 від 28.01.2025 23:21:44 | E134: 205 | F134: 76715 | H134: 631 | K134: Д | L134: 3829066.3
A135: 21.03.2025 | B135: Надходження дод. витрат ІБ00-000184 від 21.03.2025 20:00:08 Доп. расходы при поступлении товаров (Зачет аванса поставщику) | C135: Обл. НДС Дужка-накладка д/стикування арматури ф32 Надходження товарів і послуг ІБ00-001169 від 21.03.2025 19:25:57 СПК (Глобине) | D135: БМЗ БЕТОН ПП Договір ПП/М 221-2 від 14.01.2025 _Глобино-2 Рахунок на оплату постачальника ІБ00-000358 від 28.01.2025 23:21:44 | E135: 205 | F135: 1254.08 | H135: 631 | K135: Д | L135: 3830320.4
... A181: 25.03.2025 | B181: Надходження дод. витрат ІБ00-000204 від 25.03.2025 18:00:00 Доп. расходы при поступлении товаров (Зачет аванса поставщику) | C181: Обл. НДС МН4 Надходження товарів і послуг ІБ00-001311 від 25.03.2025 17:56:45 СПК (Глобине) | D181: БМЗ БЕТОН ПП Договір ПП/М 221-2 від 14.01.2025 _Глобино-2 Рахунок на оплату постачальника ІБ00-000358 від 28.01.2025 23:21:44 | E181: 205 | F181: 33.97 | H181: 631 | K181: Д | L181: 5054392.5
A182: 26.03.2025 | B182: Вимога-накладна ІБ00-000222 від 26.03.2025 16:33:09 Списаны ТМЦ | C182: Обл. НДС Виробничий (Глобине-2) Глобине-2 Прямі материальні виробничі витрати крім зворотніх відходів | D182: Обл. НДС Клин монтажний Кл-1 Надходження товарів і послуг ІБ00-000850 від 05.03.2025 18:37:52 СПК (Глобине) | E182: 231 | H182: 205 | I182: 13124.3 | K182: Д | L182: 5041268.2
A183: 26.03.2025 | B183: Вимога-накладна ІБ00-000222 від 26.03.2025 16:33:09 Списаны ТМЦ | C183: Обл. НДС Виробничий (Глобине-2) Глобине-2 Прямі материальні виробничі витрати крім зворотніх відходів | D183: Обл. НДС Колона К10н 4КН 48.124-13-7 L=10650 Надходження товарів і послуг ІБ00-000949 від 07.03.2025 19:00:25 СПК (Глобине) | E183: 231 | H183: 205 | I183: 76818.03 | K183: Д | L183: 4964450.1
A184: 26.03.2025 | B184: Вимога-накладна ІБ00-000222 від 26.03.2025 16:33:09 Списаны ТМЦ | C184: Обл. НДС Виробничий (Глобине-2) Глобине-2 Прямі материальні виробничі витрати крім зворотніх відходів | D184: Обл. НДС Колона К19н 2КН 48.124-13 L=10650 Надходження товарів і послуг ІБ00-000848 від 05.03.2025 18:37:49 СПК (Глобине) | E184: 231 | H184: 205 | I184: 74777.83 | K184: Д | L184: 4889672.3
A185: 26.03.2025 | B185: Вимога-накладна ІБ00-000222 від 26.03.2025 16:33:09 Списаны ТМЦ | C185: Обл. НДС Виробничий (Глобине-2) Глобине-2 Прямі материальні виробничі витрати крім зворотніх відходів | D185: Обл. НДС Колона К20н 2КН 48.124-13 L=10650 Надходження товарів і послуг ІБ00-000848 від 05.03.2025 18:37:49 СПК (Глобине) | E185: 231 | H185: 205 | I185: 72291.99 | K185: Д | L185: 4817380.3
A186: 26.03.2025 | B186: Вимога-накладна ІБ00-000222 від 26.03.2025 16:33:09 Списаны ТМЦ | C186: Обл. НДС Виробничий (Глобине-2) Глобине-2 Прямі материальні виробничі витрати крім зворотніх відходів | D186: Обл. НДС Колона К21н 2КН 48.124-13 L=10650 Надходження товарів і послуг ІБ00-000949 від 07.03.2025 19:00:25 СПК (Глобине) | E186: 231 | H186: 205 | I186: 74140.02 | K186: Д | L186: 4743240.3
A187: 26.03.2025 | B187: Вимога-накладна ІБ00-000222 від 26.03.2025 16:33:09 Списаны ТМЦ | C187: Обл. НДС Виробничий (Глобине-2) Глобине-2 Прямі материальні виробничі витрати крім зворотніх відходів | D187: Обл. НДС Колона К22н 3КН 48.124-13 L=10650 Надходження товарів і послуг ІБ00-000949 від 07.03.2025 19:00:25 СПК (Глобине) | E187: 231 | H187: 205 | I187: 76753.64 | K187: Д | L187: 4666486.6
A188: 26.03.2025 | B188: Вимога-накладна ІБ00-000222 від 26.03.2025 16:33:09 Списаны ТМЦ | C188: Обл. НДС Виробничий (Глобине-2) Глобине-2 Прямі материальні виробничі витрати крім зворотніх відходів | D188: Обл. НДС Колона К30н 4КН 48.124-13-13 L=10650 Надходження товарів і послуг ІБ00-000848 від 05.03.2025 18:37:49 СПК (Глобине) | E188: 231 | H188: 205 | I188: 74777.84 | K188: Д | L188: 4591708.8
A189: 26.03.2025 | B189: Вимога-накладна ІБ00-000222 від 26.03.2025 16:33:09 Списаны ТМЦ | C189: Обл. НДС Виробничий (Глобине-2) Глобине-2 Прямі материальні виробничі витрати крім зворотніх відходів | D189: Обл. НДС Колона К31н 4КН 48.124-13 L=10650 Надходження товарів і послуг ІБ00-000848 від 05.03.2025 18:37:49 СПК (Глобине) | E189: 231 | H189: 205 | I189: 72291.99 | K189: Д | L189: 4519416.8
A190: 26.03.2025 | B190: Вимога-накладна ІБ00-000222 від 26.03.2025 16:33:09 Списаны ТМЦ | C190: Обл. НДС Виробничий (Глобине-2) Глобине-2 Прямі материальні виробничі витрати крім зворотніх відходів | D190: Обл. НДС Колона К33н 5КН 48.124-13-Н L=10650 Надходження товарів і послуг ІБ00-000949 від 07.03.2025 19:00:25 СПК (Глобине) | E190: 231 | H190: 205 | I190: 75479.03 | K190: Д | L190: 4443937.8
A191: 26.03.2025 | B191: Вимога-накладна ІБ00-000222 від 26.03.2025 16:33:09 Списаны ТМЦ | C191: Обл. НДС Виробничий (Глобине-2) Глобине-2 Прямі материальні виробничі витрати крім зворотніх відходів | D191: Обл. НДС Ригель Р4 1Р6.3.83-2 L=6740 Надходження товарів і послуг ІБ00-000753 від 03.03.2025 18:08:00 СПК (Глобине) | E191: 231 | H191: 205 | I191: 29084.02 | K191: Д | L191: 4414853.8
A192: 26.03.2025 | B192: Вимога-накладна ІБ00-000222 від 26.03.2025 16:33:09 Списаны ТМЦ | C192: Обл. НДС Виробничий (Глобине-2) Глобине-2 Прямі материальні виробничі витрати крім зворотніх відходів | D192: Обл. НДС Ригель Р5 2Р6.3.83-5 L=6740 Надходження товарів і послуг ІБ00-000753 від 03.03.2025 18:08:00 СПК (Глобине) | E192: 231 | H192: 205 | I192: 61825.26 | K192: Д | L192: 4353028.5
A193: 26.03.2025 | B193: Вимога-накладна ІБ00-000222 від 26.03.2025 16:33:09 Списаны ТМЦ | C193: Обл. НДС Виробничий (Глобине-2) Глобине-2 Прямі материальні виробничі витрати крім зворотніх відходів | D193: Обл. НДС Ригель Р5 2Р6.3.83-5 L=6740 Надходження товарів і послуг ІБ00-000754 від 03.03.2025 18:08:01 СПК (Глобине) | E193: 231 | H193: 205 | I193: 30912.63 | K193: Д | L193: 4322115.9
... A196: 26.03.2025 | B196: Вимога-накладна ІБ00-000222 від 26.03.2025 16:33:09 Списаны ТМЦ | C196: Обл. НДС Виробничий (Глобине-2) Глобине-2 Прямі материальні виробничі витрати крім зворотніх відходів | D196: Обл. НДС Плита перекриття ПП1 3ПГ 12-1АІІІв L=6660 Надходження товарів і послуг ІБ00-000754 від 03.03.2025 18:08:01 СПК (Глобине) | E196: 231 | H196: 205 | I196: 96132.42 | K196: Д | L196: 4068025.8
A197: 26.03.2025 | B197: Надходження товарів і послуг ІБ00-001312 від 26.03.2025 22:32:02 Оприходованы ТМЦ (Зачет аванса поставщику) | C197: Обл. НДС Плита перекриття ПП1 3ПГ 12-1АІІІв L=6660 Надходження товарів і послуг ІБ00-001312 від 26.03.2025 22:32:02 СПК (Глобине) | D197: БМЗ БЕТОН ПП Договір ПП/М 221-2 від 14.01.2025 _Глобино-2 Рахунок на оплату постачальника ІБ00-000358 від 28.01.2025 23:21:44 | E197: 205 | F197: 188100 | H197: 631 | K197: Д | L197: 4256125.8
A198: 26.03.2025 | B198: Надходження товарів і послуг ІБ00-001312 від 26.03.2025 22:32:02 Оприходованы ТМЦ (Зачет аванса поставщику) | C198: Обл. НДС Ригель Р1 2Р6 3.83-10 L=6740 Надходження товарів і послуг ІБ00-001312 від 26.03.2025 22:32:02 СПК (Глобине) | D198: БМЗ БЕТОН ПП Договір ПП/М 221-2 від 14.01.2025 _Глобино-2 Рахунок на оплату постачальника ІБ00-000358 від 28.01.2025 23:21:44 | E198: 205 | F198: 39594 | H198: 631 | K198: Д | L198: 4295719.8
A199: 26.03.2025 | B199: Надходження дод. витрат ІБ00-000205 від 26.03.2025 22:40:00 Доп. расходы при поступлении товаров (Зачет аванса поставщику) | C199: Обл. НДС Плита перекриття ПП1 3ПГ 12-1АІІІв L=6660 Надходження товарів і послуг ІБ00-001312 від 26.03.2025 22:32:02 СПК (Глобине) | D199: БМЗ БЕТОН ПП Договір ПП/М 221-2 від 14.01.2025 _Глобино-2 Рахунок на оплату постачальника ІБ00-000358 від 28.01.2025 23:21:44 | E199: 205 | F199: 4277.96 | H199: 631 | K199: Д | L199: 4299997.7
A200: 26.03.2025 | B200: Надходження дод. витрат ІБ00-000205 від 26.03.2025 22:40:00 Доп. расходы при поступлении товаров (Зачет аванса поставщику) | C200: Обл. НДС Ригель Р1 2Р6 3.83-10 L=6740 Надходження товарів і послуг ІБ00-001312 від 26.03.2025 22:32:02 СПК (Глобине) | D200: БМЗ БЕТОН ПП Договір ПП/М 221-2 від 14.01.2025 _Глобино-2 Рахунок на оплату постачальника ІБ00-000358 від 28.01.2025 23:21:44 | E200: 205 | F200: 900.48 | H200: 631 | K200: Д | L200: 4300898.2
A201: 27.03.2025 | B201: Переміщення товарів ІБ00-000247 від 27.03.2025 10:00:00 Перемещение ТМЦ | C201: Обл. НДС Бетон С20/25 W6 F75 P4 Надходження товарів і послуг ІБ00-001087 від 11.03.2025 19:00:13 Котельна (Глобине) | D201: Обл. НДС Бетон С20/25 W6 F75 P4 Надходження товарів і послуг ІБ00-001087 від 11.03.2025 19:00:13 СПК (Глобине) | E201: 205 | H201: 205 | I201: 11533.38 | K201: Д | L201: 4289364.8
A202: 27.03.2025 | B202: Переміщення товарів ІБ00-000247 від 27.03.2025 10:00:00 Перемещение ТМЦ | C202: Обл. НДС Бетон С20/25 W6 F75 P4 Надходження товарів і послуг ІБ00-001088 від 12.03.2025 18:45:33 Котельна (Глобине) | D202: Обл. НДС Бетон С20/25 W6 F75 P4 Надходження товарів і послуг ІБ00-001088 від 12.03.2025 18:45:33 СПК (Глобине) | E202: 205 | H202: 205 | I202: 7006.58 | K202: Д | L202: 4282358.2
A203: 27.03.2025 | B203: Вимога-накладна ІБ00-000223 від 27.03.2025 13:48:10 Списаны ТМЦ | C203: Обл. НДС Виробничий (Глобине-2) Глобине-2 Прямі материальні виробничі витрати крім зворотніх відходів | D203: Обл. НДС Клин монтажний Кл-1 Надходження товарів і послуг ІБ00-000946 від 07.03.2025 19:00:24 СПК (Глобине) | E203: 231 | H203: 205 | I203: 13124.3 | K203: Д | L203: 4269234
A204: 27.03.2025 | B204: Вимога-накладна ІБ00-000223 від 27.03.2025 13:48:10 Списаны ТМЦ | C204: Обл. НДС Виробничий (Глобине-2) Глобине-2 Прямі материальні виробничі витрати крім зворотніх відходів | D204: Обл. НДС Клин монтажний Кл-1 Надходження товарів і послуг ІБ00-000948 від 10.03.2025 18:00:07 СПК (Глобине) | E204: 231 | H204: 205 | I204: 4921.61 | K204: Д | L204: 4264312.3
A205: 27.03.2025 | B205: Вимога-накладна ІБ00-000223 від 27.03.2025 13:48:10 Списаны ТМЦ | C205: Обл. НДС Виробничий (Глобине-2) Глобине-2 Прямі материальні виробничі витрати крім зворотніх відходів | D205: Обл. НДС Клин монтажний Кл-1 Надходження товарів і послуг ІБ00-000948 від 10.03.2025 18:00:07 СПК (Глобине) | E205: 231 | H205: 205 | I205: 8202.69 | K205: Д | L205: 4256109.7
A206: 27.03.2025 | B206: Вимога-накладна ІБ00-000223 від 27.03.2025 13:48:10 Списаны ТМЦ | C206: Обл. НДС Виробничий (Глобине-2) Глобине-2 Прямі материальні виробничі витрати крім зворотніх відходів | D206: Обл. НДС Клин монтажний Кл-1 Надходження товарів і послуг ІБ00-001081 від 14.03.2025 17:50:46 СПК (Глобине) | E206: 231 | H206: 205 | I206: 4937.53 | K206: Д | L206: 4251172.1
A207: 27.03.2025 | B207: Вимога-накладна ІБ00-000223 від 27.03.2025 13:48:10 Списаны ТМЦ | C207: Обл. НДС Виробничий (Глобине-2) Глобине-2 Прямі материальні виробничі витрати крім зворотніх відходів | D207: Обл. НДС Колона К1н 5КН 48.124-13 L=10650 Надходження товарів і послуг ІБ00-001083 від 14.03.2025 17:50:48 СПК (Глобине) | E207: 231 | H207: 205 | I207: 75719.08 | K207: Д | L207: 4175453
A208: 27.03.2025 | B208: Вимога-накладна ІБ00-000223 від 27.03.2025 13:48:10 Списаны ТМЦ | C208: Обл. НДС Виробничий (Глобине-2) Глобине-2 Прямі материальні виробничі витрати крім зворотніх відходів | D208: Обл. НДС Колона К2н 4КН 48.124-13 L=10650 Надходження товарів і послуг ІБ00-000947 від 10.03.2025 18:00:06 СПК (Глобине) | E208: 231 | H208: 205 | I208: 73119.93 | K208: Д | L208: 4102333.1
A209: 27.03.2025 | B209: Вимога-накладна ІБ00-000223 від 27.03.2025 13:48:10 Списаны ТМЦ | C209: Обл. НДС Виробничий (Глобине-2) Глобине-2 Прямі материальні виробничі витрати крім зворотніх відходів | D209: Обл. НДС Колона К3н 4КН 48.124-13-1 L=10650 Надходження товарів і послуг ІБ00-000947 від 10.03.2025 18:00:06 СПК (Глобине) | E209: 231 | H209: 205 | I209: 71212.61 | K209: Д | L209: 4031120.5
A210: 27.03.2025 | B210: Вимога-накладна ІБ00-000223 від 27.03.2025 13:48:10 Списаны ТМЦ | C210: Обл. НДС Виробничий (Глобине-2) Глобине-2 Прямі материальні виробничі витрати крім зворотніх відходів | D210: Обл. НДС Колона К4н 4КН 48.124-13-1 L=10650 Надходження товарів і послуг ІБ00-000945 від 10.03.2025 18:00:05 СПК (Глобине) | E210: 231 | H210: 205 | I210: 71212.61 | K210: Д | L210: 3959907.9
A211: 27.03.2025 | B211: Вимога-накладна ІБ00-000223 від 27.03.2025 13:48:10 Списаны ТМЦ | C211: Обл. НДС Виробничий (Глобине-2) Глобине-2 Прямі материальні виробничі витрати крім зворотніх відходів | D211: Обл. НДС Колона К5н 4КН 48.124-13-2 L=10650 Надходження товарів і послуг ІБ00-000945 від 10.03.2025 18:00:05 СПК (Глобине) | E211: 231 | H211: 205 | I211: 73119.93 | K211: Д | L211: 3886788
A212: 27.03.2025 | B212: Вимога-накладна ІБ00-000223 від 27.03.2025 13:48:10 Списаны ТМЦ | C212: Обл. НДС Виробничий (Глобине-2) Глобине-2 Прямі материальні виробничі витрати крім зворотніх відходів | D212: Обл. НДС Колона К11н 5КН 48.124-13-1 L=10650 Надходження товарів і послуг ІБ00-000945 від 10.03.2025 18:00:05 СПК (Глобине) | E212: 231 | H212: 205 | I212: 80885.13 | K212: Д | L212: 3805902.8
... A225: 27.03.2025 | B225: Вимога-накладна ІБ00-000223 від 27.03.2025 13:48:10 Списаны ТМЦ | C225: Обл. НДС Виробничий (Глобине-2) Глобине-2 Прямі материальні виробничі витрати крім зворотніх відходів | D225: Обл. НДС Колона К32н 4КН 48.124-13 L=10650 Надходження товарів і послуг ІБ00-000945 від 10.03.2025 18:00:05 СПК (Глобине) | E225: 231 | H225: 205 | I225: 74777.84 | K225: Д | L225: 2820600.7
A226: 27.03.2025 | B226: Надходження товарів і послуг ІБ00-001313 від 27.03.2025 19:00:01 Оприходованы ТМЦ (Зачет аванса поставщику) | C226: Обл. НДС Заготовка арматури Надходження товарів і послуг ІБ00-001313 від 27.03.2025 19:00:01 СПК (Глобине) | D226: БМЗ БЕТОН ПП Договір ПП/М 221-2 від 14.01.2025 _Глобино-2 Рахунок на оплату постачальника ІБ00-000358 від 28.01.2025 23:21:44 | E226: 205 | F226: 19774.93 | H226: 631 | K226: Д | L226: 2840375.7
A227: 27.03.2025 | B227: Надходження товарів і послуг ІБ00-001314 від 27.03.2025 19:00:02 Оприходованы ТМЦ (Зачет аванса поставщику) | C227: Обл. НДС Плита перекриття ПП1 3ПГ 12-1АІІІв L=6660 Надходження товарів і послуг ІБ00-001314 від 27.03.2025 19:00:02 СПК (Глобине) | D227: БМЗ БЕТОН ПП Договір ПП/М 221-2 від 14.01.2025 _Глобино-2 Рахунок на оплату постачальника ІБ00-000358 від 28.01.2025 23:21:44 | E227: 205 | F227: 94050 | H227: 631 | K227: Д | L227: 2934425.7
A228: 27.03.2025 | B228: Надходження товарів і послуг ІБ00-001314 від 27.03.2025 19:00:02 Оприходованы ТМЦ (Зачет аванса поставщику) | C228: Обл. НДС Плита перекриття ПП2 3ПГ 12-1АІІІв В=1200 L=6660 Надходження товарів і послуг ІБ00-001314 від 27.03.2025 19:00:02 СПК (Глобине) | D228: БМЗ БЕТОН ПП Договір ПП/М 221-2 від 14.01.2025 _Глобино-2 Рахунок на оплату постачальника ІБ00-000358 від 28.01.2025 23:21:44 | E228: 205 | F228: 89895 | H228: 631 | K228: Д | L228: 3024320.7
A229: 27.03.2025 | B229: Надходження товарів і послуг ІБ00-001314 від 27.03.2025 19:00:02 Оприходованы ТМЦ | C229: Обл. НДС Ригель Р1 2Р6 3.83-10 L=6740 Надходження товарів і послуг ІБ00-001314 від 27.03.2025 19:00:02 СПК (Глобине) | D229: БМЗ БЕТОН ПП Договір ПП/М 221-2 від 14.01.2025 _Глобино-2 Рахунок на оплату постачальника ІБ00-000358 від 28.01.2025 23:21:44 | E229: 205 | F229: 73589.2 | H229: 631 | K229: Д | L229: 3097909.9
A230: 27.03.2025 | B230: Надходження товарів і послуг ІБ00-001314 від 27.03.2025 19:00:02 Оприходованы ТМЦ (Зачет аванса поставщику) | C230: Обл. НДС Ригель Р1 2Р6 3.83-10 L=6740 Надходження товарів і послуг ІБ00-001314 від 27.03.2025 19:00:02 СПК (Глобине) | D230: БМЗ БЕТОН ПП Договір ПП/М 221-2 від 14.01.2025 _Глобино-2 Рахунок на оплату постачальника ІБ00-000358 від 28.01.2025 23:21:44 | E230: 205 | F230: 5598.8 | H230: 631 | K230: Д | L230: 3103508.7
A231: 27.03.2025 | B231: Надходження дод. витрат ІБ00-000206 від 27.03.2025 19:10:00 Доп. расходы при поступлении товаров | C231: Обл. НДС Заготовка арматури Надходження товарів і послуг ІБ00-001313 від 27.03.2025 19:00:01 СПК (Глобине) | D231: БМЗ БЕТОН ПП Договір ПП/М 221-2 від 14.01.2025 _Глобино-2 Рахунок на оплату постачальника ІБ00-000358 від 28.01.2025 23:21:44 | E231: 205 | F231: 449.75 | H231: 631 | K231: Д | L231: 3103958.4
A232: 27.03.2025 | B232: Надходження дод. витрат ІБ00-000207 від 27.03.2025 19:10:00 Доп. расходы при поступлении товаров | C232: Обл. НДС Плита перекриття ПП1 3ПГ 12-1АІІІв L=6660 Надходження товарів і послуг ІБ00-001314 від 27.03.2025 19:00:02 СПК (Глобине) | D232: БМЗ БЕТОН ПП Договір ПП/М 221-2 від 14.01.2025 _Глобино-2 Рахунок на оплату постачальника ІБ00-000358 від 28.01.2025 23:21:44 | E232: 205 | F232: 2138.98 | H232: 631 | K232: Д | L232: 3106097.4
A233: 27.03.2025 | B233: Надходження дод. витрат ІБ00-000207 від 27.03.2025 19:10:00 Доп. расходы при поступлении товаров | C233: Обл. НДС Плита перекриття ПП2 3ПГ 12-1АІІІв В=1200 L=6660 Надходження товарів і послуг ІБ00-001314 від 27.03.2025 19:00:02 СПК (Глобине) | D233: БМЗ БЕТОН ПП Договір ПП/М 221-2 від 14.01.2025 _Глобино-2 Рахунок на оплату постачальника ІБ00-000358 від 28.01.2025 23:21:44 | E233: 205 | F233: 2044.48 | H233: 631 | K233: Д | L233: 3108141.9
A234: 27.03.2025 | B234: Надходження дод. витрат ІБ00-000207 від 27.03.2025 19:10:00 Доп. расходы при поступлении товаров | C234: Обл. НДС Ригель Р1 2Р6 3.83-10 L=6740 Надходження товарів і послуг ІБ00-001314 від 27.03.2025 19:00:02 СПК (Глобине) | D234: БМЗ БЕТОН ПП Договір ПП/М 221-2 від 14.01.2025 _Глобино-2 Рахунок на оплату постачальника ІБ00-000358 від 28.01.2025 23:21:44 | E234: 205 | F234: 1800.97 | H234: 631 | K234: Д | L234: 3109942.8
A235: 28.03.2025 | B235: Переміщення товарів ІБ00-000248 від 28.03.2025 10:00:00 Перемещение ТМЦ | C235: Обл. НДС Бетон С 8/10 доб-10 Надходження товарів і послуг ІБ00-005899 від 27.11.2024 18:37:16 Резервуар для зберігання розчинника(Глобине) | D235: Обл. НДС Бетон С 8/10 доб-10 Надходження товарів і послуг ІБ00-005899 від 27.11.2024 18:37:16 СПК (Глобине) | E235: 205 | H235: 205 | I235: 268.72 | K235: Д | L235: 3109674.1
...

Sheet екстракції
A1: Період | B1: Документ | C1: Аналітика Дт | D1: Аналітика Кт | E1: Дебет | H1: Кредит | K1: Поточне сальдо
E2: Рахунок | H2: Рахунок
A3: 01.03.2025 | B3: Надходження товарів і послуг ІБ00-000920 від 01.03.2025 18:15:08 Оприходованы ТМЦ | C3: Обл. НДС Балка 20 ст3 пс 5 L=12,04 м Надходження товарів і послуг ІБ00-000920 від 01.03.2025 18:15:08 Цех екстракції (Глобине) | D3: МЕТАЛ ХОЛДІНГ ТРЕЙД ТОВ Договір 01/467/24 від 06.09.2024_Глобине-2 Рахунок на оплату постачальника ІБ00-000788 від 01.03.2025 18:15:07 | E3: 205 | F3: 520298.22 | H3: 631 | K3: Д | L3: 8843327.1
A4: 01.03.2025 | B4: Надходження товарів і послуг ІБ00-000920 від 01.03.2025 18:15:08 Оприходованы ТМЦ | C4: Обл. НДС Балка 30 (ІРЕ 300) S275 JR, 12 м Надходження товарів і послуг ІБ00-000920 від 01.03.2025 18:15:08 Цех екстракції (Глобине) | D4: МЕТАЛ ХОЛДІНГ ТРЕЙД ТОВ Договір 01/467/24 від 06.09.2024_Глобине-2 Рахунок на оплату постачальника ІБ00-000788 від 01.03.2025 18:15:07 | E4: 205 | F4: 93951.72 | H4: 631 | K4: Д | L4: 8937278.8
A5: 01.03.2025 | B5: Надходження товарів і послуг ІБ00-000920 від 01.03.2025 18:15:08 Оприходованы ТМЦ | C5: Обл. НДС Балка 36 міра 1-3 сп/пс 5 кат.L=12 м Надходження товарів і послуг ІБ00-000920 від 01.03.2025 18:15:08 Цех екстракції (Глобине) | D5: МЕТАЛ ХОЛДІНГ ТРЕЙД ТОВ Договір 01/467/24 від 06.09.2024_Глобине-2 Рахунок на оплату постачальника ІБ00-000788 від 01.03.2025 18:15:07 | E5: 205 | F5: 112375.6 | H5: 631 | K5: Д | L5: 9049654.4
A6: 01.03.2025 | B6: Надходження дод. витрат ІБ00-000124 від 01.03.2025 18:16:09 Доп. расходы при поступлении товаров | C6: Обл. НДС Балка 20 ст3 пс 5 L=12,04 м Надходження товарів і послуг ІБ00-000920 від 01.03.2025 18:15:08 Цех екстракції (Глобине) | D6: МЕТАЛ ХОЛДІНГ ТРЕЙД ТОВ Договір 01/467/24 від 06.09.2024_Глобине-2 Рахунок на оплату постачальника ІБ00-000788 від 01.03.2025 18:15:07 | E6: 205 | F6: 11934.12 | H6: 631 | K6: Д | L6: 9061588.5
A7: 01.03.2025 | B7: Надходження дод. витрат ІБ00-000124 від 01.03.2025 18:16:09 Доп. расходы при поступлении товаров | C7: Обл. НДС Балка 30 (ІРЕ 300) S275 JR, 12 м Надходження товарів і послуг ІБ00-000920 від 01.03.2025 18:15:08 Цех екстракції (Глобине) | D7: МЕТАЛ ХОЛДІНГ ТРЕЙД ТОВ Договір 01/467/24 від 06.09.2024_Глобине-2 Рахунок на оплату постачальника ІБ00-000788 від 01.03.2025 18:15:07 | E7: 205 | F7: 2154.98 | H7: 631 | K7: Д | L7: 9063743.5
A8: 01.03.2025 | B8: Надходження дод. витрат ІБ00-000124 від 01.03.2025 18:16:09 Доп. расходы при поступлении товаров | C8: Обл. НДС Балка 36 міра 1-3 сп/пс 5 кат.L=12 м Надходження товарів і послуг ІБ00-000920 від 01.03.2025 18:15:08 Цех екстракції (Глобине) | D8: МЕТАЛ ХОЛДІНГ ТРЕЙД ТОВ Договір 01/467/24 від 06.09.2024_Глобине-2 Рахунок на оплату постачальника ІБ00-000788 від 01.03.2025 18:15:07 | E8: 205 | F8: 2577.57 | H8: 631 | K8: Д | L8: 9066321.1
A9: 03.03.2025 | B9: Переміщення товарів ІБ00-000158 від 03.03.2025 18:08:06 Перемещение ТМЦ | C9: Обл. НДС Бетон С20/25 W6 F75 P4 доб-5 Надходження товарів і послуг ІБ00-000755 від 03.03.2025 18:08:02 Цех екстракції (Глобине) | D9: Обл. НДС Бетон С20/25 W6 F75 P4 доб-5 Надходження товарів і послуг ІБ00-000755 від 03.03.2025 18:08:02 Глобине-2 | E9: 205 | F9: 27231.03 | H9: 205 | K9: Д | L9: 9093552.1
