Workbook

Sheet АПК
A1: Період | B1: Документ | C1: Аналітика Дт | D1: Аналітика Кт | E1: Дебет | H1: Кредит | K1: Поточне сальдо
E2: Рахунок | H2: Рахунок
A3: 01.04.2025 | B3: Переміщення товарів ІБ00-000377 від 01.04.2025 11:00:00 Перемещение ТМЦ | C3: Обл. НДС Емульсія бітумна Igoflex-101 каністра 32л Надходження товарів і послуг ІБ00-000606 від 21.02.2024 23:54:14 АПК (Глобине) | D3: Обл. НДС Емульсія бітумна Igoflex-101 каністра 32л Надходження товарів і послуг ІБ00-000606 від 21.02.2024 23:54:14 Глобине-2 | E3: 205 | F3: 2507.38 | H3: 205 | K3: Д | L3: 1981064.7
A4: 01.04.2025 | B4: Переміщення товарів ІБ00-000377 від 01.04.2025 11:00:00 Перемещение ТМЦ | C4: Обл. НДС Емульсія бітумна Igoflex-101 каністра 32л Надходження товарів і послуг ІБ00-001108 від 22.03.2024 17:34:05 АПК (Глобине) | D4: Обл. НДС Емульсія бітумна Igoflex-101 каністра 32л Надходження товарів і послуг ІБ00-001108 від 22.03.2024 17:34:05 Глобине-2 | E4: 205 | F4: 93456 | H4: 205 | K4: Д | L4: 2074520.7
A5: 01.04.2025 | B5: Переміщення товарів ІБ00-000360 від 01.04.2025 23:11:15 Перемещение ТМЦ | C5: Обл. НДС Емульсія бітумна Р-10 EN каністра 20л Надходження товарів і послуг ІБ00-002088 від 19.12.2023 18:21:48 АПК (Глобине) | D5: Обл. НДС Емульсія бітумна Р-10 EN каністра 20л Надходження товарів і послуг ІБ00-002088 від 19.12.2023 18:21:48 Глобине-2 | E5: 205 | F5: 19202.93 | H5: 205 | K5: Д | L5: 2093723.6
A6: 01.04.2025 | B6: Переміщення товарів ІБ00-000363 від 01.04.2025 23:11:17 Перемещение ТМЦ | C6: Обл. НДС Бетон С 8/10 Р4 Надходження товарів і послуг ІБ00-001194 від 21.03.2025 19:26:05 Пункт фасування та зберігання в бігбегах (Глобине) | D6: Обл. НДС Бетон С 8/10 Р4 Надходження товарів і послуг ІБ00-001194 від 21.03.2025 19:26:05 АПК (Глобине) | E6: 205 | H6: 205 | I6: 6414.41 | K6: Д | L6: 2087309.2
A7: 03.04.2025 | B7: Вимога-накладна ІБ00-000256 від 03.04.2025 17:41:31 Списаны ТМЦ | C7: Обл. НДС Виробничий (Глобине-2) Глобине-2 Прямі материальні виробничі витрати крім зворотніх відходів | D7: Обл. НДС Прокат сталевий круглий (кл. А240С) ф8мм, ст.3пс, міра 6м Надходження товарів і послуг ІБ00-000851 від 03.03.2025 18:09:07 АПК (Глобине) | E7: 231 | H7: 205 | I7: 2666.67 | K7: Д | L7: 2084642.5
A8: 03.04.2025 | B8: Вимога-накладна ІБ00-000256 від 03.04.2025 17:41:31 Списаны ТМЦ | C8: Обл. НДС Виробничий (Глобине-2) Глобине-2 Прямі материальні виробничі витрати крім зворотніх відходів | D8: Обл. НДС Прокат сталевий круглий (кл. А240С) ф12мм, ст.3пс, міра 6м Надходження товарів і послуг ІБ00-000851 від 03.03.2025 18:09:07 АПК (Глобине) | E8: 231 | H8: 205 | I8: 69200 | K8: Д | L8: 2015442.5
A9: 03.04.2025 | B9: Вимога-накладна ІБ00-000256 від 03.04.2025 17:41:31 Списаны ТМЦ | C9: Обл. НДС Виробничий (Глобине-2) Глобине-2 Прямі материальні виробничі витрати крім зворотніх відходів | D9: Обл. НДС Прокат арматурний №12 мм А500С 6м Надходження товарів і послуг ІБ00-000851 від 03.03.2025 18:09:07 АПК (Глобине) | E9: 231 | H9: 205 | I9: 108420 | K9: Д | L9: 1907022.5
A10: 03.04.2025 | B10: Вимога-накладна ІБ00-000256 від 03.04.2025 17:41:31 Списаны ТМЦ | C10: Обл. НДС Виробничий (Глобине-2) Глобине-2 Прямі материальні виробничі витрати крім зворотніх відходів | D10: Обл. НДС Прокат арматурний №14 мм А500С, 12 м Надходження товарів і послуг ІБ00-000851 від 03.03.2025 18:09:07 АПК (Глобине) | E10: 231 | H10: 205 | I10: 292500 | K10: Д | L10: 1614522.5
A11: 03.04.2025 | B11: Вимога-накладна ІБ00-000256 від 03.04.2025 17:41:31 Списаны ТМЦ | C11: Обл. НДС Виробничий (Глобине-2) Глобине-2 Прямі материальні виробничі витрати крім зворотніх відходів | D11: Обл. НДС Прокат арматурний №14 мм А500С, 12 м Надходження товарів і послуг ІБ00-000820 від 04.03.2025 17:40:13 АПК (Глобине) | E11: 231 | H11: 205 | I11: 77220 | K11: Д | L11: 1537302.5
A12: 03.04.2025 | B12: Вимога-накладна ІБ00-000256 від 03.04.2025 17:41:31 Списаны ТМЦ | C12: Обл. НДС Виробничий (Глобине-2) Глобине-2 Прямі материальні виробничі витрати крім зворотніх відходів | D12: Обл. НДС Прокат арматурний №18 мм А500С Надходження товарів і послуг ІБ00-000819 від 04.03.2025 17:40:12 АПК (Глобине) | E12: 231 | H12: 205 | I12: 538278 | K12: Д | L12: 999024.54
A13: 03.04.2025 | B13: Вимога-накладна ІБ00-000256 від 03.04.2025 17:41:31 Списаны ТМЦ | C13: Обл. НДС Виробничий (Глобине-2) Глобине-2 Прямі материальні виробничі витрати крім зворотніх відходів | D13: Обл. НДС Прокат арматурний №18 мм А500С Надходження товарів і послуг ІБ00-000820 від 04.03.2025 17:40:13 АПК (Глобине) | E13: 231 | H13: 205 | I13: 415480 | K13: Д | L13: 583544.54
A14: 03.04.2025 | B14: Вимога-накладна ІБ00-000256 від 03.04.2025 17:41:31 Списаны ТМЦ | C14: Обл. НДС Виробничий (Глобине-2) Глобине-2 Прямі материальні виробничі витрати крім зворотніх відходів | D14: Обл. НДС Прокат арматурний №25 мм А500С 12м Надходження товарів і послуг ІБ00-000851 від 03.03.2025 18:09:07 АПК (Глобине) | E14: 231 | H14: 205 | I14: 10686 | K14: Д | L14: 572858.54
A15: 03.04.2025 | B15: Вимога-накладна ІБ00-000256 від 03.04.2025 17:41:31 Списаны ТМЦ | C15: Обл. НДС Виробничий (Глобине-2) Глобине-2 Прямі материальні виробничі витрати крім зворотніх відходів | D15: Обл. НДС Дріт 1,2 мм термооброблений Надходження товарів і послуг ІБ00-000851 від 03.03.2025 18:09:07 АПК (Глобине) | E15: 231 | H15: 205 | I15: 19415.5 | K15: Д | L15: 553443.04
A16: 03.04.2025 | B16: Вимога-накладна ІБ00-000256 від 03.04.2025 17:41:31 Списаны ТМЦ | C16: Обл. НДС Виробничий (Глобине-2) Глобине-2 Прямі материальні виробничі витрати крім зворотніх відходів | D16: Обл. НДС Щебінь 70-120 Надходження товарів і послуг ІБ00-001071 від 05.03.2025 18:40:09 АПК (Глобине) | E16: 231 | H16: 205 | I16: 146841.75 | K16: Д | L16: 406601.29
A17: 03.04.2025 | B17: Вимога-накладна ІБ00-000256 від 03.04.2025 17:41:31 Списаны ТМЦ | C17: Обл. НДС Виробничий (Глобине-2) Глобине-2 Прямі материальні виробничі витрати крім зворотніх відходів | D17: Обл. НДС Щебінь 40-70 Надходження товарів і послуг ІБ00-001478 від 13.03.2025 11:00:00 АПК (Глобине) | E17: 231 | H17: 205 | I17: 33967.3 | K17: Д | L17: 372633.99
... A19: 03.04.2025 | B19: Вимога-накладна ІБ00-000256 від 03.04.2025 17:41:31 Списаны ТМЦ | C19: Обл. НДС Виробничий (Глобине-2) Глобине-2 Прямі материальні виробничі витрати крім зворотніх відходів | D19: Обл. НДС Щебінь 40-70 Надходження товарів і послуг ІБ00-001482 від 18.03.2025 11:00:00 АПК (Глобине) | E19: 231 | H19: 205 | I19: 40817.2 | K19: Д | L19: 306155.96
A20: 04.04.2025 | B20: Надходження товарів і послуг ІБ00-001456 від 04.04.2025 11:00:00 Оприходованы ТМЦ | C20: Обл. НДС Пенетрон Адмікс 18кг/мішок Надходження товарів і послуг ІБ00-001456 від 04.04.2025 11:00:00 АПК (Глобине) | D20: АГРОНАС ТОВ Договір 12/04/2024 від 12.04.2024_Глобине 2 Рахунок на оплату постачальника ІБ00-001146 від 04.04.2025 23:24:22 | E20: 205 | F20: 128700 | H20: 631 | K20: Д | L20: 434855.96
A21: 07.04.2025 | B21: Надходження товарів і послуг ІБ00-001530 від 07.04.2025 20:00:36 Оприходованы ТМЦ (Зачет аванса поставщику) | C21: Обл. НДС Бетон С 20/25 F75 W6 Р4 Надходження товарів і послуг ІБ00-001530 від 07.04.2025 20:00:36 АПК (Глобине) | D21: Кременчуцький річковий порт ПРАТ Договір 112/Б від 15.10.2024_Глобине-2 Списання з банківського рахунку 00000024808 від 04.04.2025 17:02:03 | E21: 205 | F21: 210298.52 | H21: 631 | K21: Д | L21: 645154.48
A22: 07.04.2025 | B22: Надходження товарів і послуг ІБ00-001530 від 07.04.2025 20:00:36 Оприходованы ТМЦ (Зачет аванса поставщику) | C22: Обл. НДС Бетон С 20/25 F75 W6 Р4 Надходження товарів і послуг ІБ00-001530 від 07.04.2025 20:00:36 АПК (Глобине) | D22: Кременчуцький річковий порт ПРАТ Договір 112/Б від 15.10.2024_Глобине-2 Списання з банківського рахунку 00000024261 від 25.03.2025 17:00:54 | E22: 205 | F22: 335741.48 | H22: 631 | K22: Д | L22: 980895.96
A23: 07.04.2025 | B23: Надходження дод. витрат ІБ00-000235 від 07.04.2025 20:00:37 Доп. расходы при поступлении товаров | C23: Обл. НДС Бетон С 20/25 F75 W6 Р4 Надходження товарів і послуг ІБ00-001530 від 07.04.2025 20:00:36 АПК (Глобине) | D23: Кременчуцький річковий порт ПРАТ Договір 112/Б від 15.10.2024_Глобине-2 Надходження дод. витрат ІБ00-000235 від 07.04.2025 20:00:37 | E23: 205 | F23: 131750.42 | H23: 631 | K23: Д | L23: 1112646.4
A24: 07.04.2025 | B24: Надходження дод. витрат ІБ00-000235 від 07.04.2025 20:00:37 Доп. расходы при поступлении товаров (Зачет аванса поставщику) | C24: Обл. НДС Бетон С 20/25 F75 W6 Р4 Надходження товарів і послуг ІБ00-001530 від 07.04.2025 20:00:36 АПК (Глобине) | D24: Кременчуцький річковий порт ПРАТ Договір 112/Б від 15.10.2024_Глобине-2 Списання з банківського рахунку 00000024808 від 04.04.2025 17:02:03 | E24: 205 | F24: 28437.08 | H24: 631 | K24: Д | L24: 1141083.5
A25: 09.04.2025 | B25: Переміщення товарів ІБ00-000324 від 09.04.2025 11:05:00 Перемещение ТМЦ | C25: Обл. НДС Піна монтажна 750 мл Надходження товарів і послуг ІБ00-001613 від 09.04.2025 11:00:00 АПК (Глобине) | D25: Обл. НДС Піна монтажна 750 мл Надходження товарів і послуг ІБ00-001613 від 09.04.2025 11:00:00 Глобине-2 | E25: 205 | F25: 5400 | H25: 205 | K25: Д | L25: 1146483.5
A26: 11.04.2025 | B26: Надходження товарів і послуг ІБ00-001648 від 11.04.2025 11:00:00 Оприходованы ТМЦ | C26: Обл. НДС Кутник 125х125 мм 8,0 мм, S355JR. 12м Надходження товарів і послуг ІБ00-001648 від 11.04.2025 11:00:00 АПК (Глобине) | D26: АВ МЕТАЛ ГРУП ТОВ Дог 2420/Р от 05.10.2023від 05.10.2023_Глобино-2 Рахунок на оплату постачальника ІБ00-001268 від 11.04.2025 15:03:51 | E26: 205 | F26: 42462.91 | H26: 631 | K26: Д | L26: 1188946.4
A27: 26.04.2025 | B27: Надходження товарів і послуг ІБ00-001882 від 26.04.2025 11:00:00 Оприходованы ТМЦ | C27: Обл. НДС Бетон С20/25 W6 F75 P4 Надходження товарів і послуг ІБ00-001882 від 26.04.2025 11:00:00 АПК (Глобине) | D27: Кременчуцький річковий порт ПРАТ Договір 112/Б від 15.10.2024_Глобине-2 Надходження товарів і послуг ІБ00-001882 від 26.04.2025 11:00:00 | E27: 205 | F27: 82782.52 | H27: 631 | K27: Д | L27: 1271728.9
A28: 26.04.2025 | B28: Надходження товарів і послуг ІБ00-001882 від 26.04.2025 11:00:00 Оприходованы ТМЦ (Зачет аванса поставщику) | C28: Обл. НДС Бетон С20/25 W6 F75 P4 Надходження товарів і послуг ІБ00-001882 від 26.04.2025 11:00:00 АПК (Глобине) | D28: Кременчуцький річковий порт ПРАТ Договір 112/Б від 15.10.2024_Глобине-2 Списання з банківського рахунку 00000025169 від 10.04.2025 09:09:56 | E28: 205 | F28: 57377.48 | H28: 631 | K28: Д | L28: 1329106.4
A29: 26.04.2025 | B29: Надходження дод. витрат ІБ00-000288 від 26.04.2025 11:05:00 Доп. расходы при поступлении товаров | C29: Обл. НДС Бетон С20/25 W6 F75 P4 Надходження товарів і послуг ІБ00-001882 від 26.04.2025 11:00:00 АПК (Глобине) | D29: Кременчуцький річковий порт ПРАТ Договір 112/Б від 15.10.2024_Глобине-2 Надходження дод. витрат ІБ00-000288 від 26.04.2025 11:05:00 | E29: 205 | F29: 38875 | H29: 631 | K29: Д | L29: 1367981.4
A30: 29.04.2025 | B30: Списання товарів ІБ00-000201 від 29.04.2025 00:00:00 Списаны ТМЦ | C30: Обл. НДС Виробничий (Глобине-2) Глобине-2 Прямі материальні виробничі витрати крім зворотніх відходів | D30: Обл. НДС Піна монтажна 750 мл Надходження товарів і послуг ІБ00-001198 від 21.03.2025 19:26:08 АПК (Глобине) | E30: 231 | H30: 205 | I30: 810 | K30: Д | L30: 1367171.4
A31: 29.04.2025 | B31: Списання товарів ІБ00-000201 від 29.04.2025 00:00:00 Списаны ТМЦ | C31: Обл. НДС Виробничий (Глобине-2) Глобине-2 Прямі материальні виробничі витрати крім зворотніх відходів | D31: Обл. НДС Шуруп г/к по дереву 3,5*55 мм Надходження товарів і послуг ІБ00-000711 від 18.02.2025 20:00:44 АПК (Глобине) | E31: 231 | H31: 205 | I31: 99.05 | K31: Д | L31: 1367072.3
A32: 29.04.2025 | B32: Списання товарів ІБ00-000201 від 29.04.2025 00:00:00 Списаны ТМЦ | C32: Обл. НДС Виробничий (Глобине-2) Глобине-2 Прямі материальні виробничі витрати крім зворотніх відходів | D32: Обл. НДС Шуруп г/к по дереву 4,2*76 мм Надходження товарів і послуг ІБ00-000711 від 18.02.2025 20:00:44 АПК (Глобине) | E32: 231 | H32: 205 | I32: 182.5 | K32: Д | L32: 1366889.8
A33: 29.04.2025 | B33: Вимога-накладна ІБ00-000277 від 29.04.2025 14:08:17 Списаны ТМЦ | C33: Обл. НДС Виробничий (Глобине-2) Глобине-2 Прямі материальні виробничі витрати крім зворотніх відходів | D33: Обл. НДС Бетон С 8/10 Р4 Надходження товарів і послуг ІБ00-001194 від 21.03.2025 19:26:05 АПК (Глобине) | E33: 231 | H33: 205 | I33: 100393.59 | K33: Д | L33: 1266496.2
A34: 29.04.2025 | B34: Вимога-накладна ІБ00-000277 від 29.04.2025 14:08:17 Списаны ТМЦ | C34: Обл. НДС Виробничий (Глобине-2) Глобине-2 Прямі материальні виробничі витрати крім зворотніх відходів | D34: Обл. НДС Бетон С 8/10 Р4 Надходження товарів і послуг ІБ00-001449 від 22.03.2025 12:00:01 АПК (Глобине) | E34: 231 | H34: 205 | I34: 6240.16 | K34: Д | L34: 1260256.1
A35: 29.04.2025 | B35: Вимога-накладна ІБ00-000277 від 29.04.2025 14:08:17 Списаны ТМЦ | C35: Обл. НДС Виробничий (Глобине-2) Глобине-2 Прямі материальні виробничі витрати крім зворотніх відходів | D35: Обл. НДС Бетон С 8/10 Р4 Надходження товарів і послуг ІБ00-001449 від 22.03.2025 12:00:01 АПК (Глобине) | E35: 231 | H35: 205 | I35: 34167.88 | K35: Д | L35: 1226088.2
A36: 29.04.2025 | B36: Вимога-накладна ІБ00-000277 від 29.04.2025 14:08:17 Списаны ТМЦ | C36: Обл. НДС Виробничий (Глобине-2) Глобине-2 Прямі материальні виробничі витрати крім зворотніх відходів | D36: Обл. НДС Бетон С 20/25 F75 W6 Р4 Надходження товарів і послуг ІБ00-001530 від 07.04.2025 20:00:36 АПК (Глобине) | E36: 231 | H36: 205 | I36: 706227.5 | K36: Д | L36: 519860.69
A37: 29.04.2025 | B37: Вимога-накладна ІБ00-000277 від 29.04.2025 14:08:17 Списаны ТМЦ | C37: Обл. НДС Виробничий (Глобине-2) Глобине-2 Прямі материальні виробничі витрати крім зворотніх відходів | D37: Обл. НДС Плівка п/е рукав 1500*200 мкм Надходження товарів і послуг ІБ00-001528 від 26.03.2025 11:00:00 АПК (Глобине) | E37: 231 | H37: 205 | I37: 4900.14 | K37: Д | L37: 514960.55
A38: 29.04.2025 | B38: Вимога-накладна ІБ00-000277 від 29.04.2025 14:08:17 Списаны ТМЦ | C38: Обл. НДС Виробничий (Глобине-2) Глобине-2 Прямі материальні виробничі витрати крім зворотніх відходів | D38: Обл. НДС Труба КАН внутр 50/1000 1,8мм Надходження товарів і послуг ІБ00-001377 від 28.03.2025 20:00:14 АПК (Глобине) | E38: 231 | H38: 205 | I38: 444 | K38: Д | L38: 514516.55
A39: 29.04.2025 | B39: Вимога-накладна ІБ00-000277 від 29.04.2025 14:08:17 Списаны ТМЦ | C39: Обл. НДС Виробничий (Глобине-2) Глобине-2 Прямі материальні виробничі витрати крім зворотніх відходів | D39: Обл. НДС Труба КАН тришар 110/2000 2,7мм Надходження товарів і послуг ІБ00-001377 від 28.03.2025 20:00:14 АПК (Глобине) | E39: 231 | H39: 205 | I39: 1470 | K39: Д | L39: 513046.55
A40: 29.04.2025 | B40: Вимога-накладна ІБ00-000277 від 29.04.2025 14:08:17 Списаны ТМЦ | C40: Обл. НДС Виробничий (Глобине-2) Глобине-2 Прямі материальні виробничі витрати крім зворотніх відходів | D40: Обл. НДС Коліно каналіз. 50/90 Надходження товарів і послуг ІБ00-001377 від 28.03.2025 20:00:14 АПК (Глобине) | E40: 231 | H40: 205 | I40: 52 | K40: Д | L40: 512994.55
A41: 29.04.2025 | B41: Вимога-накладна ІБ00-000277 від 29.04.2025 14:08:17 Списаны ТМЦ | C41: Обл. НДС Виробничий (Глобине-2) Глобине-2 Прямі материальні виробничі витрати крім зворотніх відходів | D41: Обл. НДС Коліно 110/90° внутр КАН Надходження товарів і послуг ІБ00-001377 від 28.03.2025 20:00:14 АПК (Глобине) | E41: 231 | H41: 205 | I41: 166 | K41: Д | L41: 512828.55
... A46: 30.04.2025 | B46: Переміщення товарів ІБ00-000422 від 30.04.2025 10:00:00 Перемещение ТМЦ | C46: Обл. НДС Бетон С20/25 W6 F75 P4 Надходження товарів і послуг ІБ00-001882 від 26.04.2025 11:00:00 Пункт фасування та зберігання в бігбегах (Глобине) | D46: Обл. НДС Бетон С20/25 W6 F75 P4 Надходження товарів і послуг ІБ00-001882 від 26.04.2025 11:00:00 АПК (Глобине) | E46: 205 | H46: 205 | I46: 857.88 | K46: Д | L46: 492116.24
A47: 30.04.2025 | B47: Переміщення товарів ІБ00-000374 від 30.04.2025 11:10:00 Перемещение ТМЦ | C47: Обл. НДС Пенетрон Адмікс 18кг/мішок/відро Надходження товарів і послуг ІБ00-001895 від 30.04.2025 11:00:00 АПК (Глобине) | D47: Обл. НДС Пенетрон Адмікс 18кг/мішок/відро Надходження товарів і послуг ІБ00-001895 від 30.04.2025 11:00:00 Глобине-2 | E47: 205 | F47: 47250 | H47: 205 | K47: Д | L47: 539366.24
A48: 30.04.2025 | B48: Вимога-накладна ІБ00-000347 від 30.04.2025 20:00:00 Списаны ТМЦ | C48: Обл. НДС Виробничий (Глобине-2) Глобине-2 Прямі материальні виробничі витрати крім зворотніх відходів | D48: Обл. НДС Бетон С20/25 W6 F75 P4 Надходження товарів і послуг ІБ00-001882 від 26.04.2025 11:00:00 АПК (Глобине) | E48: 231 | H48: 205 | I48: 177281.95 | K48: Д | L48: 362084.29
A49: 30.04.2025 | B49: Вимога-накладна ІБ00-000347 від 30.04.2025 20:00:00 Списаны ТМЦ | C49: Обл. НДС Виробничий (Глобине-2) Глобине-2 Прямі материальні виробничі витрати крім зворотніх відходів | D49: Обл. НДС Пенетрон Адмікс 18кг/мішок/відро Надходження товарів і послуг ІБ00-001895 від 30.04.2025 11:00:00 АПК (Глобине) | E49: 231 | H49: 205 | I49: 22443.75 | K49: Д | L49: 339640.54
A50: Обороти за період та сальдо на кінець | E50: 1224241.7 | H50: 2863158.5 | K50: Д | L50: 339640.54
J52: =SUBTOTAL(9,I7:J49) -> 2855886.2

Sheet Генплан благоустрій
A1: Період | B1: Документ | C1: Аналітика Дт | D1: Аналітика Кт | E1: Дебет | H1: Кредит | K1: Поточне сальдо
E2: Рахунок | H2: Рахунок
A3: 30.04.2025 | B3: Переміщення товарів ІБ00-000399 від 30.04.2025 10:00:00 Перемещение ТМЦ | C3: Обл. НДС Щебінь 20-40 Надходження товарів і послуг ІБ00-001480 від 19.03.2025 11:00:00 Генплан благоустрій (Глобине) | D3: Обл. НДС Щебінь 20-40 Надходження товарів і послуг ІБ00-001480 від 19.03.2025 11:00:00 Резервуар для зберігання розчинника(Глобине) | E3: 205 | F3: 46829.29 | H3: 205 | K3: Д | L3: 46829.29
A4: 30.04.2025 | B4: Переміщення товарів ІБ00-000399 від 30.04.2025 10:00:00 Перемещение ТМЦ | C4: Обл. НДС Щебінь 20-40 Надходження товарів і послуг ІБ00-001479 від 24.03.2025 11:00:00 Генплан благоустрій (Глобине) | D4: Обл. НДС Щебінь 20-40 Надходження товарів і послуг ІБ00-001479 від 24.03.2025 11:00:00 Резервуар для зберігання розчинника(Глобине) | E4: 205 | F4: 434.74 | H4: 205 | K4: Д | L4: 47264.03
A5: 30.04.2025 | B5: Вимога-накладна ІБ00-000328 від 30.04.2025 10:00:00 Списаны ТМЦ | C5: Обл. НДС Виробничий (Глобине-2) Глобине-2 Прямі материальні виробничі витрати крім зворотніх відходів | D5: Обл. НДС Щебінь 20-40 Надходження товарів і послуг ІБ00-001480 від 19.03.2025 11:00:00 Генплан благоустрій (Глобине) | E5: 231 | H5: 205 | I5: 46829.29 | K5: Д | L5: 434.74
A6: 30.04.2025 | B6: Вимога-накладна ІБ00-000328 від 30.04.2025 10:00:00 Списаны ТМЦ | C6: Обл. НДС Виробничий (Глобине-2) Глобине-2 Прямі материальні виробничі витрати крім зворотніх відходів | D6: Обл. НДС Щебінь 20-40 Надходження товарів і послуг ІБ00-001479 від 24.03.2025 11:00:00 Генплан благоустрій (Глобине) | E6: 231 | H6: 205 | I6: 434.74
A7: Обороти за період та сальдо на кінець | E7: 47264.03 | H7: 47264.03 | L7: 0
J9: =SUBTOTAL(9,I5:J6) -> 47264.03

Sheet Генплан митний склад
A1: Період | B1: Документ | C1: Аналітика Дт | D1: Аналітика Кт | E1: Дебет | H1: Кредит | K1: Поточне сальдо
E2: Рахунок | H2: Рахунок
A3: 01.04.2025 | B3: Надходження товарів і послуг ІБ00-001661 від 01.04.2025 11:00:00 Оприходованы ТМЦ | C3: Обл. НДС Дріт в'язальний 1,6 мм 100м Надходження товарів і послуг ІБ00-001661 від 01.04.2025 11:00:00 Генплан митний склад (Глобине) | D3: Солді і Ко ПАТ Дог № 378542-55/19 від 21.01.2019 р. РАХ_Глобине-2 Рахунок на оплату постачальника ІБ00-001179 від 28.03.2025 20:00:28 | E3: 205 | F3: 400 | H3: 631 | K3: Д | L3: 119748.1
A4: 01.04.2025 | B4: Переміщення товарів ІБ00-000331 від 01.04.2025 11:10:00 Перемещение ТМЦ | C4: Обл. НДС Труба профільна 80*80*4 L=12 м Надходження товарів і послуг ІБ00-001657 від 01.04.2025 11:00:00 Генплан митний склад (Глобине) | D4: Обл. НДС Труба профільна 80*80*4 L=12 м Надходження товарів і послуг ІБ00-001657 від 01.04.2025 11:00:00 Глобине-2 | E4: 205 | F4: 5148.68 | H4: 205 | K4: Д | L4: 124896.78
A5: 01.04.2025 | B5: Переміщення товарів ІБ00-000331 від 01.04.2025 11:10:00 Перемещение ТМЦ | C5: Обл. НДС Труба профільна 40*40*3,0 L=6000 мм ст1-3 сп/пс Надходження товарів і послуг ІБ00-001657 від 01.04.2025 11:00:00 Генплан митний склад (Глобине) | D5: Обл. НДС Труба профільна 40*40*3,0 L=6000 мм ст1-3 сп/пс Надходження товарів і послуг ІБ00-001657 від 01.04.2025 11:00:00 Глобине-2 | E5: 205 | F5: 5792.26 | H5: 205 | K5: Д | L5: 130689.04
A6: 01.04.2025 | B6: Переміщення товарів ІБ00-000331 від 01.04.2025 11:10:00 Перемещение ТМЦ | C6: Обл. НДС Дріт 3,0мм з/я т/о Надходження товарів і послуг ІБ00-001657 від 01.04.2025 11:00:00 Генплан митний склад (Глобине) | D6: Обл. НДС Дріт 3,0мм з/я т/о Надходження товарів і послуг ІБ00-001657 від 01.04.2025 11:00:00 Глобине-2 | E6: 205 | F6: 343.23 | H6: 205 | K6: Д | L6: 131032.27
A7: 01.04.2025 | B7: Переміщення товарів ІБ00-000331 від 01.04.2025 11:10:00 Перемещение ТМЦ | C7: Обл. НДС Труба ДУ 32*2,8 ст.1-3пс; 6 м Надходження товарів і послуг ІБ00-001657 від 01.04.2025 11:00:00 Генплан митний склад (Глобине) | D7: Обл. НДС Труба ДУ 32*2,8 ст.1-3пс; 6 м Надходження товарів і послуг ІБ00-001657 від 01.04.2025 11:00:00 Глобине-2 | E7: 205 | F7: 14567.68 | H7: 205 | K7: Д | L7: 145599.95
A8: 01.04.2025 | B8: Переміщення товарів ІБ00-000331 від 01.04.2025 11:10:00 Перемещение ТМЦ | C8: Обл. НДС Кутник 45х45х4,0 Надходження товарів і послуг ІБ00-001657 від 01.04.2025 11:00:00 Генплан митний склад (Глобине) | D8: Обл. НДС Кутник 45х45х4,0 Надходження товарів і послуг ІБ00-001657 від 01.04.2025 11:00:00 Глобине-2 | E8: 205 | F8: 2865.61 | H8: 205 | K8: Д | L8: 148465.56
A9: 01.04.2025 | B9: Переміщення товарів ІБ00-000331 від 01.04.2025 11:10:00 Перемещение ТМЦ | C9: Обл. НДС Труба 100х100х4 (12,05- 8940:2019 08кп/1-3пс) Надходження товарів і послуг ІБ00-001657 від 01.04.2025 11:00:00 Генплан митний склад (Глобине) | D9: Обл. НДС Труба 100х100х4 (12,05- 8940:2019 08кп/1-3пс) Надходження товарів і послуг ІБ00-001657 від 01.04.2025 11:00:00 Глобине-2 | E9: 205 | F9: 4370.3 | H9: 205 | K9: Д | L9: 152835.86
A10: 02.04.2025 | B10: Списання товарів ІБ00-000168 від 02.04.2025 15:47:34 Списаны ТМЦ | C10: Обл. НДС Виробничий (Глобине-2) Глобине-2 Прямі материальні виробничі витрати крім зворотніх відходів | D10: Обл. НДС Хомут нейлон. 4,8х350мм ІЕК Надходження товарів і послуг ІБ00-001198 від 21.03.2025 19:26:08 Генплан митний склад (Глобине) | E10: 231 | H10: 205 | I10: 358.6 | K10: Д | L10: 152477.26
A11: 03.04.2025 | B11: Списання товарів ІБ00-000199 від 03.04.2025 17:41:39 Списаны ТМЦ | C11: Обл. НДС Виробничий (Глобине-2) Глобине-2 Прямі материальні виробничі витрати крім зворотніх відходів | D11: Обл. НДС Провід ПВС 3*2,5 бухта 100м Надходження товарів і послуг ІБ00-001045 від 12.03.2025 18:45:21 Генплан митний склад (Глобине) | E11: 231 | H11: 205 | I11: 446.15 | K11: Д | L11: 152031.11
A12: 07.04.2025 | B12: Надходження товарів і послуг ІБ00-001660 від 07.04.2025 11:00:00 Оприходованы ТМЦ | C12: Обл. НДС Прожектор LED200W 6000К 16000Lm Надходження товарів і послуг ІБ00-001660 від 07.04.2025 11:00:00 Генплан митний склад (Глобине) | D12: Моноліт - Центр" ТОВ Рахунки_Глобине-2 Рахунок на оплату постачальника ІБ00-001341 від 14.03.2025 18:14:57 | E12: 205 | F12: 1602.75 | H12: 631 | K12: Д | L12: 153633.86
A13: 09.04.2025 | B13: Переміщення товарів ІБ00-000322 від 09.04.2025 11:10:00 Перемещение ТМЦ | C13: Обл. НДС Бетон С20/25 W6 F75 P4 доб-5 Надходження товарів і послуг ІБ00-001591 від 09.04.2025 11:00:00 Генплан митний склад (Глобине) | D13: Обл. НДС Бетон С20/25 W6 F75 P4 доб-5 Надходження товарів і послуг ІБ00-001591 від 09.04.2025 11:00:00 Глобине-2 | E13: 205 | F13: 3941.11 | H13: 205 | K13: Д | L13: 157574.97
A14: 11.04.2025 | B14: Надходження товарів і послуг ІБ00-001809 від 11.04.2025 11:00:00 Оприходованы ТМЦ (Зачет аванса поставщику) | C14: Обл. НДС Дріт колючо-ріжуч спіраль діам кільця=500мм/3скоби 10м Надходження товарів і послуг ІБ00-001809 від 11.04.2025 11:00:00 Генплан митний склад (Глобине) | D14: Сітка Захід Україна ТОВ Договір 19/09/24 від 19.09.2024_Глобине 2 Рахунок на оплату постачальника ІБ00-001035 від 27.03.2025 18:14:42 | E14: 205 | F14: 5250 | H14: 631 | K14: Д | L14: 162824.97
A15: 11.04.2025 | B15: Надходження товарів і послуг ІБ00-001604 від 11.04.2025 20:51:44 Оприходованы ТМЦ | C15: Обл. НДС Щебінь 40-70 Надходження товарів і послуг ІБ00-001604 від 11.04.2025 20:51:44 Генплан митний склад (Глобине) | D15: Енергія Логістик ТОВ №28/10-2024 ВІД 28/10/24_Глобине-2 Рахунок на оплату постачальника ІБ00-001315 від 11.04.2025 20:51:43 | E15: 205 | F15: 13345.5 | H15: 631 | K15: Д | L15: 176170.47
A16: 11.04.2025 | B16: Надходження дод. витрат ІБ00-000246 від 11.04.2025 20:51:45 Доп. расходы при поступлении товаров | C16: Обл. НДС Щебінь 40-70 Надходження товарів і послуг ІБ00-001604 від 11.04.2025 20:51:44 Генплан митний склад (Глобине) | D16: Енергія Логістик ТОВ №28/10-2024 ВІД 28/10/24_Глобине-2 Рахунок на оплату постачальника ІБ00-001315 від 11.04.2025 20:51:43 | E16: 205 | F16: 13671 | H16: 631 | K16: Д | L16: 189841.47
A17: 12.04.2025 | B17: Надходження товарів і послуг ІБ00-001628 від 12.04.2025 12:00:03 Оприходованы ТМЦ | C17: Обл. НДС Щебенево-піщана суміш фр 0-70 мм Надходження товарів і послуг ІБ00-001628 від 12.04.2025 12:00:03 Генплан митний склад (Глобине) | D17: Венкрас Авто ПП Договір 05/09/2024 від 05.09.2024_Глобине-2 Рахунок на оплату постачальника ІБ00-001331 від 12.04.2025 12:00:02 | E17: 205 | F17: 10017 | H17: 631 | K17: Д | L17: 199858.47
A18: 12.04.2025 | B18: Надходження дод. витрат ІБ00-000265 від 12.04.2025 12:05:00 Доп. расходы при поступлении товаров | C18: Обл. НДС Щебенево-піщана суміш фр 0-70 мм Надходження товарів і послуг ІБ00-001628 від 12.04.2025 12:00:03 Генплан митний склад (Глобине) | D18: Венкрас Авто ПП Договір 05/09/2024 від 05.09.2024_Глобине-2 Рахунок на оплату постачальника ІБ00-001331 від 12.04.2025 12:00:02 | E18: 205 | F18: 10573.5 | H18: 631 | K18: Д | L18: 210431.97
A19: 15.04.2025 | B19: Переміщення товарів ІБ00-000334 від 15.04.2025 11:10:00 Перемещение ТМЦ | C19: Обл. НДС Пісок з відсіву дроблення щебеню фр. 0-5мм. Надходження товарів і послуг ІБ00-001681 від 15.04.2025 11:00:00 Генплан митний склад (Глобине) | D19: Обл. НДС Пісок з відсіву дроблення щебеню фр. 0-5мм. Надходження товарів і послуг ІБ00-001681 від 15.04.2025 11:00:00 Глобине-2 | E19: 205 | F19: 18870 | H19: 205 | K19: Д | L19: 229301.97
A20: 18.04.2025 | B20: Переміщення товарів ІБ00-000345 від 18.04.2025 11:10:00 Перемещение ТМЦ | C20: Обл. НДС Пісок з відсіву дроблення щебеню фр. 0-5мм. Надходження товарів і послуг ІБ00-001749 від 18.04.2025 11:00:00 Генплан митний склад (Глобине) | D20: Обл. НДС Пісок з відсіву дроблення щебеню фр. 0-5мм. Надходження товарів і послуг ІБ00-001749 від 18.04.2025 11:00:00 Глобине-2 | E20: 205 | F20: 9105 | H20: 205 | K20: Д | L20: 238406.97
A21: 30.04.2025 | B21: Переміщення товарів ІБ00-000402 від 30.04.2025 10:00:00 Перемещение ТМЦ | C21: Обл. НДС Бетон С 20/25 F75 W6 Р4 Надходження товарів і послуг ІБ00-001450 від 20.03.2025 12:16:00 Цех екстракції (Глобине) | D21: Обл. НДС Бетон С 20/25 F75 W6 Р4 Надходження товарів і послуг ІБ00-001450 від 20.03.2025 12:16:00 Генплан митний склад (Глобине) | E21: 205 | H21: 205 | I21: 5035.45 | K21: Д | L21: 233371.52
A22: 30.04.2025 | B22: Переміщення товарів ІБ00-000402 від 30.04.2025 10:00:00 Перемещение ТМЦ | C22: Обл. НДС Бетон С20/25 W6 F75 P4 доб-5 Надходження товарів і послуг ІБ00-001591 від 09.04.2025 11:00:00 Цех екстракції (Глобине) | D22: Обл. НДС Бетон С20/25 W6 F75 P4 доб-5 Надходження товарів і послуг ІБ00-001591 від 09.04.2025 11:00:00 Генплан митний склад (Глобине) | E22: 205 | H22: 205 | I22: 3941.11 | K22: Д | L22: 229430.41
A23: 30.04.2025 | B23: Переміщення товарів ІБ00-000405 від 30.04.2025 10:00:00 Перемещение ТМЦ | C23: Обл. НДС Щебінь 40-70 Надходження товарів і послуг ІБ00-001604 від 11.04.2025 20:51:44 Генплан підпірна стінка (Глобине) | D23: Обл. НДС Щебінь 40-70 Надходження товарів і послуг ІБ00-001604 від 11.04.2025 20:51:44 Генплан митний склад (Глобине) | E23: 205 | H23: 205 | I23: 17537.21 | K23: Д | L23: 211893.2
A24: Обороти за період та сальдо на кінець | E24: 119863.62 | H24: 27318.52 | K24: Д | L24: 211893.2
J26: =SUBTOTAL(9,I10:J11) -> 804.75

Sheet Генплан підпірна стінка
A1: Період | B1: Документ | C1: Аналітика Дт | D1: Аналітика Кт | E1: Дебет | H1: Кредит | K1: Поточне сальдо
E2: Рахунок | H2: Рахунок
A3: 01.04.2025 | B3: Надходження товарів і послуг ІБ00-002038 від 01.04.2025 11:00:00 Оприходованы ТМЦ (Зачет аванса поставщику) | C3: Обл. НДС Цемент ПЦ ІІ/А-Ш 500 25кг 1пал/64шт Надходження товарів і послуг ІБ00-002038 від 01.04.2025 11:00:00 Генплан підпірна стінка (Глобине) | D3: Лозовий Микола Миколайович ФОП РАХУНКИ_Глобино-2 Рахунок на оплату постачальника ІБ00-000941 від 17.03.2025 18:00:03 | E3: 205 | F3: 17820 | H3: 631 | K3: Д | L3: 179410.54
A4: 01.04.2025 | B4: Надходження товарів і послуг ІБ00-002042 від 01.04.2025 11:00:00 Оприходованы ТМЦ (Зачет аванса поставщику) | C4: Обл. НДС Цемент ПЦ ІІ/А-Ш 500 25кг 1пал/64шт Надходження товарів і послуг ІБ00-002042 від 01.04.2025 11:00:00 Генплан підпірна стінка (Глобине) | D4: Лозовий Микола Миколайович ФОП РАХУНКИ_Глобино-2 Рахунок на оплату постачальника ІБ00-000940 від 17.03.2025 18:00:02 | E4: 205 | F4: 1980 | H4: 631 | K4: Д | L4: 181390.54
A5: 01.04.2025 | B5: Переміщення товарів ІБ00-000349 від 01.04.2025 11:05:00 Перемещение ТМЦ | C5: Обл. НДС дошка 0,15*0,25 4 м Надходження товарів і послуг ІБ00-001790 від 01.04.2025 11:00:00 Генплан підпірна стінка (Глобине) | D5: Обл. НДС дошка 0,15*0,25 4 м Надходження товарів і послуг ІБ00-001790 від 01.04.2025 11:00:00 Глобине-2 | E5: 205 | F5: 3167.5 | H5: 205 | K5: Д | L5: 184558.04
A6: 01.04.2025 | B6: Переміщення товарів ІБ00-000303 від 01.04.2025 18:03:57 Перемещение ТМЦ | C6: Обл. НДС Щебінь 20-40 Надходження товарів і послуг ІБ00-001482 від 18.03.2025 11:00:00 Цех екстракції (Глобине) | D6: Обл. НДС Щебінь 20-40 Надходження товарів і послуг ІБ00-001482 від 18.03.2025 11:00:00 Генплан підпірна стінка (Глобине) | E6: 205 | H6: 205 | I6: 27724.19 | K6: Д | L6: 156833.85
A7: 14.04.2025 | B7: Переміщення товарів ІБ00-000337 від 14.04.2025 11:15:00 Перемещение ТМЦ | C7: Обл. НДС Щебенево-піщана суміш фр 0-70 мм Надходження товарів і послуг ІБ00-001691 від 14.04.2025 11:04:21 Генплан підпірна стінка (Глобине) | D7: Обл. НДС Щебенево-піщана суміш фр 0-70 мм Надходження товарів і послуг ІБ00-001691 від 14.04.2025 11:04:21 Глобине-2 | E7: 205 | F7: 62647.17 | H7: 205 | K7: Д | L7: 219481.02
A8: 21.04.2025 | B8: Надходження товарів і послуг ІБ00-001748 від 21.04.2025 11:00:00 Оприходованы ТМЦ | C8: Обл. НДС Пісок з відсіву дроблення щебеню фр. 0-5мм. Надходження товарів і послуг ІБ00-001748 від 21.04.2025 11:00:00 Генплан підпірна стінка (Глобине) | D8: Енергія Логістик ТОВ №28/10-2024 ВІД 28/10/24_Глобине-2 Рахунок на оплату постачальника ІБ00-001404 від 21.04.2025 11:00:01 | E8: 205 | F8: 3327 | H8: 631 | K8: Д | L8: 222808.02
A9: 23.04.2025 | B9: Переміщення товарів ІБ00-000358 від 23.04.2025 11:10:00 Перемещение ТМЦ | C9: Обл. НДС Пісок з відсіву дроблення щебеню фр. 0-5мм. Надходження товарів і послуг ІБ00-001810 від 23.04.2025 11:00:00 Генплан підпірна стінка (Глобине) | D9: Обл. НДС Пісок з відсіву дроблення щебеню фр. 0-5мм. Надходження товарів і послуг ІБ00-001810 від 23.04.2025 11:00:00 Глобине-2 | E9: 205 | F9: 19797.33 | H9: 205 | K9: Д | L9: 242605.35
A10: 30.04.2025 | B10: Переміщення товарів ІБ00-000405 від 30.04.2025 10:00:00 Перемещение ТМЦ | C10: Обл. НДС Щебінь 40-70 Надходження товарів і послуг ІБ00-001604 від 11.04.2025 20:51:44 Генплан підпірна стінка (Глобине) | D10: Обл. НДС Щебінь 40-70 Надходження товарів і послуг ІБ00-001604 від 11.04.2025 20:51:44 Генплан митний склад (Глобине) | E10: 205 | F10: 17537.21 | H10: 205 | K10: Д | L10: 260142.56
A11: 30.04.2025 | B11: Переміщення товарів ІБ00-000406 від 30.04.2025 10:00:00 Перемещение ТМЦ | C11: Обл. НДС Бетон С20/25 W6 F75 P4 Надходження товарів і послуг ІБ00-001089 від 13.03.2025 18:55:01 СПК (Глобине) | D11: Обл. НДС Бетон С20/25 W6 F75 P4 Надходження товарів і послуг ІБ00-001089 від 13.03.2025 18:55:01 Генплан підпірна стінка (Глобине) | E11: 205 | H11: 205 | I11: 37254.24 | K11: Д | L11: 222888.32
A12: 30.04.2025 | B12: Переміщення товарів ІБ00-000407 від 30.04.2025 10:00:00 Перемещение ТМЦ | C12: Обл. НДС Бетон С20/25 W6 F75 P4 Надходження товарів і послуг ІБ00-001089 від 13.03.2025 18:55:01 Котельна (Глобине) | D12: Обл. НДС Бетон С20/25 W6 F75 P4 Надходження товарів і послуг ІБ00-001089 від 13.03.2025 18:55:01 Генплан підпірна стінка (Глобине) | E12: 205 | H12: 205 | I12: 3184.12 | K12: Д | L12: 219704.2
A13: 30.04.2025 | B13: Переміщення товарів ІБ00-000410 від 30.04.2025 10:00:00 Перемещение ТМЦ | C13: Обл. НДС Бетон С20/25 W6 F75 P4 Надходження товарів і послуг ІБ00-001089 від 13.03.2025 18:55:01 Котельна (Глобине) | D13: Обл. НДС Бетон С20/25 W6 F75 P4 Надходження товарів і послуг ІБ00-001089 від 13.03.2025 18:55:01 Генплан підпірна стінка (Глобине) | E13: 205 | H13: 205 | I13: 61533.18 | K13: Д | L13: 158171.02
A14: 30.04.2025 | B14: Переміщення товарів ІБ00-000420 від 30.04.2025 10:00:00 Перемещение ТМЦ | C14: Обл. НДС Бетон С20/25 W6 F75 P4 Надходження товарів і послуг ІБ00-001089 від 13.03.2025 18:55:01 Пункт фасування та зберігання в бігбегах (Глобине) | D14: Обл. НДС Бетон С20/25 W6 F75 P4 Надходження товарів і послуг ІБ00-001089 від 13.03.2025 18:55:01 Генплан підпірна стінка (Глобине) | E14: 205 | H14: 205 | I14: 23403.31 | K14: Д | L14: 134767.71
A15: 30.04.2025 | B15: Переміщення товарів ІБ00-000423 від 30.04.2025 10:00:00 Перемещение ТМЦ | C15: Обл. НДС Фібра поліпропілен 12мм Надходження товарів і послуг ІБ00-001072 від 01.03.2025 18:17:15 Транспортна галерея (Глобине) | D15: Обл. НДС Фібра поліпропілен 12мм Надходження товарів і послуг ІБ00-001072 від 01.03.2025 18:17:15 Генплан підпірна стінка (Глобине) | E15: 205 | H15: 205 | I15: 8491.5 | K15: Д | L15: 126276.21
A16: 30.04.2025 | B16: Вимога-накладна ІБ00-000337 від 30.04.2025 11:00:00 Списаны ТМЦ | C16: Обл. НДС Виробничий (Глобине-2) Глобине-2 Прямі материальні виробничі витрати крім зворотніх відходів | D16: Обл. НДС Щебінь 40-70 Надходження товарів і послуг ІБ00-001604 від 11.04.2025 20:51:44 Генплан підпірна стінка (Глобине) | E16: 231 | H16: 205 | I16: 17537.21 | K16: Д | L16: 108739
A17: 30.04.2025 | B17: Переміщення товарів ІБ00-000382 від 30.04.2025 11:10:00 Перемещение ТМЦ | C17: Обл. НДС Бетон С 30/35 W4 F75 Р4 Надходження товарів і послуг ІБ00-001961 від 30.04.2025 11:00:00 Генплан підпірна стінка (Глобине) | D17: Обл. НДС Бетон С 30/35 W4 F75 Р4 Надходження товарів і послуг ІБ00-001961 від 30.04.2025 11:00:00 Глобине-2 | E17: 205 | F17: 11827.73 | H17: 205 | K17: Д | L17: 120566.73
A18: Обороти за період та сальдо на кінець | E18: 138103.94 | H18: 179127.75 | K18: Д | L18: 120566.73
J20: =SUBTOTAL(9,I16) -> 17537.21

Sheet Глобине-2
A1: Період | B1: Документ | C1: Аналітика Дт | D1: Аналітика Кт | E1: Дебет | H1: Кредит | K1: Поточне сальдо
E2: Рахунок | H2: Рахунок
A3: 01.04.2025 | B3: Переміщення товарів ІБ00-000377 від 01.04.2025 11:00:00 Перемещение ТМЦ | C3: Обл. НДС Емульсія бітумна Igoflex-101 каністра 32л Надходження товарів і послуг ІБ00-000606 від 21.02.2024 23:54:14 АПК (Глобине) | D3: Обл. НДС Емульсія бітумна Igoflex-101 каністра 32л Надходження товарів і послуг ІБ00-000606 від 21.02.2024 23:54:14 Глобине-2 | E3: 205 | H3: 205 | I3: 2507.38 | K3: Д | L3: 385036.45
A4: 01.04.2025 | B4: Переміщення товарів ІБ00-000377 від 01.04.2025 11:00:00 Перемещение ТМЦ | C4: Обл. НДС Емульсія бітумна Igoflex-101 каністра 32л Надходження товарів і послуг ІБ00-001108 від 22.03.2024 17:34:05 АПК (Глобине) | D4: Обл. НДС Емульсія бітумна Igoflex-101 каністра 32л Надходження товарів і послуг ІБ00-001108 від 22.03.2024 17:34:05 Глобине-2 | E4: 205 | H4: 205 | I4: 93456 | K4: Д | L4: 291580.45
A5: 01.04.2025 | B5: Надходження товарів і послуг ІБ00-001657 від 01.04.2025 11:00:00 Оприходованы ТМЦ (Зачет аванса поставщику) | C5: Обл. НДС Круг 10 (6,05- 3760 3пс/А240с) Надходження товарів і послуг ІБ00-001657 від 01.04.2025 11:00:00 Глобине-2 | D5: МЕТАЛ ХОЛДІНГ ТРЕЙД ТОВ Договір 01/467/24 від 06.09.2024_Глобине-2 Рахунок на оплату постачальника ІБ00-000855 від 13.03.2025 18:54:43 | E5: 205 | F5: 14828.4 | H5: 631 | K5: Д | L5: 306408.85
A6: 01.04.2025 | B6: Надходження товарів і послуг ІБ00-001657 від 01.04.2025 11:00:00 Оприходованы ТМЦ (Зачет аванса поставщику) | C6: Обл. НДС Арматура 12 міра (12-3760 А500С/А400С) Надходження товарів і послуг ІБ00-001657 від 01.04.2025 11:00:00 Глобине-2 | D6: МЕТАЛ ХОЛДІНГ ТРЕЙД ТОВ Договір 01/467/24 від 06.09.2024_Глобине-2 Рахунок на оплату постачальника ІБ00-000855 від 13.03.2025 18:54:43 | E6: 205 | F6: 22400 | H6: 631 | K6: Д | L6: 328808.85
A7: 01.04.2025 | B7: Надходження товарів і послуг ІБ00-001657 від 01.04.2025 11:00:00 Оприходованы ТМЦ (Зачет аванса поставщику) | C7: Обл. НДС Арматура 14 міра (12-3760 А500С/А400С) Надходження товарів і послуг ІБ00-001657 від 01.04.2025 11:00:00 Глобине-2 | D7: МЕТАЛ ХОЛДІНГ ТРЕЙД ТОВ Договір 01/467/24 від 06.09.2024_Глобине-2 Рахунок на оплату постачальника ІБ00-000855 від 13.03.2025 18:54:43 | E7: 205 | F7: 41466.67 | H7: 631 | K7: Д | L7: 370275.52
A8: 01.04.2025 | B8: Надходження товарів і послуг ІБ00-001657 від 01.04.2025 11:00:00 Оприходованы ТМЦ (Зачет аванса поставщику) | C8: Обл. НДС Труба г/к 377х9 (11,8- 8732 20) Надходження товарів і послуг ІБ00-001657 від 01.04.2025 11:00:00 Глобине-2 | D8: МЕТАЛ ХОЛДІНГ ТРЕЙД ТОВ Договір 01/467/24 від 06.09.2024_Глобине-2 Рахунок на оплату постачальника ІБ00-000855 від 13.03.2025 18:54:43 | E8: 205 | F8: 17560.4 | H8: 631 | K8: Д | L8: 387835.92
A9: 01.04.2025 | B9: Надходження товарів і послуг ІБ00-001657 від 01.04.2025 11:00:00 Оприходованы ТМЦ (Зачет аванса поставщику) | C9: Обл. НДС Дріт 1,2 мм термооброблений Надходження товарів і послуг ІБ00-001657 від 01.04.2025 11:00:00 Глобине-2 | D9: МЕТАЛ ХОЛДІНГ ТРЕЙД ТОВ Договір 01/467/24 від 06.09.2024_Глобине-2 Рахунок на оплату постачальника ІБ00-000855 від 13.03.2025 18:54:43 | E9: 205 | F9: 996.24 | H9: 631 | K9: Д | L9: 388832.16
A10: 01.04.2025 | B10: Надходження товарів і послуг ІБ00-001657 від 01.04.2025 11:00:00 Оприходованы ТМЦ (Зачет аванса поставщику) | C10: Обл. НДС Труба профільна 80*80*4 L=12 м Надходження товарів і послуг ІБ00-001657 від 01.04.2025 11:00:00 Глобине-2 | D10: МЕТАЛ ХОЛДІНГ ТРЕЙД ТОВ Договір 01/467/24 від 06.09.2024_Глобине-2 Рахунок на оплату постачальника ІБ00-000855 від 13.03.2025 18:54:43 | E10: 205 | F10: 4898.56 | H10: 631 | K10: Д | L10: 393730.72
A11: 01.04.2025 | B11: Надходження товарів і послуг ІБ00-001657 від 01.04.2025 11:00:00 Оприходованы ТМЦ (Зачет аванса поставщику) | C11: Обл. НДС Труба профільна 40*40*3,0 L=6000 мм ст1-3 сп/пс Надходження товарів і послуг ІБ00-001657 від 01.04.2025 11:00:00 Глобине-2 | D11: МЕТАЛ ХОЛДІНГ ТРЕЙД ТОВ Договір 01/467/24 від 06.09.2024_Глобине-2 Рахунок на оплату постачальника ІБ00-000855 від 13.03.2025 18:54:43 | E11: 205 | F11: 5510.88 | H11: 631 | K11: Д | L11: 399241.6
A12: 01.04.2025 | B12: Надходження товарів і послуг ІБ00-001657 від 01.04.2025 11:00:00 Оприходованы ТМЦ (Зачет аванса поставщику) | C12: Обл. НДС Дріт 3,0мм з/я т/о Надходження товарів і послуг ІБ00-001657 від 01.04.2025 11:00:00 Глобине-2 | D12: МЕТАЛ ХОЛДІНГ ТРЕЙД ТОВ Договір 01/467/24 від 06.09.2024_Глобине-2 Рахунок на оплату постачальника ІБ00-000855 від 13.03.2025 18:54:43 | E12: 205 | F12: 326.56 | H12: 631 | K12: Д | L12: 399568.16
A13: 01.04.2025 | B13: Надходження товарів і послуг ІБ00-001657 від 01.04.2025 11:00:00 Оприходованы ТМЦ (Зачет аванса поставщику) | C13: Обл. НДС Балка 30 (12,05 8239 3пс5) Надходження товарів і послуг ІБ00-001657 від 01.04.2025 11:00:00 Глобине-2 | D13: МЕТАЛ ХОЛДІНГ ТРЕЙД ТОВ Договір 01/467/24 від 06.09.2024_Глобине-2 Рахунок на оплату постачальника ІБ00-000855 від 13.03.2025 18:54:43 | E13: 205 | F13: 109156.32 | H13: 631 | K13: Д | L13: 508724.48
A14: 01.04.2025 | B14: Надходження товарів і послуг ІБ00-001657 від 01.04.2025 11:00:00 Оприходованы ТМЦ | C14: Обл. НДС Труба профільна 100*100*4 L=12000 мм ст1-3 сп/пс Надходження товарів і послуг ІБ00-001657 від 01.04.2025 11:00:00 Глобине-2 | D14: МЕТАЛ ХОЛДІНГ ТРЕЙД ТОВ Договір 01/467/24 від 06.09.2024_Глобине-2 Рахунок на оплату постачальника ІБ00-000855 від 13.03.2025 18:54:43 | E14: 205 | F14: 4093.58 | H14: 631 | K14: Д | L14: 512818.06
A15: 01.04.2025 | B15: Надходження товарів і послуг ІБ00-001657 від 01.04.2025 11:00:00 Оприходованы ТМЦ | C15: Обл. НДС Труба ДУ 32*2,8 ст.1-3пс; 6 м Надходження товарів і послуг ІБ00-001657 від 01.04.2025 11:00:00 Глобине-2 | D15: МЕТАЛ ХОЛДІНГ ТРЕЙД ТОВ Договір 01/467/24 від 06.09.2024_Глобине-2 Рахунок на оплату постачальника ІБ00-000855 від 13.03.2025 18:54:43 | E15: 205 | F15: 13860 | H15: 631 | K15: Д | L15: 526678.06
A16: 01.04.2025 | B16: Надходження товарів і послуг ІБ00-001657 від 01.04.2025 11:00:00 Оприходованы ТМЦ | C16: Обл. НДС Кутник 45х45х4,0 Надходження товарів і послуг ІБ00-001657 від 01.04.2025 11:00:00 Глобине-2 | D16: МЕТАЛ ХОЛДІНГ ТРЕЙД ТОВ Договір 01/467/24 від 06.09.2024_Глобине-2 Рахунок на оплату постачальника ІБ00-000855 від 13.03.2025 18:54:43 | E16: 205 | F16: 2726.4 | H16: 631 | K16: Д | L16: 529404.46
... A21: 01.04.2025 | B21: Надходження товарів і послуг ІБ00-001790 від 01.04.2025 11:00:00 Оприходованы ТМЦ (Зачет аванса поставщику) | C21: Обл. НДС Плита OSB 18 мм Надходження товарів і послуг ІБ00-001790 від 01.04.2025 11:00:00 Глобине-2 | D21: Мошинець Ю.П. ФОП Рахунки_Глобине-2 Рахунок на оплату постачальника ІБ00-000841 від 01.03.2025 18:16:41 | E21: 205 | F21: 17800 | H21: 631 | K21: Д | L21: 577485.03
A22: 01.04.2025 | B22: Переміщення товарів ІБ00-000348 від 01.04.2025 11:05:00 Перемещение ТМЦ | C22: Обл. НДС дошка 0,15*0,25 4 м Надходження товарів і послуг ІБ00-001790 від 01.04.2025 11:00:00 Цех екстракції (Глобине) | D22: Обл. НДС дошка 0,15*0,25 4 м Надходження товарів і послуг ІБ00-001790 від 01.04.2025 11:00:00 Глобине-2 | E22: 205 | H22: 205 | I22: 3801 | K22: Д | L22: 573684.03
A23: 01.04.2025 | B23: Переміщення товарів ІБ00-000348 від 01.04.2025 11:05:00 Перемещение ТМЦ | C23: Обл. НДС Плита OSB 18 мм Надходження товарів і послуг ІБ00-001790 від 01.04.2025 11:00:00 Цех екстракції (Глобине) | D23: Обл. НДС Плита OSB 18 мм Надходження товарів і послуг ІБ00-001790 від 01.04.2025 11:00:00 Глобине-2 | E23: 205 | H23: 205 | I23: 17800 | K23: Д | L23: 555884.03
A24: 01.04.2025 | B24: Переміщення товарів ІБ00-000349 від 01.04.2025 11:05:00 Перемещение ТМЦ | C24: Обл. НДС дошка 0,15*0,25 4 м Надходження товарів і послуг ІБ00-001790 від 01.04.2025 11:00:00 Генплан підпірна стінка (Глобине) | D24: Обл. НДС дошка 0,15*0,25 4 м Надходження товарів і послуг ІБ00-001790 від 01.04.2025 11:00:00 Глобине-2 | E24: 205 | H24: 205 | I24: 3167.5 | K24: Д | L24: 552716.53
A25: 01.04.2025 | B25: Надходження дод. витрат ІБ00-000253 від 01.04.2025 11:05:00 Доп. расходы при поступлении товаров | C25: Обл. НДС Круг 10 (6,05- 3760 3пс/А240с) Надходження товарів і послуг ІБ00-001657 від 01.04.2025 11:00:00 Глобине-2 | D25: МЕТАЛ ХОЛДІНГ ТРЕЙД ТОВ Договір 01/467/24 від 06.09.2024_Глобине-2 Рахунок на оплату постачальника ІБ00-000855 від 13.03.2025 18:54:43 | E25: 205 | F25: 757.12 | H25: 631 | K25: Д | L25: 553473.65
A26: 01.04.2025 | B26: Надходження дод. витрат ІБ00-000253 від 01.04.2025 11:05:00 Доп. расходы при поступлении товаров | C26: Обл. НДС Арматура 12 міра (12-3760 А500С/А400С) Надходження товарів і послуг ІБ00-001657 від 01.04.2025 11:00:00 Глобине-2 | D26: МЕТАЛ ХОЛДІНГ ТРЕЙД ТОВ Договір 01/467/24 від 06.09.2024_Глобине-2 Рахунок на оплату постачальника ІБ00-000855 від 13.03.2025 18:54:43 | E26: 205 | F26: 1143.72 | H26: 631 | K26: Д | L26: 554617.37
A27: 01.04.2025 | B27: Надходження дод. витрат ІБ00-000253 від 01.04.2025 11:05:00 Доп. расходы при поступлении товаров | C27: Обл. НДС Арматура 14 міра (12-3760 А500С/А400С) Надходження товарів і послуг ІБ00-001657 від 01.04.2025 11:00:00 Глобине-2 | D27: МЕТАЛ ХОЛДІНГ ТРЕЙД ТОВ Договір 01/467/24 від 06.09.2024_Глобине-2 Рахунок на оплату постачальника ІБ00-000855 від 13.03.2025 18:54:43 | E27: 205 | F27: 2117.24 | H27: 631 | K27: Д | L27: 556734.61
A28: 01.04.2025 | B28: Надходження дод. витрат ІБ00-000253 від 01.04.2025 11:05:00 Доп. расходы при поступлении товаров | C28: Обл. НДС Труба г/к 377х9 (11,8- 8732 20) Надходження товарів і послуг ІБ00-001657 від 01.04.2025 11:00:00 Глобине-2 | D28: МЕТАЛ ХОЛДІНГ ТРЕЙД ТОВ Договір 01/467/24 від 06.09.2024_Глобине-2 Рахунок на оплату постачальника ІБ00-000855 від 13.03.2025 18:54:43 | E28: 205 | F28: 896.62 | H28: 631 | K28: Д | L28: 557631.23
A29: 01.04.2025 | B29: Надходження дод. витрат ІБ00-000253 від 01.04.2025 11:05:00 Доп. расходы при поступлении товаров | C29: Обл. НДС Дріт 1,2 мм термооброблений Надходження товарів і послуг ІБ00-001657 від 01.04.2025 11:00:00 Глобине-2 | D29: МЕТАЛ ХОЛДІНГ ТРЕЙД ТОВ Договір 01/467/24 від 06.09.2024_Глобине-2 Рахунок на оплату постачальника ІБ00-000855 від 13.03.2025 18:54:43 | E29: 205 | F29: 50.87 | H29: 631 | K29: Д | L29: 557682.1
A30: 01.04.2025 | B30: Надходження дод. витрат ІБ00-000253 від 01.04.2025 11:05:00 Доп. расходы при поступлении товаров | C30: Обл. НДС Труба профільна 80*80*4 L=12 м Надходження товарів і послуг ІБ00-001657 від 01.04.2025 11:00:00 Глобине-2 | D30: МЕТАЛ ХОЛДІНГ ТРЕЙД ТОВ Договір 01/467/24 від 06.09.2024_Глобине-2 Рахунок на оплату постачальника ІБ00-000855 від 13.03.2025 18:54:43 | E30: 205 | F30: 250.12 | H30: 631 | K30: Д | L30: 557932.22
A31: 01.04.2025 | B31: Надходження дод. витрат ІБ00-000253 від 01.04.2025 11:05:00 Доп. расходы при поступлении товаров | C31: Обл. НДС Труба профільна 40*40*3,0 L=6000 мм ст1-3 сп/пс Надходження товарів і послуг ІБ00-001657 від 01.04.2025 11:00:00 Глобине-2 | D31: МЕТАЛ ХОЛДІНГ ТРЕЙД ТОВ Договір 01/467/24 від 06.09.2024_Глобине-2 Рахунок на оплату постачальника ІБ00-000855 від 13.03.2025 18:54:43 | E31: 205 | F31: 281.38 | H31: 631 | K31: Д | L31: 558213.6
A32: 01.04.2025 | B32: Надходження дод. витрат ІБ00-000253 від 01.04.2025 11:05:00 Доп. расходы при поступлении товаров | C32: Обл. НДС Дріт 3,0мм з/я т/о Надходження товарів і послуг ІБ00-001657 від 01.04.2025 11:00:00 Глобине-2 | D32: МЕТАЛ ХОЛДІНГ ТРЕЙД ТОВ Договір 01/467/24 від 06.09.2024_Глобине-2 Рахунок на оплату постачальника ІБ00-000855 від 13.03.2025 18:54:43 | E32: 205 | F32: 16.67 | H32: 631 | K32: Д | L32: 558230.27
A33: 01.04.2025 | B33: Надходження дод. витрат ІБ00-000253 від 01.04.2025 11:05:00 Доп. расходы при поступлении товаров | C33: Обл. НДС Балка 30 (12,05 8239 3пс5) Надходження товарів і послуг ІБ00-001657 від 01.04.2025 11:00:00 Глобине-2 | D33: МЕТАЛ ХОЛДІНГ ТРЕЙД ТОВ Договір 01/467/24 від 06.09.2024_Глобине-2 Рахунок на оплату постачальника ІБ00-000855 від 13.03.2025 18:54:43 | E33: 205 | F33: 5573.41 | H33: 631 | K33: Д | L33: 563803.68
A34: 01.04.2025 | B34: Надходження дод. витрат ІБ00-000253 від 01.04.2025 11:05:00 Доп. расходы при поступлении товаров | C34: Обл. НДС Труба профільна 100*100*4 L=12000 мм ст1-3 сп/пс Надходження товарів і послуг ІБ00-001657 від 01.04.2025 11:00:00 Глобине-2 | D34: МЕТАЛ ХОЛДІНГ ТРЕЙД ТОВ Договір 01/467/24 від 06.09.2024_Глобине-2 Рахунок на оплату постачальника ІБ00-000855 від 13.03.2025 18:54:43 | E34: 205 | F34: 209.01 | H34: 631 | K34: Д | L34: 564012.69
A35: 01.04.2025 | B35: Надходження дод. витрат ІБ00-000253 від 01.04.2025 11:05:00 Доп. расходы при поступлении товаров | C35: Обл. НДС Труба ДУ 32*2,8 ст.1-3пс; 6 м Надходження товарів і послуг ІБ00-001657 від 01.04.2025 11:00:00 Глобине-2 | D35: МЕТАЛ ХОЛДІНГ ТРЕЙД ТОВ Договір 01/467/24 від 06.09.2024_Глобине-2 Рахунок на оплату постачальника ІБ00-000855 від 13.03.2025 18:54:43 | E35: 205 | F35: 707.68 | H35: 631 | K35: Д | L35: 564720.37
A36: 01.04.2025 | B36: Надходження дод. витрат ІБ00-000253 від 01.04.2025 11:05:00 Доп. расходы при поступлении товаров | C36: Обл. НДС Кутник 45х45х4,0 Надходження товарів і послуг ІБ00-001657 від 01.04.2025 11:00:00 Глобине-2 | D36: МЕТАЛ ХОЛДІНГ ТРЕЙД ТОВ Договір 01/467/24 від 06.09.2024_Глобине-2 Рахунок на оплату постачальника ІБ00-000855 від 13.03.2025 18:54:43 | E36: 205 | F36: 139.21 | H36: 631 | K36: Д | L36: 564859.58
... A39: 01.04.2025 | B39: Надходження дод. витрат ІБ00-000253 від 01.04.2025 11:05:00 Доп. расходы при поступлении товаров | C39: Обл. НДС Кутик 75*75*6мм ст.3ПС МІРА 12 м Надходження товарів і послуг ІБ00-001657 від 01.04.2025 11:00:00 Глобине-2 | D39: МЕТАЛ ХОЛДІНГ ТРЕЙД ТОВ Договір 01/467/24 від 06.09.2024_Глобине-2 Рахунок на оплату постачальника ІБ00-000855 від 13.03.2025 18:54:43 | E39: 205 | F39: 20.51 | H39: 631 | K39: Д | L39: 566049.86
A40: 01.04.2025 | B40: Переміщення товарів ІБ00-000329 від 01.04.2025 11:10:00 Перемещение ТМЦ | C40: Обл. НДС Круг 10 (6,05- 3760 3пс/А240с) Надходження товарів і послуг ІБ00-001657 від 01.04.2025 11:00:00 Транспортна галерея (Глобине) | D40: Обл. НДС Круг 10 (6,05- 3760 3пс/А240с) Надходження товарів і послуг ІБ00-001657 від 01.04.2025 11:00:00 Глобине-2 | E40: 205 | H40: 205 | I40: 15585.52 | K40: Д | L40: 550464.34
A41: 01.04.2025 | B41: Переміщення товарів ІБ00-000329 від 01.04.2025 11:10:00 Перемещение ТМЦ | C41: Обл. НДС Арматура 12 міра (12-3760 А500С/А400С) Надходження товарів і послуг ІБ00-001657 від 01.04.2025 11:00:00 Транспортна галерея (Глобине) | D41: Обл. НДС Арматура 12 міра (12-3760 А500С/А400С) Надходження товарів і послуг ІБ00-001657 від 01.04.2025 11:00:00 Глобине-2 | E41: 205 | H41: 205 | I41: 23543.72 | K41: Д | L41: 526920.62
A42: 01.04.2025 | B42: Переміщення товарів ІБ00-000329 від 01.04.2025 11:10:00 Перемещение ТМЦ | C42: Обл. НДС Арматура 14 міра (12-3760 А500С/А400С) Надходження товарів і послуг ІБ00-001657 від 01.04.2025 11:00:00 Транспортна галерея (Глобине) | D42: Обл. НДС Арматура 14 міра (12-3760 А500С/А400С) Надходження товарів і послуг ІБ00-001657 від 01.04.2025 11:00:00 Глобине-2 | E42: 205 | H42: 205 | I42: 43583.91 | K42: Д | L42: 483336.71
A43: 01.04.2025 | B43: Переміщення товарів ІБ00-000329 від 01.04.2025 11:10:00 Перемещение ТМЦ | C43: Обл. НДС Дріт 1,2 мм термооброблений Надходження товарів і послуг ІБ00-001657 від 01.04.2025 11:00:00 Транспортна галерея (Глобине) | D43: Обл. НДС Дріт 1,2 мм термооброблений Надходження товарів і послуг ІБ00-001657 від 01.04.2025 11:00:00 Глобине-2 | E43: 205 | H43: 205 | I43: 1047.11 | K43: Д | L43: 482289.6
A44: 01.04.2025 | B44: Переміщення товарів ІБ00-000330 від 01.04.2025 11:10:00 Перемещение ТМЦ | C44: Обл. НДС Труба г/к 377х9 (11,8- 8732 20) Надходження товарів і послуг ІБ00-001657 від 01.04.2025 11:00:00 Резервуар для зберігання розчинника(Глобине) | D44: Обл. НДС Труба г/к 377х9 (11,8- 8732 20) Надходження товарів і послуг ІБ00-001657 від 01.04.2025 11:00:00 Глобине-2 | E44: 205 | H44: 205 | I44: 18457.02 | K44: Д | L44: 463832.58
A45: 01.04.2025 | B45: Переміщення товарів ІБ00-000331 від 01.04.2025 11:10:00 Перемещение ТМЦ | C45: Обл. НДС Труба профільна 80*80*4 L=12 м Надходження товарів і послуг ІБ00-001657 від 01.04.2025 11:00:00 Генплан митний склад (Глобине) | D45: Обл. НДС Труба профільна 80*80*4 L=12 м Надходження товарів і послуг ІБ00-001657 від 01.04.2025 11:00:00 Глобине-2 | E45: 205 | H45: 205 | I45: 5148.68 | K45: Д | L45: 458683.9
A46: 01.04.2025 | B46: Переміщення товарів ІБ00-000331 від 01.04.2025 11:10:00 Перемещение ТМЦ | C46: Обл. НДС Труба профільна 40*40*3,0 L=6000 мм ст1-3 сп/пс Надходження товарів і послуг ІБ00-001657 від 01.04.2025 11:00:00 Генплан митний склад (Глобине) | D46: Обл. НДС Труба профільна 40*40*3,0 L=6000 мм ст1-3 сп/пс Надходження товарів і послуг ІБ00-001657 від 01.04.2025 11:00:00 Глобине-2 | E46: 205 | H46: 205 | I46: 5792.26 | K46: Д | L46: 452891.64
A47: 01.04.2025 | B47: Переміщення товарів ІБ00-000331 від 01.04.2025 11:10:00 Перемещение ТМЦ | C47: Обл. НДС Дріт 3,0мм з/я т/о Надходження товарів і послуг ІБ00-001657 від 01.04.2025 11:00:00 Генплан митний склад (Глобине) | D47: Обл. НДС Дріт 3,0мм з/я т/о Надходження товарів і послуг ІБ00-001657 від 01.04.2025 11:00:00 Глобине-2 | E47: 205 | H47: 205 | I47: 343.23 | K47: Д | L47: 452548.41
A48: 01.04.2025 | B48: Переміщення товарів ІБ00-000331 від 01.04.2025 11:10:00 Перемещение ТМЦ | C48: Обл. НДС Труба ДУ 32*2,8 ст.1-3пс; 6 м Надходження товарів і послуг ІБ00-001657 від 01.04.2025 11:00:00 Генплан митний склад (Глобине) | D48: Обл. НДС Труба ДУ 32*2,8 ст.1-3пс; 6 м Надходження товарів і послуг ІБ00-001657 від 01.04.2025 11:00:00 Глобине-2 | E48: 205 | H48: 205 | I48: 14567.68 | K48: Д | L48: 437980.73
A49: 01.04.2025 | B49: Переміщення товарів ІБ00-000331 від 01.04.2025 11:10:00 Перемещение ТМЦ | C49: Обл. НДС Кутник 45х45х4,0 Надходження товарів і послуг ІБ00-001657 від 01.04.2025 11:00:00 Генплан митний склад (Глобине) | D49: Обл. НДС Кутник 45х45х4,0 Надходження товарів і послуг ІБ00-001657 від 01.04.2025 11:00:00 Глобине-2 | E49: 205 | H49: 205 | I49: 2865.61 | K49: Д | L49: 435115.12
A50: 01.04.2025 | B50: Переміщення товарів ІБ00-000331 від 01.04.2025 11:10:00 Перемещение ТМЦ | C50: Обл. НДС Труба 100х100х4 (12,05- 8940:2019 08кп/1-3пс) Надходження товарів і послуг ІБ00-001657 від 01.04.2025 11:00:00 Генплан митний склад (Глобине) | D50: Обл. НДС Труба 100х100х4 (12,05- 8940:2019 08кп/1-3пс) Надходження товарів і послуг ІБ00-001657 від 01.04.2025 11:00:00 Глобине-2 | E50: 205 | H50: 205 | I50: 4370.3 | K50: Д | L50: 430744.82
A51: 01.04.2025 | B51: Переміщення товарів ІБ00-000332 від 01.04.2025 11:10:00 Перемещение ТМЦ | C51: Обл. НДС Балка 30 (12,05 8239 3пс5) Надходження товарів і послуг ІБ00-001657 від 01.04.2025 11:00:00 Пожежений резервуар (Глобине) | D51: Обл. НДС Балка 30 (12,05 8239 3пс5) Надходження товарів і послуг ІБ00-001657 від 01.04.2025 11:00:00 Глобине-2 | E51: 205 | H51: 205 | I51: 114729.73 | K51: Д | L51: 316015.09
... A56: 01.04.2025 | B56: Переміщення товарів ІБ00-000364 від 01.04.2025 23:11:18 Перемещение ТМЦ | C56: Обл. НДС Бетон С 8/10 Р4 доб-10 Надходження товарів і послуг ІБ00-000728 від 22.02.2025 20:00:06 Пункт фасування та зберігання в бігбегах (Глобине) | D56: Обл. НДС Бетон С 8/10 Р4 доб-10 Надходження товарів і послуг ІБ00-000728 від 22.02.2025 20:00:06 Глобине-2 | E56: 205 | H56: 205 | I56: 2728.88 | K56: Д | L56: 269648.64
A57: 02.04.2025 | B57: Надходження товарів і послуг ІБ00-001438 від 02.04.2025 18:11:01 Оприходованы ТМЦ (Зачет аванса поставщику) | C57: Обл. НДС Бетон С 20/25 F75 W6 Р4 Надходження товарів і послуг ІБ00-001438 від 02.04.2025 18:11:01 Глобине-2 | D57: Кременчуцький річковий порт ПРАТ Договір 112/Б від 15.10.2024_Глобине-2 Списання з банківського рахунку 00000024261 від 25.03.2025 17:00:54 | E57: 205 | F57: 16190.52 | H57: 631 | K57: Д | L57: 285839.16
A58: 02.04.2025 | B58: Надходження товарів і послуг ІБ00-001438 від 02.04.2025 18:11:01 Оприходованы ТМЦ (Зачет аванса поставщику) | C58: Обл. НДС Бетон С 20/25 F75 W6 Р4 Надходження товарів і послуг ІБ00-001438 від 02.04.2025 18:11:01 Глобине-2 | D58: Кременчуцький річковий порт ПРАТ Договір 112/Б від 15.10.2024_Глобине-2 Списання з банківського рахунку 00000024157 від 21.03.2025 17:06:46 | E58: 205 | F58: 40749.48 | H58: 631 | K58: Д | L58: 326588.64
A59: 02.04.2025 | B59: Надходження дод. витрат ІБ00-000213 від 02.04.2025 18:11:02 Доп. расходы при поступлении товаров (Зачет аванса поставщику) | C59: Обл. НДС Бетон С 20/25 F75 W6 Р4 Надходження товарів і послуг ІБ00-001438 від 02.04.2025 18:11:01 Глобине-2 | D59: Кременчуцький річковий порт ПРАТ Договір 112/Б від 15.10.2024_Глобине-2 Списання з банківського рахунку 00000024261 від 25.03.2025 17:00:54 | E59: 205 | F59: 16198 | H59: 631 | K59: Д | L59: 342786.64
A60: 02.04.2025 | B60: Переміщення товарів ІБ00-000285 від 02.04.2025 18:11:03 Перемещение ТМЦ | C60: Обл. НДС Бетон С 20/25 F75 W6 Р4 Надходження товарів і послуг ІБ00-001438 від 02.04.2025 18:11:01 Цех екстракції (Глобине) | D60: Обл. НДС Бетон С 20/25 F75 W6 Р4 Надходження товарів і послуг ІБ00-001438 від 02.04.2025 18:11:01 Глобине-2 | E60: 205 | H60: 205 | I60: 61886 | K60: Д | L60: 280900.64
A61: 02.04.2025 | B61: Переміщення товарів ІБ00-000286 від 02.04.2025 18:11:04 Перемещение ТМЦ | C61: Обл. НДС Бетон С 20/25 F75 W6 Р4 Надходження товарів і послуг ІБ00-001438 від 02.04.2025 18:11:01 Пункт фасування та зберігання в бігбегах (Глобине) | D61: Обл. НДС Бетон С 20/25 F75 W6 Р4 Надходження товарів і послуг ІБ00-001438 від 02.04.2025 18:11:01 Глобине-2 | E61: 205 | H61: 205 | I61: 11252 | K61: Д | L61: 269648.64
A62: 04.04.2025 | B62: Надходження товарів і послуг ІБ00-001437 від 04.04.2025 11:24:02 Оприходованы ТМЦ (Зачет аванса поставщику) | C62: Обл. НДС Бетон С 20/25 F75 W6 Р4 Надходження товарів і послуг ІБ00-001437 від 04.04.2025 11:24:02 Глобине-2 | D62: Кременчуцький річковий порт ПРАТ Договір 112/Б від 15.10.2024_Глобине-2 Списання з банківського рахунку 00000024157 від 21.03.2025 17:06:46 | E62: 205 | F62: 14600 | H62: 631 | K62: Д | L62: 284248.64
A63: 04.04.2025 | B63: Надходження дод. витрат ІБ00-000212 від 04.04.2025 11:30:00 Доп. расходы при поступлении товаров (Зачет аванса поставщику) | C63: Обл. НДС Бетон С 20/25 F75 W6 Р4 Надходження товарів і послуг ІБ00-001437 від 04.04.2025 11:24:02 Глобине-2 | D63: Кременчуцький річковий порт ПРАТ Договір 112/Б від 15.10.2024_Глобине-2 Списання з банківського рахунку 00000024157 від 21.03.2025 17:06:46 | E63: 205 | F63: 8720 | H63: 631 | K63: Д | L63: 292968.64
A64: 04.04.2025 | B64: Переміщення товарів ІБ00-000282 від 04.04.2025 11:35:00 Перемещение ТМЦ | C64: Обл. НДС Бетон С 20/25 F75 W6 Р4 Надходження товарів і послуг ІБ00-001437 від 04.04.2025 11:24:02 СПК (Глобине) | D64: Обл. НДС Бетон С 20/25 F75 W6 Р4 Надходження товарів і послуг ІБ00-001437 від 04.04.2025 11:24:02 Глобине-2 | E64: 205 | H64: 205 | I64: 6996 | K64: Д | L64: 285972.64
A65: 04.04.2025 | B65: Переміщення товарів ІБ00-000283 від 04.04.2025 11:40:00 Перемещение ТМЦ | C65: Обл. НДС Бетон С 20/25 F75 W6 Р4 Надходження товарів і послуг ІБ00-001437 від 04.04.2025 11:24:02 Цех екстракції (Глобине) | D65: Обл. НДС Бетон С 20/25 F75 W6 Р4 Надходження товарів і послуг ІБ00-001437 від 04.04.2025 11:24:02 Глобине-2 | E65: 205 | H65: 205 | I65: 6996 | K65: Д | L65: 278976.64
A66: 04.04.2025 | B66: Переміщення товарів ІБ00-000284 від 04.04.2025 11:40:00 Перемещение ТМЦ | C66: Обл. НДС Бетон С 20/25 F75 W6 Р4 Надходження товарів і послуг ІБ00-001437 від 04.04.2025 11:24:02 Пункт фасування та зберігання в бігбегах (Глобине) | D66: Обл. НДС Бетон С 20/25 F75 W6 Р4 Надходження товарів і послуг ІБ00-001437 від 04.04.2025 11:24:02 Глобине-2 | E66: 205 | H66: 205 | I66: 9328 | K66: Д | L66: 269648.64
A67: 05.04.2025 | B67: Надходження товарів і послуг ІБ00-001435 від 05.04.2025 12:00:00 Оприходованы ТМЦ (Зачет аванса поставщику) | C67: Обл. НДС Бетон С 20/25 F75 W6 Р4 Надходження товарів і послуг ІБ00-001435 від 05.04.2025 12:00:00 Глобине-2 | D67: Кременчуцький річковий порт ПРАТ Договір 112/Б від 15.10.2024_Глобине-2 Списання з банківського рахунку 00000024261 від 25.03.2025 17:00:54 | E67: 205 | F67: 73000 | H67: 631 | K67: Д | L67: 342648.64
A68: 05.04.2025 | B68: Надходження дод. витрат ІБ00-000211 від 05.04.2025 12:00:01 Доп. расходы при поступлении товаров (Зачет аванса поставщику) | C68: Обл. НДС Бетон С 20/25 F75 W6 Р4 Надходження товарів і послуг ІБ00-001435 від 05.04.2025 12:00:00 Глобине-2 | D68: Кременчуцький річковий порт ПРАТ Договір 112/Б від 15.10.2024_Глобине-2 Списання з банківського рахунку 00000024261 від 25.03.2025 17:00:54 | E68: 205 | F68: 24702 | H68: 631 | K68: Д | L68: 367350.64
A69: 05.04.2025 | B69: Переміщення товарів ІБ00-000280 від 05.04.2025 12:05:00 Перемещение ТМЦ | C69: Обл. НДС Бетон С 20/25 F75 W6 Р4 Надходження товарів і послуг ІБ00-001435 від 05.04.2025 12:00:00 Цех екстракції (Глобине) | D69: Обл. НДС Бетон С 20/25 F75 W6 Р4 Надходження товарів і послуг ІБ00-001435 від 05.04.2025 12:00:00 Глобине-2 | E69: 205 | H69: 205 | I69: 93793.92 | K69: Д | L69: 273556.72
A70: 05.04.2025 | B70: Переміщення товарів ІБ00-000281 від 05.04.2025 12:05:00 Перемещение ТМЦ | C70: Обл. НДС Бетон С 20/25 F75 W6 Р4 Надходження товарів і послуг ІБ00-001435 від 05.04.2025 12:00:00 Пункт фасування та зберігання в бігбегах (Глобине) | D70: Обл. НДС Бетон С 20/25 F75 W6 Р4 Надходження товарів і послуг ІБ00-001435 від 05.04.2025 12:00:00 Глобине-2 | E70: 205 | H70: 205 | I70: 3908.08 | K70: Д | L70: 269648.64
A71: 09.04.2025 | B71: Надходження товарів і послуг ІБ00-001591 від 09.04.2025 11:00:00 Оприходованы ТМЦ | C71: Обл. НДС Бетон С20/25 W6 F75 P4 доб-5 Надходження товарів і послуг ІБ00-001591 від 09.04.2025 11:00:00 Глобине-2 | D71: Кременчуцький річковий порт ПРАТ Договір 112/Б від 15.10.2024_Глобине-2 Надходження товарів і послуг ІБ00-001591 від 09.04.2025 11:00:00 | E71: 205 | F71: 51975 | H71: 631 | K71: Д | L71: 321623.64
A72: 09.04.2025 | B72: Надходження товарів і послуг ІБ00-001613 від 09.04.2025 11:00:00 Оприходованы ТМЦ | C72: Обл. НДС Піна монтажна 750 мл Надходження товарів і послуг ІБ00-001613 від 09.04.2025 11:00:00 Глобине-2 | D72: Лук'ян Михайло Федорович ФОП 22/08-24-1 от 22.08.2024 (РАХУНКИ)_Глобине-2 Рахунок на оплату постачальника ІБ00-001318 від 09.04.2025 23:59:59 | E72: 205 | F72: 5400 | H72: 631 | K72: Д | L72: 327023.64
A73: 09.04.2025 | B73: Переміщення товарів ІБ00-000324 від 09.04.2025 11:05:00 Перемещение ТМЦ | C73: Обл. НДС Піна монтажна 750 мл Надходження товарів і послуг ІБ00-001613 від 09.04.2025 11:00:00 АПК (Глобине) | D73: Обл. НДС Піна монтажна 750 мл Надходження товарів і послуг ІБ00-001613 від 09.04.2025 11:00:00 Глобине-2 | E73: 205 | H73: 205 | I73: 5400 | K73: Д | L73: 321623.64
A74: 09.04.2025 | B74: Надходження дод. витрат ІБ00-000245 від 09.04.2025 11:05:00 Доп. расходы при поступлении товаров | C74: Обл. НДС Бетон С20/25 W6 F75 P4 доб-5 Надходження товарів і послуг ІБ00-001591 від 09.04.2025 11:00:00 Глобине-2 | D74: Кременчуцький річковий порт ПРАТ Договір 112/Б від 15.10.2024_Глобине-2 Надходження дод. витрат ІБ00-000245 від 09.04.2025 11:05:00 | E74: 205 | F74: 16994.5 | H74: 631 | K74: Д | L74: 338618.14
A75: 09.04.2025 | B75: Переміщення товарів ІБ00-000321 від 09.04.2025 11:10:00 Перемещение ТМЦ | C75: Обл. НДС Бетон С20/25 W6 F75 P4 доб-5 Надходження товарів і послуг ІБ00-001591 від 09.04.2025 11:00:00 Цех екстракції (Глобине) | D75: Обл. НДС Бетон С20/25 W6 F75 P4 доб-5 Надходження товарів і послуг ІБ00-001591 від 09.04.2025 11:00:00 Глобине-2 | E75: 205 | H75: 205 | I75: 65028.39 | K75: Д | L75: 273589.75
A76: 09.04.2025 | B76: Переміщення товарів ІБ00-000322 від 09.04.2025 11:10:00 Перемещение ТМЦ | C76: Обл. НДС Бетон С20/25 W6 F75 P4 доб-5 Надходження товарів і послуг ІБ00-001591 від 09.04.2025 11:00:00 Генплан митний склад (Глобине) | D76: Обл. НДС Бетон С20/25 W6 F75 P4 доб-5 Надходження товарів і послуг ІБ00-001591 від 09.04.2025 11:00:00 Глобине-2 | E76: 205 | H76: 205 | I76: 3941.11 | K76: Д | L76: 269648.64
A77: 11.04.2025 | B77: Надходження товарів і послуг ІБ00-001614 від 11.04.2025 11:00:00 Оприходованы ТМЦ | C77: Обл. НДС Шуруп г/к по дереву 3,5*55 мм Надходження товарів і послуг ІБ00-001614 від 11.04.2025 11:00:00 Глобине-2 | D77: Лук'ян Михайло Федорович ФОП 22/08-24-1 от 22.08.2024 (РАХУНКИ)_Глобине-2 Рахунок на оплату постачальника ІБ00-001319 від 10.04.2025 22:56:53 | E77: 205 | F77: 362.55 | H77: 631 | K77: Д | L77: 270011.19
A78: 11.04.2025 | B78: Надходження товарів і послуг ІБ00-001614 від 11.04.2025 11:00:00 Оприходованы ТМЦ | C78: Обл. НДС Полотно шабельне 455*50*1,5мм крок 12,7мм Надходження товарів і послуг ІБ00-001614 від 11.04.2025 11:00:00 Глобине-2 | D78: Лук'ян Михайло Федорович ФОП 22/08-24-1 от 22.08.2024 (РАХУНКИ)_Глобине-2 Рахунок на оплату постачальника ІБ00-001319 від 10.04.2025 22:56:53 | E78: 205 | F78: 901.4 | H78: 631 | K78: Д | L78: 270912.59
A79: 11.04.2025 | B79: Надходження товарів і послуг ІБ00-001629 від 11.04.2025 11:00:00 Оприходованы ТМЦ (Зачет аванса поставщику) | C79: Обл. НДС Бетон С20/25 W6 F75 P4 доб-5 Надходження товарів і послуг ІБ00-001629 від 11.04.2025 11:00:00 Глобине-2 | D79: Кременчуцький річковий порт ПРАТ Договір 112/Б від 15.10.2024_Глобине-2 Списання з банківського рахунку 00000025169 від 10.04.2025 09:09:56 | E79: 205 | F79: 66825 | H79: 631 | K79: Д | L79: 337737.59
A80: 11.04.2025 | B80: Надходження дод. витрат ІБ00-000250 від 11.04.2025 11:05:00 Доп. расходы при поступлении товаров (Зачет аванса поставщику) | C80: Обл. НДС Бетон С20/25 W6 F75 P4 доб-5 Надходження товарів і послуг ІБ00-001629 від 11.04.2025 11:00:00 Глобине-2 | D80: Кременчуцький річковий порт ПРАТ Договір 112/Б від 15.10.2024_Глобине-2 Списання з банківського рахунку 00000025169 від 10.04.2025 09:09:56 | E80: 205 | F80: 25485 | H80: 631 | K80: Д | L80: 363222.59
A81: 11.04.2025 | B81: Переміщення товарів ІБ00-000326 від 11.04.2025 11:10:00 Перемещение ТМЦ | C81: Обл. НДС Бетон С20/25 W6 F75 P4 доб-5 Надходження товарів і послуг ІБ00-001629 від 11.04.2025 11:00:00 Резервуар для зберігання розчинника(Глобине) | D81: Обл. НДС Бетон С20/25 W6 F75 P4 доб-5 Надходження товарів і послуг ІБ00-001629 від 11.04.2025 11:00:00 Глобине-2 | E81: 205 | H81: 205 | I81: 59488.67 | K81: Д | L81: 303733.92
A82: 11.04.2025 | B82: Переміщення товарів ІБ00-000327 від 11.04.2025 11:10:00 Перемещение ТМЦ | C82: Обл. НДС Бетон С20/25 W6 F75 P4 доб-5 Надходження товарів і послуг ІБ00-001629 від 11.04.2025 11:00:00 СПК (Глобине) | D82: Обл. НДС Бетон С20/25 W6 F75 P4 доб-5 Надходження товарів і послуг ІБ00-001629 від 11.04.2025 11:00:00 Глобине-2 | E82: 205 | H82: 205 | I82: 24616 | K82: Д | L82: 279117.92
A83: 11.04.2025 | B83: Переміщення товарів ІБ00-000328 від 11.04.2025 11:10:00 Перемещение ТМЦ | C83: Обл. НДС Бетон С20/25 W6 F75 P4 доб-5 Надходження товарів і послуг ІБ00-001629 від 11.04.2025 11:00:00 Пункт фасування та зберігання в бігбегах (Глобине) | D83: Обл. НДС Бетон С20/25 W6 F75 P4 доб-5 Надходження товарів і послуг ІБ00-001629 від 11.04.2025 11:00:00 Глобине-2 | E83: 205 | H83: 205 | I83: 8205.33 | K83: Д | L83: 270912.59
A84: 14.04.2025 | B84: Надходження товарів і послуг ІБ00-001692 від 14.04.2025 11:00:00 Оприходованы ТМЦ | C84: Обл. НДС Пісок з відсіву дроблення щебеню фр. 0-5мм. Надходження товарів і послуг ІБ00-001692 від 14.04.2025 11:00:00 Глобине-2 | D84: Енергія Логістик ТОВ №28/10-2024 ВІД 28/10/24_Глобине-2 Рахунок на оплату постачальника ІБ00-001388 від 14.04.2025 18:04:21 | E84: 205 | F84: 5226 | H84: 631 | K84: Д | L84: 276138.59
A85: 14.04.2025 | B85: Надходження товарів і послуг ІБ00-001692 від 14.04.2025 11:00:00 Оприходованы ТМЦ | C85: Обл. НДС Щебінь 20-40 Надходження товарів і послуг ІБ00-001692 від 14.04.2025 11:00:00 Глобине-2 | D85: Енергія Логістик ТОВ №28/10-2024 ВІД 28/10/24_Глобине-2 Рахунок на оплату постачальника ІБ00-001388 від 14.04.2025 18:04:21 | E85: 205 | F85: 31187.33 | H85: 631 | K85: Д | L85: 307325.92
A86: 14.04.2025 | B86: Надходження товарів і послуг ІБ00-001691 від 14.04.2025 11:04:21 Оприходованы ТМЦ | C86: Обл. НДС Щебенево-піщана суміш фр 0-70 мм Надходження товарів і послуг ІБ00-001691 від 14.04.2025 11:04:21 Глобине-2 | D86: Венкрас Авто ПП Договір 05/09/2024 від 05.09.2024_Глобине-2 Рахунок на оплату постачальника ІБ00-001387 від 14.04.2025 18:04:20 | E86: 205 | F86: 36921 | H86: 631 | K86: Д | L86: 344246.92
A87: 14.04.2025 | B87: Надходження дод. витрат ІБ00-000261 від 14.04.2025 11:05:00 Доп. расходы при поступлении товаров | C87: Обл. НДС Пісок з відсіву дроблення щебеню фр. 0-5мм. Надходження товарів і послуг ІБ00-001692 від 14.04.2025 11:00:00 Глобине-2 | D87: Енергія Логістик ТОВ №28/10-2024 ВІД 28/10/24_Глобине-2 Рахунок на оплату постачальника ІБ00-001388 від 14.04.2025 18:04:21 | E87: 205 | F87: 12194 | H87: 631 | K87: Д | L87: 356440.92
A88: 14.04.2025 | B88: Надходження дод. витрат ІБ00-000261 від 14.04.2025 11:05:00 Доп. расходы при поступлении товаров | C88: Обл. НДС Щебінь 20-40 Надходження товарів і послуг ІБ00-001692 від 14.04.2025 11:00:00 Глобине-2 | D88: Енергія Логістик ТОВ №28/10-2024 ВІД 28/10/24_Глобине-2 Рахунок на оплату постачальника ІБ00-001388 від 14.04.2025 18:04:21 | E88: 205 | F88: 31948 | H88: 631 | K88: Д | L88: 388388.92
A89: 14.04.2025 | B89: Надходження дод. витрат ІБ00-000272 від 14.04.2025 11:10:00 Доп. расходы при поступлении товаров | C89: Обл. НДС Щебенево-піщана суміш фр 0-70 мм Надходження товарів і послуг ІБ00-001691 від 14.04.2025 11:04:21 Глобине-2 | D89: Венкрас Авто ПП Договір 05/09/2024 від 05.09.2024_Глобине-2 Рахунок на оплату постачальника ІБ00-001387 від 14.04.2025 18:04:20 | E89: 205 | F89: 38972.17 | H89: 631 | K89: Д | L89: 427361.09
A90: 14.04.2025 | B90: Переміщення товарів ІБ00-000336 від 14.04.2025 11:15:00 Перемещение ТМЦ | C90: Обл. НДС Щебенево-піщана суміш фр 0-70 мм Надходження товарів і послуг ІБ00-001691 від 14.04.2025 11:04:21 СПК (Глобине) | D90: Обл. НДС Щебенево-піщана суміш фр 0-70 мм Надходження товарів і послуг ІБ00-001691 від 14.04.2025 11:04:21 Глобине-2 | E90: 205 | H90: 205 | I90: 13246 | K90: Д | L90: 414115.09
A91: 14.04.2025 | B91: Переміщення товарів ІБ00-000337 від 14.04.2025 11:15:00 Перемещение ТМЦ | C91: Обл. НДС Щебенево-піщана суміш фр 0-70 мм Надходження товарів і послуг ІБ00-001691 від 14.04.2025 11:04:21 Генплан підпірна стінка (Глобине) | D91: Обл. НДС Щебенево-піщана суміш фр 0-70 мм Надходження товарів і послуг ІБ00-001691 від 14.04.2025 11:04:21 Глобине-2 | E91: 205 | H91: 205 | I91: 62647.17 | K91: Д | L91: 351467.92
A92: 14.04.2025 | B92: Переміщення товарів ІБ00-000338 від 14.04.2025 11:15:00 Перемещение ТМЦ | C92: Обл. НДС Пісок з відсіву дроблення щебеню фр. 0-5мм. Надходження товарів і послуг ІБ00-001692 від 14.04.2025 11:00:00 СПК (Глобине) | D92: Обл. НДС Пісок з відсіву дроблення щебеню фр. 0-5мм. Надходження товарів і послуг ІБ00-001692 від 14.04.2025 11:00:00 Глобине-2 | E92: 205 | H92: 205 | I92: 17420 | K92: Д | L92: 334047.92
A93: 14.04.2025 | B93: Переміщення товарів ІБ00-000338 від 14.04.2025 11:15:00 Перемещение ТМЦ | C93: Обл. НДС Щебінь 20-40 Надходження товарів і послуг ІБ00-001692 від 14.04.2025 11:00:00 СПК (Глобине) | D93: Обл. НДС Щебінь 20-40 Надходження товарів і послуг ІБ00-001692 від 14.04.2025 11:00:00 Глобине-2 | E93: 205 | H93: 205 | I93: 50968.91 | K93: Д | L93: 283079.01
A94: 14.04.2025 | B94: Переміщення товарів ІБ00-000339 від 14.04.2025 11:15:00 Перемещение ТМЦ | C94: Обл. НДС Щебінь 20-40 Надходження товарів і послуг ІБ00-001692 від 14.04.2025 11:00:00 Резервуар для зберігання розчинника(Глобине) | D94: Обл. НДС Щебінь 20-40 Надходження товарів і послуг ІБ00-001692 від 14.04.2025 11:00:00 Глобине-2 | E94: 205 | H94: 205 | I94: 12166.42 | K94: Д | L94: 270912.59
A95: 15.04.2025 | B95: Надходження товарів і послуг ІБ00-001681 від 15.04.2025 11:00:00 Оприходованы ТМЦ | C95: Обл. НДС Пісок з відсіву дроблення щебеню фр. 0-5мм. Надходження товарів і послуг ІБ00-001681 від 15.04.2025 11:00:00 Глобине-2 | D95: Енергія Логістик ТОВ №28/10-2024 ВІД 28/10/24_Глобине-2 Рахунок на оплату постачальника ІБ00-001379 від 15.04.2025 18:30:55 | E95: 205 | F95: 13731 | H95: 631 | K95: Д | L95: 284643.59
A96: 15.04.2025 | B96: Надходження дод. витрат ІБ00-000260 від 15.04.2025 11:05:00 Доп. расходы при поступлении товаров | C96: Обл. НДС Пісок з відсіву дроблення щебеню фр. 0-5мм. Надходження товарів і послуг ІБ00-001681 від 15.04.2025 11:00:00 Глобине-2 | D96: Енергія Логістик ТОВ №28/10-2024 ВІД 28/10/24_Глобине-2 Рахунок на оплату постачальника ІБ00-001379 від 15.04.2025 18:30:55 | E96: 205 | F96: 32039 | H96: 631 | K96: Д | L96: 316682.59
A97: 15.04.2025 | B97: Переміщення товарів ІБ00-000334 від 15.04.2025 11:10:00 Перемещение ТМЦ | C97: Обл. НДС Пісок з відсіву дроблення щебеню фр. 0-5мм. Надходження товарів і послуг ІБ00-001681 від 15.04.2025 11:00:00 Генплан митний склад (Глобине) | D97: Обл. НДС Пісок з відсіву дроблення щебеню фр. 0-5мм. Надходження товарів і послуг ІБ00-001681 від 15.04.2025 11:00:00 Глобине-2 | E97: 205 | H97: 205 | I97: 18870 | K97: Д | L97: 297812.59
A98: 15.04.2025 | B98: Переміщення товарів ІБ00-000335 від 15.04.2025 11:10:00 Перемещение ТМЦ | C98: Обл. НДС Пісок з відсіву дроблення щебеню фр. 0-5мм. Надходження товарів і послуг ІБ00-001681 від 15.04.2025 11:00:00 СПК (Глобине) | D98: Обл. НДС Пісок з відсіву дроблення щебеню фр. 0-5мм. Надходження товарів і послуг ІБ00-001681 від 15.04.2025 11:00:00 Глобине-2 | E98: 205 | H98: 205 | I98: 26900 | K98: Д | L98: 270912.59
A99: 17.04.2025 | B99: Надходження товарів і послуг ІБ00-001750 від 17.04.2025 11:00:00 Оприходованы ТМЦ | C99: Обл. НДС Пісок з відсіву дроблення щебеню фр. 0-5мм. Надходження товарів і послуг ІБ00-001750 від 17.04.2025 11:00:00 Глобине-2 | D99: Енергія Логістик ТОВ №28/10-2024 ВІД 28/10/24_Глобине-2 Рахунок на оплату постачальника ІБ00-001406 від 17.04.2025 18:06:20 | E99: 205 | F99: 13917 | H99: 631 | K99: Д | L99: 284829.59
A100: 17.04.2025 | B100: Надходження дод. витрат ІБ00-000267 від 17.04.2025 11:05:00 Доп. расходы при поступлении товаров | C100: Обл. НДС Пісок з відсіву дроблення щебеню фр. 0-5мм. Надходження товарів і послуг ІБ00-001750 від 17.04.2025 11:00:00 Глобине-2 | D100: Енергія Логістик ТОВ №28/10-2024 ВІД 28/10/24_Глобине-2 Рахунок на оплату постачальника ІБ00-001406 від 17.04.2025 18:06:20 | E100: 205 | F100: 32473 | H100: 631 | K100: Д | L100: 317302.59
A101: 17.04.2025 | B101: Переміщення товарів ІБ00-000346 від 17.04.2025 11:10:00 Перемещение ТМЦ | C101: Обл. НДС Пісок з відсіву дроблення щебеню фр. 0-5мм. Надходження товарів і послуг ІБ00-001750 від 17.04.2025 11:00:00 СПК (Глобине) | D101: Обл. НДС Пісок з відсіву дроблення щебеню фр. 0-5мм. Надходження товарів і послуг ІБ00-001750 від 17.04.2025 11:00:00 Глобине-2 | E101: 205 | H101: 205 | I101: 37515 | K101: Д | L101: 279787.59
A102: 17.04.2025 | B102: Переміщення товарів ІБ00-000347 від 17.04.2025 11:10:00 Перемещение ТМЦ | C102: Обл. НДС Пісок з відсіву дроблення щебеню фр. 0-5мм. Надходження товарів і послуг ІБ00-001750 від 17.04.2025 11:00:00 Резервуар для зберігання розчинника(Глобине) | D102: Обл. НДС Пісок з відсіву дроблення щебеню фр. 0-5мм. Надходження товарів і послуг ІБ00-001750 від 17.04.2025 11:00:00 Глобине-2 | E102: 205 | H102: 205 | I102: 8875 | K102: Д | L102: 270912.59
A103: 18.04.2025 | B103: Надходження товарів і послуг ІБ00-001749 від 18.04.2025 11:00:00 Оприходованы ТМЦ | C103: Обл. НДС Пісок з відсіву дроблення щебеню фр. 0-5мм. Надходження товарів і послуг ІБ00-001749 від 18.04.2025 11:00:00 Глобине-2 | D103: Енергія Логістик ТОВ №28/10-2024 ВІД 28/10/24_Глобине-2 Рахунок на оплату постачальника ІБ00-001405 від 18.04.2025 18:10:02 | E103: 205 | F103: 8242.5 | H103: 631 | K103: Д | L103: 279155.09
A104: 18.04.2025 | B104: Надходження дод. витрат ІБ00-000266 від 18.04.2025 11:05:00 Доп. расходы при поступлении товаров | C104: Обл. НДС Пісок з відсіву дроблення щебеню фр. 0-5мм. Надходження товарів і послуг ІБ00-001749 від 18.04.2025 11:00:00 Глобине-2 | D104: Енергія Логістик ТОВ №28/10-2024 ВІД 28/10/24_Глобине-2 Рахунок на оплату постачальника ІБ00-001405 від 18.04.2025 18:10:02 | E104: 205 | F104: 19232.5 | H104: 631 | K104: Д | L104: 298387.59
A105: 18.04.2025 | B105: Переміщення товарів ІБ00-000344 від 18.04.2025 11:10:00 Перемещение ТМЦ | C105: Обл. НДС Пісок з відсіву дроблення щебеню фр. 0-5мм. Надходження товарів і послуг ІБ00-001749 від 18.04.2025 11:00:00 СПК (Глобине) | D105: Обл. НДС Пісок з відсіву дроблення щебеню фр. 0-5мм. Надходження товарів і послуг ІБ00-001749 від 18.04.2025 11:00:00 Глобине-2 | E105: 205 | H105: 205 | I105: 18370 | K105: Д | L105: 280017.59
A106: 18.04.2025 | B106: Переміщення товарів ІБ00-000345 від 18.04.2025 11:10:00 Перемещение ТМЦ | C106: Обл. НДС Пісок з відсіву дроблення щебеню фр. 0-5мм. Надходження товарів і послуг ІБ00-001749 від 18.04.2025 11:00:00 Генплан митний склад (Глобине) | D106: Обл. НДС Пісок з відсіву дроблення щебеню фр. 0-5мм. Надходження товарів і послуг ІБ00-001749 від 18.04.2025 11:00:00 Глобине-2 | E106: 205 | H106: 205 | I106: 9105 | K106: Д | L106: 270912.59
A107: 22.04.2025 | B107: Надходження товарів і послуг ІБ00-001808 від 22.04.2025 11:00:00 Оприходованы ТМЦ | C107: Обл. НДС Кутик 50*50*5мм ст. S235 JR 6м Надходження товарів і послуг ІБ00-001808 від 22.04.2025 11:00:00 Глобине-2 | D107: МЕТАЛ ХОЛДІНГ ТРЕЙД ТОВ Дог 01/219/25 від 01.04.2025_Глобине-2 Рахунок на оплату постачальника ІБ00-001456 від 15.04.2025 18:31:02 | E107: 205 | F107: 4666.59 | H107: 631 | K107: Д | L107: 275579.18
A108: 22.04.2025 | B108: Надходження товарів і послуг ІБ00-001808 від 22.04.2025 11:00:00 Оприходованы ТМЦ | C108: Обл. НДС Лист г/к 10,0 мм 1500*6000, S235 JR Надходження товарів і послуг ІБ00-001808 від 22.04.2025 11:00:00 Глобине-2 | D108: МЕТАЛ ХОЛДІНГ ТРЕЙД ТОВ Дог 01/219/25 від 01.04.2025_Глобине-2 Рахунок на оплату постачальника ІБ00-001456 від 15.04.2025 18:31:02 | E108: 205 | F108: 67740 | H108: 631 | K108: Д | L108: 343319.18
A109: 22.04.2025 | B109: Надходження товарів і послуг ІБ00-001808 від 22.04.2025 11:00:00 Оприходованы ТМЦ | C109: Обл. НДС Лист г/к 20х1500х6000, ст.3пс5/S235JR Надходження товарів і послуг ІБ00-001808 від 22.04.2025 11:00:00 Глобине-2 | D109: МЕТАЛ ХОЛДІНГ ТРЕЙД ТОВ Дог 01/219/25 від 01.04.2025_Глобине-2 Рахунок на оплату постачальника ІБ00-001456 від 15.04.2025 18:31:02 | E109: 205 | F109: 3600 | H109: 631 | K109: Д | L109: 346919.18
A110: 22.04.2025 | B110: Надходження товарів і послуг ІБ00-001808 від 22.04.2025 11:00:00 Оприходованы ТМЦ | C110: Обл. НДС Лист г/к 20*1500*6000, S355J2 Надходження товарів і послуг ІБ00-001808 від 22.04.2025 11:00:00 Глобине-2 | D110: МЕТАЛ ХОЛДІНГ ТРЕЙД ТОВ Дог 01/219/25 від 01.04.2025_Глобине-2 Рахунок на оплату постачальника ІБ00-001456 від 15.04.2025 18:31:02 | E110: 205 | F110: 45918.72 | H110: 631 | K110: Д | L110: 392837.9
...

Sheet Котельна
A1: Період | B1: Документ | C1: Аналітика Дт | D1: Аналітика Кт | E1: Дебет | H1: Кредит | K1: Поточне сальдо
E2: Рахунок | H2: Рахунок
A3: 01.04.2025 | B3: Надходження товарів і послуг ІБ00-001789 від 01.04.2025 11:00:00 Оприходованы ТМЦ (Зачет аванса поставщику) | C3: Обл. НДС дошка 0,15*0,25 4 м Надходження товарів і послуг ІБ00-001789 від 01.04.2025 11:00:00 Котельна (Глобине) | D3: Мошинець Ю.П. ФОП Рахунки_Глобине-2 Рахунок на оплату постачальника ІБ00-000782 від 24.01.2025 22:10:42 | E3: 205 | F3: 4882.5 | H3: 631 | K3: Д | L3: 2277339.7
A4: 01.04.2025 | B4: Переміщення товарів ІБ00-000333 від 01.04.2025 11:10:00 Перемещение ТМЦ | C4: Обл. НДС Труба профільна 80*80*4 L=12 ст 1-3 сп/пс Надходження товарів і послуг ІБ00-001657 від 01.04.2025 11:00:00 Котельна (Глобине) | D4: Обл. НДС Труба профільна 80*80*4 L=12 ст 1-3 сп/пс Надходження товарів і послуг ІБ00-001657 від 01.04.2025 11:00:00 Глобине-2 | E4: 205 | F4: 19709.77 | H4: 205 | K4: Д | L4: 2297049.5
A5: 01.04.2025 | B5: Переміщення товарів ІБ00-000333 від 01.04.2025 11:10:00 Перемещение ТМЦ | C5: Обл. НДС Кутик 75*75*6мм ст.3ПС МІРА 12 м Надходження товарів і послуг ІБ00-001657 від 01.04.2025 11:00:00 Котельна (Глобине) | D5: Обл. НДС Кутик 75*75*6мм ст.3ПС МІРА 12 м Надходження товарів і послуг ІБ00-001657 від 01.04.2025 11:00:00 Глобине-2 | E5: 205 | F5: 422.28 | H5: 205 | K5: Д | L5: 2297471.8
A6: 01.04.2025 | B6: Надходження товарів і послуг ІБ00-001594 від 01.04.2025 23:10:21 Оприходованы ТМЦ (Зачет аванса поставщику) | C6: Обл. НДС Газоблок 300*200*600 D500 Надходження товарів і послуг ІБ00-001594 від 01.04.2025 23:10:21 Котельна (Глобине) | D6: СТАНДАРТ БУД ГРУП РАХУНКИ_Глобино-2 Рахунок на оплату постачальника ІБ00-000931 від 19.03.2025 23:12:36 | E6: 205 | F6: 123750 | H6: 631 | K6: Д | L6: 2421221.8
A7: 01.04.2025 | B7: Надходження товарів і послуг ІБ00-001596 від 01.04.2025 23:10:22 Оприходованы ТМЦ | C7: Обл. НДС Газоблок 300*200*600 D500 Надходження товарів і послуг ІБ00-001596 від 01.04.2025 23:10:22 Котельна (Глобине) | D7: СТАНДАРТ БУД ГРУП РАХУНКИ_Глобино-2 Рахунок на оплату постачальника ІБ00-000895 від 17.03.2025 17:20:10 | E7: 205 | F7: 4950 | H7: 631 | K7: Д | L7: 2426171.8
A8: 01.04.2025 | B8: Надходження товарів і послуг ІБ00-001596 від 01.04.2025 23:10:22 Оприходованы ТМЦ (Зачет аванса поставщику) | C8: Обл. НДС Газоблок 300*200*600 D500 Надходження товарів і послуг ІБ00-001596 від 01.04.2025 23:10:22 Котельна (Глобине) | D8: СТАНДАРТ БУД ГРУП РАХУНКИ_Глобино-2 Рахунок на оплату постачальника ІБ00-000895 від 17.03.2025 17:20:10 | E8: 205 | F8: 118800 | H8: 631 | K8: Д | L8: 2544971.8
A9: 01.04.2025 | B9: Надходження товарів і послуг ІБ00-001597 від 01.04.2025 23:10:23 Оприходованы ТМЦ (Зачет аванса поставщику) | C9: Обл. НДС Клей для газобетону МР2 (25 кг) Надходження товарів і послуг ІБ00-001597 від 01.04.2025 23:10:23 Котельна (Глобине) | D9: СТАНДАРТ БУД ГРУП РАХУНКИ_Глобино-2 Рахунок на оплату постачальника ІБ00-000931 від 19.03.2025 23:12:36 | E9: 205 | F9: 10158.34 | H9: 631 | K9: Д | L9: 2555130.1
A10: 01.04.2025 | B10: Надходження товарів і послуг ІБ00-001597 від 01.04.2025 23:10:23 Оприходованы ТМЦ (Зачет аванса поставщику) | C10: Обл. НДС Газоблок 300*200*600 D500 Надходження товарів і послуг ІБ00-001597 від 01.04.2025 23:10:23 Котельна (Глобине) | D10: СТАНДАРТ БУД ГРУП РАХУНКИ_Глобино-2 Рахунок на оплату постачальника ІБ00-000931 від 19.03.2025 23:12:36 | E10: 205 | F10: 106875 | H10: 631 | K10: Д | L10: 2662005.1
A11: 02.04.2025 | B11: Надходження товарів і послуг ІБ00-001389 від 02.04.2025 18:08:50 Оприходованы ТМЦ | C11: Обл. НДС Газоблок 300*200*600 D500 Надходження товарів і послуг ІБ00-001389 від 02.04.2025 18:08:50 Котельна (Глобине) | D11: СТАНДАРТ БУД ГРУП РАХУНКИ_Глобино-2 Рахунок на оплату постачальника ІБ00-001096 від 31.03.2025 23:59:59 | E11: 205 | F11: 22500 | H11: 631 | K11: Д | L11: 2684505.1
A12: 02.04.2025 | B12: Надходження товарів і послуг ІБ00-001397 від 02.04.2025 18:08:54 Оприходованы ТМЦ | C12: Обл. НДС Газоблок 300*200*600 D500 Надходження товарів і послуг ІБ00-001397 від 02.04.2025 18:08:54 Котельна (Глобине) | D12: СТАНДАРТ БУД ГРУП РАХУНКИ_Глобино-2 Рахунок на оплату постачальника ІБ00-000931 від 19.03.2025 23:12:36 | E12: 205 | F12: 61838 | H12: 631 | K12: Д | L12: 2746343.1
A13: 02.04.2025 | B13: Надходження товарів і послуг ІБ00-001397 від 02.04.2025 18:08:54 Оприходованы ТМЦ (Зачет аванса поставщику) | C13: Обл. НДС Газоблок 300*200*600 D500 Надходження товарів і послуг ІБ00-001397 від 02.04.2025 18:08:54 Котельна (Глобине) | D13: СТАНДАРТ БУД ГРУП РАХУНКИ_Глобино-2 Рахунок на оплату постачальника ІБ00-000931 від 19.03.2025 23:12:36 | E13: 205 | F13: 39412 | H13: 631 | K13: Д | L13: 2785755.1
A14: 03.04.2025 | B14: Вимога-накладна ІБ00-000255 від 03.04.2025 17:41:25 Списаны ТМЦ | C14: Обл. НДС Виробничий (Глобине-2) Глобине-2 Прямі материальні виробничі витрати крім зворотніх відходів | D14: Обл. НДС Клей для газобетону ХСМ МР2 (25 кг) Надходження товарів і послуг ІБ00-000860 від 04.03.2025 10:00:00 Котельна (Глобине) | E14: 231 | H14: 205 | I14: 2300 | K14: Д | L14: 2783455.1
A15: 03.04.2025 | B15: Вимога-накладна ІБ00-000255 від 03.04.2025 17:41:25 Списаны ТМЦ | C15: Обл. НДС Виробничий (Глобине-2) Глобине-2 Прямі материальні виробничі витрати крім зворотніх відходів | D15: Обл. НДС Газоблок 300*200*600 D500 Надходження товарів і послуг ІБ00-000860 від 04.03.2025 10:00:00 Котельна (Глобине) | E15: 231 | H15: 205 | I15: 86375 | K15: Д | L15: 2697080.1
A16: 03.04.2025 | B16: Вимога-накладна ІБ00-000255 від 03.04.2025 17:41:25 Списаны ТМЦ | C16: Обл. НДС Виробничий (Глобине-2) Глобине-2 Прямі материальні виробничі витрати крім зворотніх відходів | D16: Обл. НДС Прокат арматурний № 8 мм А500С 12м Надходження товарів і послуг ІБ00-000546 від 14.02.2025 10:00:00 Котельна (Глобине) | E16: 231 | H16: 205 | I16: 35550 | K16: Д | L16: 2661530.1
A17: 03.04.2025 | B17: Вимога-накладна ІБ00-000260 від 03.04.2025 17:41:45 Списаны ТМЦ | C17: Обл. НДС Виробничий (Глобине-2) Глобине-2 Прямі материальні виробничі витрати крім зворотніх відходів | D17: Обл. НДС Клей для газобетону ХСМ МР2 (25 кг) Надходження товарів і послуг ІБ00-000860 від 04.03.2025 10:00:00 Котельна (Глобине) | E17: 231 | H17: 205 | I17: 2760 | K17: Д | L17: 2658770.1
A18: 03.04.2025 | B18: Вимога-накладна ІБ00-000260 від 03.04.2025 17:41:45 Списаны ТМЦ | C18: Обл. НДС Виробничий (Глобине-2) Глобине-2 Прямі материальні виробничі витрати крім зворотніх відходів | D18: Обл. НДС Газоблок 300*200*600 D500 Надходження товарів і послуг ІБ00-000860 від 04.03.2025 10:00:00 Котельна (Глобине) | E18: 231 | H18: 205 | I18: 17275 | K18: Д | L18: 2641495.1
A19: 03.04.2025 | B19: Вимога-накладна ІБ00-000260 від 03.04.2025 17:41:45 Списаны ТМЦ | C19: Обл. НДС Виробничий (Глобине-2) Глобине-2 Прямі материальні виробничі витрати крім зворотніх відходів | D19: Обл. НДС Газоблок 300*200*600 D500 Надходження товарів і послуг ІБ00-001594 від 01.04.2025 23:10:21 Котельна (Глобине) | E19: 231 | H19: 205 | I19: 93750 | K19: Д | L19: 2547745.1
A20: 07.04.2025 | B20: Надходження товарів і послуг ІБ00-001525 від 07.04.2025 20:00:35 Оприходованы ТМЦ (Зачет аванса поставщику) | C20: Обл. НДС Решітковий настил KOZ 34*38/30*2/оц/1068*1130 Надходження товарів і послуг ІБ00-001525 від 07.04.2025 20:00:35 Котельна (Глобине) | D20: Червоноградський завод металоконструкцій Договір поставки № 44 від 11.06.2020 р._Глобино-2 Рахунок на оплату постачальника ІБ00-000980 від 12.03.2025 18:45:42 | E20: 205 | F20: 4150 | H20: 631 | K20: Д | L20: 2551895.1
A21: 07.04.2025 | B21: Надходження товарів і послуг ІБ00-001525 від 07.04.2025 20:00:35 Оприходованы ТМЦ (Зачет аванса поставщику) | C21: Обл. НДС Сходинки SOZ/34*38/30*2/оц/800*205 Надходження товарів і послуг ІБ00-001525 від 07.04.2025 20:00:35 Котельна (Глобине) | D21: Червоноградський завод металоконструкцій Договір поставки № 44 від 11.06.2020 р._Глобино-2 Рахунок на оплату постачальника ІБ00-000980 від 12.03.2025 18:45:42 | E21: 205 | F21: 1977.2 | H21: 631 | K21: Д | L21: 2553872.3
A22: 07.04.2025 | B22: Надходження товарів і послуг ІБ00-001525 від 07.04.2025 20:00:35 Оприходованы ТМЦ (Зачет аванса поставщику) | C22: Обл. НДС Кріплення гакове до швелера 16 Надходження товарів і послуг ІБ00-001525 від 07.04.2025 20:00:35 Котельна (Глобине) | D22: Червоноградський завод металоконструкцій Договір поставки № 44 від 11.06.2020 р._Глобино-2 Рахунок на оплату постачальника ІБ00-000980 від 12.03.2025 18:45:42 | E22: 205 | F22: 477.6 | H22: 631 | K22: Д | L22: 2554349.9
A23: 07.04.2025 | B23: Надходження товарів і послуг ІБ00-001525 від 07.04.2025 20:00:35 Оприходованы ТМЦ (Зачет аванса поставщику) | C23: Обл. НДС Кріплення для сходинок Надходження товарів і послуг ІБ00-001525 від 07.04.2025 20:00:35 Котельна (Глобине) | D23: Червоноградський завод металоконструкцій Договір поставки № 44 від 11.06.2020 р._Глобино-2 Рахунок на оплату постачальника ІБ00-000980 від 12.03.2025 18:45:42 | E23: 205 | F23: 235.2 | H23: 631 | K23: Д | L23: 2554585.1
A24: 12.04.2025 | B24: Надходження товарів і послуг ІБ00-001654 від 12.04.2025 12:00:04 Оприходованы ТМЦ (Зачет аванса поставщику) | C24: Обл. НДС Клей для газобетону МР2 (25 кг) Надходження товарів і послуг ІБ00-001654 від 12.04.2025 12:00:04 Котельна (Глобине) | D24: СТАНДАРТ БУД ГРУП РАХУНКИ_Глобино-2 Рахунок на оплату постачальника ІБ00-001294 від 10.04.2025 00:00:00 | E24: 205 | F24: 9126.68 | H24: 631 | K24: Д | L24: 2563711.8
A25: 16.04.2025 | B25: Надходження товарів і послуг ІБ00-001716 від 16.04.2025 11:00:00 Оприходованы ТМЦ | C25: Обл. НДС Розчинник УС Нефрас 0,94 л/ 0,75 кг Надходження товарів і послуг ІБ00-001716 від 16.04.2025 11:00:00 Котельна (Глобине) | D25: Лук'ян Михайло Федорович ФОП 22/08-24-1 от 22.08.2024 (РАХУНКИ)_Глобине-2 Рахунок на оплату постачальника ІБ00-001398 від 15.04.2025 18:30:58 | E25: 205 | F25: 281 | H25: 631 | K25: Д | L25: 2563992.8
A26: 22.04.2025 | B26: Переміщення товарів ІБ00-000356 від 22.04.2025 11:10:00 Перемещение ТМЦ | C26: Обл. НДС Труба 80х80х4 12,0-S235/S275 Надходження товарів і послуг ІБ00-001808 від 22.04.2025 11:00:00 Котельна (Глобине) | D26: Обл. НДС Труба 80х80х4 12,0-S235/S275 Надходження товарів і послуг ІБ00-001808 від 22.04.2025 11:00:00 Глобине-2 | E26: 205 | F26: 4755.17 | H26: 205 | K26: Д | L26: 2568748
A27: 29.04.2025 | B27: Вимога-накладна ІБ00-000287 від 29.04.2025 16:10:02 Списаны ТМЦ | C27: Обл. НДС Виробничий (Глобине-2) Глобине-2 Прямі материальні виробничі витрати крім зворотніх відходів | D27: Обл. НДС Клей для газобетону ХСМ МР2 (25 кг) Надходження товарів і послуг ІБ00-000860 від 04.03.2025 10:00:00 Котельна (Глобине) | E27: 231 | H27: 205 | I27: 1840 | K27: Д | L27: 2566908
A28: 29.04.2025 | B28: Вимога-накладна ІБ00-000287 від 29.04.2025 16:10:02 Списаны ТМЦ | C28: Обл. НДС Виробничий (Глобине-2) Глобине-2 Прямі материальні виробничі витрати крім зворотніх відходів | D28: Обл. НДС Газоблок 300*200*600 D500 Надходження товарів і послуг ІБ00-001594 від 01.04.2025 23:10:21 Котельна (Глобине) | E28: 231 | H28: 205 | I28: 30000 | K28: Д | L28: 2536908
A29: 29.04.2025 | B29: Вимога-накладна ІБ00-000287 від 29.04.2025 16:10:02 Списаны ТМЦ | C29: Обл. НДС Виробничий (Глобине-2) Глобине-2 Прямі материальні виробничі витрати крім зворотніх відходів | D29: Обл. НДС Газоблок 300*200*600 D500 Надходження товарів і послуг ІБ00-001596 від 01.04.2025 23:10:22 Котельна (Глобине) | E29: 231 | H29: 205 | I29: 62812.5 | K29: Д | L29: 2474095.5
A30: 29.04.2025 | B30: Списання товарів ІБ00-000210 від 29.04.2025 16:17:27 Списаны ТМЦ | C30: Обл. НДС Виробничий (Глобине-2) Глобине-2 Прямі материальні виробничі витрати крім зворотніх відходів | D30: Обл. НДС Шуруп г/к по дереву 3,5*55 мм Надходження товарів і послуг ІБ00-000711 від 18.02.2025 20:00:44 Котельна (Глобине) | E30: 231 | H30: 205 | I30: 99.05 | K30: Д | L30: 2473996.4
A31: 29.04.2025 | B31: Списання товарів ІБ00-000210 від 29.04.2025 16:17:27 Списаны ТМЦ | C31: Обл. НДС Виробничий (Глобине-2) Глобине-2 Прямі материальні виробничі витрати крім зворотніх відходів | D31: Обл. НДС Шуруп г/к по дереву 4,2*76 мм Надходження товарів і послуг ІБ00-001198 від 21.03.2025 19:26:08 Котельна (Глобине) | E31: 231 | H31: 205 | I31: 91.25 | K31: Д | L31: 2473905.2
A32: 29.04.2025 | B32: Списання товарів ІБ00-000210 від 29.04.2025 16:17:27 Списаны ТМЦ | C32: Обл. НДС Виробничий (Глобине-2) Глобине-2 Прямі материальні виробничі витрати крім зворотніх відходів | D32: Обл. НДС Клей-піна монтажна , 860 мл Надходження товарів і послуг ІБ00-000776 від 06.02.2025 18:36:51 Котельна (Глобине) | E32: 231 | H32: 205 | I32: 312.86 | K32: Д | L32: 2473592.3
A33: 29.04.2025 | B33: Списання товарів ІБ00-000210 від 29.04.2025 16:17:27 Списаны ТМЦ | C33: Обл. НДС Виробничий (Глобине-2) Глобине-2 Прямі материальні виробничі витрати крім зворотніх відходів | D33: Обл. НДС Плівка п/е рукав 1500*100 Надходження товарів і послуг ІБ00-005781 від 19.11.2024 17:51:41 Котельна (Глобине) | E33: 231 | H33: 205 | I33: 435 | K33: Д | L33: 2473157.3
A34: 30.04.2025 | B34: Переміщення товарів ІБ00-000391 від 30.04.2025 10:00:00 Перемещение ТМЦ | C34: Обл. НДС Бетон М-350 (Р-4) Надходження товарів і послуг ІБ00-005013 від 09.10.2024 18:37:38 Насосна Градирня (Глобине) | D34: Обл. НДС Бетон М-350 (Р-4) Надходження товарів і послуг ІБ00-005013 від 09.10.2024 18:37:38 Котельна (Глобине) | E34: 205 | H34: 205 | I34: 269 | K34: Д | L34: 2472888.3
A35: 30.04.2025 | B35: Переміщення товарів ІБ00-000398 від 30.04.2025 10:00:00 Перемещение ТМЦ | C35: Обл. НДС дошка 0,15*0,25 4 м Надходження товарів і послуг ІБ00-001789 від 01.04.2025 11:00:00 Пожежений резервуар (Глобине) | D35: Обл. НДС дошка 0,15*0,25 4 м Надходження товарів і послуг ІБ00-001789 від 01.04.2025 11:00:00 Котельна (Глобине) | E35: 205 | H35: 205 | I35: 1395 | K35: Д | L35: 2471493.3
A36: 30.04.2025 | B36: Переміщення товарів ІБ00-000407 від 30.04.2025 10:00:00 Перемещение ТМЦ | C36: Обл. НДС Бетон С20/25 W6 F75 P4 Надходження товарів і послуг ІБ00-001089 від 13.03.2025 18:55:01 Котельна (Глобине) | D36: Обл. НДС Бетон С20/25 W6 F75 P4 Надходження товарів і послуг ІБ00-001089 від 13.03.2025 18:55:01 Генплан підпірна стінка (Глобине) | E36: 205 | F36: 3184.12 | H36: 205 | K36: Д | L36: 2474677.4
A37: 30.04.2025 | B37: Переміщення товарів ІБ00-000410 від 30.04.2025 10:00:00 Перемещение ТМЦ | C37: Обл. НДС Бетон С20/25 W6 F75 P4 Надходження товарів і послуг ІБ00-001089 від 13.03.2025 18:55:01 Котельна (Глобине) | D37: Обл. НДС Бетон С20/25 W6 F75 P4 Надходження товарів і послуг ІБ00-001089 від 13.03.2025 18:55:01 Генплан підпірна стінка (Глобине) | E37: 205 | F37: 61533.18 | H37: 205 | K37: Д | L37: 2536210.6
A38: 30.04.2025 | B38: Списання товарів ІБ00-000223 від 30.04.2025 10:00:00 Списаны ТМЦ | C38: Обл. НДС Виробничий (Глобине-2) Глобине-2 Прямі материальні виробничі витрати крім зворотніх відходів | D38: Обл. НДС Клей-піна монтажна , 860 мл Надходження товарів і послуг ІБ00-000776 від 06.02.2025 18:36:51 Котельна (Глобине) | E38: 231 | H38: 205 | I38: 938.57 | K38: Д | L38: 2535272
A39: 30.04.2025 | B39: Списання товарів ІБ00-000224 від 30.04.2025 10:00:00 Списаны ТМЦ | C39: Обл. НДС Виробничий (Глобине-2) Глобине-2 Прямі материальні виробничі витрати крім зворотніх відходів | D39: Обл. НДС DIN933 Болт М12х65 5.8 цб пр Надходження товарів і послуг ІБ00-000950 від 06.03.2025 22:00:06 Котельна (Глобине) | E39: 231 | H39: 205 | I39: 308.7 | K39: Д | L39: 2534963.4
A40: 30.04.2025 | B40: Списання товарів ІБ00-000224 від 30.04.2025 10:00:00 Списаны ТМЦ | C40: Обл. НДС Виробничий (Глобине-2) Глобине-2 Прямі материальні виробничі витрати крім зворотніх відходів | D40: Обл. НДС Грунт-емаль ПФ-012 Р сірий (кг) Надходження товарів і послуг ІБ00-000138 від 17.01.2025 17:59:46 Котельна (Глобине) | E40: 231 | H40: 205 | I40: 2544.3 | K40: Д | L40: 2532419
A41: 30.04.2025 | B41: Списання товарів ІБ00-000224 від 30.04.2025 10:00:00 Списаны ТМЦ | C41: Обл. НДС Виробничий (Глобине-2) Глобине-2 Прямі материальні виробничі витрати крім зворотніх відходів | D41: Обл. НДС Розчинник УС Нефрас 0,94 л/ 0,75 кг Надходження товарів і послуг ІБ00-001716 від 16.04.2025 11:00:00 Котельна (Глобине) | E41: 231 | H41: 205 | I41: 281 | K41: Д | L41: 2532138
A42: 30.04.2025 | B42: Списання товарів ІБ00-000224 від 30.04.2025 10:00:00 Списаны ТМЦ | C42: Обл. НДС Виробничий (Глобине-2) Глобине-2 Прямі материальні виробничі витрати крім зворотніх відходів | D42: Обл. НДС Стрижень М 12 8.8 1м цб DIN 975 Надходження товарів і послуг ІБ00-000504 від 07.02.2025 18:30:23 Котельна (Глобине) | E42: 231 | H42: 205 | I42: 54.07 | K42: Д | L42: 2532084
A43: 30.04.2025 | B43: Списання товарів ІБ00-000224 від 30.04.2025 10:00:00 Списаны ТМЦ | C43: Обл. НДС Виробничий (Глобине-2) Глобине-2 Прямі материальні виробничі витрати крім зворотніх відходів | D43: Обл. НДС Стрижень М 16 8.8 1м цб DIN 975 Надходження товарів і послуг ІБ00-000504 від 07.02.2025 18:30:23 Котельна (Глобине) | E43: 231 | H43: 205 | I43: 302.83 | K43: Д | L43: 2531781.1
A44: 30.04.2025 | B44: Вимога-накладна ІБ00-000323 від 30.04.2025 10:00:00 Списаны ТМЦ | C44: Обл. НДС Виробничий (Глобине-2) Глобине-2 Прямі материальні виробничі витрати крім зворотніх відходів | D44: Обл. НДС Сендвіч-панель ТПК стінова 100мм МВ 1000мм відкр замок С0,5 PS/C 0.5 PS 3,00м трапеція 9006 срібл/тр Надходження товарів і послуг ІБ00-001142 від 17.03.2025 17:20:37 Котельна (Глобине) | E44: 231 | H44: 205 | I44: 9749.97 | K44: Д | L44: 2522031.2
A45: 30.04.2025 | B45: Вимога-накладна ІБ00-000323 від 30.04.2025 10:00:00 Списаны ТМЦ | C45: Обл. НДС Виробничий (Глобине-2) Глобине-2 Прямі материальні виробничі витрати крім зворотніх відходів | D45: Обл. НДС Сендвіч-панель ТПК стінова 100мм МВ 1000мм відкр замок С0,5 PS/C 0.5 PS 3,18м трапеція 9006 срібл/тр Надходження товарів і послуг ІБ00-001142 від 17.03.2025 17:20:37 Котельна (Глобине) | E45: 231 | H45: 205 | I45: 3444.99 | K45: Д | L45: 2518586.2
A46: 30.04.2025 | B46: Вимога-накладна ІБ00-000323 від 30.04.2025 10:00:00 Списаны ТМЦ | C46: Обл. НДС Виробничий (Глобине-2) Глобине-2 Прямі материальні виробничі витрати крім зворотніх відходів | D46: Обл. НДС Сендвіч-панель ТПК стінова 100мм МВ 1000мм відкр замок С0,5 PS/C 0.5 PS 3,25м трапеція 9006 срібл/тр Надходження товарів і послуг ІБ00-001142 від 17.03.2025 17:20:37 Котельна (Глобине) | E46: 231 | H46: 205 | I46: 10562.47 | K46: Д | L46: 2508023.7
A47: 30.04.2025 | B47: Вимога-накладна ІБ00-000323 від 30.04.2025 10:00:00 Списаны ТМЦ | C47: Обл. НДС Виробничий (Глобине-2) Глобине-2 Прямі материальні виробничі витрати крім зворотніх відходів | D47: Обл. НДС Сендвіч-панель ТПК стінова 100мм МВ 1150мм відкр замок С0,5 PS/C 0.5 PS 5,98м трапеція 9006 срібл/тр Надходження товарів і послуг ІБ00-001149 від 14.03.2025 17:50:57 Котельна (Глобине) | E47: 231 | H47: 205 | I47: 13880.04 | K47: Д | L47: 2494143.7
A48: 30.04.2025 | B48: Вимога-накладна ІБ00-000323 від 30.04.2025 10:00:00 Списаны ТМЦ | C48: Обл. НДС Виробничий (Глобине-2) Глобине-2 Прямі материальні виробничі витрати крім зворотніх відходів | D48: Обл. НДС Сендвіч-панель ТПК стінова 100мм МВ 1150мм відкр замок С0,5 PS/C 0.5 PS 6,24м трапеція 9006 срібл/тр Надходження товарів і послуг ІБ00-001149 від 14.03.2025 17:50:57 Котельна (Глобине) | E48: 231 | H48: 205 | I48: 16600.53 | K48: Д | L48: 2477543.1
A49: 30.04.2025 | B49: Вимога-накладна ІБ00-000323 від 30.04.2025 10:00:00 Списаны ТМЦ | C49: Обл. НДС Виробничий (Глобине-2) Глобине-2 Прямі материальні виробничі витрати крім зворотніх відходів | D49: Обл. НДС Сендвіч-панель ТПК стінова 100мм МВ 1150мм відкр замок С0,5 PS/C 0.5 PS 6,24м трапеція 9006 срібл/тр Надходження товарів і послуг ІБ00-001145 від 17.03.2025 17:20:39 Котельна (Глобине) | E49: 231 | H49: 205 | I49: 31771.9 | K49: Д | L49: 2445771.2
... A110: 30.04.2025 | B110: Вимога-накладна ІБ00-000342 від 30.04.2025 11:00:00 Списаны ТМЦ | C110: Обл. НДС Виробничий (Глобине-2) Глобине-2 Прямі материальні виробничі витрати крім зворотніх відходів | D110: Обл. НДС Бетон С20/25 W6 F75 P4 Надходження товарів і послуг ІБ00-001089 від 13.03.2025 18:55:01 Котельна (Глобине) | E110: 231 | H110: 205 | I110: 61533.18 | K110: Д | L110: 1776085.8
A111: Обороти за період та сальдо на кінець | E111: 599018.04 | H111: 1095389.5 | K111: Д | L111: 1776085.8
J113: =SUBTOTAL(9,I14:J110) -> 1093725.5

Sheet Насосна Градирня
A1: Період | B1: Документ | C1: Аналітика Дт | D1: Аналітика Кт | E1: Дебет | H1: Кредит | K1: Поточне сальдо
E2: Рахунок | H2: Рахунок
A3: 04.04.2025 | B3: Надходження товарів і послуг ІБ00-001507 від 04.04.2025 23:24:49 Оприходованы ТМЦ | C3: Обл. НДС Грунт-емаль АК-100 ЖИДКИЙ ЦИНК Надходження товарів і послуг ІБ00-001507 від 04.04.2025 23:24:49 Насосна Градирня (Глобине) | D3: ДНІПРО-СПЕЦЕМАЛЬ НВП ТОВ Рахунки_Глобине-2 Рахунок на оплату постачальника ІБ00-001190 від 02.04.2025 18:11:11 | E3: 205 | F3: 2968.96 | H3: 631 | K3: Д | L3: 686671.68
A4: 07.04.2025 | B4: Надходження товарів і послуг ІБ00-001658 від 07.04.2025 23:00:01 Оприходованы ТМЦ | C4: Обл. НДС Розчинник ПК універсальний ТМ "КОРАБЕЛЬНАЯ" (0,7л) (безбарвний) Надходження товарів і послуг ІБ00-001658 від 07.04.2025 23:00:01 Насосна Градирня (Глобине) | D4: Моноліт - Центр" ТОВ Рахунки_Глобине-2 Рахунок на оплату постачальника ІБ00-001476 від 01.04.2025 23:11:11 | E4: 205 | F4: 193.83 | H4: 631 | K4: Д | L4: 686865.51
A5: 30.04.2025 | B5: Списання товарів ІБ00-000219 від 30.04.2025 00:00:00 Списаны ТМЦ | C5: Обл. НДС Виробничий (Глобине-2) Глобине-2 Прямі материальні виробничі витрати крім зворотніх відходів | D5: Обл. НДС Розчинник ПК універсальний ТМ "КОРАБЕЛЬНАЯ" (0,7л) (безбарвний) Надходження товарів і послуг ІБ00-001658 від 07.04.2025 23:00:01 Насосна Градирня (Глобине) | E5: 231 | H5: 205 | I5: 193.83 | K5: Д | L5: 686671.68
A6: 30.04.2025 | B6: Переміщення товарів ІБ00-000390 від 30.04.2025 10:00:00 Перемещение ТМЦ | C6: Обл. НДС Бетон С20/25 W6 F75 P4 доб-5 Надходження товарів і послуг ІБ00-001629 від 11.04.2025 11:00:00 Насосна Градирня (Глобине) | D6: Обл. НДС Бетон С20/25 W6 F75 P4 доб-5 Надходження товарів і послуг ІБ00-001629 від 11.04.2025 11:00:00 СПК (Глобине) | E6: 205 | F6: 24616 | H6: 205 | K6: Д | L6: 711287.68
A7: 30.04.2025 | B7: Переміщення товарів ІБ00-000391 від 30.04.2025 10:00:00 Перемещение ТМЦ | C7: Обл. НДС Бетон М-350 (Р-4) Надходження товарів і послуг ІБ00-005013 від 09.10.2024 18:37:38 Насосна Градирня (Глобине) | D7: Обл. НДС Бетон М-350 (Р-4) Надходження товарів і послуг ІБ00-005013 від 09.10.2024 18:37:38 Котельна (Глобине) | E7: 205 | F7: 269 | H7: 205 | K7: Д | L7: 711556.68
A8: 30.04.2025 | B8: Переміщення товарів ІБ00-000392 від 30.04.2025 10:00:00 Перемещение ТМЦ | C8: Обл. НДС Бетон С20/25 W6 F75 P4 доб-5 Надходження товарів і послуг ІБ00-001629 від 11.04.2025 11:00:00 Насосна Градирня (Глобине) | D8: Обл. НДС Бетон С20/25 W6 F75 P4 доб-5 Надходження товарів і послуг ІБ00-001629 від 11.04.2025 11:00:00 Резервуар для зберігання розчинника(Глобине) | E8: 205 | F8: 1846.2 | H8: 205 | K8: Д | L8: 713402.88
A9: 30.04.2025 | B9: Переміщення товарів ІБ00-000393 від 30.04.2025 10:00:00 Перемещение ТМЦ | C9: Обл. НДС Бетон С 20/25 F75 W6 Р4 Надходження товарів і послуг ІБ00-001356 від 31.03.2025 18:59:59 Насосна Градирня (Глобине) | D9: Обл. НДС Бетон С 20/25 F75 W6 Р4 Надходження товарів і послуг ІБ00-001356 від 31.03.2025 18:59:59 Пункт фасування та зберігання в бігбегах (Глобине) | E9: 205 | F9: 1029.2 | H9: 205 | K9: Д | L9: 714432.08
A10: 30.04.2025 | B10: Вимога-накладна ІБ00-000315 від 30.04.2025 11:00:00 Списаны ТМЦ | C10: Обл. НДС Виробничий (Глобине-2) Глобине-2 Прямі материальні виробничі витрати крім зворотніх відходів | D10: Обл. НДС Бетон С20/25 W6 F75 P4 доб-5 Надходження товарів і послуг ІБ00-001629 від 11.04.2025 11:00:00 Насосна Градирня (Глобине) | E10: 231 | H10: 205 | I10: 24616 | K10: Д | L10: 689816.08
A11: 30.04.2025 | B11: Вимога-накладна ІБ00-000315 від 30.04.2025 11:00:00 Списаны ТМЦ | C11: Обл. НДС Виробничий (Глобине-2) Глобине-2 Прямі материальні виробничі витрати крім зворотніх відходів | D11: Обл. НДС Бетон М-350 (Р-4) Надходження товарів і послуг ІБ00-005013 від 09.10.2024 18:37:38 Насосна Градирня (Глобине) | E11: 231 | H11: 205 | I11: 269 | K11: Д | L11: 689547.08
A12: 30.04.2025 | B12: Вимога-накладна ІБ00-000315 від 30.04.2025 11:00:00 Списаны ТМЦ | C12: Обл. НДС Виробничий (Глобине-2) Глобине-2 Прямі материальні виробничі витрати крім зворотніх відходів | D12: Обл. НДС Бетон С20/25 W6 F75 P4 доб-5 Надходження товарів і послуг ІБ00-001629 від 11.04.2025 11:00:00 Насосна Градирня (Глобине) | E12: 231 | H12: 205 | I12: 1846.2 | K12: Д | L12: 687700.88
A13: 30.04.2025 | B13: Вимога-накладна ІБ00-000315 від 30.04.2025 11:00:00 Списаны ТМЦ | C13: Обл. НДС Виробничий (Глобине-2) Глобине-2 Прямі материальні виробничі витрати крім зворотніх відходів | D13: Обл. НДС Бетон С 20/25 F75 W6 Р4 Надходження товарів і послуг ІБ00-001356 від 31.03.2025 18:59:59 Насосна Градирня (Глобине) | E13: 231 | H13: 205 | I13: 1029.2 | K13: Д | L13: 686671.68
A14: 30.04.2025 | B14: Вимога-накладна ІБ00-000314 від 30.04.2025 23:59:21 Списаны ТМЦ | C14: Обл. НДС Виробничий (Глобине-2) Глобине-2 Прямі материальні виробничі витрати крім зворотніх відходів | D14: Обл. НДС Сендвіч-панель ТПК покрівельна 100мм МВ 1000мм С0,5 PS/C 0.5 PS 1070мм 7,70м трапеція 5005 синій/90 Надходження товарів і послуг ІБ00-001158 від 20.03.2025 23:15:32 Насосна Градирня (Глобине) | E14: 231 | H14: 205 | I14: 182232.82 | K14: Д | L14: 504438.86
A15: 30.04.2025 | B15: Вимога-накладна ІБ00-000314 від 30.04.2025 23:59:21 Списаны ТМЦ | C15: Обл. НДС Виробничий (Глобине-2) Глобине-2 Прямі материальні виробничі витрати крім зворотніх відходів | D15: Обл. НДС Стрічка ущільнювальна ТПК УП-1 ППЕ НХ (5*50 мм 20 м) Надходження товарів і послуг ІБ00-001148 від 14.03.2025 17:50:56 Насосна Градирня (Глобине) | E15: 231 | H15: 205 | I15: 175 | K15: Д | L15: 504263.86
A16: 30.04.2025 | B16: Вимога-накладна ІБ00-000314 від 30.04.2025 23:59:21 Списаны ТМЦ | C16: Обл. НДС Виробничий (Глобине-2) Глобине-2 Прямі материальні виробничі витрати крім зворотніх відходів | D16: Обл. НДС Стрічка ущільнювальна ТПК УП-1 ППЕ НХ (5*50 мм 20 м) Надходження товарів і послуг ІБ00-001150 від 14.03.2025 17:50:58 Насосна Градирня (Глобине) | E16: 231 | H16: 205 | I16: 921.6 | K16: Д | L16: 503342.26
A17: 30.04.2025 | B17: Вимога-накладна ІБ00-000314 від 30.04.2025 23:59:21 Списаны ТМЦ | C17: Обл. НДС Виробничий (Глобине-2) Глобине-2 Прямі материальні виробничі витрати крім зворотніх відходів | D17: Обл. НДС Стрічка ущільнювальна ТПК УП-4 ППЕ 3*15мм 30м Надходження товарів і послуг ІБ00-001158 від 20.03.2025 23:15:32 Насосна Градирня (Глобине) | E17: 231 | H17: 205 | I17: 562.5 | K17: Д | L17: 502779.76
A18: 30.04.2025 | B18: Вимога-накладна ІБ00-000314 від 30.04.2025 23:59:21 Списаны ТМЦ | C18: Обл. НДС Виробничий (Глобине-2) Глобине-2 Прямі материальні виробничі витрати крім зворотніх відходів | D18: Обл. НДС Клей-герметик д/сендвіч-панелей, 600 мл Надходження товарів і послуг ІБ00-001148 від 14.03.2025 17:50:56 Насосна Градирня (Глобине) | E18: 231 | H18: 205 | I18: 975 | K18: Д | L18: 501804.76
A19: 30.04.2025 | B19: Вимога-накладна ІБ00-000314 від 30.04.2025 23:59:21 Списаны ТМЦ | C19: Обл. НДС Виробничий (Глобине-2) Глобине-2 Прямі материальні виробничі витрати крім зворотніх відходів | D19: Обл. НДС Клей-герметик д/сендвіч-панелей, 600 мл Надходження товарів і послуг ІБ00-001150 від 14.03.2025 17:50:58 Насосна Градирня (Глобине) | E19: 231 | H19: 205 | I19: 567.34 | K19: Д | L19: 501237.42
A20: 30.04.2025 | B20: Вимога-накладна ІБ00-000314 від 30.04.2025 23:59:21 Списаны ТМЦ | C20: Обл. НДС Виробничий (Глобине-2) Глобине-2 Прямі материальні виробничі витрати крім зворотніх відходів | D20: Обл. НДС Ущільнювач КН для с/п 1 м ППЕ НХ Надходження товарів і послуг ІБ00-001158 від 20.03.2025 23:15:32 Насосна Градирня (Глобине) | E20: 231 | H20: 205 | I20: 600 | K20: Д | L20: 500637.42
A21: 30.04.2025 | B21: Вимога-накладна ІБ00-000314 від 30.04.2025 23:59:21 Списаны ТМЦ | C21: Обл. НДС Виробничий (Глобине-2) Глобине-2 Прямі материальні виробничі витрати крім зворотніх відходів | D21: Обл. НДС Самонаріз в метал до сендвіч-панелей 5,5*6,3/150 5005 синій Надходження товарів і послуг ІБ00-001150 від 14.03.2025 17:50:58 Насосна Градирня (Глобине) | E21: 231 | H21: 205 | I21: 2150 | K21: Д | L21: 498487.42
... A56: 30.04.2025 | B56: Вимога-накладна ІБ00-000316 від 30.04.2025 23:59:33 Списаны ТМЦ | C56: Обл. НДС Виробничий (Глобине-2) Глобине-2 Прямі материальні виробничі витрати крім зворотніх відходів | D56: Обл. НДС Грунт-емаль АК-100 ЖИДКИЙ ЦИНК Надходження товарів і послуг ІБ00-001507 від 04.04.2025 23:24:49 Насосна Градирня (Глобине) | E56: 231 | H56: 205 | I56: 2968.96 | K56: Д | L56: 33650.14
A57: Обороти за період та сальдо на кінець | E57: 30923.19 | H57: 680975.77 | K57: Д | L57: 33650.14
J59: =SUBTOTAL(9,I5:J56) -> 680975.77

Sheet Підготовчі роботи та тимчасові 
A1: Період | B1: Документ | C1: Аналітика Дт | D1: Аналітика Кт | E1: Дебет | H1: Кредит | K1: Поточне сальдо
E2: Рахунок | H2: Рахунок
A3: 30.04.2025 | B3: Списання товарів ІБ00-000225 від 30.04.2025 10:00:00 Списаны ТМЦ | C3: Обл. НДС Виробничий (Глобине-2) Глобине-2 Прямі материальні виробничі витрати крім зворотніх відходів | D3: Обл. НДС Хомут нейлон. 3,6х150мм ІЕК Надходження товарів і послуг ІБ00-001198 від 21.03.2025 19:26:08 Підготовчі роботи та тимчасові споруди (Глобине) | E3: 231 | H3: 205 | I3: 154.8
A4: Обороти за період та сальдо на кінець | E4: 0 | H4: 154.8 | L4: 0
J6: =I3 -> 154.8

Sheet Пожежений резервуар
A1: Період | B1: Документ | C1: Аналітика Дт | D1: Аналітика Кт | E1: Дебет | H1: Кредит | K1: Поточне сальдо
E2: Рахунок | H2: Рахунок
A3: 01.04.2025 | B3: Надходження товарів і послуг ІБ00-001998 від 01.04.2025 11:00:00 Оприходованы ТМЦ (Зачет аванса поставщику) | C3: Обл. НДС Брус 50*150 мм 6,0 м Надходження товарів і послуг ІБ00-001998 від 01.04.2025 11:00:00 Пожежений резервуар (Глобине) | D3: Мошинець Ю.П. ФОП Рахунки_Глобине-2 Рахунок на оплату постачальника ІБ00-000963 від 11.03.2025 19:00:24 | E3: 205 | F3: 19331.4 | H3: 631 | K3: Д | L3: 173058.07
A4: 01.04.2025 | B4: Надходження товарів і послуг ІБ00-002044 від 01.04.2025 11:00:00 Оприходованы ТМЦ (Зачет аванса поставщику) | C4: Обл. НДС Брус 50*100* 6 м шт Надходження товарів і послуг ІБ00-002044 від 01.04.2025 11:00:00 Пожежений резервуар (Глобине) | D4: Мошинець Ю.П. ФОП Рахунки_Глобине-2 Рахунок на оплату постачальника ІБ00-000927 від 12.03.2025 18:45:40 | E4: 205 | F4: 4490.5 | H4: 631 | K4: Д | L4: 177548.57
A5: 01.04.2025 | B5: Надходження товарів і послуг ІБ00-002044 від 01.04.2025 11:00:00 Оприходованы ТМЦ (Зачет аванса поставщику) | C5: Обл. НДС Плита вологост.орієнтовно-стружкова OSB 22мм Надходження товарів і послуг ІБ00-002044 від 01.04.2025 11:00:00 Пожежений резервуар (Глобине) | D5: Мошинець Ю.П. ФОП Рахунки_Глобине-2 Рахунок на оплату постачальника ІБ00-000927 від 12.03.2025 18:45:40 | E5: 205 | F5: 4200 | H5: 631 | K5: Д | L5: 181748.57
A6: 01.04.2025 | B6: Переміщення товарів ІБ00-000332 від 01.04.2025 11:10:00 Перемещение ТМЦ | C6: Обл. НДС Балка 30 (12,05 8239 3пс5) Надходження товарів і послуг ІБ00-001657 від 01.04.2025 11:00:00 Пожежений резервуар (Глобине) | D6: Обл. НДС Балка 30 (12,05 8239 3пс5) Надходження товарів і послуг ІБ00-001657 від 01.04.2025 11:00:00 Глобине-2 | E6: 205 | F6: 114729.73 | H6: 205 | K6: Д | L6: 296478.3
A7: 01.04.2025 | B7: Переміщення товарів ІБ00-000332 від 01.04.2025 11:10:00 Перемещение ТМЦ | C7: Обл. НДС Труба профільна 100*100*4 L=12000 мм ст1-3 сп/пс Надходження товарів і послуг ІБ00-001657 від 01.04.2025 11:00:00 Пожежений резервуар (Глобине) | D7: Обл. НДС Труба профільна 100*100*4 L=12000 мм ст1-3 сп/пс Надходження товарів і послуг ІБ00-001657 від 01.04.2025 11:00:00 Глобине-2 | E7: 205 | F7: 4302.59 | H7: 205 | K7: Д | L7: 300780.89
A8: 03.04.2025 | B8: Надходження товарів і послуг ІБ00-002045 від 03.04.2025 11:00:00 Оприходованы ТМЦ | C8: Обл. НДС Брус 50*120* 6 м шт Надходження товарів і послуг ІБ00-002045 від 03.04.2025 11:00:00 Пожежений резервуар (Глобине) | D8: Мошинець Ю.П. ФОП Рахунки_Глобине-2 Рахунок на оплату постачальника ІБ00-001652 від 03.04.2025 17:42:16 | E8: 205 | F8: 19656 | H8: 631 | K8: Д | L8: 320436.89
A9: 03.04.2025 | B9: Надходження товарів і послуг ІБ00-001655 від 03.04.2025 17:42:09 Оприходованы ТМЦ | C9: Обл. НДС Балка 20 ІРЕ 12,05м S235/275 Надходження товарів і послуг ІБ00-001655 від 03.04.2025 17:42:09 Пожежений резервуар (Глобине) | D9: МЕТАЛ ХОЛДІНГ ТРЕЙД ТОВ Дог 01/219/25 від 01.04.2025_Глобине-2 Рахунок на оплату постачальника ІБ00-001339 від 01.04.2025 23:10:41 | E9: 205 | F9: 18656.52 | H9: 631 | K9: Д | L9: 339093.41
A10: 03.04.2025 | B10: Надходження товарів і послуг ІБ00-001656 від 03.04.2025 17:42:10 Оприходованы ТМЦ | C10: Обл. НДС Труба 100*100*4 (12,05-8940:2019 08кп/1-3пс) Надходження товарів і послуг ІБ00-001656 від 03.04.2025 17:42:10 Пожежений резервуар (Глобине) | D10: МЕТАЛ ХОЛДІНГ ТРЕЙД ТОВ Дог 01/219/25 від 01.04.2025_Глобине-2 Рахунок на оплату постачальника ІБ00-001339 від 01.04.2025 23:10:41 | E10: 205 | F10: 12601.6 | H10: 631 | K10: Д | L10: 351695.01
A11: 22.04.2025 | B11: Переміщення товарів ІБ00-000355 від 22.04.2025 11:10:00 Перемещение ТМЦ | C11: Обл. НДС Лист г/к 10,0 мм 1500х6000, S235 JR Надходження товарів і послуг ІБ00-001815 від 22.04.2025 11:00:00 Пожежений резервуар (Глобине) | D11: Обл. НДС Лист г/к 10,0 мм 1500х6000, S235 JR Надходження товарів і послуг ІБ00-001815 від 22.04.2025 11:00:00 Глобине-2 | E11: 205 | F11: 12192.93 | H11: 205 | K11: Д | L11: 363887.94
A12: 25.04.2025 | B12: Надходження товарів і послуг ІБ00-001903 від 25.04.2025 11:00:00 Оприходованы ТМЦ | C12: Обл. НДС Щебінь 20-40 Надходження товарів і послуг ІБ00-001903 від 25.04.2025 11:00:00 Пожежений резервуар (Глобине) | D12: Енергія Логістик ТОВ №28/10-2024 ВІД 28/10/24_Глобине-2 Рахунок на оплату постачальника ІБ00-001590 від 25.04.2025 10:00:00 | E12: 205 | F12: 19095.58 | H12: 631 | K12: Д | L12: 382983.52
A13: 25.04.2025 | B13: Надходження дод. витрат ІБ00-000293 від 25.04.2025 11:05:00 Доп. расходы при поступлении товаров | C13: Обл. НДС Щебінь 20-40 Надходження товарів і послуг ІБ00-001903 від 25.04.2025 11:00:00 Пожежений резервуар (Глобине) | D13: Енергія Логістик ТОВ №28/10-2024 ВІД 28/10/24_Глобине-2 Рахунок на оплату постачальника ІБ00-001590 від 25.04.2025 10:00:00 | E13: 205 | F13: 18651.5 | H13: 631 | K13: Д | L13: 401635.02
A14: 29.04.2025 | B14: Переміщення товарів ІБ00-000371 від 29.04.2025 11:10:00 Перемещение ТМЦ | C14: Обл. НДС Щебінь 20-40 Надходження товарів і послуг ІБ00-001881 від 29.04.2025 11:00:00 Пожежений резервуар (Глобине) | D14: Обл. НДС Щебінь 20-40 Надходження товарів і послуг ІБ00-001881 від 29.04.2025 11:00:00 Глобине-2 | E14: 205 | F14: 4200.42 | H14: 205 | K14: Д | L14: 405835.44
A15: 30.04.2025 | B15: Переміщення товарів ІБ00-000398 від 30.04.2025 10:00:00 Перемещение ТМЦ | C15: Обл. НДС дошка 0,15*0,25 4 м Надходження товарів і послуг ІБ00-001789 від 01.04.2025 11:00:00 Пожежений резервуар (Глобине) | D15: Обл. НДС дошка 0,15*0,25 4 м Надходження товарів і послуг ІБ00-001789 від 01.04.2025 11:00:00 Котельна (Глобине) | E15: 205 | F15: 1395 | H15: 205 | K15: Д | L15: 407230.44
A16: 30.04.2025 | B16: Вимога-накладна ІБ00-000322 від 30.04.2025 10:00:00 Списаны ТМЦ | C16: Обл. НДС Виробничий (Глобине-2) Глобине-2 Прямі материальні виробничі витрати крім зворотніх відходів | D16: Обл. НДС Балка 30 (12,05 8239 3пс5) Надходження товарів і послуг ІБ00-001657 від 01.04.2025 11:00:00 Пожежений резервуар (Глобине) | E16: 231 | H16: 205 | I16: 109480.66 | K16: Д | L16: 297749.78
A17: 30.04.2025 | B17: Вимога-накладна ІБ00-000322 від 30.04.2025 10:00:00 Списаны ТМЦ | C17: Обл. НДС Виробничий (Глобине-2) Глобине-2 Прямі материальні виробничі витрати крім зворотніх відходів | D17: Обл. НДС Труба 100*100*4 (12,05-8940:2019 08кп/1-3пс) Надходження товарів і послуг ІБ00-001656 від 03.04.2025 17:42:10 Пожежений резервуар (Глобине) | E17: 231 | H17: 205 | I17: 12601.6 | K17: Д | L17: 285148.18
A18: 30.04.2025 | B18: Вимога-накладна ІБ00-000322 від 30.04.2025 10:00:00 Списаны ТМЦ | C18: Обл. НДС Виробничий (Глобине-2) Глобине-2 Прямі материальні виробничі витрати крім зворотніх відходів | D18: Обл. НДС дошка 0,15*0,25 4 м Надходження товарів і послуг ІБ00-001789 від 01.04.2025 11:00:00 Пожежений резервуар (Глобине) | E18: 231 | H18: 205 | I18: 1395 | K18: Д | L18: 283753.18
A19: 30.04.2025 | B19: Переміщення товарів ІБ00-000376 від 30.04.2025 11:10:00 Перемещение ТМЦ | C19: Обл. НДС Пенетрон Адмікс 18кг/мішок/відро Надходження товарів і послуг ІБ00-001895 від 30.04.2025 11:00:00 Пожежений резервуар (Глобине) | D19: Обл. НДС Пенетрон Адмікс 18кг/мішок/відро Надходження товарів і послуг ІБ00-001895 від 30.04.2025 11:00:00 Глобине-2 | E19: 205 | F19: 114750 | H19: 205 | K19: Д | L19: 398503.18
A20: 30.04.2025 | B20: Переміщення товарів ІБ00-000385 від 30.04.2025 11:10:00 Перемещение ТМЦ | C20: Обл. НДС Щебінь 20-40 Надходження товарів і послуг ІБ00-001964 від 30.04.2025 11:00:00 Пожежений резервуар (Глобине) | D20: Обл. НДС Щебінь 20-40 Надходження товарів і послуг ІБ00-001964 від 30.04.2025 11:00:00 Глобине-2 | E20: 205 | F20: 13550.42 | H20: 205 | K20: Д | L20: 412053.6
A21: 30.04.2025 | B21: Переміщення товарів ІБ00-000418 від 30.04.2025 15:00:00 Перемещение ТМЦ | C21: Обл. НДС Щебінь 20-40 Надходження товарів і послуг ІБ00-001903 від 25.04.2025 11:00:00 Резервуар для зберігання розчинника(Глобине) | D21: Обл. НДС Щебінь 20-40 Надходження товарів і послуг ІБ00-001903 від 25.04.2025 11:00:00 Пожежений резервуар (Глобине) | E21: 205 | H21: 205 | I21: 37747.08 | K21: Д | L21: 374306.52
A22: 30.04.2025 | B22: Переміщення товарів ІБ00-000418 від 30.04.2025 15:00:00 Перемещение ТМЦ | C22: Обл. НДС Щебінь 20-40 Надходження товарів і послуг ІБ00-001881 від 29.04.2025 11:00:00 Резервуар для зберігання розчинника(Глобине) | D22: Обл. НДС Щебінь 20-40 Надходження товарів і послуг ІБ00-001881 від 29.04.2025 11:00:00 Пожежений резервуар (Глобине) | E22: 205 | H22: 205 | I22: 4200.42 | K22: Д | L22: 370106.1
A23: 30.04.2025 | B23: Переміщення товарів ІБ00-000418 від 30.04.2025 15:00:00 Перемещение ТМЦ | C23: Обл. НДС Щебінь 20-40 Надходження товарів і послуг ІБ00-001964 від 30.04.2025 11:00:00 Резервуар для зберігання розчинника(Глобине) | D23: Обл. НДС Щебінь 20-40 Надходження товарів і послуг ІБ00-001964 від 30.04.2025 11:00:00 Пожежений резервуар (Глобине) | E23: 205 | H23: 205 | I23: 3541.67 | K23: Д | L23: 366564.43
A24: Обороти за період та сальдо на кінець | E24: 381804.19 | H24: 168966.43 | K24: Д | L24: 366564.43
J26: =SUBTOTAL(9,I16:J18) -> 123477.26

Sheet зберігання в бігбегах
A1: Період | B1: Документ | C1: Аналітика Дт | D1: Аналітика Кт | E1: Дебет | H1: Кредит | K1: Поточне сальдо
E2: Рахунок | H2: Рахунок
A3: 01.04.2025 | B3: Переміщення товарів ІБ00-000310 від 01.04.2025 18:04:03 Перемещение ТМЦ | C3: Обл. НДС Бетон С 8/10 доб-10 Надходження товарів і послуг ІБ00-005899 від 27.11.2024 18:37:16 Пункт фасування та зберігання в бігбегах (Глобине) | D3: Обл. НДС Бетон С 8/10 доб-10 Надходження товарів і послуг ІБ00-005899 від 27.11.2024 18:37:16 СПК (Глобине) | E3: 205 | F3: 1236.11 | H3: 205 | K3: Д | L3: 349093.78
A4: 01.04.2025 | B4: Переміщення товарів ІБ00-000310 від 01.04.2025 18:04:03 Перемещение ТМЦ | C4: Обл. НДС Бетон С 8/10 Р4 Надходження товарів і послуг ІБ00-000364 від 29.01.2025 18:00:25 Пункт фасування та зберігання в бігбегах (Глобине) | D4: Обл. НДС Бетон С 8/10 Р4 Надходження товарів і послуг ІБ00-000364 від 29.01.2025 18:00:25 СПК (Глобине) | E4: 205 | F4: 13295.72 | H4: 205 | K4: Д | L4: 362389.5
A5: 01.04.2025 | B5: Переміщення товарів ІБ00-000311 від 01.04.2025 18:04:04 Перемещение ТМЦ | C5: Обл. НДС Бетон С 8/10 Р4 доб-10 Надходження товарів і послуг ІБ00-000728 від 22.02.2025 20:00:06 Пункт фасування та зберігання в бігбегах (Глобине) | D5: Обл. НДС Бетон С 8/10 Р4 доб-10 Надходження товарів і послуг ІБ00-000728 від 22.02.2025 20:00:06 Цех екстракції (Глобине) | E5: 205 | F5: 682.22 | H5: 205 | K5: Д | L5: 363071.72
A6: 01.04.2025 | B6: Переміщення товарів ІБ00-000363 від 01.04.2025 23:11:17 Перемещение ТМЦ | C6: Обл. НДС Бетон С 8/10 Р4 Надходження товарів і послуг ІБ00-001194 від 21.03.2025 19:26:05 Пункт фасування та зберігання в бігбегах (Глобине) | D6: Обл. НДС Бетон С 8/10 Р4 Надходження товарів і послуг ІБ00-001194 від 21.03.2025 19:26:05 АПК (Глобине) | E6: 205 | F6: 6414.41 | H6: 205 | K6: Д | L6: 369486.13
A7: 01.04.2025 | B7: Переміщення товарів ІБ00-000364 від 01.04.2025 23:11:18 Перемещение ТМЦ | C7: Обл. НДС Бетон С 8/10 Р4 доб-10 Надходження товарів і послуг ІБ00-000728 від 22.02.2025 20:00:06 Пункт фасування та зберігання в бігбегах (Глобине) | D7: Обл. НДС Бетон С 8/10 Р4 доб-10 Надходження товарів і послуг ІБ00-000728 від 22.02.2025 20:00:06 Глобине-2 | E7: 205 | F7: 2728.88 | H7: 205 | K7: Д | L7: 372215.01
A8: 02.04.2025 | B8: Переміщення товарів ІБ00-000286 від 02.04.2025 18:11:04 Перемещение ТМЦ | C8: Обл. НДС Бетон С 20/25 F75 W6 Р4 Надходження товарів і послуг ІБ00-001438 від 02.04.2025 18:11:01 Пункт фасування та зберігання в бігбегах (Глобине) | D8: Обл. НДС Бетон С 20/25 F75 W6 Р4 Надходження товарів і послуг ІБ00-001438 від 02.04.2025 18:11:01 Глобине-2 | E8: 205 | F8: 11252 | H8: 205 | K8: Д | L8: 383467.01
A9: 03.04.2025 | B9: Вимога-накладна ІБ00-000259 від 03.04.2025 00:00:00 Списаны ТМЦ | C9: Обл. НДС Виробничий (Глобине-2) Глобине-2 Прямі материальні виробничі витрати крім зворотніх відходів | D9: Обл. НДС Прокат сталевий круглий (кл. А240С) ф10мм, ст.3пс, міра 6м Надходження товарів і послуг ІБ00-000546 від 14.02.2025 10:00:00 Пункт фасування та зберігання в бігбегах (Глобине) | E9: 231 | H9: 205 | I9: 3328 | K9: Д | L9: 380139.01
A10: 03.04.2025 | B10: Вимога-накладна ІБ00-000259 від 03.04.2025 00:00:00 Списаны ТМЦ | C10: Обл. НДС Виробничий (Глобине-2) Глобине-2 Прямі материальні виробничі витрати крім зворотніх відходів | D10: Обл. НДС Прокат сталевий круглий (кл. А240С) ф12мм, ст.3пс, міра 6м Надходження товарів і послуг ІБ00-000546 від 14.02.2025 10:00:00 Пункт фасування та зберігання в бігбегах (Глобине) | E10: 231 | H10: 205 | I10: 1274 | K10: Д | L10: 378865.01
A11: 03.04.2025 | B11: Вимога-накладна ІБ00-000259 від 03.04.2025 00:00:00 Списаны ТМЦ | C11: Обл. НДС Виробничий (Глобине-2) Глобине-2 Прямі материальні виробничі витрати крім зворотніх відходів | D11: Обл. НДС Прокат арматурний №12 мм А500С 12м Надходження товарів і послуг ІБ00-000546 від 14.02.2025 10:00:00 Пункт фасування та зберігання в бігбегах (Глобине) | E11: 231 | H11: 205 | I11: 54921.67 | K11: Д | L11: 323943.34
A12: 03.04.2025 | B12: Вимога-накладна ІБ00-000259 від 03.04.2025 00:00:00 Списаны ТМЦ | C12: Обл. НДС Виробничий (Глобине-2) Глобине-2 Прямі материальні виробничі витрати крім зворотніх відходів | D12: Обл. НДС Прокат арматурний №14 мм А500С, 12 м Надходження товарів і послуг ІБ00-000546 від 14.02.2025 10:00:00 Пункт фасування та зберігання в бігбегах (Глобине) | E12: 231 | H12: 205 | I12: 9196.67 | K12: Д | L12: 314746.67
A13: 03.04.2025 | B13: Вимога-накладна ІБ00-000259 від 03.04.2025 00:00:00 Списаны ТМЦ | C13: Обл. НДС Виробничий (Глобине-2) Глобине-2 Прямі материальні виробничі витрати крім зворотніх відходів | D13: Обл. НДС Дріт 1,2 мм термооброблений Надходження товарів і послуг ІБ00-000546 від 14.02.2025 10:00:00 Пункт фасування та зберігання в бігбегах (Глобине) | E13: 231 | H13: 205 | I13: 1338.31 | K13: Д | L13: 313408.36
A14: 03.04.2025 | B14: Вимога-накладна ІБ00-000259 від 03.04.2025 00:00:00 Списаны ТМЦ | C14: Обл. НДС Виробничий (Глобине-2) Глобине-2 Прямі материальні виробничі витрати крім зворотніх відходів | D14: Обл. НДС Бетон С 8/10 Р4 Надходження товарів і послуг ІБ00-000364 від 29.01.2025 18:00:25 Пункт фасування та зберігання в бігбегах (Глобине) | E14: 231 | H14: 205 | I14: 10172.7 | K14: Д | L14: 303235.66
A15: 03.04.2025 | B15: Вимога-накладна ІБ00-000259 від 03.04.2025 00:00:00 Списаны ТМЦ | C15: Обл. НДС Виробничий (Глобине-2) Глобине-2 Прямі материальні виробничі витрати крім зворотніх відходів | D15: Обл. НДС Бетон С 8/10 Р4 Надходження товарів і послуг ІБ00-000364 від 29.01.2025 18:00:25 Пункт фасування та зберігання в бігбегах (Глобине) | E15: 231 | H15: 205 | I15: 1271.59 | K15: Д | L15: 301964.07
A16: 03.04.2025 | B16: Вимога-накладна ІБ00-000259 від 03.04.2025 00:00:00 Списаны ТМЦ | C16: Обл. НДС Виробничий (Глобине-2) Глобине-2 Прямі материальні виробничі витрати крім зворотніх відходів | D16: Обл. НДС Бетон С 8/10 доб-10 Надходження товарів і послуг ІБ00-005899 від 27.11.2024 18:37:16 Пункт фасування та зберігання в бігбегах (Глобине) | E16: 231 | H16: 205 | I16: 1236.11 | K16: Д | L16: 300727.96
A17: 03.04.2025 | B17: Вимога-накладна ІБ00-000259 від 03.04.2025 00:00:00 Списаны ТМЦ | C17: Обл. НДС Виробничий (Глобине-2) Глобине-2 Прямі материальні виробничі витрати крім зворотніх відходів | D17: Обл. НДС Бетон С 8/10 Р4 Надходження товарів і послуг ІБ00-000364 від 29.01.2025 18:00:25 Пункт фасування та зберігання в бігбегах (Глобине) | E17: 231 | H17: 205 | I17: 1851.43 | K17: Д | L17: 298876.53
A18: 03.04.2025 | B18: Вимога-накладна ІБ00-000259 від 03.04.2025 00:00:00 Списаны ТМЦ | C18: Обл. НДС Виробничий (Глобине-2) Глобине-2 Прямі материальні виробничі витрати крім зворотніх відходів | D18: Обл. НДС Бетон С 8/10 Р4 Надходження товарів і послуг ІБ00-001194 від 21.03.2025 19:26:05 Пункт фасування та зберігання в бігбегах (Глобине) | E18: 231 | H18: 205 | I18: 6414.41 | K18: Д | L18: 292462.12
A19: 03.04.2025 | B19: Вимога-накладна ІБ00-000259 від 03.04.2025 00:00:00 Списаны ТМЦ | C19: Обл. НДС Виробничий (Глобине-2) Глобине-2 Прямі материальні виробничі витрати крім зворотніх відходів | D19: Обл. НДС Бетон С 8/10 Р4 Надходження товарів і послуг ІБ00-001449 від 22.03.2025 12:00:01 Пункт фасування та зберігання в бігбегах (Глобине) | E19: 231 | H19: 205 | I19: 6748.14 | K19: Д | L19: 285713.98
A20: 03.04.2025 | B20: Вимога-накладна ІБ00-000259 від 03.04.2025 00:00:00 Списаны ТМЦ | C20: Обл. НДС Виробничий (Глобине-2) Глобине-2 Прямі материальні виробничі витрати крім зворотніх відходів | D20: Обл. НДС Бетон С 8/10 Р4 доб-10 Надходження товарів і послуг ІБ00-000728 від 22.02.2025 20:00:06 Пункт фасування та зберігання в бігбегах (Глобине) | E20: 231 | H20: 205 | I20: 682.22 | K20: Д | L20: 285031.76
... A34: 03.04.2025 | B34: Списання товарів ІБ00-000200 від 03.04.2025 15:39:18 Списаны ТМЦ | C34: Обл. НДС Виробничий (Глобине-2) Глобине-2 Прямі материальні виробничі витрати крім зворотніх відходів | D34: Обл. НДС Шуруп г/к по дереву 4,2*76 мм Надходження товарів і послуг ІБ00-000748 від 25.02.2025 18:19:56 Пункт фасування та зберігання в бігбегах (Глобине) | E34: 231 | H34: 205 | I34: 365 | K34: Д | L34: 152993.74
A35: 04.04.2025 | B35: Переміщення товарів ІБ00-000284 від 04.04.2025 11:40:00 Перемещение ТМЦ | C35: Обл. НДС Бетон С 20/25 F75 W6 Р4 Надходження товарів і послуг ІБ00-001437 від 04.04.2025 11:24:02 Пункт фасування та зберігання в бігбегах (Глобине) | D35: Обл. НДС Бетон С 20/25 F75 W6 Р4 Надходження товарів і послуг ІБ00-001437 від 04.04.2025 11:24:02 Глобине-2 | E35: 205 | F35: 9328 | H35: 205 | K35: Д | L35: 162321.74
A36: 05.04.2025 | B36: Переміщення товарів ІБ00-000281 від 05.04.2025 12:05:00 Перемещение ТМЦ | C36: Обл. НДС Бетон С 20/25 F75 W6 Р4 Надходження товарів і послуг ІБ00-001435 від 05.04.2025 12:00:00 Пункт фасування та зберігання в бігбегах (Глобине) | D36: Обл. НДС Бетон С 20/25 F75 W6 Р4 Надходження товарів і послуг ІБ00-001435 від 05.04.2025 12:00:00 Глобине-2 | E36: 205 | F36: 3908.08 | H36: 205 | K36: Д | L36: 166229.82
A37: 11.04.2025 | B37: Переміщення товарів ІБ00-000328 від 11.04.2025 11:10:00 Перемещение ТМЦ | C37: Обл. НДС Бетон С20/25 W6 F75 P4 доб-5 Надходження товарів і послуг ІБ00-001629 від 11.04.2025 11:00:00 Пункт фасування та зберігання в бігбегах (Глобине) | D37: Обл. НДС Бетон С20/25 W6 F75 P4 доб-5 Надходження товарів і послуг ІБ00-001629 від 11.04.2025 11:00:00 Глобине-2 | E37: 205 | F37: 8205.33 | H37: 205 | K37: Д | L37: 174435.15
A38: 14.04.2025 | B38: Надходження товарів і послуг ІБ00-001678 від 14.04.2025 11:00:00 Оприходованы ТМЦ (Зачет аванса поставщику) | C38: Обл. НДС Бетон С20/25 W6 F75 P4 Надходження товарів і послуг ІБ00-001678 від 14.04.2025 11:00:00 Пункт фасування та зберігання в бігбегах (Глобине) | D38: Кременчуцький річковий порт ПРАТ Договір 112/Б від 15.10.2024_Глобине-2 Списання з банківського рахунку 00000025169 від 10.04.2025 09:09:56 | E38: 205 | F38: 45260 | H38: 631 | K38: Д | L38: 219695.15
A39: 14.04.2025 | B39: Надходження дод. витрат ІБ00-000259 від 14.04.2025 11:05:00 Доп. расходы при поступлении товаров (Зачет аванса поставщику) | C39: Обл. НДС Бетон С20/25 W6 F75 P4 Надходження товарів і послуг ІБ00-001678 від 14.04.2025 11:00:00 Пункт фасування та зберігання в бігбегах (Глобине) | D39: Кременчуцький річковий порт ПРАТ Договір 112/Б від 15.10.2024_Глобине-2 Списання з банківського рахунку 00000025169 від 10.04.2025 09:09:56 | E39: 205 | F39: 15860.5 | H39: 631 | K39: Д | L39: 235555.65
A40: 17.04.2025 | B40: Надходження товарів і послуг ІБ00-001731 від 17.04.2025 11:00:00 Оприходованы ТМЦ (Зачет аванса поставщику) | C40: Обл. НДС Бетон С20/25 W6 F75 P4 Надходження товарів і послуг ІБ00-001731 від 17.04.2025 11:00:00 Пункт фасування та зберігання в бігбегах (Глобине) | D40: Кременчуцький річковий порт ПРАТ Договір 112/Б від 15.10.2024_Глобине-2 Списання з банківського рахунку 00000025169 від 10.04.2025 09:09:56 | E40: 205 | F40: 21900 | H40: 631 | K40: Д | L40: 257455.65
A41: 17.04.2025 | B41: Надходження дод. витрат ІБ00-000263 від 17.04.2025 11:05:00 Доп. расходы при поступлении товаров (Зачет аванса поставщику) | C41: Обл. НДС Бетон С20/25 W6 F75 P4 Надходження товарів і послуг ІБ00-001731 від 17.04.2025 11:00:00 Пункт фасування та зберігання в бігбегах (Глобине) | D41: Кременчуцький річковий порт ПРАТ Договір 112/Б від 15.10.2024_Глобине-2 Списання з банківського рахунку 00000025169 від 10.04.2025 09:09:56 | E41: 205 | F41: 8490.5 | H41: 631 | K41: Д | L41: 265946.15
A42: 19.04.2025 | B42: Надходження товарів і послуг ІБ00-001732 від 19.04.2025 11:00:00 Оприходованы ТМЦ (Зачет аванса поставщику) | C42: Обл. НДС Бетон С20/25 W6 F75 P4 Надходження товарів і послуг ІБ00-001732 від 19.04.2025 11:00:00 Пункт фасування та зберігання в бігбегах (Глобине) | D42: Кременчуцький річковий порт ПРАТ Договір 112/Б від 15.10.2024_Глобине-2 Списання з банківського рахунку 00000025169 від 10.04.2025 09:09:56 | E42: 205 | F42: 17520 | H42: 631 | K42: Д | L42: 283466.15
A43: 19.04.2025 | B43: Надходження дод. витрат ІБ00-000264 від 19.04.2025 11:05:00 Доп. расходы при поступлении товаров (Зачет аванса поставщику) | C43: Обл. НДС Бетон С20/25 W6 F75 P4 Надходження товарів і послуг ІБ00-001732 від 19.04.2025 11:00:00 Пункт фасування та зберігання в бігбегах (Глобине) | D43: Кременчуцький річковий порт ПРАТ Договір 112/Б від 15.10.2024_Глобине-2 Списання з банківського рахунку 00000025169 від 10.04.2025 09:09:56 | E43: 205 | F43: 7370 | H43: 631 | K43: Д | L43: 290836.15
A44: 29.04.2025 | B44: Вимога-накладна ІБ00-000281 від 29.04.2025 15:57:46 Списаны ТМЦ | C44: Обл. НДС Виробничий (Глобине-2) Глобине-2 Прямі материальні виробничі витрати крім зворотніх відходів | D44: Обл. НДС Бетон С 8/10 Р4 Надходження товарів і послуг ІБ00-001449 від 22.03.2025 12:00:01 Пункт фасування та зберігання в бігбегах (Глобине) | E44: 231 | H44: 205 | I44: 4797.01 | K44: Д | L44: 286039.14
A45: 29.04.2025 | B45: Вимога-накладна ІБ00-000281 від 29.04.2025 15:57:46 Списаны ТМЦ | C45: Обл. НДС Виробничий (Глобине-2) Глобине-2 Прямі материальні виробничі витрати крім зворотніх відходів | D45: Обл. НДС Бетон С 8/10 Р4 Надходження товарів і послуг ІБ00-001292 від 28.03.2025 17:56:31 Пункт фасування та зберігання в бігбегах (Глобине) | E45: 231 | H45: 205 | I45: 1872.64 | K45: Д | L45: 284166.5
A46: 29.04.2025 | B46: Вимога-накладна ІБ00-000281 від 29.04.2025 15:57:46 Списаны ТМЦ | C46: Обл. НДС Виробничий (Глобине-2) Глобине-2 Прямі материальні виробничі витрати крім зворотніх відходів | D46: Обл. НДС Бетон С 8/10 Р4 доб-10 Надходження товарів і послуг ІБ00-000728 від 22.02.2025 20:00:06 Пункт фасування та зберігання в бігбегах (Глобине) | E46: 231 | H46: 205 | I46: 2728.88 | K46: Д | L46: 281437.62
A47: 29.04.2025 | B47: Вимога-накладна ІБ00-000281 від 29.04.2025 15:57:46 Списаны ТМЦ | C47: Обл. НДС Виробничий (Глобине-2) Глобине-2 Прямі материальні виробничі витрати крім зворотніх відходів | D47: Обл. НДС Бетон С 20/25 F75 W6 Р4 Надходження товарів і послуг ІБ00-001358 від 24.03.2025 18:31:10 Пункт фасування та зберігання в бігбегах (Глобине) | E47: 231 | H47: 205 | I47: 32595.04 | K47: Д | L47: 248842.58
A48: 29.04.2025 | B48: Вимога-накладна ІБ00-000281 від 29.04.2025 15:57:46 Списаны ТМЦ | C48: Обл. НДС Виробничий (Глобине-2) Глобине-2 Прямі материальні виробничі витрати крім зворотніх відходів | D48: Обл. НДС Бетон С 20/25 F75 W6 Р4 Надходження товарів і послуг ІБ00-001356 від 31.03.2025 18:59:59 Пункт фасування та зберігання в бігбегах (Глобине) | E48: 231 | H48: 205 | I48: 20950.08 | K48: Д | L48: 227892.5
A49: 29.04.2025 | B49: Списання товарів ІБ00-000209 від 29.04.2025 16:03:38 Списаны ТМЦ | C49: Обл. НДС Виробничий (Глобине-2) Глобине-2 Прямі материальні виробничі витрати крім зворотніх відходів | D49: Обл. НДС Піна монтажна 750 мл Надходження товарів і послуг ІБ00-001198 від 21.03.2025 19:26:08 Пункт фасування та зберігання в бігбегах (Глобине) | E49: 231 | H49: 205 | I49: 405 | K49: Д | L49: 227487.5
A50: 29.04.2025 | B50: Списання товарів ІБ00-000209 від 29.04.2025 16:03:38 Списаны ТМЦ | C50: Обл. НДС Виробничий (Глобине-2) Глобине-2 Прямі материальні виробничі витрати крім зворотніх відходів | D50: Обл. НДС Цвяхи 100*4,0 10кг Надходження товарів і послуг ІБ00-000748 від 25.02.2025 18:19:56 Пункт фасування та зберігання в бігбегах (Глобине) | E50: 231 | H50: 205 | I50: 150.45 | K50: Д | L50: 227337.05
A51: 30.04.2025 | B51: Вимога-накладна ІБ00-000318 від 30.04.2025 00:00:00 Списаны ТМЦ | C51: Обл. НДС Виробничий (Глобине-2) Глобине-2 Прямі материальні виробничі витрати крім зворотніх відходів | D51: Обл. НДС Прокат сталевий круглий (кл. А240С) ф12мм, ст.3пс, міра 6м Надходження товарів і послуг ІБ00-000546 від 14.02.2025 10:00:00 Пункт фасування та зберігання в бігбегах (Глобине) | E51: 231 | H51: 205 | I51: 6526 | K51: Д | L51: 220811.05
A52: 30.04.2025 | B52: Вимога-накладна ІБ00-000318 від 30.04.2025 00:00:00 Списаны ТМЦ | C52: Обл. НДС Виробничий (Глобине-2) Глобине-2 Прямі материальні виробничі витрати крім зворотніх відходів | D52: Обл. НДС Прокат арматурний №14 мм А500С, 12 м Надходження товарів і послуг ІБ00-000546 від 14.02.2025 10:00:00 Пункт фасування та зберігання в бігбегах (Глобине) | E52: 231 | H52: 205 | I52: 28933.33 | K52: Д | L52: 191877.72
A53: 30.04.2025 | B53: Вимога-накладна ІБ00-000318 від 30.04.2025 00:00:00 Списаны ТМЦ | C53: Обл. НДС Виробничий (Глобине-2) Глобине-2 Прямі материальні виробничі витрати крім зворотніх відходів | D53: Обл. НДС Бетон С 20/25 F75 W6 Р4 Надходження товарів і послуг ІБ00-001356 від 31.03.2025 18:59:59 Пункт фасування та зберігання в бігбегах (Глобине) | E53: 231 | H53: 205 | I53: 12203.93 | K53: Д | L53: 179673.79
A54: 30.04.2025 | B54: Вимога-накладна ІБ00-000318 від 30.04.2025 00:00:00 Списаны ТМЦ | C54: Обл. НДС Виробничий (Глобине-2) Глобине-2 Прямі материальні виробничі витрати крім зворотніх відходів | D54: Обл. НДС Бетон С20/25 W6 F75 P4 Надходження товарів і послуг ІБ00-001678 від 14.04.2025 11:00:00 Пункт фасування та зберігання в бігбегах (Глобине) | E54: 231 | H54: 205 | I54: 61120.5 | K54: Д | L54: 118553.29
A55: 30.04.2025 | B55: Вимога-накладна ІБ00-000318 від 30.04.2025 00:00:00 Списаны ТМЦ | C55: Обл. НДС Виробничий (Глобине-2) Глобине-2 Прямі материальні виробничі витрати крім зворотніх відходів | D55: Обл. НДС Бетон С20/25 W6 F75 P4 Надходження товарів і послуг ІБ00-001731 від 17.04.2025 11:00:00 Пункт фасування та зберігання в бігбегах (Глобине) | E55: 231 | H55: 205 | I55: 30390.5 | K55: Д | L55: 88162.79
... A57: 30.04.2025 | B57: Переміщення товарів ІБ00-000393 від 30.04.2025 10:00:00 Перемещение ТМЦ | C57: Обл. НДС Бетон С 20/25 F75 W6 Р4 Надходження товарів і послуг ІБ00-001356 від 31.03.2025 18:59:59 Насосна Градирня (Глобине) | D57: Обл. НДС Бетон С 20/25 F75 W6 Р4 Надходження товарів і послуг ІБ00-001356 від 31.03.2025 18:59:59 Пункт фасування та зберігання в бігбегах (Глобине) | E57: 205 | H57: 205 | I57: 1029.2 | K57: Д | L57: 84094.81
A58: 30.04.2025 | B58: Переміщення товарів ІБ00-000394 від 30.04.2025 10:00:00 Перемещение ТМЦ | C58: Обл. НДС Бетон С20/25 W6 F75 P4 Надходження товарів і послуг ІБ00-001291 від 29.03.2025 12:00:00 Пункт фасування та зберігання в бігбегах (Глобине) | D58: Обл. НДС Бетон С20/25 W6 F75 P4 Надходження товарів і послуг ІБ00-001291 від 29.03.2025 12:00:00 Цех екстракції (Глобине) | E58: 205 | F58: 37390.08 | H58: 205 | K58: Д | L58: 121484.89
A59: 30.04.2025 | B59: Переміщення товарів ІБ00-000401 від 30.04.2025 10:00:00 Перемещение ТМЦ | C59: Обл. НДС Бетон С 20/25 F75 W6 Р4 Надходження товарів і послуг ІБ00-001356 від 31.03.2025 18:59:59 Цех екстракції (Глобине) | D59: Обл. НДС Бетон С 20/25 F75 W6 Р4 Надходження товарів і послуг ІБ00-001356 від 31.03.2025 18:59:59 Пункт фасування та зберігання в бігбегах (Глобине) | E59: 205 | H59: 205 | I59: 1423.79 | K59: Д | L59: 120061.1
A60: 30.04.2025 | B60: Переміщення товарів ІБ00-000401 від 30.04.2025 10:00:00 Перемещение ТМЦ | C60: Обл. НДС Бетон С 20/25 F75 W6 Р4 Надходження товарів і послуг ІБ00-001438 від 02.04.2025 18:11:01 Цех екстракції (Глобине) | D60: Обл. НДС Бетон С 20/25 F75 W6 Р4 Надходження товарів і послуг ІБ00-001438 від 02.04.2025 18:11:01 Пункт фасування та зберігання в бігбегах (Глобине) | E60: 205 | H60: 205 | I60: 11252 | K60: Д | L60: 108809.1
A61: 30.04.2025 | B61: Переміщення товарів ІБ00-000401 від 30.04.2025 10:00:00 Перемещение ТМЦ | C61: Обл. НДС Бетон С 20/25 F75 W6 Р4 Надходження товарів і послуг ІБ00-001437 від 04.04.2025 11:24:02 Цех екстракції (Глобине) | D61: Обл. НДС Бетон С 20/25 F75 W6 Р4 Надходження товарів і послуг ІБ00-001437 від 04.04.2025 11:24:02 Пункт фасування та зберігання в бігбегах (Глобине) | E61: 205 | H61: 205 | I61: 9328 | K61: Д | L61: 99481.1
A62: 30.04.2025 | B62: Переміщення товарів ІБ00-000401 від 30.04.2025 10:00:00 Перемещение ТМЦ | C62: Обл. НДС Бетон С 20/25 F75 W6 Р4 Надходження товарів і послуг ІБ00-001435 від 05.04.2025 12:00:00 Цех екстракції (Глобине) | D62: Обл. НДС Бетон С 20/25 F75 W6 Р4 Надходження товарів і послуг ІБ00-001435 від 05.04.2025 12:00:00 Пункт фасування та зберігання в бігбегах (Глобине) | E62: 205 | H62: 205 | I62: 3908.08 | K62: Д | L62: 95573.02
A63: 30.04.2025 | B63: Переміщення товарів ІБ00-000401 від 30.04.2025 10:00:00 Перемещение ТМЦ | C63: Обл. НДС Бетон С20/25 W6 F75 P4 Надходження товарів і послуг ІБ00-001291 від 29.03.2025 12:00:00 Цех екстракції (Глобине) | D63: Обл. НДС Бетон С20/25 W6 F75 P4 Надходження товарів і послуг ІБ00-001291 від 29.03.2025 12:00:00 Пункт фасування та зберігання в бігбегах (Глобине) | E63: 205 | H63: 205 | I63: 24971.11 | K63: Д | L63: 70601.91
A64: 30.04.2025 | B64: Переміщення товарів ІБ00-000401 від 30.04.2025 10:00:00 Перемещение ТМЦ | C64: Обл. НДС Бетон С20/25 W6 F75 P4 доб-5 Надходження товарів і послуг ІБ00-001629 від 11.04.2025 11:00:00 Цех екстракції (Глобине) | D64: Обл. НДС Бетон С20/25 W6 F75 P4 доб-5 Надходження товарів і послуг ІБ00-001629 від 11.04.2025 11:00:00 Пункт фасування та зберігання в бігбегах (Глобине) | E64: 205 | H64: 205 | I64: 8205.33 | K64: Д | L64: 62396.58
A65: 30.04.2025 | B65: Переміщення товарів ІБ00-000401 від 30.04.2025 10:00:00 Перемещение ТМЦ | C65: Обл. НДС Провід ПВС 4*2,5 Expert Power Надходження товарів і послуг ІБ00-000543 від 13.02.2025 18:15:01 Цех екстракції (Глобине) | D65: Обл. НДС Провід ПВС 4*2,5 Expert Power Надходження товарів і послуг ІБ00-000543 від 13.02.2025 18:15:01 Пункт фасування та зберігання в бігбегах (Глобине) | E65: 205 | H65: 205 | I65: 7387.5 | K65: Д | L65: 55009.08
A66: 30.04.2025 | B66: Переміщення товарів ІБ00-000420 від 30.04.2025 10:00:00 Перемещение ТМЦ | C66: Обл. НДС Бетон С20/25 W6 F75 P4 Надходження товарів і послуг ІБ00-001089 від 13.03.2025 18:55:01 Пункт фасування та зберігання в бігбегах (Глобине) | D66: Обл. НДС Бетон С20/25 W6 F75 P4 Надходження товарів і послуг ІБ00-001089 від 13.03.2025 18:55:01 Генплан підпірна стінка (Глобине) | E66: 205 | F66: 23403.31 | H66: 205 | K66: Д | L66: 78412.39
A67: 30.04.2025 | B67: Переміщення товарів ІБ00-000421 від 30.04.2025 10:00:00 Перемещение ТМЦ | C67: Обл. НДС Бетон С20/25 W6 F75 P4 доб-5 Надходження товарів і послуг ІБ00-001629 від 11.04.2025 11:00:00 Пункт фасування та зберігання в бігбегах (Глобине) | D67: Обл. НДС Бетон С20/25 W6 F75 P4 доб-5 Надходження товарів і послуг ІБ00-001629 від 11.04.2025 11:00:00 Резервуар для зберігання розчинника(Глобине) | E67: 205 | F67: 41.03 | H67: 205 | K67: Д | L67: 78453.42
A68: 30.04.2025 | B68: Переміщення товарів ІБ00-000422 від 30.04.2025 10:00:00 Перемещение ТМЦ | C68: Обл. НДС Бетон С20/25 W6 F75 P4 Надходження товарів і послуг ІБ00-001882 від 26.04.2025 11:00:00 Пункт фасування та зберігання в бігбегах (Глобине) | D68: Обл. НДС Бетон С20/25 W6 F75 P4 Надходження товарів і послуг ІБ00-001882 від 26.04.2025 11:00:00 АПК (Глобине) | E68: 205 | F68: 857.88 | H68: 205 | K68: Д | L68: 79311.3
A69: 30.04.2025 | B69: Вимога-накладна ІБ00-000320 від 30.04.2025 11:00:00 Списаны ТМЦ | C69: Обл. НДС Виробничий (Глобине-2) Глобине-2 Прямі материальні виробничі витрати крім зворотніх відходів | D69: Обл. НДС Бетон С20/25 W6 F75 P4 Надходження товарів і послуг ІБ00-001291 від 29.03.2025 12:00:00 Пункт фасування та зберігання в бігбегах (Глобине) | E69: 231 | H69: 205 | I69: 12418.97 | K69: Д | L69: 66892.33
A70: 30.04.2025 | B70: Вимога-накладна ІБ00-000320 від 30.04.2025 11:00:00 Списаны ТМЦ | C70: Обл. НДС Виробничий (Глобине-2) Глобине-2 Прямі материальні виробничі витрати крім зворотніх відходів | D70: Обл. НДС Бетон С20/25 W6 F75 P4 Надходження товарів і послуг ІБ00-001732 від 19.04.2025 11:00:00 Пункт фасування та зберігання в бігбегах (Глобине) | E70: 231 | H70: 205 | I70: 24890 | K70: Д | L70: 42002.33
A71: 30.04.2025 | B71: Вимога-накладна ІБ00-000350 від 30.04.2025 20:00:00 Списаны ТМЦ | C71: Обл. НДС Виробничий (Глобине-2) Глобине-2 Прямі материальні виробничі витрати крім зворотніх відходів | D71: Обл. НДС Бетон С20/25 W6 F75 P4 Надходження товарів і послуг ІБ00-001089 від 13.03.2025 18:55:01 Пункт фасування та зберігання в бігбегах (Глобине) | E71: 231 | H71: 205 | I71: 23403.31 | K71: Д | L71: 18599.02
A72: 30.04.2025 | B72: Вимога-накладна ІБ00-000350 від 30.04.2025 20:00:00 Списаны ТМЦ | C72: Обл. НДС Виробничий (Глобине-2) Глобине-2 Прямі материальні виробничі витрати крім зворотніх відходів | D72: Обл. НДС Бетон С20/25 W6 F75 P4 доб-5 Надходження товарів і послуг ІБ00-001629 від 11.04.2025 11:00:00 Пункт фасування та зберігання в бігбегах (Глобине) | E72: 231 | H72: 205 | I72: 41.03 | K72: Д | L72: 18557.99
A73: 30.04.2025 | B73: Вимога-накладна ІБ00-000350 від 30.04.2025 20:00:00 Списаны ТМЦ | C73: Обл. НДС Виробничий (Глобине-2) Глобине-2 Прямі материальні виробничі витрати крім зворотніх відходів | D73: Обл. НДС Бетон С20/25 W6 F75 P4 Надходження товарів і послуг ІБ00-001882 від 26.04.2025 11:00:00 Пункт фасування та зберігання в бігбегах (Глобине) | E73: 231 | H73: 205 | I73: 857.88 | K73: Д | L73: 17700.11
A74: Обороти за період та сальдо на кінець | E74: 235144.05 | H74: 565301.61 | K74: Д | L74: 17700.11
J76: =SUBTOTAL(9,I9:J73) -> 497796.6

Sheet СВОД
B2: АПК (Глобине) | C2: =АПК!J52*1.2 -> 3427063.4
B3: Генплан благоустрій (Глобине) | C3: ='Генплан благоустрій'!J9*1.2 -> 56716.836
B4: Генплан митний склад (Глобине) | C4: ='Генплан митний склад'!J26*1.2 -> 965.7
B5: Генплан підпірна стінка (Глобине) | C5: ='Генплан підпірна стінка'!J20*1.2 -> 21044.652
B6: Глобине-2 | C6: ='Глобине-2'!J194*1.2 -> 12611.64
B7: Котельна (Глобине) | C7: =Котельна!J113*1.2 -> 1312470.6
B8: Насосна Градирня (Глобине) | C8: ='Насосна Градирня'!J59*1.2 -> 817170.92
B9: Підготовчі роботи та тимчасові споруди (Глобине) | C9: ='Підготовчі роботи та тимчасові '!J6*1.2 -> 185.76
B10: Пожежений резервуар (Глобине) | C10: ='Пожежений резервуар'!J26*1.2 -> 148172.71
B11: Пункт фасування та зберігання в бігбегах (Глобине) | C11: ='зберігання в бігбегах'!J76*1.2 -> 597355.92
B12: Резервуар для зберігання розчинника(Глобине) | C12: ='зберігання розчинника'!J62*1.2 -> 473362.76
B13: СПК (Глобине) | C13: =СПК!J220*1.2 -> 5808148.7
B14: Транспортна галерея (Глобине) | C14: ='Транспортна галерея'!J15*1.2 -> 49533.516
B15: Цех екстракції (Глобине) | C15: ='Цех екстракції'!J210*1.2 -> 4968587.4
C16: =SUM(C2:C15) -> 17693391

Sheet зберігання розчинника
A1: Період | B1: Документ | C1: Аналітика Дт | D1: Аналітика Кт | E1: Дебет | H1: Кредит | K1: Поточне сальдо
E2: Рахунок | H2: Рахунок
A3: 01.04.2025 | B3: Переміщення товарів ІБ00-000330 від 01.04.2025 11:10:00 Перемещение ТМЦ | C3: Обл. НДС Труба г/к 377х9 (11,8- 8732 20) Надходження товарів і послуг ІБ00-001657 від 01.04.2025 11:00:00 Резервуар для зберігання розчинника(Глобине) | D3: Обл. НДС Труба г/к 377х9 (11,8- 8732 20) Надходження товарів і послуг ІБ00-001657 від 01.04.2025 11:00:00 Глобине-2 | E3: 205 | F3: 18457.02 | H3: 205 | K3: Д | L3: 310825.41
A4: 01.04.2025 | B4: Переміщення товарів ІБ00-000304 від 01.04.2025 18:03:58 Перемещение ТМЦ | C4: Обл. НДС Щебінь 20-40 Надходження товарів і послуг ІБ00-001480 від 19.03.2025 11:00:00 Цех екстракції (Глобине) | D4: Обл. НДС Щебінь 20-40 Надходження товарів і послуг ІБ00-001480 від 19.03.2025 11:00:00 Резервуар для зберігання розчинника(Глобине) | E4: 205 | H4: 205 | I4: 2604.12 | K4: Д | L4: 308221.29
A5: 01.04.2025 | B5: Переміщення товарів ІБ00-000361 від 01.04.2025 23:11:16 Перемещение ТМЦ | C5: Обл. НДС Щебінь 20-40 Надходження товарів і послуг ІБ00-001480 від 19.03.2025 11:00:00 Цех екстракції (Глобине) | D5: Обл. НДС Щебінь 20-40 Надходження товарів і послуг ІБ00-001480 від 19.03.2025 11:00:00 Резервуар для зберігання розчинника(Глобине) | E5: 205 | H5: 205 | I5: 22825 | K5: Д | L5: 285396.29
A6: 02.04.2025 | B6: Надходження товарів і послуг ІБ00-001430 від 02.04.2025 18:09:00 Оприходованы ТМЦ (Зачет аванса поставщику) | C6: Обл. НДС Мапеграут 450 Тіксо/25 Надходження товарів і послуг ІБ00-001430 від 02.04.2025 18:09:00 Резервуар для зберігання розчинника(Глобине) | D6: СЛОН-М ТОВ РАХУНКИ_Глобино-2 Рахунок на оплату постачальника ІБ00-001033 від 28.03.2025 09:00:00 | E6: 205 | F6: 1426.19 | H6: 631 | K6: Д | L6: 286822.48
A7: 02.04.2025 | B7: Надходження дод. витрат ІБ00-000210 від 02.04.2025 18:11:00 Доп. расходы при поступлении товаров (Зачет аванса поставщику) | C7: Обл. НДС Мапеграут 450 Тіксо/25 Надходження товарів і послуг ІБ00-001430 від 02.04.2025 18:09:00 Резервуар для зберігання розчинника(Глобине) | D7: СЛОН-М ТОВ РАХУНКИ_Глобино-2 Рахунок на оплату постачальника ІБ00-001033 від 28.03.2025 09:00:00 | E7: 205 | F7: 420 | H7: 631 | K7: Д | L7: 287242.48
A8: 11.04.2025 | B8: Переміщення товарів ІБ00-000326 від 11.04.2025 11:10:00 Перемещение ТМЦ | C8: Обл. НДС Бетон С20/25 W6 F75 P4 доб-5 Надходження товарів і послуг ІБ00-001629 від 11.04.2025 11:00:00 Резервуар для зберігання розчинника(Глобине) | D8: Обл. НДС Бетон С20/25 W6 F75 P4 доб-5 Надходження товарів і послуг ІБ00-001629 від 11.04.2025 11:00:00 Глобине-2 | E8: 205 | F8: 59488.67 | H8: 205 | K8: Д | L8: 346731.15
A9: 14.04.2025 | B9: Переміщення товарів ІБ00-000339 від 14.04.2025 11:15:00 Перемещение ТМЦ | C9: Обл. НДС Щебінь 20-40 Надходження товарів і послуг ІБ00-001692 від 14.04.2025 11:00:00 Резервуар для зберігання розчинника(Глобине) | D9: Обл. НДС Щебінь 20-40 Надходження товарів і послуг ІБ00-001692 від 14.04.2025 11:00:00 Глобине-2 | E9: 205 | F9: 12166.42 | H9: 205 | K9: Д | L9: 358897.57
A10: 17.04.2025 | B10: Переміщення товарів ІБ00-000347 від 17.04.2025 11:10:00 Перемещение ТМЦ | C10: Обл. НДС Пісок з відсіву дроблення щебеню фр. 0-5мм. Надходження товарів і послуг ІБ00-001750 від 17.04.2025 11:00:00 Резервуар для зберігання розчинника(Глобине) | D10: Обл. НДС Пісок з відсіву дроблення щебеню фр. 0-5мм. Надходження товарів і послуг ІБ00-001750 від 17.04.2025 11:00:00 Глобине-2 | E10: 205 | F10: 8875 | H10: 205 | K10: Д | L10: 367772.57
A11: 24.04.2025 | B11: Надходження товарів і послуг ІБ00-001811 від 24.04.2025 11:00:00 Оприходованы ТМЦ | C11: Обл. НДС Щебінь 20-40 Надходження товарів і послуг ІБ00-001811 від 24.04.2025 11:00:00 Резервуар для зберігання розчинника(Глобине) | D11: Енергія Логістик ТОВ №28/10-2024 ВІД 28/10/24_Глобине-2 Рахунок на оплату постачальника ІБ00-001461 від 24.04.2025 18:46:05 | E11: 205 | F11: 26993.25 | H11: 631 | K11: Д | L11: 394765.82
A12: 24.04.2025 | B12: Надходження дод. витрат ІБ00-000277 від 24.04.2025 11:05:00 Доп. расходы при поступлении товаров | C12: Обл. НДС Щебінь 20-40 Надходження товарів і послуг ІБ00-001811 від 24.04.2025 11:00:00 Резервуар для зберігання розчинника(Глобине) | D12: Енергія Логістик ТОВ №28/10-2024 ВІД 28/10/24_Глобине-2 Рахунок на оплату постачальника ІБ00-001461 від 24.04.2025 18:46:05 | E12: 205 | F12: 26365.5 | H12: 631 | K12: Д | L12: 421131.32
A13: 26.04.2025 | B13: Надходження товарів і послуг ІБ00-001871 від 26.04.2025 11:00:00 Оприходованы ТМЦ | C13: Обл. НДС Щебінь 20-40 Надходження товарів і послуг ІБ00-001871 від 26.04.2025 11:00:00 Резервуар для зберігання розчинника(Глобине) | D13: Енергія Логістик ТОВ №28/10-2024 ВІД 28/10/24_Глобине-2 Рахунок на оплату постачальника ІБ00-001537 від 26.04.2025 12:00:00 | E13: 205 | F13: 6657.83 | H13: 631 | K13: Д | L13: 427789.15
A14: 26.04.2025 | B14: Надходження дод. витрат ІБ00-000284 від 26.04.2025 11:10:00 Доп. расходы при поступлении товаров | C14: Обл. НДС Щебінь 20-40 Надходження товарів і послуг ІБ00-001871 від 26.04.2025 11:00:00 Резервуар для зберігання розчинника(Глобине) | D14: Енергія Логістик ТОВ №28/10-2024 ВІД 28/10/24_Глобине-2 Рахунок на оплату постачальника ІБ00-001537 від 26.04.2025 12:00:00 | E14: 205 | F14: 6503 | H14: 631 | K14: Д | L14: 434292.15
A15: 28.04.2025 | B15: Надходження товарів і послуг ІБ00-001902 від 28.04.2025 11:00:00 Оприходованы ТМЦ | C15: Обл. НДС Щебінь 20-40 Надходження товарів і послуг ІБ00-001902 від 28.04.2025 11:00:00 Резервуар для зберігання розчинника(Глобине) | D15: Енергія Логістик ТОВ №28/10-2024 ВІД 28/10/24_Глобине-2 Рахунок на оплату постачальника ІБ00-001589 від 28.04.2025 10:00:00 | E15: 205 | F15: 26290.92 | H15: 631 | K15: Д | L15: 460583.07
A16: 28.04.2025 | B16: Надходження дод. витрат ІБ00-000292 від 28.04.2025 11:05:00 Доп. расходы при поступлении товаров | C16: Обл. НДС Щебінь 20-40 Надходження товарів і послуг ІБ00-001902 від 28.04.2025 11:00:00 Резервуар для зберігання розчинника(Глобине) | D16: Енергія Логістик ТОВ №28/10-2024 ВІД 28/10/24_Глобине-2 Рахунок на оплату постачальника ІБ00-001589 від 28.04.2025 10:00:00 | E16: 205 | F16: 25679.5 | H16: 631 | K16: Д | L16: 486262.57
A17: 29.04.2025 | B17: Переміщення товарів ІБ00-000370 від 29.04.2025 11:10:00 Перемещение ТМЦ | C17: Обл. НДС Щебінь 20-40 Надходження товарів і послуг ІБ00-001881 від 29.04.2025 11:00:00 Резервуар для зберігання розчинника(Глобине) | D17: Обл. НДС Щебінь 20-40 Надходження товарів і послуг ІБ00-001881 від 29.04.2025 11:00:00 Глобине-2 | E17: 205 | F17: 22262.91 | H17: 205 | K17: Д | L17: 508525.48
A18: 29.04.2025 | B18: Вимога-накладна ІБ00-000278 від 29.04.2025 14:31:19 Списаны ТМЦ | C18: Обл. НДС Виробничий (Глобине-2) Глобине-2 Прямі материальні виробничі витрати крім зворотніх відходів | D18: Обл. НДС Бетон С 8/10 Р4 Надходження товарів і послуг ІБ00-001292 від 28.03.2025 17:56:31 Резервуар для зберігання розчинника(Глобине) | E18: 231 | H18: 205 | I18: 12996.11 | K18: Д | L18: 495529.37
A19: 29.04.2025 | B19: Вимога-накладна ІБ00-000278 від 29.04.2025 14:31:19 Списаны ТМЦ | C19: Обл. НДС Виробничий (Глобине-2) Глобине-2 Прямі материальні виробничі витрати крім зворотніх відходів | D19: Обл. НДС Бетон С 20/25 F75 W6 Р4 Надходження товарів і послуг ІБ00-001356 від 31.03.2025 18:59:59 Резервуар для зберігання розчинника(Глобине) | E19: 231 | H19: 205 | I19: 50849.72 | K19: Д | L19: 444679.65
A20: 29.04.2025 | B20: Вимога-накладна ІБ00-000278 від 29.04.2025 14:31:19 Списаны ТМЦ | C20: Обл. НДС Виробничий (Глобине-2) Глобине-2 Прямі материальні виробничі витрати крім зворотніх відходів | D20: Обл. НДС Щебінь 20-40 Надходження товарів і послуг ІБ00-001480 від 19.03.2025 11:00:00 Резервуар для зберігання розчинника(Глобине) | E20: 231 | H20: 205 | I20: 5256.67 | K20: Д | L20: 439422.98
A21: 29.04.2025 | B21: Списання товарів ІБ00-000207 від 29.04.2025 14:32:34 Списаны ТМЦ | C21: Обл. НДС Виробничий (Глобине-2) Глобине-2 Прямі материальні виробничі витрати крім зворотніх відходів | D21: Обл. НДС Піна монтажна 750 мл Надходження товарів і послуг ІБ00-001198 від 21.03.2025 19:26:08 Резервуар для зберігання розчинника(Глобине) | E21: 231 | H21: 205 | I21: 810 | K21: Д | L21: 438612.98
A22: 30.04.2025 | B22: Списання товарів ІБ00-000221 від 30.04.2025 00:00:00 Списаны ТМЦ | C22: Обл. НДС Виробничий (Глобине-2) Глобине-2 Прямі материальні виробничі витрати крім зворотніх відходів | D22: Обл. НДС Шуруп г/к по дереву 3,5*55 мм Надходження товарів і послуг ІБ00-000711 від 18.02.2025 20:00:44 Резервуар для зберігання розчинника(Глобине) | E22: 231 | H22: 205 | I22: 99.05 | K22: Д | L22: 438513.93
A23: 30.04.2025 | B23: Списання товарів ІБ00-000221 від 30.04.2025 00:00:00 Списаны ТМЦ | C23: Обл. НДС Виробничий (Глобине-2) Глобине-2 Прямі материальні виробничі витрати крім зворотніх відходів | D23: Обл. НДС Шуруп г/к по дереву 4,2*76 мм Надходження товарів і послуг ІБ00-000711 від 18.02.2025 20:00:44 Резервуар для зберігання розчинника(Глобине) | E23: 231 | H23: 205 | I23: 91.25 | K23: Д | L23: 438422.68
A24: 30.04.2025 | B24: Списання товарів ІБ00-000221 від 30.04.2025 00:00:00 Списаны ТМЦ | C24: Обл. НДС Виробничий (Глобине-2) Глобине-2 Прямі материальні виробничі витрати крім зворотніх відходів | D24: Обл. НДС Мапеграут 450 Тіксо/25 Надходження товарів і послуг ІБ00-001430 від 02.04.2025 18:09:00 Резервуар для зберігання розчинника(Глобине) | E24: 231 | H24: 205 | I24: 1292.33 | K24: Д | L24: 437130.35
A25: 30.04.2025 | B25: Вимога-накладна ІБ00-000317 від 30.04.2025 00:00:00 Списаны ТМЦ | C25: Обл. НДС Виробничий (Глобине-2) Глобине-2 Прямі материальні виробничі витрати крім зворотніх відходів | D25: Обл. НДС Бетон С20/25 W6 F75 P4 доб-5 Надходження товарів і послуг ІБ00-001629 від 11.04.2025 11:00:00 Резервуар для зберігання розчинника(Глобине) | E25: 231 | H25: 205 | I25: 57601.44 | K25: Д | L25: 379528.91
A26: 30.04.2025 | B26: Вимога-накладна ІБ00-000317 від 30.04.2025 00:00:00 Списаны ТМЦ | C26: Обл. НДС Виробничий (Глобине-2) Глобине-2 Прямі материальні виробничі витрати крім зворотніх відходів | D26: Обл. НДС Шпонка гідроізоляційна ВД 240 Надходження товарів і послуг ІБ00-000659 від 13.02.2025 18:20:14 Резервуар для зберігання розчинника(Глобине) | E26: 231 | H26: 205 | I26: 1505 | K26: Д | L26: 378023.91
A27: 30.04.2025 | B27: Переміщення товарів ІБ00-000392 від 30.04.2025 10:00:00 Перемещение ТМЦ | C27: Обл. НДС Бетон С20/25 W6 F75 P4 доб-5 Надходження товарів і послуг ІБ00-001629 від 11.04.2025 11:00:00 Насосна Градирня (Глобине) | D27: Обл. НДС Бетон С20/25 W6 F75 P4 доб-5 Надходження товарів і послуг ІБ00-001629 від 11.04.2025 11:00:00 Резервуар для зберігання розчинника(Глобине) | E27: 205 | H27: 205 | I27: 1846.2 | K27: Д | L27: 376177.71
A28: 30.04.2025 | B28: Переміщення товарів ІБ00-000399 від 30.04.2025 10:00:00 Перемещение ТМЦ | C28: Обл. НДС Щебінь 20-40 Надходження товарів і послуг ІБ00-001480 від 19.03.2025 11:00:00 Генплан благоустрій (Глобине) | D28: Обл. НДС Щебінь 20-40 Надходження товарів і послуг ІБ00-001480 від 19.03.2025 11:00:00 Резервуар для зберігання розчинника(Глобине) | E28: 205 | H28: 205 | I28: 46829.29 | K28: Д | L28: 329348.42
A29: 30.04.2025 | B29: Переміщення товарів ІБ00-000399 від 30.04.2025 10:00:00 Перемещение ТМЦ | C29: Обл. НДС Щебінь 20-40 Надходження товарів і послуг ІБ00-001479 від 24.03.2025 11:00:00 Генплан благоустрій (Глобине) | D29: Обл. НДС Щебінь 20-40 Надходження товарів і послуг ІБ00-001479 від 24.03.2025 11:00:00 Резервуар для зберігання розчинника(Глобине) | E29: 205 | H29: 205 | I29: 434.74 | K29: Д | L29: 328913.68
... A34: 30.04.2025 | B34: Вимога-накладна ІБ00-000338 від 30.04.2025 11:00:00 Списаны ТМЦ | C34: Обл. НДС Виробничий (Глобине-2) Глобине-2 Прямі материальні виробничі витрати крім зворотніх відходів | D34: Обл. НДС Щебінь 20-40 Надходження товарів і послуг ІБ00-001479 від 24.03.2025 11:00:00 Резервуар для зберігання розчинника(Глобине) | E34: 231 | H34: 205 | I34: 10801.73 | K34: Д | L34: 236934.21
A35: 30.04.2025 | B35: Переміщення товарів ІБ00-000383 від 30.04.2025 11:10:00 Перемещение ТМЦ | C35: Обл. НДС Бетон С 30/35 W4 F75 Р4 Надходження товарів і послуг ІБ00-001961 від 30.04.2025 11:00:00 Резервуар для зберігання розчинника(Глобине) | D35: Обл. НДС Бетон С 30/35 W4 F75 Р4 Надходження товарів і послуг ІБ00-001961 від 30.04.2025 11:00:00 Глобине-2 | E35: 205 | F35: 9677.23 | H35: 205 | K35: Д | L35: 246611.44
A36: 30.04.2025 | B36: Переміщення товарів ІБ00-000383 від 30.04.2025 11:10:00 Перемещение ТМЦ | C36: Обл. НДС Бетон С 8/10 Р4 Надходження товарів і послуг ІБ00-001961 від 30.04.2025 11:00:00 Резервуар для зберігання розчинника(Глобине) | D36: Обл. НДС Бетон С 8/10 Р4 Надходження товарів і послуг ІБ00-001961 від 30.04.2025 11:00:00 Глобине-2 | E36: 205 | F36: 17968.29 | H36: 205 | K36: Д | L36: 264579.73
A37: 30.04.2025 | B37: Переміщення товарів ІБ00-000384 від 30.04.2025 11:10:00 Перемещение ТМЦ | C37: Обл. НДС Пісок з відсіву дроблення щебеню фр. 0-5мм. Надходження товарів і послуг ІБ00-001964 від 30.04.2025 11:00:00 Резервуар для зберігання розчинника(Глобине) | D37: Обл. НДС Пісок з відсіву дроблення щебеню фр. 0-5мм. Надходження товарів і послуг ІБ00-001964 від 30.04.2025 11:00:00 Глобине-2 | E37: 205 | F37: 11920 | H37: 205 | K37: Д | L37: 276499.73
A38: 30.04.2025 | B38: Переміщення товарів ІБ00-000384 від 30.04.2025 11:10:00 Перемещение ТМЦ | C38: Обл. НДС Щебінь 20-40 Надходження товарів і послуг ІБ00-001964 від 30.04.2025 11:00:00 Резервуар для зберігання розчинника(Глобине) | D38: Обл. НДС Щебінь 20-40 Надходження товарів і послуг ІБ00-001964 від 30.04.2025 11:00:00 Глобине-2 | E38: 205 | F38: 25811.66 | H38: 205 | K38: Д | L38: 302311.39
A39: 30.04.2025 | B39: Переміщення товарів ІБ00-000418 від 30.04.2025 15:00:00 Перемещение ТМЦ | C39: Обл. НДС Щебінь 20-40 Надходження товарів і послуг ІБ00-001903 від 25.04.2025 11:00:00 Резервуар для зберігання розчинника(Глобине) | D39: Обл. НДС Щебінь 20-40 Надходження товарів і послуг ІБ00-001903 від 25.04.2025 11:00:00 Пожежений резервуар (Глобине) | E39: 205 | F39: 37747.08 | H39: 205 | K39: Д | L39: 340058.47
A40: 30.04.2025 | B40: Переміщення товарів ІБ00-000418 від 30.04.2025 15:00:00 Перемещение ТМЦ | C40: Обл. НДС Щебінь 20-40 Надходження товарів і послуг ІБ00-001881 від 29.04.2025 11:00:00 Резервуар для зберігання розчинника(Глобине) | D40: Обл. НДС Щебінь 20-40 Надходження товарів і послуг ІБ00-001881 від 29.04.2025 11:00:00 Пожежений резервуар (Глобине) | E40: 205 | F40: 4200.42 | H40: 205 | K40: Д | L40: 344258.89
A41: 30.04.2025 | B41: Переміщення товарів ІБ00-000418 від 30.04.2025 15:00:00 Перемещение ТМЦ | C41: Обл. НДС Щебінь 20-40 Надходження товарів і послуг ІБ00-001964 від 30.04.2025 11:00:00 Резервуар для зберігання розчинника(Глобине) | D41: Обл. НДС Щебінь 20-40 Надходження товарів і послуг ІБ00-001964 від 30.04.2025 11:00:00 Пожежений резервуар (Глобине) | E41: 205 | F41: 3541.67 | H41: 205 | K41: Д | L41: 347800.56
A42: 30.04.2025 | B42: Переміщення товарів ІБ00-000419 від 30.04.2025 15:00:00 Перемещение ТМЦ | C42: Обл. НДС Щебінь 20-40 Надходження товарів і послуг ІБ00-001692 від 14.04.2025 11:00:00 Резервуар для зберігання розчинника(Глобине) | D42: Обл. НДС Щебінь 20-40 Надходження товарів і послуг ІБ00-001692 від 14.04.2025 11:00:00 СПК (Глобине) | E42: 205 | F42: 18280.75 | H42: 205 | K42: Д | L42: 366081.31
A43: 30.04.2025 | B43: Вимога-накладна ІБ00-000348 від 30.04.2025 20:00:00 Списаны ТМЦ | C43: Обл. НДС Виробничий (Глобине-2) Глобине-2 Прямі материальні виробничі витрати крім зворотніх відходів | D43: Обл. НДС Щебінь 20-40 Надходження товарів і послуг ІБ00-001479 від 24.03.2025 11:00:00 Резервуар для зберігання розчинника(Глобине) | E43: 231 | H43: 205 | I43: 4882.52 | K43: Д | L43: 361198.79
A44: 30.04.2025 | B44: Вимога-накладна ІБ00-000348 від 30.04.2025 20:00:00 Списаны ТМЦ | C44: Обл. НДС Виробничий (Глобине-2) Глобине-2 Прямі материальні виробничі витрати крім зворотніх відходів | D44: Обл. НДС Щебінь 20-40 Надходження товарів і послуг ІБ00-001692 від 14.04.2025 11:00:00 Резервуар для зберігання розчинника(Глобине) | E44: 231 | H44: 205 | I44: 30447.17 | K44: Д | L44: 330751.62
A45: 30.04.2025 | B45: Вимога-накладна ІБ00-000348 від 30.04.2025 20:00:00 Списаны ТМЦ | C45: Обл. НДС Виробничий (Глобине-2) Глобине-2 Прямі материальні виробничі витрати крім зворотніх відходів | D45: Обл. НДС Щебінь 20-40 Надходження товарів і послуг ІБ00-001811 від 24.04.2025 11:00:00 Резервуар для зберігання розчинника(Глобине) | E45: 231 | H45: 205 | I45: 20789.58 | K45: Д | L45: 309962.04
A46: 30.04.2025 | B46: Вимога-накладна ІБ00-000348 від 30.04.2025 20:00:00 Списаны ТМЦ | C46: Обл. НДС Виробничий (Глобине-2) Глобине-2 Прямі материальні виробничі витрати крім зворотніх відходів | D46: Обл. НДС Щебінь 20-40 Надходження товарів і послуг ІБ00-001811 від 24.04.2025 11:00:00 Резервуар для зберігання розчинника(Глобине) | E46: 231 | H46: 205 | I46: 25811.67 | K46: Д | L46: 284150.37
A47: 30.04.2025 | B47: Вимога-накладна ІБ00-000348 від 30.04.2025 20:00:00 Списаны ТМЦ | C47: Обл. НДС Виробничий (Глобине-2) Глобине-2 Прямі материальні виробничі витрати крім зворотніх відходів | D47: Обл. НДС Щебінь 20-40 Надходження товарів і послуг ІБ00-001811 від 24.04.2025 11:00:00 Резервуар для зберігання розчинника(Глобине) | E47: 231 | H47: 205 | I47: 6757.5 | K47: Д | L47: 277392.87
A48: 30.04.2025 | B48: Вимога-накладна ІБ00-000348 від 30.04.2025 20:00:00 Списаны ТМЦ | C48: Обл. НДС Виробничий (Глобине-2) Глобине-2 Прямі материальні виробничі витрати крім зворотніх відходів | D48: Обл. НДС Щебінь 20-40 Надходження товарів і послуг ІБ00-001903 від 25.04.2025 11:00:00 Резервуар для зберігання розчинника(Глобине) | E48: 231 | H48: 205 | I48: 37747.08 | K48: Д | L48: 239645.79
A49: 30.04.2025 | B49: Вимога-накладна ІБ00-000348 від 30.04.2025 20:00:00 Списаны ТМЦ | C49: Обл. НДС Виробничий (Глобине-2) Глобине-2 Прямі материальні виробничі витрати крім зворотніх відходів | D49: Обл. НДС Щебінь 20-40 Надходження товарів і послуг ІБ00-001871 від 26.04.2025 11:00:00 Резервуар для зберігання розчинника(Глобине) | E49: 231 | H49: 205 | I49: 8854.16 | K49: Д | L49: 230791.63
A50: 30.04.2025 | B50: Вимога-накладна ІБ00-000348 від 30.04.2025 20:00:00 Списаны ТМЦ | C50: Обл. НДС Виробничий (Глобине-2) Глобине-2 Прямі материальні виробничі витрати крім зворотніх відходів | D50: Обл. НДС Щебінь 20-40 Надходження товарів і послуг ІБ00-001871 від 26.04.2025 11:00:00 Резервуар для зберігання розчинника(Глобине) | E50: 231 | H50: 205 | I50: 4306.67 | K50: Д | L50: 226484.96
A51: 30.04.2025 | B51: Вимога-накладна ІБ00-000348 від 30.04.2025 20:00:00 Списаны ТМЦ | C51: Обл. НДС Виробничий (Глобине-2) Глобине-2 Прямі материальні виробничі витрати крім зворотніх відходів | D51: Обл. НДС Щебінь 20-40 Надходження товарів і послуг ІБ00-001902 від 28.04.2025 11:00:00 Резервуар для зберігання розчинника(Глобине) | E51: 231 | H51: 205 | I51: 8854.17 | K51: Д | L51: 217630.79
A52: 30.04.2025 | B52: Вимога-накладна ІБ00-000348 від 30.04.2025 20:00:00 Списаны ТМЦ | C52: Обл. НДС Виробничий (Глобине-2) Глобине-2 Прямі материальні виробничі витрати крім зворотніх відходів | D52: Обл. НДС Щебінь 20-40 Надходження товарів і послуг ІБ00-001902 від 28.04.2025 11:00:00 Резервуар для зберігання розчинника(Глобине) | E52: 231 | H52: 205 | I52: 4200.42 | K52: Д | L52: 213430.37
A53: 30.04.2025 | B53: Вимога-накладна ІБ00-000348 від 30.04.2025 20:00:00 Списаны ТМЦ | C53: Обл. НДС Виробничий (Глобине-2) Глобине-2 Прямі материальні виробничі витрати крім зворотніх відходів | D53: Обл. НДС Щебінь 20-40 Надходження товарів і послуг ІБ00-001902 від 28.04.2025 11:00:00 Резервуар для зберігання розчинника(Глобине) | E53: 231 | H53: 205 | I53: 37747.08 | K53: Д | L53: 175683.29
A54: 30.04.2025 | B54: Вимога-накладна ІБ00-000348 від 30.04.2025 20:00:00 Списаны ТМЦ | C54: Обл. НДС Виробничий (Глобине-2) Глобине-2 Прямі материальні виробничі витрати крім зворотніх відходів | D54: Обл. НДС Щебінь 20-40 Надходження товарів і послуг ІБ00-001902 від 28.04.2025 11:00:00 Резервуар для зберігання розчинника(Глобине) | E54: 231 | H54: 205 | I54: 1168.75 | K54: Д | L54: 174514.54
... A59: 30.04.2025 | B59: Вимога-накладна ІБ00-000348 від 30.04.2025 20:00:00 Списаны ТМЦ | C59: Обл. НДС Виробничий (Глобине-2) Глобине-2 Прямі материальні виробничі витрати крім зворотніх відходів | D59: Обл. НДС Щебінь 20-40 Надходження товарів і послуг ІБ00-001964 від 30.04.2025 11:00:00 Резервуар для зберігання розчинника(Глобине) | E59: 231 | H59: 205 | I59: 10763.12 | K59: Д | L59: 137288.09
A60: Обороти за період та сальдо на кінець | E60: 370733.31 | H60: 525813.61 | K60: Д | L60: 137288.09
J62: =SUBTOTAL(9,I18:J59) -> 394468.97

Sheet СПК
A1: Період | B1: Документ | C1: Аналітика Дт | D1: Аналітика Кт | E1: Дебет | H1: Кредит | K1: Поточне сальдо
E2: Рахунок | H2: Рахунок
A3: 01.04.2025 | B3: Переміщення товарів ІБ00-000310 від 01.04.2025 18:04:03 Перемещение ТМЦ | C3: Обл. НДС Бетон С 8/10 доб-10 Надходження товарів і послуг ІБ00-005899 від 27.11.2024 18:37:16 Пункт фасування та зберігання в бігбегах (Глобине) | D3: Обл. НДС Бетон С 8/10 доб-10 Надходження товарів і послуг ІБ00-005899 від 27.11.2024 18:37:16 СПК (Глобине) | E3: 205 | H3: 205 | I3: 1236.11 | K3: Д | L3: 2819916
A4: 01.04.2025 | B4: Переміщення товарів ІБ00-000310 від 01.04.2025 18:04:03 Перемещение ТМЦ | C4: Обл. НДС Бетон С 8/10 Р4 Надходження товарів і послуг ІБ00-000364 від 29.01.2025 18:00:25 Пункт фасування та зберігання в бігбегах (Глобине) | D4: Обл. НДС Бетон С 8/10 Р4 Надходження товарів і послуг ІБ00-000364 від 29.01.2025 18:00:25 СПК (Глобине) | E4: 205 | H4: 205 | I4: 13295.72 | K4: Д | L4: 2806620.2
A5: 03.04.2025 | B5: Вимога-накладна ІБ00-000261 від 03.04.2025 10:00:00 Списаны ТМЦ | C5: Обл. НДС Виробничий (Глобине-2) Глобине-2 Прямі материальні виробничі витрати крім зворотніх відходів | D5: Обл. НДС Заготовка арматури Надходження товарів і послуг ІБ00-001171 від 21.03.2025 19:25:59 СПК (Глобине) | E5: 231 | H5: 205 | I5: 36758.01 | K5: Д | L5: 2769862.2
A6: 03.04.2025 | B6: Вимога-накладна ІБ00-000261 від 03.04.2025 10:00:00 Списаны ТМЦ | C6: Обл. НДС Виробничий (Глобине-2) Глобине-2 Прямі материальні виробничі витрати крім зворотніх відходів | D6: Обл. НДС Дужка-накладка д/стикування арматури ф20 Надходження товарів і послуг ІБ00-001169 від 21.03.2025 19:25:57 СПК (Глобине) | E6: 231 | H6: 205 | I6: 10451.37 | K6: Д | L6: 2759410.9
A7: 03.04.2025 | B7: Вимога-накладна ІБ00-000261 від 03.04.2025 10:00:00 Списаны ТМЦ | C7: Обл. НДС Виробничий (Глобине-2) Глобине-2 Прямі материальні виробничі витрати крім зворотніх відходів | D7: Обл. НДС Дужка-накладка д/стикування арматури ф25 Надходження товарів і послуг ІБ00-001169 від 21.03.2025 19:25:57 СПК (Глобине) | E7: 231 | H7: 205 | I7: 12157.71 | K7: Д | L7: 2747253.1
A8: 03.04.2025 | B8: Вимога-накладна ІБ00-000261 від 03.04.2025 10:00:00 Списаны ТМЦ | C8: Обл. НДС Виробничий (Глобине-2) Глобине-2 Прямі материальні виробничі витрати крім зворотніх відходів | D8: Обл. НДС Дужка-накладка д/стикування арматури ф32 Надходження товарів і послуг ІБ00-001169 від 21.03.2025 19:25:57 СПК (Глобине) | E8: 231 | H8: 205 | I8: 50534.08 | K8: Д | L8: 2696719.1
A9: 03.04.2025 | B9: Вимога-накладна ІБ00-000261 від 03.04.2025 10:00:00 Списаны ТМЦ | C9: Обл. НДС Виробничий (Глобине-2) Глобине-2 Прямі материальні виробничі витрати крім зворотніх відходів | D9: Обл. НДС МН4 Надходження товарів і послуг ІБ00-001235 від 24.03.2025 17:30:49 СПК (Глобине) | E9: 231 | H9: 205 | I9: 1018.65 | K9: Д | L9: 2695700.4
A10: 03.04.2025 | B10: Вимога-накладна ІБ00-000261 від 03.04.2025 10:00:00 Списаны ТМЦ | C10: Обл. НДС Виробничий (Глобине-2) Глобине-2 Прямі материальні виробничі витрати крім зворотніх відходів | D10: Обл. НДС МН4 Надходження товарів і послуг ІБ00-001311 від 25.03.2025 17:56:45 СПК (Глобине) | E10: 231 | H10: 205 | I10: 509.32 | K10: Д | L10: 2695191.1
A11: 03.04.2025 | B11: Вимога-накладна ІБ00-000261 від 03.04.2025 10:00:00 Списаны ТМЦ | C11: Обл. НДС Виробничий (Глобине-2) Глобине-2 Прямі материальні виробничі витрати крім зворотніх відходів | D11: Обл. НДС МН4 Надходження товарів і послуг ІБ00-001311 від 25.03.2025 17:56:45 СПК (Глобине) | E11: 231 | H11: 205 | I11: 1018.65 | K11: Д | L11: 2694172.4
A12: 03.04.2025 | B12: Вимога-накладна ІБ00-000261 від 03.04.2025 10:00:00 Списаны ТМЦ | C12: Обл. НДС Виробничий (Глобине-2) Глобине-2 Прямі материальні виробничі витрати крім зворотніх відходів | D12: Обл. НДС Ригель Р4 1Р6.3.83-2 L=6740 Надходження товарів і послуг ІБ00-001155 від 17.03.2025 17:20:43 СПК (Глобине) | E12: 231 | H12: 205 | I12: 87534.3 | K12: Д | L12: 2606638.1
A13: 03.04.2025 | B13: Вимога-накладна ІБ00-000261 від 03.04.2025 10:00:00 Списаны ТМЦ | C13: Обл. НДС Виробничий (Глобине-2) Глобине-2 Прямі материальні виробничі витрати крім зворотніх відходів | D13: Обл. НДС Ригель Р5 2Р6.3.83-5 L=6740 Надходження товарів і послуг ІБ00-001236 від 24.03.2025 17:30:50 СПК (Глобине) | E13: 231 | H13: 205 | I13: 30930.82 | K13: Д | L13: 2575707.3
A14: 03.04.2025 | B14: Вимога-накладна ІБ00-000261 від 03.04.2025 10:00:00 Списаны ТМЦ | C14: Обл. НДС Виробничий (Глобине-2) Глобине-2 Прямі материальні виробничі витрати крім зворотніх відходів | D14: Обл. НДС Ригель Р5 2Р6.3.83-5 L=6740 Надходження товарів і послуг ІБ00-001236 від 24.03.2025 17:30:50 СПК (Глобине) | E14: 231 | H14: 205 | I14: 30930.81 | K14: Д | L14: 2544776.5
... A40: 03.04.2025 | B40: Вимога-накладна ІБ00-000261 від 03.04.2025 10:00:00 Списаны ТМЦ | C40: Обл. НДС Виробничий (Глобине-2) Глобине-2 Прямі материальні виробничі витрати крім зворотніх відходів | D40: Обл. НДС Плита перекриття ПП2 3ПГ 12-1АІІІв В=1200 L=6660 Надходження товарів і послуг ІБ00-001316 від 28.03.2025 18:00:06 СПК (Глобине) | E40: 231 | H40: 205 | I40: 91939.48 | K40: Д | L40: 505968.2
A41: 03.04.2025 | B41: Надходження товарів і послуг ІБ00-001704 від 03.04.2025 11:00:00 Оприходованы ТМЦ | C41: Обл. НДС Колона К6с-1 4КС 60.60-13 L=5820 Надходження товарів і послуг ІБ00-001704 від 03.04.2025 11:00:00 СПК (Глобине) | D41: БМЗ БЕТОН ПП Договір ПП/М 221-2 від 14.01.2025 _Глобино-2 Рахунок на оплату постачальника ІБ00-000358 від 28.01.2025 23:21:44 | E41: 205 | F41: 49203 | H41: 631 | K41: Д | L41: 555171.2
A42: 03.04.2025 | B42: Надходження товарів і послуг ІБ00-001704 від 03.04.2025 11:00:00 Оприходованы ТМЦ | C42: Обл. НДС Колона К7с-1 4КС 60.60-13 L=5820 Надходження товарів і послуг ІБ00-001704 від 03.04.2025 11:00:00 СПК (Глобине) | D42: БМЗ БЕТОН ПП Договір ПП/М 221-2 від 14.01.2025 _Глобино-2 Рахунок на оплату постачальника ІБ00-000358 від 28.01.2025 23:21:44 | E42: 205 | F42: 50325 | H42: 631 | K42: Д | L42: 605496.2
A43: 03.04.2025 | B43: Надходження товарів і послуг ІБ00-001704 від 03.04.2025 11:00:00 Оприходованы ТМЦ | C43: Обл. НДС Колона К11с-1 5КС 60.60-13-н L=5820 Надходження товарів і послуг ІБ00-001704 від 03.04.2025 11:00:00 СПК (Глобине) | D43: БМЗ БЕТОН ПП Договір ПП/М 221-2 від 14.01.2025 _Глобино-2 Рахунок на оплату постачальника ІБ00-000358 від 28.01.2025 23:21:44 | E43: 205 | F43: 48267 | H43: 631 | K43: Д | L43: 653763.2
A44: 03.04.2025 | B44: Надходження товарів і послуг ІБ00-001704 від 03.04.2025 11:00:00 Оприходованы ТМЦ | C44: Обл. НДС Колона К18с-1 2КС 60.60-13 L=5820 Надходження товарів і послуг ІБ00-001704 від 03.04.2025 11:00:00 СПК (Глобине) | D44: БМЗ БЕТОН ПП Договір ПП/М 221-2 від 14.01.2025 _Глобино-2 Рахунок на оплату постачальника ІБ00-000358 від 28.01.2025 23:21:44 | E44: 205 | F44: 49826 | H44: 631 | K44: Д | L44: 703589.2
A45: 03.04.2025 | B45: Надходження товарів і послуг ІБ00-001704 від 03.04.2025 11:00:00 Оприходованы ТМЦ | C45: Обл. НДС Плита ребриста РП1а РП 6.2.65-2 L=6240 Надходження товарів і послуг ІБ00-001704 від 03.04.2025 11:00:00 СПК (Глобине) | D45: БМЗ БЕТОН ПП Договір ПП/М 221-2 від 14.01.2025 _Глобино-2 Рахунок на оплату постачальника ІБ00-000358 від 28.01.2025 23:21:44 | E45: 205 | F45: 37684 | H45: 631 | K45: Д | L45: 741273.2
A46: 03.04.2025 | B46: Надходження товарів і послуг ІБ00-001704 від 03.04.2025 11:00:00 Оприходованы ТМЦ | C46: Обл. НДС Ригель Р2-2 1Р6 3.53-4 Надходження товарів і послуг ІБ00-001704 від 03.04.2025 11:00:00 СПК (Глобине) | D46: БМЗ БЕТОН ПП Договір ПП/М 221-2 від 14.01.2025 _Глобино-2 Рахунок на оплату постачальника ІБ00-000358 від 28.01.2025 23:21:44 | E46: 205 | F46: 17826 | H46: 631 | K46: Д | L46: 759099.2
A47: 03.04.2025 | B47: Надходження товарів і послуг ІБ00-001704 від 03.04.2025 11:00:00 Оприходованы ТМЦ | C47: Обл. НДС Ригель Р3-1 2Р6 3.53-6 Надходження товарів і послуг ІБ00-001704 від 03.04.2025 11:00:00 СПК (Глобине) | D47: БМЗ БЕТОН ПП Договір ПП/М 221-2 від 14.01.2025 _Глобино-2 Рахунок на оплату постачальника ІБ00-000358 від 28.01.2025 23:21:44 | E47: 205 | F47: 20750 | H47: 631 | K47: Д | L47: 779849.2
A48: 03.04.2025 | B48: Надходження товарів і послуг ІБ00-001494 від 03.04.2025 17:41:27 Оприходованы ТМЦ | C48: Обл. НДС Пісок з відсіву дроблення щебеню фр. 0-5мм. Надходження товарів і послуг ІБ00-001494 від 03.04.2025 17:41:27 СПК (Глобине) | D48: Енергія Логістик ТОВ №28/10-2024 ВІД 28/10/24_Глобине-2 Рахунок на оплату постачальника ІБ00-001164 від 03.04.2025 17:41:26 | E48: 205 | F48: 5646 | H48: 631 | K48: Д | L48: 785495.2
A49: 03.04.2025 | B49: Надходження дод. витрат ІБ00-000231 від 03.04.2025 17:41:28 Доп. расходы при поступлении товаров | C49: Обл. НДС Пісок з відсіву дроблення щебеню фр. 0-5мм. Надходження товарів і послуг ІБ00-001494 від 03.04.2025 17:41:27 СПК (Глобине) | D49: Енергія Логістик ТОВ №28/10-2024 ВІД 28/10/24_Глобине-2 Рахунок на оплату постачальника ІБ00-001164 від 03.04.2025 17:41:26 | E49: 205 | F49: 13174 | H49: 631 | K49: Д | L49: 798669.2
A50: 03.04.2025 | B50: Надходження товарів і послуг ІБ00-001600 від 03.04.2025 17:42:05 Оприходованы ТМЦ | C50: Обл. НДС МН4 Надходження товарів і послуг ІБ00-001600 від 03.04.2025 17:42:05 СПК (Глобине) | D50: БМЗ БЕТОН ПП Договір ПП/М 221-2 від 14.01.2025 _Глобино-2 Рахунок на оплату постачальника ІБ00-000358 від 28.01.2025 23:21:44 | E50: 205 | F50: 3154 | H50: 631 | K50: Д | L50: 801823.2
A51: 03.04.2025 | B51: Надходження товарів і послуг ІБ00-001602 від 03.04.2025 17:42:06 Оприходованы ТМЦ | C51: Обл. НДС Плита перекриття ПП2 3ПГ 12-1АІІІв В=1200 L=6660 Надходження товарів і послуг ІБ00-001602 від 03.04.2025 17:42:06 СПК (Глобине) | D51: БМЗ БЕТОН ПП Договір ПП/М 221-2 від 14.01.2025 _Глобино-2 Рахунок на оплату постачальника ІБ00-000358 від 28.01.2025 23:21:44 | E51: 205 | F51: 89895 | H51: 631 | K51: Д | L51: 891718.2
A52: 03.04.2025 | B52: Надходження товарів і послуг ІБ00-001602 від 03.04.2025 17:42:06 Оприходованы ТМЦ | C52: Обл. НДС Ригель Р1 2Р6 3.83-10 L=6740 Надходження товарів і послуг ІБ00-001602 від 03.04.2025 17:42:06 СПК (Глобине) | D52: БМЗ БЕТОН ПП Договір ПП/М 221-2 від 14.01.2025 _Глобино-2 Рахунок на оплату постачальника ІБ00-000358 від 28.01.2025 23:21:44 | E52: 205 | F52: 158376 | H52: 631 | K52: Д | L52: 1050094.2
... A149: 29.04.2025 | B149: Переміщення товарів ІБ00-000369 від 29.04.2025 11:10:00 Перемещение ТМЦ | C149: Обл. НДС Пісок з відсіву дроблення щебеню фр. 0-5мм. Надходження товарів і послуг ІБ00-001881 від 29.04.2025 11:00:00 СПК (Глобине) | D149: Обл. НДС Пісок з відсіву дроблення щебеню фр. 0-5мм. Надходження товарів і послуг ІБ00-001881 від 29.04.2025 11:00:00 Глобине-2 | E149: 205 | F149: 16661.33 | H149: 205 | K149: Д | L149: 6501406.7
A150: 29.04.2025 | B150: Вимога-накладна ІБ00-000292 від 29.04.2025 16:25:11 Списаны ТМЦ | C150: Обл. НДС Виробничий (Глобине-2) Глобине-2 Прямі материальні виробничі витрати крім зворотніх відходів | D150: Обл. НДС МН4 Надходження товарів і послуг ІБ00-001600 від 03.04.2025 17:42:05 СПК (Глобине) | E150: 231 | H150: 205 | I150: 3154 | K150: Д | L150: 6498252.7
A151: 29.04.2025 | B151: Вимога-накладна ІБ00-000292 від 29.04.2025 16:25:11 Списаны ТМЦ | C151: Обл. НДС Виробничий (Глобине-2) Глобине-2 Прямі материальні виробничі витрати крім зворотніх відходів | D151: Обл. НДС Колона К6с-1 4КС 60.60-13 L=5820 Надходження товарів і послуг ІБ00-001704 від 03.04.2025 11:00:00 СПК (Глобине) | E151: 231 | H151: 205 | I151: 49203 | K151: Д | L151: 6449049.7
A152: 29.04.2025 | B152: Вимога-накладна ІБ00-000292 від 29.04.2025 16:25:11 Списаны ТМЦ | C152: Обл. НДС Виробничий (Глобине-2) Глобине-2 Прямі материальні виробничі витрати крім зворотніх відходів | D152: Обл. НДС Колона К7с-1 4КС 60.60-13 L=5820 Надходження товарів і послуг ІБ00-001704 від 03.04.2025 11:00:00 СПК (Глобине) | E152: 231 | H152: 205 | I152: 50325 | K152: Д | L152: 6398724.7
A153: 29.04.2025 | B153: Вимога-накладна ІБ00-000292 від 29.04.2025 16:25:11 Списаны ТМЦ | C153: Обл. НДС Виробничий (Глобине-2) Глобине-2 Прямі материальні виробничі витрати крім зворотніх відходів | D153: Обл. НДС Колона К11с-1 5КС 60.60-13-н L=5820 Надходження товарів і послуг ІБ00-001704 від 03.04.2025 11:00:00 СПК (Глобине) | E153: 231 | H153: 205 | I153: 48267 | K153: Д | L153: 6350457.7
A154: 29.04.2025 | B154: Вимога-накладна ІБ00-000292 від 29.04.2025 16:25:11 Списаны ТМЦ | C154: Обл. НДС Виробничий (Глобине-2) Глобине-2 Прямі материальні виробничі витрати крім зворотніх відходів | D154: Обл. НДС Колона К18с-1 2КС 60.60-13 L=5820 Надходження товарів і послуг ІБ00-001704 від 03.04.2025 11:00:00 СПК (Глобине) | E154: 231 | H154: 205 | I154: 49826 | K154: Д | L154: 6300631.7
A155: 29.04.2025 | B155: Вимога-накладна ІБ00-000292 від 29.04.2025 16:25:11 Списаны ТМЦ | C155: Обл. НДС Виробничий (Глобине-2) Глобине-2 Прямі материальні виробничі витрати крім зворотніх відходів | D155: Обл. НДС Колона К28с 4КС 60.60-13 L=5820 Надходження товарів і послуг ІБ00-001316 від 28.03.2025 18:00:06 СПК (Глобине) | E155: 231 | H155: 205 | I155: 50257.59 | K155: Д | L155: 6250374.1
A156: 29.04.2025 | B156: Вимога-накладна ІБ00-000292 від 29.04.2025 16:25:11 Списаны ТМЦ | C156: Обл. НДС Виробничий (Глобине-2) Глобине-2 Прямі материальні виробничі витрати крім зворотніх відходів | D156: Обл. НДС Колона К29с-1 4КС 60.60-13 L=5820 Надходження товарів і послуг ІБ00-001316 від 28.03.2025 18:00:06 СПК (Глобине) | E156: 231 | H156: 205 | I156: 51975.8 | K156: Д | L156: 6198398.3
A157: 29.04.2025 | B157: Вимога-накладна ІБ00-000292 від 29.04.2025 16:25:11 Списаны ТМЦ | C157: Обл. НДС Виробничий (Глобине-2) Глобине-2 Прямі материальні виробничі витрати крім зворотніх відходів | D157: Обл. НДС Колона К30с-1 4КС 60.60-13 L=5820 Надходження товарів і послуг ІБ00-001316 від 28.03.2025 18:00:06 СПК (Глобине) | E157: 231 | H157: 205 | I157: 49776.9 | K157: Д | L157: 6148621.4
A158: 29.04.2025 | B158: Вимога-накладна ІБ00-000292 від 29.04.2025 16:25:11 Списаны ТМЦ | C158: Обл. НДС Виробничий (Глобине-2) Глобине-2 Прямі материальні виробничі витрати крім зворотніх відходів | D158: Обл. НДС Колона К31с-1 4КС 60.60-13 L=5820 Надходження товарів і послуг ІБ00-001316 від 28.03.2025 18:00:06 СПК (Глобине) | E158: 231 | H158: 205 | I158: 48471.88 | K158: Д | L158: 6100149.5
A159: 29.04.2025 | B159: Вимога-накладна ІБ00-000292 від 29.04.2025 16:25:11 Списаны ТМЦ | C159: Обл. НДС Виробничий (Глобине-2) Глобине-2 Прямі материальні виробничі витрати крім зворотніх відходів | D159: Обл. НДС Колона К32с-1 4КС 60.60-13 L=5820 Надходження товарів і послуг ІБ00-001315 від 28.03.2025 18:00:05 СПК (Глобине) | E159: 231 | H159: 205 | I159: 49071.21 | K159: Д | L159: 6051078.3
A160: 29.04.2025 | B160: Вимога-накладна ІБ00-000292 від 29.04.2025 16:25:11 Списаны ТМЦ | C160: Обл. НДС Виробничий (Глобине-2) Глобине-2 Прямі материальні виробничі витрати крім зворотніх відходів | D160: Обл. НДС Колона К33с-1 5КС 60.60-13-н L=5820 Надходження товарів і послуг ІБ00-001315 від 28.03.2025 18:00:05 СПК (Глобине) | E160: 231 | H160: 205 | I160: 49364.73 | K160: Д | L160: 6001713.6
A161: 29.04.2025 | B161: Вимога-накладна ІБ00-000292 від 29.04.2025 16:25:11 Списаны ТМЦ | C161: Обл. НДС Виробничий (Глобине-2) Глобине-2 Прямі материальні виробничі витрати крім зворотніх відходів | D161: Обл. НДС Ригель Р1 2Р6 3.83-10 L=6740 Надходження товарів і послуг ІБ00-001310 від 25.03.2025 17:56:44 СПК (Глобине) | E161: 231 | H161: 205 | I161: 40494.48 | K161: Д | L161: 5961219.1
... A168: 30.04.2025 | B168: Переміщення товарів ІБ00-000390 від 30.04.2025 10:00:00 Перемещение ТМЦ | C168: Обл. НДС Бетон С20/25 W6 F75 P4 доб-5 Надходження товарів і послуг ІБ00-001629 від 11.04.2025 11:00:00 Насосна Градирня (Глобине) | D168: Обл. НДС Бетон С20/25 W6 F75 P4 доб-5 Надходження товарів і послуг ІБ00-001629 від 11.04.2025 11:00:00 СПК (Глобине) | E168: 205 | H168: 205 | I168: 24616 | K168: Д | L168: 5731863.7
A169: 30.04.2025 | B169: Переміщення товарів ІБ00-000406 від 30.04.2025 10:00:00 Перемещение ТМЦ | C169: Обл. НДС Бетон С20/25 W6 F75 P4 Надходження товарів і послуг ІБ00-001089 від 13.03.2025 18:55:01 СПК (Глобине) | D169: Обл. НДС Бетон С20/25 W6 F75 P4 Надходження товарів і послуг ІБ00-001089 від 13.03.2025 18:55:01 Генплан підпірна стінка (Глобине) | E169: 205 | F169: 37254.24 | H169: 205 | K169: Д | L169: 5769117.9
A170: 30.04.2025 | B170: Переміщення товарів ІБ00-000409 від 30.04.2025 10:00:00 Перемещение ТМЦ | C170: Обл. НДС Праймер бітумний Техноніколь №1 (20л) Надходження товарів і послуг ІБ00-006494 від 20.12.2024 18:18:17 СПК (Глобине) | D170: Обл. НДС Праймер бітумний Техноніколь №1 (20л) Надходження товарів і послуг ІБ00-006494 від 20.12.2024 18:18:17 Глобине-2 | E170: 205 | F170: 3378.62 | H170: 205 | K170: Д | L170: 5772496.5
A171: 30.04.2025 | B171: Вимога-накладна ІБ00-000339 від 30.04.2025 11:00:00 Списаны ТМЦ | C171: Обл. НДС Виробничий (Глобине-2) Глобине-2 Прямі материальні виробничі витрати крім зворотніх відходів | D171: Обл. НДС Бетон С20/25 W6 F75 P4 Надходження товарів і послуг ІБ00-001089 від 13.03.2025 18:55:01 СПК (Глобине) | E171: 231 | H171: 205 | I171: 37254.24 | K171: Д | L171: 5735242.3
A172: 30.04.2025 | B172: Вимога-накладна ІБ00-000341 від 30.04.2025 11:00:00 Списаны ТМЦ | C172: Обл. НДС Виробничий (Глобине-2) Глобине-2 Прямі материальні виробничі витрати крім зворотніх відходів | D172: Обл. НДС Праймер бітумний Техноніколь №1 (20л) Надходження товарів і послуг ІБ00-006494 від 20.12.2024 18:18:17 СПК (Глобине) | E172: 231 | H172: 205 | I172: 3378.62 | K172: Д | L172: 5731863.7
A173: 30.04.2025 | B173: Вимога-накладна ІБ00-000344 від 30.04.2025 11:00:00 Списаны ТМЦ | C173: Обл. НДС Виробничий (Глобине-2) Глобине-2 Прямі материальні виробничі витрати крім зворотніх відходів | D173: Обл. НДС Ригель Р4 1Р6.3.83-2 L=6740 Надходження товарів і послуг ІБ00-001698 від 15.04.2025 11:00:00 СПК (Глобине) | E173: 231 | H173: 205 | I173: 28454 | K173: Д | L173: 5703409.7
A174: 30.04.2025 | B174: Вимога-накладна ІБ00-000344 від 30.04.2025 11:00:00 Списаны ТМЦ | C174: Обл. НДС Виробничий (Глобине-2) Глобине-2 Прямі материальні виробничі витрати крім зворотніх відходів | D174: Обл. НДС Плита перекриття ПП2 3ПГ 12-1АІІІв В=1200 L=6660 Надходження товарів і послуг ІБ00-001602 від 03.04.2025 17:42:06 СПК (Глобине) | E174: 231 | H174: 205 | I174: 89895 | K174: Д | L174: 5613514.7
A175: 30.04.2025 | B175: Переміщення товарів ІБ00-000419 від 30.04.2025 15:00:00 Перемещение ТМЦ | C175: Обл. НДС Щебінь 20-40 Надходження товарів і послуг ІБ00-001692 від 14.04.2025 11:00:00 Резервуар для зберігання розчинника(Глобине) | D175: Обл. НДС Щебінь 20-40 Надходження товарів і послуг ІБ00-001692 від 14.04.2025 11:00:00 СПК (Глобине) | E175: 205 | H175: 205 | I175: 18280.75 | K175: Д | L175: 5595233.9
A176: 30.04.2025 | B176: Вимога-накладна ІБ00-000353 від 30.04.2025 20:00:00 Списаны ТМЦ | C176: Обл. НДС Виробничий (Глобине-2) Глобине-2 Прямі материальні виробничі витрати крім зворотніх відходів | D176: Обл. НДС Колона К5с-1 4КС 60.60-13 L=5820 Надходження товарів і послуг ІБ00-001950 від 22.04.2025 11:00:00 СПК (Глобине) | E176: 231 | H176: 205 | I176: 48891 | K176: Д | L176: 5546342.9
A177: 30.04.2025 | B177: Вимога-накладна ІБ00-000353 від 30.04.2025 20:00:00 Списаны ТМЦ | C177: Обл. НДС Виробничий (Глобине-2) Глобине-2 Прямі материальні виробничі витрати крім зворотніх відходів | D177: Обл. НДС Колона К14с-1 2КС 60.60-13 L=5820 Надходження товарів і послуг ІБ00-001950 від 22.04.2025 11:00:00 СПК (Глобине) | E177: 231 | H177: 205 | I177: 47080 | K177: Д | L177: 5499262.9
A178: 30.04.2025 | B178: Вимога-накладна ІБ00-000353 від 30.04.2025 20:00:00 Списаны ТМЦ | C178: Обл. НДС Виробничий (Глобине-2) Глобине-2 Прямі материальні виробничі витрати крім зворотніх відходів | D178: Обл. НДС Колона К15с-1 2КС 60.60-13 L=5820 Надходження товарів і послуг ІБ00-001950 від 22.04.2025 11:00:00 СПК (Глобине) | E178: 231 | H178: 205 | I178: 47145 | K178: Д | L178: 5452117.9
A179: 30.04.2025 | B179: Вимога-накладна ІБ00-000353 від 30.04.2025 20:00:00 Списаны ТМЦ | C179: Обл. НДС Виробничий (Глобине-2) Глобине-2 Прямі материальні виробничі витрати крім зворотніх відходів | D179: Обл. НДС Колона К16с-1 2КС 60.60-13 L=5820 Надходження товарів і послуг ІБ00-001950 від 22.04.2025 11:00:00 СПК (Глобине) | E179: 231 | H179: 205 | I179: 47675 | K179: Д | L179: 5404442.9
A180: 30.04.2025 | B180: Вимога-накладна ІБ00-000354 від 30.04.2025 20:00:00 Списаны ТМЦ | C180: Обл. НДС Виробничий (Глобине-2) Глобине-2 Прямі материальні виробничі витрати крім зворотніх відходів | D180: Обл. НДС Пісок з відсіву дроблення щебеню фр. 0-5мм. Надходження товарів і послуг ІБ00-001494 від 03.04.2025 17:41:27 СПК (Глобине) | E180: 231 | H180: 205 | I180: 18820 | K180: Д | L180: 5385622.9
A181: 30.04.2025 | B181: Вимога-накладна ІБ00-000354 від 30.04.2025 20:00:00 Списаны ТМЦ | C181: Обл. НДС Виробничий (Глобине-2) Глобине-2 Прямі материальні виробничі витрати крім зворотніх відходів | D181: Обл. НДС Пісок з відсіву дроблення щебеню фр. 0-5мм. Надходження товарів і послуг ІБ00-001486 від 04.04.2025 11:24:46 СПК (Глобине) | E181: 231 | H181: 205 | I181: 18695 | K181: Д | L181: 5366927.9
A182: 30.04.2025 | B182: Вимога-накладна ІБ00-000354 від 30.04.2025 20:00:00 Списаны ТМЦ | C182: Обл. НДС Виробничий (Глобине-2) Глобине-2 Прямі материальні виробничі витрати крім зворотніх відходів | D182: Обл. НДС Пісок з відсіву дроблення щебеню фр. 0-5мм. Надходження товарів і послуг ІБ00-001486 від 04.04.2025 11:24:46 СПК (Глобине) | E182: 231 | H182: 205 | I182: 9245 | K182: Д | L182: 5357682.9
... A217: 30.04.2025 | B217: Вимога-накладна ІБ00-000319 від 30.04.2025 23:59:43 Списаны ТМЦ | C217: Обл. НДС Виробничий (Глобине-2) Глобине-2 Прямі материальні виробничі витрати крім зворотніх відходів | D217: Обл. НДС Ригель Р2 1Р6 3.83-5 L=6740 Надходження товарів і послуг ІБ00-001698 від 15.04.2025 11:00:00 СПК (Глобине) | E217: 231 | H217: 205 | I217: 30023 | K217: Д | L217: 3959670.9
A218: Обороти за період та сальдо на кінець | E218: 6036071.4 | H218: 4897552.5 | K218: Д | L218: 3959670.9
J220: =SUBTOTAL(9,I5:J217) -> 4840123.9

Sheet Транспортна галерея
A1: Період | B1: Документ | C1: Аналітика Дт | D1: Аналітика Кт | E1: Дебет | H1: Кредит | K1: Поточне сальдо
E2: Рахунок | H2: Рахунок
A3: 01.04.2025 | B3: Переміщення товарів ІБ00-000329 від 01.04.2025 11:10:00 Перемещение ТМЦ | C3: Обл. НДС Круг 10 (6,05- 3760 3пс/А240с) Надходження товарів і послуг ІБ00-001657 від 01.04.2025 11:00:00 Транспортна галерея (Глобине) | D3: Обл. НДС Круг 10 (6,05- 3760 3пс/А240с) Надходження товарів і послуг ІБ00-001657 від 01.04.2025 11:00:00 Глобине-2 | E3: 205 | F3: 15585.52 | H3: 205 | K3: Д | L3: 81969.38
A4: 01.04.2025 | B4: Переміщення товарів ІБ00-000329 від 01.04.2025 11:10:00 Перемещение ТМЦ | C4: Обл. НДС Арматура 12 міра (12-3760 А500С/А400С) Надходження товарів і послуг ІБ00-001657 від 01.04.2025 11:00:00 Транспортна галерея (Глобине) | D4: Обл. НДС Арматура 12 міра (12-3760 А500С/А400С) Надходження товарів і послуг ІБ00-001657 від 01.04.2025 11:00:00 Глобине-2 | E4: 205 | F4: 23543.72 | H4: 205 | K4: Д | L4: 105513.1
A5: 01.04.2025 | B5: Переміщення товарів ІБ00-000329 від 01.04.2025 11:10:00 Перемещение ТМЦ | C5: Обл. НДС Арматура 14 міра (12-3760 А500С/А400С) Надходження товарів і послуг ІБ00-001657 від 01.04.2025 11:00:00 Транспортна галерея (Глобине) | D5: Обл. НДС Арматура 14 міра (12-3760 А500С/А400С) Надходження товарів і послуг ІБ00-001657 від 01.04.2025 11:00:00 Глобине-2 | E5: 205 | F5: 43583.91 | H5: 205 | K5: Д | L5: 149097.01
A6: 01.04.2025 | B6: Переміщення товарів ІБ00-000329 від 01.04.2025 11:10:00 Перемещение ТМЦ | C6: Обл. НДС Дріт 1,2 мм термооброблений Надходження товарів і послуг ІБ00-001657 від 01.04.2025 11:00:00 Транспортна галерея (Глобине) | D6: Обл. НДС Дріт 1,2 мм термооброблений Надходження товарів і послуг ІБ00-001657 від 01.04.2025 11:00:00 Глобине-2 | E6: 205 | F6: 1047.11 | H6: 205 | K6: Д | L6: 150144.12
A7: 30.04.2025 | B7: Переміщення товарів ІБ00-000403 від 30.04.2025 10:00:00 Перемещение ТМЦ | C7: Обл. НДС Арматура 12 міра (12-3760 А500С/А400С) Надходження товарів і послуг ІБ00-001657 від 01.04.2025 11:00:00 Цех екстракції (Глобине) | D7: Обл. НДС Арматура 12 міра (12-3760 А500С/А400С) Надходження товарів і послуг ІБ00-001657 від 01.04.2025 11:00:00 Транспортна галерея (Глобине) | E7: 205 | H7: 205 | I7: 19619.77 | K7: Д | L7: 130524.35
A8: 30.04.2025 | B8: Переміщення товарів ІБ00-000404 від 30.04.2025 10:00:00 Перемещение ТМЦ | C8: Обл. НДС Щебінь 20-40 Надходження товарів і послуг ІБ00-001479 від 24.03.2025 11:00:00 Транспортна галерея (Глобине) | D8: Обл. НДС Щебінь 20-40 Надходження товарів і послуг ІБ00-001479 від 24.03.2025 11:00:00 Резервуар для зберігання розчинника(Глобине) | E8: 205 | F8: 32786.43 | H8: 205 | K8: Д | L8: 163310.78
A9: 30.04.2025 | B9: Переміщення товарів ІБ00-000423 від 30.04.2025 10:00:00 Перемещение ТМЦ | C9: Обл. НДС Фібра поліпропілен 12мм Надходження товарів і послуг ІБ00-001072 від 01.03.2025 18:17:15 Транспортна галерея (Глобине) | D9: Обл. НДС Фібра поліпропілен 12мм Надходження товарів і послуг ІБ00-001072 від 01.03.2025 18:17:15 Генплан підпірна стінка (Глобине) | E9: 205 | F9: 8491.5 | H9: 205 | K9: Д | L9: 171802.28
A10: 30.04.2025 | B10: Вимога-накладна ІБ00-000336 від 30.04.2025 11:00:00 Списаны ТМЦ | C10: Обл. НДС Виробничий (Глобине-2) Глобине-2 Прямі материальні виробничі витрати крім зворотніх відходів | D10: Обл. НДС Щебінь 20-40 Надходження товарів і послуг ІБ00-001479 від 24.03.2025 11:00:00 Транспортна галерея (Глобине) | E10: 231 | H10: 205 | I10: 21021.57 | K10: Д | L10: 150780.71
A11: 30.04.2025 | B11: Вимога-накладна ІБ00-000336 від 30.04.2025 11:00:00 Списаны ТМЦ | C11: Обл. НДС Виробничий (Глобине-2) Глобине-2 Прямі материальні виробничі витрати крім зворотніх відходів | D11: Обл. НДС Щебінь 20-40 Надходження товарів і послуг ІБ00-001479 від 24.03.2025 11:00:00 Транспортна галерея (Глобине) | E11: 231 | H11: 205 | I11: 11764.86 | K11: Д | L11: 139015.85
A12: 30.04.2025 | B12: Вимога-накладна ІБ00-000352 від 30.04.2025 20:00:00 Списаны ТМЦ | C12: Обл. НДС Виробничий (Глобине-2) Глобине-2 Прямі материальні виробничі витрати крім зворотніх відходів | D12: Обл. НДС Фібра поліпропілен 12мм Надходження товарів і послуг ІБ00-001072 від 01.03.2025 18:17:15 Транспортна галерея (Глобине) | E12: 231 | H12: 205 | I12: 8491.5 | K12: Д | L12: 130524.35
A13: Обороти за період та сальдо на кінець | E13: 125038.19 | H13: 60897.7 | K13: Д | L13: 130524.35
J15: =SUBTOTAL(9,I10:J12) -> 41277.93

Sheet Цех екстракції
A1: Період | B1: Документ | C1: Аналітика Дт | D1: Аналітика Кт | E1: Дебет | H1: Кредит | K1: Поточне сальдо
E2: Рахунок | H2: Рахунок
A3: 01.04.2025 | B3: Надходження товарів і послуг ІБ00-001831 від 01.04.2025 11:00:00 Оприходованы ТМЦ | C3: Обл. НДС Труба профільна 120*120*5 (12,05 мм стS235/275) Надходження товарів і послуг ІБ00-001831 від 01.04.2025 11:00:00 Цех екстракції (Глобине) | D3: МЕТАЛ ХОЛДІНГ ТРЕЙД ТОВ Договір 01/467/24 від 06.09.2024_Глобине-2 Рахунок на оплату постачальника ІБ00-001474 від 12.03.2025 18:45:52 | E3: 205 | F3: 20700 | H3: 631 | K3: Д | L3: 7452605.8
A4: 01.04.2025 | B4: Переміщення товарів ІБ00-000348 від 01.04.2025 11:05:00 Перемещение ТМЦ | C4: Обл. НДС дошка 0,15*0,25 4 м Надходження товарів і послуг ІБ00-001790 від 01.04.2025 11:00:00 Цех екстракції (Глобине) | D4: Обл. НДС дошка 0,15*0,25 4 м Надходження товарів і послуг ІБ00-001790 від 01.04.2025 11:00:00 Глобине-2 | E4: 205 | F4: 3801 | H4: 205 | K4: Д | L4: 7456406.8
A5: 01.04.2025 | B5: Переміщення товарів ІБ00-000348 від 01.04.2025 11:05:00 Перемещение ТМЦ | C5: Обл. НДС Плита OSB 18 мм Надходження товарів і послуг ІБ00-001790 від 01.04.2025 11:00:00 Цех екстракції (Глобине) | D5: Обл. НДС Плита OSB 18 мм Надходження товарів і послуг ІБ00-001790 від 01.04.2025 11:00:00 Глобине-2 | E5: 205 | F5: 17800 | H5: 205 | K5: Д | L5: 7474206.8
A6: 01.04.2025 | B6: Переміщення товарів ІБ00-000303 від 01.04.2025 18:03:57 Перемещение ТМЦ | C6: Обл. НДС Щебінь 20-40 Надходження товарів і послуг ІБ00-001482 від 18.03.2025 11:00:00 Цех екстракції (Глобине) | D6: Обл. НДС Щебінь 20-40 Надходження товарів і послуг ІБ00-001482 від 18.03.2025 11:00:00 Генплан підпірна стінка (Глобине) | E6: 205 | F6: 27724.19 | H6: 205 | K6: Д | L6: 7501931
A7: 01.04.2025 | B7: Переміщення товарів ІБ00-000304 від 01.04.2025 18:03:58 Перемещение ТМЦ | C7: Обл. НДС Щебінь 20-40 Надходження товарів і послуг ІБ00-001480 від 19.03.2025 11:00:00 Цех екстракції (Глобине) | D7: Обл. НДС Щебінь 20-40 Надходження товарів і послуг ІБ00-001480 від 19.03.2025 11:00:00 Резервуар для зберігання розчинника(Глобине) | E7: 205 | F7: 2604.12 | H7: 205 | K7: Д | L7: 7504535.1
A8: 01.04.2025 | B8: Переміщення товарів ІБ00-000311 від 01.04.2025 18:04:04 Перемещение ТМЦ | C8: Обл. НДС Бетон С 8/10 Р4 доб-10 Надходження товарів і послуг ІБ00-000728 від 22.02.2025 20:00:06 Пункт фасування та зберігання в бігбегах (Глобине) | D8: Обл. НДС Бетон С 8/10 Р4 доб-10 Надходження товарів і послуг ІБ00-000728 від 22.02.2025 20:00:06 Цех екстракції (Глобине) | E8: 205 | H8: 205 | I8: 682.22 | K8: Д | L8: 7503852.8
A9: 01.04.2025 | B9: Переміщення товарів ІБ00-000361 від 01.04.2025 23:11:16 Перемещение ТМЦ | C9: Обл. НДС Щебінь 20-40 Надходження товарів і послуг ІБ00-001480 від 19.03.2025 11:00:00 Цех екстракції (Глобине) | D9: Обл. НДС Щебінь 20-40 Надходження товарів і послуг ІБ00-001480 від 19.03.2025 11:00:00 Резервуар для зберігання розчинника(Глобине) | E9: 205 | F9: 22825 | H9: 205 | K9: Д | L9: 7526677.8
A10: 02.04.2025 | B10: Переміщення товарів ІБ00-000285 від 02.04.2025 18:11:03 Перемещение ТМЦ | C10: Обл. НДС Бетон С 20/25 F75 W6 Р4 Надходження товарів і послуг ІБ00-001438 від 02.04.2025 18:11:01 Цех екстракції (Глобине) | D10: Обл. НДС Бетон С 20/25 F75 W6 Р4 Надходження товарів і послуг ІБ00-001438 від 02.04.2025 18:11:01 Глобине-2 | E10: 205 | F10: 61886 | H10: 205 | K10: Д | L10: 7588563.8
A11: 03.04.2025 | B11: Вимога-накладна ІБ00-000257 від 03.04.2025 17:41:32 Списаны ТМЦ | C11: Обл. НДС Виробничий (Глобине-2) Глобине-2 Прямі материальні виробничі витрати крім зворотніх відходів | D11: Обл. НДС Щебінь 20-40 Надходження товарів і послуг ІБ00-001482 від 18.03.2025 11:00:00 Цех екстракції (Глобине) | E11: 231 | H11: 205 | I11: 13791.5 | K11: Д | L11: 7574772.3
A12: 03.04.2025 | B12: Вимога-накладна ІБ00-000257 від 03.04.2025 17:41:32 Списаны ТМЦ | C12: Обл. НДС Виробничий (Глобине-2) Глобине-2 Прямі материальні виробничі витрати крім зворотніх відходів | D12: Обл. НДС Щебінь 20-40 Надходження товарів і послуг ІБ00-001482 від 18.03.2025 11:00:00 Цех екстракції (Глобине) | E12: 231 | H12: 205 | I12: 27724.19 | K12: Д | L12: 7547048.2
A13: 03.04.2025 | B13: Вимога-накладна ІБ00-000257 від 03.04.2025 17:41:32 Списаны ТМЦ | C13: Обл. НДС Виробничий (Глобине-2) Глобине-2 Прямі материальні виробничі витрати крім зворотніх відходів | D13: Обл. НДС Щебінь 20-40 Надходження товарів і послуг ІБ00-001480 від 19.03.2025 11:00:00 Цех екстракції (Глобине) | E13: 231 | H13: 205 | I13: 2604.12 | K13: Д | L13: 7544444
A14: 03.04.2025 | B14: Вимога-накладна ІБ00-000257 від 03.04.2025 17:41:32 Списаны ТМЦ | C14: Обл. НДС Виробничий (Глобине-2) Глобине-2 Прямі материальні виробничі витрати крім зворотніх відходів | D14: Обл. НДС Бетон С 20/25 F75 W6 Р4 Надходження товарів і послуг ІБ00-001450 від 20.03.2025 12:16:00 Цех екстракції (Глобине) | E14: 231 | H14: 205 | I14: 6197.47 | K14: Д | L14: 7538246.6
A15: 03.04.2025 | B15: Вимога-накладна ІБ00-000257 від 03.04.2025 17:41:32 Списаны ТМЦ | C15: Обл. НДС Виробничий (Глобине-2) Глобине-2 Прямі материальні виробничі витрати крім зворотніх відходів | D15: Обл. НДС Бетон С 20/25 F75 W6 Р4 Надходження товарів і послуг ІБ00-001449 від 22.03.2025 12:00:01 Цех екстракції (Глобине) | E15: 231 | H15: 205 | I15: 89578.34 | K15: Д | L15: 7448668.2
A16: 03.04.2025 | B16: Вимога-накладна ІБ00-000257 від 03.04.2025 17:41:32 Списаны ТМЦ | C16: Обл. НДС Виробничий (Глобине-2) Глобине-2 Прямі материальні виробничі витрати крім зворотніх відходів | D16: Обл. НДС Бетон С20/25 W6 F75 P4 Надходження товарів і послуг ІБ00-001090 від 15.03.2025 12:00:00 Цех екстракції (Глобине) | E16: 231 | H16: 205 | I16: 2026.92 | K16: Д | L16: 7446641.3
A17: 03.04.2025 | B17: Вимога-накладна ІБ00-000257 від 03.04.2025 17:41:32 Списаны ТМЦ | C17: Обл. НДС Виробничий (Глобине-2) Глобине-2 Прямі материальні виробничі витрати крім зворотніх відходів | D17: Обл. НДС Бетон С20/25 W6 F75 P4 Надходження товарів і послуг ІБ00-001293 від 27.03.2025 18:14:54 Цех екстракції (Глобине) | E17: 231 | H17: 205 | I17: 74720.81 | K17: Д | L17: 7371920.5
A18: 03.04.2025 | B18: Вимога-накладна ІБ00-000257 від 03.04.2025 17:41:32 Списаны ТМЦ | C18: Обл. НДС Виробничий (Глобине-2) Глобине-2 Прямі материальні виробничі витрати крім зворотніх відходів | D18: Обл. НДС Плівка п/е рукав 1500*200 мкм Надходження товарів і послуг ІБ00-001045 від 12.03.2025 18:45:21 Цех екстракції (Глобине) | E18: 231 | H18: 205 | I18: 4725.57 | K18: Д | L18: 7367194.9
A19: 03.04.2025 | B19: Вимога-накладна ІБ00-000257 від 03.04.2025 17:41:32 Списаны ТМЦ | C19: Обл. НДС Виробничий (Глобине-2) Глобине-2 Прямі материальні виробничі витрати крім зворотніх відходів | D19: Обл. НДС Пінополістирол фасад шаршавий 1200х600х20мм 0,264 куб м Надходження товарів і послуг ІБ00-000464 від 06.02.2025 18:36:11 Цех екстракції (Глобине) | E19: 231 | H19: 205 | I19: 65 | K19: Д | L19: 7367129.9
A20: 03.04.2025 | B20: Списання товарів ІБ00-000197 від 03.04.2025 17:41:33 Списаны ТМЦ | C20: Обл. НДС Виробничий (Глобине-2) Глобине-2 Прямі материальні виробничі витрати крім зворотніх відходів | D20: Обл. НДС Шуруп 5х40 Надходження товарів і послуг ІБ00-001075 від 14.03.2025 17:50:43 Цех екстракції (Глобине) | E20: 231 | H20: 205 | I20: 333.33 | K20: Д | L20: 7366796.6
A21: 03.04.2025 | B21: Списання товарів ІБ00-000197 від 03.04.2025 17:41:33 Списаны ТМЦ | C21: Обл. НДС Виробничий (Глобине-2) Глобине-2 Прямі материальні виробничі витрати крім зворотніх відходів | D21: Обл. НДС Шуруп г/к по дереву 3,5*55 мм Надходження товарів і послуг ІБ00-000711 від 18.02.2025 20:00:44 Цех екстракції (Глобине) | E21: 231 | H21: 205 | I21: 198.1 | K21: Д | L21: 7366598.5
A22: 03.04.2025 | B22: Списання товарів ІБ00-000197 від 03.04.2025 17:41:33 Списаны ТМЦ | C22: Обл. НДС Виробничий (Глобине-2) Глобине-2 Прямі материальні виробничі витрати крім зворотніх відходів | D22: Обл. НДС Шуруп г/к по дереву 3,5*55 мм Надходження товарів і послуг ІБ00-000977 від 07.03.2025 20:00:01 Цех екстракції (Глобине) | E22: 231 | H22: 205 | I22: 558 | K22: Д | L22: 7366040.5
A23: 03.04.2025 | B23: Списання товарів ІБ00-000197 від 03.04.2025 17:41:33 Списаны ТМЦ | C23: Обл. НДС Виробничий (Глобине-2) Глобине-2 Прямі материальні виробничі витрати крім зворотніх відходів | D23: Обл. НДС Шуруп г/к по дереву 4,2*76 мм Надходження товарів і послуг ІБ00-000711 від 18.02.2025 20:00:44 Цех екстракції (Глобине) | E23: 231 | H23: 205 | I23: 91.25 | K23: Д | L23: 7365949.2
A24: 04.04.2025 | B24: Переміщення товарів ІБ00-000283 від 04.04.2025 11:40:00 Перемещение ТМЦ | C24: Обл. НДС Бетон С 20/25 F75 W6 Р4 Надходження товарів і послуг ІБ00-001437 від 04.04.2025 11:24:02 Цех екстракції (Глобине) | D24: Обл. НДС Бетон С 20/25 F75 W6 Р4 Надходження товарів і послуг ІБ00-001437 від 04.04.2025 11:24:02 Глобине-2 | E24: 205 | F24: 6996 | H24: 205 | K24: Д | L24: 7372945.2
A25: 05.04.2025 | B25: Переміщення товарів ІБ00-000280 від 05.04.2025 12:05:00 Перемещение ТМЦ | C25: Обл. НДС Бетон С 20/25 F75 W6 Р4 Надходження товарів і послуг ІБ00-001435 від 05.04.2025 12:00:00 Цех екстракції (Глобине) | D25: Обл. НДС Бетон С 20/25 F75 W6 Р4 Надходження товарів і послуг ІБ00-001435 від 05.04.2025 12:00:00 Глобине-2 | E25: 205 | F25: 93793.92 | H25: 205 | K25: Д | L25: 7466739.2
A26: 09.04.2025 | B26: Надходження товарів і послуг ІБ00-001623 від 09.04.2025 11:00:00 Оприходованы ТМЦ | C26: Обл. НДС Болт М 24*95 EN14399/4 Надходження товарів і послуг ІБ00-001623 від 09.04.2025 11:00:00 Цех екстракції (Глобине) | D26: Солді і Ко ПАТ Дог № 378542-55/19 від 21.01.2019 р. РАХ_Глобине-2 Рахунок на оплату постачальника ІБ00-001326 від 31.03.2025 23:59:59 | E26: 205 | F26: 15593.2 | H26: 631 | K26: Д | L26: 7482332.4
A27: 09.04.2025 | B27: Надходження товарів і послуг ІБ00-001623 від 09.04.2025 11:00:00 Оприходованы ТМЦ | C27: Обл. НДС Болт М24*120 HV БП Varvit Надходження товарів і послуг ІБ00-001623 від 09.04.2025 11:00:00 Цех екстракції (Глобине) | D27: Солді і Ко ПАТ Дог № 378542-55/19 від 21.01.2019 р. РАХ_Глобине-2 Рахунок на оплату постачальника ІБ00-001326 від 31.03.2025 23:59:59 | E27: 205 | F27: 8881.74 | H27: 631 | K27: Д | L27: 7491214.1
