Workbook

Sheet Свод
B2: АПК (Глобине) | C2: ='АПК (Глобине)'!J33*1.2 -> 29397.78
B3: Генплан митний склад (Глобине) | C3: ='Генплан митний склад'!H4*1.2 -> 936
B4: Глобине-2 | C4: ='Глобине-2'!J175*1.2 -> 108930.1
B5: Котельна (Глобине) | C5: ='Котельна (Глобине)'!J33*1.2 -> 16948.956
B6: Насосна Градирня (Глобине) | C6: ='Насосна Градирня'!J18*1.2 -> 5066.16
B7: Підготовчі роботи та тимчасові споруди (Глобине) | C7: ='Підготовчі роботи'!J14*1.2 -> 5357.04
B8: Пожежений резервуар (Глобине) | C8: ='Пожежений резервуар'!J15*1.2 -> 9787.44
B9: Пункт фасування та зберігання в бігбегах (Глобине) | C9: ='Пункт фасування'!J22*1.2 -> 9197.064
B10: Резервуар для зберігання розчинника(Глобине) | C10: ='зберігання розчинника'!J13*1.2 -> 7070.04
B11: СПК (Глобине) | C11: ='СПК (Глобине)'!J52*1.2 -> 3034.128
B12: Цех екстракції (Глобине) | C12: ='Цех екстракції'!J36*1.2 -> 28695.78
C13: =SUM(C2:C12) -> 224420.48

Sheet АПК (Глобине)
A1: Період | B1: Документ | C1: Аналітика Дт | D1: Аналітика Кт | E1: Дебет | H1: Кредит | K1: Поточне сальдо
E2: Рахунок | H2: Рахунок
A3: 18.04.2025 | B3: Переміщення товарів ІБ00-000343 від 18.04.2025 11:05:00 Перемещение ТМЦ | C3: Обл. НДС Круг відрізний 230*2.5*22 увігнутий Надходження товарів і послуг ІБ00-001740 від 18.04.2025 11:00:00 АПК (Глобине) | D3: Обл. НДС Круг відрізний 230*2.5*22 увігнутий Надходження товарів і послуг ІБ00-001740 від 18.04.2025 11:00:00 Глобине-2 | E3: 221 | F3: 1410 | H3: 221 | K3: Д | L3: 31808.05
A4: 29.04.2025 | B4: Передача малоцінних активів в експлуатацію ІБ00-000171 від 29.04.2025 14:26:22 Списание стоимости малоценных активов | C4: Обл. НДС Виробничий (Глобине-2) Глобине-2 Амортизація ОЗ загальновиробничого призначення | D4: Обл. НДС Валик 48*180 мм Надходження товарів і послуг ІБ00-001198 від 21.03.2025 19:26:08 АПК (Глобине) | E4: 231 | H4: 221 | I4: 61.7 | K4: Д | L4: 31746.35
A5: 29.04.2025 | B5: Передача малоцінних активів в експлуатацію ІБ00-000171 від 29.04.2025 14:26:22 Списание стоимости малоценных активов | C5: Обл. НДС Виробничий (Глобине-2) Глобине-2 Амортизація ОЗ загальновиробничого призначення | D5: Обл. НДС Взуття чоловіче SEVEN SAFETY S1FUR" р.42 Надходження товарів і послуг ІБ00-001048 від 10.03.2025 20:00:27 АПК (Глобине) | E5: 231 | H5: 221 | I5: 813 | K5: Д | L5: 30933.35
A6: 29.04.2025 | B6: Передача малоцінних активів в експлуатацію ІБ00-000171 від 29.04.2025 14:26:22 Списание стоимости малоценных активов | C6: Обл. НДС Виробничий (Глобине-2) Глобине-2 Амортизація ОЗ загальновиробничого призначення | D6: Обл. НДС Взуття чоловіче SEVEN SAFETY S1FUR" р.43 Надходження товарів і послуг ІБ00-001048 від 10.03.2025 20:00:27 АПК (Глобине) | E6: 231 | H6: 221 | I6: 813 | K6: Д | L6: 30120.35
A7: 29.04.2025 | B7: Передача малоцінних активів в експлуатацію ІБ00-000171 від 29.04.2025 14:26:22 Списание стоимости малоценных активов | C7: Обл. НДС Виробничий (Глобине-2) Глобине-2 Амортизація ОЗ загальновиробничого призначення | D7: Обл. НДС Вилка пряма з з/к,ІР44 Надходження товарів і послуг ІБ00-000748 від 25.02.2025 18:19:56 АПК (Глобине) | E7: 231 | H7: 221 | I7: 537.5 | K7: Д | L7: 29582.85
A8: 29.04.2025 | B8: Передача малоцінних активів в експлуатацію ІБ00-000171 від 29.04.2025 14:26:22 Списание стоимости малоценных активов | C8: Обл. НДС Виробничий (Глобине-2) Глобине-2 Амортизація ОЗ загальновиробничого призначення | D8: Обл. НДС Електроди "Моноліт РЦ" 3 мм 2,5кг Надходження товарів і послуг ІБ00-001431 від 31.03.2025 11:59:59 АПК (Глобине) | E8: 231 | H8: 221 | I8: 2524 | K8: Д | L8: 27058.85
A9: 29.04.2025 | B9: Передача малоцінних активів в експлуатацію ІБ00-000171 від 29.04.2025 14:26:22 Списание стоимости малоценных активов | C9: Обл. НДС Виробничий (Глобине-2) Глобине-2 Амортизація ОЗ загальновиробничого призначення | D9: Обл. НДС Електроди "Моноліт РЦ" 4 мм уп. 5,0 кг Надходження товарів і послуг ІБ00-001431 від 31.03.2025 11:59:59 АПК (Глобине) | E9: 231 | H9: 221 | I9: 3042.25 | K9: Д | L9: 24016.6
A10: 29.04.2025 | B10: Передача малоцінних активів в експлуатацію ІБ00-000171 від 29.04.2025 14:26:22 Списание стоимости малоценных активов | C10: Обл. НДС Виробничий (Глобине-2) Глобине-2 Амортизація ОЗ загальновиробничого призначення | D10: Обл. НДС Електроди д. 4 мм "Моноліт РЦ" (5 кг) (Україна) Надходження товарів і послуг ІБ00-001198 від 21.03.2025 19:26:08 АПК (Глобине) | E10: 231 | H10: 221 | I10: 1825.35 | K10: Д | L10: 22191.25
A11: 29.04.2025 | B11: Передача малоцінних активів в експлуатацію ІБ00-000171 від 29.04.2025 14:26:22 Списание стоимости малоценных активов | C11: Обл. НДС Виробничий (Глобине-2) Глобине-2 Амортизація ОЗ загальновиробничого призначення | D11: Обл. НДС Жилет світловідбиваючий помаранч. Надходження товарів і послуг ІБ00-001049 від 10.03.2025 20:00:28 АПК (Глобине) | E11: 231 | H11: 221 | I11: 2669.28 | K11: Д | L11: 19521.97
A12: 29.04.2025 | B12: Передача малоцінних активів в експлуатацію ІБ00-000171 від 29.04.2025 14:26:22 Списание стоимости малоценных активов | C12: Обл. НДС Виробничий (Глобине-2) Глобине-2 Амортизація ОЗ загальновиробничого призначення | D12: Обл. НДС Касета-розетка 3гн., з/к з кришками ОМЕГА ІР44 16А Надходження товарів і послуг ІБ00-000748 від 25.02.2025 18:19:56 АПК (Глобине) | E12: 231 | H12: 221 | I12: 2232 | K12: Д | L12: 17289.97
A13: 29.04.2025 | B13: Передача малоцінних активів в експлуатацію ІБ00-000171 від 29.04.2025 14:26:22 Списание стоимости малоценных активов | C13: Обл. НДС Виробничий (Глобине-2) Глобине-2 Амортизація ОЗ загальновиробничого призначення | D13: Обл. НДС Перчатки зварюв.червоні(краги) Надходження товарів і послуг ІБ00-000976 від 07.03.2025 19:00:34 АПК (Глобине) | E13: 231 | H13: 221 | I13: 758.4 | K13: Д | L13: 16531.57
A14: 29.04.2025 | B14: Передача малоцінних активів в експлуатацію ІБ00-000171 від 29.04.2025 14:26:22 Списание стоимости малоценных активов | C14: Обл. НДС Виробничий (Глобине-2) Глобине-2 Амортизація ОЗ загальновиробничого призначення | D14: Обл. НДС Рукавиці трикотажні з ПВХ Надходження товарів і послуг ІБ00-001431 від 31.03.2025 11:59:59 АПК (Глобине) | E14: 231 | H14: 221 | I14: 294 | K14: Д | L14: 16237.57
A15: 29.04.2025 | B15: Передача малоцінних активів в експлуатацію ІБ00-000171 від 29.04.2025 14:26:22 Списание стоимости малоценных активов | C15: Обл. НДС Виробничий (Глобине-2) Глобине-2 Амортизація ОЗ загальновиробничого призначення | D15: Обл. НДС Рукавички скло/камінь черв з рифл гум надол р.10 Надходження товарів і послуг ІБ00-001431 від 31.03.2025 11:59:59 АПК (Глобине) | E15: 231 | H15: 221 | I15: 151 | K15: Д | L15: 16086.57
... A23: 29.04.2025 | B23: Передача малоцінних активів в експлуатацію ІБ00-000171 від 29.04.2025 14:26:22 Списание стоимости малоценных активов | C23: Обл. НДС Виробничий (Глобине-2) Глобине-2 Амортизація ОЗ загальновиробничого призначення | D23: Обл. НДС Ножиці д/труб 0-42мм Надходження товарів і послуг ІБ00-001386 від 28.03.2025 20:00:18 АПК (Глобине) | E23: 231 | H23: 221 | I23: 210 | K23: Д | L23: 14695.02
A24: 30.04.2025 | B24: Переміщення товарів ІБ00-000380 від 30.04.2025 11:05:00 Перемещение ТМЦ | C24: Обл. НДС Дюбель-цвях 4,5х40 Надходження товарів і послуг ІБ00-001908 від 30.04.2025 11:00:00 АПК (Глобине) | D24: Обл. НДС Дюбель-цвях 4,5х40 Надходження товарів і послуг ІБ00-001908 від 30.04.2025 11:00:00 Глобине-2 | E24: 221 | F24: 543.1 | H24: 221 | K24: Д | L24: 15238.12
A25: 30.04.2025 | B25: Передача малоцінних активів в експлуатацію ІБ00-000213 від 30.04.2025 20:00:00 Списание стоимости малоценных активов | C25: Обл. НДС Виробничий (Глобине-2) Глобине-2 Амортизація ОЗ загальновиробничого призначення | D25: Обл. НДС Дюбель-цвях 4,5х40 Надходження товарів і послуг ІБ00-001908 від 30.04.2025 11:00:00 АПК (Глобине) | E25: 231 | H25: 221 | I25: 543.1 | K25: Д | L25: 14695.02
A26: 30.04.2025 | B26: Передача малоцінних активів в експлуатацію ІБ00-000213 від 30.04.2025 20:00:00 Списание стоимости малоценных активов | C26: Обл. НДС Виробничий (Глобине-2) Глобине-2 Амортизація ОЗ загальновиробничого призначення | D26: Обл. НДС Електроди "Моноліт РЦ" 4 мм уп. 5,0 кг Надходження товарів і послуг ІБ00-001431 від 31.03.2025 11:59:59 АПК (Глобине) | E26: 231 | H26: 221 | I26: 3042.25 | K26: Д | L26: 11652.77
A27: 30.04.2025 | B27: Передача малоцінних активів в експлуатацію ІБ00-000213 від 30.04.2025 20:00:00 Списание стоимости малоценных активов | C27: Обл. НДС Виробничий (Глобине-2) Глобине-2 Амортизація ОЗ загальновиробничого призначення | D27: Обл. НДС Круг відрізний по металу 125*1,6*22,2 Надходження товарів і послуг ІБ00-001198 від 21.03.2025 19:26:08 АПК (Глобине) | E27: 231 | H27: 221 | I27: 145.25 | K27: Д | L27: 11507.52
A28: 30.04.2025 | B28: Передача малоцінних активів в експлуатацію ІБ00-000213 від 30.04.2025 20:00:00 Списание стоимости малоценных активов | C28: Обл. НДС Виробничий (Глобине-2) Глобине-2 Амортизація ОЗ загальновиробничого призначення | D28: Обл. НДС Круг відрізний 230*2,5*22 Надходження товарів і послуг ІБ00-001198 від 21.03.2025 19:26:08 АПК (Глобине) | E28: 231 | H28: 221 | I28: 1061 | K28: Д | L28: 10446.52
A29: 30.04.2025 | B29: Передача малоцінних активів в експлуатацію ІБ00-000197 від 30.04.2025 23:59:27 Списание стоимости малоценных активов | C29: Обл. НДС Виробничий (Глобине-2) Глобине-2 Амортизація ОЗ загальновиробничого призначення | D29: Обл. НДС Краги зварювальника Надходження товарів і послуг ІБ00-001198 від 21.03.2025 19:26:08 АПК (Глобине) | E29: 231 | H29: 221 | I29: 257.9 | K29: Д | L29: 10188.62
A30: 30.04.2025 | B30: Передача малоцінних активів в експлуатацію ІБ00-000197 від 30.04.2025 23:59:27 Списание стоимости малоценных активов | C30: Обл. НДС Виробничий (Глобине-2) Глобине-2 Амортизація ОЗ загальновиробничого призначення | D30: Обл. НДС Жилет світловідбиваючий помаранч. Надходження товарів і послуг ІБ00-001049 від 10.03.2025 20:00:28 АПК (Глобине) | E30: 231 | H30: 221 | I30: 2335.62 | K30: Д | L30: 7853
A31: Обороти за період та сальдо на кінець | E31: 1953.1 | H31: 24498.15 | K31: Д | L31: 7853
J33: =SUBTOTAL(9,I4:J30) -> 24498.15

Sheet Генплан митний склад
A1: Період | B1: Документ | C1: Аналітика Дт | D1: Аналітика Кт | E1: Дебет | H1: Кредит | K1: Поточне сальдо
E2: Рахунок | H2: Рахунок
A3: 03.04.2025 | B3: Передача малоцінних активів в експлуатацію ІБ00-000149 від 03.04.2025 17:41:40 Списание стоимости малоценных активов | C3: Обл. НДС Виробничий (Глобине-2) Глобине-2 Амортизація ОЗ загальновиробничого призначення | D3: Обл. НДС Замок навісний Надходження товарів і послуг ІБ00-001368 від 28.03.2025 20:00:05 Генплан митний склад (Глобине) | E3: 231 | H3: 221 | I3: 780
A4: Обороти за період та сальдо на кінець | E4: 0 | H4: 780 | L4: 0

Sheet Глобине-2
A1: Період | B1: Документ | C1: Аналітика Дт | D1: Аналітика Кт | E1: Дебет | H1: Кредит | K1: Поточне сальдо
E2: Рахунок | H2: Рахунок
A3: 03.04.2025 | B3: Передача малоцінних активів в експлуатацію ІБ00-000150 від 03.04.2025 17:41:42 Списание стоимости малоценных активов | C3: Обл. НДС Виробничий (Глобине-2) Глобине-2 Амортизація ОЗ загальновиробничого призначення | D3: Обл. НДС Шланг напірн Д=50мм бухта 20м Надходження товарів і послуг ІБ00-000542 від 16.02.2024 10:08:26 Глобине-2 | E3: 231 | H3: 221 | I3: 797.15 | K3: Д | L3: 66366.45
A4: 03.04.2025 | B4: Передача малоцінних активів в експлуатацію ІБ00-000150 від 03.04.2025 17:41:42 Списание стоимости малоценных активов | C4: Обл. НДС Виробничий (Глобине-2) Глобине-2 Амортизація ОЗ загальновиробничого призначення | D4: Обл. НДС Провід ПВС 3*1,5 бухта 100м Надходження товарів і послуг ІБ00-004399 від 19.09.2024 18:10:36 Глобине-2 | E4: 231 | H4: 221 | I4: 2312.3 | K4: Д | L4: 64054.15
A5: 03.04.2025 | B5: Передача малоцінних активів в експлуатацію ІБ00-000150 від 03.04.2025 17:41:42 Списание стоимости малоценных активов | C5: Обл. НДС Виробничий (Глобине-2) Глобине-2 Амортизація ОЗ загальновиробничого призначення | D5: Обл. НДС Костюм "Віват" р.104-108/170-176 Надходження товарів і послуг ІБ00-005042 від 02.10.2024 10:00:00 Глобине-2 | E5: 231 | H5: 221 | I5: 1477.5 | K5: Д | L5: 62576.65
A6: 03.04.2025 | B6: Передача малоцінних активів в експлуатацію ІБ00-000155 від 03.04.2025 17:41:54 Списание стоимости малоценных активов | C6: Обл. НДС Виробничий (Глобине-2) Глобине-2 Амортизація ОЗ загальновиробничого призначення | D6: Обл. НДС Кабель КГ 3*25+1*10 Надходження товарів і послуг ІБ00-005782 від 05.11.2024 20:00:07 Глобине-2 | E6: 231 | H6: 221 | I6: 25507.2 | K6: Д | L6: 37069.45
A7: 09.04.2025 | B7: Надходження товарів і послуг ІБ00-001613 від 09.04.2025 11:00:00 Оприходованы ТМЦ | C7: Обл. НДС Рівень 2000мм Spirit магнітний Надходження товарів і послуг ІБ00-001613 від 09.04.2025 11:00:00 Глобине-2 | D7: Лук'ян Михайло Федорович ФОП 22/08-24-1 от 22.08.2024 (РАХУНКИ)_Глобине-2 Рахунок на оплату постачальника ІБ00-001318 від 09.04.2025 23:59:59 | E7: 221 | F7: 3143.1 | H7: 631 | K7: Д | L7: 40212.55
A8: 09.04.2025 | B8: Надходження товарів і послуг ІБ00-001613 від 09.04.2025 11:00:00 Оприходованы ТМЦ | C8: Обл. НДС Шнур каменяра 1,3 мм*100 м Надходження товарів і послуг ІБ00-001613 від 09.04.2025 11:00:00 Глобине-2 | D8: Лук'ян Михайло Федорович ФОП 22/08-24-1 от 22.08.2024 (РАХУНКИ)_Глобине-2 Рахунок на оплату постачальника ІБ00-001318 від 09.04.2025 23:59:59 | E8: 221 | F8: 1683 | H8: 631 | K8: Д | L8: 41895.55
A9: 09.04.2025 | B9: Надходження товарів і послуг ІБ00-001613 від 09.04.2025 11:00:00 Оприходованы ТМЦ | C9: Обл. НДС Бита Рh2 51мм Надходження товарів і послуг ІБ00-001613 від 09.04.2025 11:00:00 Глобине-2 | D9: Лук'ян Михайло Федорович ФОП 22/08-24-1 от 22.08.2024 (РАХУНКИ)_Глобине-2 Рахунок на оплату постачальника ІБ00-001318 від 09.04.2025 23:59:59 | E9: 221 | F9: 190.5 | H9: 631 | K9: Д | L9: 42086.05
A10: 09.04.2025 | B10: Надходження товарів і послуг ІБ00-001613 від 09.04.2025 11:00:00 Оприходованы ТМЦ | C10: Обл. НДС Подовжувач і магнітний для біт М8*65 д/6гр.гл Надходження товарів і послуг ІБ00-001613 від 09.04.2025 11:00:00 Глобине-2 | D10: Лук'ян Михайло Федорович ФОП 22/08-24-1 от 22.08.2024 (РАХУНКИ)_Глобине-2 Рахунок на оплату постачальника ІБ00-001318 від 09.04.2025 23:59:59 | E10: 221 | F10: 204.25 | H10: 631 | K10: Д | L10: 42290.3
A11: 09.04.2025 | B11: Надходження товарів і послуг ІБ00-001613 від 09.04.2025 11:00:00 Оприходованы ТМЦ | C11: Обл. НДС Рулетка 10 м*25 мм Надходження товарів і послуг ІБ00-001613 від 09.04.2025 11:00:00 Глобине-2 | D11: Лук'ян Михайло Федорович ФОП 22/08-24-1 от 22.08.2024 (РАХУНКИ)_Глобине-2 Рахунок на оплату постачальника ІБ00-001318 від 09.04.2025 23:59:59 | E11: 221 | F11: 990.75 | H11: 631 | K11: Д | L11: 43281.05
A12: 09.04.2025 | B12: Надходження товарів і послуг ІБ00-001613 від 09.04.2025 11:00:00 Оприходованы ТМЦ | C12: Обл. НДС Свердло 13,0мм HSS TiN Надходження товарів і послуг ІБ00-001613 від 09.04.2025 11:00:00 Глобине-2 | D12: Лук'ян Михайло Федорович ФОП 22/08-24-1 от 22.08.2024 (РАХУНКИ)_Глобине-2 Рахунок на оплату постачальника ІБ00-001318 від 09.04.2025 23:59:59 | E12: 221 | F12: 687.6 | H12: 631 | K12: Д | L12: 43968.65
A13: 09.04.2025 | B13: Надходження товарів і послуг ІБ00-001613 від 09.04.2025 11:00:00 Оприходованы ТМЦ | C13: Обл. НДС Наколінники гумові Надходження товарів і послуг ІБ00-001613 від 09.04.2025 11:00:00 Глобине-2 | D13: Лук'ян Михайло Федорович ФОП 22/08-24-1 от 22.08.2024 (РАХУНКИ)_Глобине-2 Рахунок на оплату постачальника ІБ00-001318 від 09.04.2025 23:59:59 | E13: 221 | F13: 1263.4 | H13: 631 | K13: Д | L13: 45232.05
A14: 09.04.2025 | B14: Переміщення товарів ІБ00-000323 від 09.04.2025 11:05:00 Перемещение ТМЦ | C14: Обл. НДС Рівень 2000мм Spirit магнітний Надходження товарів і послуг ІБ00-001613 від 09.04.2025 11:00:00 Котельна (Глобине) | D14: Обл. НДС Рівень 2000мм Spirit магнітний Надходження товарів і послуг ІБ00-001613 від 09.04.2025 11:00:00 Глобине-2 | E14: 221 | H14: 221 | I14: 3143.1 | K14: Д | L14: 42088.95
A15: 09.04.2025 | B15: Переміщення товарів ІБ00-000323 від 09.04.2025 11:05:00 Перемещение ТМЦ | C15: Обл. НДС Шнур каменяра 1,3 мм*100 м Надходження товарів і послуг ІБ00-001613 від 09.04.2025 11:00:00 Котельна (Глобине) | D15: Обл. НДС Шнур каменяра 1,3 мм*100 м Надходження товарів і послуг ІБ00-001613 від 09.04.2025 11:00:00 Глобине-2 | E15: 221 | H15: 221 | I15: 1683 | K15: Д | L15: 40405.95
A16: 09.04.2025 | B16: Переміщення товарів ІБ00-000323 від 09.04.2025 11:05:00 Перемещение ТМЦ | C16: Обл. НДС Бита Рh2 51мм Надходження товарів і послуг ІБ00-001613 від 09.04.2025 11:00:00 Котельна (Глобине) | D16: Обл. НДС Бита Рh2 51мм Надходження товарів і послуг ІБ00-001613 від 09.04.2025 11:00:00 Глобине-2 | E16: 221 | H16: 221 | I16: 190.5 | K16: Д | L16: 40215.45
A17: 09.04.2025 | B17: Переміщення товарів ІБ00-000323 від 09.04.2025 11:05:00 Перемещение ТМЦ | C17: Обл. НДС Подовжувач і магнітний для біт М8*65 д/6гр.гл Надходження товарів і послуг ІБ00-001613 від 09.04.2025 11:00:00 Котельна (Глобине) | D17: Обл. НДС Подовжувач і магнітний для біт М8*65 д/6гр.гл Надходження товарів і послуг ІБ00-001613 від 09.04.2025 11:00:00 Глобине-2 | E17: 221 | H17: 221 | I17: 204.25 | K17: Д | L17: 40011.2
A18: 09.04.2025 | B18: Переміщення товарів ІБ00-000323 від 09.04.2025 11:05:00 Перемещение ТМЦ | C18: Обл. НДС Рулетка 10 м*25 мм Надходження товарів і послуг ІБ00-001613 від 09.04.2025 11:00:00 Котельна (Глобине) | D18: Обл. НДС Рулетка 10 м*25 мм Надходження товарів і послуг ІБ00-001613 від 09.04.2025 11:00:00 Глобине-2 | E18: 221 | H18: 221 | I18: 990.75 | K18: Д | L18: 39020.45
A19: 09.04.2025 | B19: Переміщення товарів ІБ00-000325 від 09.04.2025 11:05:00 Перемещение ТМЦ | C19: Обл. НДС Свердло 13,0мм HSS TiN Надходження товарів і послуг ІБ00-001613 від 09.04.2025 11:00:00 Цех екстракції (Глобине) | D19: Обл. НДС Свердло 13,0мм HSS TiN Надходження товарів і послуг ІБ00-001613 від 09.04.2025 11:00:00 Глобине-2 | E19: 221 | H19: 221 | I19: 687.6 | K19: Д | L19: 38332.85
A20: 09.04.2025 | B20: Переміщення товарів ІБ00-000325 від 09.04.2025 11:05:00 Перемещение ТМЦ | C20: Обл. НДС Наколінники гумові Надходження товарів і послуг ІБ00-001613 від 09.04.2025 11:00:00 Цех екстракції (Глобине) | D20: Обл. НДС Наколінники гумові Надходження товарів і послуг ІБ00-001613 від 09.04.2025 11:00:00 Глобине-2 | E20: 221 | H20: 221 | I20: 1263.4 | K20: Д | L20: 37069.45
A21: 10.04.2025 | B21: Переміщення товарів ІБ00-000313 від 10.04.2025 15:00:00 Перемещение ТМЦ | C21: Обл. НДС Автоматичний вимикач 1р В 16А 6кА Надходження товарів і послуг ІБ00-004458 від 23.09.2024 18:22:19 Глобине-2 | D21: Обл. НДС Автоматичний вимикач 1р В 16А 6кА Надходження товарів і послуг ІБ00-004458 від 23.09.2024 18:22:19 Молоко Вітчизни | E21: 221 | F21: 682.27 | H21: 221 | K21: Д | L21: 37751.72
A22: 10.04.2025 | B22: Переміщення товарів ІБ00-000313 від 10.04.2025 15:00:00 Перемещение ТМЦ | C22: Обл. НДС Автоматичний вимикач 1р С 25А 6кА Надходження товарів і послуг ІБ00-004458 від 23.09.2024 18:22:19 Глобине-2 | D22: Обл. НДС Автоматичний вимикач 1р С 25А 6кА Надходження товарів і послуг ІБ00-004458 від 23.09.2024 18:22:19 Молоко Вітчизни | E22: 221 | F22: 660.56 | H22: 221 | K22: Д | L22: 38412.28
A23: 10.04.2025 | B23: Переміщення товарів ІБ00-000313 від 10.04.2025 15:00:00 Перемещение ТМЦ | C23: Обл. НДС Автоматичний вимикач 1р С 40А 6кА Надходження товарів і послуг ІБ00-004458 від 23.09.2024 18:22:19 Глобине-2 | D23: Обл. НДС Автоматичний вимикач 1р С 40А 6кА Надходження товарів і послуг ІБ00-004458 від 23.09.2024 18:22:19 Молоко Вітчизни | E23: 221 | F23: 156.4 | H23: 221 | K23: Д | L23: 38568.68
A24: 10.04.2025 | B24: Переміщення товарів ІБ00-000313 від 10.04.2025 15:00:00 Перемещение ТМЦ | C24: Обл. НДС Бур 12*250*310 Надходження товарів і послуг ІБ00-004231 від 12.09.2024 18:41:34 Глобине-2 | D24: Обл. НДС Бур 12*250*310 Надходження товарів і послуг ІБ00-004231 від 12.09.2024 18:41:34 Молоко Вітчизни | E24: 221 | F24: 726.45 | H24: 221 | K24: Д | L24: 39295.13
A25: 10.04.2025 | B25: Переміщення товарів ІБ00-000313 від 10.04.2025 15:00:00 Перемещение ТМЦ | C25: Обл. НДС Бур 16*250*310мм SDS Plus Надходження товарів і послуг ІБ00-000579 від 16.02.2024 18:08:40 Глобине-2 | D25: Обл. НДС Бур 16*250*310мм SDS Plus Надходження товарів і послуг ІБ00-000579 від 16.02.2024 18:08:40 Молоко Вітчизни | E25: 221 | F25: 342.9 | H25: 221 | K25: Д | L25: 39638.03
A26: 10.04.2025 | B26: Переміщення товарів ІБ00-000313 від 10.04.2025 15:00:00 Перемещение ТМЦ | C26: Обл. НДС Відбивач плівковий А4 білий Надходження товарів і послуг ІБ00-005586 від 15.10.2024 22:00:12 Глобине-2 | D26: Обл. НДС Відбивач плівковий А4 білий Надходження товарів і послуг ІБ00-005586 від 15.10.2024 22:00:12 Молоко Вітчизни | E26: 221 | F26: 800 | H26: 221 | K26: Д | L26: 40438.03
A27: 10.04.2025 | B27: Переміщення товарів ІБ00-000313 від 10.04.2025 15:00:00 Перемещение ТМЦ | C27: Обл. НДС Відро будівельне 15 л Надходження товарів і послуг ІБ00-004231 від 12.09.2024 18:41:34 Глобине-2 | D27: Обл. НДС Відро будівельне 15 л Надходження товарів і послуг ІБ00-004231 від 12.09.2024 18:41:34 Молоко Вітчизни | E27: 221 | F27: 310.65 | H27: 221 | K27: Д | L27: 40748.68
A28: 10.04.2025 | B28: Переміщення товарів ІБ00-000313 від 10.04.2025 15:00:00 Перемещение ТМЦ | C28: Обл. НДС Відро будівельне 20 л Надходження товарів і послуг ІБ00-001026 від 05.03.2024 18:27:30 Глобине-2 | D28: Обл. НДС Відро будівельне 20 л Надходження товарів і послуг ІБ00-001026 від 05.03.2024 18:27:30 Молоко Вітчизни | E28: 221 | F28: 385.05 | H28: 221 | K28: Д | L28: 41133.73
A29: 10.04.2025 | B29: Переміщення товарів ІБ00-000313 від 10.04.2025 15:00:00 Перемещение ТМЦ | C29: Обл. НДС Вставка зі штуч.хутра в чол.чоботи р.41-42 Надходження товарів і послуг ІБ00-004231 від 12.09.2024 18:41:34 Глобине-2 | D29: Обл. НДС Вставка зі штуч.хутра в чол.чоботи р.41-42 Надходження товарів і послуг ІБ00-004231 від 12.09.2024 18:41:34 Молоко Вітчизни | E29: 221 | F29: 185 | H29: 221 | K29: Д | L29: 41318.73
A30: 10.04.2025 | B30: Переміщення товарів ІБ00-000313 від 10.04.2025 15:00:00 Перемещение ТМЦ | C30: Обл. НДС Вставка зі штуч.хутра в чол.чоботи р.45-46 Надходження товарів і послуг ІБ00-004231 від 12.09.2024 18:41:34 Глобине-2 | D30: Обл. НДС Вставка зі штуч.хутра в чол.чоботи р.45-46 Надходження товарів і послуг ІБ00-004231 від 12.09.2024 18:41:34 Молоко Вітчизни | E30: 221 | F30: 185 | H30: 221 | K30: Д | L30: 41503.73
A31: 10.04.2025 | B31: Переміщення товарів ІБ00-000313 від 10.04.2025 15:00:00 Перемещение ТМЦ | C31: Обл. НДС Держак д/лопати 1,2 м Надходження товарів і послуг ІБ00-004231 від 12.09.2024 18:41:34 Глобине-2 | D31: Обл. НДС Держак д/лопати 1,2 м Надходження товарів і послуг ІБ00-004231 від 12.09.2024 18:41:34 Молоко Вітчизни | E31: 221 | F31: 324 | H31: 221 | K31: Д | L31: 41827.73
A32: 10.04.2025 | B32: Переміщення товарів ІБ00-000313 від 10.04.2025 15:00:00 Перемещение ТМЦ | C32: Обл. НДС Диск пильний 190*30 24 зуб. Надходження товарів і послуг ІБ00-004231 від 12.09.2024 18:41:34 Глобине-2 | D32: Обл. НДС Диск пильний 190*30 24 зуб. Надходження товарів і послуг ІБ00-004231 від 12.09.2024 18:41:34 Молоко Вітчизни | E32: 221 | F32: 545.7 | H32: 221 | K32: Д | L32: 42373.43
... A62: 18.04.2025 | B62: Надходження товарів і послуг ІБ00-001740 від 18.04.2025 11:00:00 Оприходованы ТМЦ | C62: Обл. НДС Змазка компресорна 1л ISO100 Надходження товарів і послуг ІБ00-001740 від 18.04.2025 11:00:00 Глобине-2 | D62: Лук'ян Михайло Федорович ФОП 22/08-24-1 от 22.08.2024 (РАХУНКИ)_Глобине-2 Рахунок на оплату постачальника ІБ00-001400 від 18.04.2025 18:10:00 | E62: 221 | F62: 328.5 | H62: 631 | K62: Д | L62: 103806.23
A63: 18.04.2025 | B63: Переміщення товарів ІБ00-000340 від 18.04.2025 11:05:00 Перемещение ТМЦ | C63: Обл. НДС Вилка пряма з з/к,ІР44 Надходження товарів і послуг ІБ00-001740 від 18.04.2025 11:00:00 СПК (Глобине) | D63: Обл. НДС Вилка пряма з з/к,ІР44 Надходження товарів і послуг ІБ00-001740 від 18.04.2025 11:00:00 Глобине-2 | E63: 221 | H63: 221 | I63: 53.75 | K63: Д | L63: 103752.48
A64: 18.04.2025 | B64: Переміщення товарів ІБ00-000340 від 18.04.2025 11:05:00 Перемещение ТМЦ | C64: Обл. НДС Касета-розетка 3гн, з/к з кришками Омега ІР44 16А Надходження товарів і послуг ІБ00-001740 від 18.04.2025 11:00:00 СПК (Глобине) | D64: Обл. НДС Касета-розетка 3гн, з/к з кришками Омега ІР44 16А Надходження товарів і послуг ІБ00-001740 від 18.04.2025 11:00:00 Глобине-2 | E64: 221 | H64: 221 | I64: 223.2 | K64: Д | L64: 103529.28
A65: 18.04.2025 | B65: Переміщення товарів ІБ00-000340 від 18.04.2025 11:05:00 Перемещение ТМЦ | C65: Обл. НДС Провід ПВС 3*2,5 бухта 100м Надходження товарів і послуг ІБ00-001740 від 18.04.2025 11:00:00 СПК (Глобине) | D65: Обл. НДС Провід ПВС 3*2,5 бухта 100м Надходження товарів і послуг ІБ00-001740 від 18.04.2025 11:00:00 Глобине-2 | E65: 221 | H65: 221 | I65: 4461.45 | K65: Д | L65: 99067.83
A66: 18.04.2025 | B66: Переміщення товарів ІБ00-000340 від 18.04.2025 11:05:00 Перемещение ТМЦ | C66: Обл. НДС Електроди "Моноліт РЦ" 3 мм 2,5кг Надходження товарів і послуг ІБ00-001740 від 18.04.2025 11:00:00 СПК (Глобине) | D66: Обл. НДС Електроди "Моноліт РЦ" 3 мм 2,5кг Надходження товарів і послуг ІБ00-001740 від 18.04.2025 11:00:00 Глобине-2 | E66: 221 | H66: 221 | I66: 2524 | K66: Д | L66: 96543.83
A67: 18.04.2025 | B67: Переміщення товарів ІБ00-000340 від 18.04.2025 11:05:00 Перемещение ТМЦ | C67: Обл. НДС Електроди "Моноліт РЦ" 4 мм уп. 5,0 кг Надходження товарів і послуг ІБ00-001740 від 18.04.2025 11:00:00 СПК (Глобине) | D67: Обл. НДС Електроди "Моноліт РЦ" 4 мм уп. 5,0 кг Надходження товарів і послуг ІБ00-001740 від 18.04.2025 11:00:00 Глобине-2 | E67: 221 | H67: 221 | I67: 12169 | K67: Д | L67: 84374.83
A68: 18.04.2025 | B68: Переміщення товарів ІБ00-000340 від 18.04.2025 11:05:00 Перемещение ТМЦ | C68: Обл. НДС Маска зварювальника Надходження товарів і послуг ІБ00-001740 від 18.04.2025 11:00:00 СПК (Глобине) | D68: Обл. НДС Маска зварювальника Надходження товарів і послуг ІБ00-001740 від 18.04.2025 11:00:00 Глобине-2 | E68: 221 | H68: 221 | I68: 1916.7 | K68: Д | L68: 82458.13
A69: 18.04.2025 | B69: Переміщення товарів ІБ00-000340 від 18.04.2025 11:05:00 Перемещение ТМЦ | C69: Обл. НДС Рулетка 10 м*25 мм Надходження товарів і послуг ІБ00-001740 від 18.04.2025 11:00:00 СПК (Глобине) | D69: Обл. НДС Рулетка 10 м*25 мм Надходження товарів і послуг ІБ00-001740 від 18.04.2025 11:00:00 Глобине-2 | E69: 221 | H69: 221 | I69: 198.15 | K69: Д | L69: 82259.98
A70: 18.04.2025 | B70: Переміщення товарів ІБ00-000340 від 18.04.2025 11:05:00 Перемещение ТМЦ | C70: Обл. НДС Рукавиці трикотажні з ПВХ чорні 7клас розм 10 Надходження товарів і послуг ІБ00-001740 від 18.04.2025 11:00:00 СПК (Глобине) | D70: Обл. НДС Рукавиці трикотажні з ПВХ чорні 7клас розм 10 Надходження товарів і послуг ІБ00-001740 від 18.04.2025 11:00:00 Глобине-2 | E70: 221 | H70: 221 | I70: 1470 | K70: Д | L70: 80789.98
A71: 18.04.2025 | B71: Переміщення товарів ІБ00-000340 від 18.04.2025 11:05:00 Перемещение ТМЦ | C71: Обл. НДС Перчатки зварюв.червоні(краги) Надходження товарів і послуг ІБ00-001740 від 18.04.2025 11:00:00 СПК (Глобине) | D71: Обл. НДС Перчатки зварюв.червоні(краги) Надходження товарів і послуг ІБ00-001740 від 18.04.2025 11:00:00 Глобине-2 | E71: 221 | H71: 221 | I71: 644.75 | K71: Д | L71: 80145.23
A72: 18.04.2025 | B72: Переміщення товарів ІБ00-000340 від 18.04.2025 11:05:00 Перемещение ТМЦ | C72: Обл. НДС Круг відрізний 230*2.5*22 увігнутий Надходження товарів і послуг ІБ00-001614 від 11.04.2025 11:00:00 СПК (Глобине) | D72: Обл. НДС Круг відрізний 230*2.5*22 увігнутий Надходження товарів і послуг ІБ00-001614 від 11.04.2025 11:00:00 Глобине-2 | E72: 221 | H72: 221 | I72: 1410 | K72: Д | L72: 78735.23
A73: 18.04.2025 | B73: Переміщення товарів ІБ00-000340 від 18.04.2025 11:05:00 Перемещение ТМЦ | C73: Обл. НДС Змазка компресорна 1л ISO100 Надходження товарів і послуг ІБ00-001740 від 18.04.2025 11:00:00 СПК (Глобине) | D73: Обл. НДС Змазка компресорна 1л ISO100 Надходження товарів і послуг ІБ00-001740 від 18.04.2025 11:00:00 Глобине-2 | E73: 221 | H73: 221 | I73: 328.5 | K73: Д | L73: 78406.73
A74: 18.04.2025 | B74: Переміщення товарів ІБ00-000341 від 18.04.2025 11:05:00 Перемещение ТМЦ | C74: Обл. НДС Вилка пряма з з/к,ІР44 Надходження товарів і послуг ІБ00-001740 від 18.04.2025 11:00:00 Резервуарний парк соєвої меляси (Глобине) | D74: Обл. НДС Вилка пряма з з/к,ІР44 Надходження товарів і послуг ІБ00-001740 від 18.04.2025 11:00:00 Глобине-2 | E74: 221 | H74: 221 | I74: 268.75 | K74: Д | L74: 78137.98
... A117: 30.04.2025 | B117: Переміщення товарів ІБ00-000400 від 30.04.2025 10:00:00 Перемещение ТМЦ | C117: Обл. НДС Провід ПВС 3*1,5 бухта 100м Надходження товарів і послуг ІБ00-004399 від 19.09.2024 18:10:36 Цех екстракції (Глобине) | D117: Обл. НДС Провід ПВС 3*1,5 бухта 100м Надходження товарів і послуг ІБ00-004399 від 19.09.2024 18:10:36 Глобине-2 | E117: 205 | H117: 221 | I117: 2312.3 | K117: Д | L117: 19945.6
A118: 30.04.2025 | B118: Надходження товарів і послуг ІБ00-001908 від 30.04.2025 11:00:00 Оприходованы ТМЦ | C118: Обл. НДС Шнур поліамідний 16мм/разрив 6000кг Надходження товарів і послуг ІБ00-001908 від 30.04.2025 11:00:00 Глобине-2 | D118: Лук'ян Михайло Федорович ФОП 22/08-24-1 от 22.08.2024 (РАХУНКИ)_Глобине-2 Рахунок на оплату постачальника ІБ00-001591 від 30.04.2025 10:00:00 | E118: 221 | F118: 5650 | H118: 631 | K118: Д | L118: 25595.6
A119: 30.04.2025 | B119: Надходження товарів і послуг ІБ00-001908 від 30.04.2025 11:00:00 Оприходованы ТМЦ | C119: Обл. НДС Щітка по металу Надходження товарів і послуг ІБ00-001908 від 30.04.2025 11:00:00 Глобине-2 | D119: Лук'ян Михайло Федорович ФОП 22/08-24-1 от 22.08.2024 (РАХУНКИ)_Глобине-2 Рахунок на оплату постачальника ІБ00-001591 від 30.04.2025 10:00:00 | E119: 221 | F119: 367 | H119: 631 | K119: Д | L119: 25962.6
A120: 30.04.2025 | B120: Надходження товарів і послуг ІБ00-001908 від 30.04.2025 11:00:00 Оприходованы ТМЦ | C120: Обл. НДС Валик 25см ROMA фасадний Надходження товарів і послуг ІБ00-001908 від 30.04.2025 11:00:00 Глобине-2 | D120: Лук'ян Михайло Федорович ФОП 22/08-24-1 от 22.08.2024 (РАХУНКИ)_Глобине-2 Рахунок на оплату постачальника ІБ00-001591 від 30.04.2025 10:00:00 | E120: 221 | F120: 392 | H120: 631 | K120: Д | L120: 26354.6
A121: 30.04.2025 | B121: Надходження товарів і послуг ІБ00-001908 від 30.04.2025 11:00:00 Оприходованы ТМЦ | C121: Обл. НДС Ручка для валика 25 см Надходження товарів і послуг ІБ00-001908 від 30.04.2025 11:00:00 Глобине-2 | D121: Лук'ян Михайло Федорович ФОП 22/08-24-1 от 22.08.2024 (РАХУНКИ)_Глобине-2 Рахунок на оплату постачальника ІБ00-001591 від 30.04.2025 10:00:00 | E121: 221 | F121: 591 | H121: 631 | K121: Д | L121: 26945.6
A122: 30.04.2025 | B122: Надходження товарів і послуг ІБ00-001908 від 30.04.2025 11:00:00 Оприходованы ТМЦ | C122: Обл. НДС Розчинник УС Нефрас 0,94 л/ 0,70 кг Надходження товарів і послуг ІБ00-001908 від 30.04.2025 11:00:00 Глобине-2 | D122: Лук'ян Михайло Федорович ФОП 22/08-24-1 от 22.08.2024 (РАХУНКИ)_Глобине-2 Рахунок на оплату постачальника ІБ00-001591 від 30.04.2025 10:00:00 | E122: 221 | F122: 2402 | H122: 631 | K122: Д | L122: 29347.6
A123: 30.04.2025 | B123: Надходження товарів і послуг ІБ00-001908 від 30.04.2025 11:00:00 Оприходованы ТМЦ | C123: Обл. НДС Круг зачисний по металу 125х6,0х22 Надходження товарів і послуг ІБ00-001908 від 30.04.2025 11:00:00 Глобине-2 | D123: Лук'ян Михайло Федорович ФОП 22/08-24-1 от 22.08.2024 (РАХУНКИ)_Глобине-2 Рахунок на оплату постачальника ІБ00-001591 від 30.04.2025 10:00:00 | E123: 221 | F123: 1756 | H123: 631 | K123: Д | L123: 31103.6
A124: 30.04.2025 | B124: Надходження товарів і послуг ІБ00-001908 від 30.04.2025 11:00:00 Оприходованы ТМЦ | C124: Обл. НДС Круг відрізний 125*1,6*22 Надходження товарів і послуг ІБ00-001908 від 30.04.2025 11:00:00 Глобине-2 | D124: Лук'ян Михайло Федорович ФОП 22/08-24-1 от 22.08.2024 (РАХУНКИ)_Глобине-2 Рахунок на оплату постачальника ІБ00-001591 від 30.04.2025 10:00:00 | E124: 221 | F124: 2905 | H124: 631 | K124: Д | L124: 34008.6
A125: 30.04.2025 | B125: Надходження товарів і послуг ІБ00-001908 від 30.04.2025 11:00:00 Оприходованы ТМЦ | C125: Обл. НДС Рукавички скло/камінь червон Надходження товарів і послуг ІБ00-001908 від 30.04.2025 11:00:00 Глобине-2 | D125: Лук'ян Михайло Федорович ФОП 22/08-24-1 от 22.08.2024 (РАХУНКИ)_Глобине-2 Рахунок на оплату постачальника ІБ00-001591 від 30.04.2025 10:00:00 | E125: 221 | F125: 1132.5 | H125: 631 | K125: Д | L125: 35141.1
A126: 30.04.2025 | B126: Надходження товарів і послуг ІБ00-001908 від 30.04.2025 11:00:00 Оприходованы ТМЦ | C126: Обл. НДС Електроди "Моноліт РЦ" 4 мм уп. 5,0 кг Надходження товарів і послуг ІБ00-001908 від 30.04.2025 11:00:00 Глобине-2 | D126: Лук'ян Михайло Федорович ФОП 22/08-24-1 от 22.08.2024 (РАХУНКИ)_Глобине-2 Рахунок на оплату постачальника ІБ00-001591 від 30.04.2025 10:00:00 | E126: 221 | F126: 6084.5 | H126: 631 | K126: Д | L126: 41225.6
A127: 30.04.2025 | B127: Надходження товарів і послуг ІБ00-001908 від 30.04.2025 11:00:00 Оприходованы ТМЦ | C127: Обл. НДС Автовимикач ВА47-29М 3р 40А Надходження товарів і послуг ІБ00-001908 від 30.04.2025 11:00:00 Глобине-2 | D127: Лук'ян Михайло Федорович ФОП 22/08-24-1 от 22.08.2024 (РАХУНКИ)_Глобине-2 Рахунок на оплату постачальника ІБ00-001591 від 30.04.2025 10:00:00 | E127: 221 | F127: 254.05 | H127: 631 | K127: Д | L127: 41479.65
A128: 30.04.2025 | B128: Надходження товарів і послуг ІБ00-001908 від 30.04.2025 11:00:00 Оприходованы ТМЦ | C128: Обл. НДС Авт.вим. ВА47-29 ІЕК 3-пол.С 63А Надходження товарів і послуг ІБ00-001908 від 30.04.2025 11:00:00 Глобине-2 | D128: Лук'ян Михайло Федорович ФОП 22/08-24-1 от 22.08.2024 (РАХУНКИ)_Глобине-2 Рахунок на оплату постачальника ІБ00-001591 від 30.04.2025 10:00:00 | E128: 221 | F128: 289.3 | H128: 631 | K128: Д | L128: 41768.95
A129: 30.04.2025 | B129: Надходження товарів і послуг ІБ00-001908 від 30.04.2025 11:00:00 Оприходованы ТМЦ | C129: Обл. НДС Автовимикач ВА47-29М 3р 25А Надходження товарів і послуг ІБ00-001908 від 30.04.2025 11:00:00 Глобине-2 | D129: Лук'ян Михайло Федорович ФОП 22/08-24-1 от 22.08.2024 (РАХУНКИ)_Глобине-2 Рахунок на оплату постачальника ІБ00-001591 від 30.04.2025 10:00:00 | E129: 221 | F129: 2427.5 | H129: 631 | K129: Д | L129: 44196.45
... A142: 30.04.2025 | B142: Надходження товарів і послуг ІБ00-001908 від 30.04.2025 11:00:00 Оприходованы ТМЦ | C142: Обл. НДС Розчинник Уайт-спіріт 10 л Надходження товарів і послуг ІБ00-001908 від 30.04.2025 11:00:00 Глобине-2 | D142: Лук'ян Михайло Федорович ФОП 22/08-24-1 от 22.08.2024 (РАХУНКИ)_Глобине-2 Рахунок на оплату постачальника ІБ00-001591 від 30.04.2025 10:00:00 | E142: 221 | F142: 5241.5 | H142: 631 | K142: Д | L142: 55999.65
A143: 30.04.2025 | B143: Переміщення товарів ІБ00-000378 від 30.04.2025 11:05:00 Перемещение ТМЦ | C143: Обл. НДС Шнур поліамідний 16мм/разрив 6000кг Надходження товарів і послуг ІБ00-001908 від 30.04.2025 11:00:00 СПК (Глобине) | D143: Обл. НДС Шнур поліамідний 16мм/разрив 6000кг Надходження товарів і послуг ІБ00-001908 від 30.04.2025 11:00:00 Глобине-2 | E143: 221 | H143: 221 | I143: 5650 | K143: Д | L143: 50349.65
A144: 30.04.2025 | B144: Переміщення товарів ІБ00-000378 від 30.04.2025 11:05:00 Перемещение ТМЦ | C144: Обл. НДС Розчинник УС Нефрас 0,94 л/ 0,70 кг Надходження товарів і послуг ІБ00-001908 від 30.04.2025 11:00:00 СПК (Глобине) | D144: Обл. НДС Розчинник УС Нефрас 0,94 л/ 0,70 кг Надходження товарів і послуг ІБ00-001908 від 30.04.2025 11:00:00 Глобине-2 | E144: 221 | H144: 221 | I144: 2402 | K144: Д | L144: 47947.65
A145: 30.04.2025 | B145: Переміщення товарів ІБ00-000378 від 30.04.2025 11:05:00 Перемещение ТМЦ | C145: Обл. НДС Круг зачисний по металу 125х6,0х22 Надходження товарів і послуг ІБ00-001908 від 30.04.2025 11:00:00 СПК (Глобине) | D145: Обл. НДС Круг зачисний по металу 125х6,0х22 Надходження товарів і послуг ІБ00-001908 від 30.04.2025 11:00:00 Глобине-2 | E145: 221 | H145: 221 | I145: 1756 | K145: Д | L145: 46191.65
A146: 30.04.2025 | B146: Переміщення товарів ІБ00-000378 від 30.04.2025 11:05:00 Перемещение ТМЦ | C146: Обл. НДС Круг відрізний 125*1,6*22 Надходження товарів і послуг ІБ00-001908 від 30.04.2025 11:00:00 СПК (Глобине) | D146: Обл. НДС Круг відрізний 125*1,6*22 Надходження товарів і послуг ІБ00-001908 від 30.04.2025 11:00:00 Глобине-2 | E146: 221 | H146: 221 | I146: 2905 | K146: Д | L146: 43286.65
A147: 30.04.2025 | B147: Переміщення товарів ІБ00-000378 від 30.04.2025 11:05:00 Перемещение ТМЦ | C147: Обл. НДС Автовимикач ВА47-29М 3р 40А Надходження товарів і послуг ІБ00-001908 від 30.04.2025 11:00:00 СПК (Глобине) | D147: Обл. НДС Автовимикач ВА47-29М 3р 40А Надходження товарів і послуг ІБ00-001908 від 30.04.2025 11:00:00 Глобине-2 | E147: 221 | H147: 221 | I147: 254.05 | K147: Д | L147: 43032.6
A148: 30.04.2025 | B148: Переміщення товарів ІБ00-000378 від 30.04.2025 11:05:00 Перемещение ТМЦ | C148: Обл. НДС Авт.вим. ВА47-29 ІЕК 3-пол.С 63А Надходження товарів і послуг ІБ00-001908 від 30.04.2025 11:00:00 СПК (Глобине) | D148: Обл. НДС Авт.вим. ВА47-29 ІЕК 3-пол.С 63А Надходження товарів і послуг ІБ00-001908 від 30.04.2025 11:00:00 Глобине-2 | E148: 221 | H148: 221 | I148: 289.3 | K148: Д | L148: 42743.3
A149: 30.04.2025 | B149: Переміщення товарів ІБ00-000378 від 30.04.2025 11:05:00 Перемещение ТМЦ | C149: Обл. НДС Автовимикач ВА47-29М 3р 25А Надходження товарів і послуг ІБ00-001908 від 30.04.2025 11:00:00 СПК (Глобине) | D149: Обл. НДС Автовимикач ВА47-29М 3р 25А Надходження товарів і послуг ІБ00-001908 від 30.04.2025 11:00:00 Глобине-2 | E149: 221 | H149: 221 | I149: 2427.5 | K149: Д | L149: 40315.8
A150: 30.04.2025 | B150: Переміщення товарів ІБ00-000378 від 30.04.2025 11:05:00 Перемещение ТМЦ | C150: Обл. НДС Перетворювач іржі 0,94 л/0,9 кг Надходження товарів і послуг ІБ00-001908 від 30.04.2025 11:00:00 СПК (Глобине) | D150: Обл. НДС Перетворювач іржі 0,94 л/0,9 кг Надходження товарів і послуг ІБ00-001908 від 30.04.2025 11:00:00 Глобине-2 | E150: 221 | H150: 221 | I150: 608 | K150: Д | L150: 39707.8
A151: 30.04.2025 | B151: Переміщення товарів ІБ00-000379 від 30.04.2025 11:05:00 Перемещение ТМЦ | C151: Обл. НДС Електроди "Моноліт РЦ" 4 мм уп. 5,0 кг Надходження товарів і послуг ІБ00-001908 від 30.04.2025 11:00:00 Резервуарний парк соєвої меляси (Глобине) | D151: Обл. НДС Електроди "Моноліт РЦ" 4 мм уп. 5,0 кг Надходження товарів і послуг ІБ00-001908 від 30.04.2025 11:00:00 Глобине-2 | E151: 221 | H151: 221 | I151: 6084.5 | K151: Д | L151: 33623.3
A152: 30.04.2025 | B152: Переміщення товарів ІБ00-000379 від 30.04.2025 11:05:00 Перемещение ТМЦ | C152: Обл. НДС Валик мультиколор 10 см Надходження товарів і послуг ІБ00-001908 від 30.04.2025 11:00:00 Резервуарний парк соєвої меляси (Глобине) | D152: Обл. НДС Валик мультиколор 10 см Надходження товарів і послуг ІБ00-001908 від 30.04.2025 11:00:00 Глобине-2 | E152: 221 | H152: 221 | I152: 195 | K152: Д | L152: 33428.3
A153: 30.04.2025 | B153: Переміщення товарів ІБ00-000379 від 30.04.2025 11:05:00 Перемещение ТМЦ | C153: Обл. НДС Ручка для валика 10 см Надходження товарів і послуг ІБ00-001908 від 30.04.2025 11:00:00 Резервуарний парк соєвої меляси (Глобине) | D153: Обл. НДС Ручка для валика 10 см Надходження товарів і послуг ІБ00-001908 від 30.04.2025 11:00:00 Глобине-2 | E153: 221 | H153: 221 | I153: 238.8 | K153: Д | L153: 33189.5
A154: 30.04.2025 | B154: Переміщення товарів ІБ00-000379 від 30.04.2025 11:05:00 Перемещение ТМЦ | C154: Обл. НДС Ванночка для валика Надходження товарів і послуг ІБ00-001908 від 30.04.2025 11:00:00 Резервуарний парк соєвої меляси (Глобине) | D154: Обл. НДС Ванночка для валика Надходження товарів і послуг ІБ00-001908 від 30.04.2025 11:00:00 Глобине-2 | E154: 221 | H154: 221 | I154: 198.15 | K154: Д | L154: 32991.35
... A172: 30.04.2025 | B172: Передача малоцінних активів в експлуатацію ІБ00-000200 від 30.04.2025 23:59:36 Списание стоимости малоценных активов | C172: Обл. НДС Виробничий (Глобине-2) Глобине-2 Амортизація ОЗ загальновиробничого призначення | D172: Обл. НДС Круг алмаз 230мм "BOSCH" граніт.мрамор.бетон.цегла Надходження товарів і послуг ІБ00-001614 від 11.04.2025 11:00:00 Глобине-2 | E172: 231 | H172: 221 | I172: 1598.85 | K172: Д | L172: 1973.6
A173: Обороти за період та сальдо на кінець | E173: 110953.43 | H173: 176143.43 | K173: Д | L173: 1973.6
J175: =SUBTOTAL(9,I3:J172) -> 90775.08

Sheet Котельна (Глобине)
A1: Період | B1: Документ | C1: Аналітика Дт | D1: Аналітика Кт | E1: Дебет | H1: Кредит | K1: Поточне сальдо
E2: Рахунок | H2: Рахунок
A3: 01.04.2025 | B3: Надходження товарів і послуг ІБ00-001609 від 01.04.2025 23:10:30 Оприходованы ТМЦ | C3: Обл. НДС Костюм "Віват" р.104-108/170-176 Надходження товарів і послуг ІБ00-001609 від 01.04.2025 23:10:30 Котельна (Глобине) | D3: БРАВО-СП ТОВ РАХУНКИ_Глобине-2 Рахунок на оплату постачальника ІБ00-001317 від 31.03.2025 10:00:00 | E3: 221 | F3: 3045 | H3: 631 | K3: Д | L3: 17957.2
A4: 03.04.2025 | B4: Передача малоцінних активів в експлуатацію ІБ00-000146 від 03.04.2025 17:41:29 Списание стоимости малоценных активов | C4: Обл. НДС Виробничий (Глобине-2) Глобине-2 Амортизація ОЗ загальновиробничого призначення | D4: Обл. НДС Круг алмазний по бетону Turbo 230 Надходження товарів і послуг ІБ00-001198 від 21.03.2025 19:26:08 Котельна (Глобине) | E4: 231 | H4: 221 | I4: 1065.9 | K4: Д | L4: 16891.3
A5: 03.04.2025 | B5: Передача малоцінних активів в експлуатацію ІБ00-000146 від 03.04.2025 17:41:29 Списание стоимости малоценных активов | C5: Обл. НДС Виробничий (Глобине-2) Глобине-2 Амортизація ОЗ загальновиробничого призначення | D5: Обл. НДС Маска "малярська пелюстка" Надходження товарів і послуг ІБ00-001046 від 12.03.2025 18:45:25 Котельна (Глобине) | E5: 231 | H5: 221 | I5: 222.5 | K5: Д | L5: 16668.8
A6: 03.04.2025 | B6: Передача малоцінних активів в експлуатацію ІБ00-000146 від 03.04.2025 17:41:29 Списание стоимости малоценных активов | C6: Обл. НДС Виробничий (Глобине-2) Глобине-2 Амортизація ОЗ загальновиробничого призначення | D6: Обл. НДС Стрейч-плівка 23 мікрон 200м (190м), брутто 2,3 кг Надходження товарів і послуг ІБ00-001198 від 21.03.2025 19:26:08 Котельна (Глобине) | E6: 231 | H6: 221 | I6: 193.35 | K6: Д | L6: 16475.45
A7: 03.04.2025 | B7: Передача малоцінних активів в експлуатацію ІБ00-000146 від 03.04.2025 17:41:29 Списание стоимости малоценных активов | C7: Обл. НДС Виробничий (Глобине-2) Глобине-2 Амортизація ОЗ загальновиробничого призначення | D7: Обл. НДС Шпатель 80 мм Надходження товарів і послуг ІБ00-001198 від 21.03.2025 19:26:08 Котельна (Глобине) | E7: 231 | H7: 221 | I7: 100 | K7: Д | L7: 16375.45
A8: 03.04.2025 | B8: Передача малоцінних активів в експлуатацію ІБ00-000146 від 03.04.2025 17:41:29 Списание стоимости малоценных активов | C8: Обл. НДС Виробничий (Глобине-2) Глобине-2 Амортизація ОЗ загальновиробничого призначення | D8: Обл. НДС Шпатель 150 Надходження товарів і послуг ІБ00-001198 від 21.03.2025 19:26:08 Котельна (Глобине) | E8: 231 | H8: 221 | I8: 93.6 | K8: Д | L8: 16281.85
A9: 03.04.2025 | B9: Передача малоцінних активів в експлуатацію ІБ00-000146 від 03.04.2025 17:41:29 Списание стоимости малоценных активов | C9: Обл. НДС Виробничий (Глобине-2) Глобине-2 Амортизація ОЗ загальновиробничого призначення | D9: Обл. НДС Рукавички трикотажні чорні ТМ Vulkan LUX, р.10 Надходження товарів і послуг ІБ00-001198 від 21.03.2025 19:26:08 Котельна (Глобине) | E9: 231 | H9: 221 | I9: 294 | K9: Д | L9: 15987.85
A10: 03.04.2025 | B10: Передача малоцінних активів в експлуатацію ІБ00-000146 від 03.04.2025 17:41:29 Списание стоимости малоценных активов | C10: Обл. НДС Виробничий (Глобине-2) Глобине-2 Амортизація ОЗ загальновиробничого призначення | D10: Обл. НДС Круг відрізний 230*2,5*22 Надходження товарів і послуг ІБ00-001198 від 21.03.2025 19:26:08 Котельна (Глобине) | E10: 231 | H10: 221 | I10: 530.5 | K10: Д | L10: 15457.35
A11: 03.04.2025 | B11: Передача малоцінних активів в експлуатацію ІБ00-000152 від 03.04.2025 17:41:46 Списание стоимости малоценных активов | C11: Обл. НДС Виробничий (Глобине-2) Глобине-2 Амортизація ОЗ загальновиробничого призначення | D11: Обл. НДС Скотч 300 м Надходження товарів і послуг ІБ00-001198 від 21.03.2025 19:26:08 Котельна (Глобине) | E11: 231 | H11: 221 | I11: 64.2 | K11: Д | L11: 15393.15
A12: 03.04.2025 | B12: Передача малоцінних активів в експлуатацію ІБ00-000152 від 03.04.2025 17:41:46 Списание стоимости малоценных активов | C12: Обл. НДС Виробничий (Глобине-2) Глобине-2 Амортизація ОЗ загальновиробничого призначення | D12: Обл. НДС Круг відрізний 230*2,5*22 Надходження товарів і послуг ІБ00-001198 від 21.03.2025 19:26:08 Котельна (Глобине) | E12: 231 | H12: 221 | I12: 530.5 | K12: Д | L12: 14862.65
A13: 03.04.2025 | B13: Передача малоцінних активів в експлуатацію ІБ00-000152 від 03.04.2025 17:41:46 Списание стоимости малоценных активов | C13: Обл. НДС Виробничий (Глобине-2) Глобине-2 Амортизація ОЗ загальновиробничого призначення | D13: Обл. НДС Рукавиці трикотажні з ПВХ Надходження товарів і послуг ІБ00-001431 від 31.03.2025 11:59:59 Котельна (Глобине) | E13: 231 | H13: 221 | I13: 294 | K13: Д | L13: 14568.65
A14: 03.04.2025 | B14: Передача малоцінних активів в експлуатацію ІБ00-000152 від 03.04.2025 17:41:46 Списание стоимости малоценных активов | C14: Обл. НДС Виробничий (Глобине-2) Глобине-2 Амортизація ОЗ загальновиробничого призначення | D14: Обл. НДС Рукавички скло/камінь черв з рифл гум надол р.10 Надходження товарів і послуг ІБ00-001431 від 31.03.2025 11:59:59 Котельна (Глобине) | E14: 231 | H14: 221 | I14: 151 | K14: Д | L14: 14417.65
A15: 09.04.2025 | B15: Переміщення товарів ІБ00-000323 від 09.04.2025 11:05:00 Перемещение ТМЦ | C15: Обл. НДС Рівень 2000мм Spirit магнітний Надходження товарів і послуг ІБ00-001613 від 09.04.2025 11:00:00 Котельна (Глобине) | D15: Обл. НДС Рівень 2000мм Spirit магнітний Надходження товарів і послуг ІБ00-001613 від 09.04.2025 11:00:00 Глобине-2 | E15: 221 | F15: 3143.1 | H15: 221 | K15: Д | L15: 17560.75
A16: 09.04.2025 | B16: Переміщення товарів ІБ00-000323 від 09.04.2025 11:05:00 Перемещение ТМЦ | C16: Обл. НДС Шнур каменяра 1,3 мм*100 м Надходження товарів і послуг ІБ00-001613 від 09.04.2025 11:00:00 Котельна (Глобине) | D16: Обл. НДС Шнур каменяра 1,3 мм*100 м Надходження товарів і послуг ІБ00-001613 від 09.04.2025 11:00:00 Глобине-2 | E16: 221 | F16: 1683 | H16: 221 | K16: Д | L16: 19243.75
A17: 09.04.2025 | B17: Переміщення товарів ІБ00-000323 від 09.04.2025 11:05:00 Перемещение ТМЦ | C17: Обл. НДС Бита Рh2 51мм Надходження товарів і послуг ІБ00-001613 від 09.04.2025 11:00:00 Котельна (Глобине) | D17: Обл. НДС Бита Рh2 51мм Надходження товарів і послуг ІБ00-001613 від 09.04.2025 11:00:00 Глобине-2 | E17: 221 | F17: 190.5 | H17: 221 | K17: Д | L17: 19434.25
A18: 09.04.2025 | B18: Переміщення товарів ІБ00-000323 від 09.04.2025 11:05:00 Перемещение ТМЦ | C18: Обл. НДС Подовжувач і магнітний для біт М8*65 д/6гр.гл Надходження товарів і послуг ІБ00-001613 від 09.04.2025 11:00:00 Котельна (Глобине) | D18: Обл. НДС Подовжувач і магнітний для біт М8*65 д/6гр.гл Надходження товарів і послуг ІБ00-001613 від 09.04.2025 11:00:00 Глобине-2 | E18: 221 | F18: 204.25 | H18: 221 | K18: Д | L18: 19638.5
A19: 09.04.2025 | B19: Переміщення товарів ІБ00-000323 від 09.04.2025 11:05:00 Перемещение ТМЦ | C19: Обл. НДС Рулетка 10 м*25 мм Надходження товарів і послуг ІБ00-001613 від 09.04.2025 11:00:00 Котельна (Глобине) | D19: Обл. НДС Рулетка 10 м*25 мм Надходження товарів і послуг ІБ00-001613 від 09.04.2025 11:00:00 Глобине-2 | E19: 221 | F19: 990.75 | H19: 221 | K19: Д | L19: 20629.25
A20: 29.04.2025 | B20: Передача малоцінних активів в експлуатацію ІБ00-000179 від 29.04.2025 16:19:37 Списание стоимости малоценных активов | C20: Обл. НДС Виробничий (Глобине-2) Глобине-2 Амортизація ОЗ загальновиробничого призначення | D20: Обл. НДС Распіратор FFP2 з клапаном Надходження товарів і послуг ІБ00-001431 від 31.03.2025 11:59:59 Котельна (Глобине) | E20: 231 | H20: 221 | I20: 167 | K20: Д | L20: 20462.25
A21: 29.04.2025 | B21: Передача малоцінних активів в експлуатацію ІБ00-000179 від 29.04.2025 16:19:37 Списание стоимости малоценных активов | C21: Обл. НДС Виробничий (Глобине-2) Глобине-2 Амортизація ОЗ загальновиробничого призначення | D21: Обл. НДС Рулетка 10 м*25 мм Надходження товарів і послуг ІБ00-001613 від 09.04.2025 11:00:00 Котельна (Глобине) | E21: 231 | H21: 221 | I21: 396.3 | K21: Д | L21: 20065.95
A22: 29.04.2025 | B22: Передача малоцінних активів в експлуатацію ІБ00-000179 від 29.04.2025 16:19:37 Списание стоимости малоценных активов | C22: Обл. НДС Виробничий (Глобине-2) Глобине-2 Амортизація ОЗ загальновиробничого призначення | D22: Обл. НДС Шнур каменяра 1,3 мм*100 м Надходження товарів і послуг ІБ00-001613 від 09.04.2025 11:00:00 Котельна (Глобине) | E22: 231 | H22: 221 | I22: 504.9 | K22: Д | L22: 19561.05
A23: 30.04.2025 | B23: Передача малоцінних активів в експлуатацію ІБ00-000204 від 30.04.2025 10:00:00 Списание стоимости малоценных активов | C23: Обл. НДС Виробничий (Глобине-2) Глобине-2 Амортизація ОЗ загальновиробничого призначення | D23: Обл. НДС Бита Рh2 51мм Надходження товарів і послуг ІБ00-001613 від 09.04.2025 11:00:00 Котельна (Глобине) | E23: 231 | H23: 221 | I23: 190.5 | K23: Д | L23: 19370.55
A24: 30.04.2025 | B24: Передача малоцінних активів в експлуатацію ІБ00-000204 від 30.04.2025 10:00:00 Списание стоимости малоценных активов | C24: Обл. НДС Виробничий (Глобине-2) Глобине-2 Амортизація ОЗ загальновиробничого призначення | D24: Обл. НДС Головка удлинен 3/4" 30мм Надходження товарів і послуг ІБ00-001375 від 28.03.2025 20:00:12 Котельна (Глобине) | E24: 231 | H24: 221 | I24: 804.05 | K24: Д | L24: 18566.5
A25: 30.04.2025 | B25: Передача малоцінних активів в експлуатацію ІБ00-000204 від 30.04.2025 10:00:00 Списание стоимости малоценных активов | C25: Обл. НДС Виробничий (Глобине-2) Глобине-2 Амортизація ОЗ загальновиробничого призначення | D25: Обл. НДС Рівень 2000мм Spirit магнітний Надходження товарів і послуг ІБ00-001613 від 09.04.2025 11:00:00 Котельна (Глобине) | E25: 231 | H25: 221 | I25: 1571.55 | K25: Д | L25: 16994.95
A26: 30.04.2025 | B26: Передача малоцінних активів в експлуатацію ІБ00-000204 від 30.04.2025 10:00:00 Списание стоимости малоценных активов | C26: Обл. НДС Виробничий (Глобине-2) Глобине-2 Амортизація ОЗ загальновиробничого призначення | D26: Обл. НДС Рулетка 10 м*25 мм Надходження товарів і послуг ІБ00-001613 від 09.04.2025 11:00:00 Котельна (Глобине) | E26: 231 | H26: 221 | I26: 594.45 | K26: Д | L26: 16400.5
A27: 30.04.2025 | B27: Передача малоцінних активів в експлуатацію ІБ00-000205 від 30.04.2025 10:00:00 Списание стоимости малоценных активов | C27: Обл. НДС Виробничий (Глобине-2) Глобине-2 Амортизація ОЗ загальновиробничого призначення | D27: Обл. НДС Патрон монтаж. 6,8*11 мм червоні Надходження товарів і послуг ІБ00-000506 від 04.02.2025 17:50:27 Котельна (Глобине) | E27: 231 | H27: 221 | I27: 3591.68 | K27: Д | L27: 12808.82
A28: 30.04.2025 | B28: Передача малоцінних активів в експлуатацію ІБ00-000207 від 30.04.2025 10:00:00 Списание стоимости малоценных активов | C28: Обл. НДС Виробничий (Глобине-2) Глобине-2 Амортизація ОЗ загальновиробничого призначення | D28: Обл. НДС Подовжувач і магнітний для біт М8*65 д/6гр.гл Надходження товарів і послуг ІБ00-001613 від 09.04.2025 11:00:00 Котельна (Глобине) | E28: 231 | H28: 221 | I28: 204.25 | K28: Д | L28: 12604.57
A29: 30.04.2025 | B29: Передача малоцінних активів в експлуатацію ІБ00-000207 від 30.04.2025 10:00:00 Списание стоимости малоценных активов | C29: Обл. НДС Виробничий (Глобине-2) Глобине-2 Амортизація ОЗ загальновиробничого призначення | D29: Обл. НДС Рівень 2000мм Spirit магнітний Надходження товарів і послуг ІБ00-001613 від 09.04.2025 11:00:00 Котельна (Глобине) | E29: 231 | H29: 221 | I29: 1571.55 | K29: Д | L29: 11033.02
A30: 30.04.2025 | B30: Передача малоцінних активів в експлуатацію ІБ00-000208 від 30.04.2025 23:59:48 Списание стоимости малоценных активов | C30: Обл. НДС Виробничий (Глобине-2) Глобине-2 Амортизація ОЗ загальновиробничого призначення | D30: Обл. НДС Черевики з метноском р 43 Надходження товарів і послуг ІБ00-001202 від 14.03.2025 17:51:05 Котельна (Глобине) | E30: 231 | H30: 221 | I30: 988.35 | K30: Д | L30: 10044.67
A31: Обороти за період та сальдо на кінець | E31: 9256.6 | H31: 14124.13 | K31: Д | L31: 10044.67
J33: =SUBTOTAL(9,I4:J30) -> 14124.13

Sheet Насосна Градирня
A1: Період | B1: Документ | C1: Аналітика Дт | D1: Аналітика Кт | E1: Дебет | H1: Кредит | K1: Поточне сальдо
E2: Рахунок | H2: Рахунок
A3: 01.04.2025 | B3: Надходження товарів і послуг ІБ00-001610 від 01.04.2025 23:10:31 Оприходованы ТМЦ | C3: Обл. НДС Костюм "Віват" р.104-108/170-176 Надходження товарів і послуг ІБ00-001610 від 01.04.2025 23:10:31 Насосна Градирня (Глобине) | D3: БРАВО-СП ТОВ РАХУНКИ_Глобине-2 Рахунок на оплату постачальника ІБ00-001317 від 31.03.2025 10:00:00 | E3: 221 | F3: 3045 | H3: 631 | K3: Д | L3: 3963.8
A4: 04.04.2025 | B4: Надходження товарів і послуг ІБ00-001433 від 04.04.2025 11:24:02 Оприходованы ТМЦ | C4: Обл. НДС Валик малярний Надходження товарів і послуг ІБ00-001433 від 04.04.2025 11:24:02 Насосна Градирня (Глобине) | D4: АЛЬЦЕСТ ПАТ Рахунки_Глобине-2 Рахунок на оплату постачальника ІБ00-001134 від 03.04.2025 10:00:00 | E4: 221 | F4: 110.25 | H4: 631 | K4: Д | L4: 4074.05
A5: 04.04.2025 | B5: Надходження товарів і послуг ІБ00-001433 від 04.04.2025 11:24:02 Оприходованы ТМЦ | C5: Обл. НДС Ручка для валика 6х100 Надходження товарів і послуг ІБ00-001433 від 04.04.2025 11:24:02 Насосна Градирня (Глобине) | D5: АЛЬЦЕСТ ПАТ Рахунки_Глобине-2 Рахунок на оплату постачальника ІБ00-001134 від 03.04.2025 10:00:00 | E5: 221 | F5: 75.75 | H5: 631 | K5: Д | L5: 4149.8
A6: 04.04.2025 | B6: Надходження товарів і послуг ІБ00-001433 від 04.04.2025 11:24:02 Оприходованы ТМЦ | C6: Обл. НДС Пензель флейцевий Надходження товарів і послуг ІБ00-001433 від 04.04.2025 11:24:02 Насосна Градирня (Глобине) | D6: АЛЬЦЕСТ ПАТ Рахунки_Глобине-2 Рахунок на оплату постачальника ІБ00-001134 від 03.04.2025 10:00:00 | E6: 221 | F6: 72 | H6: 631 | K6: Д | L6: 4221.8
A7: 30.04.2025 | B7: Передача малоцінних активів в експлуатацію ІБ00-000196 від 30.04.2025 23:59:24 Списание стоимости малоценных активов | C7: Обл. НДС Виробничий (Глобине-2) Глобине-2 Амортизація ОЗ загальновиробничого призначення | D7: Обл. НДС Костюм "Віват" р.104-108/170-176 Надходження товарів і послуг ІБ00-001610 від 01.04.2025 23:10:31 Насосна Градирня (Глобине) | E7: 231 | H7: 221 | I7: 3045 | K7: Д | L7: 1176.8
A8: 30.04.2025 | B8: Передача малоцінних активів в експлуатацію ІБ00-000198 від 30.04.2025 23:59:30 Списание стоимости малоценных активов | C8: Обл. НДС Виробничий (Глобине-2) Глобине-2 Амортизація ОЗ загальновиробничого призначення | D8: Обл. НДС Рукавиці трикотажні з ПВХ Надходження товарів і послуг ІБ00-001431 від 31.03.2025 11:59:59 Насосна Градирня (Глобине) | E8: 231 | H8: 221 | I8: 294 | K8: Д | L8: 882.8
A9: 30.04.2025 | B9: Передача малоцінних активів в експлуатацію ІБ00-000198 від 30.04.2025 23:59:30 Списание стоимости малоценных активов | C9: Обл. НДС Виробничий (Глобине-2) Глобине-2 Амортизація ОЗ загальновиробничого призначення | D9: Обл. НДС Рукавички скло/камінь черв з рифл гум надол р.10 Надходження товарів і послуг ІБ00-001431 від 31.03.2025 11:59:59 Насосна Градирня (Глобине) | E9: 231 | H9: 221 | I9: 151 | K9: Д | L9: 731.8
A10: 30.04.2025 | B10: Передача малоцінних активів в експлуатацію ІБ00-000198 від 30.04.2025 23:59:30 Списание стоимости малоценных активов | C10: Обл. НДС Виробничий (Глобине-2) Глобине-2 Амортизація ОЗ загальновиробничого призначення | D10: Обл. НДС Ручка для валика 6х100 Надходження товарів і послуг ІБ00-001433 від 04.04.2025 11:24:02 Насосна Градирня (Глобине) | E10: 231 | H10: 221 | I10: 75.75 | K10: Д | L10: 656.05
A11: 30.04.2025 | B11: Передача малоцінних активів в експлуатацію ІБ00-000198 від 30.04.2025 23:59:30 Списание стоимости малоценных активов | C11: Обл. НДС Виробничий (Глобине-2) Глобине-2 Амортизація ОЗ загальновиробничого призначення | D11: Обл. НДС Валик малярний Надходження товарів і послуг ІБ00-001433 від 04.04.2025 11:24:02 Насосна Градирня (Глобине) | E11: 231 | H11: 221 | I11: 110.25 | K11: Д | L11: 545.8
A12: 30.04.2025 | B12: Передача малоцінних активів в експлуатацію ІБ00-000199 від 30.04.2025 23:59:35 Списание стоимости малоценных активов | C12: Обл. НДС Виробничий (Глобине-2) Глобине-2 Амортизація ОЗ загальновиробничого призначення | D12: Обл. НДС Пензель 50мм Надходження товарів і послуг ІБ00-001431 від 31.03.2025 11:59:59 Насосна Градирня (Глобине) | E12: 231 | H12: 221 | I12: 136.8 | K12: Д | L12: 409
A13: 30.04.2025 | B13: Передача малоцінних активів в експлуатацію ІБ00-000199 від 30.04.2025 23:59:35 Списание стоимости малоценных активов | C13: Обл. НДС Виробничий (Глобине-2) Глобине-2 Амортизація ОЗ загальновиробничого призначення | D13: Обл. НДС Пензель плаский Євро 80мм пластик.ручка Надходження товарів і послуг ІБ00-001198 від 21.03.2025 19:26:08 Насосна Градирня (Глобине) | E13: 231 | H13: 221 | I13: 170 | K13: Д | L13: 239
A14: 30.04.2025 | B14: Передача малоцінних активів в експлуатацію ІБ00-000199 від 30.04.2025 23:59:35 Списание стоимости малоценных активов | C14: Обл. НДС Виробничий (Глобине-2) Глобине-2 Амортизація ОЗ загальновиробничого призначення | D14: Обл. НДС Пензель флейцевий Надходження товарів і послуг ІБ00-001433 від 04.04.2025 11:24:02 Насосна Градирня (Глобине) | E14: 231 | H14: 221 | I14: 72 | K14: Д | L14: 167
A15: 30.04.2025 | B15: Передача малоцінних активів в експлуатацію ІБ00-000199 від 30.04.2025 23:59:35 Списание стоимости малоценных активов | C15: Обл. НДС Виробничий (Глобине-2) Глобине-2 Амортизація ОЗ загальновиробничого призначення | D15: Обл. НДС Распіратор FFP2 з клапаном Надходження товарів і послуг ІБ00-001431 від 31.03.2025 11:59:59 Насосна Градирня (Глобине) | E15: 231 | H15: 221 | I15: 167
A16: Обороти за період та сальдо на кінець | E16: 3303 | H16: 4221.8 | L16: 0
J18: =SUBTOTAL(9,I7:J15) -> 4221.8

Sheet Підготовчі роботи
A1: Період | B1: Документ | C1: Аналітика Дт | D1: Аналітика Кт | E1: Дебет | H1: Кредит | K1: Поточне сальдо
E2: Рахунок | H2: Рахунок
A3: 01.04.2025 | B3: Надходження товарів і послуг ІБ00-001800 від 01.04.2025 11:00:00 Оприходованы ТМЦ (Зачет аванса поставщику) | C3: Обл. НДС Замок навісний Надходження товарів і послуг ІБ00-001800 від 01.04.2025 11:00:00 Підготовчі роботи та тимчасові споруди (Глобине) | D3: Дудкін О.В. ФОП РАХУНКИ_Глобине-2 Рахунок на оплату постачальника ІБ00-004787 від 01.11.2024 20:00:52 | E3: 221 | F3: 260 | H3: 631 | K3: Д | L3: 4264.2
A4: 01.04.2025 | B4: Надходження товарів і послуг ІБ00-001800 від 01.04.2025 11:00:00 Оприходованы ТМЦ (Зачет аванса поставщику) | C4: Обл. НДС Замок навісний Надходження товарів і послуг ІБ00-001800 від 01.04.2025 11:00:00 Підготовчі роботи та тимчасові споруди (Глобине) | D4: Дудкін О.В. ФОП РАХУНКИ_Глобине-2 Рахунок на оплату постачальника ІБ00-004787 від 01.11.2024 20:00:52 | E4: 221 | F4: 200 | H4: 631 | K4: Д | L4: 4464.2
A5: 30.04.2025 | B5: Передача малоцінних активів в експлуатацію ІБ00-000210 від 30.04.2025 10:59:54 Списание стоимости малоценных активов | C5: Обл. НДС Виробничий (Глобине-2) Глобине-2 Амортизація ОЗ загальновиробничого призначення | D5: Обл. НДС Cвітильник стельовий світлодіодний ENERLIGHT 40Вт 4000К Надходження товарів і послуг ІБ00-005751 від 01.11.2024 19:58:27 Підготовчі роботи та тимчасові споруди (Глобине) | E5: 231 | H5: 221 | I5: 445.6 | K5: Д | L5: 4018.6
A6: 30.04.2025 | B6: Передача малоцінних активів в експлуатацію ІБ00-000210 від 30.04.2025 10:59:54 Списание стоимости малоценных активов | C6: Обл. НДС Виробничий (Глобине-2) Глобине-2 Амортизація ОЗ загальновиробничого призначення | D6: Обл. НДС Вилка пряма з з/к,ІР44 Надходження товарів і послуг ІБ00-001198 від 21.03.2025 19:26:08 Підготовчі роботи та тимчасові споруди (Глобине) | E6: 231 | H6: 221 | I6: 430 | K6: Д | L6: 3588.6
A7: 30.04.2025 | B7: Передача малоцінних активів в експлуатацію ІБ00-000210 від 30.04.2025 10:59:54 Списание стоимости малоценных активов | C7: Обл. НДС Виробничий (Глобине-2) Глобине-2 Амортизація ОЗ загальновиробничого призначення | D7: Обл. НДС Замок навісний Надходження товарів і послуг ІБ00-001800 від 01.04.2025 11:00:00 Підготовчі роботи та тимчасові споруди (Глобине) | E7: 231 | H7: 221 | I7: 460 | K7: Д | L7: 3128.6
A8: 30.04.2025 | B8: Передача малоцінних активів в експлуатацію ІБ00-000210 від 30.04.2025 10:59:54 Списание стоимости малоценных активов | C8: Обл. НДС Виробничий (Глобине-2) Глобине-2 Амортизація ОЗ загальновиробничого призначення | D8: Обл. НДС Ізоляційна стрічка 0,18*0,19мм, 20 м Надходження товарів і послуг ІБ00-001198 від 21.03.2025 19:26:08 Підготовчі роботи та тимчасові споруди (Глобине) | E8: 231 | H8: 221 | I8: 201.9 | K8: Д | L8: 2926.7
A9: 30.04.2025 | B9: Передача малоцінних активів в експлуатацію ІБ00-000210 від 30.04.2025 10:59:54 Списание стоимости малоценных активов | C9: Обл. НДС Виробничий (Глобине-2) Глобине-2 Амортизація ОЗ загальновиробничого призначення | D9: Обл. НДС Касета-розетка 3гн, з/к з кришками Омега ІР44 16А Надходження товарів і послуг ІБ00-001198 від 21.03.2025 19:26:08 Підготовчі роботи та тимчасові споруди (Глобине) | E9: 231 | H9: 221 | I9: 2232 | K9: Д | L9: 694.7
A10: 30.04.2025 | B10: Передача малоцінних активів в експлуатацію ІБ00-000210 від 30.04.2025 10:59:54 Списание стоимости малоценных активов | C10: Обл. НДС Виробничий (Глобине-2) Глобине-2 Амортизація ОЗ загальновиробничого призначення | D10: Обл. НДС Світильник лінійний світлодіод ІР65 36W 6500K (1.2m) SLIM Надходження товарів і послуг ІБ00-005751 від 01.11.2024 19:58:27 Підготовчі роботи та тимчасові споруди (Глобине) | E10: 231 | H10: 221 | I10: 694.7
A11: Обороти за період та сальдо на кінець | E11: 460 | H11: 4464.2 | L11: 0
J14: =SUBTOTAL(9,I5:J10) -> 4464.2

Sheet Пожежений резервуар
A1: Період | B1: Документ | C1: Аналітика Дт | D1: Аналітика Кт | E1: Дебет | H1: Кредит | K1: Поточне сальдо
E2: Рахунок | H2: Рахунок
A3: 18.04.2025 | B3: Переміщення товарів ІБ00-000342 від 18.04.2025 11:05:00 Перемещение ТМЦ | C3: Обл. НДС Вилка пряма з з/к,ІР44 Надходження товарів і послуг ІБ00-001740 від 18.04.2025 11:00:00 Пожежений резервуар (Глобине) | D3: Обл. НДС Вилка пряма з з/к,ІР44 Надходження товарів і послуг ІБ00-001740 від 18.04.2025 11:00:00 Глобине-2 | E3: 221 | F3: 268.75 | H3: 221 | K3: Д | L3: 1168.75
A4: 18.04.2025 | B4: Переміщення товарів ІБ00-000342 від 18.04.2025 11:05:00 Перемещение ТМЦ | C4: Обл. НДС Касета-розетка 3гн, з/к з кришками Омега ІР44 16А Надходження товарів і послуг ІБ00-001740 від 18.04.2025 11:00:00 Пожежений резервуар (Глобине) | D4: Обл. НДС Касета-розетка 3гн, з/к з кришками Омега ІР44 16А Надходження товарів і послуг ІБ00-001740 від 18.04.2025 11:00:00 Глобине-2 | E4: 221 | F4: 1116 | H4: 221 | K4: Д | L4: 2284.75
A5: 18.04.2025 | B5: Переміщення товарів ІБ00-000342 від 18.04.2025 11:05:00 Перемещение ТМЦ | C5: Обл. НДС Провід ПВС 3*2,5 бухта 100м Надходження товарів і послуг ІБ00-001740 від 18.04.2025 11:00:00 Пожежений резервуар (Глобине) | D5: Обл. НДС Провід ПВС 3*2,5 бухта 100м Надходження товарів і послуг ІБ00-001740 від 18.04.2025 11:00:00 Глобине-2 | E5: 221 | F5: 4461.45 | H5: 221 | K5: Д | L5: 6746.2
A6: 18.04.2025 | B6: Переміщення товарів ІБ00-000342 від 18.04.2025 11:05:00 Перемещение ТМЦ | C6: Обл. НДС Круг відрізний 230*2.5*22 увігнутий Надходження товарів і послуг ІБ00-001740 від 18.04.2025 11:00:00 Пожежений резервуар (Глобине) | D6: Обл. НДС Круг відрізний 230*2.5*22 увігнутий Надходження товарів і послуг ІБ00-001740 від 18.04.2025 11:00:00 Глобине-2 | E6: 221 | F6: 1410 | H6: 221 | K6: Д | L6: 8156.2
A7: 30.04.2025 | B7: Передача малоцінних активів в експлуатацію ІБ00-000203 від 30.04.2025 10:00:00 Списание стоимости малоценных активов | C7: Обл. НДС Виробничий (Глобине-2) Глобине-2 Амортизація ОЗ загальновиробничого призначення | D7: Обл. НДС Вилка пряма з з/к,ІР44 Надходження товарів і послуг ІБ00-001740 від 18.04.2025 11:00:00 Пожежений резервуар (Глобине) | E7: 231 | H7: 221 | I7: 268.75 | K7: Д | L7: 7887.45
A8: 30.04.2025 | B8: Передача малоцінних активів в експлуатацію ІБ00-000203 від 30.04.2025 10:00:00 Списание стоимости малоценных активов | C8: Обл. НДС Виробничий (Глобине-2) Глобине-2 Амортизація ОЗ загальновиробничого призначення | D8: Обл. НДС Електрод плазменний до Р80 Надходження товарів і послуг ІБ00-001295 від 28.03.2025 18:00:01 Пожежений резервуар (Глобине) | E8: 231 | H8: 221 | I8: 470 | K8: Д | L8: 7417.45
A9: 30.04.2025 | B9: Передача малоцінних активів в експлуатацію ІБ00-000203 від 30.04.2025 10:00:00 Списание стоимости малоценных активов | C9: Обл. НДС Виробничий (Глобине-2) Глобине-2 Амортизація ОЗ загальновиробничого призначення | D9: Обл. НДС Касета-розетка 3гн, з/к з кришками Омега ІР44 16А Надходження товарів і послуг ІБ00-001740 від 18.04.2025 11:00:00 Пожежений резервуар (Глобине) | E9: 231 | H9: 221 | I9: 1116 | K9: Д | L9: 6301.45
A10: 30.04.2025 | B10: Передача малоцінних активів в експлуатацію ІБ00-000203 від 30.04.2025 10:00:00 Списание стоимости малоценных активов | C10: Обл. НДС Виробничий (Глобине-2) Глобине-2 Амортизація ОЗ загальновиробничого призначення | D10: Обл. НДС Круг відрізний 230*2.5*22 увігнутий Надходження товарів і послуг ІБ00-001740 від 18.04.2025 11:00:00 Пожежений резервуар (Глобине) | E10: 231 | H10: 221 | I10: 1410 | K10: Д | L10: 4891.45
A11: 30.04.2025 | B11: Передача малоцінних активів в експлуатацію ІБ00-000203 від 30.04.2025 10:00:00 Списание стоимости малоценных активов | C11: Обл. НДС Виробничий (Глобине-2) Глобине-2 Амортизація ОЗ загальновиробничого призначення | D11: Обл. НДС Сопло до плазмотрону Р-80-1,7 Надходження товарів і послуг ІБ00-001295 від 28.03.2025 18:00:01 Пожежений резервуар (Глобине) | E11: 231 | H11: 221 | I11: 430 | K11: Д | L11: 4461.45
A12: 30.04.2025 | B12: Передача малоцінних активів в експлуатацію ІБ00-000203 від 30.04.2025 10:00:00 Списание стоимости малоценных активов | C12: Обл. НДС Виробничий (Глобине-2) Глобине-2 Амортизація ОЗ загальновиробничого призначення | D12: Обл. НДС Провід ПВС 3*2,5 бухта 100м Надходження товарів і послуг ІБ00-001740 від 18.04.2025 11:00:00 Пожежений резервуар (Глобине) | E12: 231 | H12: 221 | I12: 4461.45
A13: Обороти за період та сальдо на кінець | E13: 7256.2 | H13: 8156.2 | L13: 0
J15: =SUBTOTAL(9,I7:J12) -> 8156.2

Sheet Пункт фасування
A1: Період | B1: Документ | C1: Аналітика Дт | D1: Аналітика Кт | E1: Дебет | H1: Кредит | K1: Поточне сальдо
E2: Рахунок | H2: Рахунок
A3: 03.04.2025 | B3: Передача малоцінних активів в експлуатацію ІБ00-000151 від 03.04.2025 16:36:23 Списание стоимости малоценных активов | C3: Обл. НДС Виробничий (Глобине-2) Глобине-2 Амортизація ОЗ загальновиробничого призначення | D3: Обл. НДС Електроди "Моноліт РЦ" 4 мм уп. 5,0 кг Надходження товарів і послуг ІБ00-000711 від 18.02.2025 20:00:44 Пункт фасування та зберігання в бігбегах (Глобине) | E3: 231 | H3: 221 | I3: 1216.9 | K3: Д | L3: 54112.25
A4: 03.04.2025 | B4: Передача малоцінних активів в експлуатацію ІБ00-000151 від 03.04.2025 16:36:23 Списание стоимости малоценных активов | C4: Обл. НДС Виробничий (Глобине-2) Глобине-2 Амортизація ОЗ загальновиробничого призначення | D4: Обл. НДС Краги зварювальника Надходження товарів і послуг ІБ00-001198 від 21.03.2025 19:26:08 Пункт фасування та зберігання в бігбегах (Глобине) | E4: 231 | H4: 221 | I4: 257.9 | K4: Д | L4: 53854.35
A5: 03.04.2025 | B5: Передача малоцінних активів в експлуатацію ІБ00-000151 від 03.04.2025 16:36:23 Списание стоимости малоценных активов | C5: Обл. НДС Виробничий (Глобине-2) Глобине-2 Амортизація ОЗ загальновиробничого призначення | D5: Обл. НДС Круг відрізний 230*2,5*22 Надходження товарів і послуг ІБ00-001198 від 21.03.2025 19:26:08 Пункт фасування та зберігання в бігбегах (Глобине) | E5: 231 | H5: 221 | I5: 636.6 | K5: Д | L5: 53217.75
A6: 03.04.2025 | B6: Передача малоцінних активів в експлуатацію ІБ00-000151 від 03.04.2025 16:36:23 Списание стоимости малоценных активов | C6: Обл. НДС Виробничий (Глобине-2) Глобине-2 Амортизація ОЗ загальновиробничого призначення | D6: Обл. НДС Круг відрізний по металу 125*1,6*22,2 Надходження товарів і послуг ІБ00-001198 від 21.03.2025 19:26:08 Пункт фасування та зберігання в бігбегах (Глобине) | E6: 231 | H6: 221 | I6: 145.25 | K6: Д | L6: 53072.5
A7: 03.04.2025 | B7: Передача малоцінних активів в експлуатацію ІБ00-000151 від 03.04.2025 16:36:23 Списание стоимости малоценных активов | C7: Обл. НДС Виробничий (Глобине-2) Глобине-2 Амортизація ОЗ загальновиробничого призначення | D7: Обл. НДС Рукавички трикотажні чорні ТМ Vulkan LUX, р.10 Надходження товарів і послуг ІБ00-001198 від 21.03.2025 19:26:08 Пункт фасування та зберігання в бігбегах (Глобине) | E7: 231 | H7: 221 | I7: 294 | K7: Д | L7: 52778.5
A8: 03.04.2025 | B8: Передача малоцінних активів в експлуатацію ІБ00-000151 від 03.04.2025 16:36:23 Списание стоимости малоценных активов | C8: Обл. НДС Виробничий (Глобине-2) Глобине-2 Амортизація ОЗ загальновиробничого призначення | D8: Обл. НДС Рулетка 5 м*19 мм Надходження товарів і послуг ІБ00-001198 від 21.03.2025 19:26:08 Пункт фасування та зберігання в бігбегах (Глобине) | E8: 231 | H8: 221 | I8: 95.85 | K8: Д | L8: 52682.65
A9: 03.04.2025 | B9: Передача малоцінних активів в експлуатацію ІБ00-000151 від 03.04.2025 16:36:23 Списание стоимости малоценных активов | C9: Обл. НДС Виробничий (Глобине-2) Глобине-2 Амортизація ОЗ загальновиробничого призначення | D9: Обл. НДС Щітка чашкова 65мм для УШМ, М14 гофров дріт Надходження товарів і послуг ІБ00-001198 від 21.03.2025 19:26:08 Пункт фасування та зберігання в бігбегах (Глобине) | E9: 231 | H9: 221 | I9: 625 | K9: Д | L9: 52057.65
A10: 09.04.2025 | B10: Надходження товарів і послуг ІБ00-001713 від 09.04.2025 12:59:59 Оприходованы ТМЦ | C10: Обл. НДС Жилет сигнальний Надходження товарів і послуг ІБ00-001713 від 09.04.2025 12:59:59 Пункт фасування та зберігання в бігбегах (Глобине) | D10: БРАВО-СП ТОВ РАХУНКИ_Глобине-2 Рахунок на оплату постачальника ІБ00-001397 від 08.04.2025 23:12:01 | E10: 221 | F10: 3336.6 | H10: 631 | K10: Д | L10: 55394.25
A11: 10.04.2025 | B11: Надходження товарів і послуг ІБ00-001714 від 10.04.2025 11:00:00 Оприходованы ТМЦ | C11: Обл. НДС Костюм зварювальника брезент. ОП з посиленнями р.104-108/170-176 Надходження товарів і послуг ІБ00-001714 від 10.04.2025 11:00:00 Пункт фасування та зберігання в бігбегах (Глобине) | D11: БРАВО-СП ТОВ РАХУНКИ_Глобине-2 Рахунок на оплату постачальника ІБ00-001397 від 08.04.2025 23:12:01 | E11: 221 | F11: 2582.5 | H11: 631 | K11: Д | L11: 57976.75
A12: 29.04.2025 | B12: Передача малоцінних активів в експлуатацію ІБ00-000178 від 29.04.2025 16:06:39 Списание стоимости малоценных активов | C12: Обл. НДС Виробничий (Глобине-2) Глобине-2 Амортизація ОЗ загальновиробничого призначення | D12: Обл. НДС Круг відрізний 230*2,5*22 Надходження товарів і послуг ІБ00-001198 від 21.03.2025 19:26:08 Пункт фасування та зберігання в бігбегах (Глобине) | E12: 231 | H12: 221 | I12: 424.4 | K12: Д | L12: 57552.35
A13: 29.04.2025 | B13: Передача малоцінних активів в експлуатацію ІБ00-000178 від 29.04.2025 16:06:39 Списание стоимости малоценных активов | C13: Обл. НДС Виробничий (Глобине-2) Глобине-2 Амортизація ОЗ загальновиробничого призначення | D13: Обл. НДС Рукавиці трикотажні з ПВХ Надходження товарів і послуг ІБ00-001431 від 31.03.2025 11:59:59 Пункт фасування та зберігання в бігбегах (Глобине) | E13: 231 | H13: 221 | I13: 294 | K13: Д | L13: 57258.35
A14: 29.04.2025 | B14: Передача малоцінних активів в експлуатацію ІБ00-000178 від 29.04.2025 16:06:39 Списание стоимости малоценных активов | C14: Обл. НДС Виробничий (Глобине-2) Глобине-2 Амортизація ОЗ загальновиробничого призначення | D14: Обл. НДС Рукавички скло/камінь черв з рифл гум надол р.10 Надходження товарів і послуг ІБ00-001431 від 31.03.2025 11:59:59 Пункт фасування та зберігання в бігбегах (Глобине) | E14: 231 | H14: 221 | I14: 151 | K14: Д | L14: 57107.35
A15: 29.04.2025 | B15: Передача малоцінних активів в експлуатацію ІБ00-000178 від 29.04.2025 16:06:39 Списание стоимости малоценных активов | C15: Обл. НДС Виробничий (Глобине-2) Глобине-2 Амортизація ОЗ загальновиробничого призначення | D15: Обл. НДС Ручка для валика Надходження товарів і послуг ІБ00-001198 від 21.03.2025 19:26:08 Пункт фасування та зберігання в бігбегах (Глобине) | E15: 231 | H15: 221 | I15: 136.5 | K15: Д | L15: 56970.85
A16: 29.04.2025 | B16: Передача малоцінних активів в експлуатацію ІБ00-000178 від 29.04.2025 16:06:39 Списание стоимости малоценных активов | C16: Обл. НДС Виробничий (Глобине-2) Глобине-2 Амортизація ОЗ загальновиробничого призначення | D16: Обл. НДС Валик 48*180 мм Надходження товарів і послуг ІБ00-001198 від 21.03.2025 19:26:08 Пункт фасування та зберігання в бігбегах (Глобине) | E16: 231 | H16: 221 | I16: 61.7 | K16: Д | L16: 56909.15
A17: 30.04.2025 | B17: Передача малоцінних активів в експлуатацію ІБ00-000201 від 30.04.2025 10:00:00 Списание стоимости малоценных активов | C17: Обл. НДС Виробничий (Глобине-2) Глобине-2 Амортизація ОЗ загальновиробничого призначення | D17: Обл. НДС Електроди "Моноліт РЦ" ф3 мм уп/2,5кг Надходження товарів і послуг ІБ00-000976 від 07.03.2025 19:00:34 Пункт фасування та зберігання в бігбегах (Глобине) | E17: 231 | H17: 221 | I17: 2276 | K17: Д | L17: 54633.15
A18: 30.04.2025 | B18: Передача малоцінних активів в експлуатацію ІБ00-000201 від 30.04.2025 10:00:00 Списание стоимости малоценных активов | C18: Обл. НДС Виробничий (Глобине-2) Глобине-2 Амортизація ОЗ загальновиробничого призначення | D18: Обл. НДС Скотч 48 ммх100 м.п. Надходження товарів і послуг ІБ00-000748 від 25.02.2025 18:19:56 Пункт фасування та зберігання в бігбегах (Глобине) | E18: 231 | H18: 221 | I18: 75.6 | K18: Д | L18: 54557.55
A19: 30.04.2025 | B19: Передача малоцінних активів в експлуатацію ІБ00-000202 від 30.04.2025 10:00:00 Списание стоимости малоценных активов | C19: Обл. НДС Виробничий (Глобине-2) Глобине-2 Амортизація ОЗ загальновиробничого призначення | D19: Обл. НДС Електроди д. 4 мм "Моноліт РЦ" (5 кг) (Україна) Надходження товарів і послуг ІБ00-001198 від 21.03.2025 19:26:08 Пункт фасування та зберігання в бігбегах (Глобине) | E19: 231 | H19: 221 | I19: 973.52 | K19: Д | L19: 53584.03
A20: Обороти за період та сальдо на кінець | E20: 5919.1 | H20: 7664.22 | K20: Д | L20: 53584.03
J22: =SUBTOTAL(9,I3:J19) -> 7664.22

Sheet зберігання розчинника
A1: Період | B1: Документ | C1: Аналітика Дт | D1: Аналітика Кт | E1: Дебет | H1: Кредит | K1: Поточне сальдо
E2: Рахунок | H2: Рахунок
A3: 03.04.2025 | B3: Передача малоцінних активів в експлуатацію ІБ00-000153 від 03.04.2025 17:41:52 Списание стоимости малоценных активов | C3: Обл. НДС Виробничий (Глобине-2) Глобине-2 Амортизація ОЗ загальновиробничого призначення | D3: Обл. НДС Краги зварювальника Надходження товарів і послуг ІБ00-001198 від 21.03.2025 19:26:08 Резервуар для зберігання розчинника(Глобине) | E3: 231 | H3: 221 | I3: 257.9 | K3: Д | L3: 5633.8
A4: 03.04.2025 | B4: Передача малоцінних активів в експлуатацію ІБ00-000153 від 03.04.2025 17:41:52 Списание стоимости малоценных активов | C4: Обл. НДС Виробничий (Глобине-2) Глобине-2 Амортизація ОЗ загальновиробничого призначення | D4: Обл. НДС Щітка торцева з плет.провол. 125 мм, М14 Надходження товарів і послуг ІБ00-000976 від 07.03.2025 19:00:34 Резервуар для зберігання розчинника(Глобине) | E4: 231 | H4: 221 | I4: 1285.5 | K4: Д | L4: 4348.3
A5: 03.04.2025 | B5: Передача малоцінних активів в експлуатацію ІБ00-000153 від 03.04.2025 17:41:52 Списание стоимости малоценных активов | C5: Обл. НДС Виробничий (Глобине-2) Глобине-2 Амортизація ОЗ загальновиробничого призначення | D5: Обл. НДС Круг відрізний 230*2,5*22 Надходження товарів і послуг ІБ00-001198 від 21.03.2025 19:26:08 Резервуар для зберігання розчинника(Глобине) | E5: 231 | H5: 221 | I5: 530.5 | K5: Д | L5: 3817.8
A6: 03.04.2025 | B6: Передача малоцінних активів в експлуатацію ІБ00-000153 від 03.04.2025 17:41:52 Списание стоимости малоценных активов | C6: Обл. НДС Виробничий (Глобине-2) Глобине-2 Амортизація ОЗ загальновиробничого призначення | D6: Обл. НДС Круг відрізний по металу 125*1,6*22,2 Надходження товарів і послуг ІБ00-001198 від 21.03.2025 19:26:08 Резервуар для зберігання розчинника(Глобине) | E6: 231 | H6: 221 | I6: 145.25 | K6: Д | L6: 3672.55
A7: 03.04.2025 | B7: Передача малоцінних активів в експлуатацію ІБ00-000153 від 03.04.2025 17:41:52 Списание стоимости малоценных активов | C7: Обл. НДС Виробничий (Глобине-2) Глобине-2 Амортизація ОЗ загальновиробничого призначення | D7: Обл. НДС Електроди д. 4 мм "Моноліт РЦ" (5 кг) (Україна) Надходження товарів і послуг ІБ00-001198 від 21.03.2025 19:26:08 Резервуар для зберігання розчинника(Глобине) | E7: 231 | H7: 221 | I7: 1825.35 | K7: Д | L7: 1847.2
A8: 03.04.2025 | B8: Передача малоцінних активів в експлуатацію ІБ00-000153 від 03.04.2025 17:41:52 Списание стоимости малоценных активов | C8: Обл. НДС Виробничий (Глобине-2) Глобине-2 Амортизація ОЗ загальновиробничого призначення | D8: Обл. НДС Чоботи ПВХ чоловічі р.42 з мет. носком S5 Надходження товарів і послуг ІБ00-000643 від 21.02.2025 18:25:39 Резервуар для зберігання розчинника(Глобине) | E8: 231 | H8: 221 | I8: 658.35 | K8: Д | L8: 1188.85
A9: 03.04.2025 | B9: Передача малоцінних активів в експлуатацію ІБ00-000153 від 03.04.2025 17:41:52 Списание стоимости малоценных активов | C9: Обл. НДС Виробничий (Глобине-2) Глобине-2 Амортизація ОЗ загальновиробничого призначення | D9: Обл. НДС Чоботи ПВХ чоловічі р.43 з мет. носком S5 Надходження товарів і послуг ІБ00-000643 від 21.02.2025 18:25:39 Резервуар для зберігання розчинника(Глобине) | E9: 231 | H9: 221 | I9: 658.35 | K9: Д | L9: 530.5
A10: 29.04.2025 | B10: Передача малоцінних активів в експлуатацію ІБ00-000173 від 29.04.2025 14:35:31 Списание стоимости малоценных активов | C10: Обл. НДС Виробничий (Глобине-2) Глобине-2 Амортизація ОЗ загальновиробничого призначення | D10: Обл. НДС Круг відрізний 230*2,5*22 Надходження товарів і послуг ІБ00-001198 від 21.03.2025 19:26:08 Резервуар для зберігання розчинника(Глобине) | E10: 231 | H10: 221 | I10: 530.5
A11: Обороти за період та сальдо на кінець | E11: 0 | H11: 5891.7 | L11: 0
J13: =SUBTOTAL(9,I3:J10) -> 5891.7

Sheet СПК (Глобине)
A1: Період | B1: Документ | C1: Аналітика Дт | D1: Аналітика Кт | E1: Дебет | H1: Кредит | K1: Поточне сальдо
E2: Рахунок | H2: Рахунок
A3: 16.04.2025 | B3: Надходження товарів і послуг ІБ00-001715 від 16.04.2025 11:00:00 Оприходованы ТМЦ | C3: Обл. НДС Електроди "Моноліт РЦ" 4 мм уп. 5,0 кг Надходження товарів і послуг ІБ00-001715 від 16.04.2025 11:00:00 СПК (Глобине) | D3: Лук'ян Михайло Федорович ФОП 22/08-24-1 от 22.08.2024 (РАХУНКИ)_Глобине-2 Рахунок на оплату постачальника ІБ00-001398 від 15.04.2025 18:30:58 | E3: 221 | F3: 17500 | H3: 631 | K3: Д | L3: 38540.07
A4: 16.04.2025 | B4: Надходження товарів і послуг ІБ00-001715 від 16.04.2025 11:00:00 Оприходованы ТМЦ | C4: Обл. НДС Різак пропан 142П 6/9 500мм товщ різа 100мм Надходження товарів і послуг ІБ00-001715 від 16.04.2025 11:00:00 СПК (Глобине) | D4: Лук'ян Михайло Федорович ФОП 22/08-24-1 от 22.08.2024 (РАХУНКИ)_Глобине-2 Рахунок на оплату постачальника ІБ00-001398 від 15.04.2025 18:30:58 | E4: 221 | F4: 2771.1 | H4: 631 | K4: Д | L4: 41311.17
A5: 16.04.2025 | B5: Надходження товарів і послуг ІБ00-001715 від 16.04.2025 11:00:00 Оприходованы ТМЦ | C5: Обл. НДС Рукав кисневий 9*3 20 атм Надходження товарів і послуг ІБ00-001715 від 16.04.2025 11:00:00 СПК (Глобине) | D5: Лук'ян Михайло Федорович ФОП 22/08-24-1 от 22.08.2024 (РАХУНКИ)_Глобине-2 Рахунок на оплату постачальника ІБ00-001398 від 15.04.2025 18:30:58 | E5: 221 | F5: 3256 | H5: 631 | K5: Д | L5: 44567.17
A6: 16.04.2025 | B6: Надходження товарів і послуг ІБ00-001715 від 16.04.2025 11:00:00 Оприходованы ТМЦ | C6: Обл. НДС Рукав пропан (ацетилен) 9*3 Надходження товарів і послуг ІБ00-001715 від 16.04.2025 11:00:00 СПК (Глобине) | D6: Лук'ян Михайло Федорович ФОП 22/08-24-1 от 22.08.2024 (РАХУНКИ)_Глобине-2 Рахунок на оплату постачальника ІБ00-001398 від 15.04.2025 18:30:58 | E6: 221 | F6: 3424 | H6: 631 | K6: Д | L6: 47991.17
A7: 16.04.2025 | B7: Надходження товарів і послуг ІБ00-001715 від 16.04.2025 11:00:00 Оприходованы ТМЦ | C7: Обл. НДС Редуктор БКО-50ДМ 6/9мм кисень Надходження товарів і послуг ІБ00-001715 від 16.04.2025 11:00:00 СПК (Глобине) | D7: Лук'ян Михайло Федорович ФОП 22/08-24-1 от 22.08.2024 (РАХУНКИ)_Глобине-2 Рахунок на оплату постачальника ІБ00-001398 від 15.04.2025 18:30:58 | E7: 221 | F7: 2391.7 | H7: 631 | K7: Д | L7: 50382.87
A8: 16.04.2025 | B8: Надходження товарів і послуг ІБ00-001715 від 16.04.2025 11:00:00 Оприходованы ТМЦ | C8: Обл. НДС Редуктор БПО 5 ДМ ф9 Надходження товарів і послуг ІБ00-001715 від 16.04.2025 11:00:00 СПК (Глобине) | D8: Лук'ян Михайло Федорович ФОП 22/08-24-1 от 22.08.2024 (РАХУНКИ)_Глобине-2 Рахунок на оплату постачальника ІБ00-001398 від 15.04.2025 18:30:58 | E8: 221 | F8: 1458.9 | H8: 631 | K8: Д | L8: 51841.77
A9: 16.04.2025 | B9: Надходження товарів і послуг ІБ00-001715 від 16.04.2025 11:00:00 Оприходованы ТМЦ | C9: Обл. НДС Хомут 10-16 для шланга Надходження товарів і послуг ІБ00-001715 від 16.04.2025 11:00:00 СПК (Глобине) | D9: Лук'ян Михайло Федорович ФОП 22/08-24-1 от 22.08.2024 (РАХУНКИ)_Глобине-2 Рахунок на оплату постачальника ІБ00-001398 від 15.04.2025 18:30:58 | E9: 221 | F9: 108 | H9: 631 | K9: Д | L9: 51949.77
A10: 16.04.2025 | B10: Надходження товарів і послуг ІБ00-001715 від 16.04.2025 11:00:00 Оприходованы ТМЦ | C10: Обл. НДС Прокладка вхідного штуцера БКО АР УР Надходження товарів і послуг ІБ00-001715 від 16.04.2025 11:00:00 СПК (Глобине) | D10: Лук'ян Михайло Федорович ФОП 22/08-24-1 от 22.08.2024 (РАХУНКИ)_Глобине-2 Рахунок на оплату постачальника ІБ00-001398 від 15.04.2025 18:30:58 | E10: 221 | F10: 137.5 | H10: 631 | K10: Д | L10: 52087.27
A11: 16.04.2025 | B11: Надходження товарів і послуг ІБ00-001715 від 16.04.2025 11:00:00 Оприходованы ТМЦ | C11: Обл. НДС Прокладка вхідного штуцера БПО Надходження товарів і послуг ІБ00-001715 від 16.04.2025 11:00:00 СПК (Глобине) | D11: Лук'ян Михайло Федорович ФОП 22/08-24-1 от 22.08.2024 (РАХУНКИ)_Глобине-2 Рахунок на оплату постачальника ІБ00-001398 від 15.04.2025 18:30:58 | E11: 221 | F11: 143 | H11: 631 | K11: Д | L11: 52230.27
A12: 18.04.2025 | B12: Надходження товарів і послуг ІБ00-001827 від 18.04.2025 11:00:00 Оприходованы ТМЦ | C12: Обл. НДС Каска захисна "Універсал" помаранчева Надходження товарів і послуг ІБ00-001827 від 18.04.2025 11:00:00 СПК (Глобине) | D12: БРАВО-СП ТОВ РАХУНКИ_Глобине-2 Рахунок на оплату постачальника ІБ00-001472 від 18.04.2025 18:10:16 | E12: 221 | F12: 1428.3 | H12: 631 | K12: Д | L12: 53658.57
A13: 18.04.2025 | B13: Надходження товарів і послуг ІБ00-001828 від 18.04.2025 11:00:00 Оприходованы ТМЦ | C13: Обл. НДС Жилет сигнальний Надходження товарів і послуг ІБ00-001828 від 18.04.2025 11:00:00 СПК (Глобине) | D13: БРАВО-СП ТОВ РАХУНКИ_Глобине-2 Рахунок на оплату постачальника ІБ00-001472 від 18.04.2025 18:10:16 | E13: 221 | F13: 2502.45 | H13: 631 | K13: Д | L13: 56161.02
A14: 18.04.2025 | B14: Переміщення товарів ІБ00-000340 від 18.04.2025 11:05:00 Перемещение ТМЦ | C14: Обл. НДС Вилка пряма з з/к,ІР44 Надходження товарів і послуг ІБ00-001740 від 18.04.2025 11:00:00 СПК (Глобине) | D14: Обл. НДС Вилка пряма з з/к,ІР44 Надходження товарів і послуг ІБ00-001740 від 18.04.2025 11:00:00 Глобине-2 | E14: 221 | F14: 53.75 | H14: 221 | K14: Д | L14: 56214.77
... A38: 25.04.2025 | B38: Надходження товарів і послуг ІБ00-001847 від 25.04.2025 11:00:00 Оприходованы ТМЦ | C38: Обл. НДС Кабель звар. КГ 1*25 250А Надходження товарів і послуг ІБ00-001847 від 25.04.2025 11:00:00 СПК (Глобине) | D38: СКАЙ-ЕНЕРДЖИ Рахунки_Глобине-2 Рахунок на оплату постачальника ІБ00-001470 від 17.04.2025 18:06:32 | E38: 221 | F38: 11970 | H38: 631 | K38: Д | L38: 108249.72
A39: 29.04.2025 | B39: Передача малоцінних активів в експлуатацію ІБ00-000180 від 29.04.2025 16:32:22 Списание стоимости малоценных активов | C39: Обл. НДС Виробничий (Глобине-2) Глобине-2 Амортизація ОЗ загальновиробничого призначення | D39: Обл. НДС Касета-розетка 3гн, з/к з кришками Омега ІР44 16А Надходження товарів і послуг ІБ00-000506 від 04.02.2025 17:50:27 СПК (Глобине) | E39: 231 | H39: 221 | I39: 198.4 | K39: Д | L39: 108051.32
A40: 30.04.2025 | B40: Переміщення товарів ІБ00-000378 від 30.04.2025 11:05:00 Перемещение ТМЦ | C40: Обл. НДС Шнур поліамідний 16мм/разрив 6000кг Надходження товарів і послуг ІБ00-001908 від 30.04.2025 11:00:00 СПК (Глобине) | D40: Обл. НДС Шнур поліамідний 16мм/разрив 6000кг Надходження товарів і послуг ІБ00-001908 від 30.04.2025 11:00:00 Глобине-2 | E40: 221 | F40: 5650 | H40: 221 | K40: Д | L40: 113701.32
A41: 30.04.2025 | B41: Переміщення товарів ІБ00-000378 від 30.04.2025 11:05:00 Перемещение ТМЦ | C41: Обл. НДС Розчинник УС Нефрас 0,94 л/ 0,70 кг Надходження товарів і послуг ІБ00-001908 від 30.04.2025 11:00:00 СПК (Глобине) | D41: Обл. НДС Розчинник УС Нефрас 0,94 л/ 0,70 кг Надходження товарів і послуг ІБ00-001908 від 30.04.2025 11:00:00 Глобине-2 | E41: 221 | F41: 2402 | H41: 221 | K41: Д | L41: 116103.32
A42: 30.04.2025 | B42: Переміщення товарів ІБ00-000378 від 30.04.2025 11:05:00 Перемещение ТМЦ | C42: Обл. НДС Круг зачисний по металу 125х6,0х22 Надходження товарів і послуг ІБ00-001908 від 30.04.2025 11:00:00 СПК (Глобине) | D42: Обл. НДС Круг зачисний по металу 125х6,0х22 Надходження товарів і послуг ІБ00-001908 від 30.04.2025 11:00:00 Глобине-2 | E42: 221 | F42: 1756 | H42: 221 | K42: Д | L42: 117859.32
A43: 30.04.2025 | B43: Переміщення товарів ІБ00-000378 від 30.04.2025 11:05:00 Перемещение ТМЦ | C43: Обл. НДС Круг відрізний 125*1,6*22 Надходження товарів і послуг ІБ00-001908 від 30.04.2025 11:00:00 СПК (Глобине) | D43: Обл. НДС Круг відрізний 125*1,6*22 Надходження товарів і послуг ІБ00-001908 від 30.04.2025 11:00:00 Глобине-2 | E43: 221 | F43: 2905 | H43: 221 | K43: Д | L43: 120764.32
A44: 30.04.2025 | B44: Переміщення товарів ІБ00-000378 від 30.04.2025 11:05:00 Перемещение ТМЦ | C44: Обл. НДС Автовимикач ВА47-29М 3р 40А Надходження товарів і послуг ІБ00-001908 від 30.04.2025 11:00:00 СПК (Глобине) | D44: Обл. НДС Автовимикач ВА47-29М 3р 40А Надходження товарів і послуг ІБ00-001908 від 30.04.2025 11:00:00 Глобине-2 | E44: 221 | F44: 254.05 | H44: 221 | K44: Д | L44: 121018.37
A45: 30.04.2025 | B45: Переміщення товарів ІБ00-000378 від 30.04.2025 11:05:00 Перемещение ТМЦ | C45: Обл. НДС Авт.вим. ВА47-29 ІЕК 3-пол.С 63А Надходження товарів і послуг ІБ00-001908 від 30.04.2025 11:00:00 СПК (Глобине) | D45: Обл. НДС Авт.вим. ВА47-29 ІЕК 3-пол.С 63А Надходження товарів і послуг ІБ00-001908 від 30.04.2025 11:00:00 Глобине-2 | E45: 221 | F45: 289.3 | H45: 221 | K45: Д | L45: 121307.67
A46: 30.04.2025 | B46: Переміщення товарів ІБ00-000378 від 30.04.2025 11:05:00 Перемещение ТМЦ | C46: Обл. НДС Автовимикач ВА47-29М 3р 25А Надходження товарів і послуг ІБ00-001908 від 30.04.2025 11:00:00 СПК (Глобине) | D46: Обл. НДС Автовимикач ВА47-29М 3р 25А Надходження товарів і послуг ІБ00-001908 від 30.04.2025 11:00:00 Глобине-2 | E46: 221 | F46: 2427.5 | H46: 221 | K46: Д | L46: 123735.17
A47: 30.04.2025 | B47: Переміщення товарів ІБ00-000378 від 30.04.2025 11:05:00 Перемещение ТМЦ | C47: Обл. НДС Перетворювач іржі 0,94 л/0,9 кг Надходження товарів і послуг ІБ00-001908 від 30.04.2025 11:00:00 СПК (Глобине) | D47: Обл. НДС Перетворювач іржі 0,94 л/0,9 кг Надходження товарів і послуг ІБ00-001908 від 30.04.2025 11:00:00 Глобине-2 | E47: 221 | F47: 608 | H47: 221 | K47: Д | L47: 124343.17
A48: 30.04.2025 | B48: Передача малоцінних активів в експлуатацію ІБ00-000218 від 30.04.2025 20:00:00 Списание стоимости малоценных активов | C48: Обл. НДС Виробничий (Глобине-2) Глобине-2 Амортизація ОЗ загальновиробничого призначення | D48: Обл. НДС Взуття чоловіче SEVEN SAFETY р.39 Надходження товарів і послуг ІБ00-005439 від 04.11.2024 17:12:48 СПК (Глобине) | E48: 231 | H48: 221 | I48: 776.68 | K48: Д | L48: 123566.49
A49: 30.04.2025 | B49: Передача малоцінних активів в експлуатацію ІБ00-000218 від 30.04.2025 20:00:00 Списание стоимости малоценных активов | C49: Обл. НДС Виробничий (Глобине-2) Глобине-2 Амортизація ОЗ загальновиробничого призначення | D49: Обл. НДС Взуття чоловіче SEVEN SAFETY р.41 Надходження товарів і послуг ІБ00-005439 від 04.11.2024 17:12:48 СПК (Глобине) | E49: 231 | H49: 221 | I49: 1553.36 | K49: Д | L49: 122013.13
A50: Обороти за період та сальдо на кінець | E50: 103501.5 | H50: 2528.44 | K50: Д | L50: 122013.13
J52: =SUBTOTAL(9,I39:J49) -> 2528.44

Sheet Цех екстракції
A1: Період | B1: Документ | C1: Аналітика Дт | D1: Аналітика Кт | E1: Дебет | H1: Кредит | K1: Поточне сальдо
E2: Рахунок | H2: Рахунок
A3: 03.04.2025 | B3: Передача малоцінних активів в експлуатацію ІБ00-000147 від 03.04.2025 17:41:34 Списание стоимости малоценных активов | C3: Обл. НДС Виробничий (Глобине-2) Глобине-2 Амортизація ОЗ загальновиробничого призначення | D3: Обл. НДС Фіксатор Стілець 50/8-24 Надходження товарів і послуг ІБ00-005325 від 04.10.2024 18:41:27 Цех екстракції (Глобине) | E3: 231 | H3: 221 | I3: 1660 | K3: Д | L3: 17277.9
A4: 03.04.2025 | B4: Передача малоцінних активів в експлуатацію ІБ00-000147 від 03.04.2025 17:41:34 Списание стоимости малоценных активов | C4: Обл. НДС Виробничий (Глобине-2) Глобине-2 Амортизація ОЗ загальновиробничого призначення | D4: Обл. НДС Фіксатор Стілець 50/8-24 Надходження товарів і послуг ІБ00-001338 від 10.03.2025 20:00:39 Цех екстракції (Глобине) | E4: 231 | H4: 221 | I4: 348.5 | K4: Д | L4: 16929.4
A5: 03.04.2025 | B5: Передача малоцінних активів в експлуатацію ІБ00-000147 від 03.04.2025 17:41:34 Списание стоимости малоценных активов | C5: Обл. НДС Виробничий (Глобине-2) Глобине-2 Амортизація ОЗ загальновиробничого призначення | D5: Обл. НДС Строп СТП-3,0/4000 Надходження товарів і послуг ІБ00-001294 від 26.03.2025 22:32:01 Цех екстракції (Глобине) | E5: 231 | H5: 221 | I5: 1426.48 | K5: Д | L5: 15502.92
A6: 03.04.2025 | B6: Передача малоцінних активів в експлуатацію ІБ00-000154 від 03.04.2025 17:41:53 Списание стоимости малоценных активов | C6: Обл. НДС Виробничий (Глобине-2) Глобине-2 Амортизація ОЗ загальновиробничого призначення | D6: Обл. НДС Строп СТП-5,0/5000 Надходження товарів і послуг ІБ00-001294 від 26.03.2025 22:32:01 Цех екстракції (Глобине) | E6: 231 | H6: 221 | I6: 2824.32 | K6: Д | L6: 12678.6
A7: 04.04.2025 | B7: Надходження товарів і послуг ІБ00-001434 від 04.04.2025 11:24:02 Оприходованы ТМЦ | C7: Обл. НДС Головка ударна 3/4" 30мм Надходження товарів і послуг ІБ00-001434 від 04.04.2025 11:24:02 Цех екстракції (Глобине) | D7: АЛЬЦЕСТ ПАТ Рахунки_Глобине-2 Рахунок на оплату постачальника ІБ00-001135 від 31.03.2025 10:59:59 | E7: 221 | F7: 522 | H7: 631 | K7: Д | L7: 13200.6
A8: 04.04.2025 | B8: Надходження товарів і послуг ІБ00-001434 від 04.04.2025 11:24:02 Оприходованы ТМЦ | C8: Обл. НДС Головка ударна 3/4" 32мм Надходження товарів і послуг ІБ00-001434 від 04.04.2025 11:24:02 Цех екстракції (Глобине) | D8: АЛЬЦЕСТ ПАТ Рахунки_Глобине-2 Рахунок на оплату постачальника ІБ00-001135 від 31.03.2025 10:59:59 | E8: 221 | F8: 174 | H8: 631 | K8: Д | L8: 13374.6
A9: 04.04.2025 | B9: Надходження товарів і послуг ІБ00-001503 від 04.04.2025 23:24:48 Оприходованы ТМЦ | C9: Обл. НДС Головка торцева ударна 3/4" 13 мм Надходження товарів і послуг ІБ00-001503 від 04.04.2025 23:24:48 Цех екстракції (Глобине) | D9: АЛЬЦЕСТ ПАТ Рахунки_Глобине-2 Рахунок на оплату постачальника ІБ00-001135 від 31.03.2025 10:59:59 | E9: 221 | F9: 931.5 | H9: 631 | K9: Д | L9: 14306.1
A10: 09.04.2025 | B10: Переміщення товарів ІБ00-000325 від 09.04.2025 11:05:00 Перемещение ТМЦ | C10: Обл. НДС Свердло 13,0мм HSS TiN Надходження товарів і послуг ІБ00-001613 від 09.04.2025 11:00:00 Цех екстракції (Глобине) | D10: Обл. НДС Свердло 13,0мм HSS TiN Надходження товарів і послуг ІБ00-001613 від 09.04.2025 11:00:00 Глобине-2 | E10: 221 | F10: 687.6 | H10: 221 | K10: Д | L10: 14993.7
A11: 09.04.2025 | B11: Переміщення товарів ІБ00-000325 від 09.04.2025 11:05:00 Перемещение ТМЦ | C11: Обл. НДС Наколінники гумові Надходження товарів і послуг ІБ00-001613 від 09.04.2025 11:00:00 Цех екстракції (Глобине) | D11: Обл. НДС Наколінники гумові Надходження товарів і послуг ІБ00-001613 від 09.04.2025 11:00:00 Глобине-2 | E11: 221 | F11: 1263.4 | H11: 221 | K11: Д | L11: 16257.1
A12: 11.04.2025 | B12: Надходження товарів і послуг ІБ00-001646 від 11.04.2025 11:00:00 Оприходованы ТМЦ | C12: Обл. НДС Скоба такелажна G-210 1-1/8"9,5 тн Надходження товарів і послуг ІБ00-001646 від 11.04.2025 11:00:00 Цех екстракції (Глобине) | D12: ЛОАД-ТЕХ ТОВ Договір поставки № 2353 від 25.06.2021 р.Глобине2 Рахунок на оплату постачальника ІБ00-001336 від 11.04.2025 20:51:55 | E12: 221 | F12: 1572.48 | H12: 631 | K12: Д | L12: 17829.58
A13: 11.04.2025 | B13: Надходження товарів і послуг ІБ00-001646 від 11.04.2025 11:00:00 Оприходованы ТМЦ | C13: Обл. НДС Скоба такелажна G-210 1-1/2" 17,0 тн Надходження товарів і послуг ІБ00-001646 від 11.04.2025 11:00:00 Цех екстракції (Глобине) | D13: ЛОАД-ТЕХ ТОВ Договір поставки № 2353 від 25.06.2021 р.Глобине2 Рахунок на оплату постачальника ІБ00-001336 від 11.04.2025 20:51:55 | E13: 221 | F13: 4004.48 | H13: 631 | K13: Д | L13: 21834.06
A14: 18.04.2025 | B14: Надходження товарів і послуг ІБ00-001747 від 18.04.2025 11:00:00 Оприходованы ТМЦ | C14: Обл. НДС Строп СТП-8,0/4500 Надходження товарів і послуг ІБ00-001747 від 18.04.2025 11:00:00 Цех екстракції (Глобине) | D14: ЛОАД-ТЕХ ТОВ Договір поставки № 2353 від 25.06.2021 р.Глобине2 Рахунок на оплату постачальника ІБ00-001403 від 14.04.2025 18:04:25 | E14: 221 | F14: 5085.04 | H14: 631 | K14: Д | L14: 26919.1
A15: 29.04.2025 | B15: Передача малоцінних активів в експлуатацію ІБ00-000174 від 29.04.2025 14:58:13 Списание стоимости малоценных активов | C15: Обл. НДС Виробничий (Глобине-2) Глобине-2 Амортизація ОЗ загальновиробничого призначення | D15: Обл. НДС Рукавиці трикотажні з ПВХ Надходження товарів і послуг ІБ00-001431 від 31.03.2025 11:59:59 Цех екстракції (Глобине) | E15: 231 | H15: 221 | I15: 294 | K15: Д | L15: 26625.1
A16: 29.04.2025 | B16: Передача малоцінних активів в експлуатацію ІБ00-000174 від 29.04.2025 14:58:13 Списание стоимости малоценных активов | C16: Обл. НДС Виробничий (Глобине-2) Глобине-2 Амортизація ОЗ загальновиробничого призначення | D16: Обл. НДС Рукавички скло/камінь черв з рифл гум надол р.10 Надходження товарів і послуг ІБ00-001431 від 31.03.2025 11:59:59 Цех екстракції (Глобине) | E16: 231 | H16: 221 | I16: 151 | K16: Д | L16: 26474.1
A17: 29.04.2025 | B17: Передача малоцінних активів в експлуатацію ІБ00-000174 від 29.04.2025 14:58:13 Списание стоимости малоценных активов | C17: Обл. НДС Виробничий (Глобине-2) Глобине-2 Амортизація ОЗ загальновиробничого призначення | D17: Обл. НДС Фіксатор Стілець 50/8-24 Надходження товарів і послуг ІБ00-001338 від 10.03.2025 20:00:39 Цех екстракції (Глобине) | E17: 231 | H17: 221 | I17: 2665 | K17: Д | L17: 23809.1
A18: 29.04.2025 | B18: Передача малоцінних активів в експлуатацію ІБ00-000174 від 29.04.2025 14:58:13 Списание стоимости малоценных активов | C18: Обл. НДС Виробничий (Глобине-2) Глобине-2 Амортизація ОЗ загальновиробничого призначення | D18: Обл. НДС Круг алмазний 230*22,2 мм Turbо-сегментний Надходження товарів і послуг ІБ00-001508 від 20.03.2025 11:00:00 Цех екстракції (Глобине) | E18: 231 | H18: 221 | I18: 1065.9 | K18: Д | L18: 22743.2
A19: 29.04.2025 | B19: Передача малоцінних активів в експлуатацію ІБ00-000175 від 29.04.2025 15:08:52 Списание стоимости малоценных активов | C19: Обл. НДС Виробничий (Глобине-2) Глобине-2 Амортизація ОЗ загальновиробничого призначення | D19: Обл. НДС Фіксатор Стілець 50/8-24 Надходження товарів і послуг ІБ00-001338 від 10.03.2025 20:00:39 Цех екстракції (Глобине) | E19: 231 | H19: 221 | I19: 2132 | K19: Д | L19: 20611.2
A20: 29.04.2025 | B20: Передача малоцінних активів в експлуатацію ІБ00-000175 від 29.04.2025 15:08:52 Списание стоимости малоценных активов | C20: Обл. НДС Виробничий (Глобине-2) Глобине-2 Амортизація ОЗ загальновиробничого призначення | D20: Обл. НДС Круг алмазний 400*20/25,4*10*3,2мм Надходження товарів і послуг ІБ00-001508 від 20.03.2025 11:00:00 Цех екстракції (Глобине) | E20: 231 | H20: 221 | I20: 593.54 | K20: Д | L20: 20017.66
A21: 29.04.2025 | B21: Передача малоцінних активів в експлуатацію ІБ00-000176 від 29.04.2025 15:48:00 Списание стоимости малоценных активов | C21: Обл. НДС Виробничий (Глобине-2) Глобине-2 Амортизація ОЗ загальновиробничого призначення | D21: Обл. НДС Головка торцева ударна 3/4" 13 мм Надходження товарів і послуг ІБ00-001503 від 04.04.2025 23:24:48 Цех екстракції (Глобине) | E21: 231 | H21: 221 | I21: 931.5 | K21: Д | L21: 19086.16
A22: 29.04.2025 | B22: Передача малоцінних активів в експлуатацію ІБ00-000176 від 29.04.2025 15:48:00 Списание стоимости малоценных активов | C22: Обл. НДС Виробничий (Глобине-2) Глобине-2 Амортизація ОЗ загальновиробничого призначення | D22: Обл. НДС Головка ударна 3/4" 30мм Надходження товарів і послуг ІБ00-001434 від 04.04.2025 11:24:02 Цех екстракції (Глобине) | E22: 231 | H22: 221 | I22: 522 | K22: Д | L22: 18564.16
A23: 29.04.2025 | B23: Передача малоцінних активів в експлуатацію ІБ00-000176 від 29.04.2025 15:48:00 Списание стоимости малоценных активов | C23: Обл. НДС Виробничий (Глобине-2) Глобине-2 Амортизація ОЗ загальновиробничого призначення | D23: Обл. НДС Головка ударна 3/4" 32мм Надходження товарів і послуг ІБ00-001434 від 04.04.2025 11:24:02 Цех екстракції (Глобине) | E23: 231 | H23: 221 | I23: 174 | K23: Д | L23: 18390.16
A24: 29.04.2025 | B24: Передача малоцінних активів в експлуатацію ІБ00-000176 від 29.04.2025 15:48:00 Списание стоимости малоценных активов | C24: Обл. НДС Виробничий (Глобине-2) Глобине-2 Амортизація ОЗ загальновиробничого призначення | D24: Обл. НДС Круг алмазний 400*20/25,4*10*3,2мм Надходження товарів і послуг ІБ00-001508 від 20.03.2025 11:00:00 Цех екстракції (Глобине) | E24: 231 | H24: 221 | I24: 2374.16 | K24: Д | L24: 16016
A25: 29.04.2025 | B25: Передача малоцінних активів в експлуатацію ІБ00-000176 від 29.04.2025 15:48:00 Списание стоимости малоценных активов | C25: Обл. НДС Виробничий (Глобине-2) Глобине-2 Амортизація ОЗ загальновиробничого призначення | D25: Обл. НДС Наколінники гумові Надходження товарів і послуг ІБ00-001613 від 09.04.2025 11:00:00 Цех екстракції (Глобине) | E25: 231 | H25: 221 | I25: 1263.4 | K25: Д | L25: 14752.6
A26: 29.04.2025 | B26: Передача малоцінних активів в експлуатацію ІБ00-000176 від 29.04.2025 15:48:00 Списание стоимости малоценных активов | C26: Обл. НДС Виробничий (Глобине-2) Глобине-2 Амортизація ОЗ загальновиробничого призначення | D26: Обл. НДС Свердло 13,0мм HSS TiN Надходження товарів і послуг ІБ00-001613 від 09.04.2025 11:00:00 Цех екстракції (Глобине) | E26: 231 | H26: 221 | I26: 687.6 | K26: Д | L26: 14065
... A28: 30.04.2025 | B28: Передача малоцінних активів в експлуатацію ІБ00-000209 від 30.04.2025 10:00:00 Списание стоимости малоценных активов | C28: Обл. НДС Виробничий (Глобине-2) Глобине-2 Амортизація ОЗ загальновиробничого призначення | D28: Обл. НДС Фіксатор Стілець 50/8-24 Надходження товарів і послуг ІБ00-001337 від 13.03.2025 18:55:28 Цех екстракції (Глобине) | E28: 231 | H28: 221 | I28: 697 | K28: Д | L28: 12015
A29: 30.04.2025 | B29: Переміщення товарів ІБ00-000381 від 30.04.2025 11:05:00 Перемещение ТМЦ | C29: Обл. НДС Перехідник з 3/4" на 1/2" Надходження товарів і послуг ІБ00-001908 від 30.04.2025 11:00:00 Цех екстракції (Глобине) | D29: Обл. НДС Перехідник з 3/4" на 1/2" Надходження товарів і послуг ІБ00-001908 від 30.04.2025 11:00:00 Глобине-2 | E29: 221 | F29: 996.75 | H29: 221 | K29: Д | L29: 13011.75
A30: 30.04.2025 | B30: Переміщення товарів ІБ00-000381 від 30.04.2025 11:05:00 Перемещение ТМЦ | C30: Обл. НДС Ганчір'я х/б Надходження товарів і послуг ІБ00-001908 від 30.04.2025 11:00:00 Цех екстракції (Глобине) | D30: Обл. НДС Ганчір'я х/б Надходження товарів і послуг ІБ00-001908 від 30.04.2025 11:00:00 Глобине-2 | E30: 221 | F30: 400 | H30: 221 | K30: Д | L30: 13411.75
A31: 30.04.2025 | B31: Передача малоцінних активів в експлуатацію ІБ00-000214 від 30.04.2025 20:00:00 Списание стоимости малоценных активов | C31: Обл. НДС Виробничий (Глобине-2) Глобине-2 Амортизація ОЗ загальновиробничого призначення | D31: Обл. НДС Ганчір'я х/б Надходження товарів і послуг ІБ00-001908 від 30.04.2025 11:00:00 Цех екстракції (Глобине) | E31: 231 | H31: 221 | I31: 400 | K31: Д | L31: 13011.75
A32: 30.04.2025 | B32: Передача малоцінних активів в експлуатацію ІБ00-000214 від 30.04.2025 20:00:00 Списание стоимости малоценных активов | C32: Обл. НДС Виробничий (Глобине-2) Глобине-2 Амортизація ОЗ загальновиробничого призначення | D32: Обл. НДС Перехідник з 3/4" на 1/2" Надходження товарів і послуг ІБ00-001908 від 30.04.2025 11:00:00 Цех екстракції (Глобине) | E32: 231 | H32: 221 | I32: 996.75 | K32: Д | L32: 12015
A33: 30.04.2025 | B33: Передача малоцінних активів в експлуатацію ІБ00-000214 від 30.04.2025 20:00:00 Списание стоимости малоценных активов | C33: Обл. НДС Виробничий (Глобине-2) Глобине-2 Амортизація ОЗ загальновиробничого призначення | D33: Обл. НДС Фіксатор Стілець 50/8-24 Надходження товарів і послуг ІБ00-001337 від 13.03.2025 18:55:28 Цех екстракції (Глобине) | E33: 231 | H33: 221 | I33: 1353 | K33: Д | L33: 10662
A34: Обороти за період та сальдо на кінець | E34: 15637.25 | H34: 23913.15 | K34: Д | L34: 10662
J36: =SUBTOTAL(9,I3:J33) -> 23913.15
