Workbook

Sheet СВОД_ГЛОБИНО
B2: Глобине-2 | C2: ='Глобине-2'!J158 -> 70837.596
B3: Котельна (Глобине) | C3: =Котельна!J92 -> 638686.48
B4: Насосна Градирня (Глобине) | C4: ='Насосна Градирня '!J28 -> 78034.44
B5: Пункт фасування та зберігання в бігбегах (Глобине) | C5: 0
B6: Резервуар для зберігання розчинника(Глобине) | C6: ='Резервуар для зберігання'!J37 -> 356643.52
B7: Резервуарний парк соєвої меляси (Глобине) | C7: ='Резервуарний парк'!J69 -> 952397.94
B8: СПК (Глобине) | C8: ='СПК (Глобине)'!J125 -> 728107.56
B9: Цех екстракції (Глобине) | C9: ='Цех екстракції (Глобине)'!J251 -> 4934146
B10: Цех_Глобино | C10: ='СПК (Глобине)'!J125 -> 728107.56
C11: =SUM(C2:C10) -> 8486961.1

Sheet Глобине-2
A1: Період | B1: Документ | C1: Аналітика Дт | D1: Аналітика Кт | E1: Дебет | H1: Кредит | K1: Поточне сальдо
E2: Рахунок | H2: Рахунок
A3: 01.02.2025 | B3: Надходження товарів і послуг ІБ00-000353 від 01.02.2025 18:00:04 Оприходованы ТМЦ (Зачет аванса поставщику) | C3: Обл. НДС Бетон С20/25 W6 F75 P4 Надходження товарів і послуг ІБ00-000353 від 01.02.2025 18:00:04 Глобине-2 | D3: Кременчуцький річковий порт ПРАТ Договір 112/Б від 15.10.2024_Глобине-2 Списання з банківського рахунку 00000001239 від 31.01.2025 16:20:57 | E3: 205 | F3: 127440 | H3: 631 | K3: Д | L3: 271058.51
A4: 01.02.2025 | B4: Надходження дод. витрат ІБ00-000059 від 01.02.2025 18:05:00 Доп. расходы при поступлении товаров (Зачет аванса поставщику) | C4: Обл. НДС Бетон С20/25 W6 F75 P4 Надходження товарів і послуг ІБ00-000353 від 01.02.2025 18:00:04 Глобине-2 | D4: Кременчуцький річковий порт ПРАТ Договір 112/Б від 15.10.2024_Глобине-2 Списання з банківського рахунку 00000001239 від 31.01.2025 16:20:57 | E4: 205 | F4: 30127.5 | H4: 631 | K4: Д | L4: 301186.01
A5: 01.02.2025 | B5: Переміщення товарів ІБ00-000055 від 01.02.2025 18:10:00 Перемещение ТМЦ | C5: Обл. НДС Бетон С20/25 W6 F75 P4 Надходження товарів і послуг ІБ00-000353 від 01.02.2025 18:00:04 Котельна (Глобине) | D5: Обл. НДС Бетон С20/25 W6 F75 P4 Надходження товарів і послуг ІБ00-000353 від 01.02.2025 18:00:04 Глобине-2 | E5: 205 | H5: 205 | I5: 62370.47 | K5: Д | L5: 238815.54
A6: 01.02.2025 | B6: Переміщення товарів ІБ00-000056 від 01.02.2025 18:10:00 Перемещение ТМЦ | C6: Обл. НДС Бетон С20/25 W6 F75 P4 Надходження товарів і послуг ІБ00-000353 від 01.02.2025 18:00:04 Цех екстракції (Глобине) | D6: Обл. НДС Бетон С20/25 W6 F75 P4 Надходження товарів і послуг ІБ00-000353 від 01.02.2025 18:00:04 Глобине-2 | E6: 205 | H6: 205 | I6: 95197.03 | K6: Д | L6: 143618.51
A7: 01.02.2025 | B7: Переміщення товарів ІБ00-000087 від 01.02.2025 18:10:09 Перемещение ТМЦ | C7: Обл. НДС Піна монтажна 860 мл Надходження товарів і послуг ІБ00-006233 від 14.12.2024 17:00:01 Глобине-2 | D7: Обл. НДС Піна монтажна 860 мл Надходження товарів і послуг ІБ00-006233 від 14.12.2024 17:00:01 СПК (Глобине) | E7: 205 | F7: 950 | H7: 205 | K7: Д | L7: 144568.51
A8: 01.02.2025 | B8: Переміщення товарів ІБ00-000089 від 01.02.2025 18:10:11 Перемещение ТМЦ | C8: Обл. НДС Шпонка гідроізоляційна ВР 200 20м п Надходження товарів і послуг ІБ00-002091 від 21.12.2023 18:14:00 Резервуарний парк соєвої меляси (Глобине) | D8: Обл. НДС Шпонка гідроізоляційна ВР 200 20м п Надходження товарів і послуг ІБ00-002091 від 21.12.2023 18:14:00 Глобине-2 | E8: 205 | H8: 205 | I8: 839.5 | K8: Д | L8: 143729.01
A9: 01.02.2025 | B9: Переміщення товарів ІБ00-000094 від 01.02.2025 18:10:16 Перемещение ТМЦ | C9: Обл. НДС Анкер хімічний 585 мл EРОХ Надходження товарів і послуг ІБ00-000723 від 29.02.2024 23:00:01 Цех екстракції (Глобине) | D9: Обл. НДС Анкер хімічний 585 мл EРОХ Надходження товарів і послуг ІБ00-000723 від 29.02.2024 23:00:01 Глобине-2 | E9: 205 | H9: 205 | I9: 2342.8 | K9: Д | L9: 141386.21
A10: 04.02.2025 | B10: Надходження товарів і послуг ІБ00-000525 від 04.02.2025 18:00:08 Оприходованы ТМЦ | C10: Обл. НДС Труба п/е 25- (2 м) Надходження товарів і послуг ІБ00-000525 від 04.02.2025 18:00:08 Глобине-2 | D10: ПРОТЕКС УКРАЇНА Договір 9 від 11.12.2023_Глобіно2 Рахунок на оплату постачальника ІБ00-000458 від 03.02.2025 18:10:32 | E10: 205 | F10: 2390 | H10: 631 | K10: Д | L10: 143776.21
A11: 04.02.2025 | B11: Надходження товарів і послуг ІБ00-000525 від 04.02.2025 18:00:08 Оприходованы ТМЦ | C11: Обл. НДС Фіксатор конус Надходження товарів і послуг ІБ00-000525 від 04.02.2025 18:00:08 Глобине-2 | D11: ПРОТЕКС УКРАЇНА Договір 9 від 11.12.2023_Глобіно2 Рахунок на оплату постачальника ІБ00-000458 від 03.02.2025 18:10:32 | E11: 205 | F11: 900 | H11: 631 | K11: Д | L11: 144676.21
A12: 04.02.2025 | B12: Надходження товарів і послуг ІБ00-000525 від 04.02.2025 18:00:08 Оприходованы ТМЦ | C12: Обл. НДС Фіксатор зірочка 25 Надходження товарів і послуг ІБ00-000525 від 04.02.2025 18:00:08 Глобине-2 | D12: ПРОТЕКС УКРАЇНА Договір 9 від 11.12.2023_Глобіно2 Рахунок на оплату постачальника ІБ00-000458 від 03.02.2025 18:10:32 | E12: 205 | F12: 766.7 | H12: 631 | K12: Д | L12: 145442.91
A13: 04.02.2025 | B13: Надходження товарів і послуг ІБ00-000525 від 04.02.2025 18:00:08 Оприходованы ТМЦ | C13: Обл. НДС Фіксатор Стілець 50/8-24 Надходження товарів і послуг ІБ00-000525 від 04.02.2025 18:00:08 Глобине-2 | D13: ПРОТЕКС УКРАЇНА Договір 9 від 11.12.2023_Глобіно2 Рахунок на оплату постачальника ІБ00-000458 від 03.02.2025 18:10:32 | E13: 205 | F13: 3900 | H13: 631 | K13: Д | L13: 149342.91
A14: 05.02.2025 | B14: Надходження товарів і послуг ІБ00-000454 від 05.02.2025 18:00:12 Оприходованы ТМЦ (Зачет аванса поставщику) | C14: Обл. НДС Бетон С 8/10 Р4 доб-10 Надходження товарів і послуг ІБ00-000454 від 05.02.2025 18:00:12 Глобине-2 | D14: Кременчуцький річковий порт ПРАТ Договір 112/Б від 15.10.2024_Глобине-2 Списання з банківського рахунку 00000001239 від 31.01.2025 16:20:57 | E14: 205 | F14: 29625 | H14: 631 | K14: Д | L14: 178967.91
A15: 05.02.2025 | B15: Надходження товарів і послуг ІБ00-000454 від 05.02.2025 18:00:12 Оприходованы ТМЦ (Зачет аванса поставщику) | C15: Обл. НДС Бетон С20/25 W6 F75 P4 доб-10 Надходження товарів і послуг ІБ00-000454 від 05.02.2025 18:00:12 Глобине-2 | D15: Кременчуцький річковий порт ПРАТ Договір 112/Б від 15.10.2024_Глобине-2 Списання з банківського рахунку 00000001239 від 31.01.2025 16:20:57 | E15: 205 | F15: 68977.5 | H15: 631 | K15: Д | L15: 247945.41
A16: 05.02.2025 | B16: Надходження дод. витрат ІБ00-000069 від 05.02.2025 18:00:13 Доп. расходы при поступлении товаров (Зачет аванса поставщику) | C16: Обл. НДС Бетон С 8/10 Р4 доб-10 Надходження товарів і послуг ІБ00-000454 від 05.02.2025 18:00:12 Глобине-2 | D16: Кременчуцький річковий порт ПРАТ Договір 112/Б від 15.10.2024_Глобине-2 Списання з банківського рахунку 00000001239 від 31.01.2025 16:20:57 | E16: 205 | F16: 11862.09 | H16: 631 | K16: Д | L16: 259807.5
A17: 05.02.2025 | B17: Надходження дод. витрат ІБ00-000069 від 05.02.2025 18:00:13 Доп. расходы при поступлении товаров (Зачет аванса поставщику) | C17: Обл. НДС Бетон С20/25 W6 F75 P4 доб-10 Надходження товарів і послуг ІБ00-000454 від 05.02.2025 18:00:12 Глобине-2 | D17: Кременчуцький річковий порт ПРАТ Договір 112/Б від 15.10.2024_Глобине-2 Списання з банківського рахунку 00000001239 від 31.01.2025 16:20:57 | E17: 205 | F17: 27619.16 | H17: 631 | K17: Д | L17: 287426.66
A18: 05.02.2025 | B18: Вимога-накладна ІБ00-000065 від 05.02.2025 18:00:14 Списаны ТМЦ | C18: Обл. НДС Виробничий (Глобине-2) Глобине-2 Прямі материальні виробничі витрати крім зворотніх відходів | D18: Обл. НДС Шпонка гідроізоляційна ВР 200 20м п Надходження товарів і послуг ІБ00-002091 від 21.12.2023 18:14:00 Глобине-2 | E18: 231 | H18: 205 | I18: 1022 | K18: Д | L18: 286404.66
A19: 05.02.2025 | B19: Вимога-накладна ІБ00-000065 від 05.02.2025 18:00:14 Списаны ТМЦ | C19: Обл. НДС Виробничий (Глобине-2) Глобине-2 Прямі материальні виробничі витрати крім зворотніх відходів | D19: Обл. НДС Бетон С20/25 W6 F75 P4 доб-10 Надходження товарів і послуг ІБ00-000454 від 05.02.2025 18:00:12 Глобине-2 | E19: 231 | H19: 205 | I19: 53010.73 | K19: Д | L19: 233393.93
A20: 05.02.2025 | B20: Списання товарів ІБ00-000057 від 05.02.2025 18:00:15 Списаны ТМЦ | C20: Обл. НДС Виробничий (Глобине-2) Глобине-2 Прямі материальні виробничі витрати крім зворотніх відходів | D20: Обл. НДС Труба п/е 25- (2 м) Надходження товарів і послуг ІБ00-005516 від 05.11.2024 17:28:14 Глобине-2 | E20: 231 | H20: 205 | I20: 251.25 | K20: Д | L20: 233142.68
A21: 05.02.2025 | B21: Списання товарів ІБ00-000058 від 05.02.2025 18:00:19 Списаны ТМЦ | C21: Обл. НДС Виробничий (Глобине-2) Глобине-2 Прямі материальні виробничі витрати крім зворотніх відходів | D21: Обл. НДС Піна монтажна 860 мл Надходження товарів і послуг ІБ00-006233 від 14.12.2024 17:00:01 Глобине-2 | E21: 231 | H21: 205 | I21: 950 | K21: Д | L21: 232192.68
A22: 05.02.2025 | B22: Списання товарів ІБ00-000058 від 05.02.2025 18:00:19 Списаны ТМЦ | C22: Обл. НДС Виробничий (Глобине-2) Глобине-2 Прямі материальні виробничі витрати крім зворотніх відходів | D22: Обл. НДС Труба п/е 25- (2 м) Надходження товарів і послуг ІБ00-005516 від 05.11.2024 17:28:14 Глобине-2 | E22: 231 | H22: 205 | I22: 502.5 | K22: Д | L22: 231690.18
A23: 05.02.2025 | B23: Переміщення товарів ІБ00-000090 від 05.02.2025 18:10:00 Перемещение ТМЦ | C23: Обл. НДС Бетон С20/25 W6 F75 P4 доб-10 Надходження товарів і послуг ІБ00-000454 від 05.02.2025 18:00:12 СПК (Глобине) | D23: Обл. НДС Бетон С20/25 W6 F75 P4 доб-10 Надходження товарів і послуг ІБ00-000454 від 05.02.2025 18:00:12 Глобине-2 | E23: 205 | H23: 205 | I23: 39775.1 | K23: Д | L23: 191915.08
A24: 06.02.2025 | B24: Надходження товарів і послуг ІБ00-000478 від 06.02.2025 15:36:15 Оприходованы ТМЦ (Зачет аванса поставщику) | C24: Обл. НДС Коліно 110/90 ПЕТ терморезист SDR11 Надходження товарів і послуг ІБ00-000478 від 06.02.2025 15:36:15 Глобине-2 | D24: Лук'янець Максим Миколайович ФОП РАХУНКИ_Глобине 2 Рахунок на оплату постачальника ІБ00-000305 від 23.01.2025 18:20:30 | E24: 205 | F24: 3928 | H24: 631 | K24: Д | L24: 195843.08
A25: 06.02.2025 | B25: Надходження товарів і послуг ІБ00-000478 від 06.02.2025 15:36:15 Оприходованы ТМЦ (Зачет аванса поставщику) | C25: Обл. НДС Коліно 125/90 ПЕТ терморезист SDR11 Надходження товарів і послуг ІБ00-000478 від 06.02.2025 15:36:15 Глобине-2 | D25: Лук'янець Максим Миколайович ФОП РАХУНКИ_Глобине 2 Рахунок на оплату постачальника ІБ00-000305 від 23.01.2025 18:20:30 | E25: 205 | F25: 2740 | H25: 631 | K25: Д | L25: 198583.08
A26: 06.02.2025 | B26: Надходження товарів і послуг ІБ00-000478 від 06.02.2025 15:36:15 Оприходованы ТМЦ | C26: Обл. НДС Труба ПЕТ125*11,4 16атм чорна SDR11 Надходження товарів і послуг ІБ00-000478 від 06.02.2025 15:36:15 Глобине-2 | D26: Лук'янець Максим Миколайович ФОП РАХУНКИ_Глобине 2 Рахунок на оплату постачальника ІБ00-000305 від 23.01.2025 18:20:30 | E26: 205 | F26: 518.5 | H26: 631 | K26: Д | L26: 199101.58
A27: 06.02.2025 | B27: Надходження товарів і послуг ІБ00-000478 від 06.02.2025 15:36:15 Оприходованы ТМЦ (Зачет аванса поставщику) | C27: Обл. НДС Труба ПЕТ125*11,4 16атм чорна SDR11 Надходження товарів і послуг ІБ00-000478 від 06.02.2025 15:36:15 Глобине-2 | D27: Лук'янець Максим Миколайович ФОП РАХУНКИ_Глобине 2 Рахунок на оплату постачальника ІБ00-000305 від 23.01.2025 18:20:30 | E27: 205 | F27: 5106.5 | H27: 631 | K27: Д | L27: 204208.08
A28: 06.02.2025 | B28: Надходження товарів і послуг ІБ00-000478 від 06.02.2025 15:36:15 Оприходованы ТМЦ | C28: Обл. НДС Труба ПЕТ110*10 16атм чорна SDR11 Надходження товарів і послуг ІБ00-000478 від 06.02.2025 15:36:15 Глобине-2 | D28: Лук'янець Максим Миколайович ФОП РАХУНКИ_Глобине 2 Рахунок на оплату постачальника ІБ00-000305 від 23.01.2025 18:20:30 | E28: 205 | F28: 6656 | H28: 631 | K28: Д | L28: 210864.08
A29: 06.02.2025 | B29: Надходження дод. витрат ІБ00-000084 від 06.02.2025 16:00:00 Доп. расходы при поступлении товаров | C29: Обл. НДС Коліно 110/90 ПЕТ терморезист SDR11 Надходження товарів і послуг ІБ00-000478 від 06.02.2025 15:36:15 Глобине-2 | D29: Лук'янець Максим Миколайович ФОП РАХУНКИ_Глобине 2 Рахунок на оплату постачальника ІБ00-000305 від 23.01.2025 18:20:30 | E29: 205 | F29: 953.55 | H29: 631 | K29: Д | L29: 211817.63
A30: 06.02.2025 | B30: Надходження дод. витрат ІБ00-000084 від 06.02.2025 16:00:00 Доп. расходы при поступлении товаров | C30: Обл. НДС Коліно 125/90 ПЕТ терморезист SDR11 Надходження товарів і послуг ІБ00-000478 від 06.02.2025 15:36:15 Глобине-2 | D30: Лук'янець Максим Миколайович ФОП РАХУНКИ_Глобине 2 Рахунок на оплату постачальника ІБ00-000305 від 23.01.2025 18:20:30 | E30: 205 | F30: 665.15 | H30: 631 | K30: Д | L30: 212482.78
A31: 06.02.2025 | B31: Надходження дод. витрат ІБ00-000084 від 06.02.2025 16:00:00 Доп. расходы при поступлении товаров | C31: Обл. НДС Труба ПЕТ125*11,4 16атм чорна SDR11 Надходження товарів і послуг ІБ00-000478 від 06.02.2025 15:36:15 Глобине-2 | D31: Лук'янець Максим Миколайович ФОП РАХУНКИ_Глобине 2 Рахунок на оплату постачальника ІБ00-000305 від 23.01.2025 18:20:30 | E31: 205 | F31: 1365.51 | H31: 631 | K31: Д | L31: 213848.29
A32: 06.02.2025 | B32: Надходження дод. витрат ІБ00-000084 від 06.02.2025 16:00:00 Доп. расходы при поступлении товаров | C32: Обл. НДС Труба ПЕТ110*10 16атм чорна SDR11 Надходження товарів і послуг ІБ00-000478 від 06.02.2025 15:36:15 Глобине-2 | D32: Лук'янець Максим Миколайович ФОП РАХУНКИ_Глобине 2 Рахунок на оплату постачальника ІБ00-000305 від 23.01.2025 18:20:30 | E32: 205 | F32: 1615.79 | H32: 631 | K32: Д | L32: 215464.08
A33: 06.02.2025 | B33: Надходження товарів і послуг ІБ00-000464 від 06.02.2025 18:36:11 Оприходованы ТМЦ (Зачет аванса поставщику) | C33: Обл. НДС Пінополістирол фасад шаршавий 1200х600х20мм 0,264 куб м Надходження товарів і послуг ІБ00-000464 від 06.02.2025 18:36:11 Глобине-2 | D33: Лозовий Микола Миколайович ФОП РАХУНКИ_Глобино-2 Рахунок на оплату постачальника ІБ00-000266 від 30.01.2025 00:00:00 | E33: 205 | F33: 6370 | H33: 631 | K33: Д | L33: 221834.08
A34: 06.02.2025 | B34: Переміщення товарів ІБ00-000066 від 06.02.2025 18:36:12 Перемещение ТМЦ | C34: Обл. НДС Пінополістирол фасад шаршавий 1200х600х20мм 0,264 куб м Надходження товарів і послуг ІБ00-000464 від 06.02.2025 18:36:11 Котельна (Глобине) | D34: Обл. НДС Пінополістирол фасад шаршавий 1200х600х20мм 0,264 куб м Надходження товарів і послуг ІБ00-000464 від 06.02.2025 18:36:11 Глобине-2 | E34: 205 | H34: 205 | I34: 4550 | K34: Д | L34: 217284.08
A35: 06.02.2025 | B35: Переміщення товарів ІБ00-000067 від 06.02.2025 18:36:13 Перемещение ТМЦ | C35: Обл. НДС Пінополістирол фасад шаршавий 1200х600х20мм 0,264 куб м Надходження товарів і послуг ІБ00-000464 від 06.02.2025 18:36:11 Цех екстракції (Глобине) | D35: Обл. НДС Пінополістирол фасад шаршавий 1200х600х20мм 0,264 куб м Надходження товарів і послуг ІБ00-000464 від 06.02.2025 18:36:11 Глобине-2 | E35: 205 | H35: 205 | I35: 1820 | K35: Д | L35: 215464.08
A36: 06.02.2025 | B36: Надходження товарів і послуг ІБ00-000475 від 06.02.2025 18:36:14 Оприходованы ТМЦ (Зачет аванса поставщику) | C36: Обл. НДС Плінтус дуб леон 60 мм 2,5м №356 Надходження товарів і послуг ІБ00-000475 від 06.02.2025 18:36:14 Глобине-2 | D36: Лозовий Микола Миколайович ФОП РАХУНКИ_Глобино-2 Рахунок на оплату постачальника ІБ00-000267 від 30.01.2025 18:00:05 | E36: 205 | F36: 1120 | H36: 631 | K36: Д | L36: 216584.08
A37: 06.02.2025 | B37: Надходження товарів і послуг ІБ00-000475 від 06.02.2025 18:36:14 Оприходованы ТМЦ (Зачет аванса поставщику) | C37: Обл. НДС Кут внутр дуб леон 60 мм 2,5м №356 Надходження товарів і послуг ІБ00-000475 від 06.02.2025 18:36:14 Глобине-2 | D37: Лозовий Микола Миколайович ФОП РАХУНКИ_Глобино-2 Рахунок на оплату постачальника ІБ00-000267 від 30.01.2025 18:00:05 | E37: 205 | F37: 64 | H37: 631 | K37: Д | L37: 216648.08
A38: 06.02.2025 | B38: Надходження товарів і послуг ІБ00-000475 від 06.02.2025 18:36:14 Оприходованы ТМЦ (Зачет аванса поставщику) | C38: Обл. НДС З"єднання дуб леон 60 мм 2,5м №356 Надходження товарів і послуг ІБ00-000475 від 06.02.2025 18:36:14 Глобине-2 | D38: Лозовий Микола Миколайович ФОП РАХУНКИ_Глобино-2 Рахунок на оплату постачальника ІБ00-000267 від 30.01.2025 18:00:05 | E38: 205 | F38: 160 | H38: 631 | K38: Д | L38: 216808.08
A39: 06.02.2025 | B39: Надходження товарів і послуг ІБ00-000475 від 06.02.2025 18:36:14 Оприходованы ТМЦ (Зачет аванса поставщику) | C39: Обл. НДС Заглушка ліва дуб леон 60 мм 2,5м №356 Надходження товарів і послуг ІБ00-000475 від 06.02.2025 18:36:14 Глобине-2 | D39: Лозовий Микола Миколайович ФОП РАХУНКИ_Глобино-2 Рахунок на оплату постачальника ІБ00-000267 від 30.01.2025 18:00:05 | E39: 205 | F39: 16 | H39: 631 | K39: Д | L39: 216824.08
A40: 06.02.2025 | B40: Надходження товарів і послуг ІБ00-000475 від 06.02.2025 18:36:14 Оприходованы ТМЦ (Зачет аванса поставщику) | C40: Обл. НДС Заглушка права дуб леон 60 мм 2,5м №356 Надходження товарів і послуг ІБ00-000475 від 06.02.2025 18:36:14 Глобине-2 | D40: Лозовий Микола Миколайович ФОП РАХУНКИ_Глобино-2 Рахунок на оплату постачальника ІБ00-000267 від 30.01.2025 18:00:05 | E40: 205 | F40: 16 | H40: 631 | K40: Д | L40: 216840.08
A41: 06.02.2025 | B41: Надходження товарів і послуг ІБ00-000475 від 06.02.2025 18:36:14 Оприходованы ТМЦ (Зачет аванса поставщику) | C41: Обл. НДС Труба гофра ПВХ з зондом 16мм 50м/бухта Надходження товарів і послуг ІБ00-000475 від 06.02.2025 18:36:14 Глобине-2 | D41: Лозовий Микола Миколайович ФОП РАХУНКИ_Глобино-2 Рахунок на оплату постачальника ІБ00-000267 від 30.01.2025 18:00:05 | E41: 205 | F41: 780 | H41: 631 | K41: Д | L41: 217620.08
A42: 06.02.2025 | B42: Надходження товарів і послуг ІБ00-000475 від 06.02.2025 18:36:14 Оприходованы ТМЦ (Зачет аванса поставщику) | C42: Обл. НДС Провід ПВС 2*1,5 Надходження товарів і послуг ІБ00-000475 від 06.02.2025 18:36:14 Глобине-2 | D42: Лозовий Микола Миколайович ФОП РАХУНКИ_Глобино-2 Рахунок на оплату постачальника ІБ00-000267 від 30.01.2025 18:00:05 | E42: 205 | F42: 750 | H42: 631 | K42: Д | L42: 218370.08
A43: 06.02.2025 | B43: Надходження товарів і послуг ІБ00-000475 від 06.02.2025 18:36:14 Оприходованы ТМЦ (Зачет аванса поставщику) | C43: Обл. НДС Розетка 1 гніздо без з/з біла Надходження товарів і послуг ІБ00-000475 від 06.02.2025 18:36:14 Глобине-2 | D43: Лозовий Микола Миколайович ФОП РАХУНКИ_Глобино-2 Рахунок на оплату постачальника ІБ00-000267 від 30.01.2025 18:00:05 | E43: 205 | F43: 240 | H43: 631 | K43: Д | L43: 218610.08
A44: 06.02.2025 | B44: Надходження товарів і послуг ІБ00-000475 від 06.02.2025 18:36:14 Оприходованы ТМЦ (Зачет аванса поставщику) | C44: Обл. НДС Вимикач 1-клавішний Надходження товарів і послуг ІБ00-000475 від 06.02.2025 18:36:14 Глобине-2 | D44: Лозовий Микола Миколайович ФОП РАХУНКИ_Глобино-2 Рахунок на оплату постачальника ІБ00-000267 від 30.01.2025 18:00:05 | E44: 205 | F44: 120 | H44: 631 | K44: Д | L44: 218730.08
A45: 06.02.2025 | B45: Надходження товарів і послуг ІБ00-000475 від 06.02.2025 18:36:14 Оприходованы ТМЦ (Зачет аванса поставщику) | C45: Обл. НДС Світильник LED 54W 6400К білий Надходження товарів і послуг ІБ00-000475 від 06.02.2025 18:36:14 Глобине-2 | D45: Лозовий Микола Миколайович ФОП РАХУНКИ_Глобино-2 Рахунок на оплату постачальника ІБ00-000267 від 30.01.2025 18:00:05 | E45: 205 | F45: 890 | H45: 631 | K45: Д | L45: 219620.08
A46: 06.02.2025 | B46: Надходження товарів і послуг ІБ00-000475 від 06.02.2025 18:36:14 Оприходованы ТМЦ (Зачет аванса поставщику) | C46: Обл. НДС Світильник лінійний LED 1200мм 36Вт 2700Лм 6500К Надходження товарів і послуг ІБ00-000475 від 06.02.2025 18:36:14 Глобине-2 | D46: Лозовий Микола Миколайович ФОП РАХУНКИ_Глобино-2 Рахунок на оплату постачальника ІБ00-000267 від 30.01.2025 18:00:05 | E46: 205 | F46: 510 | H46: 631 | K46: Д | L46: 220130.08
A47: 06.02.2025 | B47: Надходження товарів і послуг ІБ00-000475 від 06.02.2025 18:36:14 Оприходованы ТМЦ | C47: Обл. НДС Лінолеум 2,5 товщ 2мм захист 0,4мм Надходження товарів і послуг ІБ00-000475 від 06.02.2025 18:36:14 Глобине-2 | D47: Лозовий Микола Миколайович ФОП РАХУНКИ_Глобино-2 Рахунок на оплату постачальника ІБ00-000267 від 30.01.2025 18:00:05 | E47: 205 | F47: 2409.2 | H47: 631 | K47: Д | L47: 222539.28
A48: 06.02.2025 | B48: Надходження товарів і послуг ІБ00-000475 від 06.02.2025 18:36:14 Оприходованы ТМЦ (Зачет аванса поставщику) | C48: Обл. НДС Лінолеум 2,5 товщ 2мм захист 0,4мм Надходження товарів і послуг ІБ00-000475 від 06.02.2025 18:36:14 Глобине-2 | D48: Лозовий Микола Миколайович ФОП РАХУНКИ_Глобино-2 Рахунок на оплату постачальника ІБ00-000267 від 30.01.2025 18:00:05 | E48: 205 | F48: 11690.8 | H48: 631 | K48: Д | L48: 234230.08
A49: 06.02.2025 | B49: Переміщення товарів ІБ00-000068 від 06.02.2025 18:36:16 Перемещение ТМЦ | C49: Обл. НДС Коліно 110/90 ПЕТ терморезист SDR11 Надходження товарів і послуг ІБ00-000478 від 06.02.2025 15:36:15 Цех екстракції (Глобине) | D49: Обл. НДС Коліно 110/90 ПЕТ терморезист SDR11 Надходження товарів і послуг ІБ00-000478 від 06.02.2025 15:36:15 Глобине-2 | E49: 205 | H49: 205 | I49: 4881.55 | K49: Д | L49: 229348.53
A50: 06.02.2025 | B50: Переміщення товарів ІБ00-000068 від 06.02.2025 18:36:16 Перемещение ТМЦ | C50: Обл. НДС Труба ПЕТ110*10 16атм чорна SDR11 Надходження товарів і послуг ІБ00-000478 від 06.02.2025 15:36:15 Цех екстракції (Глобине) | D50: Обл. НДС Труба ПЕТ110*10 16атм чорна SDR11 Надходження товарів і послуг ІБ00-000478 від 06.02.2025 15:36:15 Глобине-2 | E50: 205 | H50: 205 | I50: 8271.79 | K50: Д | L50: 221076.74
A51: 06.02.2025 | B51: Переміщення товарів ІБ00-000069 від 06.02.2025 18:36:17 Перемещение ТМЦ | C51: Обл. НДС Коліно 125/90 ПЕТ терморезист SDR11 Надходження товарів і послуг ІБ00-000478 від 06.02.2025 15:36:15 Котельна (Глобине) | D51: Обл. НДС Коліно 125/90 ПЕТ терморезист SDR11 Надходження товарів і послуг ІБ00-000478 від 06.02.2025 15:36:15 Глобине-2 | E51: 205 | H51: 205 | I51: 3405.15 | K51: Д | L51: 217671.59
A52: 06.02.2025 | B52: Переміщення товарів ІБ00-000069 від 06.02.2025 18:36:17 Перемещение ТМЦ | C52: Обл. НДС Труба ПЕТ125*11,4 16атм чорна SDR11 Надходження товарів і послуг ІБ00-000478 від 06.02.2025 15:36:15 Котельна (Глобине) | D52: Обл. НДС Труба ПЕТ125*11,4 16атм чорна SDR11 Надходження товарів і послуг ІБ00-000478 від 06.02.2025 15:36:15 Глобине-2 | E52: 205 | H52: 205 | I52: 6990.51 | K52: Д | L52: 210681.08
A53: 06.02.2025 | B53: Надходження товарів і послуг ІБ00-000481 від 06.02.2025 18:36:18 Оприходованы ТМЦ (Зачет аванса поставщику) | C53: Обл. НДС Бетон С20/25 W6 F75 P4 доб-10 Надходження товарів і послуг ІБ00-000481 від 06.02.2025 18:36:18 Глобине-2 | D53: Кременчуцький річковий порт ПРАТ Договір 112/Б від 15.10.2024_Глобине-2 Списання з банківського рахунку 00000001239 від 31.01.2025 16:20:57 | E53: 205 | F53: 68977.5 | H53: 631 | K53: Д | L53: 279658.58
A54: 06.02.2025 | B54: Надходження дод. витрат ІБ00-000070 від 06.02.2025 18:36:19 Доп. расходы при поступлении товаров (Зачет аванса поставщику) | C54: Обл. НДС Бетон С20/25 W6 F75 P4 доб-10 Надходження товарів і послуг ІБ00-000481 від 06.02.2025 18:36:18 Глобине-2 | D54: Кременчуцький річковий порт ПРАТ Договір 112/Б від 15.10.2024_Глобине-2 Списання з банківського рахунку 00000001239 від 31.01.2025 16:20:57 | E54: 205 | F54: 25080 | H54: 631 | K54: Д | L54: 304738.58
A55: 06.02.2025 | B55: Переміщення товарів ІБ00-000070 від 06.02.2025 18:36:20 Перемещение ТМЦ | C55: Обл. НДС Бетон С20/25 W6 F75 P4 доб-10 Надходження товарів і послуг ІБ00-000454 від 05.02.2025 18:00:12 СПК (Глобине) | D55: Обл. НДС Бетон С20/25 W6 F75 P4 доб-10 Надходження товарів і послуг ІБ00-000454 від 05.02.2025 18:00:12 Глобине-2 | E55: 205 | H55: 205 | I55: 3810.83 | K55: Д | L55: 300927.75
A56: 06.02.2025 | B56: Переміщення товарів ІБ00-000070 від 06.02.2025 18:36:20 Перемещение ТМЦ | C56: Обл. НДС Бетон С20/25 W6 F75 P4 доб-10 Надходження товарів і послуг ІБ00-000481 від 06.02.2025 18:36:18 СПК (Глобине) | D56: Обл. НДС Бетон С20/25 W6 F75 P4 доб-10 Надходження товарів і послуг ІБ00-000481 від 06.02.2025 18:36:18 Глобине-2 | E56: 205 | H56: 205 | I56: 35018.9 | K56: Д | L56: 265908.85
A57: 06.02.2025 | B57: Переміщення товарів ІБ00-000071 від 06.02.2025 18:36:21 Перемещение ТМЦ | C57: Обл. НДС Бетон С20/25 W6 F75 P4 доб-10 Надходження товарів і послуг ІБ00-000481 від 06.02.2025 18:36:18 Резервуар для зберігання розчинника(Глобине) | D57: Обл. НДС Бетон С20/25 W6 F75 P4 доб-10 Надходження товарів і послуг ІБ00-000481 від 06.02.2025 18:36:18 Глобине-2 | E57: 205 | H57: 205 | I57: 55327.94 | K57: Д | L57: 210580.91
A58: 06.02.2025 | B58: Надходження товарів і послуг ІБ00-000776 від 06.02.2025 18:36:51 Оприходованы ТМЦ | C58: Обл. НДС Клей-піна монтажна , 860 мл Надходження товарів і послуг ІБ00-000776 від 06.02.2025 18:36:51 Глобине-2 | D58: Лозовий Микола Миколайович ФОП РАХУНКИ_Глобино-2 Рахунок на оплату постачальника ІБ00-000600 від 06.02.2025 18:36:50 | E58: 205 | F58: 2190 | H58: 631 | K58: Д | L58: 212770.91
A59: 06.02.2025 | B59: Надходження товарів і послуг ІБ00-000776 від 06.02.2025 18:36:51 Оприходованы ТМЦ | C59: Обл. НДС Пінополістирол фасад шаршавий 1200х600х20мм 0,264 куб м Надходження товарів і послуг ІБ00-000776 від 06.02.2025 18:36:51 Глобине-2 | D59: Лозовий Микола Миколайович ФОП РАХУНКИ_Глобино-2 Рахунок на оплату постачальника ІБ00-000600 від 06.02.2025 18:36:50 | E59: 205 | F59: 195 | H59: 631 | K59: Д | L59: 212965.91
A60: 06.02.2025 | B60: Надходження товарів і послуг ІБ00-000776 від 06.02.2025 18:36:51 Оприходованы ТМЦ | C60: Обл. НДС Пінополістирол фасад шаршавий 1200х600х20мм 0,264 куб м Надходження товарів і послуг ІБ00-000776 від 06.02.2025 18:36:51 Глобине-2 | D60: Лозовий Микола Миколайович ФОП РАХУНКИ_Глобино-2 Рахунок на оплату постачальника ІБ00-000600 від 06.02.2025 18:36:50 | E60: 205 | F60: 10200 | H60: 631 | K60: Д | L60: 223165.91
A61: 06.02.2025 | B61: Переміщення товарів ІБ00-000159 від 06.02.2025 18:36:52 Перемещение ТМЦ | C61: Обл. НДС Клей-піна монтажна , 860 мл Надходження товарів і послуг ІБ00-000776 від 06.02.2025 18:36:51 Котельна (Глобине) | D61: Обл. НДС Клей-піна монтажна , 860 мл Надходження товарів і послуг ІБ00-000776 від 06.02.2025 18:36:51 Глобине-2 | E61: 205 | H61: 205 | I61: 1251.43 | K61: Д | L61: 221914.48
A62: 06.02.2025 | B62: Переміщення товарів ІБ00-000160 від 06.02.2025 18:36:53 Перемещение ТМЦ | C62: Обл. НДС Клей-піна монтажна , 860 мл Надходження товарів і послуг ІБ00-000776 від 06.02.2025 18:36:51 Цех екстракції (Глобине) | D62: Обл. НДС Клей-піна монтажна , 860 мл Надходження товарів і послуг ІБ00-000776 від 06.02.2025 18:36:51 Глобине-2 | E62: 205 | H62: 205 | I62: 938.57 | K62: Д | L62: 220975.91
A63: 06.02.2025 | B63: Переміщення товарів ІБ00-000161 від 06.02.2025 18:36:54 Перемещение ТМЦ | C63: Обл. НДС Пінополістирол фасад шаршавий 1200х600х20мм 0,264 куб м Надходження товарів і послуг ІБ00-000776 від 06.02.2025 18:36:51 Резервуар для зберігання розчинника(Глобине) | D63: Обл. НДС Пінополістирол фасад шаршавий 1200х600х20мм 0,264 куб м Надходження товарів і послуг ІБ00-000776 від 06.02.2025 18:36:51 Глобине-2 | E63: 205 | H63: 205 | I63: 224.35 | K63: Д | L63: 220751.56
A64: 06.02.2025 | B64: Переміщення товарів ІБ00-000161 від 06.02.2025 18:36:54 Перемещение ТМЦ | C64: Обл. НДС Пінополістирол фасад шаршавий 1200х600х20мм 0,264 куб м Надходження товарів і послуг ІБ00-000776 від 06.02.2025 18:36:51 Резервуар для зберігання розчинника(Глобине) | D64: Обл. НДС Пінополістирол фасад шаршавий 1200х600х20мм 0,264 куб м Надходження товарів і послуг ІБ00-000776 від 06.02.2025 18:36:51 Глобине-2 | E64: 205 | H64: 205 | I64: 10170.65 | K64: Д | L64: 210580.91
A65: 07.02.2025 | B65: Надходження товарів і послуг ІБ00-000491 від 07.02.2025 18:30:12 Оприходованы ТМЦ | C65: Обл. НДС Пісок з відсіву дроблення щебеню фр. 0-5мм. Надходження товарів і послуг ІБ00-000491 від 07.02.2025 18:30:12 Глобине-2 | D65: Енергія Логістик ТОВ №28/10-2024 ВІД 28/10/24_Глобине-2 Рахунок на оплату постачальника ІБ00-000420 від 07.02.2025 18:30:11 | E65: 205 | F65: 14091 | H65: 631 | K65: Д | L65: 224671.91
A66: 07.02.2025 | B66: Надходження товарів і послуг ІБ00-000491 від 07.02.2025 18:30:12 Оприходованы ТМЦ | C66: Обл. НДС Щебінь 20-40 Надходження товарів і послуг ІБ00-000491 від 07.02.2025 18:30:12 Глобине-2 | D66: Енергія Логістик ТОВ №28/10-2024 ВІД 28/10/24_Глобине-2 Рахунок на оплату постачальника ІБ00-000420 від 07.02.2025 18:30:11 | E66: 205 | F66: 53367.83 | H66: 631 | K66: Д | L66: 278039.74
A67: 07.02.2025 | B67: Надходження дод. витрат ІБ00-000072 від 07.02.2025 18:30:13 Доп. расходы при поступлении товаров | C67: Обл. НДС Пісок з відсіву дроблення щебеню фр. 0-5мм. Надходження товарів і послуг ІБ00-000491 від 07.02.2025 18:30:12 Глобине-2 | D67: Енергія Логістик ТОВ №28/10-2024 ВІД 28/10/24_Глобине-2 Рахунок на оплату постачальника ІБ00-000420 від 07.02.2025 18:30:11 | E67: 205 | F67: 32879 | H67: 631 | K67: Д | L67: 310918.74
A68: 07.02.2025 | B68: Надходження дод. витрат ІБ00-000072 від 07.02.2025 18:30:13 Доп. расходы при поступлении товаров | C68: Обл. НДС Щебінь 20-40 Надходження товарів і послуг ІБ00-000491 від 07.02.2025 18:30:12 Глобине-2 | D68: Енергія Логістик ТОВ №28/10-2024 ВІД 28/10/24_Глобине-2 Рахунок на оплату постачальника ІБ00-000420 від 07.02.2025 18:30:11 | E68: 205 | F68: 58985.5 | H68: 631 | K68: Д | L68: 369904.24
A69: 07.02.2025 | B69: Переміщення товарів ІБ00-000075 від 07.02.2025 18:30:14 Перемещение ТМЦ | C69: Обл. НДС Пісок з відсіву дроблення щебеню фр. 0-5мм. Надходження товарів і послуг ІБ00-000491 від 07.02.2025 18:30:12 СПК (Глобине) | D69: Обл. НДС Пісок з відсіву дроблення щебеню фр. 0-5мм. Надходження товарів і послуг ІБ00-000491 від 07.02.2025 18:30:12 Глобине-2 | E69: 205 | H69: 205 | I69: 46970 | K69: Д | L69: 322934.24
A70: 07.02.2025 | B70: Переміщення товарів ІБ00-000076 від 07.02.2025 18:30:15 Перемещение ТМЦ | C70: Обл. НДС Щебінь 20-40 Надходження товарів і послуг ІБ00-000491 від 07.02.2025 18:30:12 Резервуар для зберігання розчинника(Глобине) | D70: Обл. НДС Щебінь 20-40 Надходження товарів і послуг ІБ00-000491 від 07.02.2025 18:30:12 Глобине-2 | E70: 205 | H70: 205 | I70: 112353.33 | K70: Д | L70: 210580.91
A71: 08.02.2025 | B71: Надходження товарів і послуг ІБ00-000522 від 08.02.2025 10:00:03 Оприходованы ТМЦ (Зачет аванса поставщику) | C71: Обл. НДС Бетон С20/25 W6 F75 P4 доб-10 Надходження товарів і послуг ІБ00-000522 від 08.02.2025 10:00:03 Глобине-2 | D71: Кременчуцький річковий порт ПРАТ Договір 112/Б від 15.10.2024_Глобине-2 Списання з банківського рахунку 00000001686 від 07.02.2025 17:38:53 | E71: 205 | F71: 100289.1 | H71: 631 | K71: Д | L71: 310870.01
A72: 08.02.2025 | B72: Надходження товарів і послуг ІБ00-000522 від 08.02.2025 10:00:03 Оприходованы ТМЦ (Зачет аванса поставщику) | C72: Обл. НДС Бетон С20/25 W6 F75 P4 доб-10 Надходження товарів і послуг ІБ00-000522 від 08.02.2025 10:00:03 Глобине-2 | D72: Кременчуцький річковий порт ПРАТ Договір 112/Б від 15.10.2024_Глобине-2 Списання з банківського рахунку 00000001239 від 31.01.2025 16:20:57 | E72: 205 | F72: 16025.9 | H72: 631 | K72: Д | L72: 326895.91
A73: 08.02.2025 | B73: Надходження дод. витрат ІБ00-000075 від 08.02.2025 10:10:04 Доп. расходы при поступлении товаров (Зачет аванса поставщику) | C73: Обл. НДС Бетон С20/25 W6 F75 P4 доб-10 Надходження товарів і послуг ІБ00-000522 від 08.02.2025 10:00:03 Глобине-2 | D73: Кременчуцький річковий порт ПРАТ Договір 112/Б від 15.10.2024_Глобине-2 Списання з банківського рахунку 00000001686 від 07.02.2025 17:38:53 | E73: 205 | F73: 30600.5 | H73: 631 | K73: Д | L73: 357496.41
A74: 08.02.2025 | B74: Переміщення товарів ІБ00-000097 від 08.02.2025 10:20:00 Перемещение ТМЦ | C74: Обл. НДС Бетон С20/25 W6 F75 P4 доб-10 Надходження товарів і послуг ІБ00-000481 від 06.02.2025 18:36:18 Котельна (Глобине) | D74: Обл. НДС Бетон С20/25 W6 F75 P4 доб-10 Надходження товарів і послуг ІБ00-000481 від 06.02.2025 18:36:18 Глобине-2 | E74: 205 | H74: 205 | I74: 3710.66 | K74: Д | L74: 353785.75
A75: 08.02.2025 | B75: Переміщення товарів ІБ00-000097 від 08.02.2025 10:20:00 Перемещение ТМЦ | C75: Обл. НДС Бетон С20/25 W6 F75 P4 доб-10 Надходження товарів і послуг ІБ00-000522 від 08.02.2025 10:00:03 Котельна (Глобине) | D75: Обл. НДС Бетон С20/25 W6 F75 P4 доб-10 Надходження товарів і послуг ІБ00-000522 від 08.02.2025 10:00:03 Глобине-2 | E75: 205 | H75: 205 | I75: 92228.77 | K75: Д | L75: 261556.98
A76: 08.02.2025 | B76: Переміщення товарів ІБ00-000098 від 08.02.2025 10:20:00 Перемещение ТМЦ | C76: Обл. НДС Бетон С20/25 W6 F75 P4 доб-10 Надходження товарів і послуг ІБ00-000522 від 08.02.2025 10:00:03 СПК (Глобине) | D76: Обл. НДС Бетон С20/25 W6 F75 P4 доб-10 Надходження товарів і послуг ІБ00-000522 від 08.02.2025 10:00:03 Глобине-2 | E76: 205 | H76: 205 | I76: 17083.2 | K76: Д | L76: 244473.78
A77: 08.02.2025 | B77: Переміщення товарів ІБ00-000096 від 08.02.2025 10:20:05 Перемещение ТМЦ | C77: Обл. НДС Бетон С20/25 W6 F75 P4 доб-10 Надходження товарів і послуг ІБ00-000522 від 08.02.2025 10:00:03 Цех екстракції (Глобине) | D77: Обл. НДС Бетон С20/25 W6 F75 P4 доб-10 Надходження товарів і послуг ІБ00-000522 від 08.02.2025 10:00:03 Глобине-2 | E77: 205 | H77: 205 | I77: 34166.39 | K77: Д | L77: 210307.39
A78: 13.02.2025 | B78: Переміщення товарів ІБ00-000099 від 13.02.2025 18:04:53 Перемещение ТМЦ | C78: Обл. НДС Патрон монтаж. 6,8*11 мм червоні Надходження товарів і послуг ІБ00-006244 від 12.12.2024 18:00:40 Глобине-2 | D78: Обл. НДС Патрон монтаж. 6,8*11 мм червоні Надходження товарів і послуг ІБ00-006244 від 12.12.2024 18:00:40 Путрівка КМД | E78: 205 | F78: 633.82 | H78: 205 | K78: Д | L78: 210941.21
A79: 13.02.2025 | B79: Переміщення товарів ІБ00-000099 від 13.02.2025 18:04:53 Перемещение ТМЦ | C79: Обл. НДС Фіксатор зірочка 25 Надходження товарів і послуг ІБ00-005494 від 04.11.2024 17:13:00 Глобине-2 | D79: Обл. НДС Фіксатор зірочка 25 Надходження товарів і послуг ІБ00-005494 від 04.11.2024 17:13:00 Путрівка КМД | E79: 205 | F79: 500 | H79: 205 | K79: Д | L79: 211441.21
A80: 13.02.2025 | B80: Надходження товарів і послуг ІБ00-000541 від 13.02.2025 18:05:07 Оприходованы ТМЦ (Зачет аванса поставщику) | C80: Обл. НДС Бетон С 8/10 Р4 доб-15 Надходження товарів і послуг ІБ00-000541 від 13.02.2025 18:05:07 Глобине-2 | D80: Кременчуцький річковий порт ПРАТ Договір 112/Б від 15.10.2024_Глобине-2 Списання з банківського рахунку 00000001686 від 07.02.2025 17:38:53 | E80: 205 | F80: 20000 | H80: 631 | K80: Д | L80: 231441.21
A81: 13.02.2025 | B81: Надходження товарів і послуг ІБ00-000541 від 13.02.2025 18:05:07 Оприходованы ТМЦ (Зачет аванса поставщику) | C81: Обл. НДС Бетон С20/25 W6 F75 P4 доб-15 Надходження товарів і послуг ІБ00-000541 від 13.02.2025 18:05:07 Глобине-2 | D81: Кременчуцький річковий порт ПРАТ Договір 112/Б від 15.10.2024_Глобине-2 Списання з банківського рахунку 00000001686 від 07.02.2025 17:38:53 | E81: 205 | F81: 105105 | H81: 631 | K81: Д | L81: 336546.21
A82: 13.02.2025 | B82: Надходження дод. витрат ІБ00-000079 від 13.02.2025 18:05:08 Доп. расходы при поступлении товаров (Зачет аванса поставщику) | C82: Обл. НДС Бетон С 8/10 Р4 доб-15 Надходження товарів і послуг ІБ00-000541 від 13.02.2025 18:05:07 Глобине-2 | D82: Кременчуцький річковий порт ПРАТ Договір 112/Б від 15.10.2024_Глобине-2 Списання з банківського рахунку 00000001686 від 07.02.2025 17:38:53 | E82: 205 | F82: 6339.95 | H82: 631 | K82: Д | L82: 342886.16
A83: 13.02.2025 | B83: Надходження дод. витрат ІБ00-000079 від 13.02.2025 18:05:08 Доп. расходы при поступлении товаров (Зачет аванса поставщику) | C83: Обл. НДС Бетон С20/25 W6 F75 P4 доб-15 Надходження товарів і послуг ІБ00-000541 від 13.02.2025 18:05:07 Глобине-2 | D83: Кременчуцький річковий порт ПРАТ Договір 112/Б від 15.10.2024_Глобине-2 Списання з банківського рахунку 00000001686 від 07.02.2025 17:38:53 | E83: 205 | F83: 33318.05 | H83: 631 | K83: Д | L83: 376204.21
A84: 13.02.2025 | B84: Переміщення товарів ІБ00-000101 від 13.02.2025 18:15:00 Перемещение ТМЦ | C84: Обл. НДС Бетон С20/25 W6 F75 P4 доб-15 Надходження товарів і послуг ІБ00-000541 від 13.02.2025 18:05:07 Резервуарний парк соєвої меляси (Глобине) | D84: Обл. НДС Бетон С20/25 W6 F75 P4 доб-15 Надходження товарів і послуг ІБ00-000541 від 13.02.2025 18:05:07 Глобине-2 | E84: 205 | H84: 205 | I84: 102469.01 | K84: Д | L84: 273735.2
A85: 13.02.2025 | B85: Переміщення товарів ІБ00-000102 від 13.02.2025 18:15:00 Перемещение ТМЦ | C85: Обл. НДС Бетон С20/25 W6 F75 P4 доб-15 Надходження товарів і послуг ІБ00-000541 від 13.02.2025 18:05:07 Цех екстракції (Глобине) | D85: Обл. НДС Бетон С20/25 W6 F75 P4 доб-15 Надходження товарів і послуг ІБ00-000541 від 13.02.2025 18:05:07 Глобине-2 | E85: 205 | H85: 205 | I85: 35954.04 | K85: Д | L85: 237781.16
A86: 13.02.2025 | B86: Переміщення товарів ІБ00-000103 від 13.02.2025 18:15:00 Перемещение ТМЦ | C86: Обл. НДС Бетон С 8/10 Р4 доб-15 Надходження товарів і послуг ІБ00-000541 від 13.02.2025 18:05:07 Резервуар для зберігання розчинника(Глобине) | D86: Обл. НДС Бетон С 8/10 Р4 доб-15 Надходження товарів і послуг ІБ00-000541 від 13.02.2025 18:05:07 Глобине-2 | E86: 205 | H86: 205 | I86: 13169.98 | K86: Д | L86: 224611.18
A87: 13.02.2025 | B87: Переміщення товарів ІБ00-000104 від 13.02.2025 18:15:00 Перемещение ТМЦ | C87: Обл. НДС Бетон С 8/10 Р4 доб-15 Надходження товарів і послуг ІБ00-000541 від 13.02.2025 18:05:07 СПК (Глобине) | D87: Обл. НДС Бетон С 8/10 Р4 доб-15 Надходження товарів і послуг ІБ00-000541 від 13.02.2025 18:05:07 Глобине-2 | E87: 205 | H87: 205 | I87: 13169.97 | K87: Д | L87: 211441.21
A88: 13.02.2025 | B88: Надходження товарів і послуг ІБ00-000543 від 13.02.2025 18:15:01 Оприходованы ТМЦ | C88: Обл. НДС Провід ПВС 4*4,0 Expert Power Надходження товарів і послуг ІБ00-000543 від 13.02.2025 18:15:01 Глобине-2 | D88: СКАЙ-ЕНЕРДЖИ Рахунки_Глобине-2 Рахунок на оплату постачальника ІБ00-000474 від 10.02.2025 17:47:36 | E88: 205 | F88: 8285 | H88: 631 | K88: Д | L88: 219726.21
A89: 13.02.2025 | B89: Надходження товарів і послуг ІБ00-000543 від 13.02.2025 18:15:01 Оприходованы ТМЦ | C89: Обл. НДС Провід ПВС 4*2,5 Expert Power Надходження товарів і послуг ІБ00-000543 від 13.02.2025 18:15:01 Глобине-2 | D89: СКАЙ-ЕНЕРДЖИ Рахунки_Глобине-2 Рахунок на оплату постачальника ІБ00-000474 від 10.02.2025 17:47:36 | E89: 205 | F89: 7387.5 | H89: 631 | K89: Д | L89: 227113.71
A90: 13.02.2025 | B90: Переміщення товарів ІБ00-000105 від 13.02.2025 18:20:00 Перемещение ТМЦ | C90: Обл. НДС Провід ПВС 4*4,0 Expert Power Надходження товарів і послуг ІБ00-000543 від 13.02.2025 18:15:01 Пожежений резервуар (Глобине) | D90: Обл. НДС Провід ПВС 4*4,0 Expert Power Надходження товарів і послуг ІБ00-000543 від 13.02.2025 18:15:01 Глобине-2 | E90: 205 | H90: 205 | I90: 8285 | K90: Д | L90: 218828.71
A91: 13.02.2025 | B91: Переміщення товарів ІБ00-000106 від 13.02.2025 18:20:00 Перемещение ТМЦ | C91: Обл. НДС Провід ПВС 4*2,5 Expert Power Надходження товарів і послуг ІБ00-000543 від 13.02.2025 18:15:01 Пункт фасування та зберігання в бігбегах (Глобине) | D91: Обл. НДС Провід ПВС 4*2,5 Expert Power Надходження товарів і послуг ІБ00-000543 від 13.02.2025 18:15:01 Глобине-2 | E91: 205 | H91: 205 | I91: 7387.5 | K91: Д | L91: 211441.21
A92: 14.02.2025 | B92: Надходження товарів і послуг ІБ00-000546 від 14.02.2025 10:00:00 Оприходованы ТМЦ | C92: Обл. НДС Прокат сталевий круглий (кл. А240С) ф10мм, ст.3пс, міра 6м Надходження товарів і послуг ІБ00-000546 від 14.02.2025 10:00:00 Глобине-2 | D92: ВІКАНТ фірма ТОВ 10/04-1 від 10.04.2022_Глобине-2 Рахунок на оплату постачальника ІБ00-000475 від 12.02.2025 18:02:49 | E92: 205 | F92: 19240 | H92: 631 | K92: Д | L92: 230681.21
A93: 14.02.2025 | B93: Надходження товарів і послуг ІБ00-000546 від 14.02.2025 10:00:00 Оприходованы ТМЦ | C93: Обл. НДС Прокат сталевий круглий (кл. А240С) ф12мм, ст.3пс, міра 6м Надходження товарів і послуг ІБ00-000546 від 14.02.2025 10:00:00 Глобине-2 | D93: ВІКАНТ фірма ТОВ 10/04-1 від 10.04.2022_Глобине-2 Рахунок на оплату постачальника ІБ00-000475 від 12.02.2025 18:02:49 | E93: 205 | F93: 7800 | H93: 631 | K93: Д | L93: 238481.21
A94: 14.02.2025 | B94: Надходження товарів і послуг ІБ00-000546 від 14.02.2025 10:00:00 Оприходованы ТМЦ | C94: Обл. НДС Прокат арматурний №12 мм А500С 12м Надходження товарів і послуг ІБ00-000546 від 14.02.2025 10:00:00 Глобине-2 | D94: ВІКАНТ фірма ТОВ 10/04-1 від 10.04.2022_Глобине-2 Рахунок на оплату постачальника ІБ00-000475 від 12.02.2025 18:02:49 | E94: 205 | F94: 380266.67 | H94: 631 | K94: Д | L94: 618747.88
A95: 14.02.2025 | B95: Надходження товарів і послуг ІБ00-000546 від 14.02.2025 10:00:00 Оприходованы ТМЦ | C95: Обл. НДС Прокат арматурний №14 мм А500С, 12 м Надходження товарів і послуг ІБ00-000546 від 14.02.2025 10:00:00 Глобине-2 | D95: ВІКАНТ фірма ТОВ 10/04-1 від 10.04.2022_Глобине-2 Рахунок на оплату постачальника ІБ00-000475 від 12.02.2025 18:02:49 | E95: 205 | F95: 52958.33 | H95: 631 | K95: Д | L95: 671706.21
A96: 14.02.2025 | B96: Надходження товарів і послуг ІБ00-000546 від 14.02.2025 10:00:00 Оприходованы ТМЦ | C96: Обл. НДС Кутик 50х50х5мм ст 3пс МІРА Надходження товарів і послуг ІБ00-000546 від 14.02.2025 10:00:00 Глобине-2 | D96: ВІКАНТ фірма ТОВ 10/04-1 від 10.04.2022_Глобине-2 Рахунок на оплату постачальника ІБ00-000475 від 12.02.2025 18:02:49 | E96: 205 | F96: 3510 | H96: 631 | K96: Д | L96: 675216.21
A97: 14.02.2025 | B97: Надходження товарів і послуг ІБ00-000546 від 14.02.2025 10:00:00 Оприходованы ТМЦ | C97: Обл. НДС Дріт 1,2 мм термооброблений Надходження товарів і послуг ІБ00-000546 від 14.02.2025 10:00:00 Глобине-2 | D97: ВІКАНТ фірма ТОВ 10/04-1 від 10.04.2022_Глобине-2 Рахунок на оплату постачальника ІБ00-000475 від 12.02.2025 18:02:49 | E97: 205 | F97: 2284.92 | H97: 631 | K97: Д | L97: 677501.13
A98: 14.02.2025 | B98: Надходження товарів і послуг ІБ00-000546 від 14.02.2025 10:00:00 Оприходованы ТМЦ | C98: Обл. НДС Прокат арматурний № 8 мм А500С 12м Надходження товарів і послуг ІБ00-000546 від 14.02.2025 10:00:00 Глобине-2 | D98: ВІКАНТ фірма ТОВ 10/04-1 від 10.04.2022_Глобине-2 Рахунок на оплату постачальника ІБ00-000475 від 12.02.2025 18:02:49 | E98: 205 | F98: 35550 | H98: 631 | K98: Д | L98: 713051.13
A99: 14.02.2025 | B99: Надходження товарів і послуг ІБ00-000546 від 14.02.2025 10:00:00 Оприходованы ТМЦ | C99: Обл. НДС Прокат арматурний №16 мм А500С Надходження товарів і послуг ІБ00-000546 від 14.02.2025 10:00:00 Глобине-2 | D99: ВІКАНТ фірма ТОВ 10/04-1 від 10.04.2022_Глобине-2 Рахунок на оплату постачальника ІБ00-000475 від 12.02.2025 18:02:49 | E99: 205 | F99: 31258.33 | H99: 631 | K99: Д | L99: 744309.46
A100: 14.02.2025 | B100: Надходження товарів і послуг ІБ00-000546 від 14.02.2025 10:00:00 Оприходованы ТМЦ | C100: Обл. НДС Кутик 40*40*4 мм ст3пс Надходження товарів і послуг ІБ00-000546 від 14.02.2025 10:00:00 Глобине-2 | D100: ВІКАНТ фірма ТОВ 10/04-1 від 10.04.2022_Глобине-2 Рахунок на оплату постачальника ІБ00-000475 від 12.02.2025 18:02:49 | E100: 205 | F100: 22950 | H100: 631 | K100: Д | L100: 767259.46
...

Sheet Котельна
A1: Період | B1: Документ | C1: Аналітика Дт | D1: Аналітика Кт | E1: Дебет | H1: Кредит | K1: Поточне сальдо
E2: Рахунок | H2: Рахунок
A3: 01.02.2025 | B3: Переміщення товарів ІБ00-000055 від 01.02.2025 18:10:00 Перемещение ТМЦ | C3: Обл. НДС Бетон С20/25 W6 F75 P4 Надходження товарів і послуг ІБ00-000353 від 01.02.2025 18:00:04 Котельна (Глобине) | D3: Обл. НДС Бетон С20/25 W6 F75 P4 Надходження товарів і послуг ІБ00-000353 від 01.02.2025 18:00:04 Глобине-2 | E3: 205 | F3: 62370.47 | H3: 205 | K3: Д | L3: 591721
A4: 01.02.2025 | B4: Переміщення товарів ІБ00-000092 від 01.02.2025 18:10:14 Перемещение ТМЦ | C4: Обл. НДС Щебінь 20-40 Надходження товарів і послуг ІБ00-006224 від 12.12.2024 18:00:32 Котельна (Глобине) | D4: Обл. НДС Щебінь 20-40 Надходження товарів і послуг ІБ00-006224 від 12.12.2024 18:00:32 Цех екстракції (Глобине) | E4: 205 | F4: 26455.21 | H4: 205 | K4: Д | L4: 618176.21
A5: 01.02.2025 | B5: Переміщення товарів ІБ00-000093 від 01.02.2025 18:10:15 Перемещение ТМЦ | C5: Обл. НДС Пінополістирол екструдований 20х600х1200мм Надходження товарів і послуг ІБ00-006461 від 20.12.2024 18:18:13 Котельна (Глобине) | D5: Обл. НДС Пінополістирол екструдований 20х600х1200мм Надходження товарів і послуг ІБ00-006461 від 20.12.2024 18:18:13 СПК (Глобине) | E5: 205 | F5: 1269.83 | H5: 205 | K5: Д | L5: 619446.04
A6: 01.02.2025 | B6: Переміщення товарів ІБ00-000095 від 01.02.2025 18:10:17 Перемещение ТМЦ | C6: Обл. НДС Бетон С20/25 W6 F75 P4 доб-5 Надходження товарів і послуг ІБ00-000087 від 15.01.2025 18:05:18 Котельна (Глобине) | D6: Обл. НДС Бетон С20/25 W6 F75 P4 доб-5 Надходження товарів і послуг ІБ00-000087 від 15.01.2025 18:05:18 Насосна Градирня (Глобине) | E6: 205 | F6: 11554 | H6: 205 | K6: Д | L6: 631000.04
A7: 01.02.2025 | B7: Переміщення товарів ІБ00-000095 від 01.02.2025 18:10:17 Перемещение ТМЦ | C7: Обл. НДС Бетон С20/25 W6 F75 P4 доб-5 Надходження товарів і послуг ІБ00-000148 від 17.01.2025 17:59:51 Котельна (Глобине) | D7: Обл. НДС Бетон С20/25 W6 F75 P4 доб-5 Надходження товарів і послуг ІБ00-000148 від 17.01.2025 17:59:51 Насосна Градирня (Глобине) | E7: 205 | F7: 2504.18 | H7: 205 | K7: Д | L7: 633504.22
A8: 01.02.2025 | B8: Переміщення товарів ІБ00-000127 від 01.02.2025 18:10:52 Перемещение ТМЦ | C8: Обл. НДС Щебінь 40-70 Надходження товарів і послуг ІБ00-005821 від 05.11.2024 20:00:09 Насосна Градирня (Глобине) | D8: Обл. НДС Щебінь 40-70 Надходження товарів і послуг ІБ00-005821 від 05.11.2024 20:00:09 Котельна (Глобине) | E8: 205 | H8: 205 | I8: 20275.5 | K8: Д | L8: 613228.72
A9: 01.02.2025 | B9: Переміщення товарів ІБ00-000127 від 01.02.2025 18:10:52 Перемещение ТМЦ | C9: Обл. НДС Щебінь 40-70 Надходження товарів і послуг ІБ00-005854 від 11.11.2024 18:00:22 Насосна Градирня (Глобине) | D9: Обл. НДС Щебінь 40-70 Надходження товарів і послуг ІБ00-005854 від 11.11.2024 18:00:22 Котельна (Глобине) | E9: 205 | H9: 205 | I9: 11501 | K9: Д | L9: 601727.72
A10: 01.02.2025 | B10: Переміщення товарів ІБ00-000139 від 01.02.2025 18:11:37 Перемещение ТМЦ | C10: Обл. НДС Кутник 75*75 мм 12 м Надходження товарів і послуг ІБ00-006410 від 23.12.2024 17:16:14 Цех екстракції (Глобине) | D10: Обл. НДС Кутник 75*75 мм 12 м Надходження товарів і послуг ІБ00-006410 від 23.12.2024 17:16:14 Котельна (Глобине) | E10: 205 | H10: 205 | I10: 1043.42 | K10: Д | L10: 600684.3
A11: 03.02.2025 | B11: Надходження товарів і послуг ІБ00-000418 від 03.02.2025 18:10:14 Оприходованы ТМЦ | C11: Обл. НДС Арматура №18 А-400С/500С 12 м Надходження товарів і послуг ІБ00-000418 від 03.02.2025 18:10:14 Котельна (Глобине) | D11: МЕТАЛ ХОЛДІНГ ТРЕЙД ТОВ Договір 01/467/24 від 06.09.2024_Глобине-2 Рахунок на оплату постачальника ІБ00-000364 від 31.01.2025 23:20:20 | E11: 205 | F11: 15266.77 | H11: 631 | K11: Д | L11: 615951.07
A12: 03.02.2025 | B12: Надходження дод. витрат ІБ00-000068 від 03.02.2025 18:10:15 Доп. расходы при поступлении товаров | C12: Обл. НДС Арматура №18 А-400С/500С 12 м Надходження товарів і послуг ІБ00-000418 від 03.02.2025 18:10:14 Котельна (Глобине) | D12: МЕТАЛ ХОЛДІНГ ТРЕЙД ТОВ Договір 01/467/24 від 06.09.2024_Глобине-2 Рахунок на оплату постачальника ІБ00-000364 від 31.01.2025 23:20:20 | E12: 205 | F12: 7710 | H12: 631 | K12: Д | L12: 623661.07
A13: 03.02.2025 | B13: Надходження товарів і послуг ІБ00-000503 від 03.02.2025 18:10:29 Оприходованы ТМЦ (Зачет аванса поставщику) | C13: Обл. НДС Гвинт 3,5*9,5 самосв цб нпкр Надходження товарів і послуг ІБ00-000503 від 03.02.2025 18:10:29 Котельна (Глобине) | D13: Солді і Ко ПАТ Дог № 378542-55/19 від 21.01.2019 р. РАХ_Глобине-2 Рахунок на оплату постачальника ІБ00-000303 від 23.01.2025 18:20:29 | E13: 205 | F13: 234.33 | H13: 631 | K13: Д | L13: 623895.4
A14: 05.02.2025 | B14: Списання товарів ІБ00-000060 від 05.02.2025 00:00:00 Списаны ТМЦ | C14: Обл. НДС Виробничий (Глобине-2) Глобине-2 Прямі материальні виробничі витрати крім зворотніх відходів | D14: Обл. НДС Шуруп г/к по дереву 4,2*76 мм Надходження товарів і послуг ІБ00-000089 від 01.01.2025 18:00:23 Котельна (Глобине) | E14: 231 | H14: 205 | I14: 91.25 | K14: Д | L14: 623804.15
A15: 05.02.2025 | B15: Списання товарів ІБ00-000060 від 05.02.2025 00:00:00 Списаны ТМЦ | C15: Обл. НДС Виробничий (Глобине-2) Глобине-2 Прямі материальні виробничі витрати крім зворотніх відходів | D15: Обл. НДС Шуруп г/к по дереву 4,2*76 мм Надходження товарів і послуг ІБ00-000111 від 14.01.2025 18:05:23 Котельна (Глобине) | E15: 231 | H15: 205 | I15: 182.5 | K15: Д | L15: 623621.65
A16: 05.02.2025 | B16: Вимога-накладна ІБ00-000068 від 05.02.2025 18:15:26 Списаны ТМЦ | C16: Обл. НДС Виробничий (Глобине-2) Глобине-2 Прямі материальні виробничі витрати крім зворотніх відходів | D16: Обл. НДС Арматура №12 А240С L=6000 мм Надходження товарів і послуг ІБ00-004646 від 02.10.2024 17:19:54 Котельна (Глобине) | E16: 231 | H16: 205 | I16: 2238.33 | K16: Д | L16: 621383.32
A17: 05.02.2025 | B17: Вимога-накладна ІБ00-000069 від 05.02.2025 18:15:29 Списаны ТМЦ | C17: Обл. НДС Виробничий (Глобине-2) Глобине-2 Прямі материальні виробничі витрати крім зворотніх відходів | D17: Обл. НДС Плівка п/е рукав 1500*100 Надходження товарів і послуг ІБ00-005781 від 19.11.2024 17:51:41 Котельна (Глобине) | E17: 231 | H17: 205 | I17: 1351.75 | K17: Д | L17: 620031.57
A18: 05.02.2025 | B18: Вимога-накладна ІБ00-000069 від 05.02.2025 18:15:29 Списаны ТМЦ | C18: Обл. НДС Виробничий (Глобине-2) Глобине-2 Прямі материальні виробничі витрати крім зворотніх відходів | D18: Обл. НДС Бетон С20/25 W6 F75 P4 Надходження товарів і послуг ІБ00-000353 від 01.02.2025 18:00:04 Котельна (Глобине) | E18: 231 | H18: 205 | I18: 62370.47 | K18: Д | L18: 557661.1
A19: 05.02.2025 | B19: Вимога-накладна ІБ00-000069 від 05.02.2025 18:15:29 Списаны ТМЦ | C19: Обл. НДС Виробничий (Глобине-2) Глобине-2 Прямі материальні виробничі витрати крім зворотніх відходів | D19: Обл. НДС Бетон С20/25 W6 F75 P4 доб-5 Надходження товарів і послуг ІБ00-000087 від 15.01.2025 18:05:18 Котельна (Глобине) | E19: 231 | H19: 205 | I19: 4197.95 | K19: Д | L19: 553463.15
A20: 05.02.2025 | B20: Вимога-накладна ІБ00-000069 від 05.02.2025 18:15:29 Списаны ТМЦ | C20: Обл. НДС Виробничий (Глобине-2) Глобине-2 Прямі материальні виробничі витрати крім зворотніх відходів | D20: Обл. НДС Бетон С20/25 W6 F75 P4 доб-5 Надходження товарів і послуг ІБ00-000087 від 15.01.2025 18:05:18 Котельна (Глобине) | E20: 231 | H20: 205 | I20: 7356.05 | K20: Д | L20: 546107.1
A21: 05.02.2025 | B21: Вимога-накладна ІБ00-000069 від 05.02.2025 18:15:29 Списаны ТМЦ | C21: Обл. НДС Виробничий (Глобине-2) Глобине-2 Прямі материальні виробничі витрати крім зворотніх відходів | D21: Обл. НДС Бетон С20/25 W6 F75 P4 доб-5 Надходження товарів і послуг ІБ00-000148 від 17.01.2025 17:59:51 Котельна (Глобине) | E21: 231 | H21: 205 | I21: 2504.18 | K21: Д | L21: 543602.92
A22: 05.02.2025 | B22: Вимога-накладна ІБ00-000069 від 05.02.2025 18:15:29 Списаны ТМЦ | C22: Обл. НДС Виробничий (Глобине-2) Глобине-2 Прямі материальні виробничі витрати крім зворотніх відходів | D22: Обл. НДС Кутник 40*40*4,0 мм 6 м Надходження товарів і послуг ІБ00-006410 від 23.12.2024 17:16:14 Котельна (Глобине) | E22: 231 | H22: 205 | I22: 5382.3 | K22: Д | L22: 538220.62
A23: 05.02.2025 | B23: Вимога-накладна ІБ00-000069 від 05.02.2025 18:15:29 Списаны ТМЦ | C23: Обл. НДС Виробничий (Глобине-2) Глобине-2 Прямі материальні виробничі витрати крім зворотніх відходів | D23: Обл. НДС Щебінь 20-40 Надходження товарів і послуг ІБ00-006224 від 12.12.2024 18:00:32 Котельна (Глобине) | E23: 231 | H23: 205 | I23: 26455.21 | K23: Д | L23: 511765.41
A24: 05.02.2025 | B24: Вимога-накладна ІБ00-000069 від 05.02.2025 18:15:29 Списаны ТМЦ | C24: Обл. НДС Виробничий (Глобине-2) Глобине-2 Прямі материальні виробничі витрати крім зворотніх відходів | D24: Обл. НДС Щебінь 20-40 Надходження товарів і послуг ІБ00-006545 від 26.12.2024 12:00:00 Котельна (Глобине) | E24: 231 | H24: 205 | I24: 2071.92 | K24: Д | L24: 509693.49
A25: 05.02.2025 | B25: Вимога-накладна ІБ00-000069 від 05.02.2025 18:15:29 Списаны ТМЦ | C25: Обл. НДС Виробничий (Глобине-2) Глобине-2 Прямі материальні виробничі витрати крім зворотніх відходів | D25: Обл. НДС Щебінь 20-40 Надходження товарів і послуг ІБ00-006545 від 26.12.2024 12:00:00 Котельна (Глобине) | E25: 231 | H25: 205 | I25: 12149.74 | K25: Д | L25: 497543.75
A26: 05.02.2025 | B26: Вимога-накладна ІБ00-000069 від 05.02.2025 18:15:29 Списаны ТМЦ | C26: Обл. НДС Виробничий (Глобине-2) Глобине-2 Прямі материальні виробничі витрати крім зворотніх відходів | D26: Обл. НДС Пінополістирол екструдований 20х600х1200мм Надходження товарів і послуг ІБ00-006461 від 20.12.2024 18:18:13 Котельна (Глобине) | E26: 231 | H26: 205 | I26: 732.59 | K26: Д | L26: 496811.16
A27: 06.02.2025 | B27: Надходження товарів і послуг ІБ00-000457 від 06.02.2025 15:36:10 Оприходованы ТМЦ | C27: Обл. НДС Труба ПЕТ110*10 16атм чорна SDR11 Надходження товарів і послуг ІБ00-000457 від 06.02.2025 15:36:10 Котельна (Глобине) | D27: Лук'янець Максим Миколайович ФОП РАХУНКИ_Глобине 2 Рахунок на оплату постачальника ІБ00-000304 від 30.01.2025 18:03:04 | E27: 205 | F27: 652.5 | H27: 631 | K27: Д | L27: 497463.66
A28: 06.02.2025 | B28: Надходження товарів і послуг ІБ00-000457 від 06.02.2025 15:36:10 Оприходованы ТМЦ (Зачет аванса поставщику) | C28: Обл. НДС Труба ПЕТ110*10 16атм чорна SDR11 Надходження товарів і послуг ІБ00-000457 від 06.02.2025 15:36:10 Котельна (Глобине) | D28: Лук'янець Максим Миколайович ФОП РАХУНКИ_Глобине 2 Рахунок на оплату постачальника ІБ00-000304 від 30.01.2025 18:03:04 | E28: 205 | F28: 3507.5 | H28: 631 | K28: Д | L28: 500971.16
A29: 06.02.2025 | B29: Надходження товарів і послуг ІБ00-000457 від 06.02.2025 15:36:10 Оприходованы ТМЦ | C29: Обл. НДС Коліно 110/90 ПЕТ терморезист SDR11 Надходження товарів і послуг ІБ00-000457 від 06.02.2025 15:36:10 Котельна (Глобине) | D29: Лук'янець Максим Миколайович ФОП РАХУНКИ_Глобине 2 Рахунок на оплату постачальника ІБ00-000304 від 30.01.2025 18:03:04 | E29: 205 | F29: 1655 | H29: 631 | K29: Д | L29: 502626.16
A30: 06.02.2025 | B30: Надходження дод. витрат ІБ00-000085 від 06.02.2025 16:00:00 Доп. расходы при поступлении товаров | C30: Обл. НДС Труба ПЕТ110*10 16атм чорна SDR11 Надходження товарів і послуг ІБ00-000457 від 06.02.2025 15:36:10 Котельна (Глобине) | D30: Лук'янець Максим Миколайович ФОП РАХУНКИ_Глобине 2 Рахунок на оплату постачальника ІБ00-000304 від 30.01.2025 18:03:04 | E30: 205 | F30: 858.47 | H30: 631 | K30: Д | L30: 503484.63
A31: 06.02.2025 | B31: Надходження дод. витрат ІБ00-000085 від 06.02.2025 16:00:00 Доп. расходы при поступлении товаров | C31: Обл. НДС Коліно 110/90 ПЕТ терморезист SDR11 Надходження товарів і послуг ІБ00-000457 від 06.02.2025 15:36:10 Котельна (Глобине) | D31: Лук'янець Максим Миколайович ФОП РАХУНКИ_Глобине 2 Рахунок на оплату постачальника ІБ00-000304 від 30.01.2025 18:03:04 | E31: 205 | F31: 341.53 | H31: 631 | K31: Д | L31: 503826.16
A32: 06.02.2025 | B32: Переміщення товарів ІБ00-000066 від 06.02.2025 18:36:12 Перемещение ТМЦ | C32: Обл. НДС Пінополістирол фасад шаршавий 1200х600х20мм 0,264 куб м Надходження товарів і послуг ІБ00-000464 від 06.02.2025 18:36:11 Котельна (Глобине) | D32: Обл. НДС Пінополістирол фасад шаршавий 1200х600х20мм 0,264 куб м Надходження товарів і послуг ІБ00-000464 від 06.02.2025 18:36:11 Глобине-2 | E32: 205 | F32: 4550 | H32: 205 | K32: Д | L32: 508376.16
A33: 06.02.2025 | B33: Переміщення товарів ІБ00-000069 від 06.02.2025 18:36:17 Перемещение ТМЦ | C33: Обл. НДС Коліно 125/90 ПЕТ терморезист SDR11 Надходження товарів і послуг ІБ00-000478 від 06.02.2025 15:36:15 Котельна (Глобине) | D33: Обл. НДС Коліно 125/90 ПЕТ терморезист SDR11 Надходження товарів і послуг ІБ00-000478 від 06.02.2025 15:36:15 Глобине-2 | E33: 205 | F33: 3405.15 | H33: 205 | K33: Д | L33: 511781.31
A34: 06.02.2025 | B34: Переміщення товарів ІБ00-000069 від 06.02.2025 18:36:17 Перемещение ТМЦ | C34: Обл. НДС Труба ПЕТ125*11,4 16атм чорна SDR11 Надходження товарів і послуг ІБ00-000478 від 06.02.2025 15:36:15 Котельна (Глобине) | D34: Обл. НДС Труба ПЕТ125*11,4 16атм чорна SDR11 Надходження товарів і послуг ІБ00-000478 від 06.02.2025 15:36:15 Глобине-2 | E34: 205 | F34: 6990.51 | H34: 205 | K34: Д | L34: 518771.82
A35: 06.02.2025 | B35: Переміщення товарів ІБ00-000159 від 06.02.2025 18:36:52 Перемещение ТМЦ | C35: Обл. НДС Клей-піна монтажна , 860 мл Надходження товарів і послуг ІБ00-000776 від 06.02.2025 18:36:51 Котельна (Глобине) | D35: Обл. НДС Клей-піна монтажна , 860 мл Надходження товарів і послуг ІБ00-000776 від 06.02.2025 18:36:51 Глобине-2 | E35: 205 | F35: 1251.43 | H35: 205 | K35: Д | L35: 520023.25
A36: 07.02.2025 | B36: Надходження товарів і послуг ІБ00-000504 від 07.02.2025 18:30:23 Оприходованы ТМЦ (Зачет аванса поставщику) | C36: Обл. НДС Стрижень М 12 8.8 1м цб DIN 975 Надходження товарів і послуг ІБ00-000504 від 07.02.2025 18:30:23 Котельна (Глобине) | D36: Солді і Ко ПАТ Дог № 378542-55/19 від 21.01.2019 р. РАХ_Глобине-2 Рахунок на оплату постачальника ІБ00-000360 від 31.01.2025 23:20:15 | E36: 205 | F36: 54.07 | H36: 631 | K36: Д | L36: 520077.32
A37: 07.02.2025 | B37: Надходження товарів і послуг ІБ00-000504 від 07.02.2025 18:30:23 Оприходованы ТМЦ (Зачет аванса поставщику) | C37: Обл. НДС Стрижень М 16 8.8 1м цб DIN 975 Надходження товарів і послуг ІБ00-000504 від 07.02.2025 18:30:23 Котельна (Глобине) | D37: Солді і Ко ПАТ Дог № 378542-55/19 від 21.01.2019 р. РАХ_Глобине-2 Рахунок на оплату постачальника ІБ00-000360 від 31.01.2025 23:20:15 | E37: 205 | F37: 302.83 | H37: 631 | K37: Д | L37: 520380.15
A38: 08.02.2025 | B38: Переміщення товарів ІБ00-000097 від 08.02.2025 10:20:00 Перемещение ТМЦ | C38: Обл. НДС Бетон С20/25 W6 F75 P4 доб-10 Надходження товарів і послуг ІБ00-000481 від 06.02.2025 18:36:18 Котельна (Глобине) | D38: Обл. НДС Бетон С20/25 W6 F75 P4 доб-10 Надходження товарів і послуг ІБ00-000481 від 06.02.2025 18:36:18 Глобине-2 | E38: 205 | F38: 3710.66 | H38: 205 | K38: Д | L38: 524090.81
... A40: 14.02.2025 | B40: Переміщення товарів ІБ00-000116 від 14.02.2025 10:10:00 Перемещение ТМЦ | C40: Обл. НДС Прокат арматурний № 8 мм А500С 12м Надходження товарів і послуг ІБ00-000546 від 14.02.2025 10:00:00 Котельна (Глобине) | D40: Обл. НДС Прокат арматурний № 8 мм А500С 12м Надходження товарів і послуг ІБ00-000546 від 14.02.2025 10:00:00 Глобине-2 | E40: 205 | F40: 35550 | H40: 205 | K40: Д | L40: 651869.58
A41: 20.02.2025 | B41: Списання товарів ІБ00-000076 від 20.02.2025 00:00:00 Списаны ТМЦ | C41: Обл. НДС Виробничий (Глобине-2) Глобине-2 Прямі материальні виробничі витрати крім зворотніх відходів | D41: Обл. НДС Гвинт 3,5*9,5 самосв цб нпкр Надходження товарів і послуг ІБ00-000503 від 03.02.2025 18:10:29 Котельна (Глобине) | E41: 231 | H41: 205 | I41: 234.33 | K41: Д | L41: 651635.25
A42: 21.02.2025 | B42: Надходження товарів і послуг ІБ00-000644 від 21.02.2025 18:25:40 Оприходованы ТМЦ | C42: Обл. НДС Лист рифл 630х630х3 Надходження товарів і послуг ІБ00-000644 від 21.02.2025 18:25:40 Котельна (Глобине) | D42: Метал Монтаж Сервіс Макс ТОВ Договір 13/01/2025 від 13.01.2025_Глобине 2 Рахунок на оплату постачальника ІБ00-000544 від 20.02.2025 18:11:11 | E42: 205 | F42: 3600 | H42: 631 | K42: Д | L42: 655235.25
A43: 21.02.2025 | B43: Надходження товарів і послуг ІБ00-000644 від 21.02.2025 18:25:40 Оприходованы ТМЦ | C43: Обл. НДС Лист рифл 920х630х3 Надходження товарів і послуг ІБ00-000644 від 21.02.2025 18:25:40 Котельна (Глобине) | D43: Метал Монтаж Сервіс Макс ТОВ Договір 13/01/2025 від 13.01.2025_Глобине 2 Рахунок на оплату постачальника ІБ00-000544 від 20.02.2025 18:11:11 | E43: 205 | F43: 2400 | H43: 631 | K43: Д | L43: 657635.25
A44: 21.02.2025 | B44: Надходження товарів і послуг ІБ00-000644 від 21.02.2025 18:25:40 Оприходованы ТМЦ | C44: Обл. НДС Лист рифл 920х690х3 Надходження товарів і послуг ІБ00-000644 від 21.02.2025 18:25:40 Котельна (Глобине) | D44: Метал Монтаж Сервіс Макс ТОВ Договір 13/01/2025 від 13.01.2025_Глобине 2 Рахунок на оплату постачальника ІБ00-000544 від 20.02.2025 18:11:11 | E44: 205 | F44: 7200 | H44: 631 | K44: Д | L44: 664835.25
A45: 21.02.2025 | B45: Надходження товарів і послуг ІБ00-000644 від 21.02.2025 18:25:40 Оприходованы ТМЦ | C45: Обл. НДС Лист рифл 920х790х3 Надходження товарів і послуг ІБ00-000644 від 21.02.2025 18:25:40 Котельна (Глобине) | D45: Метал Монтаж Сервіс Макс ТОВ Договір 13/01/2025 від 13.01.2025_Глобине 2 Рахунок на оплату постачальника ІБ00-000544 від 20.02.2025 18:11:11 | E45: 205 | F45: 8400 | H45: 631 | K45: Д | L45: 673235.25
A46: 21.02.2025 | B46: Надходження товарів і послуг ІБ00-000644 від 21.02.2025 18:25:40 Оприходованы ТМЦ | C46: Обл. НДС Лист рифл 690х1350х3 Надходження товарів і послуг ІБ00-000644 від 21.02.2025 18:25:40 Котельна (Глобине) | D46: Метал Монтаж Сервіс Макс ТОВ Договір 13/01/2025 від 13.01.2025_Глобине 2 Рахунок на оплату постачальника ІБ00-000544 від 20.02.2025 18:11:11 | E46: 205 | F46: 3100 | H46: 631 | K46: Д | L46: 676335.25
A47: 21.02.2025 | B47: Надходження товарів і послуг ІБ00-000644 від 21.02.2025 18:25:40 Оприходованы ТМЦ | C47: Обл. НДС Лист рифл 1080х1350х4 Надходження товарів і послуг ІБ00-000644 від 21.02.2025 18:25:40 Котельна (Глобине) | D47: Метал Монтаж Сервіс Макс ТОВ Договір 13/01/2025 від 13.01.2025_Глобине 2 Рахунок на оплату постачальника ІБ00-000544 від 20.02.2025 18:11:11 | E47: 205 | F47: 1600 | H47: 631 | K47: Д | L47: 677935.25
A48: 21.02.2025 | B48: Надходження товарів і послуг ІБ00-000709 від 21.02.2025 18:25:51 Оприходованы ТМЦ | C48: Обл. НДС Арматура №18 А500С L=12000 мм Надходження товарів і послуг ІБ00-000709 від 21.02.2025 18:25:51 Котельна (Глобине) | D48: МЕТІНВЕСТ-СМЦ ТОВ №1778403/01/2023-С от 11.01.2023 РАХУНКИ_Глобино-2 Рахунок на оплату постачальника ІБ00-000645 від 21.02.2025 00:00:00 | E48: 205 | F48: 1033.33 | H48: 631 | K48: Д | L48: 678968.58
A49: 21.02.2025 | B49: Надходження товарів і послуг ІБ00-000709 від 21.02.2025 18:25:51 Оприходованы ТМЦ | C49: Обл. НДС Кутик 50х50х5мм ст, 3пс; 6 м Надходження товарів і послуг ІБ00-000709 від 21.02.2025 18:25:51 Котельна (Глобине) | D49: МЕТІНВЕСТ-СМЦ ТОВ №1778403/01/2023-С от 11.01.2023 РАХУНКИ_Глобино-2 Рахунок на оплату постачальника ІБ00-000645 від 21.02.2025 00:00:00 | E49: 205 | F49: 9178.58 | H49: 631 | K49: Д | L49: 688147.16
A50: 21.02.2025 | B50: Надходження дод. витрат ІБ00-000098 від 21.02.2025 18:25:52 Доп. расходы при поступлении товаров | C50: Обл. НДС Арматура №18 А500С L=12000 мм Надходження товарів і послуг ІБ00-000709 від 21.02.2025 18:25:51 Котельна (Глобине) | D50: МЕТІНВЕСТ-СМЦ ТОВ №1778403/01/2023-С от 11.01.2023 РАХУНКИ_Глобино-2 Рахунок на оплату постачальника ІБ00-000645 від 21.02.2025 00:00:00 | E50: 205 | F50: 1180.54 | H50: 631 | K50: Д | L50: 689327.7
A51: 21.02.2025 | B51: Надходження дод. витрат ІБ00-000098 від 21.02.2025 18:25:52 Доп. расходы при поступлении товаров | C51: Обл. НДС Кутик 50х50х5мм ст, 3пс; 6 м Надходження товарів і послуг ІБ00-000709 від 21.02.2025 18:25:51 Котельна (Глобине) | D51: МЕТІНВЕСТ-СМЦ ТОВ №1778403/01/2023-С от 11.01.2023 РАХУНКИ_Глобино-2 Рахунок на оплату постачальника ІБ00-000645 від 21.02.2025 00:00:00 | E51: 205 | F51: 10486.13 | H51: 631 | K51: Д | L51: 699813.83
A52: 21.02.2025 | B52: Надходження товарів і послуг ІБ00-000710 від 21.02.2025 18:25:53 Оприходованы ТМЦ (Зачет аванса поставщику) | C52: Обл. НДС Сходи СС-11Б 1050*330*145 Надходження товарів і послуг ІБ00-000710 від 21.02.2025 18:25:53 Котельна (Глобине) | D52: Буддеталь РАХУНКИ_Глобине-2 Рахунок на оплату постачальника ІБ00-000286 від 23.01.2025 18:20:26 | E52: 205 | F52: 2624.87 | H52: 631 | K52: Д | L52: 702438.7
A53: 28.02.2025 | B53: Переміщення товарів ІБ00-000175 від 28.02.2025 10:00:00 Перемещение ТМЦ | C53: Обл. НДС Щебінь 20-40 Надходження товарів і послуг ІБ00-006356 від 19.12.2024 12:14:15 Котельна (Глобине) | D53: Обл. НДС Щебінь 20-40 Надходження товарів і послуг ІБ00-006356 від 19.12.2024 12:14:15 Цех екстракції (Глобине) | E53: 205 | F53: 34830 | H53: 205 | K53: Д | L53: 737268.7
... A56: 28.02.2025 | B56: Переміщення товарів ІБ00-000177 від 28.02.2025 10:00:00 Перемещение ТМЦ | C56: Обл. НДС Прокат арматурний №12 мм А500С 12м Надходження товарів і послуг ІБ00-000546 від 14.02.2025 10:00:00 Котельна (Глобине) | D56: Обл. НДС Прокат арматурний №12 мм А500С 12м Надходження товарів і послуг ІБ00-000546 від 14.02.2025 10:00:00 Пункт фасування та зберігання в бігбегах (Глобине) | E56: 205 | F56: 95945 | H56: 205 | K56: Д | L56: 842205.7
A57: 28.02.2025 | B57: Вимога-накладна ІБ00-000147 від 28.02.2025 20:00:00 Списаны ТМЦ | C57: Обл. НДС Виробничий (Глобине-2) Глобине-2 Прямі матеріальні виробничі витрати крім зворотних відходів | D57: Обл. НДС Швелер 10 (UREAA 100) S275 JR, 12 м Надходження товарів і послуг ІБ00-006410 від 23.12.2024 17:16:14 Котельна (Глобине) | E57: 231 | H57: 205 | I57: 7134.42 | K57: Д | L57: 835071.28
A58: 28.02.2025 | B58: Вимога-накладна ІБ00-000147 від 28.02.2025 20:00:00 Списаны ТМЦ | C58: Обл. НДС Виробничий (Глобине-2) Глобине-2 Прямі матеріальні виробничі витрати крім зворотних відходів | D58: Обл. НДС Кутик 40*40*4 мм ст3пс Надходження товарів і послуг ІБ00-000546 від 14.02.2025 10:00:00 Котельна (Глобине) | E58: 231 | H58: 205 | I58: 5508 | K58: Д | L58: 829563.28
A59: 28.02.2025 | B59: Вимога-накладна ІБ00-000149 від 28.02.2025 20:00:00 Списаны ТМЦ | C59: Обл. НДС Виробничий (Глобине-2) Глобине-2 Прямі матеріальні виробничі витрати крім зворотних відходів | D59: Обл. НДС Кутник 75*75 мм 12 м Надходження товарів і послуг ІБ00-006410 від 23.12.2024 17:16:14 Котельна (Глобине) | E59: 231 | H59: 205 | I59: 13509.49 | K59: Д | L59: 816053.79
A60: 28.02.2025 | B60: Вимога-накладна ІБ00-000149 від 28.02.2025 20:00:00 Списаны ТМЦ | C60: Обл. НДС Виробничий (Глобине-2) Глобине-2 Прямі матеріальні виробничі витрати крім зворотних відходів | D60: Обл. НДС Кутик 75х75х6 мм С255-5 12м Надходження товарів і послуг ІБ00-000720 від 18.02.2025 20:00:46 Котельна (Глобине) | E60: 231 | H60: 205 | I60: 3484 | K60: Д | L60: 812569.79
A61: 28.02.2025 | B61: Вимога-накладна ІБ00-000149 від 28.02.2025 20:00:00 Списаны ТМЦ | C61: Обл. НДС Виробничий (Глобине-2) Глобине-2 Прямі матеріальні виробничі витрати крім зворотних відходів | D61: Обл. НДС Арматура №12 А500С L=12000 мм Надходження товарів і послуг ІБ00-000054 від 10.01.2025 18:00:05 Котельна (Глобине) | E61: 231 | H61: 205 | I61: 376.87 | K61: Д | L61: 812192.92
A62: 28.02.2025 | B62: Вимога-накладна ІБ00-000149 від 28.02.2025 20:00:00 Списаны ТМЦ | C62: Обл. НДС Виробничий (Глобине-2) Глобине-2 Прямі матеріальні виробничі витрати крім зворотних відходів | D62: Обл. НДС Гайка М36 DIN 934 Надходження товарів і послуг ІБ00-005762 від 22.11.2024 18:16:02 Котельна (Глобине) | E62: 231 | H62: 205 | I62: 21880.06 | K62: Д | L62: 790312.86
A63: 28.02.2025 | B63: Вимога-накладна ІБ00-000149 від 28.02.2025 20:00:00 Списаны ТМЦ | C63: Обл. НДС Виробничий (Глобине-2) Глобине-2 Прямі матеріальні виробничі витрати крім зворотних відходів | D63: Обл. НДС DIN 125 Шайба 36 цб Надходження товарів і послуг ІБ00-005762 від 22.11.2024 18:16:02 Котельна (Глобине) | E63: 231 | H63: 205 | I63: 2576.08 | K63: Д | L63: 787736.78
A64: 28.02.2025 | B64: Вимога-накладна ІБ00-000149 від 28.02.2025 20:00:00 Списаны ТМЦ | C64: Обл. НДС Виробничий (Глобине-2) Глобине-2 Прямі матеріальні виробничі витрати крім зворотних відходів | D64: Обл. НДС Болт М12*35 DIN 933 Надходження товарів і послуг ІБ00-005761 від 22.11.2024 18:16:01 Котельна (Глобине) | E64: 231 | H64: 205 | I64: 925.95 | K64: Д | L64: 786810.83
A65: 28.02.2025 | B65: Вимога-накладна ІБ00-000149 від 28.02.2025 20:00:00 Списаны ТМЦ | C65: Обл. НДС Виробничий (Глобине-2) Глобине-2 Прямі матеріальні виробничі витрати крім зворотних відходів | D65: Обл. НДС Болти DIN 933 12х110 - 5,8 ОЦ. Надходження товарів і послуг ІБ00-005761 від 22.11.2024 18:16:01 Котельна (Глобине) | E65: 231 | H65: 205 | I65: 241.63 | K65: Д | L65: 786569.2
A66: 28.02.2025 | B66: Вимога-накладна ІБ00-000149 від 28.02.2025 20:00:00 Списаны ТМЦ | C66: Обл. НДС Виробничий (Глобине-2) Глобине-2 Прямі матеріальні виробничі витрати крім зворотних відходів | D66: Обл. НДС Болти DIN 931 12х120 - 8,8 ОЦ. Надходження товарів і послуг ІБ00-005761 від 22.11.2024 18:16:01 Котельна (Глобине) | E66: 231 | H66: 205 | I66: 95.35 | K66: Д | L66: 786473.85
A67: 28.02.2025 | B67: Вимога-накладна ІБ00-000149 від 28.02.2025 20:00:00 Списаны ТМЦ | C67: Обл. НДС Виробничий (Глобине-2) Глобине-2 Прямі матеріальні виробничі витрати крім зворотних відходів | D67: Обл. НДС Болт М16*40 DIN 933 Надходження товарів і послуг ІБ00-005761 від 22.11.2024 18:16:01 Котельна (Глобине) | E67: 231 | H67: 205 | I67: 441.96 | K67: Д | L67: 786031.89
A68: 28.02.2025 | B68: Вимога-накладна ІБ00-000149 від 28.02.2025 20:00:00 Списаны ТМЦ | C68: Обл. НДС Виробничий (Глобине-2) Глобине-2 Прямі матеріальні виробничі витрати крім зворотних відходів | D68: Обл. НДС Болт М16*45 DIN 933 Надходження товарів і послуг ІБ00-005761 від 22.11.2024 18:16:01 Котельна (Глобине) | E68: 231 | H68: 205 | I68: 346.25 | K68: Д | L68: 785685.64
... A89: 28.02.2025 | B89: Вимога-накладна ІБ00-000149 від 28.02.2025 20:00:00 Списаны ТМЦ | C89: Обл. НДС Виробничий (Глобине-2) Глобине-2 Прямі матеріальні виробничі витрати крім зворотних відходів | D89: Обл. НДС Труба 108*4,0 ДСТУ 8943(10704) Надходження товарів і послуг ІБ00-000195 від 20.01.2025 18:00:30 Котельна (Глобине) | E89: 231 | H89: 205 | I89: 1160 | K89: Д | L89: 437285.54
A90: Обороти за період та сальдо на кінець | E90: 472993.66 | H90: 565058.65 | K90: Д | L90: 437285.54
J92: =SUBTOTAL(9,I14:J89)*1.2 -> 638686.48

Sheet Насосна Градирня 
A1: Період | B1: Документ | C1: Аналітика Дт | D1: Аналітика Кт | E1: Дебет | H1: Кредит | K1: Поточне сальдо
E2: Рахунок | H2: Рахунок
A3: 01.02.2025 | B3: Переміщення товарів ІБ00-000095 від 01.02.2025 18:10:17 Перемещение ТМЦ | C3: Обл. НДС Бетон С20/25 W6 F75 P4 доб-5 Надходження товарів і послуг ІБ00-000087 від 15.01.2025 18:05:18 Котельна (Глобине) | D3: Обл. НДС Бетон С20/25 W6 F75 P4 доб-5 Надходження товарів і послуг ІБ00-000087 від 15.01.2025 18:05:18 Насосна Градирня (Глобине) | E3: 205 | H3: 205 | I3: 11554 | K3: Д | L3: 49789.71
A4: 01.02.2025 | B4: Переміщення товарів ІБ00-000095 від 01.02.2025 18:10:17 Перемещение ТМЦ | C4: Обл. НДС Бетон С20/25 W6 F75 P4 доб-5 Надходження товарів і послуг ІБ00-000148 від 17.01.2025 17:59:51 Котельна (Глобине) | D4: Обл. НДС Бетон С20/25 W6 F75 P4 доб-5 Надходження товарів і послуг ІБ00-000148 від 17.01.2025 17:59:51 Насосна Градирня (Глобине) | E4: 205 | H4: 205 | I4: 2504.18 | K4: Д | L4: 47285.53
A5: 01.02.2025 | B5: Переміщення товарів ІБ00-000127 від 01.02.2025 18:10:52 Перемещение ТМЦ | C5: Обл. НДС Щебінь 40-70 Надходження товарів і послуг ІБ00-005821 від 05.11.2024 20:00:09 Насосна Градирня (Глобине) | D5: Обл. НДС Щебінь 40-70 Надходження товарів і послуг ІБ00-005821 від 05.11.2024 20:00:09 Котельна (Глобине) | E5: 205 | F5: 20275.5 | H5: 205 | K5: Д | L5: 67561.03
A6: 01.02.2025 | B6: Переміщення товарів ІБ00-000127 від 01.02.2025 18:10:52 Перемещение ТМЦ | C6: Обл. НДС Щебінь 40-70 Надходження товарів і послуг ІБ00-005854 від 11.11.2024 18:00:22 Насосна Градирня (Глобине) | D6: Обл. НДС Щебінь 40-70 Надходження товарів і послуг ІБ00-005854 від 11.11.2024 18:00:22 Котельна (Глобине) | E6: 205 | F6: 11501 | H6: 205 | K6: Д | L6: 79062.03
A7: 12.02.2025 | B7: Надходження товарів і послуг ІБ00-000538 від 12.02.2025 18:02:48 Оприходованы ТМЦ | C7: Обл. НДС Анкер М 10*100/35 цб/цж одноконусний Надходження товарів і послуг ІБ00-000538 від 12.02.2025 18:02:48 Насосна Градирня (Глобине) | D7: Солді і Ко ПАТ Дог № 378542-55/19 від 21.01.2019 р. РАХ_Глобине-2 Рахунок на оплату постачальника ІБ00-000471 від 12.02.2025 18:02:47 | E7: 205 | F7: 568.89 | H7: 631 | K7: Д | L7: 79630.92
A8: 20.02.2025 | B8: Списання товарів ІБ00-000080 від 20.02.2025 00:00:00 Списаны ТМЦ | C8: Обл. НДС Виробничий (Глобине-2) Глобине-2 Прямі материальні виробничі витрати крім зворотніх відходів | D8: Обл. НДС Шуруп г/к по дереву 3,5*55 мм Надходження товарів і послуг ІБ00-000089 від 01.01.2025 18:00:23 Насосна Градирня (Глобине) | E8: 231 | H8: 205 | I8: 97.55 | K8: Д | L8: 79533.37
A9: 20.02.2025 | B9: Списання товарів ІБ00-000080 від 20.02.2025 00:00:00 Списаны ТМЦ | C9: Обл. НДС Виробничий (Глобине-2) Глобине-2 Прямі материальні виробничі витрати крім зворотніх відходів | D9: Обл. НДС Шуруп г/к по дереву 4,2*76 мм Надходження товарів і послуг ІБ00-000089 від 01.01.2025 18:00:23 Насосна Градирня (Глобине) | E9: 231 | H9: 205 | I9: 91.25 | K9: Д | L9: 79442.12
A10: 20.02.2025 | B10: Списання товарів ІБ00-000080 від 20.02.2025 00:00:00 Списаны ТМЦ | C10: Обл. НДС Виробничий (Глобине-2) Глобине-2 Прямі материальні виробничі витрати крім зворотніх відходів | D10: Обл. НДС Дюбель з уд.ш 6*80 Надходження товарів і послуг ІБ00-000109 від 14.01.2025 18:05:21 Насосна Градирня (Глобине) | E10: 231 | H10: 205 | I10: 77 | K10: Д | L10: 79365.12
A11: 20.02.2025 | B11: Списання товарів ІБ00-000080 від 20.02.2025 00:00:00 Списаны ТМЦ | C11: Обл. НДС Виробничий (Глобине-2) Глобине-2 Прямі материальні виробничі витрати крім зворотніх відходів | D11: Обл. НДС Дюбель-цвях 3,7*50 DN50 Надходження товарів і послуг ІБ00-000089 від 01.01.2025 18:00:23 Насосна Градирня (Глобине) | E11: 231 | H11: 205 | I11: 144.8 | K11: Д | L11: 79220.32
A12: 20.02.2025 | B12: Списання товарів ІБ00-000080 від 20.02.2025 00:00:00 Списаны ТМЦ | C12: Обл. НДС Виробничий (Глобине-2) Глобине-2 Прямі материальні виробничі витрати крім зворотніх відходів | D12: Обл. НДС Анкер М 10*100/35 цб/цж одноконусний Надходження товарів і послуг ІБ00-000538 від 12.02.2025 18:02:48 Насосна Градирня (Глобине) | E12: 231 | H12: 205 | I12: 568.89 | K12: Д | L12: 78651.43
A13: 20.02.2025 | B13: Вимога-накладна ІБ00-000115 від 20.02.2025 00:00:00 Списаны ТМЦ | C13: Обл. НДС Виробничий (Глобине-2) Глобине-2 Прямі материальні виробничі витрати крім зворотніх відходів | D13: Обл. НДС Болт М16*45 DIN 933 Надходження товарів і послуг ІБ00-000206 від 22.01.2025 19:00:01 Насосна Градирня (Глобине) | E13: 231 | H13: 205 | I13: 607.24 | K13: Д | L13: 78044.19
A14: 20.02.2025 | B14: Вимога-накладна ІБ00-000115 від 20.02.2025 00:00:00 Списаны ТМЦ | C14: Обл. НДС Виробничий (Глобине-2) Глобине-2 Прямі материальні виробничі витрати крім зворотніх відходів | D14: Обл. НДС Болт М16*50 DIN 933 оц. 5,8 Надходження товарів і послуг ІБ00-000206 від 22.01.2025 19:00:01 Насосна Градирня (Глобине) | E14: 231 | H14: 205 | I14: 362.58 | K14: Д | L14: 77681.61
A15: 20.02.2025 | B15: Вимога-накладна ІБ00-000115 від 20.02.2025 00:00:00 Списаны ТМЦ | C15: Обл. НДС Виробничий (Глобине-2) Глобине-2 Прямі материальні виробничі витрати крім зворотніх відходів | D15: Обл. НДС Болт М16*65 DIN 933 цб Надходження товарів і послуг ІБ00-000206 від 22.01.2025 19:00:01 Насосна Градирня (Глобине) | E15: 231 | H15: 205 | I15: 298.62 | K15: Д | L15: 77382.99
A16: 20.02.2025 | B16: Вимога-накладна ІБ00-000115 від 20.02.2025 00:00:00 Списаны ТМЦ | C16: Обл. НДС Виробничий (Глобине-2) Глобине-2 Прямі материальні виробничі витрати крім зворотніх відходів | D16: Обл. НДС Болт М16*90 DIN 933 з шест.голівкою цб Надходження товарів і послуг ІБ00-000206 від 22.01.2025 19:00:01 Насосна Градирня (Глобине) | E16: 231 | H16: 205 | I16: 209.6 | K16: Д | L16: 77173.39
A17: 20.02.2025 | B17: Вимога-накладна ІБ00-000115 від 20.02.2025 00:00:00 Списаны ТМЦ | C17: Обл. НДС Виробничий (Глобине-2) Глобине-2 Прямі материальні виробничі витрати крім зворотніх відходів | D17: Обл. НДС Гайка М16 DIN 934 Надходження товарів і послуг ІБ00-000206 від 22.01.2025 19:00:01 Насосна Градирня (Глобине) | E17: 231 | H17: 205 | I17: 552.9 | K17: Д | L17: 76620.49
A18: 20.02.2025 | B18: Вимога-накладна ІБ00-000115 від 20.02.2025 00:00:00 Списаны ТМЦ | C18: Обл. НДС Виробничий (Глобине-2) Глобине-2 Прямі материальні виробничі витрати крім зворотніх відходів | D18: Обл. НДС Шайба 16 DIN125 Надходження товарів і послуг ІБ00-000206 від 22.01.2025 19:00:01 Насосна Градирня (Глобине) | E18: 231 | H18: 205 | I18: 254.54 | K18: Д | L18: 76365.95
A19: 20.02.2025 | B19: Вимога-накладна ІБ00-000083 від 20.02.2025 10:00:00 Списаны ТМЦ | C19: Обл. НДС Виробничий (Глобине-2) Глобине-2 Прямі материальні виробничі витрати крім зворотніх відходів | D19: Обл. НДС Бетон С20/25 W6 F75 P4 доб-5 Надходження товарів і послуг ІБ00-000148 від 17.01.2025 17:59:51 Насосна Градирня (Глобине) | E19: 231 | H19: 205 | I19: 5517.68 | K19: Д | L19: 70848.27
... A25: 20.02.2025 | B25: Вимога-накладна ІБ00-000088 від 20.02.2025 18:11:04 Списаны ТМЦ | C25: Обл. НДС Виробничий (Глобине-2) Глобине-2 Прямі материальні виробничі витрати крім зворотніх відходів | D25: Обл. НДС Арматура №16 А500С L=12000 мм Надходження товарів і послуг ІБ00-004378 від 21.09.2024 23:45:38 Насосна Градирня (Глобине) | E25: 231 | H25: 205 | I25: 2457.33 | K25: Д | L25: 14602.22
A26: Обороти за період та сальдо на кінець | E26: 32345.39 | H26: 79086.88 | K26: Д | L26: 14602.22
J28: =SUBTOTAL(9,I8:J25)*1.2 -> 78034.44

Sheet Пункт фасування
A1: Період | B1: Документ | C1: Аналітика Дт | D1: Аналітика Кт | E1: Дебет | H1: Кредит | K1: Поточне сальдо
E2: Рахунок | H2: Рахунок
A3: 13.02.2025 | B3: Переміщення товарів ІБ00-000106 від 13.02.2025 18:20:00 Перемещение ТМЦ | C3: Обл. НДС Провід ПВС 4*2,5 Expert Power Надходження товарів і послуг ІБ00-000543 від 13.02.2025 18:15:01 Пункт фасування та зберігання в бігбегах (Глобине) | D3: Обл. НДС Провід ПВС 4*2,5 Expert Power Надходження товарів і послуг ІБ00-000543 від 13.02.2025 18:15:01 Глобине-2 | E3: 205 | F3: 7387.5 | H3: 205 | K3: Д | L3: 7387.5
A4: 14.02.2025 | B4: Переміщення товарів ІБ00-000113 від 14.02.2025 10:10:00 Перемещение ТМЦ | C4: Обл. НДС Прокат сталевий круглий (кл. А240С) ф10мм, ст.3пс, міра 6м Надходження товарів і послуг ІБ00-000546 від 14.02.2025 10:00:00 Пункт фасування та зберігання в бігбегах (Глобине) | D4: Обл. НДС Прокат сталевий круглий (кл. А240С) ф10мм, ст.3пс, міра 6м Надходження товарів і послуг ІБ00-000546 від 14.02.2025 10:00:00 Глобине-2 | E4: 205 | F4: 19240 | H4: 205 | K4: Д | L4: 26627.5
A5: 14.02.2025 | B5: Переміщення товарів ІБ00-000113 від 14.02.2025 10:10:00 Перемещение ТМЦ | C5: Обл. НДС Прокат сталевий круглий (кл. А240С) ф12мм, ст.3пс, міра 6м Надходження товарів і послуг ІБ00-000546 від 14.02.2025 10:00:00 Пункт фасування та зберігання в бігбегах (Глобине) | D5: Обл. НДС Прокат сталевий круглий (кл. А240С) ф12мм, ст.3пс, міра 6м Надходження товарів і послуг ІБ00-000546 від 14.02.2025 10:00:00 Глобине-2 | E5: 205 | F5: 7800 | H5: 205 | K5: Д | L5: 34427.5
A6: 14.02.2025 | B6: Переміщення товарів ІБ00-000113 від 14.02.2025 10:10:00 Перемещение ТМЦ | C6: Обл. НДС Прокат арматурний №12 мм А500С 12м Надходження товарів і послуг ІБ00-000546 від 14.02.2025 10:00:00 Пункт фасування та зберігання в бігбегах (Глобине) | D6: Обл. НДС Прокат арматурний №12 мм А500С 12м Надходження товарів і послуг ІБ00-000546 від 14.02.2025 10:00:00 Глобине-2 | E6: 205 | F6: 150866.67 | H6: 205 | K6: Д | L6: 185294.17
A7: 14.02.2025 | B7: Переміщення товарів ІБ00-000113 від 14.02.2025 10:10:00 Перемещение ТМЦ | C7: Обл. НДС Прокат арматурний №14 мм А500С, 12 м Надходження товарів і послуг ІБ00-000546 від 14.02.2025 10:00:00 Пункт фасування та зберігання в бігбегах (Глобине) | D7: Обл. НДС Прокат арматурний №14 мм А500С, 12 м Надходження товарів і послуг ІБ00-000546 від 14.02.2025 10:00:00 Глобине-2 | E7: 205 | F7: 52958.33 | H7: 205 | K7: Д | L7: 238252.5
A8: 14.02.2025 | B8: Переміщення товарів ІБ00-000113 від 14.02.2025 10:10:00 Перемещение ТМЦ | C8: Обл. НДС Дріт 1,2 мм термооброблений Надходження товарів і послуг ІБ00-000546 від 14.02.2025 10:00:00 Пункт фасування та зберігання в бігбегах (Глобине) | D8: Обл. НДС Дріт 1,2 мм термооброблений Надходження товарів і послуг ІБ00-000546 від 14.02.2025 10:00:00 Глобине-2 | E8: 205 | F8: 2284.92 | H8: 205 | K8: Д | L8: 240537.42
A9: 25.02.2025 | B9: Переміщення товарів ІБ00-000147 від 25.02.2025 18:20:01 Перемещение ТМЦ | C9: Обл. НДС Цвяхи 100*4,0 10кг Надходження товарів і послуг ІБ00-000748 від 25.02.2025 18:19:56 Пункт фасування та зберігання в бігбегах (Глобине) | D9: Обл. НДС Цвяхи 100*4,0 10кг Надходження товарів і послуг ІБ00-000748 від 25.02.2025 18:19:56 Глобине-2 | E9: 205 | F9: 150.45 | H9: 205 | K9: Д | L9: 240687.87
A10: 25.02.2025 | B10: Переміщення товарів ІБ00-000147 від 25.02.2025 18:20:01 Перемещение ТМЦ | C10: Обл. НДС Шуруп г/к по дереву 3,5*55 мм Надходження товарів і послуг ІБ00-000711 від 18.02.2025 20:00:44 Пункт фасування та зберігання в бігбегах (Глобине) | D10: Обл. НДС Шуруп г/к по дереву 3,5*55 мм Надходження товарів і послуг ІБ00-000711 від 18.02.2025 20:00:44 Глобине-2 | E10: 205 | F10: 198.1 | H10: 205 | K10: Д | L10: 240885.97
A11: 28.02.2025 | B11: Переміщення товарів ІБ00-000177 від 28.02.2025 10:00:00 Перемещение ТМЦ | C11: Обл. НДС Прокат арматурний №12 мм А500С 12м Надходження товарів і послуг ІБ00-000546 від 14.02.2025 10:00:00 Котельна (Глобине) | D11: Обл. НДС Прокат арматурний №12 мм А500С 12м Надходження товарів і послуг ІБ00-000546 від 14.02.2025 10:00:00 Пункт фасування та зберігання в бігбегах (Глобине) | E11: 205 | H11: 205 | I11: 95945 | K11: Д | L11: 144940.97
A12: Обороти за період та сальдо на кінець | E12: 240885.97 | H12: 95945 | K12: Д | L12: 144940.97

Sheet Резервуар для зберігання
A1: Період | B1: Документ | C1: Аналітика Дт | D1: Аналітика Кт | E1: Дебет | H1: Кредит | K1: Поточне сальдо
E2: Рахунок | H2: Рахунок
A3: 01.02.2025 | B3: Переміщення товарів ІБ00-000130 від 01.02.2025 00:00:00 Перемещение ТМЦ | C3: Обл. НДС Щебінь 20-40 Надходження товарів і послуг ІБ00-006196 від 10.12.2024 18:00:19 Резервуар для зберігання розчинника(Глобине) | D3: Обл. НДС Щебінь 20-40 Надходження товарів і послуг ІБ00-006196 від 10.12.2024 18:00:19 Цех екстракції (Глобине) | E3: 205 | F3: 4510.67 | H3: 205 | K3: Д | L3: 4510.67
A4: 01.02.2025 | B4: Переміщення товарів ІБ00-000130 від 01.02.2025 00:00:00 Перемещение ТМЦ | C4: Обл. НДС Щебінь 20-40 Надходження товарів і послуг ІБ00-006201 від 11.12.2024 18:00:22 Резервуар для зберігання розчинника(Глобине) | D4: Обл. НДС Щебінь 20-40 Надходження товарів і послуг ІБ00-006201 від 11.12.2024 18:00:22 Цех екстракції (Глобине) | E4: 205 | F4: 95477.16 | H4: 205 | K4: Д | L4: 99987.83
A5: 01.02.2025 | B5: Переміщення товарів ІБ00-000130 від 01.02.2025 00:00:00 Перемещение ТМЦ | C5: Обл. НДС Щебінь 20-40 Надходження товарів і послуг ІБ00-006224 від 12.12.2024 18:00:32 Резервуар для зберігання розчинника(Глобине) | D5: Обл. НДС Щебінь 20-40 Надходження товарів і послуг ІБ00-006224 від 12.12.2024 18:00:32 Цех екстракції (Глобине) | E5: 205 | F5: 9476.97 | H5: 205 | K5: Д | L5: 109464.8
A6: 01.02.2025 | B6: Переміщення товарів ІБ00-000121 від 01.02.2025 18:10:37 Перемещение ТМЦ | C6: Обл. НДС Щебінь 20-40 Надходження товарів і послуг ІБ00-006224 від 12.12.2024 18:00:32 Резервуар для зберігання розчинника(Глобине) | D6: Обл. НДС Щебінь 20-40 Надходження товарів і послуг ІБ00-006224 від 12.12.2024 18:00:32 Цех екстракції (Глобине) | E6: 205 | F6: 10108.82 | H6: 205 | K6: Д | L6: 119573.62
A7: 01.02.2025 | B7: Переміщення товарів ІБ00-000121 від 01.02.2025 18:10:37 Перемещение ТМЦ | C7: Обл. НДС Щебінь 20-40 Надходження товарів і послуг ІБ00-006317 від 18.12.2024 18:00:25 Резервуар для зберігання розчинника(Глобине) | D7: Обл. НДС Щебінь 20-40 Надходження товарів і послуг ІБ00-006317 від 18.12.2024 18:00:25 Цех екстракції (Глобине) | E7: 205 | F7: 7356 | H7: 205 | K7: Д | L7: 126929.62
A8: 01.02.2025 | B8: Переміщення товарів ІБ00-000140 від 01.02.2025 18:11:38 Перемещение ТМЦ | C8: Обл. НДС Пісок з відсіву дроблення щебеню фр. 0-5мм. Надходження товарів і послуг ІБ00-006313 від 17.12.2024 18:00:22 Резервуар для зберігання розчинника(Глобине) | D8: Обл. НДС Пісок з відсіву дроблення щебеню фр. 0-5мм. Надходження товарів і послуг ІБ00-006313 від 17.12.2024 18:00:22 СПК (Глобине) | E8: 205 | F8: 17510 | H8: 205 | K8: Д | L8: 144439.62
A9: 06.02.2025 | B9: Переміщення товарів ІБ00-000071 від 06.02.2025 18:36:21 Перемещение ТМЦ | C9: Обл. НДС Бетон С20/25 W6 F75 P4 доб-10 Надходження товарів і послуг ІБ00-000481 від 06.02.2025 18:36:18 Резервуар для зберігання розчинника(Глобине) | D9: Обл. НДС Бетон С20/25 W6 F75 P4 доб-10 Надходження товарів і послуг ІБ00-000481 від 06.02.2025 18:36:18 Глобине-2 | E9: 205 | F9: 55327.94 | H9: 205 | K9: Д | L9: 199767.56
A10: 06.02.2025 | B10: Надходження товарів і послуг ІБ00-000488 від 06.02.2025 18:36:23 Оприходованы ТМЦ | C10: Обл. НДС Пісок з відсіву дроблення щебеню фр. 0-5мм. Надходження товарів і послуг ІБ00-000488 від 06.02.2025 18:36:23 Резервуар для зберігання розчинника(Глобине) | D10: Енергія Логістик ТОВ №28/10-2024 ВІД 28/10/24_Глобине-2 Рахунок на оплату постачальника ІБ00-000418 від 06.02.2025 18:36:22 | E10: 205 | F10: 8172 | H10: 631 | K10: Д | L10: 207939.56
A11: 06.02.2025 | B11: Надходження дод. витрат ІБ00-000071 від 06.02.2025 18:36:24 Доп. расходы при поступлении товаров | C11: Обл. НДС Пісок з відсіву дроблення щебеню фр. 0-5мм. Надходження товарів і послуг ІБ00-000488 від 06.02.2025 18:36:23 Резервуар для зберігання розчинника(Глобине) | D11: Енергія Логістик ТОВ №28/10-2024 ВІД 28/10/24_Глобине-2 Рахунок на оплату постачальника ІБ00-000418 від 06.02.2025 18:36:22 | E11: 205 | F11: 19068 | H11: 631 | K11: Д | L11: 227007.56
A12: 06.02.2025 | B12: Переміщення товарів ІБ00-000161 від 06.02.2025 18:36:54 Перемещение ТМЦ | C12: Обл. НДС Пінополістирол фасад шаршавий 1200х600х20мм 0,264 куб м Надходження товарів і послуг ІБ00-000776 від 06.02.2025 18:36:51 Резервуар для зберігання розчинника(Глобине) | D12: Обл. НДС Пінополістирол фасад шаршавий 1200х600х20мм 0,264 куб м Надходження товарів і послуг ІБ00-000776 від 06.02.2025 18:36:51 Глобине-2 | E12: 205 | F12: 224.35 | H12: 205 | K12: Д | L12: 227231.91
A13: 06.02.2025 | B13: Переміщення товарів ІБ00-000161 від 06.02.2025 18:36:54 Перемещение ТМЦ | C13: Обл. НДС Пінополістирол фасад шаршавий 1200х600х20мм 0,264 куб м Надходження товарів і послуг ІБ00-000776 від 06.02.2025 18:36:51 Резервуар для зберігання розчинника(Глобине) | D13: Обл. НДС Пінополістирол фасад шаршавий 1200х600х20мм 0,264 куб м Надходження товарів і послуг ІБ00-000776 від 06.02.2025 18:36:51 Глобине-2 | E13: 205 | F13: 10170.65 | H13: 205 | K13: Д | L13: 237402.56
A14: 07.02.2025 | B14: Переміщення товарів ІБ00-000076 від 07.02.2025 18:30:15 Перемещение ТМЦ | C14: Обл. НДС Щебінь 20-40 Надходження товарів і послуг ІБ00-000491 від 07.02.2025 18:30:12 Резервуар для зберігання розчинника(Глобине) | D14: Обл. НДС Щебінь 20-40 Надходження товарів і послуг ІБ00-000491 від 07.02.2025 18:30:12 Глобине-2 | E14: 205 | F14: 112353.33 | H14: 205 | K14: Д | L14: 349755.89
A15: 12.02.2025 | B15: Вимога-накладна ІБ00-000073 від 12.02.2025 18:02:55 Списаны ТМЦ | C15: Обл. НДС Виробничий (Глобине-2) Глобине-2 Прямі материальні виробничі витрати крім зворотніх відходів | D15: Обл. НДС Щебінь 20-40 Надходження товарів і послуг ІБ00-006201 від 11.12.2024 18:00:22 Резервуар для зберігання розчинника(Глобине) | E15: 231 | H15: 205 | I15: 17314.26 | K15: Д | L15: 332441.63
A16: 12.02.2025 | B16: Вимога-накладна ІБ00-000073 від 12.02.2025 18:02:55 Списаны ТМЦ | C16: Обл. НДС Виробничий (Глобине-2) Глобине-2 Прямі материальні виробничі витрати крім зворотніх відходів | D16: Обл. НДС Щебінь 20-40 Надходження товарів і послуг ІБ00-000491 від 07.02.2025 18:30:12 Резервуар для зберігання розчинника(Глобине) | E16: 231 | H16: 205 | I16: 96923.33 | K16: Д | L16: 235518.3
A17: 12.02.2025 | B17: Вимога-накладна ІБ00-000073 від 12.02.2025 18:02:55 Списаны ТМЦ | C17: Обл. НДС Виробничий (Глобине-2) Глобине-2 Прямі материальні виробничі витрати крім зворотніх відходів | D17: Обл. НДС Щебінь 20-40 Надходження товарів і послуг ІБ00-000491 від 07.02.2025 18:30:12 Резервуар для зберігання розчинника(Глобине) | E17: 231 | H17: 205 | I17: 15430 | K17: Д | L17: 220088.3
A18: 13.02.2025 | B18: Переміщення товарів ІБ00-000103 від 13.02.2025 18:15:00 Перемещение ТМЦ | C18: Обл. НДС Бетон С 8/10 Р4 доб-15 Надходження товарів і послуг ІБ00-000541 від 13.02.2025 18:05:07 Резервуар для зберігання розчинника(Глобине) | D18: Обл. НДС Бетон С 8/10 Р4 доб-15 Надходження товарів і послуг ІБ00-000541 від 13.02.2025 18:05:07 Глобине-2 | E18: 205 | F18: 13169.98 | H18: 205 | K18: Д | L18: 233258.28
A19: 13.02.2025 | B19: Надходження товарів і послуг ІБ00-000659 від 13.02.2025 18:20:14 Оприходованы ТМЦ | C19: Обл. НДС Шпонка гідроізоляційна ВД 240 Надходження товарів і послуг ІБ00-000659 від 13.02.2025 18:20:14 Резервуар для зберігання розчинника(Глобине) | D19: ПРОТЕКС УКРАЇНА Договір 9 від 11.12.2023_Глобіно2 Рахунок на оплату постачальника ІБ00-000555 від 11.02.2025 21:16:59 | E19: 205 | F19: 5375 | H19: 631 | K19: Д | L19: 238633.28
A20: 14.02.2025 | B20: Надходження товарів і послуг ІБ00-000655 від 14.02.2025 00:00:00 Оприходованы ТМЦ (Зачет аванса поставщику) | C20: Обл. НДС Труба Дн 273 стал. 8,0мм Надходження товарів і послуг ІБ00-000655 від 14.02.2025 00:00:00 Резервуар для зберігання розчинника(Глобине) | D20: Паритет"ТОВ ТД Договір 06-09/1 від 06.09.2024_Глобино-2 Рахунок на оплату постачальника ІБ00-000456 від 11.02.2025 18:10:02 | E20: 205 | F20: 7145.53 | H20: 631 | K20: Д | L20: 245778.81
A21: 14.02.2025 | B21: Надходження товарів і послуг ІБ00-000655 від 14.02.2025 00:00:00 Оприходованы ТМЦ (Зачет аванса поставщику) | C21: Обл. НДС Труба 426х7 стальна Надходження товарів і послуг ІБ00-000655 від 14.02.2025 00:00:00 Резервуар для зберігання розчинника(Глобине) | D21: Паритет"ТОВ ТД Договір 06-09/1 від 06.09.2024_Глобино-2 Рахунок на оплату постачальника ІБ00-000456 від 11.02.2025 18:10:02 | E21: 205 | F21: 837.82 | H21: 631 | K21: Д | L21: 246616.63
A22: 14.02.2025 | B22: Переміщення товарів ІБ00-000115 від 14.02.2025 10:10:00 Перемещение ТМЦ | C22: Обл. НДС Кутик 50х50х5мм ст 3пс МІРА Надходження товарів і послуг ІБ00-000546 від 14.02.2025 10:00:00 Резервуар для зберігання розчинника(Глобине) | D22: Обл. НДС Кутик 50х50х5мм ст 3пс МІРА Надходження товарів і послуг ІБ00-000546 від 14.02.2025 10:00:00 Глобине-2 | E22: 205 | F22: 3510 | H22: 205 | K22: Д | L22: 250126.63
A23: 14.02.2025 | B23: Переміщення товарів ІБ00-000115 від 14.02.2025 10:10:00 Перемещение ТМЦ | C23: Обл. НДС Прокат арматурний №16 мм А500С Надходження товарів і послуг ІБ00-000546 від 14.02.2025 10:00:00 Резервуар для зберігання розчинника(Глобине) | D23: Обл. НДС Прокат арматурний №16 мм А500С Надходження товарів і послуг ІБ00-000546 від 14.02.2025 10:00:00 Глобине-2 | E23: 205 | F23: 31258.33 | H23: 205 | K23: Д | L23: 281384.96
A24: 17.02.2025 | B24: Надходження товарів і послуг ІБ00-000649 від 17.02.2025 23:45:08 Оприходованы ТМЦ (Зачет аванса поставщику) | C24: Обл. НДС Пенебар SW-55 тип А 5м/рул Надходження товарів і послуг ІБ00-000649 від 17.02.2025 23:45:08 Резервуар для зберігання розчинника(Глобине) | D24: ПЕНЕТРОН УКРАЇНА ТОВ РАХУНКИ_Глобино-2 Рахунок на оплату постачальника ІБ00-000457 від 10.02.2025 17:47:30 | E24: 205 | F24: 1187.5 | H24: 631 | K24: Д | L24: 282572.46
A25: 17.02.2025 | B25: Надходження товарів і послуг ІБ00-000649 від 17.02.2025 23:45:08 Оприходованы ТМЦ (Зачет аванса поставщику) | C25: Обл. НДС Пенекрит 5кг/відро Надходження товарів і послуг ІБ00-000649 від 17.02.2025 23:45:08 Резервуар для зберігання розчинника(Глобине) | D25: ПЕНЕТРОН УКРАЇНА ТОВ РАХУНКИ_Глобино-2 Рахунок на оплату постачальника ІБ00-000457 від 10.02.2025 17:47:30 | E25: 205 | F25: 1145.83 | H25: 631 | K25: Д | L25: 283718.29
A26: 20.02.2025 | B26: Вимога-накладна ІБ00-000118 від 20.02.2025 00:00:00 Списаны ТМЦ | C26: Обл. НДС Виробничий (Глобине-2) Глобине-2 Прямі материальні виробничі витрати крім зворотніх відходів | D26: Обл. НДС Щебінь 20-40 Надходження товарів і послуг ІБ00-006196 від 10.12.2024 18:00:19 Резервуар для зберігання розчинника(Глобине) | E26: 231 | H26: 205 | I26: 4510.67 | K26: Д | L26: 279207.62
A27: 20.02.2025 | B27: Вимога-накладна ІБ00-000118 від 20.02.2025 00:00:00 Списаны ТМЦ | C27: Обл. НДС Виробничий (Глобине-2) Глобине-2 Прямі материальні виробничі витрати крім зворотніх відходів | D27: Обл. НДС Щебінь 20-40 Надходження товарів і послуг ІБ00-006201 від 11.12.2024 18:00:22 Резервуар для зберігання розчинника(Глобине) | E27: 231 | H27: 205 | I27: 78162.9 | K27: Д | L27: 201044.72
A28: 20.02.2025 | B28: Вимога-накладна ІБ00-000118 від 20.02.2025 00:00:00 Списаны ТМЦ | C28: Обл. НДС Виробничий (Глобине-2) Глобине-2 Прямі материальні виробничі витрати крім зворотніх відходів | D28: Обл. НДС Щебінь 20-40 Надходження товарів і послуг ІБ00-006224 від 12.12.2024 18:00:32 Резервуар для зберігання розчинника(Глобине) | E28: 231 | H28: 205 | I28: 583.44 | K28: Д | L28: 200461.28
A29: 20.02.2025 | B29: Вимога-накладна ІБ00-000118 від 20.02.2025 00:00:00 Списаны ТМЦ | C29: Обл. НДС Виробничий (Глобине-2) Глобине-2 Прямі материальні виробничі витрати крім зворотніх відходів | D29: Обл. НДС Щебінь 20-40 Надходження товарів і послуг ІБ00-006224 від 12.12.2024 18:00:32 Резервуар для зберігання розчинника(Глобине) | E29: 231 | H29: 205 | I29: 19002.35 | K29: Д | L29: 181458.93
A30: 20.02.2025 | B30: Вимога-накладна ІБ00-000118 від 20.02.2025 00:00:00 Списаны ТМЦ | C30: Обл. НДС Виробничий (Глобине-2) Глобине-2 Прямі материальні виробничі витрати крім зворотніх відходів | D30: Обл. НДС Щебінь 20-40 Надходження товарів і послуг ІБ00-006317 від 18.12.2024 18:00:25 Резервуар для зберігання розчинника(Глобине) | E30: 231 | H30: 205 | I30: 7356 | K30: Д | L30: 174102.93
A31: 20.02.2025 | B31: Вимога-накладна ІБ00-000118 від 20.02.2025 00:00:00 Списаны ТМЦ | C31: Обл. НДС Виробничий (Глобине-2) Глобине-2 Прямі материальні виробничі витрати крім зворотніх відходів | D31: Обл. НДС Бетон С 8/10 Р4 доб-15 Надходження товарів і послуг ІБ00-000541 від 13.02.2025 18:05:07 Резервуар для зберігання розчинника(Глобине) | E31: 231 | H31: 205 | I31: 13169.98 | K31: Д | L31: 160932.95
A32: 20.02.2025 | B32: Вимога-накладна ІБ00-000118 від 20.02.2025 00:00:00 Списаны ТМЦ | C32: Обл. НДС Виробничий (Глобине-2) Глобине-2 Прямі материальні виробничі витрати крім зворотніх відходів | D32: Обл. НДС Пісок з відсіву дроблення щебеню фр. 0-5мм. Надходження товарів і послуг ІБ00-006313 від 17.12.2024 18:00:22 Резервуар для зберігання розчинника(Глобине) | E32: 231 | H32: 205 | I32: 17510 | K32: Д | L32: 143422.95
A33: 20.02.2025 | B33: Вимога-накладна ІБ00-000118 від 20.02.2025 00:00:00 Списаны ТМЦ | C33: Обл. НДС Виробничий (Глобине-2) Глобине-2 Прямі материальні виробничі витрати крім зворотніх відходів | D33: Обл. НДС Пісок з відсіву дроблення щебеню фр. 0-5мм. Надходження товарів і послуг ІБ00-000488 від 06.02.2025 18:36:23 Резервуар для зберігання розчинника(Глобине) | E33: 231 | H33: 205 | I33: 9730 | K33: Д | L33: 133692.95
A34: 20.02.2025 | B34: Вимога-накладна ІБ00-000118 від 20.02.2025 00:00:00 Списаны ТМЦ | C34: Обл. НДС Виробничий (Глобине-2) Глобине-2 Прямі материальні виробничі витрати крім зворотніх відходів | D34: Обл. НДС Пісок з відсіву дроблення щебеню фр. 0-5мм. Надходження товарів і послуг ІБ00-000488 від 06.02.2025 18:36:23 Резервуар для зберігання розчинника(Глобине) | E34: 231 | H34: 205 | I34: 17510 | K34: Д | L34: 116182.95
A35: Обороти за період та сальдо на кінець | E35: 413385.88 | H35: 297202.93 | K35: Д | L35: 116182.95
J37: =SUBTOTAL(9,I15:J34)*1.2 -> 356643.52

Sheet Резервуарний парк
A1: Період | B1: Документ | C1: Аналітика Дт | D1: Аналітика Кт | E1: Дебет | H1: Кредит | K1: Поточне сальдо
E2: Рахунок | H2: Рахунок
A3: 01.02.2025 | B3: Надходження товарів і послуг ІБ00-000352 від 01.02.2025 18:00:02 Оприходованы ТМЦ | C3: Обл. НДС Пісок з відсіву дроблення щебеню фр. 0-5мм. Надходження товарів і послуг ІБ00-000352 від 01.02.2025 18:00:02 Резервуарний парк соєвої меляси (Глобине) | D3: Енергія Логістик ТОВ №28/10-2024 ВІД 28/10/24_Глобине-2 Рахунок на оплату постачальника ІБ00-000313 від 01.02.2025 18:00:01 | E3: 205 | F3: 8151 | H3: 631 | K3: Д | L3: 190754.53
A4: 01.02.2025 | B4: Надходження дод. витрат ІБ00-000058 від 01.02.2025 18:00:03 Доп. расходы при поступлении товаров | C4: Обл. НДС Пісок з відсіву дроблення щебеню фр. 0-5мм. Надходження товарів і послуг ІБ00-000352 від 01.02.2025 18:00:02 Резервуарний парк соєвої меляси (Глобине) | D4: Енергія Логістик ТОВ №28/10-2024 ВІД 28/10/24_Глобине-2 Рахунок на оплату постачальника ІБ00-000313 від 01.02.2025 18:00:01 | E4: 205 | F4: 19019 | H4: 631 | K4: Д | L4: 209773.53
A5: 01.02.2025 | B5: Переміщення товарів ІБ00-000088 від 01.02.2025 18:10:10 Перемещение ТМЦ | C5: Обл. НДС Бетон С20/25 W6 F75 P4 Надходження товарів і послуг ІБ00-000026 від 08.01.2025 18:00:01 Резервуарний парк соєвої меляси (Глобине) | D5: Обл. НДС Бетон С20/25 W6 F75 P4 Надходження товарів і послуг ІБ00-000026 від 08.01.2025 18:00:01 СПК (Глобине) | E5: 205 | F5: 6307.8 | H5: 205 | K5: Д | L5: 216081.33
A6: 01.02.2025 | B6: Переміщення товарів ІБ00-000088 від 01.02.2025 18:10:10 Перемещение ТМЦ | C6: Обл. НДС Бетон С20/25 W6 F75 P4 Надходження товарів і послуг ІБ00-000364 від 29.01.2025 18:00:25 Резервуарний парк соєвої меляси (Глобине) | D6: Обл. НДС Бетон С20/25 W6 F75 P4 Надходження товарів і послуг ІБ00-000364 від 29.01.2025 18:00:25 СПК (Глобине) | E6: 205 | F6: 1753.8 | H6: 205 | K6: Д | L6: 217835.13
A7: 01.02.2025 | B7: Переміщення товарів ІБ00-000088 від 01.02.2025 18:10:10 Перемещение ТМЦ | C7: Обл. НДС Бетон С20/25 W6 F75 P4 Надходження товарів і послуг ІБ00-000363 від 30.01.2025 20:41:51 Резервуарний парк соєвої меляси (Глобине) | D7: Обл. НДС Бетон С20/25 W6 F75 P4 Надходження товарів і послуг ІБ00-000363 від 30.01.2025 20:41:51 СПК (Глобине) | E7: 205 | F7: 9826.42 | H7: 205 | K7: Д | L7: 227661.55
A8: 01.02.2025 | B8: Переміщення товарів ІБ00-000088 від 01.02.2025 18:10:10 Перемещение ТМЦ | C8: Обл. НДС Пінополістирол екструдований 20х600х1200мм Надходження товарів і послуг ІБ00-006461 від 20.12.2024 18:18:13 Резервуарний парк соєвої меляси (Глобине) | D8: Обл. НДС Пінополістирол екструдований 20х600х1200мм Надходження товарів і послуг ІБ00-006461 від 20.12.2024 18:18:13 СПК (Глобине) | E8: 205 | F8: 97.68 | H8: 205 | K8: Д | L8: 227759.23
A9: 01.02.2025 | B9: Переміщення товарів ІБ00-000089 від 01.02.2025 18:10:11 Перемещение ТМЦ | C9: Обл. НДС Шпонка гідроізоляційна ВР 200 20м п Надходження товарів і послуг ІБ00-002091 від 21.12.2023 18:14:00 Резервуарний парк соєвої меляси (Глобине) | D9: Обл. НДС Шпонка гідроізоляційна ВР 200 20м п Надходження товарів і послуг ІБ00-002091 від 21.12.2023 18:14:00 Глобине-2 | E9: 205 | F9: 839.5 | H9: 205 | K9: Д | L9: 228598.73
A10: 01.02.2025 | B10: Надходження товарів і послуг ІБ00-000524 від 01.02.2025 18:10:19 Оприходованы ТМЦ | C10: Обл. НДС Шпонка гідроізоляційна ВР 200 20м п Надходження товарів і послуг ІБ00-000524 від 01.02.2025 18:10:19 Резервуарний парк соєвої меляси (Глобине) | D10: ПРОТЕКС УКРАЇНА Договір 9 від 11.12.2023_Глобіно2 Рахунок на оплату постачальника ІБ00-000378 від 28.01.2025 23:21:45 | E10: 205 | F10: 4238 | H10: 631 | K10: Д | L10: 232836.73
A11: 01.02.2025 | B11: Надходження товарів і послуг ІБ00-000818 від 01.02.2025 18:11:48 Оприходованы ТМЦ | C11: Обл. НДС Гвинт М10х20 пот/гл DIN912 Надходження товарів і послуг ІБ00-000818 від 01.02.2025 18:11:48 Резервуарний парк соєвої меляси (Глобине) | D11: Лук'ян Михайло Федорович ФОП 03062024-1 от 03.06.2024 (РАХУНКИ)_Глобине-2 Рахунок на оплату постачальника ІБ00-000386 від 29.01.2025 18:20:04 | E11: 205 | F11: 47.5 | H11: 631 | K11: Д | L11: 232884.23
A12: 05.02.2025 | B12: Вимога-накладна ІБ00-000066 від 05.02.2025 18:00:18 Списаны ТМЦ | C12: Обл. НДС Виробничий (Глобине-2) Глобине-2 Прямі материальні виробничі витрати крім зворотніх відходів | D12: Обл. НДС Шпонка гідроізоляційна ВР 200 20м п Надходження товарів і послуг ІБ00-002091 від 21.12.2023 18:14:00 Резервуарний парк соєвої меляси (Глобине) | E12: 231 | H12: 205 | I12: 839.5 | K12: Д | L12: 232044.73
A13: 05.02.2025 | B13: Вимога-накладна ІБ00-000066 від 05.02.2025 18:00:18 Списаны ТМЦ | C13: Обл. НДС Виробничий (Глобине-2) Глобине-2 Прямі материальні виробничі витрати крім зворотніх відходів | D13: Обл. НДС Бетон С20/25 W6 F75 P4 Надходження товарів і послуг ІБ00-000026 від 08.01.2025 18:00:01 Резервуарний парк соєвої меляси (Глобине) | E13: 231 | H13: 205 | I13: 6307.8 | K13: Д | L13: 225736.93
A14: 05.02.2025 | B14: Вимога-накладна ІБ00-000066 від 05.02.2025 18:00:18 Списаны ТМЦ | C14: Обл. НДС Виробничий (Глобине-2) Глобине-2 Прямі материальні виробничі витрати крім зворотніх відходів | D14: Обл. НДС Бетон С20/25 W6 F75 P4 Надходження товарів і послуг ІБ00-000364 від 29.01.2025 18:00:25 Резервуарний парк соєвої меляси (Глобине) | E14: 231 | H14: 205 | I14: 1753.8 | K14: Д | L14: 223983.13
A15: 05.02.2025 | B15: Вимога-накладна ІБ00-000066 від 05.02.2025 18:00:18 Списаны ТМЦ | C15: Обл. НДС Виробничий (Глобине-2) Глобине-2 Прямі материальні виробничі витрати крім зворотніх відходів | D15: Обл. НДС Бетон С20/25 W6 F75 P4 Надходження товарів і послуг ІБ00-000363 від 30.01.2025 20:41:51 Резервуарний парк соєвої меляси (Глобине) | E15: 231 | H15: 205 | I15: 76032.78 | K15: Д | L15: 147950.35
A16: 05.02.2025 | B16: Вимога-накладна ІБ00-000066 від 05.02.2025 18:00:18 Списаны ТМЦ | C16: Обл. НДС Виробничий (Глобине-2) Глобине-2 Прямі материальні виробничі витрати крім зворотніх відходів | D16: Обл. НДС Бетон С20/25 W6 F75 P4 Надходження товарів і послуг ІБ00-000363 від 30.01.2025 20:41:51 Резервуарний парк соєвої меляси (Глобине) | E16: 231 | H16: 205 | I16: 1742.27 | K16: Д | L16: 146208.08
A17: 05.02.2025 | B17: Вимога-накладна ІБ00-000066 від 05.02.2025 18:00:18 Списаны ТМЦ | C17: Обл. НДС Виробничий (Глобине-2) Глобине-2 Прямі материальні виробничі витрати крім зворотніх відходів | D17: Обл. НДС Бетон С20/25 W6 F75 P4 доб-5 Надходження товарів і послуг ІБ00-000238 від 24.01.2025 18:00:03 Резервуарний парк соєвої меляси (Глобине) | E17: 231 | H17: 205 | I17: 82988.64 | K17: Д | L17: 63219.44
A18: 05.02.2025 | B18: Вимога-накладна ІБ00-000066 від 05.02.2025 18:00:18 Списаны ТМЦ | C18: Обл. НДС Виробничий (Глобине-2) Глобине-2 Прямі материальні виробничі витрати крім зворотніх відходів | D18: Обл. НДС Пінополістирол екструдований 20х600х1200мм Надходження товарів і послуг ІБ00-006461 від 20.12.2024 18:18:13 Резервуарний парк соєвої меляси (Глобине) | E18: 231 | H18: 205 | I18: 97.68 | K18: Д | L18: 63121.76
A19: 07.02.2025 | B19: Надходження товарів і послуг ІБ00-000523 від 07.02.2025 10:00:00 Оприходованы ТМЦ | C19: Обл. НДС Бетон С 8/10 Р4 доб-10 Надходження товарів і послуг ІБ00-000523 від 07.02.2025 10:00:00 Резервуарний парк соєвої меляси (Глобине) | D19: Кременчуцький річковий порт ПРАТ Договір 112/Б від 15.10.2024_Глобине-2 Надходження товарів і послуг ІБ00-000523 від 07.02.2025 10:00:00 | E19: 205 | F19: 13599.1 | H19: 631 | K19: Д | L19: 76720.86
A20: 07.02.2025 | B20: Надходження товарів і послуг ІБ00-000523 від 07.02.2025 10:00:00 Оприходованы ТМЦ (Зачет аванса поставщику) | C20: Обл. НДС Бетон С 8/10 Р4 доб-10 Надходження товарів і послуг ІБ00-000523 від 07.02.2025 10:00:00 Резервуарний парк соєвої меляси (Глобине) | D20: Кременчуцький річковий порт ПРАТ Договір 112/Б від 15.10.2024_Глобине-2 Списання з банківського рахунку 00000001239 від 31.01.2025 16:20:57 | E20: 205 | F20: 16025.9 | H20: 631 | K20: Д | L20: 92746.76
A21: 07.02.2025 | B21: Надходження дод. витрат ІБ00-000076 від 07.02.2025 10:10:00 Доп. расходы при поступлении товаров | C21: Обл. НДС Бетон С 8/10 Р4 доб-10 Надходження товарів і послуг ІБ00-000523 від 07.02.2025 10:00:00 Резервуарний парк соєвої меляси (Глобине) | D21: Кременчуцький річковий порт ПРАТ Договір 112/Б від 15.10.2024_Глобине-2 Надходження дод. витрат ІБ00-000076 від 07.02.2025 10:10:00 | E21: 205 | F21: 15644.5 | H21: 631 | K21: Д | L21: 108391.26
A22: 10.02.2025 | B22: Надходження товарів і послуг ІБ00-000526 від 10.02.2025 17:47:31 Оприходованы ТМЦ | C22: Обл. НДС Арматура композитна 8мм 200м Надходження товарів і послуг ІБ00-000526 від 10.02.2025 17:47:31 Резервуарний парк соєвої меляси (Глобине) | D22: Поліекс Україна ТОВ РАХУНКИ_Глобино-2 Рахунок на оплату постачальника ІБ00-000388 від 07.01.2025 17:32:16 | E22: 205 | F22: 898.4 | H22: 631 | K22: Д | L22: 109289.66
A23: 10.02.2025 | B23: Надходження товарів і послуг ІБ00-000526 від 10.02.2025 17:47:31 Оприходованы ТМЦ (Зачет аванса поставщику) | C23: Обл. НДС Арматура композитна 8мм 200м Надходження товарів і послуг ІБ00-000526 від 10.02.2025 17:47:31 Резервуарний парк соєвої меляси (Глобине) | D23: Поліекс Україна ТОВ РАХУНКИ_Глобино-2 Рахунок на оплату постачальника ІБ00-000388 від 07.01.2025 17:32:16 | E23: 205 | F23: 21561.6 | H23: 631 | K23: Д | L23: 130851.26
A24: 13.02.2025 | B24: Переміщення товарів ІБ00-000101 від 13.02.2025 18:15:00 Перемещение ТМЦ | C24: Обл. НДС Бетон С20/25 W6 F75 P4 доб-15 Надходження товарів і послуг ІБ00-000541 від 13.02.2025 18:05:07 Резервуарний парк соєвої меляси (Глобине) | D24: Обл. НДС Бетон С20/25 W6 F75 P4 доб-15 Надходження товарів і послуг ІБ00-000541 від 13.02.2025 18:05:07 Глобине-2 | E24: 205 | F24: 102469.01 | H24: 205 | K24: Д | L24: 233320.27
A25: 14.02.2025 | B25: Переміщення товарів ІБ00-000109 від 14.02.2025 18:35:00 Перемещение ТМЦ | C25: Обл. НДС Бетон С20/25 W6 F75 P4 доб-10 Надходження товарів і послуг ІБ00-000544 від 14.02.2025 18:25:57 Резервуарний парк соєвої меляси (Глобине) | D25: Обл. НДС Бетон С20/25 W6 F75 P4 доб-10 Надходження товарів і послуг ІБ00-000544 від 14.02.2025 18:25:57 Глобине-2 | E25: 205 | F25: 99789.83 | H25: 205 | K25: Д | L25: 333110.1
A26: 15.02.2025 | B26: Переміщення товарів ІБ00-000110 від 15.02.2025 10:25:00 Перемещение ТМЦ | C26: Обл. НДС Бетон С20/25 W6 F75 P4 доб-10 Надходження товарів і послуг ІБ00-000544 від 14.02.2025 18:25:57 Резервуарний парк соєвої меляси (Глобине) | D26: Обл. НДС Бетон С20/25 W6 F75 P4 доб-10 Надходження товарів і послуг ІБ00-000544 від 14.02.2025 18:25:57 Глобине-2 | E26: 205 | F26: 3522.4 | H26: 205 | K26: Д | L26: 336632.5
A27: 15.02.2025 | B27: Переміщення товарів ІБ00-000110 від 15.02.2025 10:25:00 Перемещение ТМЦ | C27: Обл. НДС Бетон С20/25 W6 F75 P4 доб-10 Надходження товарів і послуг ІБ00-000545 від 15.02.2025 10:00:05 Резервуарний парк соєвої меляси (Глобине) | D27: Обл. НДС Бетон С20/25 W6 F75 P4 доб-10 Надходження товарів і послуг ІБ00-000545 від 15.02.2025 10:00:05 Глобине-2 | E27: 205 | F27: 98384.47 | H27: 205 | K27: Д | L27: 435016.97
A28: 18.02.2025 | B28: Надходження товарів і послуг ІБ00-000678 від 18.02.2025 20:00:41 Оприходованы ТМЦ | C28: Обл. НДС Бетон С20/25 W6 F75 P4 доб-15 Надходження товарів і послуг ІБ00-000678 від 18.02.2025 20:00:41 Резервуарний парк соєвої меляси (Глобине) | D28: Кременчуцький річковий порт ПРАТ Договір 112/Б від 15.10.2024_Глобине-2 Надходження товарів і послуг ІБ00-000678 від 18.02.2025 20:00:41 | E28: 205 | F28: 28260.6 | H28: 631 | K28: Д | L28: 463277.57
A29: 18.02.2025 | B29: Надходження товарів і послуг ІБ00-000678 від 18.02.2025 20:00:41 Оприходованы ТМЦ (Зачет аванса поставщику) | C29: Обл. НДС Бетон С20/25 W6 F75 P4 доб-15 Надходження товарів і послуг ІБ00-000678 від 18.02.2025 20:00:41 Резервуарний парк соєвої меляси (Глобине) | D29: Кременчуцький річковий порт ПРАТ Договір 112/Б від 15.10.2024_Глобине-2 Списання з банківського рахунку 00000001686 від 07.02.2025 17:38:53 | E29: 205 | F29: 50909.4 | H29: 631 | K29: Д | L29: 514186.97
A30: 18.02.2025 | B30: Надходження дод. витрат ІБ00-000097 від 18.02.2025 20:00:42 Доп. расходы при поступлении товаров | C30: Обл. НДС Бетон С20/25 W6 F75 P4 доб-15 Надходження товарів і послуг ІБ00-000678 від 18.02.2025 20:00:41 Резервуарний парк соєвої меляси (Глобине) | D30: Кременчуцький річковий порт ПРАТ Договір 112/Б від 15.10.2024_Глобине-2 Надходження дод. витрат ІБ00-000097 від 18.02.2025 20:00:42 | E30: 205 | F30: 22339.51 | H30: 631 | K30: Д | L30: 536526.48
A31: 20.02.2025 | B31: Вимога-накладна ІБ00-000106 від 20.02.2025 18:11:16 Списаны ТМЦ | C31: Обл. НДС Виробничий (Глобине-2) Глобине-2 Прямі материальні виробничі витрати крім зворотніх відходів | D31: Обл. НДС Бетон С20/25 W6 F75 P4 доб-10 Надходження товарів і послуг ІБ00-000544 від 14.02.2025 18:25:57 Резервуарний парк соєвої меляси (Глобине) | E31: 231 | H31: 205 | I31: 96267.42 | K31: Д | L31: 440259.06
A32: 20.02.2025 | B32: Вимога-накладна ІБ00-000106 від 20.02.2025 18:11:16 Списаны ТМЦ | C32: Обл. НДС Виробничий (Глобине-2) Глобине-2 Прямі материальні виробничі витрати крім зворотніх відходів | D32: Обл. НДС Бетон С20/25 W6 F75 P4 доб-10 Надходження товарів і послуг ІБ00-000544 від 14.02.2025 18:25:57 Резервуарний парк соєвої меляси (Глобине) | E32: 231 | H32: 205 | I32: 4432.77 | K32: Д | L32: 435826.29
A33: 20.02.2025 | B33: Списання товарів ІБ00-000073 від 20.02.2025 18:11:17 Списаны ТМЦ | C33: Обл. НДС Виробничий (Глобине-2) Глобине-2 Прямі материальні виробничі витрати крім зворотніх відходів | D33: Обл. НДС Арматура №12 А500С L=12000 мм Надходження товарів і послуг ІБ00-000054 від 10.01.2025 18:00:05 Резервуарний парк соєвої меляси (Глобине) | E33: 231 | H33: 205 | I33: 251.25 | K33: Д | L33: 435575.04
A34: 20.02.2025 | B34: Надходження товарів і послуг ІБ00-000757 від 20.02.2025 18:11:49 Оприходованы ТМЦ | C34: Обл. НДС Щебінь 20-40 Надходження товарів і послуг ІБ00-000757 від 20.02.2025 18:11:49 Резервуарний парк соєвої меляси (Глобине) | D34: Енергія Логістик ТОВ №28/10-2024 ВІД 28/10/24_Глобине-2 Рахунок на оплату постачальника ІБ00-000656 від 20.02.2025 18:11:48 | E34: 205 | F34: 23104 | H34: 631 | K34: Д | L34: 458679.04
A35: 20.02.2025 | B35: Надходження дод. витрат ІБ00-000108 від 20.02.2025 18:11:50 Доп. расходы при поступлении товаров | C35: Обл. НДС Щебінь 20-40 Надходження товарів і послуг ІБ00-000757 від 20.02.2025 18:11:49 Резервуарний парк соєвої меляси (Глобине) | D35: Енергія Логістик ТОВ №28/10-2024 ВІД 28/10/24_Глобине-2 Рахунок на оплату постачальника ІБ00-000656 від 20.02.2025 18:11:48 | E35: 205 | F35: 25536 | H35: 631 | K35: Д | L35: 484215.04
A36: 20.02.2025 | B36: Надходження товарів і послуг ІБ00-000758 від 20.02.2025 18:11:52 Оприходованы ТМЦ | C36: Обл. НДС Щебінь 20-40 Надходження товарів і послуг ІБ00-000758 від 20.02.2025 18:11:52 Резервуарний парк соєвої меляси (Глобине) | D36: Енергія Логістик ТОВ №28/10-2024 ВІД 28/10/24_Глобине-2 Рахунок на оплату постачальника ІБ00-000657 від 20.02.2025 18:11:51 | E36: 205 | F36: 4013.5 | H36: 631 | K36: Д | L36: 488228.54
A37: 21.02.2025 | B37: Надходження товарів і послуг ІБ00-000759 від 21.02.2025 18:26:12 Оприходованы ТМЦ | C37: Обл. НДС Щебінь 20-40 Надходження товарів і послуг ІБ00-000759 від 21.02.2025 18:26:12 Резервуарний парк соєвої меляси (Глобине) | D37: Енергія Логістик ТОВ №28/10-2024 ВІД 28/10/24_Глобине-2 Рахунок на оплату постачальника ІБ00-000658 від 21.02.2025 18:26:11 | E37: 205 | F37: 34573.67 | H37: 631 | K37: Д | L37: 522802.21
A38: 21.02.2025 | B38: Надходження дод. витрат ІБ00-000109 від 21.02.2025 18:26:13 Доп. расходы при поступлении товаров | C38: Обл. НДС Щебінь 20-40 Надходження товарів і послуг ІБ00-000759 від 21.02.2025 18:26:12 Резервуарний парк соєвої меляси (Глобине) | D38: Енергія Логістик ТОВ №28/10-2024 ВІД 28/10/24_Глобине-2 Рахунок на оплату постачальника ІБ00-000658 від 21.02.2025 18:26:11 | E38: 205 | F38: 38213 | H38: 631 | K38: Д | L38: 561015.21
A39: 21.02.2025 | B39: Надходження товарів і послуг ІБ00-000760 від 21.02.2025 18:26:15 Оприходованы ТМЦ | C39: Обл. НДС Щебінь 20-40 Надходження товарів і послуг ІБ00-000760 від 21.02.2025 18:26:15 Резервуарний парк соєвої меляси (Глобине) | D39: Енергія Логістик ТОВ №28/10-2024 ВІД 28/10/24_Глобине-2 Рахунок на оплату постачальника ІБ00-000659 від 21.02.2025 18:26:14 | E39: 205 | F39: 8145.83 | H39: 631 | K39: Д | L39: 569161.04
A40: 22.02.2025 | B40: Переміщення товарів ІБ00-000141 від 22.02.2025 20:10:00 Перемещение ТМЦ | C40: Обл. НДС Бетон С 8/10 Р4 доб-10 Надходження товарів і послуг ІБ00-000454 від 05.02.2025 18:00:12 Резервуарний парк соєвої меляси (Глобине) | D40: Обл. НДС Бетон С 8/10 Р4 доб-10 Надходження товарів і послуг ІБ00-000454 від 05.02.2025 18:00:12 Глобине-2 | E40: 205 | F40: 40795.64 | H40: 205 | K40: Д | L40: 609956.68
A41: 22.02.2025 | B41: Надходження товарів і послуг ІБ00-000761 від 22.02.2025 20:10:02 Оприходованы ТМЦ | C41: Обл. НДС Щебінь 20-40 Надходження товарів і послуг ІБ00-000761 від 22.02.2025 20:10:02 Резервуарний парк соєвої меляси (Глобине) | D41: Енергія Логістик ТОВ №28/10-2024 ВІД 28/10/24_Глобине-2 Рахунок на оплату постачальника ІБ00-000660 від 22.02.2025 20:10:01 | E41: 205 | F41: 22958.33 | H41: 631 | K41: Д | L41: 632915.01
A42: 22.02.2025 | B42: Надходження дод. витрат ІБ00-000110 від 22.02.2025 20:10:03 Доп. расходы при поступлении товаров | C42: Обл. НДС Щебінь 20-40 Надходження товарів і послуг ІБ00-000761 від 22.02.2025 20:10:02 Резервуарний парк соєвої меляси (Глобине) | D42: Енергія Логістик ТОВ №28/10-2024 ВІД 28/10/24_Глобине-2 Рахунок на оплату постачальника ІБ00-000660 від 22.02.2025 20:10:01 | E42: 205 | F42: 25375 | H42: 631 | K42: Д | L42: 658290.01
A43: 22.02.2025 | B43: Надходження товарів і послуг ІБ00-000762 від 22.02.2025 20:10:05 Оприходованы ТМЦ | C43: Обл. НДС Щебінь 20-40 Надходження товарів і послуг ІБ00-000762 від 22.02.2025 20:10:05 Резервуарний парк соєвої меляси (Глобине) | D43: Енергія Логістик ТОВ №28/10-2024 ВІД 28/10/24_Глобине-2 Рахунок на оплату постачальника ІБ00-000661 від 22.02.2025 20:10:04 | E43: 205 | F43: 8119 | H43: 631 | K43: Д | L43: 666409.01
A44: 24.02.2025 | B44: Вимога-накладна ІБ00-000142 від 24.02.2025 10:00:00 Списаны ТМЦ | C44: Обл. НДС Виробничий (Глобине-2) Глобине-2 Прямі матеріальні виробничі витрати крім зворотних відходів | D44: Обл. НДС Бетон С 8/10 Р4 доб-10 Надходження товарів і послуг ІБ00-000454 від 05.02.2025 18:00:12 Резервуарний парк соєвої меляси (Глобине) | E44: 231 | H44: 205 | I44: 40795.64 | K44: Д | L44: 625613.37
A45: 24.02.2025 | B45: Вимога-накладна ІБ00-000142 від 24.02.2025 10:00:00 Списаны ТМЦ | C45: Обл. НДС Виробничий (Глобине-2) Глобине-2 Прямі матеріальні виробничі витрати крім зворотних відходів | D45: Обл. НДС Бетон С 8/10 Р4 доб-10 Надходження товарів і послуг ІБ00-000523 від 07.02.2025 10:00:00 Резервуарний парк соєвої меляси (Глобине) | E45: 231 | H45: 205 | I45: 45269.5 | K45: Д | L45: 580343.87
A46: 24.02.2025 | B46: Вимога-накладна ІБ00-000142 від 24.02.2025 10:00:00 Списаны ТМЦ | C46: Обл. НДС Виробничий (Глобине-2) Глобине-2 Прямі матеріальні виробничі витрати крім зворотних відходів | D46: Обл. НДС Щебінь 20-40 Надходження товарів і послуг ІБ00-000757 від 20.02.2025 18:11:49 Резервуарний парк соєвої меляси (Глобине) | E46: 231 | H46: 205 | I46: 48640 | K46: Д | L46: 531703.87
A47: 24.02.2025 | B47: Вимога-накладна ІБ00-000142 від 24.02.2025 10:00:00 Списаны ТМЦ | C47: Обл. НДС Виробничий (Глобине-2) Глобине-2 Прямі матеріальні виробничі витрати крім зворотних відходів | D47: Обл. НДС Щебінь 20-40 Надходження товарів і послуг ІБ00-000758 від 20.02.2025 18:11:52 Резервуарний парк соєвої меляси (Глобине) | E47: 231 | H47: 205 | I47: 4013.5 | K47: Д | L47: 527690.37
A48: 24.02.2025 | B48: Вимога-накладна ІБ00-000142 від 24.02.2025 10:00:00 Списаны ТМЦ | C48: Обл. НДС Виробничий (Глобине-2) Глобине-2 Прямі матеріальні виробничі витрати крім зворотних відходів | D48: Обл. НДС Щебінь 20-40 Надходження товарів і послуг ІБ00-000759 від 21.02.2025 18:26:12 Резервуарний парк соєвої меляси (Глобине) | E48: 231 | H48: 205 | I48: 56713.34 | K48: Д | L48: 470977.03
A49: 24.02.2025 | B49: Вимога-накладна ІБ00-000142 від 24.02.2025 10:00:00 Списаны ТМЦ | C49: Обл. НДС Виробничий (Глобине-2) Глобине-2 Прямі матеріальні виробничі витрати крім зворотних відходів | D49: Обл. НДС Бетон С 8/10 Р4 (-5*) Надходження товарів і послуг ІБ00-000175 від 20.01.2025 18:00:24 Резервуарний парк соєвої меляси (Глобине) | E49: 231 | H49: 205 | I49: 1488.5 | K49: Д | L49: 469488.53
A50: 24.02.2025 | B50: Надходження товарів і послуг ІБ00-000763 від 24.02.2025 23:35:30 Оприходованы ТМЦ | C50: Обл. НДС Щебінь 20-40 Надходження товарів і послуг ІБ00-000763 від 24.02.2025 23:35:30 Резервуарний парк соєвої меляси (Глобине) | D50: Енергія Логістик ТОВ №28/10-2024 ВІД 28/10/24_Глобине-2 Рахунок на оплату постачальника ІБ00-000662 від 24.02.2025 23:35:29 | E50: 205 | F50: 6061 | H50: 631 | K50: Д | L50: 475549.53
A51: 24.02.2025 | B51: Надходження дод. витрат ІБ00-000111 від 24.02.2025 23:35:31 Доп. расходы при поступлении товаров | C51: Обл. НДС Щебінь 20-40 Надходження товарів і послуг ІБ00-000763 від 24.02.2025 23:35:30 Резервуарний парк соєвої меляси (Глобине) | D51: Енергія Логістик ТОВ №28/10-2024 ВІД 28/10/24_Глобине-2 Рахунок на оплату постачальника ІБ00-000662 від 24.02.2025 23:35:29 | E51: 205 | F51: 6699 | H51: 631 | K51: Д | L51: 482248.53
A52: 24.02.2025 | B52: Надходження товарів і послуг ІБ00-000765 від 24.02.2025 23:35:33 Оприходованы ТМЦ | C52: Обл. НДС Щебінь 20-40 Надходження товарів і послуг ІБ00-000765 від 24.02.2025 23:35:33 Резервуарний парк соєвої меляси (Глобине) | D52: Енергія Логістик ТОВ №28/10-2024 ВІД 28/10/24_Глобине-2 Рахунок на оплату постачальника ІБ00-000663 від 24.02.2025 23:35:32 | E52: 205 | F52: 4128.5 | H52: 631 | K52: Д | L52: 486377.03
A53: 26.02.2025 | B53: Надходження товарів і послуг ІБ00-000726 від 26.02.2025 18:00:28 Оприходованы ТМЦ | C53: Обл. НДС Бетон С20/25 W6 F75 P4 доб-10 Надходження товарів і послуг ІБ00-000726 від 26.02.2025 18:00:28 Резервуарний парк соєвої меляси (Глобине) | D53: Кременчуцький річковий порт ПРАТ Договір 112/Б від 15.10.2024_Глобине-2 Надходження товарів і послуг ІБ00-000726 від 26.02.2025 18:00:28 | E53: 205 | F53: 166222.5 | H53: 631 | K53: Д | L53: 652599.53
A54: 26.02.2025 | B54: Надходження дод. витрат ІБ00-000100 від 26.02.2025 18:00:29 Доп. расходы при поступлении товаров | C54: Обл. НДС Бетон С20/25 W6 F75 P4 доб-10 Надходження товарів і послуг ІБ00-000726 від 26.02.2025 18:00:28 Резервуарний парк соєвої меляси (Глобине) | D54: Кременчуцький річковий порт ПРАТ Договір 112/Б від 15.10.2024_Глобине-2 Надходження дод. витрат ІБ00-000100 від 26.02.2025 18:00:29 | E54: 205 | F54: 44220 | H54: 631 | K54: Д | L54: 696819.53
A55: 27.02.2025 | B55: Переміщення товарів ІБ00-000171 від 27.02.2025 21:38:59 Перемещение ТМЦ | C55: Обл. НДС Фіксатор зірочка 25 Надходження товарів і послуг ІБ00-005494 від 04.11.2024 17:13:00 Резервуарний парк соєвої меляси (Глобине) | D55: Обл. НДС Фіксатор зірочка 25 Надходження товарів і послуг ІБ00-005494 від 04.11.2024 17:13:00 Глобине-2 | E55: 205 | F55: 500 | H55: 205 | K55: Д | L55: 697319.53
A56: 27.02.2025 | B56: Переміщення товарів ІБ00-000171 від 27.02.2025 21:38:59 Перемещение ТМЦ | C56: Обл. НДС Фанера ламінована 1250*2500*21 мм гл/гл Надходження товарів і послуг ІБ00-004394 від 20.09.2024 18:19:40 Резервуарний парк соєвої меляси (Глобине) | D56: Обл. НДС Фанера ламінована 1250*2500*21 мм гл/гл Надходження товарів і послуг ІБ00-004394 від 20.09.2024 18:19:40 Глобине-2 | E56: 205 | F56: 5158.46 | H56: 205 | K56: Д | L56: 702477.99
A57: 28.02.2025 | B57: Переміщення товарів ІБ00-000172 від 28.02.2025 10:00:00 Перемещение ТМЦ | C57: Обл. НДС Щебінь 20-40 Надходження товарів і послуг ІБ00-000759 від 21.02.2025 18:26:12 Генплан підпірна стінка (Глобине) | D57: Обл. НДС Щебінь 20-40 Надходження товарів і послуг ІБ00-000759 від 21.02.2025 18:26:12 Резервуарний парк соєвої меляси (Глобине) | E57: 205 | H57: 205 | I57: 16073.33 | K57: Д | L57: 686404.66
A58: 28.02.2025 | B58: Переміщення товарів ІБ00-000172 від 28.02.2025 10:00:00 Перемещение ТМЦ | C58: Обл. НДС Щебінь 20-40 Надходження товарів і послуг ІБ00-000760 від 21.02.2025 18:26:15 Генплан підпірна стінка (Глобине) | D58: Обл. НДС Щебінь 20-40 Надходження товарів і послуг ІБ00-000760 від 21.02.2025 18:26:15 Резервуарний парк соєвої меляси (Глобине) | E58: 205 | H58: 205 | I58: 8145.83 | K58: Д | L58: 678258.83
A59: 28.02.2025 | B59: Переміщення товарів ІБ00-000172 від 28.02.2025 10:00:00 Перемещение ТМЦ | C59: Обл. НДС Щебінь 20-40 Надходження товарів і послуг ІБ00-000761 від 22.02.2025 20:10:02 Генплан підпірна стінка (Глобине) | D59: Обл. НДС Щебінь 20-40 Надходження товарів і послуг ІБ00-000761 від 22.02.2025 20:10:02 Резервуарний парк соєвої меляси (Глобине) | E59: 205 | H59: 205 | I59: 60 | K59: Д | L59: 678198.83
A60: 28.02.2025 | B60: Списання товарів ІБ00-000122 від 28.02.2025 20:00:00 Списаны ТМЦ | C60: Обл. НДС Виробничий (Глобине-2) Глобине-2 Прямі матеріальні виробничі витрати крім зворотних відходів | D60: Обл. НДС Гвинт М10х20 пот/гл DIN912 Надходження товарів і послуг ІБ00-000818 від 01.02.2025 18:11:48 Резервуарний парк соєвої меляси (Глобине) | E60: 231 | H60: 205 | I60: 47.5 | K60: Д | L60: 678151.33
A61: 28.02.2025 | B61: Списання товарів ІБ00-000122 від 28.02.2025 20:00:00 Списаны ТМЦ | C61: Обл. НДС Виробничий (Глобине-2) Глобине-2 Прямі матеріальні виробничі витрати крім зворотних відходів | D61: Обл. НДС Фанера ламінована 1250*2500*21 мм гл/гл Надходження товарів і послуг ІБ00-004394 від 20.09.2024 18:19:40 Резервуарний парк соєвої меляси (Глобине) | E61: 231 | H61: 205 | I61: 5158.46 | K61: Д | L61: 672992.87
A62: 28.02.2025 | B62: Списання товарів ІБ00-000122 від 28.02.2025 20:00:00 Списаны ТМЦ | C62: Обл. НДС Виробничий (Глобине-2) Глобине-2 Прямі матеріальні виробничі витрати крім зворотних відходів | D62: Обл. НДС Фіксатор зірочка 25 Надходження товарів і послуг ІБ00-005494 від 04.11.2024 17:13:00 Резервуарний парк соєвої меляси (Глобине) | E62: 231 | H62: 205 | I62: 500 | K62: Д | L62: 672492.87
A63: 28.02.2025 | B63: Вимога-накладна ІБ00-000143 від 28.02.2025 20:00:00 Списаны ТМЦ | C63: Обл. НДС Виробничий (Глобине-2) Глобине-2 Прямі матеріальні виробничі витрати крім зворотних відходів | D63: Обл. НДС Бетон С20/25 W6 F75 P4 Надходження товарів і послуг ІБ00-000363 від 30.01.2025 20:41:51 Резервуарний парк соєвої меляси (Глобине) | E63: 231 | H63: 205 | I63: 8885.59 | K63: Д | L63: 663607.28
A64: 28.02.2025 | B64: Вимога-накладна ІБ00-000143 від 28.02.2025 20:00:00 Списаны ТМЦ | C64: Обл. НДС Виробничий (Глобине-2) Глобине-2 Прямі матеріальні виробничі витрати крім зворотних відходів | D64: Обл. НДС Бетон С20/25 W6 F75 P4 доб-10 Надходження товарів і послуг ІБ00-000544 від 14.02.2025 18:25:57 Резервуарний парк соєвої меляси (Глобине) | E64: 231 | H64: 205 | I64: 2612.04 | K64: Д | L64: 660995.24
A65: 28.02.2025 | B65: Вимога-накладна ІБ00-000143 від 28.02.2025 20:00:00 Списаны ТМЦ | C65: Обл. НДС Виробничий (Глобине-2) Глобине-2 Прямі матеріальні виробничі витрати крім зворотних відходів | D65: Обл. НДС Бетон С20/25 W6 F75 P4 доб-10 Надходження товарів і послуг ІБ00-000545 від 15.02.2025 10:00:05 Резервуарний парк соєвої меляси (Глобине) | E65: 231 | H65: 205 | I65: 98384.47 | K65: Д | L65: 562610.77
A66: 28.02.2025 | B66: Вимога-накладна ІБ00-000143 від 28.02.2025 20:00:00 Списаны ТМЦ | C66: Обл. НДС Виробничий (Глобине-2) Глобине-2 Прямі матеріальні виробничі витрати крім зворотних відходів | D66: Обл. НДС Бетон С20/25 W6 F75 P4 доб-10 Надходження товарів і послуг ІБ00-000726 від 26.02.2025 18:00:28 Резервуарний парк соєвої меляси (Глобине) | E66: 231 | H66: 205 | I66: 210442.5 | K66: Д | L66: 352168.27
A67: Обороти за період та сальдо на кінець | E67: 987508.85 | H67: 817944.11 | K67: Д | L67: 352168.27
J69: =SUBTOTAL(9,I12:J66)*1.2 -> 952397.94

Sheet СПК (Глобине)
A1: Період | B1: Документ | C1: Аналітика Дт | D1: Аналітика Кт | E1: Дебет | H1: Кредит | K1: Поточне сальдо
E2: Рахунок | H2: Рахунок
A3: 01.02.2025 | B3: Переміщення товарів ІБ00-000087 від 01.02.2025 18:10:09 Перемещение ТМЦ | C3: Обл. НДС Піна монтажна 860 мл Надходження товарів і послуг ІБ00-006233 від 14.12.2024 17:00:01 Глобине-2 | D3: Обл. НДС Піна монтажна 860 мл Надходження товарів і послуг ІБ00-006233 від 14.12.2024 17:00:01 СПК (Глобине) | E3: 205 | H3: 205 | I3: 950 | K3: Д | L3: 500369.62
A4: 01.02.2025 | B4: Переміщення товарів ІБ00-000088 від 01.02.2025 18:10:10 Перемещение ТМЦ | C4: Обл. НДС Бетон С20/25 W6 F75 P4 Надходження товарів і послуг ІБ00-000026 від 08.01.2025 18:00:01 Резервуарний парк соєвої меляси (Глобине) | D4: Обл. НДС Бетон С20/25 W6 F75 P4 Надходження товарів і послуг ІБ00-000026 від 08.01.2025 18:00:01 СПК (Глобине) | E4: 205 | H4: 205 | I4: 6307.8 | K4: Д | L4: 494061.82
A5: 01.02.2025 | B5: Переміщення товарів ІБ00-000088 від 01.02.2025 18:10:10 Перемещение ТМЦ | C5: Обл. НДС Бетон С20/25 W6 F75 P4 Надходження товарів і послуг ІБ00-000364 від 29.01.2025 18:00:25 Резервуарний парк соєвої меляси (Глобине) | D5: Обл. НДС Бетон С20/25 W6 F75 P4 Надходження товарів і послуг ІБ00-000364 від 29.01.2025 18:00:25 СПК (Глобине) | E5: 205 | H5: 205 | I5: 1753.8 | K5: Д | L5: 492308.02
A6: 01.02.2025 | B6: Переміщення товарів ІБ00-000088 від 01.02.2025 18:10:10 Перемещение ТМЦ | C6: Обл. НДС Бетон С20/25 W6 F75 P4 Надходження товарів і послуг ІБ00-000363 від 30.01.2025 20:41:51 Резервуарний парк соєвої меляси (Глобине) | D6: Обл. НДС Бетон С20/25 W6 F75 P4 Надходження товарів і послуг ІБ00-000363 від 30.01.2025 20:41:51 СПК (Глобине) | E6: 205 | H6: 205 | I6: 9826.42 | K6: Д | L6: 482481.6
A7: 01.02.2025 | B7: Переміщення товарів ІБ00-000088 від 01.02.2025 18:10:10 Перемещение ТМЦ | C7: Обл. НДС Пінополістирол екструдований 20х600х1200мм Надходження товарів і послуг ІБ00-006461 від 20.12.2024 18:18:13 Резервуарний парк соєвої меляси (Глобине) | D7: Обл. НДС Пінополістирол екструдований 20х600х1200мм Надходження товарів і послуг ІБ00-006461 від 20.12.2024 18:18:13 СПК (Глобине) | E7: 205 | H7: 205 | I7: 97.68 | K7: Д | L7: 482383.92
A8: 01.02.2025 | B8: Переміщення товарів ІБ00-000093 від 01.02.2025 18:10:15 Перемещение ТМЦ | C8: Обл. НДС Пінополістирол екструдований 20х600х1200мм Надходження товарів і послуг ІБ00-006461 від 20.12.2024 18:18:13 Котельна (Глобине) | D8: Обл. НДС Пінополістирол екструдований 20х600х1200мм Надходження товарів і послуг ІБ00-006461 від 20.12.2024 18:18:13 СПК (Глобине) | E8: 205 | H8: 205 | I8: 1269.83 | K8: Д | L8: 481114.09
A9: 01.02.2025 | B9: Переміщення товарів ІБ00-000140 від 01.02.2025 18:11:38 Перемещение ТМЦ | C9: Обл. НДС Пісок з відсіву дроблення щебеню фр. 0-5мм. Надходження товарів і послуг ІБ00-006313 від 17.12.2024 18:00:22 Резервуар для зберігання розчинника(Глобине) | D9: Обл. НДС Пісок з відсіву дроблення щебеню фр. 0-5мм. Надходження товарів і послуг ІБ00-006313 від 17.12.2024 18:00:22 СПК (Глобине) | E9: 205 | H9: 205 | I9: 17510 | K9: Д | L9: 463604.09
A10: 04.02.2025 | B10: Надходження товарів і послуг ІБ00-000419 від 04.02.2025 17:50:11 Оприходованы ТМЦ | C10: Обл. НДС Пісок з відсіву дроблення щебеню фр. 0-5мм. Надходження товарів і послуг ІБ00-000419 від 04.02.2025 17:50:11 СПК (Глобине) | D10: Енергія Логістик ТОВ №28/10-2024 ВІД 28/10/24_Глобине-2 Рахунок на оплату постачальника ІБ00-000365 від 04.02.2025 17:50:10 | E10: 205 | F10: 6501 | H10: 631 | K10: Д | L10: 470105.09
A11: 05.02.2025 | B11: Списання товарів ІБ00-000059 від 05.02.2025 00:00:00 Списаны ТМЦ | C11: Обл. НДС Виробничий (Глобине-2) Глобине-2 Прямі материальні виробничі витрати крім зворотніх відходів | D11: Обл. НДС Піна монтажна 860 мл Надходження товарів і послуг ІБ00-006233 від 14.12.2024 17:00:01 СПК (Глобине) | E11: 231 | H11: 205 | I11: 1900 | K11: Д | L11: 468205.09
A12: 05.02.2025 | B12: Переміщення товарів ІБ00-000090 від 05.02.2025 18:10:00 Перемещение ТМЦ | C12: Обл. НДС Бетон С20/25 W6 F75 P4 доб-10 Надходження товарів і послуг ІБ00-000454 від 05.02.2025 18:00:12 СПК (Глобине) | D12: Обл. НДС Бетон С20/25 W6 F75 P4 доб-10 Надходження товарів і послуг ІБ00-000454 від 05.02.2025 18:00:12 Глобине-2 | E12: 205 | F12: 39775.1 | H12: 205 | K12: Д | L12: 507980.19
A13: 05.02.2025 | B13: Вимога-накладна ІБ00-000067 від 05.02.2025 18:15:23 Списаны ТМЦ | C13: Обл. НДС Виробничий (Глобине-2) Глобине-2 Прямі материальні виробничі витрати крім зворотніх відходів | D13: Обл. НДС Пісок з відсіву дроблення щебеню фр. 0-5мм. Надходження товарів і послуг ІБ00-006313 від 17.12.2024 18:00:22 СПК (Глобине) | E13: 231 | H13: 205 | I13: 10880 | K13: Д | L13: 497100.19
A14: 05.02.2025 | B14: Вимога-накладна ІБ00-000067 від 05.02.2025 18:15:23 Списаны ТМЦ | C14: Обл. НДС Виробничий (Глобине-2) Глобине-2 Прямі материальні виробничі витрати крім зворотніх відходів | D14: Обл. НДС Пісок з відсіву дроблення щебеню фр. 0-5мм. Надходження товарів і послуг ІБ00-006313 від 17.12.2024 18:00:22 СПК (Глобине) | E14: 231 | H14: 205 | I14: 45120 | K14: Д | L14: 451980.19
A15: 05.02.2025 | B15: Вимога-накладна ІБ00-000067 від 05.02.2025 18:15:23 Списаны ТМЦ | C15: Обл. НДС Виробничий (Глобине-2) Глобине-2 Прямі материальні виробничі витрати крім зворотніх відходів | D15: Обл. НДС Пісок з відсіву дроблення щебеню фр. 0-5мм. Надходження товарів і послуг ІБ00-006313 від 17.12.2024 18:00:22 СПК (Глобине) | E15: 231 | H15: 205 | I15: 6305 | K15: Д | L15: 445675.19
A16: 05.02.2025 | B16: Вимога-накладна ІБ00-000067 від 05.02.2025 18:15:23 Списаны ТМЦ | C16: Обл. НДС Виробничий (Глобине-2) Глобине-2 Прямі материальні виробничі витрати крім зворотніх відходів | D16: Обл. НДС Пісок з відсіву дроблення щебеню фр. 0-5мм. Надходження товарів і послуг ІБ00-006314 від 17.12.2024 18:00:25 СПК (Глобине) | E16: 231 | H16: 205 | I16: 6424.5 | K16: Д | L16: 439250.69
A17: 05.02.2025 | B17: Вимога-накладна ІБ00-000067 від 05.02.2025 18:15:23 Списаны ТМЦ | C17: Обл. НДС Виробничий (Глобине-2) Глобине-2 Прямі материальні виробничі витрати крім зворотніх відходів | D17: Обл. НДС Пісок з відсіву дроблення щебеню фр. 0-5мм. Надходження товарів і послуг ІБ00-006315 від 18.12.2024 18:00:23 СПК (Глобине) | E17: 231 | H17: 205 | I17: 3204 | K17: Д | L17: 436046.69
A18: 05.02.2025 | B18: Вимога-накладна ІБ00-000067 від 05.02.2025 18:15:23 Списаны ТМЦ | C18: Обл. НДС Виробничий (Глобине-2) Глобине-2 Прямі материальні виробничі витрати крім зворотніх відходів | D18: Обл. НДС Пісок з відсіву дроблення щебеню фр. 0-5мм. Надходження товарів і послуг ІБ00-006355 від 19.12.2024 18:26:23 СПК (Глобине) | E18: 231 | H18: 205 | I18: 3226.5 | K18: Д | L18: 432820.19
A19: 05.02.2025 | B19: Вимога-накладна ІБ00-000067 від 05.02.2025 18:15:23 Списаны ТМЦ | C19: Обл. НДС Виробничий (Глобине-2) Глобине-2 Прямі материальні виробничі витрати крім зворотніх відходів | D19: Обл. НДС Пісок з відсіву дроблення щебеню фр. 0-5мм. Надходження товарів і послуг ІБ00-006362 від 20.12.2024 12:00:00 СПК (Глобине) | E19: 231 | H19: 205 | I19: 3285 | K19: Д | L19: 429535.19
A20: 05.02.2025 | B20: Вимога-накладна ІБ00-000067 від 05.02.2025 18:15:23 Списаны ТМЦ | C20: Обл. НДС Виробничий (Глобине-2) Глобине-2 Прямі материальні виробничі витрати крім зворотніх відходів | D20: Обл. НДС Пісок з відсіву дроблення щебеню фр. 0-5мм. Надходження товарів і послуг ІБ00-000190 від 21.01.2025 18:00:08 СПК (Глобине) | E20: 231 | H20: 205 | I20: 19710 | K20: Д | L20: 409825.19
A21: 05.02.2025 | B21: Вимога-накладна ІБ00-000067 від 05.02.2025 18:15:23 Списаны ТМЦ | C21: Обл. НДС Виробничий (Глобине-2) Глобине-2 Прямі материальні виробничі витрати крім зворотніх відходів | D21: Обл. НДС Пісок з відсіву дроблення щебеню фр. 0-5мм. Надходження товарів і послуг ІБ00-000190 від 21.01.2025 18:00:08 СПК (Глобине) | E21: 231 | H21: 205 | I21: 10755 | K21: Д | L21: 399070.19
A22: 05.02.2025 | B22: Вимога-накладна ІБ00-000067 від 05.02.2025 18:15:23 Списаны ТМЦ | C22: Обл. НДС Виробничий (Глобине-2) Глобине-2 Прямі материальні виробничі витрати крім зворотніх відходів | D22: Обл. НДС Пісок з відсіву дроблення щебеню фр. 0-5мм. Надходження товарів і послуг ІБ00-000190 від 21.01.2025 18:00:08 СПК (Глобине) | E22: 231 | H22: 205 | I22: 24385 | K22: Д | L22: 374685.19
A23: 05.02.2025 | B23: Вимога-накладна ІБ00-000067 від 05.02.2025 18:15:23 Списаны ТМЦ | C23: Обл. НДС Виробничий (Глобине-2) Глобине-2 Прямі материальні виробничі витрати крім зворотніх відходів | D23: Обл. НДС Пісок з відсіву дроблення щебеню фр. 0-5мм. Надходження товарів і послуг ІБ00-000201 від 22.01.2025 18:18:35 СПК (Глобине) | E23: 231 | H23: 205 | I23: 3264 | K23: Д | L23: 371421.19
A24: 05.02.2025 | B24: Вимога-накладна ІБ00-000067 від 05.02.2025 18:15:23 Списаны ТМЦ | C24: Обл. НДС Виробничий (Глобине-2) Глобине-2 Прямі материальні виробничі витрати крім зворотніх відходів | D24: Обл. НДС Пісок з відсіву дроблення щебеню фр. 0-5мм. Надходження товарів і послуг ІБ00-000202 від 22.01.2025 18:18:37 СПК (Глобине) | E24: 231 | H24: 205 | I24: 1135 | K24: Д | L24: 370286.19
... A39: 05.02.2025 | B39: Вимога-накладна ІБ00-000067 від 05.02.2025 18:15:23 Списаны ТМЦ | C39: Обл. НДС Виробничий (Глобине-2) Глобине-2 Прямі материальні виробничі витрати крім зворотніх відходів | D39: Обл. НДС Бетон С20/25 W6 F75 P4 Надходження товарів і послуг ІБ00-000368 від 31.01.2025 16:00:16 СПК (Глобине) | E39: 231 | H39: 205 | I39: 667.84 | K39: Д | L39: 154870.86
A40: 06.02.2025 | B40: Надходження товарів і послуг ІБ00-000456 від 06.02.2025 18:36:09 Оприходованы ТМЦ | C40: Обл. НДС Труба 110/3000 2,7мм тришарова Надходження товарів і послуг ІБ00-000456 від 06.02.2025 18:36:09 СПК (Глобине) | D40: Лук'янець Максим Миколайович ФОП РАХУНКИ_Глобине 2 Рахунок на оплату постачальника ІБ00-000408 від 03.02.2025 18:10:23 | E40: 205 | F40: 2730 | H40: 631 | K40: Д | L40: 157600.86
A41: 06.02.2025 | B41: Надходження товарів і послуг ІБ00-000456 від 06.02.2025 18:36:09 Оприходованы ТМЦ | C41: Обл. НДС Коліно 110/90 зн Надходження товарів і послуг ІБ00-000456 від 06.02.2025 18:36:09 СПК (Глобине) | D41: Лук'янець Максим Миколайович ФОП РАХУНКИ_Глобине 2 Рахунок на оплату постачальника ІБ00-000408 від 03.02.2025 18:10:23 | E41: 205 | F41: 46 | H41: 631 | K41: Д | L41: 157646.86
A42: 06.02.2025 | B42: Надходження товарів і послуг ІБ00-000456 від 06.02.2025 18:36:09 Оприходованы ТМЦ | C42: Обл. НДС Трійник 110/50/90° Надходження товарів і послуг ІБ00-000456 від 06.02.2025 18:36:09 СПК (Глобине) | D42: Лук'янець Максим Миколайович ФОП РАХУНКИ_Глобине 2 Рахунок на оплату постачальника ІБ00-000408 від 03.02.2025 18:10:23 | E42: 205 | F42: 57 | H42: 631 | K42: Д | L42: 157703.86
A43: 06.02.2025 | B43: Надходження товарів і послуг ІБ00-000456 від 06.02.2025 18:36:09 Оприходованы ТМЦ | C43: Обл. НДС Трійник 110/110/90° Надходження товарів і послуг ІБ00-000456 від 06.02.2025 18:36:09 СПК (Глобине) | D43: Лук'янець Максим Миколайович ФОП РАХУНКИ_Глобине 2 Рахунок на оплату постачальника ІБ00-000408 від 03.02.2025 18:10:23 | E43: 205 | F43: 141 | H43: 631 | K43: Д | L43: 157844.86
A44: 06.02.2025 | B44: Надходження товарів і послуг ІБ00-000456 від 06.02.2025 18:36:09 Оприходованы ТМЦ | C44: Обл. НДС Труба 50/500/1,8 тришар Надходження товарів і послуг ІБ00-000456 від 06.02.2025 18:36:09 СПК (Глобине) | D44: Лук'янець Максим Миколайович ФОП РАХУНКИ_Глобине 2 Рахунок на оплату постачальника ІБ00-000408 від 03.02.2025 18:10:23 | E44: 205 | F44: 38.5 | H44: 631 | K44: Д | L44: 157883.36
A45: 06.02.2025 | B45: Надходження товарів і послуг ІБ00-000456 від 06.02.2025 18:36:09 Оприходованы ТМЦ | C45: Обл. НДС Труба 50/3000/1,8 тришар Надходження товарів і послуг ІБ00-000456 від 06.02.2025 18:36:09 СПК (Глобине) | D45: Лук'янець Максим Миколайович ФОП РАХУНКИ_Глобине 2 Рахунок на оплату постачальника ІБ00-000408 від 03.02.2025 18:10:23 | E45: 205 | F45: 148.5 | H45: 631 | K45: Д | L45: 158031.86
A46: 06.02.2025 | B46: Надходження товарів і послуг ІБ00-000456 від 06.02.2025 18:36:09 Оприходованы ТМЦ | C46: Обл. НДС Труба 50/2000/1,8 тришар Надходження товарів і послуг ІБ00-000456 від 06.02.2025 18:36:09 СПК (Глобине) | D46: Лук'янець Максим Миколайович ФОП РАХУНКИ_Глобине 2 Рахунок на оплату постачальника ІБ00-000408 від 03.02.2025 18:10:23 | E46: 205 | F46: 101.5 | H46: 631 | K46: Д | L46: 158133.36
A47: 06.02.2025 | B47: Переміщення товарів ІБ00-000070 від 06.02.2025 18:36:20 Перемещение ТМЦ | C47: Обл. НДС Бетон С20/25 W6 F75 P4 доб-10 Надходження товарів і послуг ІБ00-000454 від 05.02.2025 18:00:12 СПК (Глобине) | D47: Обл. НДС Бетон С20/25 W6 F75 P4 доб-10 Надходження товарів і послуг ІБ00-000454 від 05.02.2025 18:00:12 Глобине-2 | E47: 205 | F47: 3810.83 | H47: 205 | K47: Д | L47: 161944.19
A48: 06.02.2025 | B48: Переміщення товарів ІБ00-000070 від 06.02.2025 18:36:20 Перемещение ТМЦ | C48: Обл. НДС Бетон С20/25 W6 F75 P4 доб-10 Надходження товарів і послуг ІБ00-000481 від 06.02.2025 18:36:18 СПК (Глобине) | D48: Обл. НДС Бетон С20/25 W6 F75 P4 доб-10 Надходження товарів і послуг ІБ00-000481 від 06.02.2025 18:36:18 Глобине-2 | E48: 205 | F48: 35018.9 | H48: 205 | K48: Д | L48: 196963.09
A49: 07.02.2025 | B49: Переміщення товарів ІБ00-000075 від 07.02.2025 18:30:14 Перемещение ТМЦ | C49: Обл. НДС Пісок з відсіву дроблення щебеню фр. 0-5мм. Надходження товарів і послуг ІБ00-000491 від 07.02.2025 18:30:12 СПК (Глобине) | D49: Обл. НДС Пісок з відсіву дроблення щебеню фр. 0-5мм. Надходження товарів і послуг ІБ00-000491 від 07.02.2025 18:30:12 Глобине-2 | E49: 205 | F49: 46970 | H49: 205 | K49: Д | L49: 243933.09
A50: 08.02.2025 | B50: Переміщення товарів ІБ00-000098 від 08.02.2025 10:20:00 Перемещение ТМЦ | C50: Обл. НДС Бетон С20/25 W6 F75 P4 доб-10 Надходження товарів і послуг ІБ00-000522 від 08.02.2025 10:00:03 СПК (Глобине) | D50: Обл. НДС Бетон С20/25 W6 F75 P4 доб-10 Надходження товарів і послуг ІБ00-000522 від 08.02.2025 10:00:03 Глобине-2 | E50: 205 | F50: 17083.2 | H50: 205 | K50: Д | L50: 261016.29
A51: 12.02.2025 | B51: Вимога-накладна ІБ00-000074 від 12.02.2025 18:02:56 Списаны ТМЦ | C51: Обл. НДС Виробничий (Глобине-2) Глобине-2 Прямі материальні виробничі витрати крім зворотніх відходів | D51: Обл. НДС Мастика бітумно-каучукова 18 кг Надходження товарів і послуг ІБ00-006461 від 20.12.2024 18:18:13 СПК (Глобине) | E51: 231 | H51: 205 | I51: 61437.5 | K51: Д | L51: 199578.79
A52: 12.02.2025 | B52: Вимога-накладна ІБ00-000074 від 12.02.2025 18:02:56 Списаны ТМЦ | C52: Обл. НДС Виробничий (Глобине-2) Глобине-2 Прямі материальні виробничі витрати крім зворотніх відходів | D52: Обл. НДС Розріджувач лакофарб універс 4л (2,8кг) Надходження товарів і послуг ІБ00-006461 від 20.12.2024 18:18:13 СПК (Глобине) | E52: 231 | H52: 205 | I52: 4341.56 | K52: Д | L52: 195237.23
A53: 13.02.2025 | B53: Переміщення товарів ІБ00-000104 від 13.02.2025 18:15:00 Перемещение ТМЦ | C53: Обл. НДС Бетон С 8/10 Р4 доб-15 Надходження товарів і послуг ІБ00-000541 від 13.02.2025 18:05:07 СПК (Глобине) | D53: Обл. НДС Бетон С 8/10 Р4 доб-15 Надходження товарів і послуг ІБ00-000541 від 13.02.2025 18:05:07 Глобине-2 | E53: 205 | F53: 13169.97 | H53: 205 | K53: Д | L53: 208407.2
A54: 14.02.2025 | B54: Переміщення товарів ІБ00-000107 від 14.02.2025 18:35:00 Перемещение ТМЦ | C54: Обл. НДС Бетон С20/25 W6 F75 P4 доб-10 Надходження товарів і послуг ІБ00-000522 від 08.02.2025 10:00:03 СПК (Глобине) | D54: Обл. НДС Бетон С20/25 W6 F75 P4 доб-10 Надходження товарів і послуг ІБ00-000522 від 08.02.2025 10:00:03 Глобине-2 | E54: 205 | F54: 3437.14 | H54: 205 | K54: Д | L54: 211844.34
A55: 14.02.2025 | B55: Переміщення товарів ІБ00-000107 від 14.02.2025 18:35:00 Перемещение ТМЦ | C55: Обл. НДС Бетон С20/25 W6 F75 P4 доб-10 Надходження товарів і послуг ІБ00-000544 від 14.02.2025 18:25:57 СПК (Глобине) | D55: Обл. НДС Бетон С20/25 W6 F75 P4 доб-10 Надходження товарів і послуг ІБ00-000544 від 14.02.2025 18:25:57 Глобине-2 | E55: 205 | F55: 29740.87 | H55: 205 | K55: Д | L55: 241585.21
A56: 15.02.2025 | B56: Переміщення товарів ІБ00-000112 від 15.02.2025 10:25:00 Перемещение ТМЦ | C56: Обл. НДС Бетон С20/25 W6 F75 P4 доб-10 Надходження товарів і послуг ІБ00-000545 від 15.02.2025 10:00:05 СПК (Глобине) | D56: Обл. НДС Бетон С20/25 W6 F75 P4 доб-10 Надходження товарів і послуг ІБ00-000545 від 15.02.2025 10:00:05 Глобине-2 | E56: 205 | F56: 17891.99 | H56: 205 | K56: Д | L56: 259477.2
A57: 20.02.2025 | B57: Списання товарів ІБ00-000074 від 20.02.2025 00:00:00 Списаны ТМЦ | C57: Обл. НДС Виробничий (Глобине-2) Глобине-2 Прямі материальні виробничі витрати крім зворотніх відходів | D57: Обл. НДС Піна монтажна 860 мл Надходження товарів і послуг ІБ00-006233 від 14.12.2024 17:00:01 СПК (Глобине) | E57: 231 | H57: 205 | I57: 950 | K57: Д | L57: 258527.2
A58: 20.02.2025 | B58: Вимога-накладна ІБ00-000107 від 20.02.2025 00:00:00 Списаны ТМЦ | C58: Обл. НДС Виробничий (Глобине-2) Глобине-2 Прямі материальні виробничі витрати крім зворотніх відходів | D58: Обл. НДС Бетон С20/25 W6 F75 P4 доб-10 Надходження товарів і послуг ІБ00-000454 від 05.02.2025 18:00:12 СПК (Глобине) | E58: 231 | H58: 205 | I58: 3810.83 | K58: Д | L58: 254716.37
A59: 20.02.2025 | B59: Вимога-накладна ІБ00-000107 від 20.02.2025 00:00:00 Списаны ТМЦ | C59: Обл. НДС Виробничий (Глобине-2) Глобине-2 Прямі материальні виробничі витрати крім зворотніх відходів | D59: Обл. НДС Бетон С20/25 W6 F75 P4 доб-10 Надходження товарів і послуг ІБ00-000481 від 06.02.2025 18:36:18 СПК (Глобине) | E59: 231 | H59: 205 | I59: 18442.65 | K59: Д | L59: 236273.72
A60: 20.02.2025 | B60: Вимога-накладна ІБ00-000107 від 20.02.2025 00:00:00 Списаны ТМЦ | C60: Обл. НДС Виробничий (Глобине-2) Глобине-2 Прямі материальні виробничі витрати крім зворотніх відходів | D60: Обл. НДС Бетон С20/25 W6 F75 P4 доб-10 Надходження товарів і послуг ІБ00-000481 від 06.02.2025 18:36:18 СПК (Глобине) | E60: 231 | H60: 205 | I60: 16576.25 | K60: Д | L60: 219697.47
A61: 20.02.2025 | B61: Вимога-накладна ІБ00-000107 від 20.02.2025 00:00:00 Списаны ТМЦ | C61: Обл. НДС Виробничий (Глобине-2) Глобине-2 Прямі материальні виробничі витрати крім зворотніх відходів | D61: Обл. НДС Бетон С20/25 W6 F75 P4 доб-10 Надходження товарів і послуг ІБ00-000522 від 08.02.2025 10:00:03 СПК (Глобине) | E61: 231 | H61: 205 | I61: 13666.56 | K61: Д | L61: 206030.91
A62: 20.02.2025 | B62: Вимога-накладна ІБ00-000107 від 20.02.2025 00:00:00 Списаны ТМЦ | C62: Обл. НДС Виробничий (Глобине-2) Глобине-2 Прямі материальні виробничі витрати крім зворотніх відходів | D62: Обл. НДС Бетон С20/25 W6 F75 P4 доб-10 Надходження товарів і послуг ІБ00-000522 від 08.02.2025 10:00:03 СПК (Глобине) | E62: 231 | H62: 205 | I62: 6853.78 | K62: Д | L62: 199177.13
A63: 20.02.2025 | B63: Вимога-накладна ІБ00-000107 від 20.02.2025 00:00:00 Списаны ТМЦ | C63: Обл. НДС Виробничий (Глобине-2) Глобине-2 Прямі материальні виробничі витрати крім зворотніх відходів | D63: Обл. НДС Бетон С20/25 W6 F75 P4 доб-10 Надходження товарів і послуг ІБ00-000544 від 14.02.2025 18:25:57 СПК (Глобине) | E63: 231 | H63: 205 | I63: 7051.81 | K63: Д | L63: 192125.32
A64: 20.02.2025 | B64: Вимога-накладна ІБ00-000107 від 20.02.2025 00:00:00 Списаны ТМЦ | C64: Обл. НДС Виробничий (Глобине-2) Глобине-2 Прямі материальні виробничі витрати крім зворотніх відходів | D64: Обл. НДС Бетон С 8/10 Р4 Надходження товарів і послуг ІБ00-005688 від 14.11.2024 23:01:12 СПК (Глобине) | E64: 231 | H64: 205 | I64: 13124.71 | K64: Д | L64: 179000.61
A65: 20.02.2025 | B65: Вимога-накладна ІБ00-000107 від 20.02.2025 00:00:00 Списаны ТМЦ | C65: Обл. НДС Виробничий (Глобине-2) Глобине-2 Прямі материальні виробничі витрати крім зворотніх відходів | D65: Обл. НДС Бетон С 8/10 Р4 Надходження товарів і послуг ІБ00-000364 від 29.01.2025 18:00:25 СПК (Глобине) | E65: 231 | H65: 205 | I65: 1963.33 | K65: Д | L65: 177037.28
A66: 20.02.2025 | B66: Вимога-накладна ІБ00-000087 від 20.02.2025 08:54:07 Списаны ТМЦ | C66: Обл. НДС Виробничий (Глобине-2) Глобине-2 Прямі материальні виробничі витрати крім зворотніх відходів | D66: Обл. НДС Прокат стальний гарячекатаний круглий ф 10 мм А240 ст3пс Надходження товарів і послуг ІБ00-005514 від 07.11.2024 17:17:17 СПК (Глобине) | E66: 231 | H66: 205 | I66: 10887.5 | K66: Д | L66: 166149.78
A67: 20.02.2025 | B67: Надходження товарів і послуг ІБ00-000606 від 20.02.2025 18:10:55 Оприходованы ТМЦ | C67: Обл. НДС Бетон С20/25 W6 F75 P4 доб-10 Надходження товарів і послуг ІБ00-000606 від 20.02.2025 18:10:55 СПК (Глобине) | D67: Кременчуцький річковий порт ПРАТ Договір 112/Б від 15.10.2024_Глобине-2 Надходження товарів і послуг ІБ00-000606 від 20.02.2025 18:10:55 | E67: 205 | F67: 22584.1 | H67: 631 | K67: Д | L67: 188733.88
A68: 20.02.2025 | B68: Надходження товарів і послуг ІБ00-000606 від 20.02.2025 18:10:55 Оприходованы ТМЦ (Зачет аванса поставщику) | C68: Обл. НДС Бетон С20/25 W6 F75 P4 доб-10 Надходження товарів і послуг ІБ00-000606 від 20.02.2025 18:10:55 СПК (Глобине) | D68: Кременчуцький річковий порт ПРАТ Договір 112/Б від 15.10.2024_Глобине-2 Списання з банківського рахунку 00000001686 від 07.02.2025 17:38:53 | E68: 205 | F68: 11228.4 | H68: 631 | K68: Д | L68: 199962.28
A69: 20.02.2025 | B69: Надходження дод. витрат ІБ00-000089 від 20.02.2025 18:10:56 Доп. расходы при поступлении товаров | C69: Обл. НДС Бетон С20/25 W6 F75 P4 доб-10 Надходження товарів і послуг ІБ00-000606 від 20.02.2025 18:10:55 СПК (Глобине) | D69: Кременчуцький річковий порт ПРАТ Договір 112/Б від 15.10.2024_Глобине-2 Надходження дод. витрат ІБ00-000089 від 20.02.2025 18:10:56 | E69: 205 | F69: 14740 | H69: 631 | K69: Д | L69: 214702.28
A70: 24.02.2025 | B70: Надходження товарів і послуг ІБ00-000727 від 24.02.2025 23:35:26 Оприходованы ТМЦ | C70: Обл. НДС Бетон С20/25 W6 F75 P4 доб-10 Надходження товарів і послуг ІБ00-000727 від 24.02.2025 23:35:26 СПК (Глобине) | D70: Кременчуцький річковий порт ПРАТ Договір 112/Б від 15.10.2024_Глобине-2 Надходження товарів і послуг ІБ00-000727 від 24.02.2025 23:35:26 | E70: 205 | F70: 33812.5 | H70: 631 | K70: Д | L70: 248514.78
A71: 24.02.2025 | B71: Надходження дод. витрат ІБ00-000101 від 24.02.2025 23:35:27 Доп. расходы при поступлении товаров | C71: Обл. НДС Бетон С20/25 W6 F75 P4 доб-10 Надходження товарів і послуг ІБ00-000727 від 24.02.2025 23:35:26 СПК (Глобине) | D71: Кременчуцький річковий порт ПРАТ Договір 112/Б від 15.10.2024_Глобине-2 Надходження дод. витрат ІБ00-000101 від 24.02.2025 23:35:27 | E71: 205 | F71: 14740 | H71: 631 | K71: Д | L71: 263254.78
A72: 24.02.2025 | B72: Надходження товарів і послуг ІБ00-000829 від 24.02.2025 23:35:37 Оприходованы ТМЦ (Зачет аванса поставщику) | C72: Обл. НДС Ригель Р5 2Р6.3.83-5 L=6740 Надходження товарів і послуг ІБ00-000829 від 24.02.2025 23:35:37 СПК (Глобине) | D72: БМЗ БЕТОН ПП Договір ПП/М 221-2 від 14.01.2025 _Глобино-2 Рахунок на оплату постачальника ІБ00-000358 від 28.01.2025 23:21:44 | E72: 205 | F72: 60486 | H72: 631 | K72: Д | L72: 323740.78
A73: 24.02.2025 | B73: Надходження товарів і послуг ІБ00-000829 від 24.02.2025 23:35:37 Оприходованы ТМЦ (Зачет аванса поставщику) | C73: Обл. НДС Плита ребриста РП1а РП 6.2.65-2 L=6240 Надходження товарів і послуг ІБ00-000829 від 24.02.2025 23:35:37 СПК (Глобине) | D73: БМЗ БЕТОН ПП Договір ПП/М 221-2 від 14.01.2025 _Глобино-2 Рахунок на оплату постачальника ІБ00-000358 від 28.01.2025 23:21:44 | E73: 205 | F73: 75368 | H73: 631 | K73: Д | L73: 399108.78
A74: 24.02.2025 | B74: Надходження товарів і послуг ІБ00-000829 від 24.02.2025 23:35:37 Оприходованы ТМЦ (Зачет аванса поставщику) | C74: Обл. НДС Плита ребриста РП2а РП 6.2.53-2 Надходження товарів і послуг ІБ00-000829 від 24.02.2025 23:35:37 СПК (Глобине) | D74: БМЗ БЕТОН ПП Договір ПП/М 221-2 від 14.01.2025 _Глобино-2 Рахунок на оплату постачальника ІБ00-000358 від 28.01.2025 23:21:44 | E74: 205 | F74: 17348 | H74: 631 | K74: Д | L74: 416456.78
A75: 24.02.2025 | B75: Надходження товарів і послуг ІБ00-000830 від 24.02.2025 23:35:38 Оприходованы ТМЦ (Зачет аванса поставщику) | C75: Обл. НДС Колона К6н 4КН 48.124-13-3 L=10650 Надходження товарів і послуг ІБ00-000830 від 24.02.2025 23:35:38 СПК (Глобине) | D75: БМЗ БЕТОН ПП Договір ПП/М 221-2 від 14.01.2025 _Глобино-2 Рахунок на оплату постачальника ІБ00-000358 від 28.01.2025 23:21:44 | E75: 205 | F75: 75235 | H75: 631 | K75: Д | L75: 491691.78
A76: 24.02.2025 | B76: Надходження товарів і послуг ІБ00-000830 від 24.02.2025 23:35:38 Оприходованы ТМЦ (Зачет аванса поставщику) | C76: Обл. НДС Колона К7н 4КН 48.124-13-4 L=10650 Надходження товарів і послуг ІБ00-000830 від 24.02.2025 23:35:38 СПК (Глобине) | D76: БМЗ БЕТОН ПП Договір ПП/М 221-2 від 14.01.2025 _Глобино-2 Рахунок на оплату постачальника ІБ00-000358 від 28.01.2025 23:21:44 | E76: 205 | F76: 75840 | H76: 631 | K76: Д | L76: 567531.78
A77: 24.02.2025 | B77: Надходження товарів і послуг ІБ00-000830 від 24.02.2025 23:35:38 Оприходованы ТМЦ (Зачет аванса поставщику) | C77: Обл. НДС Ригель Р5 2Р6.3.83-5 L=6740 Надходження товарів і послуг ІБ00-000830 від 24.02.2025 23:35:38 СПК (Глобине) | D77: БМЗ БЕТОН ПП Договір ПП/М 221-2 від 14.01.2025 _Глобино-2 Рахунок на оплату постачальника ІБ00-000358 від 28.01.2025 23:21:44 | E77: 205 | F77: 60486 | H77: 631 | K77: Д | L77: 628017.78
A78: 24.02.2025 | B78: Надходження товарів і послуг ІБ00-000830 від 24.02.2025 23:35:38 Оприходованы ТМЦ (Зачет аванса поставщику) | C78: Обл. НДС Плита ребриста РП2 РП 6.2.53-2 Надходження товарів і послуг ІБ00-000830 від 24.02.2025 23:35:38 СПК (Глобине) | D78: БМЗ БЕТОН ПП Договір ПП/М 221-2 від 14.01.2025 _Глобино-2 Рахунок на оплату постачальника ІБ00-000358 від 28.01.2025 23:21:44 | E78: 205 | F78: 30920 | H78: 631 | K78: Д | L78: 658937.78
... A99: 27.02.2025 | B99: Надходження дод. витрат ІБ00-000140 від 27.02.2025 22:00:00 Доп. расходы при поступлении товаров (Зачет аванса поставщику) | C99: Обл. НДС Плита перекриття ПП2 3ПГ 12-1АІІІв В=1200 L=6660 Надходження товарів і послуг ІБ00-000828 від 27.02.2025 21:38:54 СПК (Глобине) | D99: БМЗ БЕТОН ПП Договір ПП/М 221-2 від 14.01.2025 _Глобино-2 Рахунок на оплату постачальника ІБ00-000358 від 28.01.2025 23:21:44 | E99: 205 | F99: 2311.51 | H99: 631 | K99: Д | L99: 1123473.5
A100: 28.02.2025 | B100: Переміщення товарів ІБ00-000174 від 28.02.2025 10:00:00 Перемещение ТМЦ | C100: Обл. НДС Пісок з відсіву дроблення щебеню фр. 0-5мм. Надходження товарів і послуг ІБ00-000257 від 27.01.2025 18:19:37 Генплан підпірна стінка (Глобине) | D100: Обл. НДС Пісок з відсіву дроблення щебеню фр. 0-5мм. Надходження товарів і послуг ІБ00-000257 від 27.01.2025 18:19:37 СПК (Глобине) | E100: 205 | H100: 205 | I100: 1250 | K100: Д | L100: 1122223.5
A101: 28.02.2025 | B101: Надходження товарів і послуг ІБ00-000951 від 28.02.2025 18:00:00 Оприходованы ТМЦ (Зачет аванса поставщику) | C101: Обл. НДС Колона К8н 4КН 48.124-13-5 L=10650 Надходження товарів і послуг ІБ00-000951 від 28.02.2025 18:00:00 СПК (Глобине) | D101: БМЗ БЕТОН ПП Договір ПП/М 221-2 від 14.01.2025 _Глобино-2 Рахунок на оплату постачальника ІБ00-000358 від 28.01.2025 23:21:44 | E101: 205 | F101: 73345 | H101: 631 | K101: Д | L101: 1195568.5
A102: 28.02.2025 | B102: Надходження товарів і послуг ІБ00-000951 від 28.02.2025 18:00:00 Оприходованы ТМЦ (Зачет аванса поставщику) | C102: Обл. НДС Колона К9н 4КН 48.124-13-6 L=10650 Надходження товарів і послуг ІБ00-000951 від 28.02.2025 18:00:00 СПК (Глобине) | D102: БМЗ БЕТОН ПП Договір ПП/М 221-2 від 14.01.2025 _Глобино-2 Рахунок на оплату постачальника ІБ00-000358 від 28.01.2025 23:21:44 | E102: 205 | F102: 71786 | H102: 631 | K102: Д | L102: 1267354.5
A103: 28.02.2025 | B103: Надходження товарів і послуг ІБ00-000951 від 28.02.2025 18:00:00 Оприходованы ТМЦ (Зачет аванса поставщику) | C103: Обл. НДС Колона К28н 4КН 48.124-13-11 L=10650 Надходження товарів і послуг ІБ00-000951 від 28.02.2025 18:00:00 СПК (Глобине) | D103: БМЗ БЕТОН ПП Договір ПП/М 221-2 від 14.01.2025 _Глобино-2 Рахунок на оплату постачальника ІБ00-000358 від 28.01.2025 23:21:44 | E103: 205 | F103: 75715 | H103: 631 | K103: Д | L103: 1343069.5
A104: 28.02.2025 | B104: Надходження товарів і послуг ІБ00-000951 від 28.02.2025 18:00:00 Оприходованы ТМЦ (Зачет аванса поставщику) | C104: Обл. НДС Колона К29н 4КН 48.124-13-12 L=10650 Надходження товарів і послуг ІБ00-000951 від 28.02.2025 18:00:00 СПК (Глобине) | D104: БМЗ БЕТОН ПП Договір ПП/М 221-2 від 14.01.2025 _Глобино-2 Рахунок на оплату постачальника ІБ00-000358 від 28.01.2025 23:21:44 | E104: 205 | F104: 72534 | H104: 631 | K104: Д | L104: 1415603.5
A105: 28.02.2025 | B105: Надходження товарів і послуг ІБ00-001010 від 28.02.2025 18:00:00 Оприходованы ТМЦ (Зачет аванса поставщику) | C105: Обл. НДС Плита ребриста РП1 РП 6.2.65-2 L=6240 Надходження товарів і послуг ІБ00-001010 від 28.02.2025 18:00:00 СПК (Глобине) | D105: БМЗ БЕТОН ПП Договір ПП/М 221-2 від 14.01.2025 _Глобино-2 Рахунок на оплату постачальника ІБ00-000358 від 28.01.2025 23:21:44 | E105: 205 | F105: 18555 | H105: 631 | K105: Д | L105: 1434158.5
A106: 28.02.2025 | B106: Надходження товарів і послуг ІБ00-001010 від 28.02.2025 18:00:00 Оприходованы ТМЦ (Зачет аванса поставщику) | C106: Обл. НДС Плита ребриста РП1а РП 6.2.65-2 L=6240 Надходження товарів і послуг ІБ00-001010 від 28.02.2025 18:00:00 СПК (Глобине) | D106: БМЗ БЕТОН ПП Договір ПП/М 221-2 від 14.01.2025 _Глобино-2 Рахунок на оплату постачальника ІБ00-000358 від 28.01.2025 23:21:44 | E106: 205 | F106: 18842 | H106: 631 | K106: Д | L106: 1453000.5
A107: 28.02.2025 | B107: Надходження товарів і послуг ІБ00-001010 від 28.02.2025 18:00:00 Оприходованы ТМЦ (Зачет аванса поставщику) | C107: Обл. НДС Плита перекриття ПП1 3ПГ 12-1АІІІв L=6660 Надходження товарів і послуг ІБ00-001010 від 28.02.2025 18:00:00 СПК (Глобине) | D107: БМЗ БЕТОН ПП Договір ПП/М 221-2 від 14.01.2025 _Глобино-2 Рахунок на оплату постачальника ІБ00-000358 від 28.01.2025 23:21:44 | E107: 205 | F107: 94050 | H107: 631 | K107: Д | L107: 1547050.5
A108: 28.02.2025 | B108: Надходження товарів і послуг ІБ00-001010 від 28.02.2025 18:00:00 Оприходованы ТМЦ (Зачет аванса поставщику) | C108: Обл. НДС Плита перекриття ПП2 3ПГ 12-1АІІІв В=1200 L=6660 Надходження товарів і послуг ІБ00-001010 від 28.02.2025 18:00:00 СПК (Глобине) | D108: БМЗ БЕТОН ПП Договір ПП/М 221-2 від 14.01.2025 _Глобино-2 Рахунок на оплату постачальника ІБ00-000358 від 28.01.2025 23:21:44 | E108: 205 | F108: 89895 | H108: 631 | K108: Д | L108: 1636945.5
A109: 28.02.2025 | B109: Надходження дод. витрат ІБ00-000141 від 28.02.2025 18:10:00 Доп. расходы при поступлении товаров (Зачет аванса поставщику) | C109: Обл. НДС Колона К8н 4КН 48.124-13-5 L=10650 Надходження товарів і послуг ІБ00-000951 від 28.02.2025 18:00:00 СПК (Глобине) | D109: БМЗ БЕТОН ПП Договір ПП/М 221-2 від 14.01.2025 _Глобино-2 Рахунок на оплату постачальника ІБ00-000358 від 28.01.2025 23:21:44 | E109: 205 | F109: 1885.96 | H109: 631 | K109: Д | L109: 1638831.4
A110: 28.02.2025 | B110: Надходження дод. витрат ІБ00-000141 від 28.02.2025 18:10:00 Доп. расходы при поступлении товаров (Зачет аванса поставщику) | C110: Обл. НДС Колона К9н 4КН 48.124-13-6 L=10650 Надходження товарів і послуг ІБ00-000951 від 28.02.2025 18:00:00 СПК (Глобине) | D110: БМЗ БЕТОН ПП Договір ПП/М 221-2 від 14.01.2025 _Глобино-2 Рахунок на оплату постачальника ІБ00-000358 від 28.01.2025 23:21:44 | E110: 205 | F110: 1845.87 | H110: 631 | K110: Д | L110: 1640677.3
A111: 28.02.2025 | B111: Надходження дод. витрат ІБ00-000141 від 28.02.2025 18:10:00 Доп. расходы при поступлении товаров (Зачет аванса поставщику) | C111: Обл. НДС Колона К28н 4КН 48.124-13-11 L=10650 Надходження товарів і послуг ІБ00-000951 від 28.02.2025 18:00:00 СПК (Глобине) | D111: БМЗ БЕТОН ПП Договір ПП/М 221-2 від 14.01.2025 _Глобино-2 Рахунок на оплату постачальника ІБ00-000358 від 28.01.2025 23:21:44 | E111: 205 | F111: 1946.89 | H111: 631 | K111: Д | L111: 1642624.2
A112: 28.02.2025 | B112: Надходження дод. витрат ІБ00-000141 від 28.02.2025 18:10:00 Доп. расходы при поступлении товаров (Зачет аванса поставщику) | C112: Обл. НДС Колона К29н 4КН 48.124-13-12 L=10650 Надходження товарів і послуг ІБ00-000951 від 28.02.2025 18:00:00 СПК (Глобине) | D112: БМЗ БЕТОН ПП Договір ПП/М 221-2 від 14.01.2025 _Глобино-2 Рахунок на оплату постачальника ІБ00-000358 від 28.01.2025 23:21:44 | E112: 205 | F112: 1865.1 | H112: 631 | K112: Д | L112: 1644489.3
... A116: 28.02.2025 | B116: Надходження дод. витрат ІБ00-000142 від 28.02.2025 18:10:00 Доп. расходы при поступлении товаров (Зачет аванса поставщику) | C116: Обл. НДС Плита перекриття ПП2 3ПГ 12-1АІІІв В=1200 L=6660 Надходження товарів і послуг ІБ00-001010 від 28.02.2025 18:00:00 СПК (Глобине) | D116: БМЗ БЕТОН ПП Договір ПП/М 221-2 від 14.01.2025 _Глобино-2 Рахунок на оплату постачальника ІБ00-000358 від 28.01.2025 23:21:44 | E116: 205 | F116: 2311.52 | H116: 631 | K116: Д | L116: 1650180.8
A117: 28.02.2025 | B117: Списання товарів ІБ00-000075 від 28.02.2025 20:00:00 Списаны ТМЦ | C117: Обл. НДС Виробничий (Глобине-2) Глобине-2 Прямі материальні виробничі витрати крім зворотніх відходів | D117: Обл. НДС Піна монтажна 860 мл Надходження товарів і послуг ІБ00-006233 від 14.12.2024 17:00:01 СПК (Глобине) | E117: 231 | H117: 205 | I117: 760 | K117: Д | L117: 1649420.8
A118: 28.02.2025 | B118: Вимога-накладна ІБ00-000145 від 28.02.2025 20:00:00 Списаны ТМЦ | C118: Обл. НДС Виробничий (Глобине-2) Глобине-2 Прямі матеріальні виробничі витрати крім зворотних відходів | D118: Обл. НДС Бетон С20/25 W6 F75 P4 доб-10 Надходження товарів і послуг ІБ00-000544 від 14.02.2025 18:25:57 СПК (Глобине) | E118: 231 | H118: 205 | I118: 22689.06 | K118: Д | L118: 1626731.7
A119: 28.02.2025 | B119: Вимога-накладна ІБ00-000145 від 28.02.2025 20:00:00 Списаны ТМЦ | C119: Обл. НДС Виробничий (Глобине-2) Глобине-2 Прямі матеріальні виробничі витрати крім зворотних відходів | D119: Обл. НДС Бетон С20/25 W6 F75 P4 доб-10 Надходження товарів і послуг ІБ00-000545 від 15.02.2025 10:00:05 СПК (Глобине) | E119: 231 | H119: 205 | I119: 17891.99 | K119: Д | L119: 1608839.7
A120: 28.02.2025 | B120: Вимога-накладна ІБ00-000145 від 28.02.2025 20:00:00 Списаны ТМЦ | C120: Обл. НДС Виробничий (Глобине-2) Глобине-2 Прямі матеріальні виробничі витрати крім зворотних відходів | D120: Обл. НДС Бетон С20/25 W6 F75 P4 доб-10 Надходження товарів і послуг ІБ00-000606 від 20.02.2025 18:10:55 СПК (Глобине) | E120: 231 | H120: 205 | I120: 48552.5 | K120: Д | L120: 1560287.2
A121: 28.02.2025 | B121: Вимога-накладна ІБ00-000145 від 28.02.2025 20:00:00 Списаны ТМЦ | C121: Обл. НДС Виробничий (Глобине-2) Глобине-2 Прямі матеріальні виробничі витрати крім зворотних відходів | D121: Обл. НДС Розріджувач лакофарб універс 4л (2,8кг) Надходження товарів і послуг ІБ00-006461 від 20.12.2024 18:18:13 СПК (Глобине) | E121: 231 | H121: 205 | I121: 289.44 | K121: Д | L121: 1559997.8
A122: 28.02.2025 | B122: Вимога-накладна ІБ00-000145 від 28.02.2025 20:00:00 Списаны ТМЦ | C122: Обл. НДС Виробничий (Глобине-2) Глобине-2 Прямі матеріальні виробничі витрати крім зворотних відходів | D122: Обл. НДС Мастика бітумно-каучукова 18 кг Надходження товарів і послуг ІБ00-006461 від 20.12.2024 18:18:13 СПК (Глобине) | E122: 231 | H122: 205 | I122: 2457.5 | K122: Д | L122: 1557540.3
A123: Обороти за період та сальдо на кінець | E123: 1701942.5 | H123: 645721.83 | K123: Д | L123: 1557540.3
J125: =SUBTOTAL(9,I11:J122)*1.2 -> 728107.56

Sheet Цех екстракції (Глобине)
A1: Період | B1: Документ | C1: Аналітика Дт | D1: Аналітика Кт | E1: Дебет | H1: Кредит | K1: Поточне сальдо
E2: Рахунок | H2: Рахунок
A3: 01.02.2025 | B3: Переміщення товарів ІБ00-000130 від 01.02.2025 00:00:00 Перемещение ТМЦ | C3: Обл. НДС Щебінь 20-40 Надходження товарів і послуг ІБ00-006196 від 10.12.2024 18:00:19 Резервуар для зберігання розчинника(Глобине) | D3: Обл. НДС Щебінь 20-40 Надходження товарів і послуг ІБ00-006196 від 10.12.2024 18:00:19 Цех екстракції (Глобине) | E3: 205 | H3: 205 | I3: 4510.67 | K3: Д | L3: 5356338.4
A4: 01.02.2025 | B4: Переміщення товарів ІБ00-000130 від 01.02.2025 00:00:00 Перемещение ТМЦ | C4: Обл. НДС Щебінь 20-40 Надходження товарів і послуг ІБ00-006201 від 11.12.2024 18:00:22 Резервуар для зберігання розчинника(Глобине) | D4: Обл. НДС Щебінь 20-40 Надходження товарів і послуг ІБ00-006201 від 11.12.2024 18:00:22 Цех екстракції (Глобине) | E4: 205 | H4: 205 | I4: 95477.16 | K4: Д | L4: 5260861.2
A5: 01.02.2025 | B5: Переміщення товарів ІБ00-000130 від 01.02.2025 00:00:00 Перемещение ТМЦ | C5: Обл. НДС Щебінь 20-40 Надходження товарів і послуг ІБ00-006224 від 12.12.2024 18:00:32 Резервуар для зберігання розчинника(Глобине) | D5: Обл. НДС Щебінь 20-40 Надходження товарів і послуг ІБ00-006224 від 12.12.2024 18:00:32 Цех екстракції (Глобине) | E5: 205 | H5: 205 | I5: 9476.97 | K5: Д | L5: 5251384.2
A6: 01.02.2025 | B6: Переміщення товарів ІБ00-000056 від 01.02.2025 18:10:00 Перемещение ТМЦ | C6: Обл. НДС Бетон С20/25 W6 F75 P4 Надходження товарів і послуг ІБ00-000353 від 01.02.2025 18:00:04 Цех екстракції (Глобине) | D6: Обл. НДС Бетон С20/25 W6 F75 P4 Надходження товарів і послуг ІБ00-000353 від 01.02.2025 18:00:04 Глобине-2 | E6: 205 | F6: 95197.03 | H6: 205 | K6: Д | L6: 5346581.3
A7: 01.02.2025 | B7: Переміщення товарів ІБ00-000092 від 01.02.2025 18:10:14 Перемещение ТМЦ | C7: Обл. НДС Щебінь 20-40 Надходження товарів і послуг ІБ00-006224 від 12.12.2024 18:00:32 Котельна (Глобине) | D7: Обл. НДС Щебінь 20-40 Надходження товарів і послуг ІБ00-006224 від 12.12.2024 18:00:32 Цех екстракції (Глобине) | E7: 205 | H7: 205 | I7: 26455.21 | K7: Д | L7: 5320126
A8: 01.02.2025 | B8: Переміщення товарів ІБ00-000094 від 01.02.2025 18:10:16 Перемещение ТМЦ | C8: Обл. НДС Анкер хімічний 585 мл EРОХ Надходження товарів і послуг ІБ00-000723 від 29.02.2024 23:00:01 Цех екстракції (Глобине) | D8: Обл. НДС Анкер хімічний 585 мл EРОХ Надходження товарів і послуг ІБ00-000723 від 29.02.2024 23:00:01 Глобине-2 | E8: 205 | F8: 2342.8 | H8: 205 | K8: Д | L8: 5322468.8
A9: 01.02.2025 | B9: Переміщення товарів ІБ00-000121 від 01.02.2025 18:10:37 Перемещение ТМЦ | C9: Обл. НДС Щебінь 20-40 Надходження товарів і послуг ІБ00-006224 від 12.12.2024 18:00:32 Резервуар для зберігання розчинника(Глобине) | D9: Обл. НДС Щебінь 20-40 Надходження товарів і послуг ІБ00-006224 від 12.12.2024 18:00:32 Цех екстракції (Глобине) | E9: 205 | H9: 205 | I9: 10108.82 | K9: Д | L9: 5312360
A10: 01.02.2025 | B10: Переміщення товарів ІБ00-000121 від 01.02.2025 18:10:37 Перемещение ТМЦ | C10: Обл. НДС Щебінь 20-40 Надходження товарів і послуг ІБ00-006317 від 18.12.2024 18:00:25 Резервуар для зберігання розчинника(Глобине) | D10: Обл. НДС Щебінь 20-40 Надходження товарів і послуг ІБ00-006317 від 18.12.2024 18:00:25 Цех екстракції (Глобине) | E10: 205 | H10: 205 | I10: 7356 | K10: Д | L10: 5305004
A11: 01.02.2025 | B11: Переміщення товарів ІБ00-000139 від 01.02.2025 18:11:37 Перемещение ТМЦ | C11: Обл. НДС Кутник 75*75 мм 12 м Надходження товарів і послуг ІБ00-006410 від 23.12.2024 17:16:14 Цех екстракції (Глобине) | D11: Обл. НДС Кутник 75*75 мм 12 м Надходження товарів і послуг ІБ00-006410 від 23.12.2024 17:16:14 Котельна (Глобине) | E11: 205 | F11: 1043.42 | H11: 205 | K11: Д | L11: 5306047.5
A12: 04.02.2025 | B12: Надходження товарів і послуг ІБ00-000455 від 04.02.2025 17:50:19 Оприходованы ТМЦ (Зачет аванса поставщику) | C12: Обл. НДС Бункер 24255 Надходження товарів і послуг ІБ00-000455 від 04.02.2025 17:50:19 Цех екстракції (Глобине) | D12: ЕЛМАШ ТОВ Договору №031224П від 03.12.2024_Глобино 2 Рахунок на оплату постачальника ІБ00-000076 від 10.01.2025 18:00:19 | E12: 205 | F12: 57315 | H12: 631 | K12: Д | L12: 5363362.5
A13: 04.02.2025 | B13: Надходження товарів і послуг ІБ00-000455 від 04.02.2025 17:50:19 Оприходованы ТМЦ (Зачет аванса поставщику) | C13: Обл. НДС Бункер 24380 Надходження товарів і послуг ІБ00-000455 від 04.02.2025 17:50:19 Цех екстракції (Глобине) | D13: ЕЛМАШ ТОВ Договору №031224П від 03.12.2024_Глобино 2 Рахунок на оплату постачальника ІБ00-000076 від 10.01.2025 18:00:19 | E13: 205 | F13: 26995 | H13: 631 | K13: Д | L13: 5390357.5
A14: 04.02.2025 | B14: Надходження товарів і послуг ІБ00-000455 від 04.02.2025 17:50:19 Оприходованы ТМЦ (Зачет аванса поставщику) | C14: Обл. НДС Бункер 24297 Надходження товарів і послуг ІБ00-000455 від 04.02.2025 17:50:19 Цех екстракції (Глобине) | D14: ЕЛМАШ ТОВ Договору №031224П від 03.12.2024_Глобино 2 Рахунок на оплату постачальника ІБ00-000076 від 10.01.2025 18:00:19 | E14: 205 | F14: 43505 | H14: 631 | K14: Д | L14: 5433862.5
A15: 04.02.2025 | B15: Надходження товарів і послуг ІБ00-000455 від 04.02.2025 17:50:19 Оприходованы ТМЦ (Зачет аванса поставщику) | C15: Обл. НДС Бункер 24379 Надходження товарів і послуг ІБ00-000455 від 04.02.2025 17:50:19 Цех екстракції (Глобине) | D15: ЕЛМАШ ТОВ Договору №031224П від 03.12.2024_Глобино 2 Рахунок на оплату постачальника ІБ00-000076 від 10.01.2025 18:00:19 | E15: 205 | F15: 23270 | H15: 631 | K15: Д | L15: 5457132.5
A16: 04.02.2025 | B16: Надходження товарів і послуг ІБ00-000455 від 04.02.2025 17:50:19 Оприходованы ТМЦ | C16: Обл. НДС Труба 24399 Надходження товарів і послуг ІБ00-000455 від 04.02.2025 17:50:19 Цех екстракції (Глобине) | D16: ЕЛМАШ ТОВ Договору №031224П від 03.12.2024_Глобино 2 Рахунок на оплату постачальника ІБ00-000076 від 10.01.2025 18:00:19 | E16: 205 | F16: 41090.4 | H16: 631 | K16: Д | L16: 5498222.8
A17: 04.02.2025 | B17: Надходження товарів і послуг ІБ00-000455 від 04.02.2025 17:50:19 Оприходованы ТМЦ (Зачет аванса поставщику) | C17: Обл. НДС Труба 24399 Надходження товарів і послуг ІБ00-000455 від 04.02.2025 17:50:19 Цех екстракції (Глобине) | D17: ЕЛМАШ ТОВ Договору №031224П від 03.12.2024_Глобино 2 Рахунок на оплату постачальника ІБ00-000076 від 10.01.2025 18:00:19 | E17: 205 | F17: 79659.6 | H17: 631 | K17: Д | L17: 5577882.5
A18: 05.02.2025 | B18: Вимога-накладна ІБ00-000070 від 05.02.2025 18:15:34 Списаны ТМЦ | C18: Обл. НДС Виробничий (Глобине-2) Глобине-2 Прямі материальні виробничі витрати крім зворотніх відходів | D18: Обл. НДС Бетон С20/25 W6 F75 P4 Надходження товарів і послуг ІБ00-000368 від 31.01.2025 16:00:16 Цех екстракції (Глобине) | E18: 231 | H18: 205 | I18: 1484.09 | K18: Д | L18: 5576398.4
A19: 05.02.2025 | B19: Вимога-накладна ІБ00-000070 від 05.02.2025 18:15:34 Списаны ТМЦ | C19: Обл. НДС Виробничий (Глобине-2) Глобине-2 Прямі материальні виробничі витрати крім зворотніх відходів | D19: Обл. НДС Бетон С20/25 W6 F75 P4 Надходження товарів і послуг ІБ00-000353 від 01.02.2025 18:00:04 Цех екстракції (Глобине) | E19: 231 | H19: 205 | I19: 71003.85 | K19: Д | L19: 5505394.5
A20: 05.02.2025 | B20: Вимога-накладна ІБ00-000070 від 05.02.2025 18:15:34 Списаны ТМЦ | C20: Обл. НДС Виробничий (Глобине-2) Глобине-2 Прямі материальні виробничі витрати крім зворотніх відходів | D20: Обл. НДС Кондуктор ростверка Р-7 Надходження товарів і послуг ІБ00-000232 від 24.01.2025 18:00:01 Цех екстракції (Глобине) | E20: 231 | H20: 205 | I20: 60000 | K20: Д | L20: 5445394.5
A21: 05.02.2025 | B21: Вимога-накладна ІБ00-000070 від 05.02.2025 18:15:34 Списаны ТМЦ | C21: Обл. НДС Виробничий (Глобине-2) Глобине-2 Прямі материальні виробничі витрати крім зворотніх відходів | D21: Обл. НДС Кондуктор ростверка Р-9 Надходження товарів і послуг ІБ00-000232 від 24.01.2025 18:00:01 Цех екстракції (Глобине) | E21: 231 | H21: 205 | I21: 25000 | K21: Д | L21: 5420394.5
A22: 05.02.2025 | B22: Вимога-накладна ІБ00-000070 від 05.02.2025 18:15:34 Списаны ТМЦ | C22: Обл. НДС Виробничий (Глобине-2) Глобине-2 Прямі материальні виробничі витрати крім зворотніх відходів | D22: Обл. НДС Кондуктор ростверка Р-10 Надходження товарів і послуг ІБ00-000232 від 24.01.2025 18:00:01 Цех екстракції (Глобине) | E22: 231 | H22: 205 | I22: 33800 | K22: Д | L22: 5386594.5
A23: 05.02.2025 | B23: Списання товарів ІБ00-000061 від 05.02.2025 18:15:35 Списаны ТМЦ | C23: Обл. НДС Виробничий (Глобине-2) Глобине-2 Прямі материальні виробничі витрати крім зворотніх відходів | D23: Обл. НДС Плита OSB 10 мм Надходження товарів і послуг ІБ00-000072 від 01.01.2025 18:00:10 Цех екстракції (Глобине) | E23: 231 | H23: 205 | I23: 1576 | K23: Д | L23: 5385018.5
A24: 05.02.2025 | B24: Списання товарів ІБ00-000061 від 05.02.2025 18:15:35 Списаны ТМЦ | C24: Обл. НДС Виробничий (Глобине-2) Глобине-2 Прямі материальні виробничі витрати крім зворотніх відходів | D24: Обл. НДС Шуруп г/к по дереву 3,5*55 мм Надходження товарів і послуг ІБ00-000110 від 14.01.2025 18:05:22 Цех екстракції (Глобине) | E24: 231 | H24: 205 | I24: 198.1 | K24: Д | L24: 5384820.4
A25: 05.02.2025 | B25: Списання товарів ІБ00-000061 від 05.02.2025 18:15:35 Списаны ТМЦ | C25: Обл. НДС Виробничий (Глобине-2) Глобине-2 Прямі материальні виробничі витрати крім зворотніх відходів | D25: Обл. НДС Шуруп г/к по дереву 4,2*76 мм Надходження товарів і послуг ІБ00-000110 від 14.01.2025 18:05:22 Цех екстракції (Глобине) | E25: 231 | H25: 205 | I25: 91.25 | K25: Д | L25: 5384729.2
A26: 05.02.2025 | B26: Вимога-накладна ІБ00-000071 від 05.02.2025 18:15:40 Списаны ТМЦ | C26: Обл. НДС Виробничий (Глобине-2) Глобине-2 Прямі материальні виробничі витрати крім зворотніх відходів | D26: Обл. НДС Болт М12*50 8,8 цб ЧР Надходження товарів і послуг ІБ00-006418 від 23.12.2024 17:16:18 Цех екстракції (Глобине) | E26: 231 | H26: 205 | I26: 297.11 | K26: Д | L26: 5384432
A27: 05.02.2025 | B27: Вимога-накладна ІБ00-000071 від 05.02.2025 18:15:40 Списаны ТМЦ | C27: Обл. НДС Виробничий (Глобине-2) Глобине-2 Прямі материальні виробничі витрати крім зворотніх відходів | D27: Обл. НДС Болт М16*55 8,8 цб пр Надходження товарів і послуг ІБ00-006418 від 23.12.2024 17:16:18 Цех екстракції (Глобине) | E27: 231 | H27: 205 | I27: 9544.81 | K27: Д | L27: 5374887.2
A28: 05.02.2025 | B28: Вимога-накладна ІБ00-000071 від 05.02.2025 18:15:40 Списаны ТМЦ | C28: Обл. НДС Виробничий (Глобине-2) Глобине-2 Прямі материальні виробничі витрати крім зворотніх відходів | D28: Обл. НДС Болт М16*55 8,8 цб ЧР Надходження товарів і послуг ІБ00-006418 від 23.12.2024 17:16:18 Цех екстракції (Глобине) | E28: 231 | H28: 205 | I28: 516.98 | K28: Д | L28: 5374370.3
A29: 05.02.2025 | B29: Вимога-накладна ІБ00-000071 від 05.02.2025 18:15:40 Списаны ТМЦ | C29: Обл. НДС Виробничий (Глобине-2) Глобине-2 Прямі материальні виробничі витрати крім зворотніх відходів | D29: Обл. НДС Болт М16*60 8,8 цб ЧР Надходження товарів і послуг ІБ00-006418 від 23.12.2024 17:16:18 Цех екстракції (Глобине) | E29: 231 | H29: 205 | I29: 427.23 | K29: Д | L29: 5373943
... A55: 05.02.2025 | B55: Вимога-накладна ІБ00-000071 від 05.02.2025 18:15:40 Списаны ТМЦ | C55: Обл. НДС Виробничий (Глобине-2) Глобине-2 Прямі материальні виробничі витрати крім зворотніх відходів | D55: Обл. НДС DIN125-1 Шайба 42 цб 140HV до кл.м. 4.6-8.8 Надходження товарів і послуг ІБ00-006056 від 06.12.2024 18:14:28 Цех екстракції (Глобине) | E55: 231 | H55: 205 | I55: 7603.84 | K55: Д | L55: 4959421.2
A56: 06.02.2025 | B56: Переміщення товарів ІБ00-000067 від 06.02.2025 18:36:13 Перемещение ТМЦ | C56: Обл. НДС Пінополістирол фасад шаршавий 1200х600х20мм 0,264 куб м Надходження товарів і послуг ІБ00-000464 від 06.02.2025 18:36:11 Цех екстракції (Глобине) | D56: Обл. НДС Пінополістирол фасад шаршавий 1200х600х20мм 0,264 куб м Надходження товарів і послуг ІБ00-000464 від 06.02.2025 18:36:11 Глобине-2 | E56: 205 | F56: 1820 | H56: 205 | K56: Д | L56: 4961241.2
A57: 06.02.2025 | B57: Переміщення товарів ІБ00-000068 від 06.02.2025 18:36:16 Перемещение ТМЦ | C57: Обл. НДС Коліно 110/90 ПЕТ терморезист SDR11 Надходження товарів і послуг ІБ00-000478 від 06.02.2025 15:36:15 Цех екстракції (Глобине) | D57: Обл. НДС Коліно 110/90 ПЕТ терморезист SDR11 Надходження товарів і послуг ІБ00-000478 від 06.02.2025 15:36:15 Глобине-2 | E57: 205 | F57: 4881.55 | H57: 205 | K57: Д | L57: 4966122.7
A58: 06.02.2025 | B58: Переміщення товарів ІБ00-000068 від 06.02.2025 18:36:16 Перемещение ТМЦ | C58: Обл. НДС Труба ПЕТ110*10 16атм чорна SDR11 Надходження товарів і послуг ІБ00-000478 від 06.02.2025 15:36:15 Цех екстракції (Глобине) | D58: Обл. НДС Труба ПЕТ110*10 16атм чорна SDR11 Надходження товарів і послуг ІБ00-000478 від 06.02.2025 15:36:15 Глобине-2 | E58: 205 | F58: 8271.79 | H58: 205 | K58: Д | L58: 4974394.5
A59: 06.02.2025 | B59: Переміщення товарів ІБ00-000160 від 06.02.2025 18:36:53 Перемещение ТМЦ | C59: Обл. НДС Клей-піна монтажна , 860 мл Надходження товарів і послуг ІБ00-000776 від 06.02.2025 18:36:51 Цех екстракції (Глобине) | D59: Обл. НДС Клей-піна монтажна , 860 мл Надходження товарів і послуг ІБ00-000776 від 06.02.2025 18:36:51 Глобине-2 | E59: 205 | F59: 938.57 | H59: 205 | K59: Д | L59: 4975333.1
A60: 08.02.2025 | B60: Переміщення товарів ІБ00-000096 від 08.02.2025 10:20:05 Перемещение ТМЦ | C60: Обл. НДС Бетон С20/25 W6 F75 P4 доб-10 Надходження товарів і послуг ІБ00-000522 від 08.02.2025 10:00:03 Цех екстракції (Глобине) | D60: Обл. НДС Бетон С20/25 W6 F75 P4 доб-10 Надходження товарів і послуг ІБ00-000522 від 08.02.2025 10:00:03 Глобине-2 | E60: 205 | F60: 34166.39 | H60: 205 | K60: Д | L60: 5009499.5
A61: 11.02.2025 | B61: Надходження товарів і послуг ІБ00-000520 від 11.02.2025 18:10:01 Оприходованы ТМЦ | C61: Обл. НДС Труба профільна 100*100*5 мм, 12 м Надходження товарів і послуг ІБ00-000520 від 11.02.2025 18:10:01 Цех екстракції (Глобине) | D61: АВ МЕТАЛ ГРУП ТОВ Дог 2420/Р от 05.10.2023від 05.10.2023_Глобино-2 Рахунок на оплату постачальника ІБ00-000448 від 07.02.2025 20:00:03 | E61: 205 | F61: 151342.39 | H61: 631 | K61: Д | L61: 5160841.9
A62: 13.02.2025 | B62: Вимога-накладна ІБ00-000072 від 13.02.2025 14:59:34 Списаны ТМЦ | C62: Обл. НДС Виробничий (Глобине-2) Глобине-2 Прямі материальні виробничі витрати крім зворотніх відходів | D62: Обл. НДС Бункер 24255 Надходження товарів і послуг ІБ00-000455 від 04.02.2025 17:50:19 Цех екстракції (Глобине) | E62: 231 | H62: 205 | I62: 57315 | K62: Д | L62: 5103526.9
A63: 13.02.2025 | B63: Вимога-накладна ІБ00-000072 від 13.02.2025 14:59:34 Списаны ТМЦ | C63: Обл. НДС Виробничий (Глобине-2) Глобине-2 Прямі материальні виробничі витрати крім зворотніх відходів | D63: Обл. НДС Бункер 24297 Надходження товарів і послуг ІБ00-000455 від 04.02.2025 17:50:19 Цех екстракції (Глобине) | E63: 231 | H63: 205 | I63: 43505 | K63: Д | L63: 5060021.9
A64: 13.02.2025 | B64: Вимога-накладна ІБ00-000072 від 13.02.2025 14:59:34 Списаны ТМЦ | C64: Обл. НДС Виробничий (Глобине-2) Глобине-2 Прямі материальні виробничі витрати крім зворотніх відходів | D64: Обл. НДС Бункер 24379 Надходження товарів і послуг ІБ00-000455 від 04.02.2025 17:50:19 Цех екстракції (Глобине) | E64: 231 | H64: 205 | I64: 23270 | K64: Д | L64: 5036751.9
A65: 13.02.2025 | B65: Вимога-накладна ІБ00-000072 від 13.02.2025 14:59:34 Списаны ТМЦ | C65: Обл. НДС Виробничий (Глобине-2) Глобине-2 Прямі материальні виробничі витрати крім зворотніх відходів | D65: Обл. НДС Бункер 24380 Надходження товарів і послуг ІБ00-000455 від 04.02.2025 17:50:19 Цех екстракції (Глобине) | E65: 231 | H65: 205 | I65: 26995 | K65: Д | L65: 5009756.9
A66: 13.02.2025 | B66: Вимога-накладна ІБ00-000072 від 13.02.2025 14:59:34 Списаны ТМЦ | C66: Обл. НДС Виробничий (Глобине-2) Глобине-2 Прямі материальні виробничі витрати крім зворотніх відходів | D66: Обл. НДС Труба 24399 Надходження товарів і послуг ІБ00-000455 від 04.02.2025 17:50:19 Цех екстракції (Глобине) | E66: 231 | H66: 205 | I66: 120750 | K66: Д | L66: 4889006.9
A67: 13.02.2025 | B67: Надходження товарів і послуг ІБ00-000532 від 13.02.2025 18:04:54 Оприходованы ТМЦ | C67: Обл. НДС Труба профільна 40*40*3,0 L=6000 мм ст1-3 сп/пс Надходження товарів і послуг ІБ00-000532 від 13.02.2025 18:04:54 Цех екстракції (Глобине) | D67: МЕТІНВЕСТ-СМЦ ТОВ №1778403/01/2023-С от 11.01.2023 РАХУНКИ_Глобино-2 Рахунок на оплату постачальника ІБ00-000460 від 14.02.2025 16:57:40 | E67: 205 | F67: 235583.81 | H67: 631 | K67: Д | L67: 5124590.7
A68: 13.02.2025 | B68: Надходження товарів і послуг ІБ00-000532 від 13.02.2025 18:04:54 Оприходованы ТМЦ | C68: Обл. НДС Труба профільна 40*40*2 мм;ст.1-3пс; 6м Надходження товарів і послуг ІБ00-000532 від 13.02.2025 18:04:54 Цех екстракції (Глобине) | D68: МЕТІНВЕСТ-СМЦ ТОВ №1778403/01/2023-С от 11.01.2023 РАХУНКИ_Глобино-2 Рахунок на оплату постачальника ІБ00-000460 від 14.02.2025 16:57:40 | E68: 205 | F68: 46076.33 | H68: 631 | K68: Д | L68: 5170667
A69: 13.02.2025 | B69: Надходження товарів і послуг ІБ00-000536 від 13.02.2025 18:05:03 Оприходованы ТМЦ | C69: Обл. НДС Круг г/к 18 мм 6м ст1-3сп/пс Надходження товарів і послуг ІБ00-000536 від 13.02.2025 18:05:03 Цех екстракції (Глобине) | D69: МЕТІНВЕСТ-СМЦ ТОВ №1778403/01/2023-С от 11.01.2023 РАХУНКИ_Глобино-2 Рахунок на оплату постачальника ІБ00-000460 від 14.02.2025 16:57:40 | E69: 205 | F69: 676.4 | H69: 631 | K69: Д | L69: 5171343.4
A70: 13.02.2025 | B70: Надходження товарів і послуг ІБ00-000537 від 13.02.2025 18:05:04 Оприходованы ТМЦ | C70: Обл. НДС Кутник 75*75 мм 6,0 мм, S235 JR 12 м Надходження товарів і послуг ІБ00-000537 від 13.02.2025 18:05:04 Цех екстракції (Глобине) | D70: МЕТІНВЕСТ-СМЦ ТОВ №1778403/01/2023-С от 11.01.2023 РАХУНКИ_Глобино-2 Рахунок на оплату постачальника ІБ00-000460 від 14.02.2025 16:57:40 | E70: 205 | F70: 2080 | H70: 631 | K70: Д | L70: 5173423.4
A71: 13.02.2025 | B71: Надходження товарів і послуг ІБ00-000537 від 13.02.2025 18:05:04 Оприходованы ТМЦ | C71: Обл. НДС Швелер 16П міра 12,00 м Надходження товарів і послуг ІБ00-000537 від 13.02.2025 18:05:04 Цех екстракції (Глобине) | D71: МЕТІНВЕСТ-СМЦ ТОВ №1778403/01/2023-С от 11.01.2023 РАХУНКИ_Глобино-2 Рахунок на оплату постачальника ІБ00-000460 від 14.02.2025 16:57:40 | E71: 205 | F71: 120857.24 | H71: 631 | K71: Д | L71: 5294280.7
A72: 13.02.2025 | B72: Надходження товарів і послуг ІБ00-000537 від 13.02.2025 18:05:04 Оприходованы ТМЦ | C72: Обл. НДС швелер № 18П; ст. 3пс5; 12 м Надходження товарів і послуг ІБ00-000537 від 13.02.2025 18:05:04 Цех екстракції (Глобине) | D72: МЕТІНВЕСТ-СМЦ ТОВ №1778403/01/2023-С от 11.01.2023 РАХУНКИ_Глобино-2 Рахунок на оплату постачальника ІБ00-000460 від 14.02.2025 16:57:40 | E72: 205 | F72: 8996.67 | H72: 631 | K72: Д | L72: 5303277.3
A73: 13.02.2025 | B73: Надходження товарів і послуг ІБ00-000537 від 13.02.2025 18:05:04 Оприходованы ТМЦ | C73: Обл. НДС Лист г/к 4*1500*6000 мм Надходження товарів і послуг ІБ00-000537 від 13.02.2025 18:05:04 Цех екстракції (Глобине) | D73: МЕТІНВЕСТ-СМЦ ТОВ №1778403/01/2023-С от 11.01.2023 РАХУНКИ_Глобино-2 Рахунок на оплату постачальника ІБ00-000460 від 14.02.2025 16:57:40 | E73: 205 | F73: 93310 | H73: 631 | K73: Д | L73: 5396587.3
A74: 13.02.2025 | B74: Надходження товарів і послуг ІБ00-000537 від 13.02.2025 18:05:04 Оприходованы ТМЦ | C74: Обл. НДС Лист г/к 6*1500*6000 мм; 1-3 сп/пс, 5 кат.необр.кром Надходження товарів і послуг ІБ00-000537 від 13.02.2025 18:05:04 Цех екстракції (Глобине) | D74: МЕТІНВЕСТ-СМЦ ТОВ №1778403/01/2023-С от 11.01.2023 РАХУНКИ_Глобино-2 Рахунок на оплату постачальника ІБ00-000460 від 14.02.2025 16:57:40 | E74: 205 | F74: 11121.25 | H74: 631 | K74: Д | L74: 5407708.6
A75: 13.02.2025 | B75: Надходження товарів і послуг ІБ00-000537 від 13.02.2025 18:05:04 Оприходованы ТМЦ | C75: Обл. НДС Лист г/к 10*1500*6000 мм Надходження товарів і послуг ІБ00-000537 від 13.02.2025 18:05:04 Цех екстракції (Глобине) | D75: МЕТІНВЕСТ-СМЦ ТОВ №1778403/01/2023-С от 11.01.2023 РАХУНКИ_Глобино-2 Рахунок на оплату постачальника ІБ00-000460 від 14.02.2025 16:57:40 | E75: 205 | F75: 19927.34 | H75: 631 | K75: Д | L75: 5427635.9
A76: 13.02.2025 | B76: Надходження товарів і послуг ІБ00-000540 від 13.02.2025 18:05:06 Оприходованы ТМЦ | C76: Обл. НДС Болт М16*55 DIN 933 8,8 цб пр Надходження товарів і послуг ІБ00-000540 від 13.02.2025 18:05:06 Цех екстракції (Глобине) | D76: Солді і Ко ПАТ Дог № 378542-55/19 від 21.01.2019 р. РАХ_Глобине-2 Рахунок на оплату постачальника ІБ00-000473 від 06.02.2025 18:36:38 | E76: 205 | F76: 19370.44 | H76: 631 | K76: Д | L76: 5447006.3
A77: 13.02.2025 | B77: Надходження товарів і послуг ІБ00-000540 від 13.02.2025 18:05:06 Оприходованы ТМЦ | C77: Обл. НДС Болт М16*55 DIN 931 8,8 цб пр Надходження товарів і послуг ІБ00-000540 від 13.02.2025 18:05:06 Цех екстракції (Глобине) | D77: Солді і Ко ПАТ Дог № 378542-55/19 від 21.01.2019 р. РАХ_Глобине-2 Рахунок на оплату постачальника ІБ00-000473 від 06.02.2025 18:36:38 | E77: 205 | F77: 1877.07 | H77: 631 | K77: Д | L77: 5448883.4
A78: 13.02.2025 | B78: Надходження товарів і послуг ІБ00-000540 від 13.02.2025 18:05:06 Оприходованы ТМЦ | C78: Обл. НДС Болт М16*60 DIN931 Надходження товарів і послуг ІБ00-000540 від 13.02.2025 18:05:06 Цех екстракції (Глобине) | D78: Солді і Ко ПАТ Дог № 378542-55/19 від 21.01.2019 р. РАХ_Глобине-2 Рахунок на оплату постачальника ІБ00-000473 від 06.02.2025 18:36:38 | E78: 205 | F78: 680.4 | H78: 631 | K78: Д | L78: 5449563.8
... A122: 18.02.2025 | B122: Надходження товарів і послуг ІБ00-000721 від 18.02.2025 20:00:47 Оприходованы ТМЦ | C122: Обл. НДС Лист г/к 18*2000*6000, S235 JR Надходження товарів і послуг ІБ00-000721 від 18.02.2025 20:00:47 Цех екстракції (Глобине) | D122: МЕТІНВЕСТ-СМЦ ТОВ №1778403/01/2023-С от 11.01.2023 РАХУНКИ_Глобино-2 Рахунок на оплату постачальника ІБ00-000648 від 19.02.2025 18:22:44 | E122: 205 | F122: 95988.01 | H122: 631 | K122: Д | L122: 7133263
A123: 19.02.2025 | B123: Вимога-накладна ІБ00-000075 від 19.02.2025 15:58:40 Списаны ТМЦ | C123: Обл. НДС Виробничий (Глобине-2) Глобине-2 Прямі материальні виробничі витрати крім зворотніх відходів | D123: Обл. НДС Бетон С20/25 W6 F75 P4 Надходження товарів і послуг ІБ00-000353 від 01.02.2025 18:00:04 Цех екстракції (Глобине) | E123: 231 | H123: 205 | I123: 24193.18 | K123: Д | L123: 7109069.8
A124: 19.02.2025 | B124: Вимога-накладна ІБ00-000075 від 19.02.2025 15:58:40 Списаны ТМЦ | C124: Обл. НДС Виробничий (Глобине-2) Глобине-2 Прямі материальні виробничі витрати крім зворотніх відходів | D124: Обл. НДС Бетон С20/25 W6 F75 P4 доб-10 Надходження товарів і послуг ІБ00-000522 від 08.02.2025 10:00:03 Цех екстракції (Глобине) | E124: 231 | H124: 205 | I124: 34166.39 | K124: Д | L124: 7074903.4
A125: 19.02.2025 | B125: Вимога-накладна ІБ00-000075 від 19.02.2025 15:58:40 Списаны ТМЦ | C125: Обл. НДС Виробничий (Глобине-2) Глобине-2 Прямі материальні виробничі витрати крім зворотніх відходів | D125: Обл. НДС Бетон С20/25 W6 F75 P4 доб-10 Надходження товарів і послуг ІБ00-000544 від 14.02.2025 18:25:57 Цех екстракції (Глобине) | E125: 231 | H125: 205 | I125: 1750.7 | K125: Д | L125: 7073152.7
A126: 19.02.2025 | B126: Вимога-накладна ІБ00-000075 від 19.02.2025 15:58:40 Списаны ТМЦ | C126: Обл. НДС Виробничий (Глобине-2) Глобине-2 Прямі материальні виробничі витрати крім зворотніх відходів | D126: Обл. НДС Бетон С20/25 W6 F75 P4 доб-10 Надходження товарів і послуг ІБ00-000544 від 14.02.2025 18:25:57 Цех екстракції (Глобине) | E126: 231 | H126: 205 | I126: 1750.7 | K126: Д | L126: 7071402
A127: 19.02.2025 | B127: Вимога-накладна ІБ00-000075 від 19.02.2025 15:58:40 Списаны ТМЦ | C127: Обл. НДС Виробничий (Глобине-2) Глобине-2 Прямі материальні виробничі витрати крім зворотніх відходів | D127: Обл. НДС Бетон С20/25 W6 F75 P4 доб-10 Надходження товарів і послуг ІБ00-000545 від 15.02.2025 10:00:05 Цех екстракції (Глобине) | E127: 231 | H127: 205 | I127: 1810.67 | K127: Д | L127: 7069591.4
A128: 19.02.2025 | B128: Вимога-накладна ІБ00-000075 від 19.02.2025 15:58:40 Списаны ТМЦ | C128: Обл. НДС Виробничий (Глобине-2) Глобине-2 Прямі материальні виробничі витрати крім зворотніх відходів | D128: Обл. НДС Бетон С20/25 W6 F75 P4 доб-10 Надходження товарів і послуг ІБ00-000545 від 15.02.2025 10:00:05 Цех екстракції (Глобине) | E128: 231 | H128: 205 | I128: 17856.21 | K128: Д | L128: 7051735.2
A129: 19.02.2025 | B129: Вимога-накладна ІБ00-000075 від 19.02.2025 15:58:40 Списаны ТМЦ | C129: Обл. НДС Виробничий (Глобине-2) Глобине-2 Прямі материальні виробничі витрати крім зворотніх відходів | D129: Обл. НДС Труба 159*4 Надходження товарів і послуг ІБ00-000060 від 10.01.2025 18:00:10 Цех екстракції (Глобине) | E129: 231 | H129: 205 | I129: 2617.32 | K129: Д | L129: 7049117.8
A130: 19.02.2025 | B130: Вимога-накладна ІБ00-000075 від 19.02.2025 15:58:40 Списаны ТМЦ | C130: Обл. НДС Виробничий (Глобине-2) Глобине-2 Прямі материальні виробничі витрати крім зворотніх відходів | D130: Обл. НДС Труба 325*8,0 Надходження товарів і послуг ІБ00-000060 від 10.01.2025 18:00:10 Цех екстракції (Глобине) | E130: 231 | H130: 205 | I130: 4155.39 | K130: Д | L130: 7044962.4
A131: 19.02.2025 | B131: Вимога-накладна ІБ00-000076 від 19.02.2025 17:00:25 Списаны ТМЦ | C131: Обл. НДС Виробничий (Глобине-2) Глобине-2 Прямі материальні виробничі витрати крім зворотніх відходів | D131: Обл. НДС Лист г/к 4*1500*6000 мм Надходження товарів і послуг ІБ00-005335 від 29.10.2024 22:00:09 Цех екстракції (Глобине) | E131: 231 | H131: 205 | I131: 4301.73 | K131: Д | L131: 7040660.7
A132: 19.02.2025 | B132: Вимога-накладна ІБ00-000076 від 19.02.2025 17:00:25 Списаны ТМЦ | C132: Обл. НДС Виробничий (Глобине-2) Глобине-2 Прямі материальні виробничі витрати крім зворотніх відходів | D132: Обл. НДС Лист г/к 4,0 мм 1500х6000, S235JR Надходження товарів і послуг ІБ00-006404 від 23.12.2024 17:16:10 Цех екстракції (Глобине) | E132: 231 | H132: 205 | I132: 317.53 | K132: Д | L132: 7040343.2
A133: 19.02.2025 | B133: Вимога-накладна ІБ00-000076 від 19.02.2025 17:00:25 Списаны ТМЦ | C133: Обл. НДС Виробничий (Глобине-2) Глобине-2 Прямі материальні виробничі витрати крім зворотніх відходів | D133: Обл. НДС Лист г/к 4,0 мм 1500*6000, S235 JR Надходження товарів і послуг ІБ00-006503 від 30.12.2024 12:00:00 Цех екстракції (Глобине) | E133: 231 | H133: 205 | I133: 7736.56 | K133: Д | L133: 7032606.6
A134: 19.02.2025 | B134: Вимога-накладна ІБ00-000076 від 19.02.2025 17:00:25 Списаны ТМЦ | C134: Обл. НДС Виробничий (Глобине-2) Глобине-2 Прямі материальні виробничі витрати крім зворотніх відходів | D134: Обл. НДС Лист г/к 4*1500*6000 мм Надходження товарів і послуг ІБ00-000537 від 13.02.2025 18:05:04 Цех екстракції (Глобине) | E134: 231 | H134: 205 | I134: 5072.37 | K134: Д | L134: 7027534.2
... A137: 19.02.2025 | B137: Вимога-накладна ІБ00-000076 від 19.02.2025 17:00:25 Списаны ТМЦ | C137: Обл. НДС Виробничий (Глобине-2) Глобине-2 Прямі материальні виробничі витрати крім зворотніх відходів | D137: Обл. НДС Лист г/к 20,0 мм 2000*6000, S235 JR Надходження товарів і послуг ІБ00-006501 від 30.12.2024 12:00:00 Цех екстракції (Глобине) | E137: 231 | H137: 205 | I137: 53546.69 | K137: Д | L137: 6967001.1
A138: 19.02.2025 | B138: Надходження товарів і послуг ІБ00-000589 від 19.02.2025 18:22:16 Оприходованы ТМЦ | C138: Обл. НДС Бетон С20/25 W6 F75 P4 доб-10 Надходження товарів і послуг ІБ00-000589 від 19.02.2025 18:22:16 Цех екстракції (Глобине) | D138: Кременчуцький річковий порт ПРАТ Договір 112/Б від 15.10.2024_Глобине-2 Надходження товарів і послуг ІБ00-000589 від 19.02.2025 18:22:16 | E138: 205 | F138: 25697.5 | H138: 631 | K138: Д | L138: 6992698.6
A139: 19.02.2025 | B139: Надходження дод. витрат ІБ00-000088 від 19.02.2025 18:22:17 Доп. расходы при поступлении товаров | C139: Обл. НДС Бетон С20/25 W6 F75 P4 доб-10 Надходження товарів і послуг ІБ00-000589 від 19.02.2025 18:22:16 Цех екстракції (Глобине) | D139: Кременчуцький річковий порт ПРАТ Договір 112/Б від 15.10.2024_Глобине-2 Надходження дод. витрат ІБ00-000088 від 19.02.2025 18:22:17 | E139: 205 | F139: 7370 | H139: 631 | K139: Д | L139: 7000068.6
A140: 19.02.2025 | B140: Надходження товарів і послуг ІБ00-000716 від 19.02.2025 18:22:45 Оприходованы ТМЦ | C140: Обл. НДС Труба 40*40*3 мм 08кп/1-3 пс, L=6 м Надходження товарів і послуг ІБ00-000716 від 19.02.2025 18:22:45 Цех екстракції (Глобине) | D140: МЕТІНВЕСТ-СМЦ ТОВ №1778403/01/2023-С от 11.01.2023 РАХУНКИ_Глобино-2 Рахунок на оплату постачальника ІБ00-000648 від 19.02.2025 18:22:44 | E140: 205 | F140: 67170.83 | H140: 631 | K140: Д | L140: 7067239.4
A141: 19.02.2025 | B141: Надходження товарів і послуг ІБ00-000716 від 19.02.2025 18:22:45 Оприходованы ТМЦ | C141: Обл. НДС Труба профільна 80*80*4 L=12 м Надходження товарів і послуг ІБ00-000716 від 19.02.2025 18:22:45 Цех екстракції (Глобине) | D141: МЕТІНВЕСТ-СМЦ ТОВ №1778403/01/2023-С от 11.01.2023 РАХУНКИ_Глобино-2 Рахунок на оплату постачальника ІБ00-000648 від 19.02.2025 18:22:44 | E141: 205 | F141: 3144.17 | H141: 631 | K141: Д | L141: 7070383.6
A142: 19.02.2025 | B142: Надходження товарів і послуг ІБ00-000716 від 19.02.2025 18:22:45 Оприходованы ТМЦ | C142: Обл. НДС Труба 40*20*2 L=6 м стS235JRH Надходження товарів і послуг ІБ00-000716 від 19.02.2025 18:22:45 Цех екстракції (Глобине) | D142: МЕТІНВЕСТ-СМЦ ТОВ №1778403/01/2023-С от 11.01.2023 РАХУНКИ_Глобино-2 Рахунок на оплату постачальника ІБ00-000648 від 19.02.2025 18:22:44 | E142: 205 | F142: 11433.33 | H142: 631 | K142: Д | L142: 7081816.9
A143: 19.02.2025 | B143: Надходження товарів і послуг ІБ00-000717 від 19.02.2025 18:22:46 Оприходованы ТМЦ | C143: Обл. НДС Кутник 75*75 мм 6,0 мм, S235 JR 12 м Надходження товарів і послуг ІБ00-000717 від 19.02.2025 18:22:46 Цех екстракції (Глобине) | D143: МЕТІНВЕСТ-СМЦ ТОВ №1778403/01/2023-С от 11.01.2023 РАХУНКИ_Глобино-2 Рахунок на оплату постачальника ІБ00-000648 від 19.02.2025 18:22:44 | E143: 205 | F143: 2210 | H143: 631 | K143: Д | L143: 7084026.9
A144: 19.02.2025 | B144: Надходження товарів і послуг ІБ00-000717 від 19.02.2025 18:22:46 Оприходованы ТМЦ | C144: Обл. НДС Кутики 100х100х7 мм; ст. 3пс5; 12 м Надходження товарів і послуг ІБ00-000717 від 19.02.2025 18:22:46 Цех екстракції (Глобине) | D144: МЕТІНВЕСТ-СМЦ ТОВ №1778403/01/2023-С от 11.01.2023 РАХУНКИ_Глобино-2 Рахунок на оплату постачальника ІБ00-000648 від 19.02.2025 18:22:44 | E144: 205 | F144: 7683.75 | H144: 631 | K144: Д | L144: 7091710.6
A145: 19.02.2025 | B145: Надходження товарів і послуг ІБ00-000717 від 19.02.2025 18:22:46 Оприходованы ТМЦ | C145: Обл. НДС Швелер 20П L= 12м Надходження товарів і послуг ІБ00-000717 від 19.02.2025 18:22:46 Цех екстракції (Глобине) | D145: МЕТІНВЕСТ-СМЦ ТОВ №1778403/01/2023-С от 11.01.2023 РАХУНКИ_Глобино-2 Рахунок на оплату постачальника ІБ00-000648 від 19.02.2025 18:22:44 | E145: 205 | F145: 35151.29 | H145: 631 | K145: Д | L145: 7126861.9
A146: 19.02.2025 | B146: Надходження товарів і послуг ІБ00-000717 від 19.02.2025 18:22:46 Оприходованы ТМЦ | C146: Обл. НДС Лист г/к 12*1500*6000 мм 3 пс Надходження товарів і послуг ІБ00-000717 від 19.02.2025 18:22:46 Цех екстракції (Глобине) | D146: МЕТІНВЕСТ-СМЦ ТОВ №1778403/01/2023-С от 11.01.2023 РАХУНКИ_Глобино-2 Рахунок на оплату постачальника ІБ00-000648 від 19.02.2025 18:22:44 | E146: 205 | F146: 503235.39 | H146: 631 | K146: Д | L146: 7630097.3
A147: 19.02.2025 | B147: Надходження товарів і послуг ІБ00-000719 від 19.02.2025 18:22:47 Оприходованы ТМЦ | C147: Обл. НДС Труба 100х100х5 мм; ст. 3пс5; 12 м Надходження товарів і послуг ІБ00-000719 від 19.02.2025 18:22:47 Цех екстракції (Глобине) | D147: МЕТІНВЕСТ-СМЦ ТОВ №1778403/01/2023-С от 11.01.2023 РАХУНКИ_Глобино-2 Рахунок на оплату постачальника ІБ00-000646 від 20.02.2025 18:11:43 | E147: 205 | F147: 251285 | H147: 631 | K147: Д | L147: 7881382.3
A148: 19.02.2025 | B148: Надходження товарів і послуг ІБ00-000722 від 19.02.2025 18:22:48 Оприходованы ТМЦ | C148: Обл. НДС Швелер 20П міра 12,00 м Надходження товарів і послуг ІБ00-000722 від 19.02.2025 18:22:48 Цех екстракції (Глобине) | D148: МЕТІНВЕСТ-СМЦ ТОВ №1778403/01/2023-С от 11.01.2023 РАХУНКИ_Глобино-2 Рахунок на оплату постачальника ІБ00-000646 від 20.02.2025 18:11:43 | E148: 205 | F148: 8689.08 | H148: 631 | K148: Д | L148: 7890071.4
A149: 19.02.2025 | B149: Надходження товарів і послуг ІБ00-000722 від 19.02.2025 18:22:48 Оприходованы ТМЦ | C149: Обл. НДС Лист г/к 14*1500*6000, 1-3 пс/сп 5 кат Надходження товарів і послуг ІБ00-000722 від 19.02.2025 18:22:48 Цех екстракції (Глобине) | D149: МЕТІНВЕСТ-СМЦ ТОВ №1778403/01/2023-С от 11.01.2023 РАХУНКИ_Глобино-2 Рахунок на оплату постачальника ІБ00-000646 від 20.02.2025 18:11:43 | E149: 205 | F149: 251056.36 | H149: 631 | K149: Д | L149: 8141127.8
... A153: 19.02.2025 | B153: Надходження товарів і послуг ІБ00-000724 від 19.02.2025 18:22:51 Оприходованы ТМЦ | C153: Обл. НДС Труба 40*20*2 L=6 м стS235JRH Надходження товарів і послуг ІБ00-000724 від 19.02.2025 18:22:51 Цех екстракції (Глобине) | D153: МЕТІНВЕСТ-СМЦ ТОВ №1778403/01/2023-С от 11.01.2023 РАХУНКИ_Глобино-2 Рахунок на оплату постачальника ІБ00-000646 від 20.02.2025 18:11:43 | E153: 205 | F153: 3858.75 | H153: 631 | K153: Д | L153: 8801110.4
A154: 20.02.2025 | B154: Списання товарів ІБ00-000078 від 20.02.2025 00:00:00 Списаны ТМЦ | C154: Обл. НДС Виробничий (Глобине-2) Глобине-2 Прямі материальні виробничі витрати крім зворотніх відходів | D154: Обл. НДС Дріт 1,2 мм Н-О-Ч Надходження товарів і послуг ІБ00-000069 від 13.01.2025 17:25:04 Цех екстракції (Глобине) | E154: 231 | H154: 205 | I154: 1615 | K154: Д | L154: 8799495.4
A155: 20.02.2025 | B155: Вимога-накладна ІБ00-000108 від 20.02.2025 00:00:00 Списаны ТМЦ | C155: Обл. НДС Виробничий (Глобине-2) Глобине-2 Прямі материальні виробничі витрати крім зворотніх відходів | D155: Обл. НДС Бетон С20/25 W6 F75 P4 доб-10 Надходження товарів і послуг ІБ00-000545 від 15.02.2025 10:00:05 Цех екстракції (Глобине) | E155: 231 | H155: 205 | I155: 3599.87 | K155: Д | L155: 8795895.6
A156: 20.02.2025 | B156: Вимога-накладна ІБ00-000108 від 20.02.2025 00:00:00 Списаны ТМЦ | C156: Обл. НДС Виробничий (Глобине-2) Глобине-2 Прямі материальні виробничі витрати крім зворотніх відходів | D156: Обл. НДС Бетон С20/25 W6 F75 P4 доб-10 Надходження товарів і послуг ІБ00-000545 від 15.02.2025 10:00:05 Цех екстракції (Глобине) | E156: 231 | H156: 205 | I156: 14306.43 | K156: Д | L156: 8781589.1
A157: 20.02.2025 | B157: Вимога-накладна ІБ00-000108 від 20.02.2025 00:00:00 Списаны ТМЦ | C157: Обл. НДС Виробничий (Глобине-2) Глобине-2 Прямі материальні виробничі витрати крім зворотніх відходів | D157: Обл. НДС Бетон С20/25 W6 F75 P4 доб-10 Надходження товарів і послуг ІБ00-000589 від 19.02.2025 18:22:16 Цех екстракції (Глобине) | E157: 231 | H157: 205 | I157: 4893.99 | K157: Д | L157: 8776695.1
A158: 20.02.2025 | B158: Вимога-накладна ІБ00-000108 від 20.02.2025 00:00:00 Списаны ТМЦ | C158: Обл. НДС Виробничий (Глобине-2) Глобине-2 Прямі материальні виробничі витрати крім зворотніх відходів | D158: Обл. НДС Бетон С20/25 W6 F75 P4 доб-15 Надходження товарів і послуг ІБ00-000541 від 13.02.2025 18:05:07 Цех екстракції (Глобине) | E158: 231 | H158: 205 | I158: 35954.04 | K158: Д | L158: 8740741.1
A159: 20.02.2025 | B159: Вимога-накладна ІБ00-000108 від 20.02.2025 00:00:00 Списаны ТМЦ | C159: Обл. НДС Виробничий (Глобине-2) Глобине-2 Прямі материальні виробничі витрати крім зворотніх відходів | D159: Обл. НДС Бетон С20/25 W6 F75 P4 доб-10 Надходження товарів і послуг ІБ00-000589 від 19.02.2025 18:22:16 Цех екстракції (Глобине) | E159: 231 | H159: 205 | I159: 8214.66 | K159: Д | L159: 8732526.4
A160: 20.02.2025 | B160: Вимога-накладна ІБ00-000114 від 20.02.2025 00:00:00 Списаны ТМЦ | C160: Обл. НДС Виробничий (Глобине-2) Глобине-2 Прямі материальні виробничі витрати крім зворотніх відходів | D160: Обл. НДС Труба профільна 100*100*5 мм, 12 м Надходження товарів і послуг ІБ00-000520 від 11.02.2025 18:10:01 Цех екстракції (Глобине) | E160: 231 | H160: 205 | I160: 151342.39 | K160: Д | L160: 8581184
A161: 20.02.2025 | B161: Вимога-накладна ІБ00-000114 від 20.02.2025 00:00:00 Списаны ТМЦ | C161: Обл. НДС Виробничий (Глобине-2) Глобине-2 Прямі материальні виробничі витрати крім зворотніх відходів | D161: Обл. НДС Труба профільна100х100 мм 5,0 мм, 12 м Надходження товарів і послуг ІБ00-006404 від 23.12.2024 17:16:10 Цех екстракції (Глобине) | E161: 231 | H161: 205 | I161: 3818.52 | K161: Д | L161: 8577365.5
A162: 20.02.2025 | B162: Вимога-накладна ІБ00-000114 від 20.02.2025 00:00:00 Списаны ТМЦ | C162: Обл. НДС Виробничий (Глобине-2) Глобине-2 Прямі материальні виробничі витрати крім зворотніх відходів | D162: Обл. НДС Балка 20 ІРЕ200 12м S275JR Надходження товарів і послуг ІБ00-005333 від 28.10.2024 17:55:20 Цех екстракції (Глобине) | E162: 231 | H162: 205 | I162: 72479.38 | K162: Д | L162: 8504886.1
A163: 20.02.2025 | B163: Вимога-накладна ІБ00-000114 від 20.02.2025 00:00:00 Списаны ТМЦ | C163: Обл. НДС Виробничий (Глобине-2) Глобине-2 Прямі материальні виробничі витрати крім зворотніх відходів | D163: Обл. НДС Балка 20 ІРЕ200 12м S275JR Надходження товарів і послуг ІБ00-006504 від 30.12.2024 12:00:00 Цех екстракції (Глобине) | E163: 231 | H163: 205 | I163: 18739.32 | K163: Д | L163: 8486146.8
A164: 20.02.2025 | B164: Вимога-накладна ІБ00-000114 від 20.02.2025 00:00:00 Списаны ТМЦ | C164: Обл. НДС Виробничий (Глобине-2) Глобине-2 Прямі материальні виробничі витрати крім зворотніх відходів | D164: Обл. НДС Балка 20 ІРЕ200 12м S275JR Надходження товарів і послуг ІБ00-000378 від 28.01.2025 23:21:42 Цех екстракції (Глобине) | E164: 231 | H164: 205 | I164: 98782.86 | K164: Д | L164: 8387364
A165: 20.02.2025 | B165: Вимога-накладна ІБ00-000114 від 20.02.2025 00:00:00 Списаны ТМЦ | C165: Обл. НДС Виробничий (Глобине-2) Глобине-2 Прямі материальні виробничі витрати крім зворотніх відходів | D165: Обл. НДС Кутник 75*75 мм 12 м Надходження товарів і послуг ІБ00-006410 від 23.12.2024 17:16:14 Цех екстракції (Глобине) | E165: 231 | H165: 205 | I165: 1043.42 | K165: Д | L165: 8386320.5
... A176: 20.02.2025 | B176: Вимога-накладна ІБ00-000085 від 20.02.2025 18:11:02 Списаны ТМЦ | C176: Обл. НДС Виробничий (Глобине-2) Глобине-2 Прямі материальні виробничі витрати крім зворотніх відходів | D176: Обл. НДС Кутник 75*75 мм 6,0 мм, S235 JR 12 м Надходження товарів і послуг ІБ00-000537 від 13.02.2025 18:05:04 Цех екстракції (Глобине) | E176: 231 | H176: 205 | I176: 2080 | K176: Д | L176: 8085344
A177: 20.02.2025 | B177: Надходження товарів і послуг ІБ00-000712 від 20.02.2025 18:11:44 Оприходованы ТМЦ | C177: Обл. НДС Швелер 22П ст.1-3сп/пс 5, L= 12м Надходження товарів і послуг ІБ00-000712 від 20.02.2025 18:11:44 Цех екстракції (Глобине) | D177: МЕТІНВЕСТ-СМЦ ТОВ №1778403/01/2023-С от 11.01.2023 РАХУНКИ_Глобино-2 Рахунок на оплату постачальника ІБ00-000646 від 20.02.2025 18:11:43 | E177: 205 | F177: 121137.62 | H177: 631 | K177: Д | L177: 8206481.6
A178: 20.02.2025 | B178: Надходження товарів і послуг ІБ00-000712 від 20.02.2025 18:11:44 Оприходованы ТМЦ | C178: Обл. НДС Швелер 24П міра 12,00 м Надходження товарів і послуг ІБ00-000712 від 20.02.2025 18:11:44 Цех екстракції (Глобине) | D178: МЕТІНВЕСТ-СМЦ ТОВ №1778403/01/2023-С от 11.01.2023 РАХУНКИ_Глобино-2 Рахунок на оплату постачальника ІБ00-000646 від 20.02.2025 18:11:43 | E178: 205 | F178: 775667.61 | H178: 631 | K178: Д | L178: 8982149.2
A179: 20.02.2025 | B179: Надходження товарів і послуг ІБ00-000712 від 20.02.2025 18:11:44 Оприходованы ТМЦ | C179: Обл. НДС Лист г/к 30*2000*6000, 1-3пс/сп 5 кат. Надходження товарів і послуг ІБ00-000712 від 20.02.2025 18:11:44 Цех екстракції (Глобине) | D179: МЕТІНВЕСТ-СМЦ ТОВ №1778403/01/2023-С от 11.01.2023 РАХУНКИ_Глобино-2 Рахунок на оплату постачальника ІБ00-000646 від 20.02.2025 18:11:43 | E179: 205 | F179: 101816.68 | H179: 631 | K179: Д | L179: 9083965.9
A180: 20.02.2025 | B180: Надходження товарів і послуг ІБ00-000713 від 20.02.2025 18:11:45 Оприходованы ТМЦ | C180: Обл. НДС Швелер 16 ст.3 пс 5, 12м Надходження товарів і послуг ІБ00-000713 від 20.02.2025 18:11:45 Цех екстракції (Глобине) | D180: МЕТІНВЕСТ-СМЦ ТОВ №1778403/01/2023-С от 11.01.2023 РАХУНКИ_Глобино-2 Рахунок на оплату постачальника ІБ00-000646 від 20.02.2025 18:11:43 | E180: 205 | F180: 33571.46 | H180: 631 | K180: Д | L180: 9117537.3
A181: 20.02.2025 | B181: Надходження товарів і послуг ІБ00-000713 від 20.02.2025 18:11:45 Оприходованы ТМЦ | C181: Обл. НДС Швелер 22П ст.1-3сп/пс 5, L= 12м Надходження товарів і послуг ІБ00-000713 від 20.02.2025 18:11:45 Цех екстракції (Глобине) | D181: МЕТІНВЕСТ-СМЦ ТОВ №1778403/01/2023-С от 11.01.2023 РАХУНКИ_Глобино-2 Рахунок на оплату постачальника ІБ00-000646 від 20.02.2025 18:11:43 | E181: 205 | F181: 774700.45 | H181: 631 | K181: Д | L181: 9892237.8
A182: 20.02.2025 | B182: Надходження товарів і послуг ІБ00-000713 від 20.02.2025 18:11:45 Оприходованы ТМЦ | C182: Обл. НДС Лист г/к 10*1500*6000 1-3 сп/пс Надходження товарів і послуг ІБ00-000713 від 20.02.2025 18:11:45 Цех екстракції (Глобине) | D182: МЕТІНВЕСТ-СМЦ ТОВ №1778403/01/2023-С от 11.01.2023 РАХУНКИ_Глобино-2 Рахунок на оплату постачальника ІБ00-000646 від 20.02.2025 18:11:43 | E182: 205 | F182: 139772.02 | H182: 631 | K182: Д | L182: 10032010
A183: 21.02.2025 | B183: Надходження товарів і послуг ІБ00-000714 від 21.02.2025 18:25:55 Оприходованы ТМЦ | C183: Обл. НДС Лист г/к 14*1500*6000, 1-3 пс/сп 5 кат Надходження товарів і послуг ІБ00-000714 від 21.02.2025 18:25:55 Цех екстракції (Глобине) | D183: МЕТІНВЕСТ-СМЦ ТОВ №1778403/01/2023-С от 11.01.2023 РАХУНКИ_Глобино-2 Рахунок на оплату постачальника ІБ00-000647 від 21.02.2025 18:25:54 | E183: 205 | F183: 84200.01 | H183: 631 | K183: Д | L183: 10116210
...

Sheet Цех_Глобино
A1: Період | B1: Документ | C1: Аналітика Дт | D1: Аналітика Кт | E1: Дебет | H1: Кредит | K1: Поточне сальдо
E2: Рахунок | H2: Рахунок
