Workbook

Sheet Акты заказчика
A1: Есть файлы | B1: Оригинал | C1: Дата | D1: Номер | E1: Контрагент | F1: Сума | G1: Валюта | H1: Підрозділ | I1: Організація | J1: Відповідальний | K1: Коментар
A2: 1 | B2: Да | C2: 08.01.2024 12:00:04 | D2: ІБ00-000002 | E2: Вінницька птахофабрика ВКВК філія ТОВ | F2: 264364.68 | G2: грн | H2: Виробничий (Ладижин) | I2: ТОВ "ІНДАСТРІАЛБУД" | J2: Хлань Елена | K2: Акт №18
A3: 1 | B3: Да | C3: 09.01.2024 17:54:37 | D3: ІБ00-000004 | E3: Вінницька птахофабрика ВКВК філія ТОВ | F3: 993329.12 | G3: грн | H3: Виробничий (Ладижин) | I3: ТОВ "ІНДАСТРІАЛБУД" | J3: Хлань Елена | K3: Акт №19
A4: 1 | B4: Да | C4: 10.01.2024 16:57:58 | D4: ІБ00-000003 | E4: Вінницька птахофабрика ВКВК філія ТОВ | F4: 523790.94 | G4: грн | H4: Виробничий (Ладижин) | I4: ТОВ "ІНДАСТРІАЛБУД" | J4: Хлань Елена | K4: Акт №20
A5: 1 | B5: Нет | C5: 12.01.2024 08:37:05 | D5: ІБ00-000001 | E5: Старокостянтинівський олійноекстраційний завод ТОВ | F5: =345321.58*0 -> 0 | G5: грн | H5: Виробничий (Старокостянтинів | I5: ТОВ "ІНДАСТРІАЛБУД" | J5: Хлань Елена | K5: Акт 8( не під) Договір Підряду №4.2–ВО-СтОЕЗ від 11.04.2023
A6: 1 | B6: Да | C6: 12.01.2024 18:03:49 | D6: ІБ00-000011 | E6: АВІА ВЕНЧУРС ТОВ | F6: 323673.22 | G6: грн | H6: Виробничий (Крушинка) | I6: ТОВ "ІНДАСТРІАЛБУД" | J6: Хлань Елена
A7: 1 | B7: Да | C7: 12.01.2024 18:03:50 | D7: ІБ00-000012 | E7: АВІА ВЕНЧУРС ТОВ | F7: 1660579 | G7: грн | H7: Виробничий (Крушинка) | I7: ТОВ "ІНДАСТРІАЛБУД" | J7: Хлань Елена | K7: акт №12 за січень 2024
A8: 1 | B8: Да | C8: 12.01.2024 18:03:51 | D8: ІБ00-000013 | E8: АВІА ВЕНЧУРС ТОВ | F8: 117953.48 | G8: грн | H8: Виробничий (Крушинка) | I8: ТОВ "ІНДАСТРІАЛБУД" | J8: Хлань Елена | K8: акт №1 за січень 2024
A9: 1 | B9: Да | C9: 12.01.2024 18:03:52 | D9: ІБ00-000022 | E9: АВІА ВЕНЧУРС ТОВ | F9: 2493224 | G9: грн | H9: Виробничий (Крушинка) | I9: ТОВ "ІНДАСТРІАЛБУД" | J9: Хлань Елена | K9: акт №13 за січень 2024
A10: 1 | B10: Да | C10: 16.01.2024 17:52:47 | D10: ІБ00-000006 | E10: Вінницька птахофабрика ВКВК філія ТОВ | F10: 522469.62 | G10: грн | H10: Виробничий (Ладижин) | I10: ТОВ "ІНДАСТРІАЛБУД" | J10: Хлань Елена | K10: Акт №21
A11: 1 | B11: Да | C11: 17.01.2024 18:00:01 | D11: ІБ00-000007 | E11: Вінницька птахофабрика ВКВК філія ТОВ | F11: 705329.3 | G11: грн | H11: Виробничий (Ладижин) | I11: ТОВ "ІНДАСТРІАЛБУД" | J11: Хлань Елена | K11: Акт №22
A12: 1 | B12: Да | C12: 19.01.2024 17:23:46 | D12: ІБ00-000005 | E12: Старокостянтинівський олійноекстраційний завод ТОВ | F12: 345321.58 | G12: грн | H12: Виробничий (Старокостянтинів | I12: ТОВ "ІНДАСТРІАЛБУД" | J12: Таншин Леонид | K12: Акт 8 Договір Підряду №4.2–ВО-СтОЕЗ від 11.04.2023 Матеріал Субпідрядника
A13: 1 | B13: Да | C13: 25.01.2024 20:00:08 | D13: ІБ00-000020 | E13: Вінницька птахофабрика ВКВК філія ТОВ | F13: 81232.76 | G13: грн | H13: Виробничий (Ладижин) | I13: ТОВ "ІНДАСТРІАЛБУД" | J13: Хлань Елена | K13: Акт №23
A14: 1 | B14: Да | C14: 26.01.2024 17:45:27 | D14: ІБ00-000023 | E14: АВІА ВЕНЧУРС ТОВ | F14: 487575.25 | G14: грн | H14: Виробничий (Крушинка) | I14: ТОВ "ІНДАСТРІАЛБУД" | J14: Хлань Елена | K14: (без матеріалів)акт №5 за січень 2024 ДУ № 2 ДОГОВІР ПІДРЯДУ № 20230815-3 від 15.08.2023
A15: 1 | B15: Да | C15: 29.01.2024 16:52:34 | D15: ІБ00-000021 | E15: Вінницька птахофабрика ВКВК філія ТОВ | F15: 95904.01 | G15: грн | H15: Виробничий (Ладижин) | I15: ТОВ "ІНДАСТРІАЛБУД" | J15: Хлань Елена | K15: Акт №24
F16: =SUM(F2:F15) -> 8614747
E18: Крушинка | F18: =F6+F7+F8+F9+F14 -> 5083005
E19: Ладижин-3 | F19: =F2+F3+F4+F10+F11+F13+F15 -> 3186420.4
E20: Староконстантинов | F20: =F12 -> 345321.58
E21: ВСЕГО | F21: =SUM(F18:F20) -> 8614747
F22: =F21-F16 -> 0

Sheet Списание стройматериалов
A1: Дата | B1: Номер | C1: Склад | D1: Сумма без НДС | E1: Сумма С НДС | F1: Підрозділ | G1: Відповідальний | H1: Коментар
A2: 09.01.2024 17:54:48 | B2: ІБ00-000012 | C2: Ладижин-3 | D2: =ВаловаяПрибыль!D18 -> 686941.1 | E2: =D2*1.2 -> 824329.32 | F2: Виробничий (Ладижин) | G2: Хлань Елена
A3: 12.01.2024 18:03:53 | B3: ІБ00-000023 | C3: Крушинка | D3: =ВаловаяПрибыль!D6 -> 773648.55 | E3: =D3*1.2 -> 928378.26 | F3: Виробничий (Крушинка) | G3: Хлань Елена
A4: 12.01.2024 18:03:57 | B4: ІБ00-000024 | C4: Крушинка | D4: =ВаловаяПрибыль!D7 -> 1106187.5 | E4: =D4*1.2 -> 1327425 | F4: Виробничий (Крушинка) | G4: Хлань Елена | H4: ІБ00-000022 від 12.01.2024
A5: 12.01.2024 18:04:01 | B5: ІБ00-000027 | C5: Крушинка | D5: =ВаловаяПрибыль!D9 -> 175841.07 | E5: =D5*1.2 -> 211009.28 | F5: Виробничий (Крушинка) | G5: Хлань Елена | H5: ІБ00-000011 від 12.01.2024
A6: 15.01.2024 20:00:00 | B6: ІБ00-000013 | C6: Ладижин-3 | D6: =ВаловаяПрибыль!D16+ВаловаяПрибыль!D17 -> 139062.58 | E6: =D6*1.2 -> 166875.1 | F6: Виробничий (Ладижин) | G6: Хлань Елена
A7: 17.01.2024 20:00:00 | B7: ІБ00-000011 | C7: Ладижин-3 | D7: =ВаловаяПрибыль!D20+ВаловаяПрибыль!D19 -> 561372.13 | E7: =D7*1.2 -> 673646.56 | F7: Виробничий (Ладижин) | G7: Хлань Елена
A8: 19.01.2024 18:04:04 | B8: ІБ00-000028 | C8: Крушинка | D8: =ВаловаяПрибыль!D13 -> 33221.39 | E8: =D8*1.2 -> 39865.668 | F8: Виробничий (Крушинка) | G8: Хлань Елена
A9: 25.01.2024 00:00:00 | B9: ІБ00-000016 | C9: Ладижин-3 | D9: =ВаловаяПрибыль!D21+ВаловаяПрибыль!D22 -> 64119.34 | E9: =D9*1.2 -> 76943.208 | F9: Виробничий (Ладижин) | G9: Хлань Елена
A10: 31.01.2024 00:00:00 | B10: ІБ00-000014 | C10: Придніпровський МЕЗ-2 | D10: 422.4 | E10: =D10*1.2 -> 506.88 | F10: Учли в PL объекта при закрытии | G10: Шостак Жанета | H10: ВІДМІНА 30.11 Досписання Акт №12 від 29.03.23 договір підряду №12-10/21 від 12.10.2021 р. Дод. угода №6 сума 55 204,37 Влашт. отворів під інж. комунікації не погоджено
A11: 31.01.2024 00:00:00 | B11: ІБ00-000015 | C11: Придніпровський МЕЗ-2 | D11: 510 | E11: =D11*1.2 -> 612 | F11: Учли в PL объекта при закрытии | G11: Шостак Жанета | H11: Досписання Акт №15 від 13.07.23 договір підряду №12-10/21 від 12.10.2021 р. сума 7 236,00
D12: =SUM(D2:D11) -> 3541326.1 | E12: =SUM(E2:E11) -> 4249591.3
D14: =-ВаловаяПрибыль!D26 -> -3540393.7
D15: =D12+D14 -> 932.4
D16: =-D10-D11 -> -932.4
D17: =SUM(D15:D16) -> -5.5877081e-10
C19: Крушинка | D19: =D3+D4+D5+D8 -> 2088898.5 | E19: =E3+E4+E5+E8 -> 2506678.2
C20: Ладижин-3 | D20: =D2+D6+D7+D9 -> 1451495.2 | E20: =E2+E6+E7+E9 -> 1741794.2
D21: =SUM(D19:D20) -> 3540393.7 | E21: =SUM(E19:E20) -> 4248472.4
D22: =D21+D14 -> 0

Sheet ВаловаяПрибыль
A1: Контрагент | B1: Дохід | C1: ПДВ | D1: Собівартість | E1: Субпідряд
A2: Договір
A3: Акт
A4: АВІА ВЕНЧУРС ТОВ | B4: 5083005 | C4: 847167.5 | D4: =2378944.73-E10 -> 2088898.5 | E4: =E10 -> 290046.19
A5: ДОГОВІР ПІДРЯДУ № 20230815-3 від 15.08.2023 | B5: 4153803.1 | C5: 692300.51 | D5: 1879836.1
A6: Надання виробничих послуг ІБ00-000012 от 12.01.2024 18:03:50 | B6: 1660579 | C6: 276763.17 | D6: 773648.55 | F6: 773648.55 | G6: =F6-D6 -> 0
A7: Надання виробничих послуг ІБ00-000022 от 12.01.2024 18:03:52 | B7: 2493224 | C7: 415537.34 | D7: 1106187.5 | F7: 1106187.5 | G7: =F7-D7 -> 0
A8: ДУ № 1 від 27.11.2023 року ДОГОВІР F-20231127-1 | B8: 323673.22 | C8: 53945.54 | D8: 175841.07
A9: Надання виробничих послуг ІБ00-000011 от 12.01.2024 18:03:49 | B9: 323673.22 | C9: 53945.54 | D9: 175841.07 | F9: 175841.07 | G9: =F9-D9 -> 0
A10: ДУ № 2 ДОГОВІР ПІДРЯДУ № 20230815-3 від 15.08.2023 | B10: 487575.25 | C10: 81262.54 | E10: 290046.19
A11: Надання виробничих послуг ІБ00-000023 от 26.01.2024 17:45:27 | B11: 487575.25 | C11: 81262.54 | E11: 290046.19
A12: ДУ № 4 ДОГОВІР ПІДРЯДУ № 20230815-3 від 15.08.2023 | B12: 117953.48 | C12: 19658.91 | D12: 33221.39
A13: Надання виробничих послуг ІБ00-000013 от 12.01.2024 18:03:51 | B13: 117953.48 | C13: 19658.91 | D13: 33221.39 | F13: 33221.39 | G13: =F13-D13 -> 0
A14: Вінницька птахофабрика ВКВК філія ТОВ | B14: 3186420.4 | C14: 531070.06 | D14: 1451495.1
A15: Договір №2909/2023/ЛА від 29.09.2023 року | B15: 3186420.4 | C15: 531070.06 | D15: 1451495.1 | F15: Требование накладная | G15: Списание
A16: Надання виробничих послуг ІБ00-000002 от 08.01.2024 12:00:04 | B16: 264364.68 | C16: 44060.78 | D16: 138572.08 | F16: 135562.98 | G16: =F16-D16 -> -3009.1
A17: Надання виробничих послуг ІБ00-000003 от 10.01.2024 16:57:58 | B17: 523790.94 | C17: 87298.49 | D17: 490.5 | G17: =F17-D17 -> -490.5
A18: Надання виробничих послуг ІБ00-000004 от 09.01.2024 17:54:37 | B18: 993329.12 | C18: 165554.85 | D18: 686941.1 | F18: 686941.1 | G18: =F18-D18 -> 0
A19: Надання виробничих послуг ІБ00-000006 от 16.01.2024 17:52:47 | B19: 522469.62 | C19: 87078.27 | D19: 7 | G19: =F19-D19 -> -7
A20: Надання виробничих послуг ІБ00-000007 от 17.01.2024 18:00:01 | B20: 705329.3 | C20: 117554.88 | D20: 561365.13 | F20: 559957.13 | G20: =F20-D20 -> -1408
A21: Надання виробничих послуг ІБ00-000020 от 25.01.2024 20:00:08 | B21: 81232.76 | C21: 13538.79 | D21: 64071.34 | F21: 62988 | G21: =F21-D21 -> -1083.34
A22: Надання виробничих послуг ІБ00-000021 от 29.01.2024 16:52:34 | B22: 95904.01 | C22: 15984 | D22: 48 | G22: =F22-D22 -> -48
A23: Старокостянтинівський олійноекстраційний завод ТОВ | B23: 345321.58 | C23: 57553.6 | E23: 143885.16
A24: Договір Підряду №4.2–ВО-СтОЕЗ від 11.04.2023 | B24: 345321.58 | C24: 57553.6 | E24: 143885.16
A25: Надання виробничих послуг ІБ00-000005 от 19.01.2024 17:23:46 | B25: 345321.58 | C25: 57553.6 | E25: 143885.16
A26: Итого | B26: 8614747 | C26: 1435791.2 | D26: =D14+D4 -> 3540393.7 | E26: =E23+E4 -> 433931.35

Sheet Услуги_сторонних
A1: Дата | B1: Номер | C1: Вид операції | D1: Сума | E1: Валюта | F1: Склад | G1: Контрагент | H1: Дата вх. | I1: Номер вх. | J1: Договір | K1: Документ розрахунків | L1: Організація | M1: Відповідальний
A2: 09.01.2024 17:54:44 | B2: ІБ00-000113 | C2: Покупка, комісія | D2: 10080 | E2: грн | F2: Старокостянтинів | G2: ІНДЕПТ СТІЛ ТОВ | H2: 09.01.2024 | I2: 2 | J2: Договор 26/10-23-2 від 26.10.2023_Старкон | K2: Рахунок на оплату постачальника ІБ00-001111 от 13.11.2023 16:58:29 | L2: ТОВ "ІНДАСТРІАЛБУД" | M2: Шостак Жанета
A4: Дата | B4: Номер | C4: Вид операції | D4: Сума | E4: Валюта | F4: Склад | G4: Контрагент | H4: Дата вх. | I4: Номер вх. | J4: Договір | K4: Документ розрахунків | L4: Організація | M4: Відповідальний
A5: 19.01.2024 00:00:00 | B5: ІБ00-000140 | C5: Покупка, комісія | D5: 172662.19 | E5: грн | F5: Старокостянтинів | G5: БІГ КИЇВ"ТОВ | H5: 19.01.2024 | I5: 1 | J5: Договір 19-12/23 від 19.12.23_Старкон | K5: Рахунок на оплату постачальника ІБ00-001499 от 20.12.2023 16:46:28 | L5: ТОВ "ІНДАСТРІАЛБУД" | M5: Шостак Жанета
A6: 26.01.2024 17:45:29 | B6: ІБ00-000281 | C6: Покупка, комісія | D6: 348055.43 | E6: грн | F6: Крушинка | G6: ДНІПРО АКВАБУД ІНВЕСТ | H6: 26.01.2024 | I6: Акт 5 | J6: Дог№12/09 від 12.09.23 ДУ1_661 044,29_Крушинка | K6: Рахунок на оплату постачальника ІБ00-000314 от 26.01.2024 17:45:34 | L6: ТОВ "ІНДАСТРІАЛБУД" | M6: Шостак Жанета
