Workbook

Sheet Свод
B2: АПК (Глобине) | C2: =АПК!J60*1.2 -> 1110875.9
B3: Генплан благоустрій (Глобине) | C3: ='Генплан благоустрій'!J49*1.2 -> 162842.05
B4: Генплан дорога СПК (Глобине) | C4: ='Генплан дорога СПК'!J34 -> 0
B5: Генплан митний склад (Глобине) | C5: ='Генплан митний склад'!J17*1.2 -> 8953.836
B6: Генплан підпірна стінка (Глобине) | C6: ='Генплан підпірна стінка'!J11 -> 0
B7: Глобине-2 | C7: ='Глобине-2'!J169*1.2 -> 60007.524
B8: Котельна (Глобине) | C8: =Котельна!J32*1.2 -> 655.5
B9: Насосна Градирня (Глобине) | C9: ='Насосна Градирня'!J12 -> 0
B10: Пожежений резервуар (Глобине) | C10: ='Пож. резервуар'!J67*1.2 -> 764275.34
B11: Пункт фасування та зберігання в бігбегах (Глобине) | C11: =БигБеги!J36*1.2 -> 194434.32
B12: Резервуар для зберігання розчинника(Глобине) | C12: ='Резервуар розчин'!J50*1.2 -> 478068.59
B13: Резервуарний парк соєвої меляси (Глобине) | C13: ='Резервуарний соев мел'!J46*1.21 -> 205384.54
B14: СПК (Глобине) | C14: =СПК!J301*1.2 -> 4722773.1
B15: Транспортна галерея (Глобине) | C15: ='Транспортна галерея'!J67*1.2 -> 181126.67
B16: Цех екстракції (Глобине) | C16: ='Цех екстракції 205'!J712*1.2 -> 3559335
A18: 205.1 | B18: Цех екстракції (Глобине) | C18: ='Цех екстракції 205.1'!J14*1.2 -> 161433.84
B20: ВСЕГО | C20: =SUM(C2:C18) -> 11610166

Sheet АПК
A1: Період | B1: Документ | C1: Аналітика Дт | D1: Аналітика Кт | E1: Дебет | H1: Кредит | K1: Поточне сальдо
E2: Рахунок | H2: Рахунок
A3: 01.05.2025 | B3: Надходження товарів і послуг ІБ00-002184 від 01.05.2025 11:00:00 Оприходованы ТМЦ | C3: Обл. НДС Шнур бентонітовий ГІДРОСТОП 15*25 Надходження товарів і послуг ІБ00-002184 від 01.05.2025 11:00:00 АПК (Глобине) | D3: ПРОТЕКС УКРАЇНА Договір 9 від 11.12.2023_Глобине 2 Рахунок на оплату постачальника ІБ00-001780 від 01.05.2025 23:31:24 | E3: 205 | F3: 18285 | H3: 631 | K3: Д | L3: 357925.54
A4: 01.05.2025 | B4: Надходження товарів і послуг ІБ00-002184 від 01.05.2025 11:00:00 Оприходованы ТМЦ | C4: Обл. НДС Профіль кріпильний 25*15мм Надходження товарів і послуг ІБ00-002184 від 01.05.2025 11:00:00 АПК (Глобине) | D4: ПРОТЕКС УКРАЇНА Договір 9 від 11.12.2023_Глобине 2 Рахунок на оплату постачальника ІБ00-001780 від 01.05.2025 23:31:24 | E4: 205 | F4: 3727.5 | H4: 631 | K4: Д | L4: 361653.04
A5: 01.05.2025 | B5: Переміщення товарів ІБ00-000437 від 01.05.2025 11:10:00 Перемещение ТМЦ | C5: Обл. НДС Труба Дн 89*3 Надходження товарів і послуг ІБ00-002202 від 01.05.2025 11:00:00 АПК (Глобине) | D5: Обл. НДС Труба Дн 89*3 Надходження товарів і послуг ІБ00-002202 від 01.05.2025 11:00:00 Глобине-2 | E5: 205 | F5: 308.44 | H5: 205 | K5: Д | L5: 361961.48
A6: 01.05.2025 | B6: Переміщення товарів ІБ00-000437 від 01.05.2025 11:10:00 Перемещение ТМЦ | C6: Обл. НДС Труба Дн 108*5,0мм Надходження товарів і послуг ІБ00-002202 від 01.05.2025 11:00:00 АПК (Глобине) | D6: Обл. НДС Труба Дн 108*5,0мм Надходження товарів і послуг ІБ00-002202 від 01.05.2025 11:00:00 Глобине-2 | E6: 205 | F6: 287.87 | H6: 205 | K6: Д | L6: 362249.35
A7: 01.05.2025 | B7: Переміщення товарів ІБ00-000437 від 01.05.2025 11:10:00 Перемещение ТМЦ | C7: Обл. НДС Труба 127*5.0мм Надходження товарів і послуг ІБ00-002202 від 01.05.2025 11:00:00 АПК (Глобине) | D7: Обл. НДС Труба 127*5.0мм Надходження товарів і послуг ІБ00-002202 від 01.05.2025 11:00:00 Глобине-2 | E7: 205 | F7: 688.85 | H7: 205 | K7: Д | L7: 362938.2
A8: 01.05.2025 | B8: Переміщення товарів ІБ00-000437 від 01.05.2025 11:10:00 Перемещение ТМЦ | C8: Обл. НДС Труба 159*5.0мм Надходження товарів і послуг ІБ00-002202 від 01.05.2025 11:00:00 АПК (Глобине) | D8: Обл. НДС Труба 159*5.0мм Надходження товарів і послуг ІБ00-002202 від 01.05.2025 11:00:00 Глобине-2 | E8: 205 | F8: 1967.85 | H8: 205 | K8: Д | L8: 364906.05
A9: 01.05.2025 | B9: Переміщення товарів ІБ00-000437 від 01.05.2025 11:10:00 Перемещение ТМЦ | C9: Обл. НДС Труба 219*6 Надходження товарів і послуг ІБ00-002202 від 01.05.2025 11:00:00 АПК (Глобине) | D9: Обл. НДС Труба 219*6 Надходження товарів і послуг ІБ00-002202 від 01.05.2025 11:00:00 Глобине-2 | E9: 205 | F9: 1176.19 | H9: 205 | K9: Д | L9: 366082.24
A10: 01.05.2025 | B10: Переміщення товарів ІБ00-000437 від 01.05.2025 11:10:00 Перемещение ТМЦ | C10: Обл. НДС Труба 377*10,0 Надходження товарів і послуг ІБ00-002202 від 01.05.2025 11:00:00 АПК (Глобине) | D10: Обл. НДС Труба 377*10,0 Надходження товарів і послуг ІБ00-002202 від 01.05.2025 11:00:00 Глобине-2 | E10: 205 | F10: 2801.67 | H10: 205 | K10: Д | L10: 368883.91
A11: 01.05.2025 | B11: Переміщення товарів ІБ00-000437 від 01.05.2025 11:10:00 Перемещение ТМЦ | C11: Обл. НДС Труба 426*10,0мм Надходження товарів і послуг ІБ00-002202 від 01.05.2025 11:00:00 АПК (Глобине) | D11: Обл. НДС Труба 426*10,0мм Надходження товарів і послуг ІБ00-002202 від 01.05.2025 11:00:00 Глобине-2 | E11: 205 | F11: 10641.21 | H11: 205 | K11: Д | L11: 379525.12
A12: 01.05.2025 | B12: Переміщення товарів ІБ00-000430 від 01.05.2025 22:00:50 Перемещение ТМЦ | C12: Обл. НДС Прокат арматурний №12 мм А500С 12м Надходження товарів і послуг ІБ00-000546 від 14.02.2025 10:00:00 АПК (Глобине) | D12: Обл. НДС Прокат арматурний №12 мм А500С 12м Надходження товарів і послуг ІБ00-000546 від 14.02.2025 10:00:00 Пожежений резервуар (Глобине) | E12: 205 | F12: 8990 | H12: 205 | K12: Д | L12: 388515.12
A13: 01.05.2025 | B13: Вимога-накладна ІБ00-000362 від 01.05.2025 22:00:51 Списаны ТМЦ | C13: Обл. НДС Виробничий (Глобине-2) Глобине-2 Прямі материальні виробничі витрати крім зворотніх відходів | D13: Обл. НДС Прокат арматурний №12 мм А500С 12м Надходження товарів і послуг ІБ00-000546 від 14.02.2025 10:00:00 АПК (Глобине) | E13: 231 | H13: 205 | I13: 8990 | K13: Д | L13: 379525.12
A14: 03.05.2025 | B14: Переміщення товарів ІБ00-000395 від 03.05.2025 11:10:00 Перемещение ТМЦ | C14: Обл. НДС Бетон С20/25 W6 F75 P4 Надходження товарів і послуг ІБ00-002008 від 03.05.2025 11:00:00 АПК (Глобине) | D14: Обл. НДС Бетон С20/25 W6 F75 P4 Надходження товарів і послуг ІБ00-002008 від 03.05.2025 11:00:00 Глобине-2 | E14: 205 | F14: 163102.31 | H14: 205 | K14: Д | L14: 542627.43
A15: 08.05.2025 | B15: Переміщення товарів ІБ00-000448 від 08.05.2025 11:10:00 Перемещение ТМЦ | C15: Обл. НДС Пенекрит 25кг/відро Надходження товарів і послуг ІБ00-002340 від 08.05.2025 11:00:00 АПК (Глобине) | D15: Обл. НДС Пенекрит 25кг/відро Надходження товарів і послуг ІБ00-002340 від 08.05.2025 11:00:00 Глобине-2 | E15: 205 | F15: 4687.5 | H15: 205 | K15: Д | L15: 547314.93
A16: 10.05.2025 | B16: Переміщення товарів ІБ00-000428 від 10.05.2025 11:10:00 Перемещение ТМЦ | C16: Обл. НДС Бетон С20/25 W6 F75 P4 Надходження товарів і послуг ІБ00-002159 від 10.05.2025 11:00:00 АПК (Глобине) | D16: Обл. НДС Бетон С20/25 W6 F75 P4 Надходження товарів і послуг ІБ00-002159 від 10.05.2025 11:00:00 Глобине-2 | E16: 205 | F16: 192194.21 | H16: 205 | K16: Д | L16: 739509.14
A17: 14.05.2025 | B17: Надходження товарів і послуг ІБ00-002335 від 14.05.2025 11:00:00 Оприходованы ТМЦ | C17: Обл. НДС Фанера ламінована 1250*2500*21 мм кв м Надходження товарів і послуг ІБ00-002335 від 14.05.2025 11:00:00 АПК (Глобине) | D17: Пері Україна ТОВ Дог СО-24-0001187 від 01.03.2024 Глобине-2 Надходження товарів і послуг ІБ00-002335 від 14.05.2025 11:00:00 | E17: 205 | F17: 119332.5 | H17: 631 | K17: Д | L17: 858841.64
A18: 20.05.2025 | B18: Надходження товарів і послуг ІБ00-002353 від 20.05.2025 11:00:00 Оприходованы ТМЦ | C18: Обл. НДС Труба КАН внутр 110/2000 2,7мм Надходження товарів і послуг ІБ00-002353 від 20.05.2025 11:00:00 АПК (Глобине) | D18: Лук'янець Аліна Василівна ФОП РАХУНКИ_Глобине 2 Рахунок на оплату постачальника ІБ00-001967 від 19.05.2025 17:48:01 | E18: 205 | F18: 1449 | H18: 631 | K18: Д | L18: 860290.64
A19: 20.05.2025 | B19: Надходження товарів і послуг ІБ00-002353 від 20.05.2025 11:00:00 Оприходованы ТМЦ | C19: Обл. НДС Труба КАН внутр 110/1500 2,7мм Надходження товарів і послуг ІБ00-002353 від 20.05.2025 11:00:00 АПК (Глобине) | D19: Лук'янець Аліна Василівна ФОП РАХУНКИ_Глобине 2 Рахунок на оплату постачальника ІБ00-001967 від 19.05.2025 17:48:01 | E19: 205 | F19: 817 | H19: 631 | K19: Д | L19: 861107.64
A20: 20.05.2025 | B20: Надходження товарів і послуг ІБ00-002353 від 20.05.2025 11:00:00 Оприходованы ТМЦ | C20: Обл. НДС Труба КАН 110/500 внутр 2,7мм Надходження товарів і послуг ІБ00-002353 від 20.05.2025 11:00:00 АПК (Глобине) | D20: Лук'янець Аліна Василівна ФОП РАХУНКИ_Глобине 2 Рахунок на оплату постачальника ІБ00-001967 від 19.05.2025 17:48:01 | E20: 205 | F20: 1027.5 | H20: 631 | K20: Д | L20: 862135.14
A21: 20.05.2025 | B21: Надходження товарів і послуг ІБ00-002353 від 20.05.2025 11:00:00 Оприходованы ТМЦ | C21: Обл. НДС Труба 50/3000 внутр Надходження товарів і послуг ІБ00-002353 від 20.05.2025 11:00:00 АПК (Глобине) | D21: Лук'янець Аліна Василівна ФОП РАХУНКИ_Глобине 2 Рахунок на оплату постачальника ІБ00-001967 від 19.05.2025 17:48:01 | E21: 205 | F21: 687 | H21: 631 | K21: Д | L21: 862822.14
A22: 20.05.2025 | B22: Надходження товарів і послуг ІБ00-002353 від 20.05.2025 11:00:00 Оприходованы ТМЦ | C22: Обл. НДС Труба КАН 50/500 1,8мм внутріш Надходження товарів і послуг ІБ00-002353 від 20.05.2025 11:00:00 АПК (Глобине) | D22: Лук'янець Аліна Василівна ФОП РАХУНКИ_Глобине 2 Рахунок на оплату постачальника ІБ00-001967 від 19.05.2025 17:48:01 | E22: 205 | F22: 212 | H22: 631 | K22: Д | L22: 863034.14
A23: 20.05.2025 | B23: Надходження товарів і послуг ІБ00-002353 від 20.05.2025 11:00:00 Оприходованы ТМЦ | C23: Обл. НДС Коліно 110/90° внутр КАН Надходження товарів і послуг ІБ00-002353 від 20.05.2025 11:00:00 АПК (Глобине) | D23: Лук'янець Аліна Василівна ФОП РАХУНКИ_Глобине 2 Рахунок на оплату постачальника ІБ00-001967 від 19.05.2025 17:48:01 | E23: 205 | F23: 134 | H23: 631 | K23: Д | L23: 863168.14
A24: 20.05.2025 | B24: Надходження товарів і послуг ІБ00-002353 від 20.05.2025 11:00:00 Оприходованы ТМЦ | C24: Обл. НДС Коліно КАН. 50/90° внутріш Надходження товарів і послуг ІБ00-002353 від 20.05.2025 11:00:00 АПК (Глобине) | D24: Лук'янець Аліна Василівна ФОП РАХУНКИ_Глобине 2 Рахунок на оплату постачальника ІБ00-001967 від 19.05.2025 17:48:01 | E24: 205 | F24: 145 | H24: 631 | K24: Д | L24: 863313.14
A25: 20.05.2025 | B25: Надходження товарів і послуг ІБ00-002353 від 20.05.2025 11:00:00 Оприходованы ТМЦ | C25: Обл. НДС Трійник 110/110/90° Надходження товарів і послуг ІБ00-002353 від 20.05.2025 11:00:00 АПК (Глобине) | D25: Лук'янець Аліна Василівна ФОП РАХУНКИ_Глобине 2 Рахунок на оплату постачальника ІБ00-001967 від 19.05.2025 17:48:01 | E25: 205 | F25: 754 | H25: 631 | K25: Д | L25: 864067.14
... A28: 20.05.2025 | B28: Переміщення товарів ІБ00-000468 від 20.05.2025 21:00:01 Перемещение ТМЦ | C28: Обл. НДС Шпонка гідроізоляційна ВР 200 20м п Надходження товарів і послуг ІБ00-000524 від 01.02.2025 18:10:19 АПК (Глобине) | D28: Обл. НДС Шпонка гідроізоляційна ВР 200 20м п Надходження товарів і послуг ІБ00-000524 від 01.02.2025 18:10:19 Резервуарний парк соєвої меляси (Глобине) | E28: 205 | F28: 3178.5 | H28: 205 | K28: Д | L28: 871458.14
A29: 22.05.2025 | B29: Вимога-накладна ІБ00-000372 від 22.05.2025 13:18:42 Списаны ТМЦ | C29: Обл. НДС Виробничий (Глобине-2) Глобине-2 Прямі материальні виробничі витрати крім зворотніх відходів | D29: Обл. НДС Бетон С20/25 W6 F75 P4 Надходження товарів і послуг ІБ00-001882 від 26.04.2025 11:00:00 АПК (Глобине) | E29: 231 | H29: 205 | I29: 895.17 | K29: Д | L29: 870562.97
A30: 22.05.2025 | B30: Вимога-накладна ІБ00-000372 від 22.05.2025 13:18:42 Списаны ТМЦ | C30: Обл. НДС Виробничий (Глобине-2) Глобине-2 Прямі материальні виробничі витрати крім зворотніх відходів | D30: Обл. НДС Бетон С20/25 W6 F75 P4 Надходження товарів і послуг ІБ00-002008 від 03.05.2025 11:00:00 АПК (Глобине) | E30: 231 | H30: 205 | I30: 151940.61 | K30: Д | L30: 718622.36
A31: 22.05.2025 | B31: Вимога-накладна ІБ00-000372 від 22.05.2025 13:18:42 Списаны ТМЦ | C31: Обл. НДС Виробничий (Глобине-2) Глобине-2 Прямі материальні виробничі витрати крім зворотніх відходів | D31: Обл. НДС Щебінь 70-120 Надходження товарів і послуг ІБ00-001071 від 05.03.2025 18:40:09 АПК (Глобине) | E31: 231 | H31: 205 | I31: 10478.25 | K31: Д | L31: 708144.11
A32: 26.05.2025 | B32: Надходження товарів і послуг ІБ00-002451 від 26.05.2025 11:00:00 Оприходованы ТМЦ | C32: Обл. НДС Бетон С20/25 W6 F75 P4 Надходження товарів і послуг ІБ00-002451 від 26.05.2025 11:00:00 АПК (Глобине) | D32: Кременчуцький річковий порт ПРАТ Договір 112/Б від 15.10.2024_Глобине-2 Надходження товарів і послуг ІБ00-002451 від 26.05.2025 11:00:00 | E32: 205 | F32: 293460 | H32: 631 | K32: Д | L32: 1001604.1
A33: 26.05.2025 | B33: Надходження дод. витрат ІБ00-000341 від 26.05.2025 11:05:00 Доп. расходы при поступлении товаров | C33: Обл. НДС Бетон С20/25 W6 F75 P4 Надходження товарів і послуг ІБ00-002451 від 26.05.2025 11:00:00 АПК (Глобине) | D33: Кременчуцький річковий порт ПРАТ Договір 112/Б від 15.10.2024_Глобине-2 Надходження дод. витрат ІБ00-000341 від 26.05.2025 11:05:00 | E33: 205 | F33: 85120 | H33: 631 | K33: Д | L33: 1086724.1
A34: 28.05.2025 | B34: Переміщення товарів ІБ00-000508 від 28.05.2025 11:10:00 Перемещение ТМЦ | C34: Обл. НДС Пісок з відсіву дроблення щебеню фр. 0-5мм. Надходження товарів і послуг ІБ00-002712 від 28.05.2025 11:00:00 АПК (Глобине) | D34: Обл. НДС Пісок з відсіву дроблення щебеню фр. 0-5мм. Надходження товарів і послуг ІБ00-002712 від 28.05.2025 11:00:00 Глобине-2 | E34: 205 | F34: 2053.33 | H34: 205 | K34: Д | L34: 1088777.4
A35: 29.05.2025 | B35: Переміщення товарів ІБ00-000490 від 29.05.2025 08:00:00 Перемещение ТМЦ | C35: Обл. НДС Емульсія бітумна Р-10 EN каністра 20л Надходження товарів і послуг ІБ00-002088 від 19.12.2023 18:21:48 АПК (Глобине) | D35: Обл. НДС Емульсія бітумна Р-10 EN каністра 20л Надходження товарів і послуг ІБ00-002088 від 19.12.2023 18:21:48 Глобине-2 | E35: 205 | F35: 4977 | H35: 205 | K35: Д | L35: 1093754.4
A36: 29.05.2025 | B36: Переміщення товарів ІБ00-000494 від 29.05.2025 08:00:00 Перемещение ТМЦ | C36: Обл. НДС Емульсія бітумна Igoflex-101 каністра 32л Надходження товарів і послуг ІБ00-000606 від 21.02.2024 23:54:14 Транспортна галерея (Глобине) | D36: Обл. НДС Емульсія бітумна Igoflex-101 каністра 32л Надходження товарів і послуг ІБ00-000606 від 21.02.2024 23:54:14 АПК (Глобине) | E36: 205 | H36: 205 | I36: 2507.38 | K36: Д | L36: 1091247.1
A37: 29.05.2025 | B37: Переміщення товарів ІБ00-000494 від 29.05.2025 08:00:00 Перемещение ТМЦ | C37: Обл. НДС Емульсія бітумна Igoflex-101 каністра 32л Надходження товарів і послуг ІБ00-001108 від 22.03.2024 17:34:05 Транспортна галерея (Глобине) | D37: Обл. НДС Емульсія бітумна Igoflex-101 каністра 32л Надходження товарів і послуг ІБ00-001108 від 22.03.2024 17:34:05 АПК (Глобине) | E37: 205 | H37: 205 | I37: 811.37 | K37: Д | L37: 1090435.7
A38: 29.05.2025 | B38: Вимога-накладна ІБ00-000391 від 29.05.2025 12:24:48 Списаны ТМЦ | C38: Обл. НДС Виробничий (Глобине-2) Глобине-2 Прямі материальні виробничі витрати крім зворотніх відходів | D38: Обл. НДС Бетон С20/25 W6 F75 P4 Надходження товарів і послуг ІБ00-002008 від 03.05.2025 11:00:00 АПК (Глобине) | E38: 231 | H38: 205 | I38: 11161.7 | K38: Д | L38: 1079274
A39: 29.05.2025 | B39: Вимога-накладна ІБ00-000391 від 29.05.2025 12:24:48 Списаны ТМЦ | C39: Обл. НДС Виробничий (Глобине-2) Глобине-2 Прямі материальні виробничі витрати крім зворотніх відходів | D39: Обл. НДС Бетон С20/25 W6 F75 P4 Надходження товарів і послуг ІБ00-002159 від 10.05.2025 11:00:00 АПК (Глобине) | E39: 231 | H39: 205 | I39: 192194.21 | K39: Д | L39: 887079.78
A40: 29.05.2025 | B40: Вимога-накладна ІБ00-000391 від 29.05.2025 12:24:48 Списаны ТМЦ | C40: Обл. НДС Виробничий (Глобине-2) Глобине-2 Прямі материальні виробничі витрати крім зворотніх відходів | D40: Обл. НДС Пенетрон Адмікс 18кг/мішок/відро Надходження товарів і послуг ІБ00-001895 від 30.04.2025 11:00:00 АПК (Глобине) | E40: 231 | H40: 205 | I40: 20965.5 | K40: Д | L40: 866114.28
A41: 29.05.2025 | B41: Вимога-накладна ІБ00-000391 від 29.05.2025 12:24:48 Списаны ТМЦ | C41: Обл. НДС Виробничий (Глобине-2) Глобине-2 Прямі материальні виробничі витрати крім зворотніх відходів | D41: Обл. НДС Шпонка гідроізоляційна ВР 200 20м п Надходження товарів і послуг ІБ00-000524 від 01.02.2025 18:10:19 АПК (Глобине) | E41: 231 | H41: 205 | I41: 3178.5 | K41: Д | L41: 862935.78
A42: 29.05.2025 | B42: Вимога-накладна ІБ00-000391 від 29.05.2025 12:24:48 Списаны ТМЦ | C42: Обл. НДС Виробничий (Глобине-2) Глобине-2 Прямі материальні виробничі витрати крім зворотніх відходів | D42: Обл. НДС Шнур бентонітовий ГІДРОСТОП 15*25 Надходження товарів і послуг ІБ00-002184 від 01.05.2025 11:00:00 АПК (Глобине) | E42: 231 | H42: 205 | I42: 11105.09 | K42: Д | L42: 851830.69
A43: 29.05.2025 | B43: Вимога-накладна ІБ00-000391 від 29.05.2025 12:24:48 Списаны ТМЦ | C43: Обл. НДС Виробничий (Глобине-2) Глобине-2 Прямі материальні виробничі витрати крім зворотніх відходів | D43: Обл. НДС Профіль кріпильний 25*15мм Надходження товарів і послуг ІБ00-002184 від 01.05.2025 11:00:00 АПК (Глобине) | E43: 231 | H43: 205 | I43: 2263.83 | K43: Д | L43: 849566.86
A44: 29.05.2025 | B44: Вимога-накладна ІБ00-000391 від 29.05.2025 12:24:48 Списаны ТМЦ | C44: Обл. НДС Виробничий (Глобине-2) Глобине-2 Прямі материальні виробничі витрати крім зворотніх відходів | D44: Обл. НДС Труба 127*5.0мм Надходження товарів і послуг ІБ00-002202 від 01.05.2025 11:00:00 АПК (Глобине) | E44: 231 | H44: 205 | I44: 688.85 | K44: Д | L44: 848878.01
A45: 29.05.2025 | B45: Вимога-накладна ІБ00-000391 від 29.05.2025 12:24:48 Списаны ТМЦ | C45: Обл. НДС Виробничий (Глобине-2) Глобине-2 Прямі материальні виробничі витрати крім зворотніх відходів | D45: Обл. НДС Труба 159*5.0мм Надходження товарів і послуг ІБ00-002202 від 01.05.2025 11:00:00 АПК (Глобине) | E45: 231 | H45: 205 | I45: 715.58 | K45: Д | L45: 848162.43
A46: 29.05.2025 | B46: Вимога-накладна ІБ00-000391 від 29.05.2025 12:24:48 Списаны ТМЦ | C46: Обл. НДС Виробничий (Глобине-2) Глобине-2 Прямі материальні виробничі витрати крім зворотніх відходів | D46: Обл. НДС Труба 219*6 Надходження товарів і послуг ІБ00-002202 від 01.05.2025 11:00:00 АПК (Глобине) | E46: 231 | H46: 205 | I46: 588.1 | K46: Д | L46: 847574.33
A47: 29.05.2025 | B47: Вимога-накладна ІБ00-000391 від 29.05.2025 12:24:48 Списаны ТМЦ | C47: Обл. НДС Виробничий (Глобине-2) Глобине-2 Прямі материальні виробничі витрати крім зворотніх відходів | D47: Обл. НДС Труба Дн 108*5,0мм Надходження товарів і послуг ІБ00-002202 від 01.05.2025 11:00:00 АПК (Глобине) | E47: 231 | H47: 205 | I47: 287.87 | K47: Д | L47: 847286.46
... A57: 29.05.2025 | B57: Переміщення товарів ІБ00-000516 від 29.05.2025 21:10:00 Перемещение ТМЦ | C57: Обл. НДС Бетон С20/25 W6 F75 P4 Надходження товарів і послуг ІБ00-002451 від 26.05.2025 11:00:00 Транспортна галерея (Глобине) | D57: Обл. НДС Бетон С20/25 W6 F75 P4 Надходження товарів і послуг ІБ00-002451 від 26.05.2025 11:00:00 АПК (Глобине) | E57: 205 | H57: 205 | I57: 3088.91 | K57: Д | L57: 333920.86
A58: Обороти за період та сальдо на кінець | E58: 926417.93 | H58: 932137.61 | K58: Д | L58: 333920.86
J60: =SUBTOTAL(9,I13:J56) -> 925729.95

Sheet Генплан благоустрій
A1: Період | B1: Документ | C1: Аналітика Дт | D1: Аналітика Кт | E1: Дебет | H1: Кредит | K1: Поточне сальдо
E2: Рахунок | H2: Рахунок
A3: 03.05.2025 | B3: Надходження товарів і послуг ІБ00-001965 від 03.05.2025 11:00:00 Оприходованы ТМЦ | C3: Обл. НДС Пісок з відсіву дроблення щебеню фр. 0-5мм. Надходження товарів і послуг ІБ00-001965 від 03.05.2025 11:00:00 Генплан благоустрій (Глобине) | D3: Енергія Логістик ТОВ №28/10-2024 ВІД 28/10/24_Глобине-2 Рахунок на оплату постачальника ІБ00-001612 від 03.05.2025 11:00:01 | E3: 205 | F3: 7443.33 | H3: 631 | K3: Д | L3: 7443.33
A4: 20.05.2025 | B4: Переміщення товарів ІБ00-000480 від 20.05.2025 15:00:33 Перемещение ТМЦ | C4: Обл. НДС Замок навісний Надходження товарів і послуг ІБ00-002303 від 17.05.2025 11:00:00 Генплан благоустрій (Глобине) | D4: Обл. НДС Замок навісний Надходження товарів і послуг ІБ00-002303 від 17.05.2025 11:00:00 Глобине-2 | E4: 205 | F4: 418.2 | H4: 221 | K4: Д | L4: 7861.53
A5: 20.05.2025 | B5: Переміщення товарів ІБ00-000480 від 20.05.2025 15:00:33 Перемещение ТМЦ | C5: Обл. НДС Дріт оцинк. т/о 1,4 мм Авансовий звіт ІБ00-000116 від 19.05.2025 15:48:32 Генплан благоустрій (Глобине) | D5: Обл. НДС Дріт оцинк. т/о 1,4 мм Авансовий звіт ІБ00-000116 від 19.05.2025 15:48:32 Глобине-2 | E5: 205 | F5: 273.9 | H5: 205 | K5: Д | L5: 8135.43
A6: 20.05.2025 | B6: Переміщення товарів ІБ00-000480 від 20.05.2025 15:00:33 Перемещение ТМЦ | C6: Обл. НДС Дріт оцинкований 3,0 мм Авансовий звіт ІБ00-000116 від 19.05.2025 15:48:32 Генплан благоустрій (Глобине) | D6: Обл. НДС Дріт оцинкований 3,0 мм Авансовий звіт ІБ00-000116 від 19.05.2025 15:48:32 Глобине-2 | E6: 205 | F6: 153.98 | H6: 205 | K6: Д | L6: 8289.41
A7: 20.05.2025 | B7: Переміщення товарів ІБ00-000482 від 20.05.2025 15:09:52 Перемещение ТМЦ | C7: Обл. НДС Труба ДУ 32*2,8 ст.1-3пс; 6 м Надходження товарів і послуг ІБ00-001657 від 01.04.2025 11:00:00 Генплан благоустрій (Глобине) | D7: Обл. НДС Труба ДУ 32*2,8 ст.1-3пс; 6 м Надходження товарів і послуг ІБ00-001657 від 01.04.2025 11:00:00 Генплан митний склад (Глобине) | E7: 205 | F7: 993.25 | H7: 205 | K7: Д | L7: 9282.66
A8: 20.05.2025 | B8: Переміщення товарів ІБ00-000482 від 20.05.2025 15:09:52 Перемещение ТМЦ | C8: Обл. НДС Дріт колючо-ріжуч спіраль діам кільця=500мм/3скоби 10м Надходження товарів і послуг ІБ00-001809 від 11.04.2025 11:00:00 Генплан благоустрій (Глобине) | D8: Обл. НДС Дріт колючо-ріжуч спіраль діам кільця=500мм/3скоби 10м Надходження товарів і послуг ІБ00-001809 від 11.04.2025 11:00:00 Генплан митний склад (Глобине) | E8: 205 | F8: 5250 | H8: 205 | K8: Д | L8: 14532.66
A9: 20.05.2025 | B9: Переміщення товарів ІБ00-000482 від 20.05.2025 15:09:52 Перемещение ТМЦ | C9: Обл. НДС Щебенево-піщана суміш фр 0-70 мм Надходження товарів і послуг ІБ00-001628 від 12.04.2025 12:00:03 Генплан благоустрій (Глобине) | D9: Обл. НДС Щебенево-піщана суміш фр 0-70 мм Надходження товарів і послуг ІБ00-001628 від 12.04.2025 12:00:03 Генплан митний склад (Глобине) | E9: 205 | F9: 20590.5 | H9: 205 | K9: Д | L9: 35123.16
A10: 20.05.2025 | B10: Переміщення товарів ІБ00-000482 від 20.05.2025 15:09:52 Перемещение ТМЦ | C10: Обл. НДС Щебінь 40-70 Надходження товарів і послуг ІБ00-001604 від 11.04.2025 20:51:44 Генплан благоустрій (Глобине) | D10: Обл. НДС Щебінь 40-70 Надходження товарів і послуг ІБ00-001604 від 11.04.2025 20:51:44 Генплан митний склад (Глобине) | E10: 205 | F10: 9479.29 | H10: 205 | K10: Д | L10: 44602.45
A11: 20.05.2025 | B11: Переміщення товарів ІБ00-000481 від 20.05.2025 21:00:02 Перемещение ТМЦ | C11: Обл. НДС Бетон С20/25 W6 F75 P4 Надходження товарів і послуг ІБ00-002051 від 06.05.2025 11:00:00 Генплан благоустрій (Глобине) | D11: Обл. НДС Бетон С20/25 W6 F75 P4 Надходження товарів і послуг ІБ00-002051 від 06.05.2025 11:00:00 Резервуар для зберігання розчинника(Глобине) | E11: 205 | F11: 3994.07 | H11: 205 | K11: Д | L11: 48596.52
A12: 20.05.2025 | B12: Переміщення товарів ІБ00-000483 від 20.05.2025 21:00:03 Перемещение ТМЦ | C12: Обл. НДС Щебінь 20-40 Надходження товарів і послуг ІБ00-001692 від 14.04.2025 11:00:00 Генплан благоустрій (Глобине) | D12: Обл. НДС Щебінь 20-40 Надходження товарів і послуг ІБ00-001692 від 14.04.2025 11:00:00 СПК (Глобине) | E12: 205 | F12: 4423.21 | H12: 205 | K12: Д | L12: 53019.73
A13: 22.05.2025 | B13: Переміщення товарів ІБ00-000457 від 22.05.2025 16:33:25 Перемещение ТМЦ | C13: Обл. НДС Щебінь 20-40 Надходження товарів і послуг ІБ00-002154 від 10.05.2025 11:00:00 Генплан благоустрій (Глобине) | D13: Обл. НДС Щебінь 20-40 Надходження товарів і послуг ІБ00-002154 від 10.05.2025 11:00:00 СПК (Глобине) | E13: 205 | F13: 14277.25 | H13: 205 | K13: Д | L13: 67296.98
A14: 22.05.2025 | B14: Переміщення товарів ІБ00-000457 від 22.05.2025 16:33:25 Перемещение ТМЦ | C14: Обл. НДС Щебінь 20-40 Надходження товарів і послуг ІБ00-002157 від 13.05.2025 11:00:00 Генплан благоустрій (Глобине) | D14: Обл. НДС Щебінь 20-40 Надходження товарів і послуг ІБ00-002157 від 13.05.2025 11:00:00 СПК (Глобине) | E14: 205 | F14: 11925.5 | H14: 205 | K14: Д | L14: 79222.48
A15: 22.05.2025 | B15: Вимога-накладна ІБ00-000377 від 22.05.2025 16:33:58 Списаны ТМЦ | C15: Обл. НДС Виробничий (Глобине-2) Глобине-2 Прямі материальні виробничі витрати крім зворотніх відходів | D15: Обл. НДС Щебінь 20-40 Надходження товарів і послуг ІБ00-001692 від 14.04.2025 11:00:00 Генплан благоустрій (Глобине) | E15: 231 | H15: 205 | I15: 4423.21 | K15: Д | L15: 74799.27
A16: 22.05.2025 | B16: Вимога-накладна ІБ00-000377 від 22.05.2025 16:33:58 Списаны ТМЦ | C16: Обл. НДС Виробничий (Глобине-2) Глобине-2 Прямі материальні виробничі витрати крім зворотніх відходів | D16: Обл. НДС Щебінь 20-40 Надходження товарів і послуг ІБ00-002154 від 10.05.2025 11:00:00 Генплан благоустрій (Глобине) | E16: 231 | H16: 205 | I16: 14277.25 | K16: Д | L16: 60522.02
A17: 22.05.2025 | B17: Вимога-накладна ІБ00-000377 від 22.05.2025 16:33:58 Списаны ТМЦ | C17: Обл. НДС Виробничий (Глобине-2) Глобине-2 Прямі материальні виробничі витрати крім зворотніх відходів | D17: Обл. НДС Щебінь 20-40 Надходження товарів і послуг ІБ00-002157 від 13.05.2025 11:00:00 Генплан благоустрій (Глобине) | E17: 231 | H17: 205 | I17: 9474.08 | K17: Д | L17: 51047.94
A18: 29.05.2025 | B18: Переміщення товарів ІБ00-000495 від 29.05.2025 08:00:00 Перемещение ТМЦ | C18: Обл. НДС Пісок з відсіву дроблення щебеню фр. 0-5мм. Надходження товарів і послуг ІБ00-001527 від 09.04.2025 11:00:00 Генплан благоустрій (Глобине) | D18: Обл. НДС Пісок з відсіву дроблення щебеню фр. 0-5мм. Надходження товарів і послуг ІБ00-001527 від 09.04.2025 11:00:00 Генплан дорога СПК (Глобине) | E18: 205 | F18: 9300 | H18: 205 | K18: Д | L18: 60347.94
A19: 29.05.2025 | B19: Переміщення товарів ІБ00-000495 від 29.05.2025 08:00:00 Перемещение ТМЦ | C19: Обл. НДС Пісок з відсіву дроблення щебеню фр. 0-5мм. Надходження товарів і послуг ІБ00-001881 від 29.04.2025 11:00:00 Генплан благоустрій (Глобине) | D19: Обл. НДС Пісок з відсіву дроблення щебеню фр. 0-5мм. Надходження товарів і послуг ІБ00-001881 від 29.04.2025 11:00:00 Генплан дорога СПК (Глобине) | E19: 205 | F19: 12794.67 | H19: 205 | K19: Д | L19: 73142.61
A20: 29.05.2025 | B20: Переміщення товарів ІБ00-000495 від 29.05.2025 08:00:00 Перемещение ТМЦ | C20: Обл. НДС Пісок з відсіву дроблення щебеню фр. 0-5мм. Надходження товарів і послуг ІБ00-002158 від 05.05.2025 11:00:00 Генплан благоустрій (Глобине) | D20: Обл. НДС Пісок з відсіву дроблення щебеню фр. 0-5мм. Надходження товарів і послуг ІБ00-002158 від 05.05.2025 11:00:00 Генплан дорога СПК (Глобине) | E20: 205 | F20: 571.08 | H20: 205 | K20: Д | L20: 73713.69
A21: 29.05.2025 | B21: Переміщення товарів ІБ00-000495 від 29.05.2025 08:00:00 Перемещение ТМЦ | C21: Обл. НДС Геотекстиль термоскріплений F-50 300г/м.кв (шир. 5 м) Надходження товарів і послуг ІБ00-000821 від 03.03.2025 18:09:02 Генплан благоустрій (Глобине) | D21: Обл. НДС Геотекстиль термоскріплений F-50 300г/м.кв (шир. 5 м) Надходження товарів і послуг ІБ00-000821 від 03.03.2025 18:09:02 Генплан дорога СПК (Глобине) | E21: 205 | F21: 8631.93 | H21: 205 | K21: Д | L21: 82345.62
A22: 29.05.2025 | B22: Переміщення товарів ІБ00-000522 від 29.05.2025 08:00:00 Перемещение ТМЦ | C22: Обл. НДС Пісок з відсіву дроблення щебеню фр. 0-5мм. Надходження товарів і послуг ІБ00-002158 від 05.05.2025 11:00:00 Генплан благоустрій (Глобине) | D22: Обл. НДС Пісок з відсіву дроблення щебеню фр. 0-5мм. Надходження товарів і послуг ІБ00-002158 від 05.05.2025 11:00:00 Генплан дорога СПК (Глобине) | E22: 205 | F22: 6982.25 | H22: 205 | K22: Д | L22: 89327.87
A23: 29.05.2025 | B23: Переміщення товарів ІБ00-000522 від 29.05.2025 08:00:00 Перемещение ТМЦ | C23: Обл. НДС Пісок з відсіву дроблення щебеню фр. 0-5мм. Надходження товарів і послуг ІБ00-002047 від 06.05.2025 11:00:00 Генплан благоустрій (Глобине) | D23: Обл. НДС Пісок з відсіву дроблення щебеню фр. 0-5мм. Надходження товарів і послуг ІБ00-002047 від 06.05.2025 11:00:00 Генплан дорога СПК (Глобине) | E23: 205 | F23: 4147.91 | H23: 205 | K23: Д | L23: 93475.78
A24: 29.05.2025 | B24: Переміщення товарів ІБ00-000522 від 29.05.2025 08:00:00 Перемещение ТМЦ | C24: Обл. НДС Щебнево-пісчана суміш фр.0-70 мм Надходження товарів і послуг ІБ00-002632 від 23.05.2025 11:00:00 Генплан благоустрій (Глобине) | D24: Обл. НДС Щебнево-пісчана суміш фр.0-70 мм Надходження товарів і послуг ІБ00-002632 від 23.05.2025 11:00:00 Генплан дорога СПК (Глобине) | E24: 205 | F24: 5709.33 | H24: 205 | K24: Д | L24: 99185.11
A25: 29.05.2025 | B25: Переміщення товарів ІБ00-000522 від 29.05.2025 08:00:00 Перемещение ТМЦ | C25: Обл. НДС Геотекстиль термоскріплений F-50 300г/м.кв (шир. 5 м) Надходження товарів і послуг ІБ00-000821 від 03.03.2025 18:09:02 Генплан благоустрій (Глобине) | D25: Обл. НДС Геотекстиль термоскріплений F-50 300г/м.кв (шир. 5 м) Надходження товарів і послуг ІБ00-000821 від 03.03.2025 18:09:02 Генплан дорога СПК (Глобине) | E25: 205 | F25: 12828.22 | H25: 205 | K25: Д | L25: 112013.33
A26: 29.05.2025 | B26: Вимога-накладна ІБ00-000397 від 29.05.2025 14:52:08 Списаны ТМЦ | C26: Обл. НДС Виробничий (Глобине-2) Глобине-2 Прямі материальні виробничі витрати крім зворотніх відходів | D26: Обл. НДС Замок навісний Надходження товарів і послуг ІБ00-002303 від 17.05.2025 11:00:00 Генплан благоустрій (Глобине) | E26: 231 | H26: 205 | I26: 418.2 | K26: Д | L26: 111595.13
A27: 29.05.2025 | B27: Вимога-накладна ІБ00-000397 від 29.05.2025 14:52:08 Списаны ТМЦ | C27: Обл. НДС Виробничий (Глобине-2) Глобине-2 Прямі материальні виробничі витрати крім зворотніх відходів | D27: Обл. НДС Дріт оцинк. т/о 1,4 мм Авансовий звіт ІБ00-000116 від 19.05.2025 15:48:32 Генплан благоустрій (Глобине) | E27: 231 | H27: 205 | I27: 273.9 | K27: Д | L27: 111321.23
A28: 29.05.2025 | B28: Вимога-накладна ІБ00-000397 від 29.05.2025 14:52:08 Списаны ТМЦ | C28: Обл. НДС Виробничий (Глобине-2) Глобине-2 Прямі материальні виробничі витрати крім зворотніх відходів | D28: Обл. НДС Дріт оцинкований 3,0 мм Авансовий звіт ІБ00-000116 від 19.05.2025 15:48:32 Генплан благоустрій (Глобине) | E28: 231 | H28: 205 | I28: 153.98 | K28: Д | L28: 111167.25
A29: 29.05.2025 | B29: Вимога-накладна ІБ00-000397 від 29.05.2025 14:52:08 Списаны ТМЦ | C29: Обл. НДС Виробничий (Глобине-2) Глобине-2 Прямі материальні виробничі витрати крім зворотніх відходів | D29: Обл. НДС Бетон С20/25 W6 F75 P4 Надходження товарів і послуг ІБ00-002051 від 06.05.2025 11:00:00 Генплан благоустрій (Глобине) | E29: 231 | H29: 205 | I29: 3994.07 | K29: Д | L29: 107173.18
A30: 29.05.2025 | B30: Вимога-накладна ІБ00-000397 від 29.05.2025 14:52:08 Списаны ТМЦ | C30: Обл. НДС Виробничий (Глобине-2) Глобине-2 Прямі материальні виробничі витрати крім зворотніх відходів | D30: Обл. НДС Пісок з відсіву дроблення щебеню фр. 0-5мм. Надходження товарів і послуг ІБ00-001965 від 03.05.2025 11:00:00 Генплан благоустрій (Глобине) | E30: 231 | H30: 205 | I30: 1032.17 | K30: Д | L30: 106141.01
A31: 29.05.2025 | B31: Вимога-накладна ІБ00-000397 від 29.05.2025 14:52:08 Списаны ТМЦ | C31: Обл. НДС Виробничий (Глобине-2) Глобине-2 Прямі материальні виробничі витрати крім зворотніх відходів | D31: Обл. НДС Труба ДУ 32*2,8 ст.1-3пс; 6 м Надходження товарів і послуг ІБ00-001657 від 01.04.2025 11:00:00 Генплан благоустрій (Глобине) | E31: 231 | H31: 205 | I31: 993.25 | K31: Д | L31: 105147.76
A32: 29.05.2025 | B32: Вимога-накладна ІБ00-000397 від 29.05.2025 14:52:08 Списаны ТМЦ | C32: Обл. НДС Виробничий (Глобине-2) Глобине-2 Прямі материальні виробничі витрати крім зворотніх відходів | D32: Обл. НДС Дріт колючо-ріжуч спіраль діам кільця=500мм/3скоби 10м Надходження товарів і послуг ІБ00-001809 від 11.04.2025 11:00:00 Генплан благоустрій (Глобине) | E32: 231 | H32: 205 | I32: 5250 | K32: Д | L32: 99897.76
A33: 29.05.2025 | B33: Вимога-накладна ІБ00-000397 від 29.05.2025 14:52:08 Списаны ТМЦ | C33: Обл. НДС Виробничий (Глобине-2) Глобине-2 Прямі материальні виробничі витрати крім зворотніх відходів | D33: Обл. НДС Щебінь 20-40 Надходження товарів і послуг ІБ00-002157 від 13.05.2025 11:00:00 Генплан благоустрій (Глобине) | E33: 231 | H33: 205 | I33: 2451.42 | K33: Д | L33: 97446.34
A34: 29.05.2025 | B34: Вимога-накладна ІБ00-000397 від 29.05.2025 14:52:08 Списаны ТМЦ | C34: Обл. НДС Виробничий (Глобине-2) Глобине-2 Прямі материальні виробничі витрати крім зворотніх відходів | D34: Обл. НДС Пісок з відсіву дроблення щебеню фр. 0-5мм. Надходження товарів і послуг ІБ00-001965 від 03.05.2025 11:00:00 Генплан благоустрій (Глобине) | E34: 231 | H34: 205 | I34: 1925 | K34: Д | L34: 95521.34
A35: 29.05.2025 | B35: Вимога-накладна ІБ00-000397 від 29.05.2025 14:52:08 Списаны ТМЦ | C35: Обл. НДС Виробничий (Глобине-2) Глобине-2 Прямі материальні виробничі витрати крім зворотніх відходів | D35: Обл. НДС Щебенево-піщана суміш фр 0-70 мм Надходження товарів і послуг ІБ00-001628 від 12.04.2025 12:00:03 Генплан благоустрій (Глобине) | E35: 231 | H35: 205 | I35: 20590.5 | K35: Д | L35: 74930.84
A36: 29.05.2025 | B36: Вимога-накладна ІБ00-000397 від 29.05.2025 14:52:08 Списаны ТМЦ | C36: Обл. НДС Виробничий (Глобине-2) Глобине-2 Прямі материальні виробничі витрати крім зворотніх відходів | D36: Обл. НДС Щебінь 40-70 Надходження товарів і послуг ІБ00-001604 від 11.04.2025 20:51:44 Генплан благоустрій (Глобине) | E36: 231 | H36: 205 | I36: 9479.29 | K36: Д | L36: 65451.55
A37: 29.05.2025 | B37: Вимога-накладна ІБ00-000410 від 29.05.2025 21:00:00 Списаны ТМЦ | C37: Обл. НДС Виробничий (Глобине-2) Глобине-2 Прямі материальні виробничі витрати крім зворотніх відходів | D37: Обл. НДС Пісок з відсіву дроблення щебеню фр. 0-5мм. Надходження товарів і послуг ІБ00-001527 від 09.04.2025 11:00:00 Генплан благоустрій (Глобине) | E37: 231 | H37: 205 | I37: 9300 | K37: Д | L37: 56151.55
... A45: 29.05.2025 | B45: Переміщення товарів ІБ00-000517 від 29.05.2025 21:10:00 Перемещение ТМЦ | C45: Обл. НДС Пісок з відсіву дроблення щебеню фр. 0-5мм. Надходження товарів і послуг ІБ00-002158 від 05.05.2025 11:00:00 Транспортна галерея (Глобине) | D45: Обл. НДС Пісок з відсіву дроблення щебеню фр. 0-5мм. Надходження товарів і послуг ІБ00-002158 від 05.05.2025 11:00:00 Генплан благоустрій (Глобине) | E45: 205 | H45: 205 | I45: 338.25 | K45: Д | L45: 4147.91
A46: 29.05.2025 | B46: Переміщення товарів ІБ00-000517 від 29.05.2025 21:10:00 Перемещение ТМЦ | C46: Обл. НДС Пісок з відсіву дроблення щебеню фр. 0-5мм. Надходження товарів і послуг ІБ00-002047 від 06.05.2025 11:00:00 Транспортна галерея (Глобине) | D46: Обл. НДС Пісок з відсіву дроблення щебеню фр. 0-5мм. Надходження товарів і послуг ІБ00-002047 від 06.05.2025 11:00:00 Генплан благоустрій (Глобине) | E46: 205 | H46: 205 | I46: 4147.91
A47: Обороти за період та сальдо на кінець | E47: 140187.87 | H47: 140187.87 | L47: 0
J49: =SUBTOTAL(9,I15:J44) -> 135701.71

Sheet Генплан дорога СПК
A1: Період | B1: Документ | C1: Аналітика Дт | D1: Аналітика Кт | E1: Дебет | H1: Кредит | K1: Поточне сальдо
E2: Рахунок | H2: Рахунок
A3: 05.05.2025 | B3: Надходження товарів і послуг ІБ00-002158 від 05.05.2025 11:00:00 Оприходованы ТМЦ | C3: Обл. НДС Пісок з відсіву дроблення щебеню фр. 0-5мм. Надходження товарів і послуг ІБ00-002158 від 05.05.2025 11:00:00 Генплан дорога СПК (Глобине) | D3: Енергія Логістик ТОВ №28/10-2024 ВІД 28/10/24_Глобине-2 Рахунок на оплату постачальника ІБ00-001777 від 05.05.2025 18:06:39 | E3: 205 | F3: 7553.33 | H3: 631 | K3: Д | L3: 169863
A4: 06.05.2025 | B4: Надходження товарів і послуг ІБ00-002047 від 06.05.2025 11:00:00 Оприходованы ТМЦ | C4: Обл. НДС Пісок з відсіву дроблення щебеню фр. 0-5мм. Надходження товарів і послуг ІБ00-002047 від 06.05.2025 11:00:00 Генплан дорога СПК (Глобине) | D4: Енергія Логістик ТОВ №28/10-2024 ВІД 28/10/24_Глобине-2 Рахунок на оплату постачальника ІБ00-001653 від 06.05.2025 18:17:22 | E4: 205 | F4: 7657.83 | H4: 631 | K4: Д | L4: 177520.83
A5: 07.05.2025 | B5: Надходження товарів і послуг ІБ00-002046 від 07.05.2025 11:00:00 Оприходованы ТМЦ | C5: Обл. НДС Пісок з відсіву дроблення щебеню фр. 0-5мм. Надходження товарів і послуг ІБ00-002046 від 07.05.2025 11:00:00 Генплан дорога СПК (Глобине) | D5: Енергія Логістик ТОВ №28/10-2024 ВІД 28/10/24_Глобине-2 Рахунок на оплату постачальника ІБ00-001645 від 07.05.2025 18:53:52 | E5: 205 | F5: 7494.67 | H5: 631 | K5: Д | L5: 185015.5
A6: 08.05.2025 | B6: Надходження товарів і послуг ІБ00-002155 від 08.05.2025 11:00:00 Оприходованы ТМЦ | C6: Обл. НДС Пісок з відсіву дроблення щебеню фр. 0-5мм. Надходження товарів і послуг ІБ00-002155 від 08.05.2025 11:00:00 Генплан дорога СПК (Глобине) | D6: Енергія Логістик ТОВ №28/10-2024 ВІД 28/10/24_Глобине-2 Рахунок на оплату постачальника ІБ00-001762 від 08.05.2025 20:00:03 | E6: 205 | F6: 5655.83 | H6: 631 | K6: Д | L6: 190671.33
A7: 09.05.2025 | B7: Надходження товарів і послуг ІБ00-002156 від 09.05.2025 11:00:00 Оприходованы ТМЦ | C7: Обл. НДС Пісок з відсіву дроблення щебеню фр. 0-5мм. Надходження товарів і послуг ІБ00-002156 від 09.05.2025 11:00:00 Генплан дорога СПК (Глобине) | D7: Енергія Логістик ТОВ №28/10-2024 ВІД 28/10/24_Глобине-2 Рахунок на оплату постачальника ІБ00-001764 від 09.05.2025 20:00:08 | E7: 205 | F7: 7507.5 | H7: 631 | K7: Д | L7: 198178.83
A8: 14.05.2025 | B8: Переміщення товарів ІБ00-000440 від 14.05.2025 11:10:00 Перемещение ТМЦ | C8: Обл. НДС Пісок з відсіву дроблення щебеню фр. 0-5мм. Надходження товарів і послуг ІБ00-002222 від 14.05.2025 11:00:00 Генплан дорога СПК (Глобине) | D8: Обл. НДС Пісок з відсіву дроблення щебеню фр. 0-5мм. Надходження товарів і послуг ІБ00-002222 від 14.05.2025 11:00:00 Глобине-2 | E8: 205 | F8: 1871.83 | H8: 205 | K8: Д | L8: 200050.66
A9: 19.05.2025 | B9: Надходження товарів і послуг ІБ00-002305 від 19.05.2025 11:00:00 Оприходованы ТМЦ | C9: Обл. НДС Пісок з відсіву дроблення щебеню фр. 0-5мм. Надходження товарів і послуг ІБ00-002305 від 19.05.2025 11:00:00 Генплан дорога СПК (Глобине) | D9: Енергія Логістик ТОВ №28/10-2024 ВІД 28/10/24_Глобине-2 Рахунок на оплату постачальника ІБ00-001905 від 19.05.2025 17:47:33 | E9: 205 | F9: 7555.17 | H9: 631 | K9: Д | L9: 207605.83
A10: 21.05.2025 | B10: Надходження товарів і послуг ІБ00-002508 від 21.05.2025 11:00:00 Оприходованы ТМЦ | C10: Обл. НДС Пісок з відсіву дроблення щебеню фр. 0-5мм. Надходження товарів і послуг ІБ00-002508 від 21.05.2025 11:00:00 Генплан дорога СПК (Глобине) | D10: Енергія Логістик ТОВ №28/10-2024 ВІД 28/10/24_Глобине-2 Рахунок на оплату постачальника ІБ00-002169 від 21.05.2025 23:00:10 | E10: 205 | F10: 7991.5 | H10: 631 | K10: Д | L10: 215597.33
A11: 22.05.2025 | B11: Надходження товарів і послуг ІБ00-002716 від 22.05.2025 11:00:00 Оприходованы ТМЦ | C11: Обл. НДС Пісок з відсіву дроблення щебеню фр. 0-5мм. Надходження товарів і послуг ІБ00-002716 від 22.05.2025 11:00:00 Генплан дорога СПК (Глобине) | D11: Енергія Логістик ТОВ №28/10-2024 ВІД 28/10/24_Глобине-2 Рахунок на оплату постачальника ІБ00-002247 від 22.05.2025 18:57:13 | E11: 205 | F11: 1904.83 | H11: 631 | K11: Д | L11: 217502.16
A12: 22.05.2025 | B12: Надходження товарів і послуг ІБ00-002716 від 22.05.2025 11:00:00 Оприходованы ТМЦ | C12: Обл. НДС Щебенево-піщана суміш фр 0-70 мм Надходження товарів і послуг ІБ00-002716 від 22.05.2025 11:00:00 Генплан дорога СПК (Глобине) | D12: Енергія Логістик ТОВ №28/10-2024 ВІД 28/10/24_Глобине-2 Рахунок на оплату постачальника ІБ00-002247 від 22.05.2025 18:57:13 | E12: 205 | F12: 5738.67 | H12: 631 | K12: Д | L12: 223240.83
A13: 23.05.2025 | B13: Надходження товарів і послуг ІБ00-002632 від 23.05.2025 11:00:00 Оприходованы ТМЦ | C13: Обл. НДС Щебнево-пісчана суміш фр.0-70 мм Надходження товарів і послуг ІБ00-002632 від 23.05.2025 11:00:00 Генплан дорога СПК (Глобине) | D13: Енергія Логістик ТОВ №28/10-2024 ВІД 28/10/24_Глобине-2 Рахунок на оплату постачальника ІБ00-002209 від 23.05.2025 17:41:13 | E13: 205 | F13: 5709.33 | H13: 631 | K13: Д | L13: 228950.16
A14: 24.05.2025 | B14: Надходження товарів і послуг ІБ00-002633 від 24.05.2025 11:00:00 Оприходованы ТМЦ | C14: Обл. НДС Щебнево-пісчана суміш фр.0-70 мм Надходження товарів і послуг ІБ00-002633 від 24.05.2025 11:00:00 Генплан дорога СПК (Глобине) | D14: Енергія Логістик ТОВ №28/10-2024 ВІД 28/10/24_Глобине-2 Рахунок на оплату постачальника ІБ00-002210 від 24.05.2025 12:00:07 | E14: 205 | F14: 11621.33 | H14: 631 | K14: Д | L14: 240571.49
... A16: 28.05.2025 | B16: Переміщення товарів ІБ00-000507 від 28.05.2025 11:10:00 Перемещение ТМЦ | C16: Обл. НДС Пісок з відсіву дроблення щебеню фр. 0-5мм. Надходження товарів і послуг ІБ00-002712 від 28.05.2025 11:00:00 Генплан дорога СПК (Глобине) | D16: Обл. НДС Пісок з відсіву дроблення щебеню фр. 0-5мм. Надходження товарів і послуг ІБ00-002712 від 28.05.2025 11:00:00 Глобине-2 | E16: 205 | F16: 5985.84 | H16: 205 | K16: Д | L16: 252498.66
A17: 29.05.2025 | B17: Переміщення товарів ІБ00-000495 від 29.05.2025 08:00:00 Перемещение ТМЦ | C17: Обл. НДС Пісок з відсіву дроблення щебеню фр. 0-5мм. Надходження товарів і послуг ІБ00-001527 від 09.04.2025 11:00:00 Генплан благоустрій (Глобине) | D17: Обл. НДС Пісок з відсіву дроблення щебеню фр. 0-5мм. Надходження товарів і послуг ІБ00-001527 від 09.04.2025 11:00:00 Генплан дорога СПК (Глобине) | E17: 205 | H17: 205 | I17: 9300 | K17: Д | L17: 243198.66
A18: 29.05.2025 | B18: Переміщення товарів ІБ00-000495 від 29.05.2025 08:00:00 Перемещение ТМЦ | C18: Обл. НДС Пісок з відсіву дроблення щебеню фр. 0-5мм. Надходження товарів і послуг ІБ00-001881 від 29.04.2025 11:00:00 Генплан благоустрій (Глобине) | D18: Обл. НДС Пісок з відсіву дроблення щебеню фр. 0-5мм. Надходження товарів і послуг ІБ00-001881 від 29.04.2025 11:00:00 Генплан дорога СПК (Глобине) | E18: 205 | H18: 205 | I18: 12794.67 | K18: Д | L18: 230403.99
A19: 29.05.2025 | B19: Переміщення товарів ІБ00-000495 від 29.05.2025 08:00:00 Перемещение ТМЦ | C19: Обл. НДС Пісок з відсіву дроблення щебеню фр. 0-5мм. Надходження товарів і послуг ІБ00-002158 від 05.05.2025 11:00:00 Генплан благоустрій (Глобине) | D19: Обл. НДС Пісок з відсіву дроблення щебеню фр. 0-5мм. Надходження товарів і послуг ІБ00-002158 від 05.05.2025 11:00:00 Генплан дорога СПК (Глобине) | E19: 205 | H19: 205 | I19: 571.08 | K19: Д | L19: 229832.91
A20: 29.05.2025 | B20: Переміщення товарів ІБ00-000495 від 29.05.2025 08:00:00 Перемещение ТМЦ | C20: Обл. НДС Геотекстиль термоскріплений F-50 300г/м.кв (шир. 5 м) Надходження товарів і послуг ІБ00-000821 від 03.03.2025 18:09:02 Генплан благоустрій (Глобине) | D20: Обл. НДС Геотекстиль термоскріплений F-50 300г/м.кв (шир. 5 м) Надходження товарів і послуг ІБ00-000821 від 03.03.2025 18:09:02 Генплан дорога СПК (Глобине) | E20: 205 | H20: 205 | I20: 8631.93 | K20: Д | L20: 221200.98
A21: 29.05.2025 | B21: Переміщення товарів ІБ00-000522 від 29.05.2025 08:00:00 Перемещение ТМЦ | C21: Обл. НДС Пісок з відсіву дроблення щебеню фр. 0-5мм. Надходження товарів і послуг ІБ00-002158 від 05.05.2025 11:00:00 Генплан благоустрій (Глобине) | D21: Обл. НДС Пісок з відсіву дроблення щебеню фр. 0-5мм. Надходження товарів і послуг ІБ00-002158 від 05.05.2025 11:00:00 Генплан дорога СПК (Глобине) | E21: 205 | H21: 205 | I21: 6982.25 | K21: Д | L21: 214218.73
A22: 29.05.2025 | B22: Переміщення товарів ІБ00-000522 від 29.05.2025 08:00:00 Перемещение ТМЦ | C22: Обл. НДС Пісок з відсіву дроблення щебеню фр. 0-5мм. Надходження товарів і послуг ІБ00-002047 від 06.05.2025 11:00:00 Генплан благоустрій (Глобине) | D22: Обл. НДС Пісок з відсіву дроблення щебеню фр. 0-5мм. Надходження товарів і послуг ІБ00-002047 від 06.05.2025 11:00:00 Генплан дорога СПК (Глобине) | E22: 205 | H22: 205 | I22: 4147.91 | K22: Д | L22: 210070.82
A23: 29.05.2025 | B23: Переміщення товарів ІБ00-000522 від 29.05.2025 08:00:00 Перемещение ТМЦ | C23: Обл. НДС Щебнево-пісчана суміш фр.0-70 мм Надходження товарів і послуг ІБ00-002632 від 23.05.2025 11:00:00 Генплан благоустрій (Глобине) | D23: Обл. НДС Щебнево-пісчана суміш фр.0-70 мм Надходження товарів і послуг ІБ00-002632 від 23.05.2025 11:00:00 Генплан дорога СПК (Глобине) | E23: 205 | H23: 205 | I23: 5709.33 | K23: Д | L23: 204361.49
A24: 29.05.2025 | B24: Переміщення товарів ІБ00-000522 від 29.05.2025 08:00:00 Перемещение ТМЦ | C24: Обл. НДС Геотекстиль термоскріплений F-50 300г/м.кв (шир. 5 м) Надходження товарів і послуг ІБ00-000821 від 03.03.2025 18:09:02 Генплан благоустрій (Глобине) | D24: Обл. НДС Геотекстиль термоскріплений F-50 300г/м.кв (шир. 5 м) Надходження товарів і послуг ІБ00-000821 від 03.03.2025 18:09:02 Генплан дорога СПК (Глобине) | E24: 205 | H24: 205 | I24: 12828.22 | K24: Д | L24: 191533.27
A25: 29.05.2025 | B25: Надходження товарів і послуг ІБ00-002713 від 29.05.2025 11:00:00 Оприходованы ТМЦ | C25: Обл. НДС Пісок з відсіву дроблення щебеню фр. 0-5мм. Надходження товарів і послуг ІБ00-002713 від 29.05.2025 11:00:00 Генплан дорога СПК (Глобине) | D25: Енергія Логістик ТОВ №28/10-2024 ВІД 28/10/24_Глобине-2 Рахунок на оплату постачальника ІБ00-002244 від 29.05.2025 21:10:02 | E25: 205 | F25: 7921.83 | H25: 631 | K25: Д | L25: 199455.1
A26: 29.05.2025 | B26: Переміщення товарів ІБ00-000518 від 29.05.2025 21:10:00 Перемещение ТМЦ | C26: Обл. НДС Пісок з відсіву дроблення щебеню фр. 0-5мм. Надходження товарів і послуг ІБ00-002047 від 06.05.2025 11:00:00 Транспортна галерея (Глобине) | D26: Обл. НДС Пісок з відсіву дроблення щебеню фр. 0-5мм. Надходження товарів і послуг ІБ00-002047 від 06.05.2025 11:00:00 Генплан дорога СПК (Глобине) | E26: 205 | H26: 205 | I26: 3509.92 | K26: Д | L26: 195945.18
A27: 29.05.2025 | B27: Переміщення товарів ІБ00-000518 від 29.05.2025 21:10:00 Перемещение ТМЦ | C27: Обл. НДС Пісок з відсіву дроблення щебеню фр. 0-5мм. Надходження товарів і послуг ІБ00-002046 від 07.05.2025 11:00:00 Транспортна галерея (Глобине) | D27: Обл. НДС Пісок з відсіву дроблення щебеню фр. 0-5мм. Надходження товарів і послуг ІБ00-002046 від 07.05.2025 11:00:00 Генплан дорога СПК (Глобине) | E27: 205 | H27: 205 | I27: 7494.67 | K27: Д | L27: 188450.51
A28: 29.05.2025 | B28: Переміщення товарів ІБ00-000518 від 29.05.2025 21:10:00 Перемещение ТМЦ | C28: Обл. НДС Пісок з відсіву дроблення щебеню фр. 0-5мм. Надходження товарів і послуг ІБ00-002155 від 08.05.2025 11:00:00 Транспортна галерея (Глобине) | D28: Обл. НДС Пісок з відсіву дроблення щебеню фр. 0-5мм. Надходження товарів і послуг ІБ00-002155 від 08.05.2025 11:00:00 Генплан дорога СПК (Глобине) | E28: 205 | H28: 205 | I28: 5655.83 | K28: Д | L28: 182794.68
A29: 29.05.2025 | B29: Переміщення товарів ІБ00-000518 від 29.05.2025 21:10:00 Перемещение ТМЦ | C29: Обл. НДС Пісок з відсіву дроблення щебеню фр. 0-5мм. Надходження товарів і послуг ІБ00-002156 від 09.05.2025 11:00:00 Транспортна галерея (Глобине) | D29: Обл. НДС Пісок з відсіву дроблення щебеню фр. 0-5мм. Надходження товарів і послуг ІБ00-002156 від 09.05.2025 11:00:00 Генплан дорога СПК (Глобине) | E29: 205 | H29: 205 | I29: 778.25 | K29: Д | L29: 182016.43
A30: 30.05.2025 | B30: Надходження товарів і послуг ІБ00-002715 від 30.05.2025 11:00:00 Оприходованы ТМЦ | C30: Обл. НДС Пісок з відсіву дроблення щебеню фр. 0-5мм. Надходження товарів і послуг ІБ00-002715 від 30.05.2025 11:00:00 Генплан дорога СПК (Глобине) | D30: Енергія Логістик ТОВ №28/10-2024 ВІД 28/10/24_Глобине-2 Рахунок на оплату постачальника ІБ00-002246 від 30.05.2025 19:00:07 | E30: 205 | F30: 7905.33 | H30: 631 | K30: Д | L30: 189921.76
A31: 31.05.2025 | B31: Надходження товарів і послуг ІБ00-002714 від 31.05.2025 11:00:00 Оприходованы ТМЦ | C31: Обл. НДС Пісок з відсіву дроблення щебеню фр. 0-5мм. Надходження товарів і послуг ІБ00-002714 від 31.05.2025 11:00:00 Генплан дорога СПК (Глобине) | D31: Енергія Логістик ТОВ №28/10-2024 ВІД 28/10/24_Глобине-2 Рахунок на оплату постачальника ІБ00-002245 від 31.05.2025 23:59:11 | E31: 205 | F31: 7932.83 | H31: 631 | K31: Д | L31: 197854.59
A32: Обороти за період та сальдо на кінець | E32: 113948.98 | H32: 78404.06 | K32: Д | L32: 197854.59

Sheet Генплан митний склад
A1: Період | B1: Документ | C1: Аналітика Дт | D1: Аналітика Кт | E1: Дебет | H1: Кредит | K1: Поточне сальдо
E2: Рахунок | H2: Рахунок
A3: 01.05.2025 | B3: Переміщення товарів ІБ00-000471 від 01.05.2025 12:40:09 Перемещение ТМЦ | C3: Обл. НДС Пісок з відсіву дроблення щебеню фр. 0-5мм. Надходження товарів і послуг ІБ00-001681 від 15.04.2025 11:00:00 Резервуарний парк соєвої меляси (Глобине) | D3: Обл. НДС Пісок з відсіву дроблення щебеню фр. 0-5мм. Надходження товарів і послуг ІБ00-001681 від 15.04.2025 11:00:00 Генплан митний склад (Глобине) | E3: 205 | H3: 205 | I3: 18870 | K3: Д | L3: 193023.2
A4: 01.05.2025 | B4: Переміщення товарів ІБ00-000471 від 01.05.2025 12:40:09 Перемещение ТМЦ | C4: Обл. НДС Пісок з відсіву дроблення щебеню фр. 0-5мм. Надходження товарів і послуг ІБ00-001749 від 18.04.2025 11:00:00 Резервуарний парк соєвої меляси (Глобине) | D4: Обл. НДС Пісок з відсіву дроблення щебеню фр. 0-5мм. Надходження товарів і послуг ІБ00-001749 від 18.04.2025 11:00:00 Генплан митний склад (Глобине) | E4: 205 | H4: 205 | I4: 9105 | K4: Д | L4: 183918.2
A5: 20.05.2025 | B5: Переміщення товарів ІБ00-000452 від 20.05.2025 11:05:00 Перемещение ТМЦ | C5: Обл. НДС Лист г/к 6*1500*6000 мм 3 пс Надходження товарів і послуг ІБ00-002356 від 20.05.2025 11:00:00 Генплан митний склад (Глобине) | D5: Обл. НДС Лист г/к 6*1500*6000 мм 3 пс Надходження товарів і послуг ІБ00-002356 від 20.05.2025 11:00:00 Глобине-2 | E5: 205 | F5: 2022.36 | H5: 205 | K5: Д | L5: 185940.56
A6: 20.05.2025 | B6: Переміщення товарів ІБ00-000452 від 20.05.2025 11:05:00 Перемещение ТМЦ | C6: Обл. НДС Лист г/к 10,0 мм 1500х6000, S235 JR Надходження товарів і послуг ІБ00-002356 від 20.05.2025 11:00:00 Генплан митний склад (Глобине) | D6: Обл. НДС Лист г/к 10,0 мм 1500х6000, S235 JR Надходження товарів і послуг ІБ00-002356 від 20.05.2025 11:00:00 Глобине-2 | E6: 205 | F6: 6898.69 | H6: 205 | K6: Д | L6: 192839.25
A7: 20.05.2025 | B7: Переміщення товарів ІБ00-000452 від 20.05.2025 11:05:00 Перемещение ТМЦ | C7: Обл. НДС Труба профільна 40*40*3,0 L=6000 мм ст1-3 сп/пс Надходження товарів і послуг ІБ00-002356 від 20.05.2025 11:00:00 Генплан митний склад (Глобине) | D7: Обл. НДС Труба профільна 40*40*3,0 L=6000 мм ст1-3 сп/пс Надходження товарів і послуг ІБ00-002356 від 20.05.2025 11:00:00 Глобине-2 | E7: 205 | F7: 1959.48 | H7: 205 | K7: Д | L7: 194798.73
A8: 20.05.2025 | B8: Переміщення товарів ІБ00-000482 від 20.05.2025 15:09:52 Перемещение ТМЦ | C8: Обл. НДС Труба ДУ 32*2,8 ст.1-3пс; 6 м Надходження товарів і послуг ІБ00-001657 від 01.04.2025 11:00:00 Генплан благоустрій (Глобине) | D8: Обл. НДС Труба ДУ 32*2,8 ст.1-3пс; 6 м Надходження товарів і послуг ІБ00-001657 від 01.04.2025 11:00:00 Генплан митний склад (Глобине) | E8: 205 | H8: 205 | I8: 993.25 | K8: Д | L8: 193805.48
A9: 20.05.2025 | B9: Переміщення товарів ІБ00-000482 від 20.05.2025 15:09:52 Перемещение ТМЦ | C9: Обл. НДС Дріт колючо-ріжуч спіраль діам кільця=500мм/3скоби 10м Надходження товарів і послуг ІБ00-001809 від 11.04.2025 11:00:00 Генплан благоустрій (Глобине) | D9: Обл. НДС Дріт колючо-ріжуч спіраль діам кільця=500мм/3скоби 10м Надходження товарів і послуг ІБ00-001809 від 11.04.2025 11:00:00 Генплан митний склад (Глобине) | E9: 205 | H9: 205 | I9: 5250 | K9: Д | L9: 188555.48
A10: 20.05.2025 | B10: Переміщення товарів ІБ00-000482 від 20.05.2025 15:09:52 Перемещение ТМЦ | C10: Обл. НДС Щебенево-піщана суміш фр 0-70 мм Надходження товарів і послуг ІБ00-001628 від 12.04.2025 12:00:03 Генплан благоустрій (Глобине) | D10: Обл. НДС Щебенево-піщана суміш фр 0-70 мм Надходження товарів і послуг ІБ00-001628 від 12.04.2025 12:00:03 Генплан митний склад (Глобине) | E10: 205 | H10: 205 | I10: 20590.5 | K10: Д | L10: 167964.98
A11: 20.05.2025 | B11: Переміщення товарів ІБ00-000482 від 20.05.2025 15:09:52 Перемещение ТМЦ | C11: Обл. НДС Щебінь 40-70 Надходження товарів і послуг ІБ00-001604 від 11.04.2025 20:51:44 Генплан благоустрій (Глобине) | D11: Обл. НДС Щебінь 40-70 Надходження товарів і послуг ІБ00-001604 від 11.04.2025 20:51:44 Генплан митний склад (Глобине) | E11: 205 | H11: 205 | I11: 9479.29 | K11: Д | L11: 158485.69
A12: 29.05.2025 | B12: Переміщення товарів ІБ00-000521 від 29.05.2025 08:00:00 Перемещение ТМЦ | C12: Обл. НДС Дріт в'язальний 1,6 мм 100м Надходження товарів і послуг ІБ00-001661 від 01.04.2025 11:00:00 Пожежений резервуар (Глобине) | D12: Обл. НДС Дріт в'язальний 1,6 мм 100м Надходження товарів і послуг ІБ00-001661 від 01.04.2025 11:00:00 Генплан митний склад (Глобине) | E12: 205 | H12: 205 | I12: 400 | K12: Д | L12: 158085.69
A13: 29.05.2025 | B13: Вимога-накладна ІБ00-000430 від 29.05.2025 21:00:00 Списаны ТМЦ | C13: Обл. НДС Виробничий (Глобине-2) Глобине-2 Прямі материальні виробничі витрати крім зворотніх відходів | D13: Обл. НДС Труба ДУ 32*2,8 ст.1-3пс; 6 м Надходження товарів і послуг ІБ00-001657 від 01.04.2025 11:00:00 Генплан митний склад (Глобине) | E13: 231 | H13: 205 | I13: 7118.3 | K13: Д | L13: 150967.39
A14: 29.05.2025 | B14: Вимога-накладна ІБ00-000430 від 29.05.2025 21:00:00 Списаны ТМЦ | C14: Обл. НДС Виробничий (Глобине-2) Глобине-2 Прямі материальні виробничі витрати крім зворотніх відходів | D14: Обл. НДС Дріт 3,0мм з/я т/о Надходження товарів і послуг ІБ00-001657 від 01.04.2025 11:00:00 Генплан митний склад (Глобине) | E14: 231 | H14: 205 | I14: 343.23 | K14: Д | L14: 150624.16
A15: Обороти за період та сальдо на кінець | E15: 10880.53 | H15: 72149.57 | K15: Д | L15: 150624.16
J17: =SUBTOTAL(9,I13:J14) -> 7461.53

Sheet Генплан підпірна стінка
A1: Період | B1: Документ | C1: Аналітика Дт | D1: Аналітика Кт | E1: Дебет | H1: Кредит | K1: Поточне сальдо
E2: Рахунок | H2: Рахунок
A3: 01.05.2025 | B3: Переміщення товарів ІБ00-000469 від 01.05.2025 12:38:57 Перемещение ТМЦ | C3: Обл. НДС Пісок з відсіву дроблення щебеню фр. 0-5мм. Надходження товарів і послуг ІБ00-001748 від 21.04.2025 11:00:00 Резервуарний парк соєвої меляси (Глобине) | D3: Обл. НДС Пісок з відсіву дроблення щебеню фр. 0-5мм. Надходження товарів і послуг ІБ00-001748 від 21.04.2025 11:00:00 Генплан підпірна стінка (Глобине) | E3: 205 | H3: 205 | I3: 561.75 | K3: Д | L3: 120004.98
A4: 01.05.2025 | B4: Переміщення товарів ІБ00-000474 від 01.05.2025 13:13:33 Перемещение ТМЦ | C4: Обл. НДС Пісок з відсіву дроблення щебеню фр. 0-5мм. Надходження товарів і послуг ІБ00-001748 від 21.04.2025 11:00:00 Резервуар для зберігання розчинника(Глобине) | D4: Обл. НДС Пісок з відсіву дроблення щебеню фр. 0-5мм. Надходження товарів і послуг ІБ00-001748 від 21.04.2025 11:00:00 Генплан підпірна стінка (Глобине) | E4: 205 | H4: 205 | I4: 2765.25 | K4: Д | L4: 117239.73
A5: 01.05.2025 | B5: Переміщення товарів ІБ00-000474 від 01.05.2025 13:13:33 Перемещение ТМЦ | C5: Обл. НДС Пісок з відсіву дроблення щебеню фр. 0-5мм. Надходження товарів і послуг ІБ00-001810 від 23.04.2025 11:00:00 Резервуар для зберігання розчинника(Глобине) | D5: Обл. НДС Пісок з відсіву дроблення щебеню фр. 0-5мм. Надходження товарів і послуг ІБ00-001810 від 23.04.2025 11:00:00 Генплан підпірна стінка (Глобине) | E5: 205 | H5: 205 | I5: 19797.33 | K5: Д | L5: 97442.4
A6: 17.05.2025 | B6: Переміщення товарів ІБ00-000443 від 17.05.2025 11:15:00 Перемещение ТМЦ | C6: Обл. НДС Бетон С20/25 W6 F75 P4 Надходження товарів і послуг ІБ00-002293 від 17.05.2025 11:00:00 Генплан підпірна стінка (Глобине) | D6: Обл. НДС Бетон С20/25 W6 F75 P4 Надходження товарів і послуг ІБ00-002293 від 17.05.2025 11:00:00 Глобине-2 | E6: 205 | F6: 1495.18 | H6: 205 | K6: Д | L6: 98937.58
A7: 22.05.2025 | B7: Переміщення товарів ІБ00-000458 від 22.05.2025 16:49:22 Перемещение ТМЦ | C7: Обл. НДС Цемент ПЦ ІІ/А-Ш 500 25кг 1пал/64шт Надходження товарів і послуг ІБ00-002038 від 01.04.2025 11:00:00 Транспортна галерея (Глобине) | D7: Обл. НДС Цемент ПЦ ІІ/А-Ш 500 25кг 1пал/64шт Надходження товарів і послуг ІБ00-002038 від 01.04.2025 11:00:00 Генплан підпірна стінка (Глобине) | E7: 205 | H7: 205 | I7: 1980 | K7: Д | L7: 96957.58
A8: Обороти за період та сальдо на кінець | E8: 1495.18 | H8: 25104.33 | K8: Д | L8: 96957.58

Sheet Глобине-2
A1: Період | B1: Документ | C1: Аналітика Дт | D1: Аналітика Кт | E1: Дебет | H1: Кредит | K1: Поточне сальдо
E2: Рахунок | H2: Рахунок
A3: 01.05.2025 | B3: Надходження товарів і послуг ІБ00-002050 від 01.05.2025 11:00:00 Оприходованы ТМЦ (Зачет аванса поставщику) | C3: Обл. НДС Бетон С 30/35 W4 F75 Р4 Надходження товарів і послуг ІБ00-002050 від 01.05.2025 11:00:00 Глобине-2 | D3: Кременчуцький річковий порт ПРАТ Договір 112/Б від 15.10.2024_Глобине-2 Списання з банківського рахунку 00000026026 від 28.04.2025 17:40:12 | E3: 205 | F3: 12320 | H3: 631 | K3: Д | L3: 389000.04
A4: 01.05.2025 | B4: Надходження товарів і послуг ІБ00-002050 від 01.05.2025 11:00:00 Оприходованы ТМЦ (Зачет аванса поставщику) | C4: Обл. НДС Бетон С 8/10 Р4 Надходження товарів і послуг ІБ00-002050 від 01.05.2025 11:00:00 Глобине-2 | D4: Кременчуцький річковий порт ПРАТ Договір 112/Б від 15.10.2024_Глобине-2 Списання з банківського рахунку 00000026026 від 28.04.2025 17:40:12 | E4: 205 | F4: 18967.5 | H4: 631 | K4: Д | L4: 407967.54
A5: 01.05.2025 | B5: Надходження товарів і послуг ІБ00-002202 від 01.05.2025 11:00:00 Оприходованы ТМЦ (Зачет аванса поставщику) | C5: Обл. НДС Труба Дн 89*3 Надходження товарів і послуг ІБ00-002202 від 01.05.2025 11:00:00 Глобине-2 | D5: ТСПЛ ТОВ Дог пост № 26/04-21 від 26.04.2021 р._Глобине-2 Рахунок на оплату постачальника ІБ00-001332 від 15.04.2025 18:30:31 | E5: 205 | F5: 308.44 | H5: 631 | K5: Д | L5: 408275.98
A6: 01.05.2025 | B6: Надходження товарів і послуг ІБ00-002202 від 01.05.2025 11:00:00 Оприходованы ТМЦ (Зачет аванса поставщику) | C6: Обл. НДС Труба Дн 108*5,0мм Надходження товарів і послуг ІБ00-002202 від 01.05.2025 11:00:00 Глобине-2 | D6: ТСПЛ ТОВ Дог пост № 26/04-21 від 26.04.2021 р._Глобине-2 Рахунок на оплату постачальника ІБ00-001332 від 15.04.2025 18:30:31 | E6: 205 | F6: 287.87 | H6: 631 | K6: Д | L6: 408563.85
A7: 01.05.2025 | B7: Надходження товарів і послуг ІБ00-002202 від 01.05.2025 11:00:00 Оприходованы ТМЦ (Зачет аванса поставщику) | C7: Обл. НДС Труба 127*5.0мм Надходження товарів і послуг ІБ00-002202 від 01.05.2025 11:00:00 Глобине-2 | D7: ТСПЛ ТОВ Дог пост № 26/04-21 від 26.04.2021 р._Глобине-2 Рахунок на оплату постачальника ІБ00-001332 від 15.04.2025 18:30:31 | E7: 205 | F7: 688.85 | H7: 631 | K7: Д | L7: 409252.7
A8: 01.05.2025 | B8: Надходження товарів і послуг ІБ00-002202 від 01.05.2025 11:00:00 Оприходованы ТМЦ (Зачет аванса поставщику) | C8: Обл. НДС Труба 159*5.0мм Надходження товарів і послуг ІБ00-002202 від 01.05.2025 11:00:00 Глобине-2 | D8: ТСПЛ ТОВ Дог пост № 26/04-21 від 26.04.2021 р._Глобине-2 Рахунок на оплату постачальника ІБ00-001332 від 15.04.2025 18:30:31 | E8: 205 | F8: 1967.85 | H8: 631 | K8: Д | L8: 411220.55
A9: 01.05.2025 | B9: Надходження товарів і послуг ІБ00-002202 від 01.05.2025 11:00:00 Оприходованы ТМЦ (Зачет аванса поставщику) | C9: Обл. НДС Труба 219*6 Надходження товарів і послуг ІБ00-002202 від 01.05.2025 11:00:00 Глобине-2 | D9: ТСПЛ ТОВ Дог пост № 26/04-21 від 26.04.2021 р._Глобине-2 Рахунок на оплату постачальника ІБ00-001332 від 15.04.2025 18:30:31 | E9: 205 | F9: 1176.19 | H9: 631 | K9: Д | L9: 412396.74
A10: 01.05.2025 | B10: Надходження товарів і послуг ІБ00-002202 від 01.05.2025 11:00:00 Оприходованы ТМЦ (Зачет аванса поставщику) | C10: Обл. НДС Труба 377*10,0 Надходження товарів і послуг ІБ00-002202 від 01.05.2025 11:00:00 Глобине-2 | D10: ТСПЛ ТОВ Дог пост № 26/04-21 від 26.04.2021 р._Глобине-2 Рахунок на оплату постачальника ІБ00-001332 від 15.04.2025 18:30:31 | E10: 205 | F10: 2801.67 | H10: 631 | K10: Д | L10: 415198.41
A11: 01.05.2025 | B11: Надходження товарів і послуг ІБ00-002202 від 01.05.2025 11:00:00 Оприходованы ТМЦ (Зачет аванса поставщику) | C11: Обл. НДС Труба 426*10,0мм Надходження товарів і послуг ІБ00-002202 від 01.05.2025 11:00:00 Глобине-2 | D11: ТСПЛ ТОВ Дог пост № 26/04-21 від 26.04.2021 р._Глобине-2 Рахунок на оплату постачальника ІБ00-001332 від 15.04.2025 18:30:31 | E11: 205 | F11: 10641.21 | H11: 631 | K11: Д | L11: 425839.62
A12: 01.05.2025 | B12: Надходження товарів і послуг ІБ00-002202 від 01.05.2025 11:00:00 Оприходованы ТМЦ (Зачет аванса поставщику) | C12: Обл. НДС Труба 325*7,0мм Надходження товарів і послуг ІБ00-002202 від 01.05.2025 11:00:00 Глобине-2 | D12: ТСПЛ ТОВ Дог пост № 26/04-21 від 26.04.2021 р._Глобине-2 Рахунок на оплату постачальника ІБ00-001332 від 15.04.2025 18:30:31 | E12: 205 | F12: 1768.39 | H12: 631 | K12: Д | L12: 427608.01
A13: 01.05.2025 | B13: Надходження товарів і послуг ІБ00-002202 від 01.05.2025 11:00:00 Оприходованы ТМЦ (Зачет аванса поставщику) | C13: Обл. НДС Труба 530*8,0мм Надходження товарів і послуг ІБ00-002202 від 01.05.2025 11:00:00 Глобине-2 | D13: ТСПЛ ТОВ Дог пост № 26/04-21 від 26.04.2021 р._Глобине-2 Рахунок на оплату постачальника ІБ00-001332 від 15.04.2025 18:30:31 | E13: 205 | F13: 4935.05 | H13: 631 | K13: Д | L13: 432543.06
A14: 01.05.2025 | B14: Надходження товарів і послуг ІБ00-002202 від 01.05.2025 11:00:00 Оприходованы ТМЦ (Зачет аванса поставщику) | C14: Обл. НДС Труба 720*8,0мм Надходження товарів і послуг ІБ00-002202 від 01.05.2025 11:00:00 Глобине-2 | D14: ТСПЛ ТОВ Дог пост № 26/04-21 від 26.04.2021 р._Глобине-2 Рахунок на оплату постачальника ІБ00-001332 від 15.04.2025 18:30:31 | E14: 205 | F14: 5110.87 | H14: 631 | K14: Д | L14: 437653.93
... A20: 01.05.2025 | B20: Надходження дод. витрат ІБ00-000299 від 01.05.2025 11:05:00 Доп. расходы при поступлении товаров (Зачет аванса поставщику) | C20: Обл. НДС Бетон С 8/10 Р4 Надходження товарів і послуг ІБ00-002050 від 01.05.2025 11:00:00 Глобине-2 | D20: Кременчуцький річковий порт ПРАТ Договір 112/Б від 15.10.2024_Глобине-2 Списання з банківського рахунку 00000026026 від 28.04.2025 17:40:12 | E20: 205 | F20: 11800.32 | H20: 631 | K20: Д | L20: 480210.87
A21: 01.05.2025 | B21: Переміщення товарів ІБ00-000413 від 01.05.2025 11:10:00 Перемещение ТМЦ | C21: Обл. НДС Бетон С 8/10 Р4 Надходження товарів і послуг ІБ00-002050 від 01.05.2025 11:00:00 Резервуар для зберігання розчинника(Глобине) | D21: Обл. НДС Бетон С 8/10 Р4 Надходження товарів і послуг ІБ00-002050 від 01.05.2025 11:00:00 Глобине-2 | E21: 205 | H21: 205 | I21: 5811.7 | K21: Д | L21: 474399.17
A22: 01.05.2025 | B22: Переміщення товарів ІБ00-000414 від 01.05.2025 11:10:00 Перемещение ТМЦ | C22: Обл. НДС Бетон С 8/10 Р4 Надходження товарів і послуг ІБ00-002050 від 01.05.2025 11:00:00 Пожежений резервуар (Глобине) | D22: Обл. НДС Бетон С 8/10 Р4 Надходження товарів і послуг ІБ00-002050 від 01.05.2025 11:00:00 Глобине-2 | E22: 205 | H22: 205 | I22: 24956.12 | K22: Д | L22: 449443.05
A23: 01.05.2025 | B23: Переміщення товарів ІБ00-000415 від 01.05.2025 11:10:00 Перемещение ТМЦ | C23: Обл. НДС Бетон С 30/35 W4 F75 Р4 Надходження товарів і послуг ІБ00-002050 від 01.05.2025 11:00:00 СПК (Глобине) | D23: Обл. НДС Бетон С 30/35 W4 F75 Р4 Надходження товарів і послуг ІБ00-002050 від 01.05.2025 11:00:00 Глобине-2 | E23: 205 | H23: 205 | I23: 19984.68 | K23: Д | L23: 429458.37
A24: 01.05.2025 | B24: Переміщення товарів ІБ00-000437 від 01.05.2025 11:10:00 Перемещение ТМЦ | C24: Обл. НДС Труба Дн 89*3 Надходження товарів і послуг ІБ00-002202 від 01.05.2025 11:00:00 АПК (Глобине) | D24: Обл. НДС Труба Дн 89*3 Надходження товарів і послуг ІБ00-002202 від 01.05.2025 11:00:00 Глобине-2 | E24: 205 | H24: 205 | I24: 308.44 | K24: Д | L24: 429149.93
A25: 01.05.2025 | B25: Переміщення товарів ІБ00-000437 від 01.05.2025 11:10:00 Перемещение ТМЦ | C25: Обл. НДС Труба Дн 108*5,0мм Надходження товарів і послуг ІБ00-002202 від 01.05.2025 11:00:00 АПК (Глобине) | D25: Обл. НДС Труба Дн 108*5,0мм Надходження товарів і послуг ІБ00-002202 від 01.05.2025 11:00:00 Глобине-2 | E25: 205 | H25: 205 | I25: 287.87 | K25: Д | L25: 428862.06
A26: 01.05.2025 | B26: Переміщення товарів ІБ00-000437 від 01.05.2025 11:10:00 Перемещение ТМЦ | C26: Обл. НДС Труба 127*5.0мм Надходження товарів і послуг ІБ00-002202 від 01.05.2025 11:00:00 АПК (Глобине) | D26: Обл. НДС Труба 127*5.0мм Надходження товарів і послуг ІБ00-002202 від 01.05.2025 11:00:00 Глобине-2 | E26: 205 | H26: 205 | I26: 688.85 | K26: Д | L26: 428173.21
A27: 01.05.2025 | B27: Переміщення товарів ІБ00-000437 від 01.05.2025 11:10:00 Перемещение ТМЦ | C27: Обл. НДС Труба 159*5.0мм Надходження товарів і послуг ІБ00-002202 від 01.05.2025 11:00:00 АПК (Глобине) | D27: Обл. НДС Труба 159*5.0мм Надходження товарів і послуг ІБ00-002202 від 01.05.2025 11:00:00 Глобине-2 | E27: 205 | H27: 205 | I27: 1967.85 | K27: Д | L27: 426205.36
A28: 01.05.2025 | B28: Переміщення товарів ІБ00-000437 від 01.05.2025 11:10:00 Перемещение ТМЦ | C28: Обл. НДС Труба 219*6 Надходження товарів і послуг ІБ00-002202 від 01.05.2025 11:00:00 АПК (Глобине) | D28: Обл. НДС Труба 219*6 Надходження товарів і послуг ІБ00-002202 від 01.05.2025 11:00:00 Глобине-2 | E28: 205 | H28: 205 | I28: 1176.19 | K28: Д | L28: 425029.17
A29: 01.05.2025 | B29: Переміщення товарів ІБ00-000437 від 01.05.2025 11:10:00 Перемещение ТМЦ | C29: Обл. НДС Труба 377*10,0 Надходження товарів і послуг ІБ00-002202 від 01.05.2025 11:00:00 АПК (Глобине) | D29: Обл. НДС Труба 377*10,0 Надходження товарів і послуг ІБ00-002202 від 01.05.2025 11:00:00 Глобине-2 | E29: 205 | H29: 205 | I29: 2801.67 | K29: Д | L29: 422227.5
A30: 01.05.2025 | B30: Переміщення товарів ІБ00-000437 від 01.05.2025 11:10:00 Перемещение ТМЦ | C30: Обл. НДС Труба 426*10,0мм Надходження товарів і послуг ІБ00-002202 від 01.05.2025 11:00:00 АПК (Глобине) | D30: Обл. НДС Труба 426*10,0мм Надходження товарів і послуг ІБ00-002202 від 01.05.2025 11:00:00 Глобине-2 | E30: 205 | H30: 205 | I30: 10641.21 | K30: Д | L30: 411586.29
A31: 01.05.2025 | B31: Переміщення товарів ІБ00-000438 від 01.05.2025 11:10:00 Перемещение ТМЦ | C31: Обл. НДС Труба 325*7,0мм Надходження товарів і послуг ІБ00-002202 від 01.05.2025 11:00:00 Пожежений резервуар (Глобине) | D31: Обл. НДС Труба 325*7,0мм Надходження товарів і послуг ІБ00-002202 від 01.05.2025 11:00:00 Глобине-2 | E31: 205 | H31: 205 | I31: 1768.39 | K31: Д | L31: 409817.9
A32: 01.05.2025 | B32: Переміщення товарів ІБ00-000438 від 01.05.2025 11:10:00 Перемещение ТМЦ | C32: Обл. НДС Труба 530*8,0мм Надходження товарів і послуг ІБ00-002202 від 01.05.2025 11:00:00 Пожежений резервуар (Глобине) | D32: Обл. НДС Труба 530*8,0мм Надходження товарів і послуг ІБ00-002202 від 01.05.2025 11:00:00 Глобине-2 | E32: 205 | H32: 205 | I32: 4935.05 | K32: Д | L32: 404882.85
... A37: 01.05.2025 | B37: Переміщення товарів ІБ00-000464 від 01.05.2025 23:41:06 Перемещение ТМЦ | C37: Обл. НДС Кутник 100х100х7 мм ст.3 сп 5 12м Надходження товарів і послуг ІБ00-001808 від 22.04.2025 11:00:00 Пожежений резервуар (Глобине) | D37: Обл. НДС Кутник 100х100х7 мм ст.3 сп 5 12м Надходження товарів і послуг ІБ00-001808 від 22.04.2025 11:00:00 Глобине-2 | E37: 205 | H37: 205 | I37: 40207.17 | K37: Д | L37: 336472.87
A38: 01.05.2025 | B38: Переміщення товарів ІБ00-000466 від 01.05.2025 23:41:07 Перемещение ТМЦ | C38: Обл. НДС Лист г/к 10,0 мм 1500х6000, S235 JR Надходження товарів і послуг ІБ00-001815 від 22.04.2025 11:00:00 Глобине-2 | D38: Обл. НДС Лист г/к 10,0 мм 1500х6000, S235 JR Надходження товарів і послуг ІБ00-001815 від 22.04.2025 11:00:00 Пожежений резервуар (Глобине) | E38: 205 | F38: 12192.93 | H38: 205 | K38: Д | L38: 348665.8
A39: 01.05.2025 | B39: Переміщення товарів ІБ00-000473 від 01.05.2025 23:41:10 Перемещение ТМЦ | C39: Обл. НДС Емульсія бітумна Р-10 EN каністра 20л Надходження товарів і послуг ІБ00-002088 від 19.12.2023 18:21:48 Резервуарний парк соєвої меляси (Глобине) | D39: Обл. НДС Емульсія бітумна Р-10 EN каністра 20л Надходження товарів і послуг ІБ00-002088 від 19.12.2023 18:21:48 Глобине-2 | E39: 205 | H39: 205 | I39: 12679.5 | K39: Д | L39: 335986.3
A40: 03.05.2025 | B40: Надходження товарів і послуг ІБ00-002008 від 03.05.2025 11:00:00 Оприходованы ТМЦ (Зачет аванса поставщику) | C40: Обл. НДС Бетон С20/25 W6 F75 P4 Надходження товарів і послуг ІБ00-002008 від 03.05.2025 11:00:00 Глобине-2 | D40: Кременчуцький річковий порт ПРАТ Договір 112/Б від 15.10.2024_Глобине-2 Списання з банківського рахунку 00000026026 від 28.04.2025 17:40:12 | E40: 205 | F40: 121180 | H40: 631 | K40: Д | L40: 457166.3
A41: 03.05.2025 | B41: Надходження товарів і послуг ІБ00-002008 від 03.05.2025 11:00:00 Оприходованы ТМЦ | C41: Обл. НДС Бетон С 8/10 Р4 Надходження товарів і послуг ІБ00-002008 від 03.05.2025 11:00:00 Глобине-2 | D41: Кременчуцький річковий порт ПРАТ Договір 112/Б від 15.10.2024_Глобине-2 Надходження товарів і послуг ІБ00-002008 від 03.05.2025 11:00:00 | E41: 205 | F41: 38988.75 | H41: 631 | K41: Д | L41: 496155.05
A42: 03.05.2025 | B42: Надходження дод. витрат ІБ00-000298 від 03.05.2025 11:05:00 Доп. расходы при поступлении товаров | C42: Обл. НДС Бетон С20/25 W6 F75 P4 Надходження товарів і послуг ІБ00-002008 від 03.05.2025 11:00:00 Глобине-2 | D42: Кременчуцький річковий порт ПРАТ Договір 112/Б від 15.10.2024_Глобине-2 Надходження дод. витрат ІБ00-000298 від 03.05.2025 11:05:00 | E42: 205 | F42: 41922.31 | H42: 631 | K42: Д | L42: 538077.36
A43: 03.05.2025 | B43: Надходження дод. витрат ІБ00-000298 від 03.05.2025 11:05:00 Доп. расходы при поступлении товаров | C43: Обл. НДС Бетон С 8/10 Р4 Надходження товарів і послуг ІБ00-002008 від 03.05.2025 11:00:00 Глобине-2 | D43: Кременчуцький річковий порт ПРАТ Договір 112/Б від 15.10.2024_Глобине-2 Надходження дод. витрат ІБ00-000298 від 03.05.2025 11:05:00 | E43: 205 | F43: 13488.19 | H43: 631 | K43: Д | L43: 551565.55
A44: 03.05.2025 | B44: Переміщення товарів ІБ00-000395 від 03.05.2025 11:10:00 Перемещение ТМЦ | C44: Обл. НДС Бетон С20/25 W6 F75 P4 Надходження товарів і послуг ІБ00-002008 від 03.05.2025 11:00:00 АПК (Глобине) | D44: Обл. НДС Бетон С20/25 W6 F75 P4 Надходження товарів і послуг ІБ00-002008 від 03.05.2025 11:00:00 Глобине-2 | E44: 205 | H44: 205 | I44: 163102.31 | K44: Д | L44: 388463.24
A45: 03.05.2025 | B45: Переміщення товарів ІБ00-000396 від 03.05.2025 11:10:00 Перемещение ТМЦ | C45: Обл. НДС Бетон С 8/10 Р4 Надходження товарів і послуг ІБ00-002008 від 03.05.2025 11:00:00 Пожежений резервуар (Глобине) | D45: Обл. НДС Бетон С 8/10 Р4 Надходження товарів і послуг ІБ00-002008 від 03.05.2025 11:00:00 Глобине-2 | E45: 205 | H45: 205 | I45: 46803.76 | K45: Д | L45: 341659.48
A46: 03.05.2025 | B46: Переміщення товарів ІБ00-000397 від 03.05.2025 11:10:00 Перемещение ТМЦ | C46: Обл. НДС Бетон С 8/10 Р4 Надходження товарів і послуг ІБ00-002008 від 03.05.2025 11:00:00 Транспортна галерея (Глобине) | D46: Обл. НДС Бетон С 8/10 Р4 Надходження товарів і послуг ІБ00-002008 від 03.05.2025 11:00:00 Глобине-2 | E46: 205 | H46: 205 | I46: 5673.18 | K46: Д | L46: 335986.3
A47: 05.05.2025 | B47: Надходження товарів і послуг ІБ00-002188 від 05.05.2025 11:00:00 Оприходованы ТМЦ | C47: Обл. НДС Шуруп г/к по дереву 3,5*55 мм Надходження товарів і послуг ІБ00-002188 від 05.05.2025 11:00:00 Глобине-2 | D47: Лук'ян Михайло Федорович ФОП 22/08-24-1 от 22.08.2024 (РАХУНКИ)_Глобине-2 Рахунок на оплату постачальника ІБ00-001787 від 05.05.2025 18:06:41 | E47: 205 | F47: 483.4 | H47: 631 | K47: Д | L47: 336469.7
A48: 05.05.2025 | B48: Надходження товарів і послуг ІБ00-002188 від 05.05.2025 11:00:00 Оприходованы ТМЦ | C48: Обл. НДС Шуруп г/к по дереву 4,2*76 мм Надходження товарів і послуг ІБ00-002188 від 05.05.2025 11:00:00 Глобине-2 | D48: Лук'ян Михайло Федорович ФОП 22/08-24-1 от 22.08.2024 (РАХУНКИ)_Глобине-2 Рахунок на оплату постачальника ІБ00-001787 від 05.05.2025 18:06:41 | E48: 205 | F48: 273.75 | H48: 631 | K48: Д | L48: 336743.45
A49: 07.05.2025 | B49: Надходження товарів і послуг ІБ00-002052 від 07.05.2025 11:00:00 Оприходованы ТМЦ | C49: Обл. НДС Бетон С 8/10 Р4 Надходження товарів і послуг ІБ00-002052 від 07.05.2025 11:00:00 Глобине-2 | D49: Кременчуцький річковий порт ПРАТ Договір 112/Б від 15.10.2024_Глобине-2 Надходження товарів і послуг ІБ00-002052 від 07.05.2025 11:00:00 | E49: 205 | F49: 23182.5 | H49: 631 | K49: Д | L49: 359925.95
A50: 07.05.2025 | B50: Надходження дод. витрат ІБ00-000301 від 07.05.2025 11:05:00 Доп. расходы при поступлении товаров | C50: Обл. НДС Бетон С 8/10 Р4 Надходження товарів і послуг ІБ00-002052 від 07.05.2025 11:00:00 Глобине-2 | D50: Кременчуцький річковий порт ПРАТ Договір 112/Б від 15.10.2024_Глобине-2 Надходження дод. витрат ІБ00-000301 від 07.05.2025 11:05:00 | E50: 205 | F50: 14740 | H50: 631 | K50: Д | L50: 374665.95
A51: 07.05.2025 | B51: Переміщення товарів ІБ00-000416 від 07.05.2025 11:10:00 Перемещение ТМЦ | C51: Обл. НДС Бетон С 8/10 Р4 Надходження товарів і послуг ІБ00-002052 від 07.05.2025 11:00:00 Резервуар для зберігання розчинника(Глобине) | D51: Обл. НДС Бетон С 8/10 Р4 Надходження товарів і послуг ІБ00-002052 від 07.05.2025 11:00:00 Глобине-2 | E51: 205 | H51: 205 | I51: 27580 | K51: Д | L51: 347085.95
A52: 07.05.2025 | B52: Переміщення товарів ІБ00-000417 від 07.05.2025 11:10:00 Перемещение ТМЦ | C52: Обл. НДС Бетон С 8/10 Р4 Надходження товарів і послуг ІБ00-002052 від 07.05.2025 11:00:00 Пожежений резервуар (Глобине) | D52: Обл. НДС Бетон С 8/10 Р4 Надходження товарів і послуг ІБ00-002052 від 07.05.2025 11:00:00 Глобине-2 | E52: 205 | H52: 205 | I52: 10342.5 | K52: Д | L52: 336743.45
A53: 08.05.2025 | B53: Надходження товарів і послуг ІБ00-002340 від 08.05.2025 11:00:00 Оприходованы ТМЦ | C53: Обл. НДС Пенекрит 25кг/відро Надходження товарів і послуг ІБ00-002340 від 08.05.2025 11:00:00 Глобине-2 | D53: ВЕМАКС ПП №290425 від 29.04.25,Спец№СРМ85_Глобино-2 Рахунок на оплату постачальника ІБ00-001855 від 05.05.2025 18:06:47 | E53: 205 | F53: 9375 | H53: 631 | K53: Д | L53: 346118.45
A54: 08.05.2025 | B54: Переміщення товарів ІБ00-000448 від 08.05.2025 11:10:00 Перемещение ТМЦ | C54: Обл. НДС Пенекрит 25кг/відро Надходження товарів і послуг ІБ00-002340 від 08.05.2025 11:00:00 АПК (Глобине) | D54: Обл. НДС Пенекрит 25кг/відро Надходження товарів і послуг ІБ00-002340 від 08.05.2025 11:00:00 Глобине-2 | E54: 205 | H54: 205 | I54: 4687.5 | K54: Д | L54: 341430.95
A55: 08.05.2025 | B55: Переміщення товарів ІБ00-000449 від 08.05.2025 11:10:00 Перемещение ТМЦ | C55: Обл. НДС Пенекрит 25кг/відро Надходження товарів і послуг ІБ00-002340 від 08.05.2025 11:00:00 Пожежений резервуар (Глобине) | D55: Обл. НДС Пенекрит 25кг/відро Надходження товарів і послуг ІБ00-002340 від 08.05.2025 11:00:00 Глобине-2 | E55: 205 | H55: 205 | I55: 4687.5 | K55: Д | L55: 336743.45
A56: 10.05.2025 | B56: Надходження товарів і послуг ІБ00-002159 від 10.05.2025 11:00:00 Оприходованы ТМЦ | C56: Обл. НДС Бетон С20/25 W6 F75 P4 Надходження товарів і послуг ІБ00-002159 від 10.05.2025 11:00:00 Глобине-2 | D56: Кременчуцький річковий порт ПРАТ Договір 112/Б від 15.10.2024_Глобине-2 Надходження товарів і послуг ІБ00-002159 від 10.05.2025 11:00:00 | E56: 205 | F56: 210240 | H56: 631 | K56: Д | L56: 546983.45
A57: 10.05.2025 | B57: Надходження дод. витрат ІБ00-000304 від 10.05.2025 11:05:00 Доп. расходы при поступлении товаров | C57: Обл. НДС Бетон С20/25 W6 F75 P4 Надходження товарів і послуг ІБ00-002159 від 10.05.2025 11:00:00 Глобине-2 | D57: Кременчуцький річковий порт ПРАТ Договір 112/Б від 15.10.2024_Глобине-2 Надходження дод. витрат ІБ00-000304 від 10.05.2025 11:05:00 | E57: 205 | F57: 61093 | H57: 631 | K57: Д | L57: 608076.45
A58: 10.05.2025 | B58: Переміщення товарів ІБ00-000428 від 10.05.2025 11:10:00 Перемещение ТМЦ | C58: Обл. НДС Бетон С20/25 W6 F75 P4 Надходження товарів і послуг ІБ00-002159 від 10.05.2025 11:00:00 АПК (Глобине) | D58: Обл. НДС Бетон С20/25 W6 F75 P4 Надходження товарів і послуг ІБ00-002159 від 10.05.2025 11:00:00 Глобине-2 | E58: 205 | H58: 205 | I58: 192194.21 | K58: Д | L58: 415882.24
A59: 10.05.2025 | B59: Переміщення товарів ІБ00-000429 від 10.05.2025 11:10:00 Перемещение ТМЦ | C59: Обл. НДС Бетон С20/25 W6 F75 P4 Надходження товарів і послуг ІБ00-002159 від 10.05.2025 11:00:00 Резервуар для зберігання розчинника(Глобине) | D59: Обл. НДС Бетон С20/25 W6 F75 P4 Надходження товарів і послуг ІБ00-002159 від 10.05.2025 11:00:00 Глобине-2 | E59: 205 | H59: 205 | I59: 79138.79 | K59: Д | L59: 336743.45
A60: 13.05.2025 | B60: Надходження товарів і послуг ІБ00-002157 від 13.05.2025 11:00:00 Оприходованы ТМЦ | C60: Обл. НДС Щебінь 20-40 Надходження товарів і послуг ІБ00-002157 від 13.05.2025 11:00:00 Глобине-2 | D60: Енергія Логістик ТОВ №28/10-2024 ВІД 28/10/24_Глобине-2 Рахунок на оплату постачальника ІБ00-001776 від 13.05.2025 21:22:28 | E60: 205 | F60: 15820.17 | H60: 631 | K60: Д | L60: 352563.62
A61: 13.05.2025 | B61: Переміщення товарів ІБ00-000426 від 13.05.2025 11:05:00 Перемещение ТМЦ | C61: Обл. НДС Щебінь 20-40 Надходження товарів і послуг ІБ00-002157 від 13.05.2025 11:00:00 СПК (Глобине) | D61: Обл. НДС Щебінь 20-40 Надходження товарів і послуг ІБ00-002157 від 13.05.2025 11:00:00 Глобине-2 | E61: 205 | H61: 205 | I61: 11925.5 | K61: Д | L61: 340638.12
A62: 13.05.2025 | B62: Переміщення товарів ІБ00-000427 від 13.05.2025 11:05:00 Перемещение ТМЦ | C62: Обл. НДС Щебінь 20-40 Надходження товарів і послуг ІБ00-002157 від 13.05.2025 11:00:00 Резервуар для зберігання розчинника(Глобине) | D62: Обл. НДС Щебінь 20-40 Надходження товарів і послуг ІБ00-002157 від 13.05.2025 11:00:00 Глобине-2 | E62: 205 | H62: 205 | I62: 3894.67 | K62: Д | L62: 336743.45
A63: 14.05.2025 | B63: Надходження товарів і послуг ІБ00-002222 від 14.05.2025 11:00:00 Оприходованы ТМЦ | C63: Обл. НДС Пісок з відсіву дроблення щебеню фр. 0-5мм. Надходження товарів і послуг ІБ00-002222 від 14.05.2025 11:00:00 Глобине-2 | D63: Енергія Логістик ТОВ №28/10-2024 ВІД 28/10/24_Глобине-2 Рахунок на оплату постачальника ІБ00-001825 від 14.05.2025 17:47:47 | E63: 205 | F63: 3707 | H63: 631 | K63: Д | L63: 340450.45
A64: 14.05.2025 | B64: Переміщення товарів ІБ00-000440 від 14.05.2025 11:10:00 Перемещение ТМЦ | C64: Обл. НДС Пісок з відсіву дроблення щебеню фр. 0-5мм. Надходження товарів і послуг ІБ00-002222 від 14.05.2025 11:00:00 Генплан дорога СПК (Глобине) | D64: Обл. НДС Пісок з відсіву дроблення щебеню фр. 0-5мм. Надходження товарів і послуг ІБ00-002222 від 14.05.2025 11:00:00 Глобине-2 | E64: 205 | H64: 205 | I64: 1871.83 | K64: Д | L64: 338578.62
A65: 14.05.2025 | B65: Переміщення товарів ІБ00-000441 від 14.05.2025 11:10:00 Перемещение ТМЦ | C65: Обл. НДС Пісок з відсіву дроблення щебеню фр. 0-5мм. Надходження товарів і послуг ІБ00-002222 від 14.05.2025 11:00:00 Транспортна галерея (Глобине) | D65: Обл. НДС Пісок з відсіву дроблення щебеню фр. 0-5мм. Надходження товарів і послуг ІБ00-002222 від 14.05.2025 11:00:00 Глобине-2 | E65: 205 | H65: 205 | I65: 1835.17 | K65: Д | L65: 336743.45
A66: 17.05.2025 | B66: Надходження товарів і послуг ІБ00-002293 від 17.05.2025 11:00:00 Оприходованы ТМЦ | C66: Обл. НДС Бетон С20/25 W6 F75 P4 Надходження товарів і послуг ІБ00-002293 від 17.05.2025 11:00:00 Глобине-2 | D66: Кременчуцький річковий порт ПРАТ Договір 112/Б від 15.10.2024_Глобине-2 Надходження товарів і послуг ІБ00-002293 від 17.05.2025 11:00:00 | E66: 205 | F66: 249660 | H66: 631 | K66: Д | L66: 586403.45
A67: 17.05.2025 | B67: Надходження товарів і послуг ІБ00-002303 від 17.05.2025 11:00:00 Оприходованы ТМЦ | C67: Обл. НДС Цвяхи 70*3 Надходження товарів і послуг ІБ00-002303 від 17.05.2025 11:00:00 Глобине-2 | D67: Лук'ян Михайло Федорович ФОП 22/08-24-1 от 22.08.2024 (РАХУНКИ)_Глобине-2 Рахунок на оплату постачальника ІБ00-001903 від 12.05.2025 17:50:38 | E67: 205 | F67: 100.5 | H67: 631 | K67: Д | L67: 586503.95
A68: 17.05.2025 | B68: Надходження товарів і послуг ІБ00-002303 від 17.05.2025 11:00:00 Оприходованы ТМЦ | C68: Обл. НДС Цвяхи 100*4,0 Надходження товарів і послуг ІБ00-002303 від 17.05.2025 11:00:00 Глобине-2 | D68: Лук'ян Михайло Федорович ФОП 22/08-24-1 от 22.08.2024 (РАХУНКИ)_Глобине-2 Рахунок на оплату постачальника ІБ00-001903 від 12.05.2025 17:50:38 | E68: 205 | F68: 100.3 | H68: 631 | K68: Д | L68: 586604.25
A69: 17.05.2025 | B69: Надходження дод. витрат ІБ00-000320 від 17.05.2025 11:10:00 Доп. расходы при поступлении товаров | C69: Обл. НДС Бетон С20/25 W6 F75 P4 Надходження товарів і послуг ІБ00-002293 від 17.05.2025 11:00:00 Глобине-2 | D69: Кременчуцький річковий порт ПРАТ Договір 112/Б від 15.10.2024_Глобине-2 Надходження дод. витрат ІБ00-000320 від 17.05.2025 11:10:00 | E69: 205 | F69: 69934.5 | H69: 631 | K69: Д | L69: 656538.75
A70: 17.05.2025 | B70: Переміщення товарів ІБ00-000442 від 17.05.2025 11:15:00 Перемещение ТМЦ | C70: Обл. НДС Бетон С20/25 W6 F75 P4 Надходження товарів і послуг ІБ00-002293 від 17.05.2025 11:00:00 Пожежений резервуар (Глобине) | D70: Обл. НДС Бетон С20/25 W6 F75 P4 Надходження товарів і послуг ІБ00-002293 від 17.05.2025 11:00:00 Глобине-2 | E70: 205 | H70: 205 | I70: 262030.11 | K70: Д | L70: 394508.64
A71: 17.05.2025 | B71: Переміщення товарів ІБ00-000443 від 17.05.2025 11:15:00 Перемещение ТМЦ | C71: Обл. НДС Бетон С20/25 W6 F75 P4 Надходження товарів і послуг ІБ00-002293 від 17.05.2025 11:00:00 Генплан підпірна стінка (Глобине) | D71: Обл. НДС Бетон С20/25 W6 F75 P4 Надходження товарів і послуг ІБ00-002293 від 17.05.2025 11:00:00 Глобине-2 | E71: 205 | H71: 205 | I71: 1495.18 | K71: Д | L71: 393013.46
A72: 17.05.2025 | B72: Переміщення товарів ІБ00-000444 від 17.05.2025 11:15:00 Перемещение ТМЦ | C72: Обл. НДС Бетон С20/25 W6 F75 P4 Надходження товарів і послуг ІБ00-002293 від 17.05.2025 11:00:00 Пункт фасування та зберігання в бігбегах (Глобине) | D72: Обл. НДС Бетон С20/25 W6 F75 P4 Надходження товарів і послуг ІБ00-002293 від 17.05.2025 11:00:00 Глобине-2 | E72: 205 | H72: 205 | I72: 56069.21 | K72: Д | L72: 336944.25
A73: 19.05.2025 | B73: Авансовий звіт ІБ00-000116 від 19.05.2025 15:48:32 Оприходованы ТМЦ | C73: Обл. НДС Труба профільна 50*50 мм Авансовий звіт ІБ00-000116 від 19.05.2025 15:48:32 Глобине-2 | D73: Штиченко Олександр Володимирович | E73: 205 | F73: 208.4 | H73: 3721 | K73: Д | L73: 337152.65
A74: 19.05.2025 | B74: Авансовий звіт ІБ00-000116 від 19.05.2025 15:48:32 Оприходованы ТМЦ | C74: Обл. НДС Труба профільна 50*50 мм Авансовий звіт ІБ00-000116 від 19.05.2025 15:48:32 Глобине-2 | D74: Штиченко Олександр Володимирович | E74: 205 | F74: 106.2 | H74: 3721 | K74: Д | L74: 337258.85
A75: 19.05.2025 | B75: Авансовий звіт ІБ00-000116 від 19.05.2025 15:48:32 Оприходованы ТМЦ | C75: Обл. НДС Дріт оцинкований 3,0 мм Авансовий звіт ІБ00-000116 від 19.05.2025 15:48:32 Глобине-2 | D75: Штиченко Олександр Володимирович | E75: 205 | F75: 153.98 | H75: 3721 | K75: Д | L75: 337412.83
A76: 19.05.2025 | B76: Авансовий звіт ІБ00-000116 від 19.05.2025 15:48:32 Оприходованы ТМЦ | C76: Обл. НДС порізка металу Авансовий звіт ІБ00-000116 від 19.05.2025 15:48:32 Глобине-2 | D76: Штиченко Олександр Володимирович | E76: 205 | F76: 10.62 | H76: 3721 | K76: Д | L76: 337423.45
A77: 19.05.2025 | B77: Авансовий звіт ІБ00-000116 від 19.05.2025 15:48:32 Оприходованы ТМЦ | C77: Обл. НДС Труба профільна 50*50 мм Авансовий звіт ІБ00-000116 від 19.05.2025 15:48:32 Глобине-2 | D77: Штиченко Олександр Володимирович | E77: 205 | F77: 54.9 | H77: 3721 | K77: Д | L77: 337478.35
A78: 19.05.2025 | B78: Авансовий звіт ІБ00-000116 від 19.05.2025 15:48:32 Оприходованы ТМЦ | C78: Обл. НДС порізка металу Авансовий звіт ІБ00-000116 від 19.05.2025 15:48:32 Глобине-2 | D78: Штиченко Олександр Володимирович | E78: 205 | F78: 10.9 | H78: 3721 | K78: Д | L78: 337489.25
A79: 19.05.2025 | B79: Авансовий звіт ІБ00-000116 від 19.05.2025 15:48:32 Оприходованы ТМЦ | C79: Обл. НДС Дріт оцинк. т/о 1,4 мм Авансовий звіт ІБ00-000116 від 19.05.2025 15:48:32 Глобине-2 | D79: Штиченко Олександр Володимирович | E79: 205 | F79: 273.9 | H79: 3721 | K79: Д | L79: 337763.15
A80: 19.05.2025 | B80: Авансовий звіт ІБ00-000116 від 19.05.2025 15:48:32 Оприходованы ТМЦ | C80: Обл. НДС Петля 30 Авансовий звіт ІБ00-000116 від 19.05.2025 15:48:32 Глобине-2 | D80: Штиченко Олександр Володимирович | E80: 205 | F80: 699 | H80: 3721 | K80: Д | L80: 338462.15
A81: 19.05.2025 | B81: Авансовий звіт ІБ00-000116 від 19.05.2025 15:48:32 Оприходованы ТМЦ | C81: Обл. НДС вироби кріпильні та гвинтонарізні Авансовий звіт ІБ00-000116 від 19.05.2025 15:48:32 Глобине-2 | D81: Штиченко Олександр Володимирович | E81: 205 | F81: 82 | H81: 3721 | K81: Д | L81: 338544.15
A82: 19.05.2025 | B82: Авансовий звіт ІБ00-000116 від 19.05.2025 15:48:32 Оприходованы ТМЦ | C82: Обл. НДС вироби кріпильні та гвинтонарізні Авансовий звіт ІБ00-000116 від 19.05.2025 15:48:32 Глобине-2 | D82: Штиченко Олександр Володимирович | E82: 205 | F82: 120 | H82: 3721 | K82: Д | L82: 338664.15
A83: 19.05.2025 | B83: Авансовий звіт ІБ00-000116 від 19.05.2025 15:48:32 Оприходованы ТМЦ | C83: Обл. НДС Фарба 3,25 кг Авансовий звіт ІБ00-000116 від 19.05.2025 15:48:32 Глобине-2 | D83: Штиченко Олександр Володимирович | E83: 205 | F83: 420 | H83: 3721 | K83: Д | L83: 339084.15
A84: 19.05.2025 | B84: Авансовий звіт ІБ00-000116 від 19.05.2025 15:48:32 Оприходованы ТМЦ | C84: Обл. НДС ліска будівельна Авансовий звіт ІБ00-000116 від 19.05.2025 15:48:32 Глобине-2 | D84: Штиченко Олександр Володимирович | E84: 205 | F84: 202 | H84: 3721 | K84: Д | L84: 339286.15
... A110: 20.05.2025 | B110: Надходження дод. витрат ІБ00-000328 від 20.05.2025 11:03:00 Доп. расходы при поступлении товаров | C110: Обл. НДС Швелер № 16П міра 12,00 м Надходження товарів і послуг ІБ00-002356 від 20.05.2025 11:00:00 Глобине-2 | D110: АВ МЕТАЛ ГРУП ТОВ Дог 2420/Р от 05.10.2023від 05.10.2023_Глобино-2 Рахунок на оплату постачальника ІБ00-001968 від 16.05.2025 00:00:00 | E110: 205 | F110: 13584.58 | H110: 631 | K110: Д | L110: 1134794.3
A111: 20.05.2025 | B111: Переміщення товарів ІБ00-000450 від 20.05.2025 11:05:00 Перемещение ТМЦ | C111: Обл. НДС Балка 20 ІРЕ200 12м S275JR Надходження товарів і послуг ІБ00-002356 від 20.05.2025 11:00:00 Резервуарний парк соєвої меляси (Глобине) | D111: Обл. НДС Балка 20 ІРЕ200 12м S275JR Надходження товарів і послуг ІБ00-002356 від 20.05.2025 11:00:00 Глобине-2 | E111: 205 | H111: 205 | I111: 8879.58 | K111: Д | L111: 1125914.7
A112: 20.05.2025 | B112: Переміщення товарів ІБ00-000450 від 20.05.2025 11:05:00 Перемещение ТМЦ | C112: Обл. НДС Кутник 75х75х6 мм ст.3сп5 6м Надходження товарів і послуг ІБ00-002356 від 20.05.2025 11:00:00 Резервуарний парк соєвої меляси (Глобине) | D112: Обл. НДС Кутник 75х75х6 мм ст.3сп5 6м Надходження товарів і послуг ІБ00-002356 від 20.05.2025 11:00:00 Глобине-2 | E112: 205 | H112: 205 | I112: 1084.01 | K112: Д | L112: 1124830.7
A113: 20.05.2025 | B113: Переміщення товарів ІБ00-000450 від 20.05.2025 11:05:00 Перемещение ТМЦ | C113: Обл. НДС Лист г/к 4*1250*2500 1-3 сп/пс 5 кат. Надходження товарів і послуг ІБ00-002356 від 20.05.2025 11:00:00 Резервуарний парк соєвої меляси (Глобине) | D113: Обл. НДС Лист г/к 4*1250*2500 1-3 сп/пс 5 кат. Надходження товарів і послуг ІБ00-002356 від 20.05.2025 11:00:00 Глобине-2 | E113: 205 | H113: 205 | I113: 2770.36 | K113: Д | L113: 1122060.4
A114: 20.05.2025 | B114: Переміщення товарів ІБ00-000450 від 20.05.2025 11:05:00 Перемещение ТМЦ | C114: Обл. НДС Лист г/к 6*1500*6000 мм 3 пс Надходження товарів і послуг ІБ00-002356 від 20.05.2025 11:00:00 Резервуарний парк соєвої меляси (Глобине) | D114: Обл. НДС Лист г/к 6*1500*6000 мм 3 пс Надходження товарів і послуг ІБ00-002356 від 20.05.2025 11:00:00 Глобине-2 | E114: 205 | H114: 205 | I114: 1994.66 | K114: Д | L114: 1120065.7
A115: 20.05.2025 | B115: Переміщення товарів ІБ00-000450 від 20.05.2025 11:05:00 Перемещение ТМЦ | C115: Обл. НДС Лист г/к 10,0 мм 1500х6000, S235 JR Надходження товарів і послуг ІБ00-002356 від 20.05.2025 11:00:00 Резервуарний парк соєвої меляси (Глобине) | D115: Обл. НДС Лист г/к 10,0 мм 1500х6000, S235 JR Надходження товарів і послуг ІБ00-002356 від 20.05.2025 11:00:00 Глобине-2 | E115: 205 | H115: 205 | I115: 4963.69 | K115: Д | L115: 1115102
A116: 20.05.2025 | B116: Переміщення товарів ІБ00-000450 від 20.05.2025 11:05:00 Перемещение ТМЦ | C116: Обл. НДС Лист г/к 20*1500*6000, S235 JR Надходження товарів і послуг ІБ00-002356 від 20.05.2025 11:00:00 Резервуарний парк соєвої меляси (Глобине) | D116: Обл. НДС Лист г/к 20*1500*6000, S235 JR Надходження товарів і послуг ІБ00-002356 від 20.05.2025 11:00:00 Глобине-2 | E116: 205 | H116: 205 | I116: 6610.18 | K116: Д | L116: 1108491.8
A117: 20.05.2025 | B117: Переміщення товарів ІБ00-000450 від 20.05.2025 11:05:00 Перемещение ТМЦ | C117: Обл. НДС Труба 40х20х2 мм; ст. 1-3пс; 6 м Надходження товарів і послуг ІБ00-002356 від 20.05.2025 11:00:00 Резервуарний парк соєвої меляси (Глобине) | D117: Обл. НДС Труба 40х20х2 мм; ст. 1-3пс; 6 м Надходження товарів і послуг ІБ00-002356 від 20.05.2025 11:00:00 Глобине-2 | E117: 205 | H117: 205 | I117: 1555.14 | K117: Д | L117: 1106936.7
A118: 20.05.2025 | B118: Переміщення товарів ІБ00-000450 від 20.05.2025 11:05:00 Перемещение ТМЦ | C118: Обл. НДС Труба профільна 140*140*5 L=12000 мм ст1-3 сп/пс Надходження товарів і послуг ІБ00-002356 від 20.05.2025 11:00:00 Резервуарний парк соєвої меляси (Глобине) | D118: Обл. НДС Труба профільна 140*140*5 L=12000 мм ст1-3 сп/пс Надходження товарів і послуг ІБ00-002356 від 20.05.2025 11:00:00 Глобине-2 | E118: 205 | H118: 205 | I118: 7548.79 | K118: Д | L118: 1099387.9
A119: 20.05.2025 | B119: Переміщення товарів ІБ00-000450 від 20.05.2025 11:05:00 Перемещение ТМЦ | C119: Обл. НДС Швелер № 14 ст.3пс 5, 12м Надходження товарів і послуг ІБ00-002356 від 20.05.2025 11:00:00 Резервуарний парк соєвої меляси (Глобине) | D119: Обл. НДС Швелер № 14 ст.3пс 5, 12м Надходження товарів і послуг ІБ00-002356 від 20.05.2025 11:00:00 Глобине-2 | E119: 205 | H119: 205 | I119: 10604.43 | K119: Д | L119: 1088783.5
A120: 20.05.2025 | B120: Переміщення товарів ІБ00-000450 від 20.05.2025 11:05:00 Перемещение ТМЦ | C120: Обл. НДС Швелер № 16П міра 12,00 м Надходження товарів і послуг ІБ00-002356 від 20.05.2025 11:00:00 Резервуарний парк соєвої меляси (Глобине) | D120: Обл. НДС Швелер № 16П міра 12,00 м Надходження товарів і послуг ІБ00-002356 від 20.05.2025 11:00:00 Глобине-2 | E120: 205 | H120: 205 | I120: 43987.12 | K120: Д | L120: 1044796.3
A121: 20.05.2025 | B121: Переміщення товарів ІБ00-000450 від 20.05.2025 11:05:00 Перемещение ТМЦ | C121: Обл. НДС Труба профільна 40*40*3,0 L=6000 мм ст1-3 сп/пс Надходження товарів і послуг ІБ00-002356 від 20.05.2025 11:00:00 Резервуарний парк соєвої меляси (Глобине) | D121: Обл. НДС Труба профільна 40*40*3,0 L=6000 мм ст1-3 сп/пс Надходження товарів і послуг ІБ00-002356 від 20.05.2025 11:00:00 Глобине-2 | E121: 205 | H121: 205 | I121: 9952.88 | K121: Д | L121: 1034843.5
A122: 20.05.2025 | B122: Переміщення товарів ІБ00-000451 від 20.05.2025 11:05:00 Перемещение ТМЦ | C122: Обл. НДС Кутики 100х100х7 мм; ст. 3пс5; 12 м Надходження товарів і послуг ІБ00-002356 від 20.05.2025 11:00:00 Котельна (Глобине) | D122: Обл. НДС Кутики 100х100х7 мм; ст. 3пс5; 12 м Надходження товарів і послуг ІБ00-002356 від 20.05.2025 11:00:00 Глобине-2 | E122: 205 | H122: 205 | I122: 15258.22 | K122: Д | L122: 1019585.2
... A132: 20.05.2025 | B132: Переміщення товарів ІБ00-000480 від 20.05.2025 15:00:33 Перемещение ТМЦ | C132: Обл. НДС Дріт оцинкований 3,0 мм Авансовий звіт ІБ00-000116 від 19.05.2025 15:48:32 Генплан благоустрій (Глобине) | D132: Обл. НДС Дріт оцинкований 3,0 мм Авансовий звіт ІБ00-000116 від 19.05.2025 15:48:32 Глобине-2 | E132: 205 | H132: 205 | I132: 153.98 | K132: Д | L132: 338858.27
A133: 20.05.2025 | B133: Переміщення товарів ІБ00-000476 від 20.05.2025 20:00:00 Перемещение ТМЦ | C133: Обл. НДС Провід ПВС 4*6,0 м Надходження товарів і послуг ІБ00-002196 від 02.05.2025 11:00:00 Глобине-2 | D133: Обл. НДС Провід ПВС 4*6,0 м Надходження товарів і послуг ІБ00-002196 від 02.05.2025 11:00:00 Насосна Градирня (Глобине) | E133: 205 | F133: 8284.5 | H133: 205 | K133: Д | L133: 347142.77
A134: 22.05.2025 | B134: Списання товарів ІБ00-000258 від 22.05.2025 13:56:17 Списаны ТМЦ | C134: Обл. НДС Виробничий (Глобине-2) Глобине-2 Прямі материальні виробничі витрати крім зворотніх відходів | D134: Обл. НДС Фанера ламінована 1250*2500*21 мм гл/гл Надходження товарів і послуг ІБ00-004394 від 20.09.2024 18:19:40 Глобине-2 | E134: 231 | H134: 205 | I134: 2579.23 | K134: Д | L134: 344563.54
A135: 22.05.2025 | B135: Списання товарів ІБ00-000258 від 22.05.2025 13:56:17 Списаны ТМЦ | C135: Обл. НДС Виробничий (Глобине-2) Глобине-2 Прямі материальні виробничі витрати крім зворотніх відходів | D135: Обл. НДС Шуруп г/к по дереву 4,2*76 мм Надходження товарів і послуг ІБ00-002188 від 05.05.2025 11:00:00 Глобине-2 | E135: 231 | H135: 205 | I135: 273.75 | K135: Д | L135: 344289.79
A136: 22.05.2025 | B136: Списання товарів ІБ00-000261 від 22.05.2025 16:08:50 Списаны ТМЦ | C136: Обл. НДС Виробничий (Глобине-2) Глобине-2 Прямі материальні виробничі витрати крім зворотніх відходів | D136: Обл. НДС Плінтус дуб леон 60 мм 2,5м №356 Надходження товарів і послуг ІБ00-000475 від 06.02.2025 18:36:14 Глобине-2 | E136: 231 | H136: 205 | I136: 1120 | K136: Д | L136: 343169.79
A137: 22.05.2025 | B137: Переміщення товарів ІБ00-000459 від 22.05.2025 16:50:04 Перемещение ТМЦ | C137: Обл. НДС Плита пінополістирольна екструзійна 1180х580х100мм уп4шт/1шт-0,06844 куб м Надходження товарів і послуг ІБ00-000575 від 20.02.2024 18:03:01 Транспортна галерея (Глобине) | D137: Обл. НДС Плита пінополістирольна екструзійна 1180х580х100мм уп4шт/1шт-0,06844 куб м Надходження товарів і послуг ІБ00-000575 від 20.02.2024 18:03:01 Глобине-2 | E137: 205 | H137: 205 | I137: 2650.23 | K137: Д | L137: 340519.56
A138: 22.05.2025 | B138: Списання товарів ІБ00-000262 від 22.05.2025 16:53:39 Списаны ТМЦ | C138: Обл. НДС Виробничий (Глобине-2) Глобине-2 Прямі материальні виробничі витрати крім зворотніх відходів | D138: Обл. НДС вироби кріпильні та гвинтонарізні Авансовий звіт ІБ00-000116 від 19.05.2025 15:48:32 Глобине-2 | E138: 231 | H138: 205 | I138: 202 | K138: Д | L138: 340317.56
A139: 22.05.2025 | B139: Списання товарів ІБ00-000262 від 22.05.2025 16:53:39 Списаны ТМЦ | C139: Обл. НДС Виробничий (Глобине-2) Глобине-2 Прямі материальні виробничі витрати крім зворотніх відходів | D139: Обл. НДС ліска будівельна Авансовий звіт ІБ00-000116 від 19.05.2025 15:48:32 Глобине-2 | E139: 231 | H139: 205 | I139: 202 | K139: Д | L139: 340115.56
A140: 22.05.2025 | B140: Списання товарів ІБ00-000262 від 22.05.2025 16:53:39 Списаны ТМЦ | C140: Обл. НДС Виробничий (Глобине-2) Глобине-2 Прямі материальні виробничі витрати крім зворотніх відходів | D140: Обл. НДС Цвяхи 100*4,0 Надходження товарів і послуг ІБ00-002303 від 17.05.2025 11:00:00 Глобине-2 | E140: 231 | H140: 205 | I140: 100.3 | K140: Д | L140: 340015.26
A141: 22.05.2025 | B141: Списання товарів ІБ00-000262 від 22.05.2025 16:53:39 Списаны ТМЦ | C141: Обл. НДС Виробничий (Глобине-2) Глобине-2 Прямі материальні виробничі витрати крім зворотніх відходів | D141: Обл. НДС Цвяхи 70*3 Надходження товарів і послуг ІБ00-002303 від 17.05.2025 11:00:00 Глобине-2 | E141: 231 | H141: 205 | I141: 100.5 | K141: Д | L141: 339914.76
A142: 22.05.2025 | B142: Списання товарів ІБ00-000262 від 22.05.2025 16:53:39 Списаны ТМЦ | C142: Обл. НДС Виробничий (Глобине-2) Глобине-2 Прямі материальні виробничі витрати крім зворотніх відходів | D142: Обл. НДС Піна монтажна 860 мл Надходження товарів і послуг ІБ00-000711 від 18.02.2025 20:00:44 Глобине-2 | E142: 231 | H142: 205 | I142: 800 | K142: Д | L142: 339114.76
A143: 23.05.2025 | B143: Надходження товарів і послуг ІБ00-002608 від 23.05.2025 11:00:00 Оприходованы ТМЦ | C143: Обл. НДС Дріт 5,0 мм Вр-1 Надходження товарів і послуг ІБ00-002608 від 23.05.2025 11:00:00 Глобине-2 | D143: МЕТІНВЕСТ-СМЦ ТОВ №1778403/01/2023-С от 11.01.2023 РАХУНКИ_Глобино-2 Рахунок на оплату постачальника ІБ00-002203 від 27.05.2025 18:43:24 | E143: 205 | F143: 121388.32 | H143: 631 | K143: Д | L143: 460503.08
...

Sheet Котельна
A1: Період | B1: Документ | C1: Аналітика Дт | D1: Аналітика Кт | E1: Дебет | H1: Кредит | K1: Поточне сальдо
E2: Рахунок | H2: Рахунок
A3: 01.05.2025 | B3: Надходження товарів і послуг ІБ00-002352 від 01.05.2025 11:00:00 Оприходованы ТМЦ (Зачет аванса поставщику) | C3: Обл. НДС Цемент ПЦ ІІ/А-Ш 500 , 25 кг Надходження товарів і послуг ІБ00-002352 від 01.05.2025 11:00:00 Котельна (Глобине) | D3: Лозовий Микола Миколайович ФОП РАХУНКИ_Глобино-2 Рахунок на оплату постачальника ІБ00-000673 від 04.03.2025 00:00:00 | E3: 205 | F3: 620 | H3: 631 | K3: Д | L3: 1776705.8
A4: 01.05.2025 | B4: Переміщення товарів ІБ00-000439 від 01.05.2025 11:10:00 Перемещение ТМЦ | C4: Обл. НДС Труба профільна 80*80*4 L=12 м Надходження товарів і послуг ІБ00-002202 від 01.05.2025 11:00:00 Котельна (Глобине) | D4: Обл. НДС Труба профільна 80*80*4 L=12 м Надходження товарів і послуг ІБ00-002202 від 01.05.2025 11:00:00 Глобине-2 | E4: 205 | F4: 4688.3 | H4: 205 | K4: Д | L4: 1781394.1
A5: 01.05.2025 | B5: Переміщення товарів ІБ00-000439 від 01.05.2025 11:10:00 Перемещение ТМЦ | C5: Обл. НДС Труба профільна 60*60*3, 6м Надходження товарів і послуг ІБ00-002202 від 01.05.2025 11:00:00 Котельна (Глобине) | D5: Обл. НДС Труба профільна 60*60*3, 6м Надходження товарів і послуг ІБ00-002202 від 01.05.2025 11:00:00 Глобине-2 | E5: 205 | F5: 6477.26 | H5: 205 | K5: Д | L5: 1787871.4
A6: 01.05.2025 | B6: Вимога-накладна ІБ00-000364 від 01.05.2025 23:31:16 Списаны ТМЦ | C6: Обл. НДС Виробничий (Глобине-2) Глобине-2 Прямі материальні виробничі витрати крім зворотніх відходів | D6: Обл. НДС Клей для газобетону МР2 (25 кг) Надходження товарів і послуг ІБ00-001597 від 01.04.2025 23:10:23 Котельна (Глобине) | E6: 231 | H6: 205 | I6: 546.25 | K6: Д | L6: 1787325.1
A7: 01.05.2025 | B7: Переміщення товарів ІБ00-000472 від 01.05.2025 23:41:09 Перемещение ТМЦ | C7: Обл. НДС Плівка п/е рукав 1500*100 Надходження товарів і послуг ІБ00-005781 від 19.11.2024 17:51:41 Резервуарний парк соєвої меляси (Глобине) | D7: Обл. НДС Плівка п/е рукав 1500*100 Надходження товарів і послуг ІБ00-005781 від 19.11.2024 17:51:41 Котельна (Глобине) | E7: 205 | H7: 205 | I7: 1573.54 | K7: Д | L7: 1785751.6
A8: 20.05.2025 | B8: Переміщення товарів ІБ00-000451 від 20.05.2025 11:05:00 Перемещение ТМЦ | C8: Обл. НДС Кутики 100х100х7 мм; ст. 3пс5; 12 м Надходження товарів і послуг ІБ00-002356 від 20.05.2025 11:00:00 Котельна (Глобине) | D8: Обл. НДС Кутики 100х100х7 мм; ст. 3пс5; 12 м Надходження товарів і послуг ІБ00-002356 від 20.05.2025 11:00:00 Глобине-2 | E8: 205 | F8: 15258.22 | H8: 205 | K8: Д | L8: 1801009.8
A9: 20.05.2025 | B9: Переміщення товарів ІБ00-000451 від 20.05.2025 11:05:00 Перемещение ТМЦ | C9: Обл. НДС Лист г/к 10,0 мм 1500х6000, S235 JR Надходження товарів і послуг ІБ00-002356 від 20.05.2025 11:00:00 Котельна (Глобине) | D9: Обл. НДС Лист г/к 10,0 мм 1500х6000, S235 JR Надходження товарів і послуг ІБ00-002356 від 20.05.2025 11:00:00 Глобине-2 | E9: 205 | F9: 3365.22 | H9: 205 | K9: Д | L9: 1804375
A10: 20.05.2025 | B10: Переміщення товарів ІБ00-000451 від 20.05.2025 11:05:00 Перемещение ТМЦ | C10: Обл. НДС Труба профільна 60*60*3 L=6 ст 1-3 сп/пс Надходження товарів і послуг ІБ00-002356 від 20.05.2025 11:00:00 Котельна (Глобине) | D10: Обл. НДС Труба профільна 60*60*3 L=6 ст 1-3 сп/пс Надходження товарів і послуг ІБ00-002356 від 20.05.2025 11:00:00 Глобине-2 | E10: 205 | F10: 933.08 | H10: 205 | K10: Д | L10: 1805308.1
A11: 20.05.2025 | B11: Переміщення товарів ІБ00-000465 від 20.05.2025 21:00:00 Перемещение ТМЦ | C11: Обл. НДС Кутики 100х100х7 мм; ст. 3пс5; 12 м Надходження товарів і послуг ІБ00-002356 від 20.05.2025 11:00:00 Пожежений резервуар (Глобине) | D11: Обл. НДС Кутики 100х100х7 мм; ст. 3пс5; 12 м Надходження товарів і послуг ІБ00-002356 від 20.05.2025 11:00:00 Котельна (Глобине) | E11: 205 | H11: 205 | I11: 5459.36 | K11: Д | L11: 1799848.7
A12: 20.05.2025 | B12: Переміщення товарів ІБ00-000467 від 20.05.2025 21:00:00 Перемещение ТМЦ | C12: Обл. НДС Лист г/к 10,0 мм 1500х6000, S235 JR Надходження товарів і послуг ІБ00-002356 від 20.05.2025 11:00:00 Пожежений резервуар (Глобине) | D12: Обл. НДС Лист г/к 10,0 мм 1500х6000, S235 JR Надходження товарів і послуг ІБ00-002356 від 20.05.2025 11:00:00 Котельна (Глобине) | E12: 205 | H12: 205 | I12: 3365.22 | K12: Д | L12: 1796483.5
A13: 22.05.2025 | B13: Надходження товарів і послуг ІБ00-002540 від 22.05.2025 11:00:00 Оприходованы ТМЦ (Зачет аванса поставщику) | C13: Обл. НДС Сендвіч-панель ТПК покрів 100мм МВ 1000мм С0,5 PS/C 0.5 PS 1070мм 9,60м трапец 5005 синій/9003 біл Надходження товарів і послуг ІБ00-002540 від 22.05.2025 11:00:00 Котельна (Глобине) | D13: ТПК-ЦЕНТР ТОВ Договір 13/20/П/011від 21.07.2020_Глобино-2 Рахунок на оплату постачальника ІБ00-000344 від 20.01.2025 18:00:54 | E13: 205 | F13: 340799.04 | H13: 631 | K13: Д | L13: 2137282.5
A14: 22.05.2025 | B14: Надходження товарів і послуг ІБ00-002541 від 22.05.2025 11:00:00 Оприходованы ТМЦ (Зачет аванса поставщику) | C14: Обл. НДС Сендвіч-панель ТПК покрів 100мм МВ1000ммС0,5PS/C0.5PS 1070мм 8,450м трапец 5005синій/9003біл овер250 Надходження товарів і послуг ІБ00-002541 від 22.05.2025 11:00:00 Котельна (Глобине) | D14: ТПК-ЦЕНТР ТОВ Договір 13/20/П/011від 21.07.2020_Глобино-2 Рахунок на оплату постачальника ІБ00-000344 від 20.01.2025 18:00:54 | E14: 205 | F14: 169985.35 | H14: 631 | K14: Д | L14: 2307267.9
A15: 22.05.2025 | B15: Надходження товарів і послуг ІБ00-002541 від 22.05.2025 11:00:00 Оприходованы ТМЦ (Зачет аванса поставщику) | C15: Обл. НДС Сендвіч-панель ТПК покрів 100мм МВ1000ммС0,5PS/C0.5PS 1070мм 8,750м трапец 5005синій/9003біл овер250 Надходження товарів і послуг ІБ00-002541 від 22.05.2025 11:00:00 Котельна (Глобине) | D15: ТПК-ЦЕНТР ТОВ Договір 13/20/П/011від 21.07.2020_Глобино-2 Рахунок на оплату постачальника ІБ00-000344 від 20.01.2025 18:00:54 | E15: 205 | F15: 20708.28 | H15: 631 | K15: Д | L15: 2327976.2
A16: 22.05.2025 | B16: Надходження товарів і послуг ІБ00-002541 від 22.05.2025 11:00:00 Оприходованы ТМЦ (Зачет аванса поставщику) | C16: Обл. НДС Сендвіч-панель ТПК покрів 100мм МВ1000ммС0,5PS/C0.5PS 1070мм 7,950м трапец 5005синій/9003біл овер250 Надходження товарів і послуг ІБ00-002541 від 22.05.2025 11:00:00 Котельна (Глобине) | D16: ТПК-ЦЕНТР ТОВ Договір 13/20/П/011від 21.07.2020_Глобино-2 Рахунок на оплату постачальника ІБ00-000344 від 20.01.2025 18:00:54 | E16: 205 | F16: 65852.32 | H16: 631 | K16: Д | L16: 2393828.5
A17: 23.05.2025 | B17: Надходження товарів і послуг ІБ00-002542 від 23.05.2025 11:00:00 Оприходованы ТМЦ (Зачет аванса поставщику) | C17: Обл. НДС Сендвіч-панель ТПК покрів 160мм МВ1000ммС0,5PS/C0.5PS 1070мм 12,80м трапец 5005синій/9003біл Надходження товарів і послуг ІБ00-002542 від 23.05.2025 11:00:00 Котельна (Глобине) | D17: ТПК-ЦЕНТР ТОВ Договір 13/20/П/011від 21.07.2020_Глобино-2 Рахунок на оплату постачальника ІБ00-000344 від 20.01.2025 18:00:54 | E17: 205 | F17: 36586.75 | H17: 631 | K17: Д | L17: 2430415.2
A18: 23.05.2025 | B18: Надходження товарів і послуг ІБ00-002542 від 23.05.2025 11:00:00 Оприходованы ТМЦ | C18: Обл. НДС Сендвіч-панель ТПК покрів 160мм МВ1000ммС0,5PS/C0.5PS 1070мм 12,50м трапец 5005синій/9003біл Надходження товарів і послуг ІБ00-002542 від 23.05.2025 11:00:00 Котельна (Глобине) | D18: ТПК-ЦЕНТР ТОВ Договір 13/20/П/011від 21.07.2020_Глобино-2 Рахунок на оплату постачальника ІБ00-000344 від 20.01.2025 18:00:54 | E18: 205 | F18: 172506.79 | H18: 631 | K18: Д | L18: 2602922
A19: 23.05.2025 | B19: Надходження товарів і послуг ІБ00-002542 від 23.05.2025 11:00:00 Оприходованы ТМЦ (Зачет аванса поставщику) | C19: Обл. НДС Сендвіч-панель ТПК покрів 160мм МВ1000ммС0,5PS/C0.5PS 1070мм 12,50м трапец 5005синій/9003біл Надходження товарів і послуг ІБ00-002542 від 23.05.2025 11:00:00 Котельна (Глобине) | D19: ТПК-ЦЕНТР ТОВ Договір 13/20/П/011від 21.07.2020_Глобино-2 Рахунок на оплату постачальника ІБ00-000344 від 20.01.2025 18:00:54 | E19: 205 | F19: 131191.84 | H19: 631 | K19: Д | L19: 2734113.9
A20: 23.05.2025 | B20: Надходження товарів і послуг ІБ00-002542 від 23.05.2025 11:00:00 Оприходованы ТМЦ | C20: Обл. НДС Стрічка ущільнювальна ТПК УП-1 ППЕ НХ (5*50 мм 20 м) Надходження товарів і послуг ІБ00-002542 від 23.05.2025 11:00:00 Котельна (Глобине) | D20: ТПК-ЦЕНТР ТОВ Договір 13/20/П/011від 21.07.2020_Глобино-2 Рахунок на оплату постачальника ІБ00-000344 від 20.01.2025 18:00:54 | E20: 205 | F20: 6825 | H20: 631 | K20: Д | L20: 2740938.9
A21: 23.05.2025 | B21: Надходження товарів і послуг ІБ00-002542 від 23.05.2025 11:00:00 Оприходованы ТМЦ | C21: Обл. НДС Стрічка ущільнювальна ТПК УП-4 ППЕ 3*15мм 30м Надходження товарів і послуг ІБ00-002542 від 23.05.2025 11:00:00 Котельна (Глобине) | D21: ТПК-ЦЕНТР ТОВ Договір 13/20/П/011від 21.07.2020_Глобино-2 Рахунок на оплату постачальника ІБ00-000344 від 20.01.2025 18:00:54 | E21: 205 | F21: 4387.5 | H21: 631 | K21: Д | L21: 2745326.4
A22: 23.05.2025 | B22: Надходження товарів і послуг ІБ00-002542 від 23.05.2025 11:00:00 Оприходованы ТМЦ | C22: Обл. НДС Клей-герметик д/сендвіч- панелей Soudaflex 40 FC (12 шт/уп) (600мл(шт.) білий) Надходження товарів і послуг ІБ00-002542 від 23.05.2025 11:00:00 Котельна (Глобине) | D22: ТПК-ЦЕНТР ТОВ Договір 13/20/П/011від 21.07.2020_Глобино-2 Рахунок на оплату постачальника ІБ00-000344 від 20.01.2025 18:00:54 | E22: 205 | F22: 13000 | H22: 631 | K22: Д | L22: 2758326.4
A23: 23.05.2025 | B23: Надходження товарів і послуг ІБ00-002542 від 23.05.2025 11:00:00 Оприходованы ТМЦ | C23: Обл. НДС Ущільнювач КН для с/п 1 м ППЕ НХ Надходження товарів і послуг ІБ00-002542 від 23.05.2025 11:00:00 Котельна (Глобине) | D23: ТПК-ЦЕНТР ТОВ Договір 13/20/П/011від 21.07.2020_Глобино-2 Рахунок на оплату постачальника ІБ00-000344 від 20.01.2025 18:00:54 | E23: 205 | F23: 3000 | H23: 631 | K23: Д | L23: 2761326.4
A24: 23.05.2025 | B24: Надходження товарів і послуг ІБ00-002542 від 23.05.2025 11:00:00 Оприходованы ТМЦ | C24: Обл. НДС Самонаріз в метал до сендвіч-панелей 5,5*6,3/200 5005 синій Надходження товарів і послуг ІБ00-002542 від 23.05.2025 11:00:00 Котельна (Глобине) | D24: ТПК-ЦЕНТР ТОВ Договір 13/20/П/011від 21.07.2020_Глобино-2 Рахунок на оплату постачальника ІБ00-000344 від 20.01.2025 18:00:54 | E24: 205 | F24: 28560 | H24: 631 | K24: Д | L24: 2789886.4
... A28: 26.05.2025 | B28: Надходження товарів і послуг ІБ00-002545 від 26.05.2025 11:00:00 Оприходованы ТМЦ | C28: Обл. НДС Сендвіч-панель ТПК покрів 100мм МВ1000ммС0,5PS/C0.5PS 1070мм 7,950м трапец 5005синій/9003біл Надходження товарів і послуг ІБ00-002545 від 26.05.2025 11:00:00 Котельна (Глобине) | D28: ТПК-ЦЕНТР ТОВ Договір 13/20/П/011від 21.07.2020_Глобино-2 Рахунок на оплату постачальника ІБ00-000344 від 20.01.2025 18:00:54 | E28: 205 | F28: 112889.68 | H28: 631 | K28: Д | L28: 3283000
A29: 29.05.2025 | B29: Переміщення товарів ІБ00-000512 від 29.05.2025 08:00:00 Перемещение ТМЦ | C29: Обл. НДС Суміш для анкерування СХ 15, 25 кг Надходження товарів і послуг ІБ00-000266 від 14.01.2025 18:06:02 Цех екстракції (Глобине) | D29: Обл. НДС Суміш для анкерування СХ 15, 25 кг Надходження товарів і послуг ІБ00-000266 від 14.01.2025 18:06:02 Котельна (Глобине) | E29: 205 | H29: 205 | I29: 18970 | K29: Д | L29: 3264030
A30: Обороти за період та сальдо на кінець | E30: 1517858.6 | H30: 29914.37 | K30: Д | L30: 3264030
J32: =I6 -> 546.25

Sheet Насосна Градирня
A1: Період | B1: Документ | C1: Аналітика Дт | D1: Аналітика Кт | E1: Дебет | H1: Кредит | K1: Поточне сальдо
E2: Рахунок | H2: Рахунок
A3: 01.05.2025 | B3: Переміщення товарів ІБ00-000475 від 01.05.2025 23:41:11 Перемещение ТМЦ | C3: Обл. НДС Пісок з відсіву дроблення щебеню фр. 0-5мм. Надходження товарів і послуг ІБ00-005729 від 11.11.2024 18:00:18 Резервуар для зберігання розчинника(Глобине) | D3: Обл. НДС Пісок з відсіву дроблення щебеню фр. 0-5мм. Надходження товарів і послуг ІБ00-005729 від 11.11.2024 18:00:18 Насосна Градирня (Глобине) | E3: 205 | H3: 205 | I3: 8005.33 | K3: Д | L3: 25644.81
A4: 02.05.2025 | B4: Надходження товарів і послуг ІБ00-002196 від 02.05.2025 11:00:00 Оприходованы ТМЦ | C4: Обл. НДС Провід ПВС 4*6,0 м Надходження товарів і послуг ІБ00-002196 від 02.05.2025 11:00:00 Насосна Градирня (Глобине) | D4: СКАЙ-ЕНЕРДЖИ Рахунки_Глобине-2 Рахунок на оплату постачальника ІБ00-001646 від 29.04.2025 18:09:43 | E4: 205 | F4: 8284.5 | H4: 631 | K4: Д | L4: 33929.31
A5: 05.05.2025 | B5: Надходження товарів і послуг ІБ00-002030 від 05.05.2025 11:00:00 Оприходованы ТМЦ (Зачет аванса поставщику) | C5: Обл. НДС Сендвіч-панель ТПК стінова 100мм МВ 1180мм відкр замок С0,5 PS/C 0.5 PS 6,56м трапеція 9006 срібл/тр Надходження товарів і послуг ІБ00-002030 від 05.05.2025 11:00:00 Насосна Градирня (Глобине) | D5: ТПК-ЦЕНТР ТОВ Договір 13/20/П/011від 21.07.2020_Глобино-2 Рахунок на оплату постачальника ІБ00-001595 від 24.04.2025 18:46:20 | E5: 205 | F5: 18062.31 | H5: 631 | K5: Д | L5: 51991.62
A6: 05.05.2025 | B6: Надходження товарів і послуг ІБ00-002031 від 05.05.2025 11:00:00 Оприходованы ТМЦ (Зачет аванса поставщику) | C6: Обл. НДС Сендвіч-панель ТПК стінова 100мм МВ 1180мм відкр замок С0,5 PS/C 0.5 PS 6,80м трап9003 біл/трап9003 Надходження товарів і послуг ІБ00-002031 від 05.05.2025 11:00:00 Насосна Градирня (Глобине) | D6: ТПК-ЦЕНТР ТОВ Договір 13/20/П/011від 21.07.2020_Глобино-2 Рахунок на оплату постачальника ІБ00-001594 від 09.04.2025 23:59:59 | E6: 205 | F6: 10364.36 | H6: 631 | K6: Д | L6: 62355.98
A7: 20.05.2025 | B7: Переміщення товарів ІБ00-000476 від 20.05.2025 20:00:00 Перемещение ТМЦ | C7: Обл. НДС Провід ПВС 4*6,0 м Надходження товарів і послуг ІБ00-002196 від 02.05.2025 11:00:00 Глобине-2 | D7: Обл. НДС Провід ПВС 4*6,0 м Надходження товарів і послуг ІБ00-002196 від 02.05.2025 11:00:00 Насосна Градирня (Глобине) | E7: 205 | H7: 205 | I7: 8284.5 | K7: Д | L7: 54071.48
A8: 29.05.2025 | B8: Переміщення товарів ІБ00-000496 від 29.05.2025 08:00:00 Перемещение ТМЦ | C8: Обл. НДС Грунт-емаль 3 в 1 антикороз RAL7024 25 кг Надходження товарів і послуг ІБ00-001020 від 12.03.2025 18:45:16 СПК (Глобине) | D8: Обл. НДС Грунт-емаль 3 в 1 антикороз RAL7024 25 кг Надходження товарів і послуг ІБ00-001020 від 12.03.2025 18:45:16 Насосна Градирня (Глобине) | E8: 205 | H8: 205 | I8: 24009.52 | K8: Д | L8: 30061.96
A9: Обороти за період та сальдо на кінець | E9: 36711.17 | H9: 40299.35 | K9: Д | L9: 30061.96

Sheet Пож. резервуар
A1: Період | B1: Документ | C1: Аналітика Дт | D1: Аналітика Кт | E1: Дебет | H1: Кредит | K1: Поточне сальдо
E2: Рахунок | H2: Рахунок
A3: 01.05.2025 | B3: Надходження товарів і послуг ІБ00-002192 від 01.05.2025 11:00:00 Оприходованы ТМЦ | C3: Обл. НДС Шнур бентонітовий ГІДРОСТОП 15*25 Надходження товарів і послуг ІБ00-002192 від 01.05.2025 11:00:00 Пожежений резервуар (Глобине) | D3: ПРОТЕКС УКРАЇНА Договір 9 від 11.12.2023_Глобине 2 Рахунок на оплату постачальника ІБ00-001790 від 01.05.2025 23:31:26 | E3: 205 | F3: 9142.5 | H3: 631 | K3: Д | L3: 375706.93
A4: 01.05.2025 | B4: Надходження товарів і послуг ІБ00-002192 від 01.05.2025 11:00:00 Оприходованы ТМЦ | C4: Обл. НДС Профіль кріпильний 25*15мм Надходження товарів і послуг ІБ00-002192 від 01.05.2025 11:00:00 Пожежений резервуар (Глобине) | D4: ПРОТЕКС УКРАЇНА Договір 9 від 11.12.2023_Глобине 2 Рахунок на оплату постачальника ІБ00-001790 від 01.05.2025 23:31:26 | E4: 205 | F4: 1863.75 | H4: 631 | K4: Д | L4: 377570.68
A5: 01.05.2025 | B5: Переміщення товарів ІБ00-000414 від 01.05.2025 11:10:00 Перемещение ТМЦ | C5: Обл. НДС Бетон С 8/10 Р4 Надходження товарів і послуг ІБ00-002050 від 01.05.2025 11:00:00 Пожежений резервуар (Глобине) | D5: Обл. НДС Бетон С 8/10 Р4 Надходження товарів і послуг ІБ00-002050 від 01.05.2025 11:00:00 Глобине-2 | E5: 205 | F5: 24956.12 | H5: 205 | K5: Д | L5: 402526.8
A6: 01.05.2025 | B6: Переміщення товарів ІБ00-000438 від 01.05.2025 11:10:00 Перемещение ТМЦ | C6: Обл. НДС Труба 325*7,0мм Надходження товарів і послуг ІБ00-002202 від 01.05.2025 11:00:00 Пожежений резервуар (Глобине) | D6: Обл. НДС Труба 325*7,0мм Надходження товарів і послуг ІБ00-002202 від 01.05.2025 11:00:00 Глобине-2 | E6: 205 | F6: 1768.39 | H6: 205 | K6: Д | L6: 404295.19
A7: 01.05.2025 | B7: Переміщення товарів ІБ00-000438 від 01.05.2025 11:10:00 Перемещение ТМЦ | C7: Обл. НДС Труба 530*8,0мм Надходження товарів і послуг ІБ00-002202 від 01.05.2025 11:00:00 Пожежений резервуар (Глобине) | D7: Обл. НДС Труба 530*8,0мм Надходження товарів і послуг ІБ00-002202 від 01.05.2025 11:00:00 Глобине-2 | E7: 205 | F7: 4935.05 | H7: 205 | K7: Д | L7: 409230.24
A8: 01.05.2025 | B8: Переміщення товарів ІБ00-000438 від 01.05.2025 11:10:00 Перемещение ТМЦ | C8: Обл. НДС Труба 720*8,0мм Надходження товарів і послуг ІБ00-002202 від 01.05.2025 11:00:00 Пожежений резервуар (Глобине) | D8: Обл. НДС Труба 720*8,0мм Надходження товарів і послуг ІБ00-002202 від 01.05.2025 11:00:00 Глобине-2 | E8: 205 | F8: 5110.87 | H8: 205 | K8: Д | L8: 414341.11
A9: 01.05.2025 | B9: Переміщення товарів ІБ00-000438 від 01.05.2025 11:10:00 Перемещение ТМЦ | C9: Обл. НДС Труба 920*9,0мм Надходження товарів і послуг ІБ00-002202 від 01.05.2025 11:00:00 Пожежений резервуар (Глобине) | D9: Обл. НДС Труба 920*9,0мм Надходження товарів і послуг ІБ00-002202 від 01.05.2025 11:00:00 Глобине-2 | E9: 205 | F9: 11926.38 | H9: 205 | K9: Д | L9: 426267.49
A10: 01.05.2025 | B10: Переміщення товарів ІБ00-000430 від 01.05.2025 22:00:50 Перемещение ТМЦ | C10: Обл. НДС Прокат арматурний №12 мм А500С 12м Надходження товарів і послуг ІБ00-000546 від 14.02.2025 10:00:00 АПК (Глобине) | D10: Обл. НДС Прокат арматурний №12 мм А500С 12м Надходження товарів і послуг ІБ00-000546 від 14.02.2025 10:00:00 Пожежений резервуар (Глобине) | E10: 205 | H10: 205 | I10: 8990 | K10: Д | L10: 417277.49
A11: 01.05.2025 | B11: Переміщення товарів ІБ00-000431 від 01.05.2025 22:00:52 Перемещение ТМЦ | C11: Обл. НДС Прокат арматурний №12 мм А500С 12м Надходження товарів і послуг ІБ00-000546 від 14.02.2025 10:00:00 Пункт фасування та зберігання в бігбегах (Глобине) | D11: Обл. НДС Прокат арматурний №12 мм А500С 12м Надходження товарів і послуг ІБ00-000546 від 14.02.2025 10:00:00 Пожежений резервуар (Глобине) | E11: 205 | H11: 205 | I11: 36011.67 | K11: Д | L11: 381265.82
A12: 01.05.2025 | B12: Переміщення товарів ІБ00-000464 від 01.05.2025 23:41:06 Перемещение ТМЦ | C12: Обл. НДС Кутник 100х100х7 мм ст.3 сп 5 12м Надходження товарів і послуг ІБ00-001808 від 22.04.2025 11:00:00 Пожежений резервуар (Глобине) | D12: Обл. НДС Кутник 100х100х7 мм ст.3 сп 5 12м Надходження товарів і послуг ІБ00-001808 від 22.04.2025 11:00:00 Глобине-2 | E12: 205 | F12: 40207.17 | H12: 205 | K12: Д | L12: 421472.99
A13: 01.05.2025 | B13: Переміщення товарів ІБ00-000466 від 01.05.2025 23:41:07 Перемещение ТМЦ | C13: Обл. НДС Лист г/к 10,0 мм 1500х6000, S235 JR Надходження товарів і послуг ІБ00-001815 від 22.04.2025 11:00:00 Глобине-2 | D13: Обл. НДС Лист г/к 10,0 мм 1500х6000, S235 JR Надходження товарів і послуг ІБ00-001815 від 22.04.2025 11:00:00 Пожежений резервуар (Глобине) | E13: 205 | H13: 205 | I13: 12192.93 | K13: Д | L13: 409280.06
A14: 03.05.2025 | B14: Переміщення товарів ІБ00-000396 від 03.05.2025 11:10:00 Перемещение ТМЦ | C14: Обл. НДС Бетон С 8/10 Р4 Надходження товарів і послуг ІБ00-002008 від 03.05.2025 11:00:00 Пожежений резервуар (Глобине) | D14: Обл. НДС Бетон С 8/10 Р4 Надходження товарів і послуг ІБ00-002008 від 03.05.2025 11:00:00 Глобине-2 | E14: 205 | F14: 46803.76 | H14: 205 | K14: Д | L14: 456083.82
A15: 07.05.2025 | B15: Переміщення товарів ІБ00-000417 від 07.05.2025 11:10:00 Перемещение ТМЦ | C15: Обл. НДС Бетон С 8/10 Р4 Надходження товарів і послуг ІБ00-002052 від 07.05.2025 11:00:00 Пожежений резервуар (Глобине) | D15: Обл. НДС Бетон С 8/10 Р4 Надходження товарів і послуг ІБ00-002052 від 07.05.2025 11:00:00 Глобине-2 | E15: 205 | F15: 10342.5 | H15: 205 | K15: Д | L15: 466426.32
A16: 08.05.2025 | B16: Переміщення товарів ІБ00-000449 від 08.05.2025 11:10:00 Перемещение ТМЦ | C16: Обл. НДС Пенекрит 25кг/відро Надходження товарів і послуг ІБ00-002340 від 08.05.2025 11:00:00 Пожежений резервуар (Глобине) | D16: Обл. НДС Пенекрит 25кг/відро Надходження товарів і послуг ІБ00-002340 від 08.05.2025 11:00:00 Глобине-2 | E16: 205 | F16: 4687.5 | H16: 205 | K16: Д | L16: 471113.82
A17: 13.05.2025 | B17: Надходження товарів і послуг ІБ00-002242 від 13.05.2025 11:00:00 Оприходованы ТМЦ | C17: Обл. НДС Плівка п/е рукав 1500*200 Надходження товарів і послуг ІБ00-002242 від 13.05.2025 11:00:00 Пожежений резервуар (Глобине) | D17: ПРОТЕКС УКРАЇНА Договір 9 від 11.12.2023_Глобине 2 Рахунок на оплату постачальника ІБ00-001830 від 08.05.2025 20:00:10 | E17: 205 | F17: 5265 | H17: 631 | K17: Д | L17: 476378.82
A18: 17.05.2025 | B18: Переміщення товарів ІБ00-000442 від 17.05.2025 11:15:00 Перемещение ТМЦ | C18: Обл. НДС Бетон С20/25 W6 F75 P4 Надходження товарів і послуг ІБ00-002293 від 17.05.2025 11:00:00 Пожежений резервуар (Глобине) | D18: Обл. НДС Бетон С20/25 W6 F75 P4 Надходження товарів і послуг ІБ00-002293 від 17.05.2025 11:00:00 Глобине-2 | E18: 205 | F18: 262030.11 | H18: 205 | K18: Д | L18: 738408.93
A19: 20.05.2025 | B19: Переміщення товарів ІБ00-000465 від 20.05.2025 21:00:00 Перемещение ТМЦ | C19: Обл. НДС Кутики 100х100х7 мм; ст. 3пс5; 12 м Надходження товарів і послуг ІБ00-002356 від 20.05.2025 11:00:00 Пожежений резервуар (Глобине) | D19: Обл. НДС Кутики 100х100х7 мм; ст. 3пс5; 12 м Надходження товарів і послуг ІБ00-002356 від 20.05.2025 11:00:00 Котельна (Глобине) | E19: 205 | F19: 5459.36 | H19: 205 | K19: Д | L19: 743868.29
A20: 20.05.2025 | B20: Переміщення товарів ІБ00-000467 від 20.05.2025 21:00:00 Перемещение ТМЦ | C20: Обл. НДС Лист г/к 10,0 мм 1500х6000, S235 JR Надходження товарів і послуг ІБ00-002356 від 20.05.2025 11:00:00 Пожежений резервуар (Глобине) | D20: Обл. НДС Лист г/к 10,0 мм 1500х6000, S235 JR Надходження товарів і послуг ІБ00-002356 від 20.05.2025 11:00:00 Котельна (Глобине) | E20: 205 | F20: 3365.22 | H20: 205 | K20: Д | L20: 747233.51
A21: 22.05.2025 | B21: Надходження товарів і послуг ІБ00-002429 від 22.05.2025 11:00:00 Оприходованы ТМЦ | C21: Обл. НДС Бетон С20/25 W6 F75 P4 Надходження товарів і послуг ІБ00-002429 від 22.05.2025 11:00:00 Пожежений резервуар (Глобине) | D21: Кременчуцький річковий порт ПРАТ Договір 112/Б від 15.10.2024_Глобине-2 Надходження товарів і послуг ІБ00-002429 від 22.05.2025 11:00:00 | E21: 205 | F21: 43800 | H21: 631 | K21: Д | L21: 791033.51
A22: 22.05.2025 | B22: Надходження дод. витрат ІБ00-000339 від 22.05.2025 11:05:00 Доп. расходы при поступлении товаров | C22: Обл. НДС Бетон С20/25 W6 F75 P4 Надходження товарів і послуг ІБ00-002429 від 22.05.2025 11:00:00 Пожежений резервуар (Глобине) | D22: Кременчуцький річковий порт ПРАТ Договір 112/Б від 15.10.2024_Глобине-2 Надходження дод. витрат ІБ00-000339 від 22.05.2025 11:05:00 | E22: 205 | F22: 16427.5 | H22: 631 | K22: Д | L22: 807461.01
A23: 22.05.2025 | B23: Переміщення товарів ІБ00-000455 від 22.05.2025 15:44:57 Перемещение ТМЦ | C23: Обл. НДС Щебінь 20-40 Надходження товарів і послуг ІБ00-001964 від 30.04.2025 11:00:00 Пожежений резервуар (Глобине) | D23: Обл. НДС Щебінь 20-40 Надходження товарів і послуг ІБ00-001964 від 30.04.2025 11:00:00 Резервуар для зберігання розчинника(Глобине) | E23: 205 | F23: 18590.21 | H23: 205 | K23: Д | L23: 826051.22
A24: 22.05.2025 | B24: Переміщення товарів ІБ00-000455 від 22.05.2025 15:44:57 Перемещение ТМЦ | C24: Обл. НДС Щебінь 20-40 Надходження товарів і послуг ІБ00-002157 від 13.05.2025 11:00:00 Пожежений резервуар (Глобине) | D24: Обл. НДС Щебінь 20-40 Надходження товарів і послуг ІБ00-002157 від 13.05.2025 11:00:00 Резервуар для зберігання розчинника(Глобине) | E24: 205 | F24: 3894.67 | H24: 205 | K24: Д | L24: 829945.89
A25: 22.05.2025 | B25: Переміщення товарів ІБ00-000456 від 22.05.2025 15:45:37 Перемещение ТМЦ | C25: Обл. НДС Щебінь 20-40 Надходження товарів і послуг ІБ00-001692 від 14.04.2025 11:00:00 Пожежений резервуар (Глобине) | D25: Обл. НДС Щебінь 20-40 Надходження товарів і послуг ІБ00-001692 від 14.04.2025 11:00:00 СПК (Глобине) | E25: 205 | F25: 28264.95 | H25: 205 | K25: Д | L25: 858210.84
A26: 22.05.2025 | B26: Переміщення товарів ІБ00-000456 від 22.05.2025 15:45:37 Перемещение ТМЦ | C26: Обл. НДС Щебінь 20-40 Надходження товарів і послуг ІБ00-002154 від 10.05.2025 11:00:00 Пожежений резервуар (Глобине) | D26: Обл. НДС Щебінь 20-40 Надходження товарів і послуг ІБ00-002154 від 10.05.2025 11:00:00 СПК (Глобине) | E26: 205 | F26: 1657.92 | H26: 205 | K26: Д | L26: 859868.76
A27: 22.05.2025 | B27: Вимога-накладна ІБ00-000374 від 22.05.2025 15:46:51 Списаны ТМЦ | C27: Обл. НДС Виробничий (Глобине-2) Глобине-2 Прямі материальні виробничі витрати крім зворотніх відходів | D27: Обл. НДС Щебінь 20-40 Надходження товарів і послуг ІБ00-001692 від 14.04.2025 11:00:00 Пожежений резервуар (Глобине) | E27: 231 | H27: 205 | I27: 1473.25 | K27: Д | L27: 858395.51
A28: 22.05.2025 | B28: Вимога-накладна ІБ00-000374 від 22.05.2025 15:46:51 Списаны ТМЦ | C28: Обл. НДС Виробничий (Глобине-2) Глобине-2 Прямі материальні виробничі витрати крім зворотніх відходів | D28: Обл. НДС Щебінь 20-40 Надходження товарів і послуг ІБ00-001692 від 14.04.2025 11:00:00 Пожежений резервуар (Глобине) | E28: 231 | H28: 205 | I28: 18152.79 | K28: Д | L28: 840242.72
A29: 22.05.2025 | B29: Вимога-накладна ІБ00-000374 від 22.05.2025 15:46:51 Списаны ТМЦ | C29: Обл. НДС Виробничий (Глобине-2) Глобине-2 Прямі материальні виробничі витрати крім зворотніх відходів | D29: Обл. НДС Щебінь 20-40 Надходження товарів і послуг ІБ00-001692 від 14.04.2025 11:00:00 Пожежений резервуар (Глобине) | E29: 231 | H29: 205 | I29: 8638.91 | K29: Д | L29: 831603.81
A30: 22.05.2025 | B30: Вимога-накладна ІБ00-000374 від 22.05.2025 15:46:51 Списаны ТМЦ | C30: Обл. НДС Виробничий (Глобине-2) Глобине-2 Прямі материальні виробничі витрати крім зворотніх відходів | D30: Обл. НДС Щебінь 20-40 Надходження товарів і послуг ІБ00-001964 від 30.04.2025 11:00:00 Пожежений резервуар (Глобине) | E30: 231 | H30: 205 | I30: 20598.33 | K30: Д | L30: 811005.48
A31: 22.05.2025 | B31: Вимога-накладна ІБ00-000374 від 22.05.2025 15:46:51 Списаны ТМЦ | C31: Обл. НДС Виробничий (Глобине-2) Глобине-2 Прямі материальні виробничі витрати крім зворотніх відходів | D31: Обл. НДС Щебінь 20-40 Надходження товарів і послуг ІБ00-001964 від 30.04.2025 11:00:00 Пожежений резервуар (Глобине) | E31: 231 | H31: 205 | I31: 2564.17 | K31: Д | L31: 808441.31
A32: 22.05.2025 | B32: Вимога-накладна ІБ00-000374 від 22.05.2025 15:46:51 Списаны ТМЦ | C32: Обл. НДС Виробничий (Глобине-2) Глобине-2 Прямі материальні виробничі витрати крім зворотніх відходів | D32: Обл. НДС Бетон С 8/10 Р4 Надходження товарів і послуг ІБ00-002050 від 01.05.2025 11:00:00 Пожежений резервуар (Глобине) | E32: 231 | H32: 205 | I32: 10255.94 | K32: Д | L32: 798185.37
A33: 22.05.2025 | B33: Вимога-накладна ІБ00-000374 від 22.05.2025 15:46:51 Списаны ТМЦ | C33: Обл. НДС Виробничий (Глобине-2) Глобине-2 Прямі материальні виробничі витрати крім зворотніх відходів | D33: Обл. НДС Бетон С 8/10 Р4 Надходження товарів і послуг ІБ00-002050 від 01.05.2025 11:00:00 Пожежений резервуар (Глобине) | E33: 231 | H33: 205 | I33: 14700.18 | K33: Д | L33: 783485.19
A34: 22.05.2025 | B34: Вимога-накладна ІБ00-000374 від 22.05.2025 15:46:51 Списаны ТМЦ | C34: Обл. НДС Виробничий (Глобине-2) Глобине-2 Прямі материальні виробничі витрати крім зворотніх відходів | D34: Обл. НДС Бетон С 8/10 Р4 Надходження товарів і послуг ІБ00-002008 від 03.05.2025 11:00:00 Пожежений резервуар (Глобине) | E34: 231 | H34: 205 | I34: 34606.42 | K34: Д | L34: 748878.77
A35: 22.05.2025 | B35: Вимога-накладна ІБ00-000374 від 22.05.2025 15:46:51 Списаны ТМЦ | C35: Обл. НДС Виробничий (Глобине-2) Глобине-2 Прямі материальні виробничі витрати крім зворотніх відходів | D35: Обл. НДС Бетон С 8/10 Р4 Надходження товарів і послуг ІБ00-002008 від 03.05.2025 11:00:00 Пожежений резервуар (Глобине) | E35: 231 | H35: 205 | I35: 3999.59 | K35: Д | L35: 744879.18
A36: 22.05.2025 | B36: Вимога-накладна ІБ00-000374 від 22.05.2025 15:46:51 Списаны ТМЦ | C36: Обл. НДС Виробничий (Глобине-2) Глобине-2 Прямі материальні виробничі витрати крім зворотніх відходів | D36: Обл. НДС Щебінь 20-40 Надходження товарів і послуг ІБ00-001964 від 30.04.2025 11:00:00 Пожежений резервуар (Глобине) | E36: 231 | H36: 205 | I36: 5436.46 | K36: Д | L36: 739442.72
A37: 22.05.2025 | B37: Вимога-накладна ІБ00-000374 від 22.05.2025 15:46:51 Списаны ТМЦ | C37: Обл. НДС Виробничий (Глобине-2) Глобине-2 Прямі материальні виробничі витрати крім зворотніх відходів | D37: Обл. НДС Щебінь 20-40 Надходження товарів і послуг ІБ00-002154 від 10.05.2025 11:00:00 Пожежений резервуар (Глобине) | E37: 231 | H37: 205 | I37: 1657.92 | K37: Д | L37: 737784.8
A38: 22.05.2025 | B38: Вимога-накладна ІБ00-000374 від 22.05.2025 15:46:51 Списаны ТМЦ | C38: Обл. НДС Виробничий (Глобине-2) Глобине-2 Прямі материальні виробничі витрати крім зворотніх відходів | D38: Обл. НДС Щебінь 20-40 Надходження товарів і послуг ІБ00-002157 від 13.05.2025 11:00:00 Пожежений резервуар (Глобине) | E38: 231 | H38: 205 | I38: 816.5 | K38: Д | L38: 736968.3
... A40: 29.05.2025 | B40: Переміщення товарів ІБ00-000492 від 29.05.2025 08:00:00 Перемещение ТМЦ | C40: Обл. НДС Бетон С20/25 W6 F75 P4 Надходження товарів і послуг ІБ00-002293 від 17.05.2025 11:00:00 Транспортна галерея (Глобине) | D40: Обл. НДС Бетон С20/25 W6 F75 P4 Надходження товарів і послуг ІБ00-002293 від 17.05.2025 11:00:00 Пожежений резервуар (Глобине) | E40: 205 | H40: 205 | I40: 6578.79 | K40: Д | L40: 727311.34
A41: 29.05.2025 | B41: Переміщення товарів ІБ00-000520 від 29.05.2025 08:00:00 Перемещение ТМЦ | C41: Обл. НДС Дріт 1,2 мм термооброблений Надходження товарів і послуг ІБ00-000546 від 14.02.2025 10:00:00 Пожежений резервуар (Глобине) | D41: Обл. НДС Дріт 1,2 мм термооброблений Надходження товарів і послуг ІБ00-000546 від 14.02.2025 10:00:00 Пункт фасування та зберігання в бігбегах (Глобине) | E41: 205 | F41: 293.78 | H41: 205 | K41: Д | L41: 727605.12
A42: 29.05.2025 | B42: Переміщення товарів ІБ00-000520 від 29.05.2025 08:00:00 Перемещение ТМЦ | C42: Обл. НДС Бетон С20/25 W6 F75 P4 Надходження товарів і послуг ІБ00-002293 від 17.05.2025 11:00:00 Пожежений резервуар (Глобине) | D42: Обл. НДС Бетон С20/25 W6 F75 P4 Надходження товарів і послуг ІБ00-002293 від 17.05.2025 11:00:00 Пункт фасування та зберігання в бігбегах (Глобине) | E42: 205 | F42: 12073.57 | H42: 205 | K42: Д | L42: 739678.69
A43: 29.05.2025 | B43: Переміщення товарів ІБ00-000521 від 29.05.2025 08:00:00 Перемещение ТМЦ | C43: Обл. НДС Дріт в'язальний 1,6 мм 100м Надходження товарів і послуг ІБ00-001661 від 01.04.2025 11:00:00 Пожежений резервуар (Глобине) | D43: Обл. НДС Дріт в'язальний 1,6 мм 100м Надходження товарів і послуг ІБ00-001661 від 01.04.2025 11:00:00 Генплан митний склад (Глобине) | E43: 205 | F43: 400 | H43: 205 | K43: Д | L43: 740078.69
A44: 29.05.2025 | B44: Переміщення товарів ІБ00-000515 від 29.05.2025 08:10:08 Перемещение ТМЦ | C44: Обл. НДС Брус 50*120* 6 м шт Надходження товарів і послуг ІБ00-002045 від 03.04.2025 11:00:00 Цех екстракції (Глобине) | D44: Обл. НДС Брус 50*120* 6 м шт Надходження товарів і послуг ІБ00-002045 від 03.04.2025 11:00:00 Пожежений резервуар (Глобине) | E44: 205 | H44: 205 | I44: 19656 | K44: Д | L44: 720422.69
A45: 29.05.2025 | B45: Переміщення товарів ІБ00-000515 від 29.05.2025 08:10:08 Перемещение ТМЦ | C45: Обл. НДС Брус 50*150 мм 6,0 м Надходження товарів і послуг ІБ00-001998 від 01.04.2025 11:00:00 Цех екстракції (Глобине) | D45: Обл. НДС Брус 50*150 мм 6,0 м Надходження товарів і послуг ІБ00-001998 від 01.04.2025 11:00:00 Пожежений резервуар (Глобине) | E45: 205 | H45: 205 | I45: 19331.4 | K45: Д | L45: 701091.29
A46: 29.05.2025 | B46: Вимога-накладна ІБ00-000390 від 29.05.2025 11:37:06 Списаны ТМЦ | C46: Обл. НДС Виробничий (Глобине-2) Глобине-2 Прямі материальні виробничі витрати крім зворотніх відходів | D46: Обл. НДС Прокат арматурний №12 мм А500С 12м Надходження товарів і послуг ІБ00-000546 від 14.02.2025 10:00:00 Пожежений резервуар (Глобине) | E46: 231 | H46: 205 | I46: 2738.33 | K46: Д | L46: 698352.96
A47: 29.05.2025 | B47: Вимога-накладна ІБ00-000390 від 29.05.2025 11:37:06 Списаны ТМЦ | C47: Обл. НДС Виробничий (Глобине-2) Глобине-2 Прямі материальні виробничі витрати крім зворотніх відходів | D47: Обл. НДС Бетон С 8/10 Р4 Надходження товарів і послуг ІБ00-002008 від 03.05.2025 11:00:00 Пожежений резервуар (Глобине) | E47: 231 | H47: 205 | I47: 8197.75 | K47: Д | L47: 690155.21
A48: 29.05.2025 | B48: Вимога-накладна ІБ00-000390 від 29.05.2025 11:37:06 Списаны ТМЦ | C48: Обл. НДС Виробничий (Глобине-2) Глобине-2 Прямі материальні виробничі витрати крім зворотніх відходів | D48: Обл. НДС Бетон С 8/10 Р4 Надходження товарів і послуг ІБ00-002052 від 07.05.2025 11:00:00 Пожежений резервуар (Глобине) | E48: 231 | H48: 205 | I48: 1654.8 | K48: Д | L48: 688500.41
A49: 29.05.2025 | B49: Вимога-накладна ІБ00-000390 від 29.05.2025 11:37:06 Списаны ТМЦ | C49: Обл. НДС Виробничий (Глобине-2) Глобине-2 Прямі материальні виробничі витрати крім зворотніх відходів | D49: Обл. НДС Бетон С20/25 W6 F75 P4 Надходження товарів і послуг ІБ00-002293 від 17.05.2025 11:00:00 Пожежений резервуар (Глобине) | E49: 231 | H49: 205 | I49: 5719.06 | K49: Д | L49: 682781.35
A50: 29.05.2025 | B50: Вимога-накладна ІБ00-000390 від 29.05.2025 11:37:06 Списаны ТМЦ | C50: Обл. НДС Виробничий (Глобине-2) Глобине-2 Прямі материальні виробничі витрати крім зворотніх відходів | D50: Обл. НДС Лист г/к 10,0 мм 1500х6000, S235 JR Надходження товарів і послуг ІБ00-002356 від 20.05.2025 11:00:00 Пожежений резервуар (Глобине) | E50: 231 | H50: 205 | I50: 3365.22 | K50: Д | L50: 679416.13
A51: 29.05.2025 | B51: Вимога-накладна ІБ00-000390 від 29.05.2025 11:37:06 Списаны ТМЦ | C51: Обл. НДС Виробничий (Глобине-2) Глобине-2 Прямі материальні виробничі витрати крім зворотніх відходів | D51: Обл. НДС Прокат арматурний №12 мм А500С 12м Надходження товарів і послуг ІБ00-000546 від 14.02.2025 10:00:00 Пожежений резервуар (Глобине) | E51: 231 | H51: 205 | I51: 3358.33 | K51: Д | L51: 676057.8
A52: 29.05.2025 | B52: Вимога-накладна ІБ00-000390 від 29.05.2025 11:37:06 Списаны ТМЦ | C52: Обл. НДС Виробничий (Глобине-2) Глобине-2 Прямі материальні виробничі витрати крім зворотніх відходів | D52: Обл. НДС Кутник 100х100х7 мм ст.3 сп 5 12м Надходження товарів і послуг ІБ00-001808 від 22.04.2025 11:00:00 Пожежений резервуар (Глобине) | E52: 231 | H52: 205 | I52: 40207.17 | K52: Д | L52: 635850.63
A53: 29.05.2025 | B53: Вимога-накладна ІБ00-000390 від 29.05.2025 11:37:06 Списаны ТМЦ | C53: Обл. НДС Виробничий (Глобине-2) Глобине-2 Прямі материальні виробничі витрати крім зворотніх відходів | D53: Обл. НДС Кутики 100х100х7 мм; ст. 3пс5; 12 м Надходження товарів і послуг ІБ00-002356 від 20.05.2025 11:00:00 Пожежений резервуар (Глобине) | E53: 231 | H53: 205 | I53: 5459.36 | K53: Д | L53: 630391.27
A54: 29.05.2025 | B54: Вимога-накладна ІБ00-000405 від 29.05.2025 17:00:00 Списаны ТМЦ | C54: Обл. НДС Виробничий (Глобине-2) Глобине-2 Прямі материальні виробничі витрати крім зворотніх відходів | D54: Обл. НДС Прокат арматурний №12 мм А500С 12м Надходження товарів і послуг ІБ00-000546 від 14.02.2025 10:00:00 Пожежений резервуар (Глобине) | E54: 231 | H54: 205 | I54: 94343.34 | K54: Д | L54: 536047.93
A55: 29.05.2025 | B55: Вимога-накладна ІБ00-000405 від 29.05.2025 17:00:00 Списаны ТМЦ | C55: Обл. НДС Виробничий (Глобине-2) Глобине-2 Прямі материальні виробничі витрати крім зворотніх відходів | D55: Обл. НДС Бетон С20/25 W6 F75 P4 Надходження товарів і послуг ІБ00-002293 від 17.05.2025 11:00:00 Пожежений резервуар (Глобине) | E55: 231 | H55: 205 | I55: 249732.26 | K55: Д | L55: 286315.67
... A64: 29.05.2025 | B64: Списання товарів ІБ00-000275 від 29.05.2025 21:00:26 Списаны ТМЦ | C64: Обл. НДС Виробничий (Глобине-2) Глобине-2 Прямі материальні виробничі витрати крім зворотніх відходів | D64: Обл. НДС Брус 50*100* 6 м шт Надходження товарів і послуг ІБ00-002044 від 01.04.2025 11:00:00 Пожежений резервуар (Глобине) | E64: 231 | H64: 205 | I64: 4490.5 | K64: Д | L64: 190173.8
A65: Обороти за період та сальдо на кінець | E65: 563266.28 | H65: 739656.91 | K65: Д | L65: 190173.8
J67: =SUBTOTAL(9,I27:J64) -> 636896.12

Sheet БигБеги
A1: Період | B1: Документ | C1: Аналітика Дт | D1: Аналітика Кт | E1: Дебет | H1: Кредит | K1: Поточне сальдо
E2: Рахунок | H2: Рахунок
A3: 01.05.2025 | B3: Надходження товарів і послуг ІБ00-001934 від 01.05.2025 11:00:00 Оприходованы ТМЦ | C3: Обл. НДС Труба КАН зовніш 110/2000 3,4мм помаранч Надходження товарів і послуг ІБ00-001934 від 01.05.2025 11:00:00 Пункт фасування та зберігання в бігбегах (Глобине) | D3: Лук'янець Аліна Василівна ФОП РАХУНКИ_Глобине 2 Рахунок на оплату постачальника ІБ00-001603 від 01.05.2025 19:24:45 | E3: 205 | F3: 1158 | H3: 631 | K3: Д | L3: 18858.11
A4: 01.05.2025 | B4: Надходження товарів і послуг ІБ00-001934 від 01.05.2025 11:00:00 Оприходованы ТМЦ | C4: Обл. НДС Труба КАН 110/500 зовніш 3,2мм помаранч Надходження товарів і послуг ІБ00-001934 від 01.05.2025 11:00:00 Пункт фасування та зберігання в бігбегах (Глобине) | D4: Лук'янець Аліна Василівна ФОП РАХУНКИ_Глобине 2 Рахунок на оплату постачальника ІБ00-001603 від 01.05.2025 19:24:45 | E4: 205 | F4: 270 | H4: 631 | K4: Д | L4: 19128.11
A5: 01.05.2025 | B5: Надходження товарів і послуг ІБ00-001934 від 01.05.2025 11:00:00 Оприходованы ТМЦ | C5: Обл. НДС Труба КАН 50/2000 1,8мм внутріш Надходження товарів і послуг ІБ00-001934 від 01.05.2025 11:00:00 Пункт фасування та зберігання в бігбегах (Глобине) | D5: Лук'янець Аліна Василівна ФОП РАХУНКИ_Глобине 2 Рахунок на оплату постачальника ІБ00-001603 від 01.05.2025 19:24:45 | E5: 205 | F5: 1287.5 | H5: 631 | K5: Д | L5: 20415.61
A6: 01.05.2025 | B6: Надходження товарів і послуг ІБ00-001934 від 01.05.2025 11:00:00 Оприходованы ТМЦ | C6: Обл. НДС Труба КАН 50/500 1,8мм внутріш Надходження товарів і послуг ІБ00-001934 від 01.05.2025 11:00:00 Пункт фасування та зберігання в бігбегах (Глобине) | D6: Лук'янець Аліна Василівна ФОП РАХУНКИ_Глобине 2 Рахунок на оплату постачальника ІБ00-001603 від 01.05.2025 19:24:45 | E6: 205 | F6: 127.5 | H6: 631 | K6: Д | L6: 20543.11
A7: 01.05.2025 | B7: Надходження товарів і послуг ІБ00-001934 від 01.05.2025 11:00:00 Оприходованы ТМЦ | C7: Обл. НДС Коліно 110/90° внутр КАН Надходження товарів і послуг ІБ00-001934 від 01.05.2025 11:00:00 Пункт фасування та зберігання в бігбегах (Глобине) | D7: Лук'янець Аліна Василівна ФОП РАХУНКИ_Глобине 2 Рахунок на оплату постачальника ІБ00-001603 від 01.05.2025 19:24:45 | E7: 205 | F7: 162.5 | H7: 631 | K7: Д | L7: 20705.61
A8: 01.05.2025 | B8: Надходження товарів і послуг ІБ00-001934 від 01.05.2025 11:00:00 Оприходованы ТМЦ | C8: Обл. НДС Коліно КАН. 50/90° внутріш Надходження товарів і послуг ІБ00-001934 від 01.05.2025 11:00:00 Пункт фасування та зберігання в бігбегах (Глобине) | D8: Лук'янець Аліна Василівна ФОП РАХУНКИ_Глобине 2 Рахунок на оплату постачальника ІБ00-001603 від 01.05.2025 19:24:45 | E8: 205 | F8: 91 | H8: 631 | K8: Д | L8: 20796.61
A9: 01.05.2025 | B9: Надходження товарів і послуг ІБ00-001934 від 01.05.2025 11:00:00 Оприходованы ТМЦ | C9: Обл. НДС Труба ППР 50*4,2 PN20Ek Надходження товарів і послуг ІБ00-001934 від 01.05.2025 11:00:00 Пункт фасування та зберігання в бігбегах (Глобине) | D9: Лук'янець Аліна Василівна ФОП РАХУНКИ_Глобине 2 Рахунок на оплату постачальника ІБ00-001603 від 01.05.2025 19:24:45 | E9: 205 | F9: 740 | H9: 631 | K9: Д | L9: 21536.61
A10: 01.05.2025 | B10: Надходження товарів і послуг ІБ00-001934 від 01.05.2025 11:00:00 Оприходованы ТМЦ | C10: Обл. НДС Кут PP-R 25*90 Надходження товарів і послуг ІБ00-001934 від 01.05.2025 11:00:00 Пункт фасування та зберігання в бігбегах (Глобине) | D10: Лук'янець Аліна Василівна ФОП РАХУНКИ_Глобине 2 Рахунок на оплату постачальника ІБ00-001603 від 01.05.2025 19:24:45 | E10: 205 | F10: 73 | H10: 631 | K10: Д | L10: 21609.61
A11: 01.05.2025 | B11: Переміщення товарів ІБ00-000431 від 01.05.2025 22:00:52 Перемещение ТМЦ | C11: Обл. НДС Прокат арматурний №12 мм А500С 12м Надходження товарів і послуг ІБ00-000546 від 14.02.2025 10:00:00 Пункт фасування та зберігання в бігбегах (Глобине) | D11: Обл. НДС Прокат арматурний №12 мм А500С 12м Надходження товарів і послуг ІБ00-000546 від 14.02.2025 10:00:00 Пожежений резервуар (Глобине) | E11: 205 | F11: 36011.67 | H11: 205 | K11: Д | L11: 57621.28
A12: 01.05.2025 | B12: Вимога-накладна ІБ00-000363 від 01.05.2025 23:31:15 Списаны ТМЦ | C12: Обл. НДС Виробничий (Глобине-2) Глобине-2 Прямі материальні виробничі витрати крім зворотніх відходів | D12: Обл. НДС Прокат арматурний №12 мм А500С 12м Надходження товарів і послуг ІБ00-000546 від 14.02.2025 10:00:00 Пункт фасування та зберігання в бігбегах (Глобине) | E12: 231 | H12: 205 | I12: 36011.67 | K12: Д | L12: 21609.61
A13: 02.05.2025 | B13: Надходження товарів і послуг ІБ00-002029 від 02.05.2025 20:14:37 Оприходованы ТМЦ | C13: Обл. НДС Анкер хімічний 410 мл Надходження товарів і послуг ІБ00-002029 від 02.05.2025 20:14:37 Пункт фасування та зберігання в бігбегах (Глобине) | D13: Солді і Ко ПАТ Дог № 378542-55/19 від 21.01.2019 р. РАХ_Глобине-2 Рахунок на оплату постачальника ІБ00-001644 від 02.05.2025 20:14:36 | E13: 205 | F13: 3713.17 | H13: 631 | K13: Д | L13: 25322.78
A14: 02.05.2025 | B14: Надходження товарів і послуг ІБ00-002029 від 02.05.2025 20:14:37 Оприходованы ТМЦ | C14: Обл. НДС Змішувач д/хіманкера Надходження товарів і послуг ІБ00-002029 від 02.05.2025 20:14:37 Пункт фасування та зберігання в бігбегах (Глобине) | D14: Солді і Ко ПАТ Дог № 378542-55/19 від 21.01.2019 р. РАХ_Глобине-2 Рахунок на оплату постачальника ІБ00-001644 від 02.05.2025 20:14:36 | E14: 205 | F14: 115.87 | H14: 631 | K14: Д | L14: 25438.65
A15: 02.05.2025 | B15: Вимога-накладна ІБ00-000351 від 02.05.2025 21:00:00 Списаны ТМЦ | C15: Обл. НДС Виробничий (Глобине-2) Глобине-2 Прямі материальні виробничі витрати крім зворотніх відходів | D15: Обл. НДС Анкер хімічний 410 мл Надходження товарів і послуг ІБ00-002029 від 02.05.2025 20:14:37 Пункт фасування та зберігання в бігбегах (Глобине) | E15: 231 | H15: 205 | I15: 3713.17 | K15: Д | L15: 21725.48
A16: 02.05.2025 | B16: Вимога-накладна ІБ00-000351 від 02.05.2025 21:00:00 Списаны ТМЦ | C16: Обл. НДС Виробничий (Глобине-2) Глобине-2 Прямі материальні виробничі витрати крім зворотніх відходів | D16: Обл. НДС Змішувач д/хіманкера Надходження товарів і послуг ІБ00-002029 від 02.05.2025 20:14:37 Пункт фасування та зберігання в бігбегах (Глобине) | E16: 231 | H16: 205 | I16: 115.87 | K16: Д | L16: 21609.61
A17: 17.05.2025 | B17: Переміщення товарів ІБ00-000444 від 17.05.2025 11:15:00 Перемещение ТМЦ | C17: Обл. НДС Бетон С20/25 W6 F75 P4 Надходження товарів і послуг ІБ00-002293 від 17.05.2025 11:00:00 Пункт фасування та зберігання в бігбегах (Глобине) | D17: Обл. НДС Бетон С20/25 W6 F75 P4 Надходження товарів і послуг ІБ00-002293 від 17.05.2025 11:00:00 Глобине-2 | E17: 205 | F17: 56069.21 | H17: 205 | K17: Д | L17: 77678.82
A18: 20.05.2025 | B18: Переміщення товарів ІБ00-000484 від 20.05.2025 15:50:11 Перемещение ТМЦ | C18: Обл. НДС Прокат сталевий круглий (кл. А240С) ф10мм, ст.3пс, міра 6м Надходження товарів і послуг ІБ00-000546 від 14.02.2025 10:00:00 Транспортна галерея (Глобине) | D18: Обл. НДС Прокат сталевий круглий (кл. А240С) ф10мм, ст.3пс, міра 6м Надходження товарів і послуг ІБ00-000546 від 14.02.2025 10:00:00 Пункт фасування та зберігання в бігбегах (Глобине) | E18: 205 | H18: 205 | I18: 8216 | K18: Д | L18: 69462.82
A19: 22.05.2025 | B19: Вимога-накладна ІБ00-000376 від 22.05.2025 16:25:05 Списаны ТМЦ | C19: Обл. НДС Виробничий (Глобине-2) Глобине-2 Прямі материальні виробничі витрати крім зворотніх відходів | D19: Обл. НДС Прокат сталевий круглий (кл. А240С) ф10мм, ст.3пс, міра 6м Надходження товарів і послуг ІБ00-000546 від 14.02.2025 10:00:00 Пункт фасування та зберігання в бігбегах (Глобине) | E19: 231 | H19: 205 | I19: 5980 | K19: Д | L19: 63482.82
A20: 22.05.2025 | B20: Вимога-накладна ІБ00-000376 від 22.05.2025 16:25:05 Списаны ТМЦ | C20: Обл. НДС Виробничий (Глобине-2) Глобине-2 Прямі материальні виробничі витрати крім зворотніх відходів | D20: Обл. НДС Дріт 1,2 мм термооброблений Надходження товарів і послуг ІБ00-000546 від 14.02.2025 10:00:00 Пункт фасування та зберігання в бігбегах (Глобине) | E20: 231 | H20: 205 | I20: 652.83 | K20: Д | L20: 62829.99
A21: 24.05.2025 | B21: Надходження товарів і послуг ІБ00-002428 від 24.05.2025 11:00:00 Оприходованы ТМЦ | C21: Обл. НДС Бетон С20/25 W6 F75 P4 Надходження товарів і послуг ІБ00-002428 від 24.05.2025 11:00:00 Пункт фасування та зберігання в бігбегах (Глобине) | D21: Кременчуцький річковий порт ПРАТ Договір 112/Б від 15.10.2024_Глобине-2 Надходження товарів і послуг ІБ00-002428 від 24.05.2025 11:00:00 | E21: 205 | F21: 35040 | H21: 631 | K21: Д | L21: 97869.99
A22: 24.05.2025 | B22: Надходження дод. витрат ІБ00-000338 від 24.05.2025 11:05:00 Доп. расходы при поступлении товаров | C22: Обл. НДС Бетон С20/25 W6 F75 P4 Надходження товарів і послуг ІБ00-002428 від 24.05.2025 11:00:00 Пункт фасування та зберігання в бігбегах (Глобине) | D22: Кременчуцький річковий порт ПРАТ Договір 112/Б від 15.10.2024_Глобине-2 Надходження дод. витрат ІБ00-000338 від 24.05.2025 11:05:00 | E22: 205 | F22: 14740 | H22: 631 | K22: Д | L22: 112609.99
A23: 28.05.2025 | B23: Переміщення товарів ІБ00-000485 від 28.05.2025 11:10:00 Перемещение ТМЦ | C23: Обл. НДС Бетон С20/25 W6 F75 P4 Надходження товарів і послуг ІБ00-002501 від 28.05.2025 11:00:00 Пункт фасування та зберігання в бігбегах (Глобине) | D23: Обл. НДС Бетон С20/25 W6 F75 P4 Надходження товарів і послуг ІБ00-002501 від 28.05.2025 11:00:00 Глобине-2 | E23: 205 | F23: 52410.38 | H23: 205 | K23: Д | L23: 165020.37
A24: 29.05.2025 | B24: Переміщення товарів ІБ00-000520 від 29.05.2025 08:00:00 Перемещение ТМЦ | C24: Обл. НДС Дріт 1,2 мм термооброблений Надходження товарів і послуг ІБ00-000546 від 14.02.2025 10:00:00 Пожежений резервуар (Глобине) | D24: Обл. НДС Дріт 1,2 мм термооброблений Надходження товарів і послуг ІБ00-000546 від 14.02.2025 10:00:00 Пункт фасування та зберігання в бігбегах (Глобине) | E24: 205 | H24: 205 | I24: 293.78 | K24: Д | L24: 164726.59
A25: 29.05.2025 | B25: Переміщення товарів ІБ00-000520 від 29.05.2025 08:00:00 Перемещение ТМЦ | C25: Обл. НДС Бетон С20/25 W6 F75 P4 Надходження товарів і послуг ІБ00-002293 від 17.05.2025 11:00:00 Пожежений резервуар (Глобине) | D25: Обл. НДС Бетон С20/25 W6 F75 P4 Надходження товарів і послуг ІБ00-002293 від 17.05.2025 11:00:00 Пункт фасування та зберігання в бігбегах (Глобине) | E25: 205 | H25: 205 | I25: 12073.57 | K25: Д | L25: 152653.02
A26: 29.05.2025 | B26: Вимога-накладна ІБ00-000425 від 29.05.2025 21:00:00 Списаны ТМЦ | C26: Обл. НДС Виробничий (Глобине-2) Глобине-2 Прямі материальні виробничі витрати крім зворотніх відходів | D26: Обл. НДС Бетон С20/25 W6 F75 P4 Надходження товарів і послуг ІБ00-002293 від 17.05.2025 11:00:00 Пункт фасування та зберігання в бігбегах (Глобине) | E26: 231 | H26: 205 | I26: 3289.39 | K26: Д | L26: 149363.63
A27: 29.05.2025 | B27: Вимога-накладна ІБ00-000425 від 29.05.2025 21:00:00 Списаны ТМЦ | C27: Обл. НДС Виробничий (Глобине-2) Глобине-2 Прямі материальні виробничі витрати крім зворотніх відходів | D27: Обл. НДС Бетон С20/25 W6 F75 P4 Надходження товарів і послуг ІБ00-002293 від 17.05.2025 11:00:00 Пункт фасування та зберігання в бігбегах (Глобине) | E27: 231 | H27: 205 | I27: 40706.25 | K27: Д | L27: 108657.38
A28: 29.05.2025 | B28: Вимога-накладна ІБ00-000425 від 29.05.2025 21:00:00 Списаны ТМЦ | C28: Обл. НДС Виробничий (Глобине-2) Глобине-2 Прямі материальні виробничі витрати крім зворотніх відходів | D28: Обл. НДС Бетон С20/25 W6 F75 P4 Надходження товарів і послуг ІБ00-002428 від 24.05.2025 11:00:00 Пункт фасування та зберігання в бігбегах (Глобине) | E28: 231 | H28: 205 | I28: 10827.15 | K28: Д | L28: 97830.23
A29: 29.05.2025 | B29: Вимога-накладна ІБ00-000425 від 29.05.2025 21:00:00 Списаны ТМЦ | C29: Обл. НДС Виробничий (Глобине-2) Глобине-2 Прямі материальні виробничі витрати крім зворотніх відходів | D29: Обл. НДС Бетон С20/25 W6 F75 P4 Надходження товарів і послуг ІБ00-002428 від 24.05.2025 11:00:00 Пункт фасування та зберігання в бігбегах (Глобине) | E29: 231 | H29: 205 | I29: 1285.98 | K29: Д | L29: 96544.25
A30: 29.05.2025 | B30: Вимога-накладна ІБ00-000408 від 29.05.2025 21:00:31 Списаны ТМЦ | C30: Обл. НДС Виробничий (Глобине-2) Глобине-2 Прямі материальні виробничі витрати крім зворотніх відходів | D30: Обл. НДС Бетон С20/25 W6 F75 P4 Надходження товарів і послуг ІБ00-002428 від 24.05.2025 11:00:00 Пункт фасування та зберігання в бігбегах (Глобине) | E30: 231 | H30: 205 | I30: 37666.87 | K30: Д | L30: 58877.38
A31: 29.05.2025 | B31: Вимога-накладна ІБ00-000408 від 29.05.2025 21:00:31 Списаны ТМЦ | C31: Обл. НДС Виробничий (Глобине-2) Глобине-2 Прямі материальні виробничі витрати крім зворотніх відходів | D31: Обл. НДС Бетон С20/25 W6 F75 P4 Надходження товарів і послуг ІБ00-002501 від 28.05.2025 11:00:00 Пункт фасування та зберігання в бігбегах (Глобине) | E31: 231 | H31: 205 | I31: 21779.42 | K31: Д | L31: 37097.96
A32: 30.05.2025 | B32: Надходження товарів і послуг ІБ00-002592 від 30.05.2025 11:00:00 Оприходованы ТМЦ | C32: Обл. НДС Бетон С20/25 W6 F75 P4 Надходження товарів і послуг ІБ00-002592 від 30.05.2025 11:00:00 Пункт фасування та зберігання в бігбегах (Глобине) | D32: Кременчуцький річковий порт ПРАТ Договір 112/Б від 15.10.2024_Глобине-2 Надходження товарів і послуг ІБ00-002592 від 30.05.2025 11:00:00 | E32: 205 | F32: 10220 | H32: 631 | K32: Д | L32: 47317.96
A33: 30.05.2025 | B33: Надходження дод. витрат ІБ00-000349 від 30.05.2025 11:10:00 Доп. расходы при поступлении товаров | C33: Обл. НДС Бетон С20/25 W6 F75 P4 Надходження товарів і послуг ІБ00-002592 від 30.05.2025 11:00:00 Пункт фасування та зберігання в бігбегах (Глобине) | D33: Кременчуцький річковий порт ПРАТ Договір 112/Б від 15.10.2024_Глобине-2 Надходження дод. витрат ІБ00-000349 від 30.05.2025 11:10:00 | E33: 205 | F33: 7370 | H33: 631 | K33: Д | L33: 54687.96
A34: Обороти за період та сальдо на кінець | E34: 219599.8 | H34: 182611.95 | K34: Д | L34: 54687.96
J36: =SUBTOTAL(9,I12:J31) -> 162028.6

Sheet Резервуар розчин
A1: Період | B1: Документ | C1: Аналітика Дт | D1: Аналітика Кт | E1: Дебет | H1: Кредит | K1: Поточне сальдо
E2: Рахунок | H2: Рахунок
A3: 01.05.2025 | B3: Переміщення товарів ІБ00-000413 від 01.05.2025 11:10:00 Перемещение ТМЦ | C3: Обл. НДС Бетон С 8/10 Р4 Надходження товарів і послуг ІБ00-002050 від 01.05.2025 11:00:00 Резервуар для зберігання розчинника(Глобине) | D3: Обл. НДС Бетон С 8/10 Р4 Надходження товарів і послуг ІБ00-002050 від 01.05.2025 11:00:00 Глобине-2 | E3: 205 | F3: 5811.7 | H3: 205 | K3: Д | L3: 143099.79
A4: 01.05.2025 | B4: Переміщення товарів ІБ00-000474 від 01.05.2025 13:13:33 Перемещение ТМЦ | C4: Обл. НДС Пісок з відсіву дроблення щебеню фр. 0-5мм. Надходження товарів і послуг ІБ00-001748 від 21.04.2025 11:00:00 Резервуар для зберігання розчинника(Глобине) | D4: Обл. НДС Пісок з відсіву дроблення щебеню фр. 0-5мм. Надходження товарів і послуг ІБ00-001748 від 21.04.2025 11:00:00 Генплан підпірна стінка (Глобине) | E4: 205 | F4: 2765.25 | H4: 205 | K4: Д | L4: 145865.04
A5: 01.05.2025 | B5: Переміщення товарів ІБ00-000474 від 01.05.2025 13:13:33 Перемещение ТМЦ | C5: Обл. НДС Пісок з відсіву дроблення щебеню фр. 0-5мм. Надходження товарів і послуг ІБ00-001810 від 23.04.2025 11:00:00 Резервуар для зберігання розчинника(Глобине) | D5: Обл. НДС Пісок з відсіву дроблення щебеню фр. 0-5мм. Надходження товарів і послуг ІБ00-001810 від 23.04.2025 11:00:00 Генплан підпірна стінка (Глобине) | E5: 205 | F5: 19797.33 | H5: 205 | K5: Д | L5: 165662.37
A6: 01.05.2025 | B6: Переміщення товарів ІБ00-000475 від 01.05.2025 23:41:11 Перемещение ТМЦ | C6: Обл. НДС Пісок з відсіву дроблення щебеню фр. 0-5мм. Надходження товарів і послуг ІБ00-005729 від 11.11.2024 18:00:18 Резервуар для зберігання розчинника(Глобине) | D6: Обл. НДС Пісок з відсіву дроблення щебеню фр. 0-5мм. Надходження товарів і послуг ІБ00-005729 від 11.11.2024 18:00:18 Насосна Градирня (Глобине) | E6: 205 | F6: 8005.33 | H6: 205 | K6: Д | L6: 173667.7
A7: 06.05.2025 | B7: Надходження товарів і послуг ІБ00-002051 від 06.05.2025 11:00:00 Оприходованы ТМЦ | C7: Обл. НДС Бетон С20/25 W6 F75 P4 Надходження товарів і послуг ІБ00-002051 від 06.05.2025 11:00:00 Резервуар для зберігання розчинника(Глобине) | D7: Кременчуцький річковий порт ПРАТ Договір 112/Б від 15.10.2024_Глобине-2 Надходження товарів і послуг ІБ00-002051 від 06.05.2025 11:00:00 | E7: 205 | F7: 61320 | H7: 631 | K7: Д | L7: 234987.7
A8: 06.05.2025 | B8: Надходження дод. витрат ІБ00-000300 від 06.05.2025 11:10:00 Доп. расходы при поступлении товаров | C8: Обл. НДС Бетон С20/25 W6 F75 P4 Надходження товарів і послуг ІБ00-002051 від 06.05.2025 11:00:00 Резервуар для зберігання розчинника(Глобине) | D8: Кременчуцький річковий порт ПРАТ Договір 112/Б від 15.10.2024_Глобине-2 Надходження дод. витрат ІБ00-000300 від 06.05.2025 11:10:00 | E8: 205 | F8: 22555.5 | H8: 631 | K8: Д | L8: 257543.2
A9: 07.05.2025 | B9: Переміщення товарів ІБ00-000416 від 07.05.2025 11:10:00 Перемещение ТМЦ | C9: Обл. НДС Бетон С 8/10 Р4 Надходження товарів і послуг ІБ00-002052 від 07.05.2025 11:00:00 Резервуар для зберігання розчинника(Глобине) | D9: Обл. НДС Бетон С 8/10 Р4 Надходження товарів і послуг ІБ00-002052 від 07.05.2025 11:00:00 Глобине-2 | E9: 205 | F9: 27580 | H9: 205 | K9: Д | L9: 285123.2
A10: 10.05.2025 | B10: Переміщення товарів ІБ00-000429 від 10.05.2025 11:10:00 Перемещение ТМЦ | C10: Обл. НДС Бетон С20/25 W6 F75 P4 Надходження товарів і послуг ІБ00-002159 від 10.05.2025 11:00:00 Резервуар для зберігання розчинника(Глобине) | D10: Обл. НДС Бетон С20/25 W6 F75 P4 Надходження товарів і послуг ІБ00-002159 від 10.05.2025 11:00:00 Глобине-2 | E10: 205 | F10: 79138.79 | H10: 205 | K10: Д | L10: 364261.99
A11: 13.05.2025 | B11: Переміщення товарів ІБ00-000427 від 13.05.2025 11:05:00 Перемещение ТМЦ | C11: Обл. НДС Щебінь 20-40 Надходження товарів і послуг ІБ00-002157 від 13.05.2025 11:00:00 Резервуар для зберігання розчинника(Глобине) | D11: Обл. НДС Щебінь 20-40 Надходження товарів і послуг ІБ00-002157 від 13.05.2025 11:00:00 Глобине-2 | E11: 205 | F11: 3894.67 | H11: 205 | K11: Д | L11: 368156.66
A12: 15.05.2025 | B12: Надходження товарів і послуг ІБ00-002295 від 15.05.2025 11:00:00 Оприходованы ТМЦ | C12: Обл. НДС Бетон С 8/10 Р4 Надходження товарів і послуг ІБ00-002295 від 15.05.2025 11:00:00 Резервуар для зберігання розчинника(Глобине) | D12: Кременчуцький річковий порт ПРАТ Договір 112/Б від 15.10.2024_Глобине-2 Надходження товарів і послуг ІБ00-002295 від 15.05.2025 11:00:00 | E12: 205 | F12: 9483.75 | H12: 631 | K12: Д | L12: 377640.41
A13: 15.05.2025 | B13: Надходження дод. витрат ІБ00-000322 від 15.05.2025 11:10:00 Доп. расходы при поступлении товаров | C13: Обл. НДС Бетон С 8/10 Р4 Надходження товарів і послуг ІБ00-002295 від 15.05.2025 11:00:00 Резервуар для зберігання розчинника(Глобине) | D13: Кременчуцький річковий порт ПРАТ Договір 112/Б від 15.10.2024_Глобине-2 Надходження дод. витрат ІБ00-000322 від 15.05.2025 11:10:00 | E13: 205 | F13: 7599.5 | H13: 631 | K13: Д | L13: 385239.91
A14: 20.05.2025 | B14: Надходження товарів і послуг ІБ00-002342 від 20.05.2025 11:00:00 Оприходованы ТМЦ | C14: Обл. НДС Бетон С20/25 W6 F75 P4 Надходження товарів і послуг ІБ00-002342 від 20.05.2025 11:00:00 Резервуар для зберігання розчинника(Глобине) | D14: Кременчуцький річковий порт ПРАТ Договір 112/Б від 15.10.2024_Глобине-2 Надходження товарів і послуг ІБ00-002342 від 20.05.2025 11:00:00 | E14: 205 | F14: 36500 | H14: 631 | K14: Д | L14: 421739.91
A15: 20.05.2025 | B15: Надходження дод. витрат ІБ00-000325 від 20.05.2025 11:05:00 Доп. расходы при поступлении товаров | C15: Обл. НДС Бетон С20/25 W6 F75 P4 Надходження товарів і послуг ІБ00-002342 від 20.05.2025 11:00:00 Резервуар для зберігання розчинника(Глобине) | D15: Кременчуцький річковий порт ПРАТ Договір 112/Б від 15.10.2024_Глобине-2 Надходження дод. витрат ІБ00-000325 від 20.05.2025 11:05:00 | E15: 205 | F15: 14740 | H15: 631 | K15: Д | L15: 436479.91
A16: 20.05.2025 | B16: Переміщення товарів ІБ00-000481 від 20.05.2025 21:00:02 Перемещение ТМЦ | C16: Обл. НДС Бетон С20/25 W6 F75 P4 Надходження товарів і послуг ІБ00-002051 від 06.05.2025 11:00:00 Генплан благоустрій (Глобине) | D16: Обл. НДС Бетон С20/25 W6 F75 P4 Надходження товарів і послуг ІБ00-002051 від 06.05.2025 11:00:00 Резервуар для зберігання розчинника(Глобине) | E16: 205 | H16: 205 | I16: 3994.07 | K16: Д | L16: 432485.84
A17: 21.05.2025 | B17: Надходження товарів і послуг ІБ00-002430 від 21.05.2025 11:00:00 Оприходованы ТМЦ | C17: Обл. НДС Бетон С20/25 W6 F75 P4 Надходження товарів і послуг ІБ00-002430 від 21.05.2025 11:00:00 Резервуар для зберігання розчинника(Глобине) | D17: Кременчуцький річковий порт ПРАТ Договір 112/Б від 15.10.2024_Глобине-2 Надходження товарів і послуг ІБ00-002430 від 21.05.2025 11:00:00 | E17: 205 | F17: 43800 | H17: 631 | K17: Д | L17: 476285.84
A18: 21.05.2025 | B18: Надходження дод. витрат ІБ00-000340 від 21.05.2025 11:05:00 Доп. расходы при поступлении товаров | C18: Обл. НДС Бетон С20/25 W6 F75 P4 Надходження товарів і послуг ІБ00-002430 від 21.05.2025 11:00:00 Резервуар для зберігання розчинника(Глобине) | D18: Кременчуцький річковий порт ПРАТ Договір 112/Б від 15.10.2024_Глобине-2 Надходження дод. витрат ІБ00-000340 від 21.05.2025 11:05:00 | E18: 205 | F18: 16873 | H18: 631 | K18: Д | L18: 493158.84
A19: 22.05.2025 | B19: Вимога-накладна ІБ00-000373 від 22.05.2025 15:35:47 Списаны ТМЦ | C19: Обл. НДС Виробничий (Глобине-2) Глобине-2 Прямі материальні виробничі витрати крім зворотніх відходів | D19: Обл. НДС Бетон С 8/10 Р4 Надходження товарів і послуг ІБ00-001292 від 28.03.2025 17:56:31 Резервуар для зберігання розчинника(Глобине) | E19: 231 | H19: 205 | I19: 1985 | K19: Д | L19: 491173.84
A20: 22.05.2025 | B20: Вимога-накладна ІБ00-000373 від 22.05.2025 15:35:47 Списаны ТМЦ | C20: Обл. НДС Виробничий (Глобине-2) Глобине-2 Прямі материальні виробничі витрати крім зворотніх відходів | D20: Обл. НДС Бетон С 8/10 Р4 Надходження товарів і послуг ІБ00-001961 від 30.04.2025 11:00:00 Резервуар для зберігання розчинника(Глобине) | E20: 231 | H20: 205 | I20: 17968.29 | K20: Д | L20: 473205.55
A21: 22.05.2025 | B21: Вимога-накладна ІБ00-000373 від 22.05.2025 15:35:47 Списаны ТМЦ | C21: Обл. НДС Виробничий (Глобине-2) Глобине-2 Прямі материальні виробничі витрати крім зворотніх відходів | D21: Обл. НДС Бетон С 8/10 Р4 Надходження товарів і послуг ІБ00-002050 від 01.05.2025 11:00:00 Резервуар для зберігання розчинника(Глобине) | E21: 231 | H21: 205 | I21: 5811.7 | K21: Д | L21: 467393.85
A22: 22.05.2025 | B22: Вимога-накладна ІБ00-000373 від 22.05.2025 15:35:47 Списаны ТМЦ | C22: Обл. НДС Виробничий (Глобине-2) Глобине-2 Прямі материальні виробничі витрати крім зворотніх відходів | D22: Обл. НДС Бетон С 8/10 Р4 Надходження товарів і послуг ІБ00-002052 від 07.05.2025 11:00:00 Резервуар для зберігання розчинника(Глобине) | E22: 231 | H22: 205 | I22: 2482.2 | K22: Д | L22: 464911.65
A23: 22.05.2025 | B23: Списання товарів ІБ00-000260 від 22.05.2025 15:41:06 Списаны ТМЦ | C23: Обл. НДС Виробничий (Глобине-2) Глобине-2 Прямі материальні виробничі витрати крім зворотніх відходів | D23: Обл. НДС Мапеграут 450 Тіксо/25 Надходження товарів і послуг ІБ00-001430 від 02.04.2025 18:09:00 Резервуар для зберігання розчинника(Глобине) | E23: 231 | H23: 205 | I23: 553.86 | K23: Д | L23: 464357.79
A24: 22.05.2025 | B24: Переміщення товарів ІБ00-000455 від 22.05.2025 15:44:57 Перемещение ТМЦ | C24: Обл. НДС Щебінь 20-40 Надходження товарів і послуг ІБ00-001964 від 30.04.2025 11:00:00 Пожежений резервуар (Глобине) | D24: Обл. НДС Щебінь 20-40 Надходження товарів і послуг ІБ00-001964 від 30.04.2025 11:00:00 Резервуар для зберігання розчинника(Глобине) | E24: 205 | H24: 205 | I24: 18590.21 | K24: Д | L24: 445767.58
A25: 22.05.2025 | B25: Переміщення товарів ІБ00-000455 від 22.05.2025 15:44:57 Перемещение ТМЦ | C25: Обл. НДС Щебінь 20-40 Надходження товарів і послуг ІБ00-002157 від 13.05.2025 11:00:00 Пожежений резервуар (Глобине) | D25: Обл. НДС Щебінь 20-40 Надходження товарів і послуг ІБ00-002157 від 13.05.2025 11:00:00 Резервуар для зберігання розчинника(Глобине) | E25: 205 | H25: 205 | I25: 3894.67 | K25: Д | L25: 441872.91
A26: 28.05.2025 | B26: Переміщення товарів ІБ00-000486 від 28.05.2025 11:10:00 Перемещение ТМЦ | C26: Обл. НДС Бетон С20/25 W6 F75 P4 Надходження товарів і послуг ІБ00-002501 від 28.05.2025 11:00:00 Резервуар для зберігання розчинника(Глобине) | D26: Обл. НДС Бетон С20/25 W6 F75 P4 Надходження товарів і послуг ІБ00-002501 від 28.05.2025 11:00:00 Глобине-2 | E26: 205 | F26: 56292.62 | H26: 205 | K26: Д | L26: 498165.53
A27: 29.05.2025 | B27: Переміщення товарів ІБ00-000523 від 29.05.2025 08:00:00 Перемещение ТМЦ | C27: Обл. НДС Бетон С 30/35 W4 F75 Р4 Надходження товарів і послуг ІБ00-001961 від 30.04.2025 11:00:00 СПК (Глобине) | D27: Обл. НДС Бетон С 30/35 W4 F75 Р4 Надходження товарів і послуг ІБ00-001961 від 30.04.2025 11:00:00 Резервуар для зберігання розчинника(Глобине) | E27: 205 | H27: 205 | I27: 9677.23 | K27: Д | L27: 488488.3
A28: 29.05.2025 | B28: Вимога-накладна ІБ00-000394 від 29.05.2025 13:10:55 Списаны ТМЦ | C28: Обл. НДС Виробничий (Глобине-2) Глобине-2 Прямі материальні виробничі витрати крім зворотніх відходів | D28: Обл. НДС Бетон С 8/10 Р4 Надходження товарів і послуг ІБ00-002052 від 07.05.2025 11:00:00 Резервуар для зберігання розчинника(Глобине) | E28: 231 | H28: 205 | I28: 25097.8 | K28: Д | L28: 463390.5
A29: 29.05.2025 | B29: Вимога-накладна ІБ00-000394 від 29.05.2025 13:10:55 Списаны ТМЦ | C29: Обл. НДС Виробничий (Глобине-2) Глобине-2 Прямі материальні виробничі витрати крім зворотніх відходів | D29: Обл. НДС Бетон С 8/10 Р4 Надходження товарів і послуг ІБ00-002295 від 15.05.2025 11:00:00 Резервуар для зберігання розчинника(Глобине) | E29: 231 | H29: 205 | I29: 645.37 | K29: Д | L29: 462745.13
A30: 29.05.2025 | B30: Вимога-накладна ІБ00-000394 від 29.05.2025 13:10:55 Списаны ТМЦ | C30: Обл. НДС Виробничий (Глобине-2) Глобине-2 Прямі материальні виробничі витрати крім зворотніх відходів | D30: Обл. НДС Бетон С20/25 W6 F75 P4 Надходження товарів і послуг ІБ00-002051 від 06.05.2025 11:00:00 Резервуар для зберігання розчинника(Глобине) | E30: 231 | H30: 205 | I30: 79881.43 | K30: Д | L30: 382863.7
A31: 29.05.2025 | B31: Вимога-накладна ІБ00-000394 від 29.05.2025 13:10:55 Списаны ТМЦ | C31: Обл. НДС Виробничий (Глобине-2) Глобине-2 Прямі материальні виробничі витрати крім зворотніх відходів | D31: Обл. НДС Бетон С20/25 W6 F75 P4 Надходження товарів і послуг ІБ00-002159 від 10.05.2025 11:00:00 Резервуар для зберігання розчинника(Глобине) | E31: 231 | H31: 205 | I31: 3768.51 | K31: Д | L31: 379095.19
A32: 29.05.2025 | B32: Вимога-накладна ІБ00-000394 від 29.05.2025 13:10:55 Списаны ТМЦ | C32: Обл. НДС Виробничий (Глобине-2) Глобине-2 Прямі материальні виробничі витрати крім зворотніх відходів | D32: Обл. НДС Бетон С20/25 W6 F75 P4 Надходження товарів і послуг ІБ00-002159 від 10.05.2025 11:00:00 Резервуар для зберігання розчинника(Глобине) | E32: 231 | H32: 205 | I32: 75370.28 | K32: Д | L32: 303724.91
A33: 29.05.2025 | B33: Вимога-накладна ІБ00-000394 від 29.05.2025 13:10:55 Списаны ТМЦ | C33: Обл. НДС Виробничий (Глобине-2) Глобине-2 Прямі материальні виробничі витрати крім зворотніх відходів | D33: Обл. НДС Бетон С20/25 W6 F75 P4 Надходження товарів і послуг ІБ00-002342 від 20.05.2025 11:00:00 Резервуар для зберігання розчинника(Глобине) | E33: 231 | H33: 205 | I33: 4099.2 | K33: Д | L33: 299625.71
A34: 29.05.2025 | B34: Вимога-накладна ІБ00-000394 від 29.05.2025 13:10:55 Списаны ТМЦ | C34: Обл. НДС Виробничий (Глобине-2) Глобине-2 Прямі материальні виробничі витрати крім зворотніх відходів | D34: Обл. НДС Пісок з відсіву дроблення щебеню фр. 0-5мм. Надходження товарів і послуг ІБ00-005729 від 11.11.2024 18:00:18 Резервуар для зберігання розчинника(Глобине) | E34: 231 | H34: 205 | I34: 8005.33 | K34: Д | L34: 291620.38
A35: 29.05.2025 | B35: Вимога-накладна ІБ00-000394 від 29.05.2025 13:10:55 Списаны ТМЦ | C35: Обл. НДС Виробничий (Глобине-2) Глобине-2 Прямі материальні виробничі витрати крім зворотніх відходів | D35: Обл. НДС Пісок з відсіву дроблення щебеню фр. 0-5мм. Надходження товарів і послуг ІБ00-001750 від 17.04.2025 11:00:00 Резервуар для зберігання розчинника(Глобине) | E35: 231 | H35: 205 | I35: 3670 | K35: Д | L35: 287950.38
A36: 29.05.2025 | B36: Вимога-накладна ІБ00-000394 від 29.05.2025 13:10:55 Списаны ТМЦ | C36: Обл. НДС Виробничий (Глобине-2) Глобине-2 Прямі материальні виробничі витрати крім зворотніх відходів | D36: Обл. НДС Пісок з відсіву дроблення щебеню фр. 0-5мм. Надходження товарів і послуг ІБ00-001750 від 17.04.2025 11:00:00 Резервуар для зберігання розчинника(Глобине) | E36: 231 | H36: 205 | I36: 5205 | K36: Д | L36: 282745.38
A37: 29.05.2025 | B37: Вимога-накладна ІБ00-000394 від 29.05.2025 13:10:55 Списаны ТМЦ | C37: Обл. НДС Виробничий (Глобине-2) Глобине-2 Прямі материальні виробничі витрати крім зворотніх відходів | D37: Обл. НДС Пісок з відсіву дроблення щебеню фр. 0-5мм. Надходження товарів і послуг ІБ00-001748 від 21.04.2025 11:00:00 Резервуар для зберігання розчинника(Глобине) | E37: 231 | H37: 205 | I37: 1101 | K37: Д | L37: 281644.38
A38: 29.05.2025 | B38: Вимога-накладна ІБ00-000394 від 29.05.2025 13:10:55 Списаны ТМЦ | C38: Обл. НДС Виробничий (Глобине-2) Глобине-2 Прямі материальні виробничі витрати крім зворотніх відходів | D38: Обл. НДС Пісок з відсіву дроблення щебеню фр. 0-5мм. Надходження товарів і послуг ІБ00-001748 від 21.04.2025 11:00:00 Резервуар для зберігання розчинника(Глобине) | E38: 231 | H38: 205 | I38: 1664.25 | K38: Д | L38: 279980.13
... A47: 29.05.2025 | B47: Вимога-накладна ІБ00-000424 від 29.05.2025 21:50:00 Списаны ТМЦ | C47: Обл. НДС Виробничий (Глобине-2) Глобине-2 Прямі материальні виробничі витрати крім зворотніх відходів | D47: Обл. НДС Бетон С20/25 W6 F75 P4 Надходження товарів і послуг ІБ00-002501 від 28.05.2025 11:00:00 Резервуар для зберігання розчинника(Глобине) | E47: 231 | H47: 205 | I47: 7997.43 | K47: Д | L47: 118898.86
A48: Обороти за період та сальдо на кінець | E48: 416157.44 | H48: 434546.67 | K48: Д | L48: 118898.86
J50: =SUBTOTAL(9,I19:J47) -> 398390.49

Sheet Резервуарний соев мел
A1: Період | B1: Документ | C1: Аналітика Дт | D1: Аналітика Кт | E1: Дебет | H1: Кредит | K1: Поточне сальдо
E2: Рахунок | H2: Рахунок
A3: 01.05.2025 | B3: Переміщення товарів ІБ00-000469 від 01.05.2025 12:38:57 Перемещение ТМЦ | C3: Обл. НДС Пісок з відсіву дроблення щебеню фр. 0-5мм. Надходження товарів і послуг ІБ00-001748 від 21.04.2025 11:00:00 Резервуарний парк соєвої меляси (Глобине) | D3: Обл. НДС Пісок з відсіву дроблення щебеню фр. 0-5мм. Надходження товарів і послуг ІБ00-001748 від 21.04.2025 11:00:00 Генплан підпірна стінка (Глобине) | E3: 205 | F3: 561.75 | H3: 205 | K3: Д | L3: 258072.61
A4: 01.05.2025 | B4: Переміщення товарів ІБ00-000471 від 01.05.2025 12:40:09 Перемещение ТМЦ | C4: Обл. НДС Пісок з відсіву дроблення щебеню фр. 0-5мм. Надходження товарів і послуг ІБ00-001681 від 15.04.2025 11:00:00 Резервуарний парк соєвої меляси (Глобине) | D4: Обл. НДС Пісок з відсіву дроблення щебеню фр. 0-5мм. Надходження товарів і послуг ІБ00-001681 від 15.04.2025 11:00:00 Генплан митний склад (Глобине) | E4: 205 | F4: 18870 | H4: 205 | K4: Д | L4: 276942.61
A5: 01.05.2025 | B5: Переміщення товарів ІБ00-000471 від 01.05.2025 12:40:09 Перемещение ТМЦ | C5: Обл. НДС Пісок з відсіву дроблення щебеню фр. 0-5мм. Надходження товарів і послуг ІБ00-001749 від 18.04.2025 11:00:00 Резервуарний парк соєвої меляси (Глобине) | D5: Обл. НДС Пісок з відсіву дроблення щебеню фр. 0-5мм. Надходження товарів і послуг ІБ00-001749 від 18.04.2025 11:00:00 Генплан митний склад (Глобине) | E5: 205 | F5: 9105 | H5: 205 | K5: Д | L5: 286047.61
A6: 01.05.2025 | B6: Переміщення товарів ІБ00-000470 від 01.05.2025 23:41:08 Перемещение ТМЦ | C6: Обл. НДС Пісок з відсіву дроблення щебеню фр. 0-5мм. Надходження товарів і послуг ІБ00-001692 від 14.04.2025 11:00:00 Резервуарний парк соєвої меляси (Глобине) | D6: Обл. НДС Пісок з відсіву дроблення щебеню фр. 0-5мм. Надходження товарів і послуг ІБ00-001692 від 14.04.2025 11:00:00 СПК (Глобине) | E6: 205 | F6: 7230 | H6: 205 | K6: Д | L6: 293277.61
A7: 01.05.2025 | B7: Переміщення товарів ІБ00-000470 від 01.05.2025 23:41:08 Перемещение ТМЦ | C7: Обл. НДС Пісок з відсіву дроблення щебеню фр. 0-5мм. Надходження товарів і послуг ІБ00-001681 від 15.04.2025 11:00:00 Резервуарний парк соєвої меляси (Глобине) | D7: Обл. НДС Пісок з відсіву дроблення щебеню фр. 0-5мм. Надходження товарів і послуг ІБ00-001681 від 15.04.2025 11:00:00 СПК (Глобине) | E7: 205 | F7: 26900 | H7: 205 | K7: Д | L7: 320177.61
A8: 01.05.2025 | B8: Переміщення товарів ІБ00-000470 від 01.05.2025 23:41:08 Перемещение ТМЦ | C8: Обл. НДС Пісок з відсіву дроблення щебеню фр. 0-5мм. Надходження товарів і послуг ІБ00-001679 від 15.04.2025 18:30:54 Резервуарний парк соєвої меляси (Глобине) | D8: Обл. НДС Пісок з відсіву дроблення щебеню фр. 0-5мм. Надходження товарів і послуг ІБ00-001679 від 15.04.2025 18:30:54 СПК (Глобине) | E8: 205 | F8: 1482 | H8: 205 | K8: Д | L8: 321659.61
A9: 01.05.2025 | B9: Переміщення товарів ІБ00-000470 від 01.05.2025 23:41:08 Перемещение ТМЦ | C9: Обл. НДС Пісок з відсіву дроблення щебеню фр. 0-5мм. Надходження товарів і послуг ІБ00-001753 від 16.04.2025 11:00:00 Резервуарний парк соєвої меляси (Глобине) | D9: Обл. НДС Пісок з відсіву дроблення щебеню фр. 0-5мм. Надходження товарів і послуг ІБ00-001753 від 16.04.2025 11:00:00 СПК (Глобине) | E9: 205 | F9: 46100 | H9: 205 | K9: Д | L9: 367759.61
A10: 01.05.2025 | B10: Переміщення товарів ІБ00-000470 від 01.05.2025 23:41:08 Перемещение ТМЦ | C10: Обл. НДС Пісок з відсіву дроблення щебеню фр. 0-5мм. Надходження товарів і послуг ІБ00-001750 від 17.04.2025 11:00:00 Резервуарний парк соєвої меляси (Глобине) | D10: Обл. НДС Пісок з відсіву дроблення щебеню фр. 0-5мм. Надходження товарів і послуг ІБ00-001750 від 17.04.2025 11:00:00 СПК (Глобине) | E10: 205 | F10: 37515 | H10: 205 | K10: Д | L10: 405274.61
A11: 01.05.2025 | B11: Переміщення товарів ІБ00-000470 від 01.05.2025 23:41:08 Перемещение ТМЦ | C11: Обл. НДС Пісок з відсіву дроблення щебеню фр. 0-5мм. Надходження товарів і послуг ІБ00-001749 від 18.04.2025 11:00:00 Резервуарний парк соєвої меляси (Глобине) | D11: Обл. НДС Пісок з відсіву дроблення щебеню фр. 0-5мм. Надходження товарів і послуг ІБ00-001749 від 18.04.2025 11:00:00 СПК (Глобине) | E11: 205 | F11: 7722.5 | H11: 205 | K11: Д | L11: 412997.11
A12: 01.05.2025 | B12: Переміщення товарів ІБ00-000472 від 01.05.2025 23:41:09 Перемещение ТМЦ | C12: Обл. НДС Плівка п/е рукав 1500*100 Надходження товарів і послуг ІБ00-005781 від 19.11.2024 17:51:41 Резервуарний парк соєвої меляси (Глобине) | D12: Обл. НДС Плівка п/е рукав 1500*100 Надходження товарів і послуг ІБ00-005781 від 19.11.2024 17:51:41 Котельна (Глобине) | E12: 205 | F12: 1573.54 | H12: 205 | K12: Д | L12: 414570.65
A13: 01.05.2025 | B13: Переміщення товарів ІБ00-000473 від 01.05.2025 23:41:10 Перемещение ТМЦ | C13: Обл. НДС Емульсія бітумна Р-10 EN каністра 20л Надходження товарів і послуг ІБ00-002088 від 19.12.2023 18:21:48 Резервуарний парк соєвої меляси (Глобине) | D13: Обл. НДС Емульсія бітумна Р-10 EN каністра 20л Надходження товарів і послуг ІБ00-002088 від 19.12.2023 18:21:48 Глобине-2 | E13: 205 | F13: 12679.5 | H13: 205 | K13: Д | L13: 427250.15
A14: 20.05.2025 | B14: Переміщення товарів ІБ00-000450 від 20.05.2025 11:05:00 Перемещение ТМЦ | C14: Обл. НДС Балка 20 ІРЕ200 12м S275JR Надходження товарів і послуг ІБ00-002356 від 20.05.2025 11:00:00 Резервуарний парк соєвої меляси (Глобине) | D14: Обл. НДС Балка 20 ІРЕ200 12м S275JR Надходження товарів і послуг ІБ00-002356 від 20.05.2025 11:00:00 Глобине-2 | E14: 205 | F14: 8879.58 | H14: 205 | K14: Д | L14: 436129.73
... A24: 20.05.2025 | B24: Переміщення товарів ІБ00-000450 від 20.05.2025 11:05:00 Перемещение ТМЦ | C24: Обл. НДС Труба профільна 40*40*3,0 L=6000 мм ст1-3 сп/пс Надходження товарів і послуг ІБ00-002356 від 20.05.2025 11:00:00 Резервуарний парк соєвої меляси (Глобине) | D24: Обл. НДС Труба профільна 40*40*3,0 L=6000 мм ст1-3 сп/пс Надходження товарів і послуг ІБ00-002356 від 20.05.2025 11:00:00 Глобине-2 | E24: 205 | F24: 9952.88 | H24: 205 | K24: Д | L24: 527200.99
A25: 20.05.2025 | B25: Переміщення товарів ІБ00-000468 від 20.05.2025 21:00:01 Перемещение ТМЦ | C25: Обл. НДС Шпонка гідроізоляційна ВР 200 20м п Надходження товарів і послуг ІБ00-000524 від 01.02.2025 18:10:19 АПК (Глобине) | D25: Обл. НДС Шпонка гідроізоляційна ВР 200 20м п Надходження товарів і послуг ІБ00-000524 від 01.02.2025 18:10:19 Резервуарний парк соєвої меляси (Глобине) | E25: 205 | H25: 205 | I25: 3178.5 | K25: Д | L25: 524022.49
A26: 29.05.2025 | B26: Вимога-накладна ІБ00-000392 від 29.05.2025 12:33:10 Списаны ТМЦ | C26: Обл. НДС Виробничий (Глобине-2) Глобине-2 Прямі материальні виробничі витрати крім зворотніх відходів | D26: Обл. НДС Пісок з відсіву дроблення щебеню фр. 0-5мм. Надходження товарів і послуг ІБ00-001692 від 14.04.2025 11:00:00 Резервуарний парк соєвої меляси (Глобине) | E26: 231 | H26: 205 | I26: 1872.5 | K26: Д | L26: 522149.99
A27: 29.05.2025 | B27: Вимога-накладна ІБ00-000392 від 29.05.2025 12:33:10 Списаны ТМЦ | C27: Обл. НДС Виробничий (Глобине-2) Глобине-2 Прямі материальні виробничі витрати крім зворотніх відходів | D27: Обл. НДС Пісок з відсіву дроблення щебеню фр. 0-5мм. Надходження товарів і послуг ІБ00-001692 від 14.04.2025 11:00:00 Резервуарний парк соєвої меляси (Глобине) | E27: 231 | H27: 205 | I27: 5357.5 | K27: Д | L27: 516792.49
A28: 29.05.2025 | B28: Вимога-накладна ІБ00-000392 від 29.05.2025 12:33:10 Списаны ТМЦ | C28: Обл. НДС Виробничий (Глобине-2) Глобине-2 Прямі материальні виробничі витрати крім зворотніх відходів | D28: Обл. НДС Пісок з відсіву дроблення щебеню фр. 0-5мм. Надходження товарів і послуг ІБ00-001681 від 15.04.2025 11:00:00 Резервуарний парк соєвої меляси (Глобине) | E28: 231 | H28: 205 | I28: 3747.5 | K28: Д | L28: 513044.99
A29: 29.05.2025 | B29: Вимога-накладна ІБ00-000392 від 29.05.2025 12:33:10 Списаны ТМЦ | C29: Обл. НДС Виробничий (Глобине-2) Глобине-2 Прямі материальні виробничі витрати крім зворотніх відходів | D29: Обл. НДС Пісок з відсіву дроблення щебеню фр. 0-5мм. Надходження товарів і послуг ІБ00-001681 від 15.04.2025 11:00:00 Резервуарний парк соєвої меляси (Глобине) | E29: 231 | H29: 205 | I29: 18870 | K29: Д | L29: 494174.99
A30: 29.05.2025 | B30: Вимога-накладна ІБ00-000392 від 29.05.2025 12:33:10 Списаны ТМЦ | C30: Обл. НДС Виробничий (Глобине-2) Глобине-2 Прямі материальні виробничі витрати крім зворотніх відходів | D30: Обл. НДС Пісок з відсіву дроблення щебеню фр. 0-5мм. Надходження товарів і послуг ІБ00-001681 від 15.04.2025 11:00:00 Резервуарний парк соєвої меляси (Глобине) | E30: 231 | H30: 205 | I30: 23152.5 | K30: Д | L30: 471022.49
A31: 29.05.2025 | B31: Вимога-накладна ІБ00-000392 від 29.05.2025 12:33:10 Списаны ТМЦ | C31: Обл. НДС Виробничий (Глобине-2) Глобине-2 Прямі материальні виробничі витрати крім зворотніх відходів | D31: Обл. НДС Пісок з відсіву дроблення щебеню фр. 0-5мм. Надходження товарів і послуг ІБ00-001679 від 15.04.2025 18:30:54 Резервуарний парк соєвої меляси (Глобине) | E31: 231 | H31: 205 | I31: 1482 | K31: Д | L31: 469540.49
A32: 29.05.2025 | B32: Вимога-накладна ІБ00-000392 від 29.05.2025 12:33:10 Списаны ТМЦ | C32: Обл. НДС Виробничий (Глобине-2) Глобине-2 Прямі материальні виробничі витрати крім зворотніх відходів | D32: Обл. НДС Пісок з відсіву дроблення щебеню фр. 0-5мм. Надходження товарів і послуг ІБ00-001753 від 16.04.2025 11:00:00 Резервуарний парк соєвої меляси (Глобине) | E32: 231 | H32: 205 | I32: 9422.5 | K32: Д | L32: 460117.99
A33: 29.05.2025 | B33: Вимога-накладна ІБ00-000392 від 29.05.2025 12:33:10 Списаны ТМЦ | C33: Обл. НДС Виробничий (Глобине-2) Глобине-2 Прямі материальні виробничі витрати крім зворотніх відходів | D33: Обл. НДС Пісок з відсіву дроблення щебеню фр. 0-5мм. Надходження товарів і послуг ІБ00-001753 від 16.04.2025 11:00:00 Резервуарний парк соєвої меляси (Глобине) | E33: 231 | H33: 205 | I33: 36677.5 | K33: Д | L33: 423440.49
A34: 29.05.2025 | B34: Вимога-накладна ІБ00-000392 від 29.05.2025 12:33:10 Списаны ТМЦ | C34: Обл. НДС Виробничий (Глобине-2) Глобине-2 Прямі материальні виробничі витрати крім зворотніх відходів | D34: Обл. НДС Пісок з відсіву дроблення щебеню фр. 0-5мм. Надходження товарів і послуг ІБ00-001750 від 17.04.2025 11:00:00 Резервуарний парк соєвої меляси (Глобине) | E34: 231 | H34: 205 | I34: 9422.5 | K34: Д | L34: 414017.99
A35: 29.05.2025 | B35: Вимога-накладна ІБ00-000392 від 29.05.2025 12:33:10 Списаны ТМЦ | C35: Обл. НДС Виробничий (Глобине-2) Глобине-2 Прямі материальні виробничі витрати крім зворотніх відходів | D35: Обл. НДС Пісок з відсіву дроблення щебеню фр. 0-5мм. Надходження товарів і послуг ІБ00-001750 від 17.04.2025 11:00:00 Резервуарний парк соєвої меляси (Глобине) | E35: 231 | H35: 205 | I35: 15620 | K35: Д | L35: 398397.99
A36: 29.05.2025 | B36: Вимога-накладна ІБ00-000392 від 29.05.2025 12:33:10 Списаны ТМЦ | C36: Обл. НДС Виробничий (Глобине-2) Глобине-2 Прямі материальні виробничі витрати крім зворотніх відходів | D36: Обл. НДС Пісок з відсіву дроблення щебеню фр. 0-5мм. Надходження товарів і послуг ІБ00-001750 від 17.04.2025 11:00:00 Резервуарний парк соєвої меляси (Глобине) | E36: 231 | H36: 205 | I36: 12472.5 | K36: Д | L36: 385925.49
... A43: 29.05.2025 | B43: Вимога-накладна ІБ00-000392 від 29.05.2025 12:33:10 Списаны ТМЦ | C43: Обл. НДС Виробничий (Глобине-2) Глобине-2 Прямі материальні виробничі витрати крім зворотніх відходів | D43: Обл. НДС Емульсія бітумна Р-10 EN каністра 20л Надходження товарів і послуг ІБ00-002088 від 19.12.2023 18:21:48 Резервуарний парк соєвої меляси (Глобине) | E43: 231 | H43: 205 | I43: 12679.5 | K43: Д | L43: 354283.2
A44: Обороти за період та сальдо на кінець | E44: 269690.13 | H44: 172917.79 | K44: Д | L44: 354283.2
J46: =SUBTOTAL(9,I26:J43) -> 169739.29

Sheet СПК
A1: Період | B1: Документ | C1: Аналітика Дт | D1: Аналітика Кт | E1: Дебет | H1: Кредит | K1: Поточне сальдо
E2: Рахунок | H2: Рахунок
A3: 01.05.2025 | B3: Надходження товарів і послуг ІБ00-001962 від 01.05.2025 11:00:00 Оприходованы ТМЦ | C3: Обл. НДС Заготовка арматури Надходження товарів і послуг ІБ00-001962 від 01.05.2025 11:00:00 СПК (Глобине) | D3: БМЗ БЕТОН ПП Договір ПП/М 221-2 від 14.01.2025 _Глобино-2 Рахунок на оплату постачальника ІБ00-000358 від 28.01.2025 23:21:44 | E3: 205 | F3: 3704.07 | H3: 631 | K3: Д | L3: 3963375
A4: 01.05.2025 | B4: Надходження товарів і послуг ІБ00-001962 від 01.05.2025 11:00:00 Оприходованы ТМЦ | C4: Обл. НДС МС24 Надходження товарів і послуг ІБ00-001962 від 01.05.2025 11:00:00 СПК (Глобине) | D4: БМЗ БЕТОН ПП Договір ПП/М 221-2 від 14.01.2025 _Глобино-2 Рахунок на оплату постачальника ІБ00-000358 від 28.01.2025 23:21:44 | E4: 205 | F4: 12848 | H4: 631 | K4: Д | L4: 3976223
A5: 01.05.2025 | B5: Надходження товарів і послуг ІБ00-001962 від 01.05.2025 11:00:00 Оприходованы ТМЦ | C5: Обл. НДС МС32 Надходження товарів і послуг ІБ00-001962 від 01.05.2025 11:00:00 СПК (Глобине) | D5: БМЗ БЕТОН ПП Договір ПП/М 221-2 від 14.01.2025 _Глобино-2 Рахунок на оплату постачальника ІБ00-000358 від 28.01.2025 23:21:44 | E5: 205 | F5: 1848 | H5: 631 | K5: Д | L5: 3978071
A6: 01.05.2025 | B6: Переміщення товарів ІБ00-000415 від 01.05.2025 11:10:00 Перемещение ТМЦ | C6: Обл. НДС Бетон С 30/35 W4 F75 Р4 Надходження товарів і послуг ІБ00-002050 від 01.05.2025 11:00:00 СПК (Глобине) | D6: Обл. НДС Бетон С 30/35 W4 F75 Р4 Надходження товарів і послуг ІБ00-002050 від 01.05.2025 11:00:00 Глобине-2 | E6: 205 | F6: 19984.68 | H6: 205 | K6: Д | L6: 3998055.7
A7: 01.05.2025 | B7: Надходження дод. витрат ІБ00-000310 від 01.05.2025 11:10:00 Доп. расходы при поступлении товаров | C7: Обл. НДС Заготовка арматури Надходження товарів і послуг ІБ00-001962 від 01.05.2025 11:00:00 СПК (Глобине) | D7: БМЗ БЕТОН ПП Договір ПП/М 221-2 від 14.01.2025 _Глобино-2 Рахунок на оплату постачальника ІБ00-000358 від 28.01.2025 23:21:44 | E7: 205 | F7: 123 | H7: 631 | K7: Д | L7: 3998178.7
A8: 01.05.2025 | B8: Надходження дод. витрат ІБ00-000310 від 01.05.2025 11:10:00 Доп. расходы при поступлении товаров | C8: Обл. НДС МС24 Надходження товарів і послуг ІБ00-001962 від 01.05.2025 11:00:00 СПК (Глобине) | D8: БМЗ БЕТОН ПП Договір ПП/М 221-2 від 14.01.2025 _Глобино-2 Рахунок на оплату постачальника ІБ00-000358 від 28.01.2025 23:21:44 | E8: 205 | F8: 426.65 | H8: 631 | K8: Д | L8: 3998605.3
A9: 01.05.2025 | B9: Надходження дод. витрат ІБ00-000310 від 01.05.2025 11:10:00 Доп. расходы при поступлении товаров | C9: Обл. НДС МС32 Надходження товарів і послуг ІБ00-001962 від 01.05.2025 11:00:00 СПК (Глобине) | D9: БМЗ БЕТОН ПП Договір ПП/М 221-2 від 14.01.2025 _Глобино-2 Рахунок на оплату постачальника ІБ00-000358 від 28.01.2025 23:21:44 | E9: 205 | F9: 61.37 | H9: 631 | K9: Д | L9: 3998666.7
A10: 01.05.2025 | B10: Надходження товарів і послуг ІБ00-001963 від 01.05.2025 19:24:46 Оприходованы ТМЦ | C10: Обл. НДС Колона К7с-2 4КС 36.108-6 L=8180 Надходження товарів і послуг ІБ00-001963 від 01.05.2025 19:24:46 СПК (Глобине) | D10: БМЗ БЕТОН ПП Договір ПП/М 221-2 від 14.01.2025 _Глобино-2 Рахунок на оплату постачальника ІБ00-000358 від 28.01.2025 23:21:44 | E10: 205 | F10: 35945 | H10: 631 | K10: Д | L10: 4034611.7
A11: 01.05.2025 | B11: Надходження товарів і послуг ІБ00-001963 від 01.05.2025 19:24:46 Оприходованы ТМЦ | C11: Обл. НДС Ригель Р2-1 1Р6 3.83-5 L=6240 Надходження товарів і послуг ІБ00-001963 від 01.05.2025 19:24:46 СПК (Глобине) | D11: БМЗ БЕТОН ПП Договір ПП/М 221-2 від 14.01.2025 _Глобино-2 Рахунок на оплату постачальника ІБ00-000358 від 28.01.2025 23:21:44 | E11: 205 | F11: 114760 | H11: 631 | K11: Д | L11: 4149371.7
A12: 01.05.2025 | B12: Надходження товарів і послуг ІБ00-001963 від 01.05.2025 19:24:46 Оприходованы ТМЦ | C12: Обл. НДС Ригель Р3 2Р6 3.83-10 L=6240 Надходження товарів і послуг ІБ00-001963 від 01.05.2025 19:24:46 СПК (Глобине) | D12: БМЗ БЕТОН ПП Договір ПП/М 221-2 від 14.01.2025 _Глобино-2 Рахунок на оплату постачальника ІБ00-000358 від 28.01.2025 23:21:44 | E12: 205 | F12: 38598 | H12: 631 | K12: Д | L12: 4187969.7
A13: 01.05.2025 | B13: Надходження дод. витрат ІБ00-000311 від 01.05.2025 19:30:00 Доп. расходы при поступлении товаров | C13: Обл. НДС Колона К7с-2 4КС 36.108-6 L=8180 Надходження товарів і послуг ІБ00-001963 від 01.05.2025 19:24:46 СПК (Глобине) | D13: БМЗ БЕТОН ПП Договір ПП/М 221-2 від 14.01.2025 _Глобино-2 Рахунок на оплату постачальника ІБ00-000358 від 28.01.2025 23:21:44 | E13: 205 | F13: 1193.63 | H13: 631 | K13: Д | L13: 4189163.3
A14: 01.05.2025 | B14: Надходження дод. витрат ІБ00-000311 від 01.05.2025 19:30:00 Доп. расходы при поступлении товаров | C14: Обл. НДС Ригель Р2-1 1Р6 3.83-5 L=6240 Надходження товарів і послуг ІБ00-001963 від 01.05.2025 19:24:46 СПК (Глобине) | D14: БМЗ БЕТОН ПП Договір ПП/М 221-2 від 14.01.2025 _Глобино-2 Рахунок на оплату постачальника ІБ00-000358 від 28.01.2025 23:21:44 | E14: 205 | F14: 3810.86 | H14: 631 | K14: Д | L14: 4192974.2
A15: 01.05.2025 | B15: Надходження дод. витрат ІБ00-000311 від 01.05.2025 19:30:00 Доп. расходы при поступлении товаров | C15: Обл. НДС Ригель Р3 2Р6 3.83-10 L=6240 Надходження товарів і послуг ІБ00-001963 від 01.05.2025 19:24:46 СПК (Глобине) | D15: БМЗ БЕТОН ПП Договір ПП/М 221-2 від 14.01.2025 _Глобино-2 Рахунок на оплату постачальника ІБ00-000358 від 28.01.2025 23:21:44 | E15: 205 | F15: 1281.73 | H15: 631 | K15: Д | L15: 4194255.9
A16: 01.05.2025 | B16: Переміщення товарів ІБ00-000470 від 01.05.2025 23:41:08 Перемещение ТМЦ | C16: Обл. НДС Пісок з відсіву дроблення щебеню фр. 0-5мм. Надходження товарів і послуг ІБ00-001692 від 14.04.2025 11:00:00 Резервуарний парк соєвої меляси (Глобине) | D16: Обл. НДС Пісок з відсіву дроблення щебеню фр. 0-5мм. Надходження товарів і послуг ІБ00-001692 від 14.04.2025 11:00:00 СПК (Глобине) | E16: 205 | H16: 205 | I16: 7230 | K16: Д | L16: 4187025.9
A17: 01.05.2025 | B17: Переміщення товарів ІБ00-000470 від 01.05.2025 23:41:08 Перемещение ТМЦ | C17: Обл. НДС Пісок з відсіву дроблення щебеню фр. 0-5мм. Надходження товарів і послуг ІБ00-001681 від 15.04.2025 11:00:00 Резервуарний парк соєвої меляси (Глобине) | D17: Обл. НДС Пісок з відсіву дроблення щебеню фр. 0-5мм. Надходження товарів і послуг ІБ00-001681 від 15.04.2025 11:00:00 СПК (Глобине) | E17: 205 | H17: 205 | I17: 26900 | K17: Д | L17: 4160125.9
A18: 01.05.2025 | B18: Переміщення товарів ІБ00-000470 від 01.05.2025 23:41:08 Перемещение ТМЦ | C18: Обл. НДС Пісок з відсіву дроблення щебеню фр. 0-5мм. Надходження товарів і послуг ІБ00-001679 від 15.04.2025 18:30:54 Резервуарний парк соєвої меляси (Глобине) | D18: Обл. НДС Пісок з відсіву дроблення щебеню фр. 0-5мм. Надходження товарів і послуг ІБ00-001679 від 15.04.2025 18:30:54 СПК (Глобине) | E18: 205 | H18: 205 | I18: 1482 | K18: Д | L18: 4158643.9
A19: 01.05.2025 | B19: Переміщення товарів ІБ00-000470 від 01.05.2025 23:41:08 Перемещение ТМЦ | C19: Обл. НДС Пісок з відсіву дроблення щебеню фр. 0-5мм. Надходження товарів і послуг ІБ00-001753 від 16.04.2025 11:00:00 Резервуарний парк соєвої меляси (Глобине) | D19: Обл. НДС Пісок з відсіву дроблення щебеню фр. 0-5мм. Надходження товарів і послуг ІБ00-001753 від 16.04.2025 11:00:00 СПК (Глобине) | E19: 205 | H19: 205 | I19: 46100 | K19: Д | L19: 4112543.9
A20: 01.05.2025 | B20: Переміщення товарів ІБ00-000470 від 01.05.2025 23:41:08 Перемещение ТМЦ | C20: Обл. НДС Пісок з відсіву дроблення щебеню фр. 0-5мм. Надходження товарів і послуг ІБ00-001750 від 17.04.2025 11:00:00 Резервуарний парк соєвої меляси (Глобине) | D20: Обл. НДС Пісок з відсіву дроблення щебеню фр. 0-5мм. Надходження товарів і послуг ІБ00-001750 від 17.04.2025 11:00:00 СПК (Глобине) | E20: 205 | H20: 205 | I20: 37515 | K20: Д | L20: 4075028.9
A21: 01.05.2025 | B21: Переміщення товарів ІБ00-000470 від 01.05.2025 23:41:08 Перемещение ТМЦ | C21: Обл. НДС Пісок з відсіву дроблення щебеню фр. 0-5мм. Надходження товарів і послуг ІБ00-001749 від 18.04.2025 11:00:00 Резервуарний парк соєвої меляси (Глобине) | D21: Обл. НДС Пісок з відсіву дроблення щебеню фр. 0-5мм. Надходження товарів і послуг ІБ00-001749 від 18.04.2025 11:00:00 СПК (Глобине) | E21: 205 | H21: 205 | I21: 7722.5 | K21: Д | L21: 4067306.4
A22: 01.05.2025 | B22: Переміщення товарів ІБ00-000478 від 01.05.2025 23:41:13 Перемещение ТМЦ | C22: Обл. НДС Розчинник УС Нефрас 0,94 л/ 0,70 кг Надходження товарів і послуг ІБ00-001908 від 30.04.2025 11:00:00 СПК (Глобине) | D22: Обл. НДС Розчинник УС Нефрас 0,94 л/ 0,70 кг Надходження товарів і послуг ІБ00-001908 від 30.04.2025 11:00:00 СПК (Глобине) | E22: 205 | F22: 2402 | H22: 221 | K22: Д | L22: 4069708.4
A23: 01.05.2025 | B23: Переміщення товарів ІБ00-000479 від 01.05.2025 23:41:14 Перемещение ТМЦ | C23: Обл. НДС Грунт-емаль 3 в 1 антикороз RAL7024 25 кг Надходження товарів і послуг ІБ00-001021 від 12.03.2025 18:45:17 СПК (Глобине) | D23: Обл. НДС Грунт-емаль 3 в 1 антикороз RAL7024 25 кг Надходження товарів і послуг ІБ00-001021 від 12.03.2025 18:45:17 Транспортна галерея (Глобине) | E23: 205 | F23: 24009.52 | H23: 205 | K23: Д | L23: 4093717.9
A24: 02.05.2025 | B24: Надходження товарів і послуг ІБ00-002171 від 02.05.2025 11:00:00 Оприходованы ТМЦ | C24: Обл. НДС Колона К8с-2 4КС 36.108-6 L=8180 Надходження товарів і послуг ІБ00-002171 від 02.05.2025 11:00:00 СПК (Глобине) | D24: БМЗ БЕТОН ПП Договір ПП/М 221-2 від 14.01.2025 _Глобино-2 Рахунок на оплату постачальника ІБ00-000358 від 28.01.2025 23:21:44 | E24: 205 | F24: 35945 | H24: 631 | K24: Д | L24: 4129662.9
A25: 02.05.2025 | B25: Надходження товарів і послуг ІБ00-002171 від 02.05.2025 11:00:00 Оприходованы ТМЦ | C25: Обл. НДС Ригель Р2-1 1Р6 3.83-5 L=6240 Надходження товарів і послуг ІБ00-002171 від 02.05.2025 11:00:00 СПК (Глобине) | D25: БМЗ БЕТОН ПП Договір ПП/М 221-2 від 14.01.2025 _Глобино-2 Рахунок на оплату постачальника ІБ00-000358 від 28.01.2025 23:21:44 | E25: 205 | F25: 57380 | H25: 631 | K25: Д | L25: 4187042.9
A26: 02.05.2025 | B26: Надходження товарів і послуг ІБ00-002171 від 02.05.2025 11:00:00 Оприходованы ТМЦ | C26: Обл. НДС Ригель Р3 2Р6 3.83-10 L=6240 Надходження товарів і послуг ІБ00-002171 від 02.05.2025 11:00:00 СПК (Глобине) | D26: БМЗ БЕТОН ПП Договір ПП/М 221-2 від 14.01.2025 _Глобино-2 Рахунок на оплату постачальника ІБ00-000358 від 28.01.2025 23:21:44 | E26: 205 | F26: 115794 | H26: 631 | K26: Д | L26: 4302836.9
A27: 02.05.2025 | B27: Надходження товарів і послуг ІБ00-002172 від 02.05.2025 11:00:00 Оприходованы ТМЦ | C27: Обл. НДС Заготовка арматури Надходження товарів і послуг ІБ00-002172 від 02.05.2025 11:00:00 СПК (Глобине) | D27: БМЗ БЕТОН ПП Договір ПП/М 221-2 від 14.01.2025 _Глобино-2 Рахунок на оплату постачальника ІБ00-000358 від 28.01.2025 23:21:44 | E27: 205 | F27: 39729.09 | H27: 631 | K27: Д | L27: 4342566
A28: 02.05.2025 | B28: Надходження дод. витрат ІБ00-000312 від 02.05.2025 11:10:00 Доп. расходы при поступлении товаров | C28: Обл. НДС Колона К8с-2 4КС 36.108-6 L=8180 Надходження товарів і послуг ІБ00-002171 від 02.05.2025 11:00:00 СПК (Глобине) | D28: БМЗ БЕТОН ПП Договір ПП/М 221-2 від 14.01.2025 _Глобино-2 Рахунок на оплату постачальника ІБ00-000358 від 28.01.2025 23:21:44 | E28: 205 | F28: 1193.63 | H28: 631 | K28: Д | L28: 4343759.6
A29: 02.05.2025 | B29: Надходження дод. витрат ІБ00-000312 від 02.05.2025 11:10:00 Доп. расходы при поступлении товаров | C29: Обл. НДС Ригель Р2-1 1Р6 3.83-5 L=6240 Надходження товарів і послуг ІБ00-002171 від 02.05.2025 11:00:00 СПК (Глобине) | D29: БМЗ БЕТОН ПП Договір ПП/М 221-2 від 14.01.2025 _Глобино-2 Рахунок на оплату постачальника ІБ00-000358 від 28.01.2025 23:21:44 | E29: 205 | F29: 1905.42 | H29: 631 | K29: Д | L29: 4345665.1
A30: 02.05.2025 | B30: Надходження дод. витрат ІБ00-000312 від 02.05.2025 11:10:00 Доп. расходы при поступлении товаров | C30: Обл. НДС Ригель Р3 2Р6 3.83-10 L=6240 Надходження товарів і послуг ІБ00-002171 від 02.05.2025 11:00:00 СПК (Глобине) | D30: БМЗ БЕТОН ПП Договір ПП/М 221-2 від 14.01.2025 _Глобино-2 Рахунок на оплату постачальника ІБ00-000358 від 28.01.2025 23:21:44 | E30: 205 | F30: 3845.2 | H30: 631 | K30: Д | L30: 4349510.3
A31: 02.05.2025 | B31: Надходження дод. витрат ІБ00-000313 від 02.05.2025 11:10:00 Доп. расходы при поступлении товаров | C31: Обл. НДС Заготовка арматури Надходження товарів і послуг ІБ00-002172 від 02.05.2025 11:00:00 СПК (Глобине) | D31: БМЗ БЕТОН ПП Договір ПП/М 221-2 від 14.01.2025 _Глобино-2 Рахунок на оплату постачальника ІБ00-000358 від 28.01.2025 23:21:44 | E31: 205 | F31: 1319.29 | H31: 631 | K31: Д | L31: 4350829.5
A32: 05.05.2025 | B32: Надходження товарів і послуг ІБ00-002170 від 05.05.2025 18:06:40 Оприходованы ТМЦ | C32: Обл. НДС Колона К9с-2 4КС 36.108-6 L=8180 Надходження товарів і послуг ІБ00-002170 від 05.05.2025 18:06:40 СПК (Глобине) | D32: БМЗ БЕТОН ПП Договір ПП/М 221-2 від 14.01.2025 _Глобино-2 Рахунок на оплату постачальника ІБ00-000358 від 28.01.2025 23:21:44 | E32: 205 | F32: 35945 | H32: 631 | K32: Д | L32: 4386774.5
A33: 05.05.2025 | B33: Надходження товарів і послуг ІБ00-002170 від 05.05.2025 18:06:40 Оприходованы ТМЦ | C33: Обл. НДС Колона К10с-2 4КС 36.108-6 L=8180 Надходження товарів і послуг ІБ00-002170 від 05.05.2025 18:06:40 СПК (Глобине) | D33: БМЗ БЕТОН ПП Договір ПП/М 221-2 від 14.01.2025 _Глобино-2 Рахунок на оплату постачальника ІБ00-000358 від 28.01.2025 23:21:44 | E33: 205 | F33: 35945 | H33: 631 | K33: Д | L33: 4422719.5
... A148: 20.05.2025 | B148: Надходження дод. витрат ІБ00-000360 від 20.05.2025 11:10:00 Доп. расходы при поступлении товаров | C148: Обл. НДС Плита ребриста РП3 РП 6.2.83-2 L=6740 Надходження товарів і послуг ІБ00-002589 від 20.05.2025 11:00:00 СПК (Глобине) | D148: БМЗ БЕТОН ПП Договір ПП/М 221-2 від 14.01.2025 _Глобино-2 Рахунок на оплату постачальника ІБ00-000358 від 28.01.2025 23:21:44 | E148: 205 | F148: 2252.13 | H148: 631 | K148: Д | L148: 7097115.6
A149: 20.05.2025 | B149: Переміщення товарів ІБ00-000483 від 20.05.2025 21:00:03 Перемещение ТМЦ | C149: Обл. НДС Щебінь 20-40 Надходження товарів і послуг ІБ00-001692 від 14.04.2025 11:00:00 Генплан благоустрій (Глобине) | D149: Обл. НДС Щебінь 20-40 Надходження товарів і послуг ІБ00-001692 від 14.04.2025 11:00:00 СПК (Глобине) | E149: 205 | H149: 205 | I149: 4423.21 | K149: Д | L149: 7092692.4
A150: 21.05.2025 | B150: Надходження товарів і послуг ІБ00-002591 від 21.05.2025 11:00:00 Оприходованы ТМЦ | C150: Обл. НДС Плита ребриста РП1а РП 6.2.65-2 L=6240 Надходження товарів і послуг ІБ00-002591 від 21.05.2025 11:00:00 СПК (Глобине) | D150: БМЗ БЕТОН ПП Договір ПП/М 221-2 від 14.01.2025 _Глобино-2 Рахунок на оплату постачальника ІБ00-000358 від 28.01.2025 23:21:44 | E150: 205 | F150: 56526 | H150: 631 | K150: Д | L150: 7149218.4
A151: 21.05.2025 | B151: Надходження товарів і послуг ІБ00-002591 від 21.05.2025 11:00:00 Оприходованы ТМЦ | C151: Обл. НДС Ригель Р4 1Р6.3.83-2 L=6740 Надходження товарів і послуг ІБ00-002591 від 21.05.2025 11:00:00 СПК (Глобине) | D151: БМЗ БЕТОН ПП Договір ПП/М 221-2 від 14.01.2025 _Глобино-2 Рахунок на оплату постачальника ІБ00-000358 від 28.01.2025 23:21:44 | E151: 205 | F151: 28454 | H151: 631 | K151: Д | L151: 7177672.4
A152: 21.05.2025 | B152: Надходження товарів і послуг ІБ00-002591 від 21.05.2025 11:00:00 Оприходованы ТМЦ | C152: Обл. НДС Плита ребриста РП3 РП 6.2.83-2 L=6740 Надходження товарів і послуг ІБ00-002591 від 21.05.2025 11:00:00 СПК (Глобине) | D152: БМЗ БЕТОН ПП Договір ПП/М 221-2 від 14.01.2025 _Глобино-2 Рахунок на оплату постачальника ІБ00-000358 від 28.01.2025 23:21:44 | E152: 205 | F152: 61581 | H152: 631 | K152: Д | L152: 7239253.4
A153: 21.05.2025 | B153: Надходження дод. витрат ІБ00-000364 від 21.05.2025 11:10:00 Доп. расходы при поступлении товаров | C153: Обл. НДС Плита ребриста РП1а РП 6.2.65-2 L=6240 Надходження товарів і послуг ІБ00-002591 від 21.05.2025 11:00:00 СПК (Глобине) | D153: БМЗ БЕТОН ПП Договір ПП/М 221-2 від 14.01.2025 _Глобино-2 Рахунок на оплату постачальника ІБ00-000358 від 28.01.2025 23:21:44 | E153: 205 | F153: 1550.44 | H153: 631 | K153: Д | L153: 7240803.8
A154: 21.05.2025 | B154: Надходження дод. витрат ІБ00-000364 від 21.05.2025 11:10:00 Доп. расходы при поступлении товаров | C154: Обл. НДС Ригель Р4 1Р6.3.83-2 L=6740 Надходження товарів і послуг ІБ00-002591 від 21.05.2025 11:00:00 СПК (Глобине) | D154: БМЗ БЕТОН ПП Договір ПП/М 221-2 від 14.01.2025 _Глобино-2 Рахунок на оплату постачальника ІБ00-000358 від 28.01.2025 23:21:44 | E154: 205 | F154: 780.46 | H154: 631 | K154: Д | L154: 7241584.3
A155: 21.05.2025 | B155: Надходження дод. витрат ІБ00-000364 від 21.05.2025 11:10:00 Доп. расходы при поступлении товаров | C155: Обл. НДС Плита ребриста РП3 РП 6.2.83-2 L=6740 Надходження товарів і послуг ІБ00-002591 від 21.05.2025 11:00:00 СПК (Глобине) | D155: БМЗ БЕТОН ПП Договір ПП/М 221-2 від 14.01.2025 _Глобино-2 Рахунок на оплату постачальника ІБ00-000358 від 28.01.2025 23:21:44 | E155: 205 | F155: 1689.1 | H155: 631 | K155: Д | L155: 7243273.4
A156: 22.05.2025 | B156: Переміщення товарів ІБ00-000456 від 22.05.2025 15:45:37 Перемещение ТМЦ | C156: Обл. НДС Щебінь 20-40 Надходження товарів і послуг ІБ00-001692 від 14.04.2025 11:00:00 Пожежений резервуар (Глобине) | D156: Обл. НДС Щебінь 20-40 Надходження товарів і послуг ІБ00-001692 від 14.04.2025 11:00:00 СПК (Глобине) | E156: 205 | H156: 205 | I156: 28264.95 | K156: Д | L156: 7215008.5
A157: 22.05.2025 | B157: Переміщення товарів ІБ00-000456 від 22.05.2025 15:45:37 Перемещение ТМЦ | C157: Обл. НДС Щебінь 20-40 Надходження товарів і послуг ІБ00-002154 від 10.05.2025 11:00:00 Пожежений резервуар (Глобине) | D157: Обл. НДС Щебінь 20-40 Надходження товарів і послуг ІБ00-002154 від 10.05.2025 11:00:00 СПК (Глобине) | E157: 205 | H157: 205 | I157: 1657.92 | K157: Д | L157: 7213350.5
A158: 22.05.2025 | B158: Вимога-накладна ІБ00-000375 від 22.05.2025 16:22:35 Списаны ТМЦ | C158: Обл. НДС Виробничий (Глобине-2) Глобине-2 Прямі материальні виробничі витрати крім зворотніх відходів | D158: Обл. НДС Закладна деталь МН 540 Надходження товарів і послуг ІБ00-001171 від 21.03.2025 19:25:59 СПК (Глобине) | E158: 231 | H158: 205 | I158: 170.22 | K158: Д | L158: 7213180.3
A159: 22.05.2025 | B159: Вимога-накладна ІБ00-000375 від 22.05.2025 16:22:35 Списаны ТМЦ | C159: Обл. НДС Виробничий (Глобине-2) Глобине-2 Прямі материальні виробничі витрати крім зворотніх відходів | D159: Обл. НДС Плита ребриста РП1 РП 6.2.65-2 L=6240 Надходження товарів і послуг ІБ00-002261 від 15.05.2025 11:00:00 СПК (Глобине) | E159: 231 | H159: 205 | I159: 19063.94 | K159: Д | L159: 7194116.4
A160: 22.05.2025 | B160: Переміщення товарів ІБ00-000457 від 22.05.2025 16:33:25 Перемещение ТМЦ | C160: Обл. НДС Щебінь 20-40 Надходження товарів і послуг ІБ00-002154 від 10.05.2025 11:00:00 Генплан благоустрій (Глобине) | D160: Обл. НДС Щебінь 20-40 Надходження товарів і послуг ІБ00-002154 від 10.05.2025 11:00:00 СПК (Глобине) | E160: 205 | H160: 205 | I160: 14277.25 | K160: Д | L160: 7179839.1
A161: 22.05.2025 | B161: Переміщення товарів ІБ00-000457 від 22.05.2025 16:33:25 Перемещение ТМЦ | C161: Обл. НДС Щебінь 20-40 Надходження товарів і послуг ІБ00-002157 від 13.05.2025 11:00:00 Генплан благоустрій (Глобине) | D161: Обл. НДС Щебінь 20-40 Надходження товарів і послуг ІБ00-002157 від 13.05.2025 11:00:00 СПК (Глобине) | E161: 205 | H161: 205 | I161: 11925.5 | K161: Д | L161: 7167913.6
A162: 23.05.2025 | B162: Вимога-накладна ІБ00-000379 від 23.05.2025 09:13:53 Списаны ТМЦ | C162: Обл. НДС Виробничий (Глобине-2) Глобине-2 Прямі материальні виробничі витрати крім зворотніх відходів | D162: Обл. НДС Бетон С 30/35 W4 F75 Р4 Надходження товарів і послуг ІБ00-001872 від 25.04.2025 11:00:00 СПК (Глобине) | E162: 231 | H162: 205 | I162: 20158.33 | K162: Д | L162: 7147755.3
A163: 23.05.2025 | B163: Вимога-накладна ІБ00-000379 від 23.05.2025 09:13:53 Списаны ТМЦ | C163: Обл. НДС Виробничий (Глобине-2) Глобине-2 Прямі материальні виробничі витрати крім зворотніх відходів | D163: Обл. НДС Бетон С 30/35 W4 F75 Р4 Надходження товарів і послуг ІБ00-001872 від 25.04.2025 11:00:00 СПК (Глобине) | E163: 231 | H163: 205 | I163: 10079.17 | K163: Д | L163: 7137676.1
A164: 23.05.2025 | B164: Вимога-накладна ІБ00-000379 від 23.05.2025 09:13:53 Списаны ТМЦ | C164: Обл. НДС Виробничий (Глобине-2) Глобине-2 Прямі материальні виробничі витрати крім зворотніх відходів | D164: Обл. НДС Бетон С 30/35 W4 F75 Р4 Надходження товарів і послуг ІБ00-002050 від 01.05.2025 11:00:00 СПК (Глобине) | E164: 231 | H164: 205 | I164: 19984.68 | K164: Д | L164: 7117691.5
A165: 23.05.2025 | B165: Вимога-накладна ІБ00-000379 від 23.05.2025 09:13:53 Списаны ТМЦ | C165: Обл. НДС Виробничий (Глобине-2) Глобине-2 Прямі материальні виробничі витрати крім зворотніх відходів | D165: Обл. НДС Заготовка арматури Надходження товарів і послуг ІБ00-001313 від 27.03.2025 19:00:01 СПК (Глобине) | E165: 231 | H165: 205 | I165: 3910.51 | K165: Д | L165: 7113780.9
A166: 23.05.2025 | B166: Вимога-накладна ІБ00-000379 від 23.05.2025 09:13:53 Списаны ТМЦ | C166: Обл. НДС Виробничий (Глобине-2) Глобине-2 Прямі материальні виробничі витрати крім зворотніх відходів | D166: Обл. НДС Заготовка арматури Надходження товарів і послуг ІБ00-001313 від 27.03.2025 19:00:01 СПК (Глобине) | E166: 231 | H166: 205 | I166: 12403.66 | K166: Д | L166: 7101377.3
A167: 23.05.2025 | B167: Вимога-накладна ІБ00-000379 від 23.05.2025 09:13:53 Списаны ТМЦ | C167: Обл. НДС Виробничий (Глобине-2) Глобине-2 Прямі материальні виробничі витрати крім зворотніх відходів | D167: Обл. НДС Заготовка арматури Надходження товарів і послуг ІБ00-001701 від 10.04.2025 11:00:00 СПК (Глобине) | E167: 231 | H167: 205 | I167: 3823.55 | K167: Д | L167: 7097553.7
... A207: 23.05.2025 | B207: Вимога-накладна ІБ00-000380 від 23.05.2025 09:22:13 Списаны ТМЦ | C207: Обл. НДС Виробничий (Глобине-2) Глобине-2 Прямі материальні виробничі витрати крім зворотніх відходів | D207: Обл. НДС Плита ребриста РП3 РП 6.2.83-2 L=6740 Надходження товарів і послуг ІБ00-002164 від 08.05.2025 11:00:04 СПК (Глобине) | E207: 231 | H207: 205 | I207: 21208.64 | K207: Д | L207: 5506481
A208: 23.05.2025 | B208: Надходження товарів і послуг ІБ00-002518 від 23.05.2025 11:00:00 Оприходованы ТМЦ | C208: Обл. НДС Плита ребриста РП1 РП 6.2.65-2 L=6240 Надходження товарів і послуг ІБ00-002518 від 23.05.2025 11:00:00 СПК (Глобине) | D208: БМЗ БЕТОН ПП Договір ПП/М 221-2 від 14.01.2025 _Глобино-2 Рахунок на оплату постачальника ІБ00-000358 від 28.01.2025 23:21:44 | E208: 205 | F208: 55665 | H208: 631 | K208: Д | L208: 5562146
A209: 23.05.2025 | B209: Надходження товарів і послуг ІБ00-002518 від 23.05.2025 11:00:00 Оприходованы ТМЦ | C209: Обл. НДС Плита ребриста РП1а РП 6.2.65-2 L=6240 Надходження товарів і послуг ІБ00-002518 від 23.05.2025 11:00:00 СПК (Глобине) | D209: БМЗ БЕТОН ПП Договір ПП/М 221-2 від 14.01.2025 _Глобино-2 Рахунок на оплату постачальника ІБ00-000358 від 28.01.2025 23:21:44 | E209: 205 | F209: 18842 | H209: 631 | K209: Д | L209: 5580988
A210: 23.05.2025 | B210: Надходження товарів і послуг ІБ00-002518 від 23.05.2025 11:00:00 Оприходованы ТМЦ | C210: Обл. НДС Ригель Р4 1Р6.3.83-2 L=6740 Надходження товарів і послуг ІБ00-002518 від 23.05.2025 11:00:00 СПК (Глобине) | D210: БМЗ БЕТОН ПП Договір ПП/М 221-2 від 14.01.2025 _Глобино-2 Рахунок на оплату постачальника ІБ00-000358 від 28.01.2025 23:21:44 | E210: 205 | F210: 56908 | H210: 631 | K210: Д | L210: 5637896
A211: 23.05.2025 | B211: Надходження товарів і послуг ІБ00-002518 від 23.05.2025 11:00:00 Оприходованы ТМЦ | C211: Обл. НДС Плита ребриста РП3 РП 6.2.83-2 L=6740 Надходження товарів і послуг ІБ00-002518 від 23.05.2025 11:00:00 СПК (Глобине) | D211: БМЗ БЕТОН ПП Договір ПП/М 221-2 від 14.01.2025 _Глобино-2 Рахунок на оплату постачальника ІБ00-000358 від 28.01.2025 23:21:44 | E211: 205 | F211: 20527 | H211: 631 | K211: Д | L211: 5658423
A212: 23.05.2025 | B212: Надходження товарів і послуг ІБ00-002519 від 23.05.2025 11:00:00 Оприходованы ТМЦ | C212: Обл. НДС Заготовка арматури Надходження товарів і послуг ІБ00-002519 від 23.05.2025 11:00:00 СПК (Глобине) | D212: БМЗ БЕТОН ПП Договір ПП/М 221-2 від 14.01.2025 _Глобино-2 Рахунок на оплату постачальника ІБ00-000358 від 28.01.2025 23:21:44 | E212: 205 | F212: 44807.25 | H212: 631 | K212: Д | L212: 5703230.2
A213: 23.05.2025 | B213: Надходження товарів і послуг ІБ00-002519 від 23.05.2025 11:00:00 Оприходованы ТМЦ | C213: Обл. НДС МС1 Надходження товарів і послуг ІБ00-002519 від 23.05.2025 11:00:00 СПК (Глобине) | D213: БМЗ БЕТОН ПП Договір ПП/М 221-2 від 14.01.2025 _Глобино-2 Рахунок на оплату постачальника ІБ00-000358 від 28.01.2025 23:21:44 | E213: 205 | F213: 24420 | H213: 631 | K213: Д | L213: 5727650.2
A214: 23.05.2025 | B214: Надходження товарів і послуг ІБ00-002519 від 23.05.2025 11:00:00 Оприходованы ТМЦ | C214: Обл. НДС МС32 Надходження товарів і послуг ІБ00-002519 від 23.05.2025 11:00:00 СПК (Глобине) | D214: БМЗ БЕТОН ПП Договір ПП/М 221-2 від 14.01.2025 _Глобино-2 Рахунок на оплату постачальника ІБ00-000358 від 28.01.2025 23:21:44 | E214: 205 | F214: 7700 | H214: 631 | K214: Д | L214: 5735350.2
A215: 23.05.2025 | B215: Надходження дод. витрат ІБ00-000361 від 23.05.2025 11:10:00 Доп. расходы при поступлении товаров | C215: Обл. НДС Плита ребриста РП1 РП 6.2.65-2 L=6240 Надходження товарів і послуг ІБ00-002518 від 23.05.2025 11:00:00 СПК (Глобине) | D215: БМЗ БЕТОН ПП Договір ПП/М 221-2 від 14.01.2025 _Глобино-2 Рахунок на оплату постачальника ІБ00-000358 від 28.01.2025 23:21:44 | E215: 205 | F215: 1526.82 | H215: 631 | K215: Д | L215: 5736877
A216: 23.05.2025 | B216: Надходження дод. витрат ІБ00-000361 від 23.05.2025 11:10:00 Доп. расходы при поступлении товаров | C216: Обл. НДС Плита ребриста РП1а РП 6.2.65-2 L=6240 Надходження товарів і послуг ІБ00-002518 від 23.05.2025 11:00:00 СПК (Глобине) | D216: БМЗ БЕТОН ПП Договір ПП/М 221-2 від 14.01.2025 _Глобино-2 Рахунок на оплату постачальника ІБ00-000358 від 28.01.2025 23:21:44 | E216: 205 | F216: 516.82 | H216: 631 | K216: Д | L216: 5737393.8
A217: 23.05.2025 | B217: Надходження дод. витрат ІБ00-000361 від 23.05.2025 11:10:00 Доп. расходы при поступлении товаров | C217: Обл. НДС Ригель Р4 1Р6.3.83-2 L=6740 Надходження товарів і послуг ІБ00-002518 від 23.05.2025 11:00:00 СПК (Глобине) | D217: БМЗ БЕТОН ПП Договір ПП/М 221-2 від 14.01.2025 _Глобино-2 Рахунок на оплату постачальника ІБ00-000358 від 28.01.2025 23:21:44 | E217: 205 | F217: 1560.93 | H217: 631 | K217: Д | L217: 5738954.8
