Workbook
Name spec_values: [1]BOQ_Шаблон!$A$6:$A$275

Sheet МД ВООЗ ЕМС
A1: CF | D1: PnL
A2: - 31/08/2025 | D2: =A2 -> - 31/08/2025
A3: ДОХОД, грн | B3: =SUM(B4:B6) -> 37243679 | D3: ДОХОД, грн | E3: 37201893
A4: Поступление от заказчика | B4: =37235089.45+8290+300 -> 37243679
A5: Получение финансовой помощи
A6: Кредитная линия
A8: РАСХОД, грн | B8: =SUM(B9:B14) -> 28649130 | D8: РАСХОД, грн | E8: =24991680 -> 24991680
A9: 1.Операционная деятельность | B9: =28422527.84+5816 -> 28428344
A10: 2.Инвестиционная деятельность
A11: 3.Финансовая деятельность
A12: Комиссия по Фин агенту | B12: 220786.1
A13: %% по кредиту
A14: Внутригрупповые
A15: Итого: | B15: =B3-B8 -> 8594549.5 | E15: =9239251.35132469-5816 -> 9233435.4
A17: Diff | E17: 9239251.4
A19: Задолженность Заказчика на 31-07-2025 | B19: =B20+B21 -> 41786
A20: ДТ | E20: =-B20 -> 0
A21: КТ | B21: 41786 | E21: =-B21 -> -41786
A23: Взаиморасчеты с Поставщиками, грн | B23: =B24+B25 -> 199854
A24: КТ Поставщиков, грн | B24: 118856 | E24: =-B24 -> -118856
A25: ДТ Поставщиков,грн | B25: 80998 | E25: =B25 -> 80998
A26: КТ Спецтехника, грн | E26: =-B26 -> 0
A27: КТ Логистика, грн | B27: 1000 | E27: =-B27 -> -1000
A28: Задолженность по ЗП | B28: =B29+B30 -> 0
A29: ЗП | B29: 0 | E29: =-B29 -> 0
A30: ЗП Акты | E30: =-B30 -> 0
A33: Остатки на складах , грн | B33: =SUM(B34:B37)*1.2 -> 1291574.4 | E33: =--B33 -> 1291574.4
A34: Склады Цех_ВООЗ(ЕМС) | B34: 1076312 | D34: Коректировка по ФА( PnL-CF): | E34: =-939735+B12 -> -718948.9
D35: Итого DIFF с учетом Остатков и Задолженностей: | E35: =SUM(E20:E34) -> 491981.5
A39: Окончательное CF, грн | B39: =B15+E35 -> 9086531 | E39: =E15 -> 9233435.4
A40: DIFF, грн | B40: =B39-E39 -> -146904.34 | C40: =B40/E3 -> -0.0039488405
A43: Цех_МШП (ТОВ "ІНДАСТРІАЛБУД") | B43: 902314.13

Sheet Кернел Кухня
A1: CF | D1: PnL
A2: - 31/08/2025 | D2: =A2 -> - 31/08/2025
A3: ДОХОД, грн | B3: =SUM(B4:B6) -> 7750720.5 | D3: ДОХОД, грн
A4: Поступление от заказчика | B4: 5550000
A5: Получение финансовой помощи
A6: Кредитная линия | B6: 2200720.5
A8: РАСХОД, грн | B8: =SUM(B9:B14) -> 7985820.7 | D8: РАСХОД, грн | E8: 2802050.7
A9: 1.Операционная деятельность | B9: 7882730.1
A10: 2.Инвестиционная деятельность
A11: 3.Финансовая деятельность
A12: Комиссия по Фин агенту | B12: 103090.6
A13: %% по кредиту | B13: 0
A14: Внутригрупповые
A15: Итого: | B15: =B3-B8 -> -235100.21 | E15: =E3-E8 -> -2802050.7
A17: Diff | E17: =E15-B15 -> -2566950.5
A19: Задолженность Заказчика на 31-07-2025 | B19: =B20+B21 -> 5550000
A20: ДТ | E20: =-B20 -> 0
A21: КТ | B21: 5550000 | E21: =-B21 -> -5550000
A23: Взаиморасчеты с Поставщиками, грн | B23: =B24+B25 -> 1107678
A24: КТ Поставщиков, грн | B24: =14486+968392 -> 982878 | E24: =-B24 -> -982878
A25: ДТ Поставщиков,грн | B25: 124800 | E25: =B25 -> 124800
A26: КТ Логистика, грн | E26: =-B26 -> 0
A27: Кредит (на повернення) | B27: 2200720.5 | E27: =-B27 -> -2200720.5
A28: Задолженность по ЗП, %% | B28: =B29+B30 -> 160800
A29: ЗП | B29: 160800 | E29: =-B29 -> -160800
A30: ЗП Акты | E30: =-B30 -> 0
A31: %% | B31: 32558 | E31: =-B31 -> -32558
A33: Остатки на складах , грн | B33: =SUM(B34:B37)*1.2 -> 6288973.2 | E33: =--B33 -> 6288973.2
A34: Цех_Кернел кухня, грн | B34: 5240811 | D34: Коректировка по ФА( PnL-CF): | E34: =-351241+B12 -> -248150.4
D35: Итого DIFF с учетом Остатков и Задолженностей: | E35: =SUM(E20:E34) -> -2761333.7
A39: Окончательное CF, грн | B39: =B15+E35 -> -2996433.9 | E39: =E15 -> -2802050.7
A40: DIFF, грн | B40: =B39-E39 -> -194383.23 | C40: =B40/B3 -> -0.025079375
A43: Цех_МШП (ТОВ "ІНДАСТРІАЛБУД") | B43: 902314.13

Sheet МК МХП Катеринополь
A1: CF | D1: PnL
A2: - 31/08/2025 | D2: =A2 -> - 31/08/2025
A3: ДОХОД, грн | B3: =SUM(B4:B6) -> 4872201.8 | D3: ДОХОД, грн | E3: 4874404
A4: Поступление от заказчика | B4: 4872201.8
A5: Получение финансовой помощи
A6: Кредитная линия
A8: РАСХОД, грн | B8: =SUM(B9:B14) -> 4882607.8 | D8: РАСХОД, грн | E8: 4915183
A9: 1.Операционная деятельность | B9: 4821848.6
A10: 2.Инвестиционная деятельность
A11: 3.Финансовая деятельность
A12: Комиссия по Фин агенту | B12: 60759.14
A13: %% по кредиту
A14: Внутригрупповые
A15: Итого: | B15: =B3-B8 -> -10405.97 | E15: -373117.67
A17: Diff | E17: =E15-B15 -> -362711.7
A19: Задолженность Заказчика на 31-07-2025 | B19: =B20+B21 -> 2202.2
A20: ДТ | B20: 2202.2 | E20: =-B20 -> -2202.2
A21: КТ | E21: =B21 -> 0
A23: Взаиморасчеты с Поставщиками, грн | B23: =B24+B25 -> 134615
A24: КТ Поставщиков, грн | B24: 134615 | E24: =-B24 -> -134615
A25: ДТ Поставщиков,грн | E25: =B25 -> 0
A26: КТ Спецтехника, грн | E26: =-B26 -> 0
A27: КТ Логистика, грн | B27: 14700 | E27: =-B27 -> -14700
A28: Задолженность по ЗП | B28: =B29+B30 -> 128786
A29: ЗП | B29: 128786 | E29: =-B29 -> -128786
A30: ЗП Акты | E30: =-B30 -> 0
A33: Остатки на складах , грн | B33: =SUM(B34:B37)*1.2 -> 239741.53 | E33: =--B33 -> 239741.53
A34: Склад МШП - СТІЛ МХП | B34: 41925 | D34: Коректировка по ФА( PnL-CF): | E34: =-455800+B12 -> -395040.86 | G34: ТОВ Индепт Стил ( счет 221) - остатки МШП
A35: Склад МШП - СТІЛ МХП | B35: 157859.61 | D35: Итого DIFF с учетом Остатков и Задолженностей: | E35: =SUM(E20:E34) -> -435602.53 | G35: ТОВ Индепт Стил ( счет 201) - остатки МШП
A39: Окончательное CF, грн | B39: =B15+E35 -> -446008.5 | E39: =E15 -> -373117.67
A40: DIFF, грн | B40: =B39-E39 -> -72890.823 | C40: =B40/E3 -> -0.014953792
A43: Цех_МШП (ТОВ "ІНДАСТРІАЛБУД") | B43: 902314.13

Sheet МК Глобино
A1: CF | D1: PnL
A2: - 31/08/2025 | D2: =A2 -> - 31/08/2025
A3: ДОХОД, грн | B3: =SUM(B4:B6) -> 4935454.6 | D3: ДОХОД, грн | E3: 4959164.4
A4: Поступление от заказчика | B4: 4935454.6
A5: Получение финансовой помощи
A6: Кредитная линия
A8: РАСХОД, грн | B8: =SUM(B9:B14) -> 3367454.9 | D8: РАСХОД, грн | E8: =E3-E15 -> 3815473.8
A9: 1.Операционная деятельность | B9: 3333611.9
A10: 2.Инвестиционная деятельность
A11: 3.Финансовая деятельность
A12: Комиссия по Фин агенту | B12: 33843
A13: %% по кредиту
A14: Внутригрупповые
A15: Итого: | B15: =B3-B8 -> 1567999.7 | E15: 1143690.6
A17: Diff | E17: =E15-B15 -> -424309.12
A19: Задолженность Заказчика на 31-07-2025 | B19: =B20+B21 -> 23709.77
A20: ДТ | B20: =E3-B4 -> 23709.77 | E20: =-B20 -> -23709.77
A21: КТ | E21: =B21 -> 0
A23: Взаиморасчеты с Поставщиками, грн | B23: =B24+B25 -> 13315.8
A24: КТ Поставщиков, грн | B24: 13315.8 | E24: =-B24 -> -13315.8
A25: ДТ Поставщиков,грн | E25: =B25 -> 0
A26: КТ Спецтехника, грн | E26: =-B26 -> 0
A27: КТ Логистика, грн | B27: 131650 | E27: =-B27 -> -131650
A28: Задолженность по ЗП | B28: =B29+B30 -> 103843
A29: ЗП | B29: 103843 | E29: =-B29 -> -103843
A30: ЗП Акты | E30: =-B30 -> 0
A33: Остатки на складах , грн | B33: =SUM(B34:B37)*1.2 -> 9794.4 | E33: =--B33 -> 9794.4
A34: Склад МШП СТІЛ Глобино виробничий | B34: 0 | D34: Коректировка по ФА( PnL-CF): | E34: =-249273+B12 -> -215430
A35: СТІЛ ЦЕХ Глобино | B35: 8162 | D35: Итого DIFF с учетом Остатков и Задолженностей: | E35: =SUM(E20:E34) -> -478154.17
A39: Окончательное CF, грн | B39: =B15+E35 -> 1089845.5 | E39: =E15 -> 1143690.6
A40: DIFF, грн | B40: =B39-E39 -> -53845.05 | C40: =B40/E3 -> -0.010857686
A43: Цех_МШП (ТОВ "ІНДАСТРІАЛБУД") | B43: 902314.13

Sheet МД ООН 2025
A1: CF | D1: PnL
A2: - 31/08/2025 | D2: =A2 -> - 31/08/2025
A3: ДОХОД, грн | B3: =SUM(B4:B6) -> 11467042 | D3: ДОХОД, грн
A4: Поступление от заказчика | B4: 11467042
A5: Получение финансовой помощи
A6: Кредитная линия
A8: РАСХОД, грн | B8: =SUM(B9:B14) -> 12248062 | D8: РАСХОД, грн | E8: =-E15 -> 3353218.5
A9: 1.Операционная деятельность | B9: =12093650.21+15966 -> 12109616
A10: 2.Инвестиционная деятельность
A11: 3.Финансовая деятельность
A12: Комиссия по Фин агенту | B12: 138446.17
A13: %% по кредиту
A14: Внутригрупповые
A15: Итого: | B15: =B3-B8 -> -781020.61 | E15: =-3337252.45672868-15966 -> -3353218.5
A17: Diff | E17: =E15-B15 -> -2572197.8
A19: Задолженность Заказчика на 31-07-2025 | B19: =B20+B21 -> 11467042
A20: ДТ | E20: =B20 -> 0
A21: КТ | B21: 11467042 | E21: =-B21 -> -11467042
A23: Взаиморасчеты с Поставщиками, грн | B23: =B24+B25 -> 1791743.1
A24: КТ Поставщиков, грн | B24: 1459452 | E24: =-B24 -> -1459452
A25: ДТ Поставщиков,грн | B25: 332291.15 | E25: =B25 -> 332291.15
A26: КТ Спецтехника, грн | E26: =-B26 -> 0
A27: КТ Логистика, грн | B27: 94650 | E27: =-B27 -> -94650
A28: Задолженность по ЗП | B28: =B29+B30 -> 388061
A29: ЗП | B29: 388061 | E29: =-B29 -> -388061
A30: ЗП Акты | E30: =-B30 -> 0
A33: Остатки на складах , грн | B33: =SUM(B34:B37)*1.2 -> 10588462 | E33: =--B33 -> 10588462
A34: Склад Цех МД ООН, грн | B34: 8823718.3 | D34: Коректировка по ФА( PnL-CF): | E34: =-268315+B12 -> -129868.83
A35: Склад МШП: Цех МД ООН, грн | D35: Итого DIFF с учетом Остатков и Задолженностей: | E35: =SUM(E20:E34) -> -2618320.5
A39: Окончательное CF, грн | B39: =B15+E35 -> -3399341.1 | E39: =E15 -> -3353218.5
A40: DIFF, грн | B40: =B39-E39 -> -46122.667 | C40: =B40/B3 -> -0.0040221941
A43: Цех_МШП (ТОВ "ІНДАСТРІАЛБУД") | B43: 902314.13

Sheet МД МХП Туалетный блок
A1: CF | D1: PnL
A2: - 31/08/2025 | D2: =A2 -> - 31/08/2025
A3: ДОХОД, грн | B3: =SUM(B4:B6) -> 297791.96 | D3: ДОХОД, грн | E3: 297600
A4: Поступление от заказчика | B4: 297791.96
A5: Получение финансовой помощи
A6: Кредитная линия
A8: РАСХОД, грн | B8: =SUM(B9:B14) -> 232148.71 | D8: РАСХОД, грн | E8: =E3-E15 -> 268900
A9: 1.Операционная деятельность | B9: 231383.08
A10: 2.Инвестиционная деятельность
A11: 3.Финансовая деятельность
A12: Комиссия по Фин агенту | B12: 765.63
A13: %% по кредиту
A14: Внутригрупповые
A15: Итого: | B15: =B3-B8 -> 65643.25 | E15: 28700
A17: Diff | E17: =E15-B15 -> -36943.25
A19: Задолженность Заказчика на 31-08-2025 | B19: =B20+B21 -> 0
A20: ДТ | E20: =-B20 -> 0
A21: КТ | E21: =B21 -> 0
A23: Взаиморасчеты с Поставщиками, грн | B23: =B24+B25 -> 10087
A24: КТ Поставщиков, грн | B24: =10087 -> 10087 | E24: =-B24 -> -10087
A25: ДТ Поставщиков,грн | E25: =B25 -> 0
A26: КТ Спецтехника, грн | E26: =-B26 -> 0
A27: КТ Логистика, грн | E27: =-B27 -> 0
A28: Задолженность по ЗП | B28: =B29+B30 -> 0
A29: ЗП | E29: =-B29 -> 0
A30: ЗП Акты | E30: =-B30 -> 0
A33: Остатки на складах , грн | B33: =SUM(B34:B37)*1.2 -> 1232.4 | E33: =-B33 -> -1232.4
A34: Склады Цех_ | B34: 1027 | D34: Коректировка по ФА( PnL-CF): | E34: =-4692+B12 -> -3926.37
D35: Итого DIFF с учетом Остатков и Задолженностей: | E35: =SUM(E20:E34) -> -15245.77
A39: Окончательное CF, грн | B39: =B15+E35 -> 50397.48 | E39: =E15 -> 28700
A40: DIFF, грн | B40: =B39-E39 -> 21697.48 | C40: =B40/E3 -> 0.072908199
A43: Цех_МШП (ТОВ "ІНДАСТРІАЛБУД") | B43: 902314.13

Sheet МД Червоний Хрест
A1: CF | D1: PnL
A2: - 31/08/2025 | D2: =A2 -> - 31/08/2025
A3: ДОХОД, грн | B3: =SUM(B4:B6) -> 1582352.1 | D3: ДОХОД, грн | E3: 4535000
A4: Поступление от заказчика
A5: Получение финансовой помощи
A6: Кредитная линия | B6: 1582352.1
A8: РАСХОД, грн | B8: =SUM(B9:B14) -> 3084360.4 | D8: РАСХОД, грн | E8: =E3-E15 -> 3411042.5
A9: 1.Операционная деятельность | B9: =3004362.39+2828 -> 3007190.4
A10: 2.Инвестиционная деятельность
A11: 3.Финансовая деятельность
A12: Комиссия по Фин агенту | B12: 52980
A13: %% по кредиту | B13: 24190
A14: Внутригрупповые
A15: Итого: | B15: =B3-B8 -> -1502008.3 | E15: =1126785.47119851-2828 -> 1123957.5
A17: Diff | E17: =E15-B15 -> 2625965.8
A19: Задолженность Заказчика на 31-08-2025 | B19: =B20+B21 -> 4535000
A20: ДТ | B20: 4535000 | E20: =B20 -> 4535000
A21: КТ | E21: =B21 -> 0
A23: Взаиморасчеты с Поставщиками, грн | B23: =B24+B25 -> 137830
A24: КТ Поставщиков, грн | B24: =86552+51278 -> 137830 | E24: =-B24 -> -137830
A25: ДТ Поставщиков,грн | E25: =B25 -> 0
A26: КТ Логистика, грн | B26: 24750 | E26: =-B26 -> -24750
A27: Кредит (на повернення) | B27: 1582352.1 | E27: =-B27 -> -1582352.1
A28: Задолженность по ЗП | B28: =B29+B30 -> 20145
A29: ЗП | B29: 20145 | E29: =-B29 -> -20145
A30: ЗП Акты | E30: =-B30 -> 0
A31: %% | B31: 23410 | E31: =-B31 -> -23410
A33: Остатки на складах , грн | B33: =SUM(B34:B37)*1.2 -> 29263.2 | E33: =--B33 -> 29263.2
A34: Склад Цех_Червоний хрест, грн | B34: 13200 | D34: Коректировка по ФА( PnL-CF): | E34: =-54393+B12 -> -1413
A35: Склад МШП: Цех_Червоний хрест, грн | B35: 11186 | D35: Итого DIFF с учетом Остатков и Задолженностей: | E35: =SUM(E20:E34) -> 2774363.2
A39: Окончательное CF, грн | B39: =B15+E35 -> 1272354.8 | E39: =E15 -> 1123957.5
A40: DIFF, грн | B40: =B39-E39 -> 148397.34 | C40: =B40/E3 -> 0.032722677
A43: Цех_МШП (ТОВ "ІНДАСТРІАЛБУД") | B43: 902314.13

Sheet МК Нежин 2025
A1: CF | D1: PnL
A2: - 31/08/2025 | D2: =A2 -> - 31/08/2025
A3: ДОХОД, грн | B3: =SUM(B4:B6) -> 755035.76 | D3: ДОХОД, грн | E3: 812173.9
A4: Поступление от заказчика | B4: 755035.76
A5: Получение финансовой помощи
A6: Кредитная линия
A8: РАСХОД, грн | B8: =SUM(B9:B14) -> 925976.09 | D8: РАСХОД, грн | E8: =E3-E15 -> 925781.43
A9: 1.Операционная деятельность | B9: 861943.09
A10: 2.Инвестиционная деятельность
A11: 3.Финансовая деятельность
A12: Комиссия по Фин агенту | B12: 64033
A13: %% по кредиту
A14: Внутригрупповые
A15: Итого: | B15: =B3-B8 -> -170940.33 | E15: -113607.53
A17: Diff | E17: =E15-B15 -> 57332.802
A19: Задолженность Заказчика на 31-08-2025 | B19: =B20+B21 -> 0
A20: ДТ | E20: =-B20 -> 0
A21: КТ | E21: =B21 -> 0
A23: Взаиморасчеты с Поставщиками, грн | B23: =B24+B25 -> 17700
A24: КТ Поставщиков, грн | B24: 17700 | E24: =-B24 -> -17700
A25: ДТ Поставщиков,грн | E25: =B25 -> 0
A26: КТ Спецтехника, грн | E26: =-B26 -> 0
A27: КТ Логистика, грн | E27: =-B27 -> 0
A28: Задолженность по ЗП | B28: =B29+B30 -> 0
A29: ЗП | B29: 0 | E29: =-B29 -> 0
A30: ЗП Акты | E30: =-B30 -> 0
A33: Остатки на складах , грн | B33: =SUM(B34:B37)*1.2 -> 91950.42 | E33: =--B33 -> 91950.42
A34: МШП: СТІЛ Склад Ніжин, грн | B34: =30896.35+14982 -> 45878.35 | D34: Коректировка по ФА( PnL-CF): | E34: =-73060+B12 -> -9027
A35: МШП: СТІЛ Склад Ніжин(Вироб), грн | B35: 30747 | D35: Итого DIFF с учетом Остатков и Задолженностей: | E35: =SUM(E20:E34) -> 65223.42
A39: Окончательное CF, грн | B39: =B15+E35 -> -105716.91 | E39: =E15 -> -113607.53
A40: DIFF, грн | B40: =B39-E39 -> 7890.6181 | C40: =B40/E3 -> 0.0097154293
A43: Цех_МШП (ТОВ "ІНДАСТРІАЛБУД") | B43: 902314.13

Sheet МД Укрнафта контейнер 3 на 4
A1: CF | D1: PnL
A2: - 31/08/2025 | D2: =A2 -> - 31/08/2025
A3: ДОХОД, грн | B3: =SUM(B4:B6) -> 704247.91 | D3: ДОХОД, грн | E3: 1418328
A4: Поступление от заказчика
A5: Получение финансовой помощи
A6: Кредитная линия | B6: 704247.91
A8: РАСХОД, грн | B8: =SUM(B9:B14) -> 1760533.2 | D8: РАСХОД, грн | E8: =E3-E15 -> 1758425.5
A9: 1.Операционная деятельность | B9: =1721612.27+852 -> 1722464.3
A10: 2.Инвестиционная деятельность
A11: 3.Финансовая деятельность
A12: Комиссия по Фин агенту | B12: 38068.93
A13: %% по кредиту
A14: Внутригрупповые
A15: Итого: | B15: =B3-B8 -> -1056285.3 | E15: =-339245.533939737-852 -> -340097.53
A17: Diff | E17: =E15-B15 -> 716187.76
A19: Задолженность Заказчика на 31-08-2025 | B19: =B20+B21 -> 1418328
A20: ДТ | B20: 1418328 | E20: =B20 -> 1418328
A21: КТ | E21: =-B21 -> 0
A23: Взаиморасчеты с Поставщиками, грн | B23: =B24+B25 -> 51979.06
A24: КТ Поставщиков, грн | B24: 51979.06 | E24: =-B24 -> -51979.06
A25: ДТ Поставщиков,грн | E25: =B25 -> 0
A26: КТ Логистика, грн | E26: =-B26 -> 0
A27: Кредит (на повернення) | B27: 704247.91 | E27: =-B27 -> -704247.91
A28: Задолженность по ЗП, %% | B28: =B29+B30+B31 -> 10419
A29: ЗП | E29: =-B29 -> 0
A30: ЗП Акты | E30: =-B30 -> 0
A31: %% | B31: 10419 | E31: =-B31 -> -10419
A33: Остатки на складах , грн | B33: =SUM(B34:B37)*1.2 -> 37264.536 | E33: =--B33 -> 37264.536
A34: Склад Стіл Укрнафта, грн | B34: 26022.78 | D34: Коректировка по ФА( PnL-CF): | E34: =-42822+B12 -> -4753.07
A35: Склад МШП: Стіл Укрнафта виробничий, грн | B35: 5031 | D35: Итого DIFF с учетом Остатков и Задолженностей: | E35: =SUM(E20:E34) -> 684193.5
A39: Окончательное CF, грн | B39: =B15+E35 -> -372091.79 | E39: =E15 -> -340097.53
A40: DIFF, грн | B40: =B39-E39 -> -31994.26 | C40: =B40/E3 -> -0.02255773
A43: Цех_МШП (ТОВ "ІНДАСТРІАЛБУД") | B43: 902314.13

Sheet МД МХП Франковск 
A1: CF | D1: PnL
A2: - 31/08/2025 | D2: =A2 -> - 31/08/2025
A3: ДОХОД, грн | B3: =SUM(B4:B6) -> 0 | D3: ДОХОД, грн | E3: 2033883.4
A4: Поступление от заказчика
A5: Получение финансовой помощи
A6: Кредитная линия
A8: РАСХОД, грн | B8: =SUM(B9:B14) -> 1318160.2 | D8: РАСХОД, грн | E8: =E3-E15 -> 1671066.4
A9: 1.Операционная деятельность | B9: =1261489.91+10701 -> 1272190.9
A10: 2.Инвестиционная деятельность
A11: 3.Финансовая деятельность
A12: Комиссия по Фин агенту | B12: 45969.25
A13: %% по кредиту
A14: Внутригрупповые
A15: Итого: | B15: =B3-B8 -> -1318160.2 | E15: =373518.014848722-10701 -> 362817.01
A17: Diff | E17: =E15-B15 -> 1680977.2
A19: Задолженность Заказчика на 31-08-2025 | B19: =B20+B21 -> 2033883.4
A20: ДТ | E20: =-B20 -> 0
A21: КТ | B21: 2033883.4 | E21: =B21 -> 2033883.4
A23: Взаиморасчеты с Поставщиками, грн | B23: =B24+B25 -> 85766.05
A24: КТ Поставщиков, грн | B24: 85766.05 | E24: =-B24 -> -85766.05
A25: ДТ Поставщиков,грн | B25: 0 | E25: =B25 -> 0
A26: КТ Спецтехника, грн | E26: =-B26 -> 0
A27: КТ Логистика, грн | B27: 183000 | E27: =-B27 -> -183000
A28: Задолженность по ЗП | B28: =B29+B30 -> 30137
A29: ЗП | B29: 30137 | E29: =-B29 -> -30137
A30: ЗП Акты | E30: =-B30 -> 0
A33: Остатки на складах , грн | B33: =SUM(B34:B37)*1.2 -> 85843.2 | E33: =--B33 -> 85843.2
A34: Склад Цех_МД МХП Франковск, грн | B34: 71536 | D34: Коректировка по ФА( PnL-CF): | E34: =-46006+B12 -> -36.75
D35: Итого DIFF с учетом Остатков и Задолженностей: | E35: =SUM(E20:E34) -> 1820786.8
A39: Окончательное CF, грн | B39: =B15+E35 -> 502626.62 | E39: =E15 -> 362817.01
A40: DIFF, грн | B40: =B39-E39 -> 139809.61 | C40: =B40/E3 -> 0.068740227
A43: Цех_МШП (ТОВ "ІНДАСТРІАЛБУД") | B43: 902314.13

Sheet МД IRS
A1: CF | D1: PnL
A2: - 31.08.2025 | D2: =A2 -> - 31.08.2025
A3: ДОХОД, грн | B3: =SUM(B4:B6) -> 12946866 | D3: ДОХОД, грн | E3: 10758540
A4: Поступление от заказчика | B4: 10758540
A5: Получение финансовой помощи
A6: Кредитная линия | B6: 2188326
A8: РАСХОД, грн | B8: =SUM(B9:B14) -> 7215472.8 | D8: РАСХОД, грн | E8: =E3-E15 -> 8212119.3
A9: 1.Операционная деятельность | B9: =6988967.41+48045 -> 7037012.4
A10: 2.Инвестиционная деятельность
A11: 3.Финансовая деятельность
A12: Комиссия по Фин агенту | B12: =157558.39*1 -> 157558.39
A13: %% по кредиту | B13: =20902 -> 20902
A14: Внутригрупповые
A15: Итого: | B15: =B3-B8 -> 5731393.2 | E15: =2594465.29269992-48045 -> 2546420.3
A17: Diff | E17: =E15-B15 -> -3184972.9
A19: Задолженность Заказчика на 31-08-2025 | B19: =B20+B21 -> 0
A20: ДТ | E20: =-B20 -> 0
A21: КТ | E21: =B21 -> 0
A23: Взаиморасчеты с Поставщиками, грн | B23: =B24+B25 -> 406983
A24: КТ Поставщиков, грн | B24: 406983 | E24: =-B24 -> -406983
A25: ДТ Поставщиков,грн | E25: =B25 -> 0
A26: КТ Логистика, грн | B26: 318007 | E26: =-B26 -> -318007
A27: Кредит (на повернення) | B27: 2188326 | E27: =-B27 -> -2188326
A28: Задолженность по ЗП, %% | B28: =B29+B30+B31 -> 301474
A29: ЗП | B29: 270178 | E29: =-B29 -> -270178
A30: ЗП Акты | E30: =-B30 -> 0
A31: %% | B31: 31296 | E31: =-B31 -> -31296
A33: Остатки на складах , грн | B33: =SUM(B34:B37)*1.2 -> 8674.8 | E33: =--B33 -> 8674.8
A34: Склад Цех МД IRS, грн | B34: 7229 | D34: Коректировка по ФА( PnL-CF): | E34: =-140795+B12 -> 16763.39
D35: Итого DIFF с учетом Остатков и Задолженностей: | E35: =SUM(E20:E34) -> -3189351.8
A39: Окончательное CF, грн | B39: =B15+E35 -> 2542041.4 | E39: =E15 -> 2546420.3
A40: DIFF, грн | B40: =B39-E39 -> -4378.9427 | C40: =B40/E3 -> -0.00040702018
A43: Цех_МШП (ТОВ "ІНДАСТРІАЛБУД") | B43: 902314.13

Sheet Производство
A1: CF | D1: PnL
A2: 01/01/2025 - 31/07/2025 | D2: 01/01/2025 - 30/06/2025
A3: ДОХОД, грн | B3: =SUM(B4:B7) -> 82555392 | D3: ДОХОД, грн | E3: ='МД ВООЗ ЕМС'!E3+'Кернел Кухня'!E3+'МК МХП Катеринополь'!E3+'МК Глобино'!E3+'МД ООН 2025'!E3+'МД МХП Туалетный блок'!E3+'МД Червоний Хрест'!E3+'МК Нежин 2025'!E3+'МД Укрнафта контейнер 3 на 4'!E3+'МД МХП Франковск '!E3+'МД IRS'!E3 -> 66890986
A4: Поступление от заказчика | B4: ='МД ВООЗ ЕМС'!B4+'Кернел Кухня'!B4+'МК МХП Катеринополь'!B4+'МК Глобино'!B4+'МД ООН 2025'!B4+'МД МХП Туалетный блок'!B4+'МД Червоний Хрест'!B4+'МК Нежин 2025'!B4+'МД Укрнафта контейнер 3 на 4'!B4+'МД МХП Франковск '!B4+'МД IRS'!B4 -> 75879745
A5: Получение финансовой помощи | B5: ='МД ВООЗ ЕМС'!B5+'Кернел Кухня'!B5+'МК МХП Катеринополь'!B5+'МК Глобино'!B5+'МД ООН 2025'!B5+'МД МХП Туалетный блок'!B5+'МД Червоний Хрест'!B5+'МК Нежин 2025'!B5+'МД Укрнафта контейнер 3 на 4'!B5+'МД МХП Франковск '!B5+'МД IRS'!B5 -> 0
A6: Кредитная линия | B6: ='МД ВООЗ ЕМС'!B6+'Кернел Кухня'!B6+'МК МХП Катеринополь'!B6+'МК Глобино'!B6+'МД ООН 2025'!B6+'МД МХП Туалетный блок'!B6+'МД Червоний Хрест'!B6+'МК Нежин 2025'!B6+'МД Укрнафта контейнер 3 на 4'!B6+'МД МХП Франковск '!B6+'МД IRS'!B6 -> 6675646.5
A9: РАСХОД, грн | B9: =SUM(B10:B14) -> 71669727 | D9: РАСХОД, грн | E9: ='МД ВООЗ ЕМС'!E8+'Кернел Кухня'!E8+'МК МХП Катеринополь'!E8+'МК Глобино'!E8+'МД ООН 2025'!E8+'МД МХП Туалетный блок'!E8+'МД Червоний Хрест'!E8+'МК Нежин 2025'!E8+'МД Укрнафта контейнер 3 на 4'!E8+'МД МХП Франковск '!E8+'МД IRS'!E8 -> 56124941
A10: 1.Операционная деятельность | B10: ='МД ВООЗ ЕМС'!B9+'Кернел Кухня'!B9+'МК МХП Катеринополь'!B9+'МК Глобино'!B9+'МД ООН 2025'!B9+'МД МХП Туалетный блок'!B9+'МД Червоний Хрест'!B9+'МК Нежин 2025'!B9+'МД Укрнафта контейнер 3 на 4'!B9+'МД МХП Франковск '!B9+'МД IRS'!B9 -> 70708335
A11: 2.Инвестиционная деятельность
A12: Комиссия по Фин агенту | B12: ='МД ВООЗ ЕМС'!B12+'Кернел Кухня'!B12+'МК МХП Катеринополь'!B12+'МК Глобино'!B12+'МД ООН 2025'!B12+'МД МХП Туалетный блок'!B12+'МД Червоний Хрест'!B12+'МК Нежин 2025'!B12+'МД Укрнафта контейнер 3 на 4'!B12+'МД МХП Франковск '!B12+'МД IRS'!B12 -> 916300.21
A13: %% по кредиту | B13: ='МД ВООЗ ЕМС'!B13+'Кернел Кухня'!B13+'МК МХП Катеринополь'!B13+'МК Глобино'!B13+'МД ООН 2025'!B13+'МД МХП Туалетный блок'!B13+'МД Червоний Хрест'!B13+'МК Нежин 2025'!B13+'МД Укрнафта контейнер 3 на 4'!B13+'МД МХП Франковск '!B13+'МД IRS'!B13 -> 45092
A14: Внутригрупповые
A15: Итого: | B15: =B3-B9 -> 10885665 | D15: Итого: | E15: =E3-E9 -> 10766045
A17: Diff | E17: =E15-B15 -> -119619.84
A19: Задолженность Заказчика на 31-07-2025 | B19: =B20-B21 -> -13113471
A20: ДТ | B20: ='МД ВООЗ ЕМС'!B20+'Кернел Кухня'!B20+'МК МХП Катеринополь'!B20+'МК Глобино'!B20+'МД ООН 2025'!B20+'МД МХП Туалетный блок'!B20+'МД Червоний Хрест'!B20+'МК Нежин 2025'!B20+'МД Укрнафта контейнер 3 на 4'!B20+'МД МХП Франковск '!B20+'МД IRS'!B20 -> 5979240 | E20: =B20 -> 5979240
A21: КТ | B21: ='МД ВООЗ ЕМС'!B21+'Кернел Кухня'!B21+'МК МХП Катеринополь'!B21+'МК Глобино'!B21+'МД ООН 2025'!B21+'МД МХП Туалетный блок'!B21+'МД Червоний Хрест'!B21+'МК Нежин 2025'!B21+'МД Укрнафта контейнер 3 на 4'!B21+'МД МХП Франковск '!B21+'МД IRS'!B21 -> 19092711 | E21: =-B21 -> -19092711
A23: Взаиморасчеты с Поставщиками, грн
A24: КТ Поставщиков, грн | B24: ='МД ВООЗ ЕМС'!B24+'Кернел Кухня'!B24+'МК МХП Катеринополь'!B24+'МК Глобино'!B24+'МД ООН 2025'!B24+'МД МХП Туалетный блок'!B24+'МД Червоний Хрест'!B24+'МК Нежин 2025'!B24+'МД Укрнафта контейнер 3 на 4'!B24+'МД МХП Франковск '!B24+'МД IRS'!B24 -> 3419461.9 | E24: =-B24 -> -3419461.9
A25: ДТ Поставщиков,грн | B25: ='МД ВООЗ ЕМС'!B25+'Кернел Кухня'!B25+'МК МХП Катеринополь'!B25+'МК Глобино'!B25+'МД ООН 2025'!B25+'МД МХП Туалетный блок'!B25+'МД Червоний Хрест'!B25+'МК Нежин 2025'!B25+'МД Укрнафта контейнер 3 на 4'!B25+'МД МХП Франковск '!B25+'МД IRS'!B25 -> 538089.15 | E25: =B25 -> 538089.15
A26: КТ Логистика, грн | B26: ='МД ВООЗ ЕМС'!B27+'Кернел Кухня'!B26+'МК МХП Катеринополь'!B27+'МК Глобино'!B27+'МД ООН 2025'!B27+'МД МХП Туалетный блок'!B27+'МД Червоний Хрест'!B26+'МК Нежин 2025'!B27+'МД Укрнафта контейнер 3 на 4'!B26+'МД МХП Франковск '!B27+'МД IRS'!B26 -> 767757 | E26: =-B26 -> -767757
A27: Кредит (на повернення) | B27: ='Кернел Кухня'!B27+'МД Червоний Хрест'!B27+'МД Укрнафта контейнер 3 на 4'!B27+'МД IRS'!B27 -> 6675646.5 | E27: =-B27 -> -6675646.5
A28: Задолженность по ЗП | B28: =B29+B30 -> 1101950
A29: ЗП | B29: ='МД ВООЗ ЕМС'!B29+'Кернел Кухня'!B29+'МК МХП Катеринополь'!B29+'МК Глобино'!B29+'МД ООН 2025'!B29+'МД МХП Туалетный блок'!B29+'МД Червоний Хрест'!B29+'МК Нежин 2025'!B29+'МД Укрнафта контейнер 3 на 4'!B29+'МД МХП Франковск '!B29+'МД IRS'!B29 -> 1101950 | E29: =-B29 -> -1101950
A30: ЗП Акты | B30: ='МД ВООЗ ЕМС'!B30+'Кернел Кухня'!B30+'МК МХП Катеринополь'!B30+'МК Глобино'!B30+'МД ООН 2025'!B30+'МД МХП Туалетный блок'!B30+'МД Червоний Хрест'!B30+'МК Нежин 2025'!B30+'МД Укрнафта контейнер 3 на 4'!B30+'МД МХП Франковск '!B30+'МД IRS'!B30 -> 0 | E30: =-B30 -> 0
B31: ='МД ВООЗ ЕМС'!B31+'Кернел Кухня'!B31+'МК МХП Катеринополь'!B31+'МК Глобино'!B31+'МД ООН 2025'!B31+'МД МХП Туалетный блок'!B31+'МД Червоний Хрест'!B31+'МК Нежин 2025'!B31+'МД Укрнафта контейнер 3 на 4'!B31+'МД МХП Франковск '!B31+'МД IRS'!B31 -> 97683 | E31: =-B31 -> -97683
A33: Остатки на складах , грн | B33: =SUM(B34:B36)*1.2 -> 18672774 | E33: =--B33 -> 18672774
A34: Залишки | B34: ='МД ВООЗ ЕМС'!B34+'Кернел Кухня'!B34+'МК МХП Катеринополь'!B34+'МК Глобино'!B34+'МД ООН 2025'!B34+'МД МХП Туалетный блок'!B34+'МД Червоний Хрест'!B34+'МК Нежин 2025'!B34+'МД Укрнафта контейнер 3 на 4'!B34+'МД МХП Франковск '!B34+'МД IRS'!B34 -> 15347659 | D34: Коректировка по ФА( PnL-CF): | E34: ='МД ВООЗ ЕМС'!E34+'Кернел Кухня'!E34+'МК МХП Катеринополь'!E34+'МК Глобино'!E34+'МД ООН 2025'!E34+'МД МХП Туалетный блок'!E34+'МД Червоний Хрест'!E34+'МК Нежин 2025'!E34+'МД Укрнафта контейнер 3 на 4'!E34+'МД МХП Франковск '!E34+'МД IRS'!E34 -> -1709831.8
A35: МШП | B35: ='МК МХП Катеринополь'!B35+'МК Глобино'!B35+'МД ООН 2025'!B35+'МД МХП Туалетный блок'!B35+'МД Червоний Хрест'!B35+'МК Нежин 2025'!B35+'МД Укрнафта контейнер 3 на 4'!B35+'МД МХП Франковск '!B35+'МД IRS'!B35 -> 212985.61 | D35: Итого DIFF с учетом Остатков и Задолженностей: | E35: =SUM(E20:E34) -> -7674938.2
A38: Окончательное CF, грн | B38: =B15+E35 -> 3210726.6 | E38: =E15 -> 10766045
A39: DIFF, грн | B39: ='МД IRS'!B40+'МД МХП Франковск '!B40+'МД Укрнафта контейнер 3 на 4'!B40+'МК Нежин 2025'!B40+'МД Червоний Хрест'!B40+'МД МХП Туалетный блок'!B40+'МД ООН 2025'!A51+'МД ООН 2025'!B40+'МК Глобино'!B40+'МК МХП Катеринополь'!B40+'Кернел Кухня'!B40+'МД ВООЗ ЕМС'!B40 -> -232724.27 | C39: =B39/E3 -> -0.0034791574
G41: 2280006.9
A43: Цех_МШП (ТОВ "ІНДАСТРІАЛБУД") | B43: 902314.13 | G43: =B12-G41 -> -1363706.7
