Workbook

Sheet Лист2
B1: Код (Таб. №) | C1: Наименование | D1: Код по ДРФО | E1: Вид договора | F1: Вид занятости | G1: Подразделение организации | H1: Должность организации | I1: Дата приема
B2: 1 | C2: Оренда авто
B3: д000000007 | C3: Воронцов Олександр Володимирович (оренда авто) | D3: 3244112838 | E3: Договор подряда (выполнение работ, оказание услуг)
B4: д000000023 | C4: Гавриченко Тетяна Василівна (оренда авто) | D4: 2890614789 | E4: Договор подряда (выполнение работ, оказание услуг)
B5: д000000010 | C5: Гриценко Олександр Вікторович (оренда авто) | D5: 2751711415 | E5: Договор подряда (выполнение работ, оказание услуг)
B6: д000000001 | C6: Гриценко Сергій Миколайович (дг.) | D6: 3382914593 | E6: Договор подряда (выполнение работ, оказание услуг)
B7: д000000013 | C7: Гриценко Сергій Миколайович (оренда авто) | D7: 3382914593 | E7: Договор подряда (выполнение работ, оказание услуг)
B8: д000000019 | C8: Гуняга Олег Володимирович (оренда авто) | D8: 2711822114 | E8: Договор подряда (выполнение работ, оказание услуг)
B9: д000000008 | C9: Манжула Максим Анатолійович (оренда авто) | D9: 3281710375 | E9: Договор подряда (выполнение работ, оказание услуг)
B10: д000000014 | C10: Огоновський Дмитро Анатолійович (оренда авто) | D10: 2866215672 | E10: Договор подряда (выполнение работ, оказание услуг)
B11: д000000015 | C11: Потьомко Михайло Володимирович (оренда авто) | D11: 3575508457 | E11: Договор подряда (выполнение работ, оказание услуг)
B12: д000000016 | C12: Сикал Павло Анатолійович (оренда авто) | D12: 3306506991 | E12: Договор подряда (выполнение работ, оказание услуг)
B13: д000000012 | C13: Старіков Сергій Вікторович (оренда авто) | D13: 2899410750 | E13: Договор подряда (выполнение работ, оказание услуг)
B14: д000000020 | C14: Шевченко Євген Анатолійович (оренда авто) | D14: 3194113635 | E14: Договор подряда (выполнение работ, оказание услуг)
B15: д000000009 | C15: Ширшов Олександр Леонідович (оренда авто) | D15: 2234022693 | E15: Договор подряда (выполнение работ, оказание услуг)
B16: 23 | C16: Адаменко Віталій Вікторович | D16: 3153900053 | E16: Трудовой договор | F16: Основное место работы | G16: Виробничий (Цех металоконструкцій) | H16: Монтажник будівельний | I16: 05.10.2022
B17: 4 | C17: Аксенчіков Сергій Олександрович | D17: 3457309598 | E17: Трудовой договор | F17: Основное место работы | G17: Адміністративний відділ | H17: Майстер будівельних та монтажних робіт | I17: 01.07.2022
B18: д000000001 | C18: Аксенчіков Сергій Олександрович (оренда авто) | D18: 3457309598 | E18: Договор подряда (выполнение работ, оказание услуг)
B19: 48 | C19: Александров Артем Анатолійович | D19: 2618119132 | E19: Трудовой договор | F19: Основное место работы | G19: Адміністративний відділ | H19: Діловод | I19: 25.09.2018
B20: 203 | C20: Александров Денис Анатолійович | D20: 2765913876 | E20: Трудовой договор | F20: Основное место работы | G20: Адміністративний відділ | H20: Помічник економіста | I20: 01.02.2021
B21: 156 | C21: Александрова Жанна Валентинівна | D21: 2693717247 | E21: Трудовой договор | F21: Основное место работы | G21: Адміністративний відділ | H21: Прибиральник службових приміщень | I21: 01.07.2020
B22: 2289516770 | C22: Антонович Тетяна Сергіївна | D22: 2894801342 | E22: Трудовой договор | F22: Основное место работы | G22: Адміністративний відділ | H22: Директор фінансовий | I22: 22.12.2022
B23: 16 | C23: Антонович Тетяна Сергіївна (сум.) | D23: 2894801342 | E23: Трудовой договор | F23: Внешнее совместительство | G23: Адміністративний відділ | H23: Директор фінансовий | I23: 26.05.2023
B24: 17 | C24: Аулова Маргарита Володимирівна | D24: 3036417408 | E24: Трудовой договор | F24: Внешнее совместительство | G24: Адміністративний відділ | H24: Головний бухгалтер | I24: 01.04.2024
B25: 2289516882 | C25: Аулова Маргарита Володимирівна (осн.) | D25: 3036417408 | E25: Трудовой договор | F25: Основное место работы | G25: Адміністративний відділ | H25: Головний бухгалтер | I25: 27.03.2024
B26: 2289516833 | C26: Ахмедов Тавакгюль Сардар огли | D26: 2358421934 | E26: Трудовой договор | F26: Основное место работы | G26: Виробничий (Ладижин-3) | H26: Маляр | I26: 08.09.2023
B27: 37 | C27: Бабіленко Микола Олександрович | D27: 2564424513 | E27: Трудовой договор | F27: Основное место работы | G27: Виробничий (Цех металоконструкцій) | H27: Слюсар із складання металевих конструкцій | I27: 01.12.2022
B28: 11 | C28: Багацький Вадим Геннадійович | D28: 3247506159 | E28: Трудовой договор | F28: Основное место работы | G28: Виробничий (Цех металоконструкцій) | H28: Електрозварник ручного зварювання | I28: 05.08.2022
B29: 2289516701 | C29: Безкоровайний Дмитро Миколайович | D29: 3358009052 | E29: Трудовой договор | F29: Основное место работы | G29: Виробничий (Підгірці) | H29: Водій автотранспортних засобів | I29: 04.02.2022
B30: 62 | C30: Білоусов Євген Вікторович | D30: 3421002151 | E30: Трудовой договор | F30: Основное место работы | G30: Виробничий (Старокостянтинів) | H30: Арматурник (будівельні, монтажні й ремонтно-будівельні роботи) | I30: 01.02.2019
B31: д000000006 | C31: Бічковський Максим Петрович | D31: 2922419813 | E31: Договор подряда (выполнение работ, оказание услуг)
B32: 2289516746 | C32: Блоха Євген Валерійович | D32: 2919308010 | E32: Трудовой договор | F32: Основное место работы | G32: Виробничий (Старокостянтинів) | H32: Бетоняр | I32: 27.09.2022
B33: 2289516849 | C33: Богданюк Дмитро Леонтійович | D33: 3036408418 | E33: Трудовой договор | F33: Основное место работы | G33: Адміністративний відділ | H33: Інженер з проєктно-кошторисної роботи | I33: 02.11.2023
B34: 19 | C34: Богун Олена Миколаївна | D34: 3813305164 | E34: Трудовой договор | F34: Основное место работы | G34: Виробничій цех | H34: Лаборант | I34: 02.07.2024
B35: 2289516863 | C35: Божков Валерій Вікторович | D35: 2753702532 | E35: Трудовой договор | F35: Основное место работы | G35: Виробничий (Крушинка) | H35: Водій автотранспортних засобів | I35: 19.12.2023
B36: 46 | C36: Бокоч Галина Михайлівна (осн.) | D36: 3018718189 | E36: Трудовой договор | F36: Основное место работы | G36: Адміністративний відділ | H36: Діловод | I36: 24.11.2023
B37: 157 | C37: Болох Володимир Васильович | D37: 2794610037 | E37: Трудовой договор | F37: Основное место работы | G37: Виробничий (Старокостянтинів) | H37: Машиніст крана автомобільного | I37: 03.08.2020
B38: 71 | C38: Борецька Людмила Сергіївна | D38: 3280710149 | E38: Трудовой договор | F38: Основное место работы | G38: Адміністративний відділ | H38: Економіст | I38: 08.04.2019
B39: 2289516756 | C39: Борисенко Олексій Миколайович | D39: 2957816213 | E39: Трудовой договор | F39: Основное место работы | G39: Виробничий (Крушинка) | H39: Машиніст крана автомобільного | I39: 01.11.2022
B40: 49 | C40: Бреус Віталій Григорович | D40: 3143007035 | E40: Трудовой договор | F40: Основное место работы | G40: Адміністративний відділ | H40: Менеджер (управитель) з постачання | I40: 18.07.2023
B41: 2289516819 | C41: Буднік Євгеній Костянтинович | D41: 3834606498 | E41: Трудовой договор | F41: Основное место работы | G41: Виробничий (Крушинка) | H41: Монтажник з монтажу сталевих та залізобетонних конструкцій | I41: 02.08.2023
B42: 2289516804 | C42: Буднік Костянтин Вікторович | D42: 2857318359 | E42: Трудовой договор | F42: Основное место работы | G42: Виробничий (Крушинка) | H42: Монтажник з монтажу сталевих та залізобетонних конструкцій | I42: 21.06.2023
B43: 217 | C43: Бунтило Віталій Іванович | D43: 3000412772 | E43: Трудовой договор | F43: Основное место работы | G43: Виробничий (Старокостянтинів) | H43: Водій автотранспортних засобів | I43: 18.03.2021
... B57: 2289516750 | C57: Гайворонський Владислав Вікторович | D57: 3624204536 | E57: Трудовой договор | F57: Основное место работы | G57: Виробничий (Ретал) | H57: Маляр | I57: 25.10.2022
B58: 2289516773 | C58: Гайдай Віктор Григорович | D58: 2623706617 | E58: Трудовой договор | F58: Основное место работы
B59: 2289516696 | C59: Геворкян Вануш Геворгович | D59: 3173022999 | E59: Трудовой договор | F59: Основное место работы | G59: Виробничий (Придніпровський ОЕЗ) | H59: Маляр | I59: 20.01.2022
B60: 2289516759 | C60: Гладун Дмитро Михайлович | D60: 3188300613 | E60: Трудовой договор | F60: Основное место работы | G60: Виробничий (Ніжин-3) | H60: Бетоняр | I60: 16.11.2022
B61: 2289516816 | C61: Глузд Дмитро Михайлович | D61: 3255109619 | E61: Трудовой договор | F61: Основное место работы | G61: Адміністративний відділ | H61: Начальник вiддiлу матерiально-технiчного постачання | I61: 31.07.2023
B62: 2289516817 | C62: Голіков Сергій Анатолійович | D62: 2985420914 | E62: Трудовой договор | F62: Основное место работы | G62: Виробничий (ООН) | H62: Монтажник з монтажу сталевих та залізобетонних конструкцій | I62: 02.08.2023
B63: 50 | C63: Голуб Ігор Леонідович | D63: 2273121637 | E63: Трудовой договор | F63: Основное место работы | G63: Транспортний відділ | H63: Водій автотранспортних засобів | I63: 09.04.2024
B64: 2289516854 | C64: Гончар Ольга Анатоліївна | D64: 2470006146 | E64: Трудовой договор | F64: Основное место работы | G64: Адміністративний відділ | H64: Бухгалтер | I64: 20.11.2023
B65: 57 | C65: Гончар Ольга Анатоліївна | D65: 2470006146 | E65: Трудовой договор | F65: Внешнее совместительство | G65: Адміністративний відділ | H65: Бухгалтер | I65: 04.12.2023
B66: 100 | C66: Гончаренко Анатолій Олексійович | D66: 3302818011 | E66: Трудовой договор | F66: Основное место работы | G66: Виробничий (Старокостянтинів) | H66: Монтажник з монтажу сталевих та залізобетонних конструкцій | I66: 09.08.2019
B67: 2289516876 | C67: Горбачова Лариса Борисівна | D67: 3016814180 | E67: Трудовой договор | F67: Основное место работы | G67: Адміністративний відділ | H67: Інженер з проєктно-кошторисної роботи | I67: 15.02.2024
B68: 75 | C68: Горєлов Микита Євгенович | D68: 3596200395 | E68: Трудовой договор | F68: Основное место работы | G68: Виробничий (Цех металоконструкцій) | H68: Електрозварник ручного зварювання | I68: 22.07.2024
B69: 189 | C69: Горячий Іван Васильович | D69: 3013807931 | E69: Трудовой договор | F69: Основное место работы | G69: Виробничий (Придніпровський ОЕЗ) | H69: Тракторист | I69: 17.11.2020
B70: 2289516901 | C70: Гребенюк Олександр Миколайович | D70: 2375803431 | E70: Трудовой договор | F70: Основное место работы | G70: Виробничий (Крушинка) | H70: Тракторист | I70: 19.06.2024
... B94: 274 | C94: Жорж Олександр Сергійович | D94: 3207413416 | E94: Трудовой договор | F94: Основное место работы | G94: Адміністративний відділ | H94: Керівник проєктів та програм | I94: 15.11.2021
B95: д000000011 | C95: Жорж Олександр Сергійович (оренда авто) | D95: 3207413416 | E95: Договор подряда (выполнение работ, оказание услуг)
B96: 12 | C96: Завіша Ігор Степанович | D96: 3694604010 | E96: Трудовой договор | F96: Основное место работы | G96: Виробничій цех | H96: Лаборант | I96: 01.05.2024
B97: 48 | C97: Заєць Олексій Олександрович | D97: 2958309437 | E97: Трудовой договор | F97: Основное место работы | G97: Адміністративний відділ | H97: Менеджер (управитель) з логістики | I97: 26.01.2024
B98: 2289516883 | C98: Здоровик Олександр Олександрович | D98: 3601207735 | E98: Трудовой договор | F98: Основное место работы | G98: Виробничий (Ніжин-3) | H98: Машиніст екскаватора | I98: 01.04.2024
B99: 2289516735 | C99: Зеленков Антон Михайлович | D99: 3053422190 | E99: Трудовой договор | F99: Основное место работы | G99: Адміністративний відділ | H99: Менеджер (управитель) з постачання | I99: 20.09.2022
B100: 197 | C100: Зоря Руслан Леонідович | D100: 3293018293 | E100: Трудовой договор | F100: Основное место работы
B101: 162 | C101: Зубов Олександр В'ячеславович | D101: 3119810293 | E101: Трудовой договор | F101: Основное место работы | G101: Виробничий (Ніжин-3) | H101: Бетоняр | I101: 01.09.2020
B102: 42 | C102: Іванов Олексій Вікторович | D102: 3705902230 | E102: Трудовой договор | F102: Основное место работы | G102: Виробничий (Цех металоконструкцій) | H102: Слюсар із складання металевих конструкцій | I102: 01.12.2022
B103: 8 | C103: Іскрицький Денис Русланович | D103: 3779110293 | E103: Трудовой договор | F103: Основное место работы | G103: Виробничий (Цех металоконструкцій) | H103: Електрозварник на автоматичних та напівавтоматичних машинах | I103: 10.08.2022
B104: 137 | C104: Карбунар Ярослав Дмитрович | D104: 3166313137 | E104: Трудовой договор | F104: Основное место работы | G104: Виробничий (Старокостянтинів) | H104: Машиніст екскаватора | I104: 08.04.2020
B105: 2289516888 | C105: Карпенко Михайло Григорович | D105: 2492508275 | E105: Трудовой договор | F105: Основное место работы | G105: Виробничий (Крушинка) | H105: Машиніст крана автомобільного | I105: 23.04.2024
B106: 2289516890 | C106: Катеринчук Сергій Володимирович | D106: 2345601097 | E106: Трудовой договор | F106: Внешнее совместительство | G106: Виробничий (Ніжин-3) | H106: Машиніст крана (кранівник) | I106: 02.05.2024
B107: 2289516878 | C107: Кісіль Євген Вікторович | D107: 3568405559 | E107: Трудовой договор | F107: Основное место работы | G107: Виробничий (Крушинка) | H107: Геодезист | I107: 01.03.2024
B108: 68 | C108: Кіфор Юрій Михайлович | D108: 2521518612 | E108: Трудовой договор | F108: Основное место работы | G108: Виробничий (Цех металоконструкцій) | H108: Монтажник будівельний | I108: 02.07.2024
B109: 2289516697 | C109: Клименко Олександр Сергійович | D109: 3073110819 | E109: Трудовой договор | F109: Основное место работы | G109: Виробничий (Придніпровський ОЕЗ) | H109: Маляр | I109: 20.01.2022
B110: 2289516708 | C110: Климович Олена Олександрівна | D110: 3503711344 | E110: Трудовой договор | F110: Основное место работы | G110: Адміністративний відділ | H110: Бухгалтер | I110: 22.07.2022
B111: 2289516895 | C111: Ковальов Ілля Миколайович | D111: 3220619518 | E111: Трудовой договор | F111: Основное место работы | G111: Виробничий (Крушинка) | H111: Виконавець робіт | I111: 01.06.2024
B112: 2289516703 | C112: Ковальчук Валентин Вікторович | D112: 3132604831 | E112: Трудовой договор | F112: Основное место работы | G112: Виробничий (Крушинка) | H112: Тракторист | I112: 04.02.2022
... B130: 3 | C130: Кушнір Тарас Анатолійович | D130: 3458003578 | E130: Трудовой договор | F130: Основное место работы | G130: Виробничій цех | H130: Начальник зміни | I130: 17.11.2023
B131: 18 | C131: Кушнір Тарас Анатолійович | D131: 3458003578 | E131: Трудовой договор | F131: Внешнее совместительство
B132: 2289516737 | C132: Лисенко Артем Ігорович | D132: 3662602531 | E132: Трудовой договор | F132: Основное место работы | G132: Виробничий (Ніжин-3) | H132: Бетоняр | I132: 20.09.2022
B133: 2289516893 | C133: Лисенко Ігор Сергійович | D133: 2855420394 | E133: Трудовой договор | F133: Основное место работы | G133: Виробничий (Ніжин-3) | H133: Бетоняр | I133: 16.05.2024
B134: 2289516898 | C134: Лобода Руслан Володимирович | D134: 2777600676 | E134: Трудовой договор | F134: Основное место работы | G134: Виробничий (Ніжин-3) | H134: Бетоняр | I134: 05.06.2024
B135: 2289516837 | C135: Лохматов Анатолій Станіславович | D135: 3108202652 | E135: Трудовой договор | F135: Основное место работы | G135: Виробничий (Ніжин-3) | H135: Бетоняр | I135: 20.09.2023
B136: 2289516873 | C136: Ляшко Сергій Миколайович | D136: 2850902050 | E136: Трудовой договор | F136: Основное место работы | G136: Виробничий (Крушинка) | H136: Машиніст екскаватора | I136: 10.02.2024
B137: 2289516802 | C137: Манжула Максим Анатолійович | D137: 3281710375 | E137: Трудовой договор | F137: Внешнее совместительство | G137: Адміністративний відділ | H137: Директор виконавчий | I137: 01.06.2023
B138: 12 | C138: Манжула Максим Анатолійович | D138: 3281710375 | E138: Трудовой договор | F138: Основное место работы | G138: Адміністративний відділ | H138: Директор | I138: 06.08.2022
B139: 2289516874 | C139: Марков Олександр Михайлович | D139: 2572519716 | E139: Трудовой договор | F139: Основное место работы | G139: Виробничий (Крушинка) | H139: Виконавець робіт | I139: 15.02.2024
B140: 2289516836 | C140: Марков Олексій Віталійович | D140: 2773311771 | E140: Трудовой договор | F140: Основное место работы | G140: Виробничий (Крушинка) | H140: Бетоняр | I140: 20.09.2023
B141: 27 | C141: Масливець Ігор Валерійович | D141: 2880313812 | E141: Трудовой договор | F141: Основное место работы | G141: Виробничий (Цех металоконструкцій) | H141: Підсобний робочий | I141: 05.10.2022
B142: 2289516879 | C142: Матейченко Володимир Іванович | D142: 2783317959 | E142: Трудовой договор | F142: Основное место работы | G142: Виробничий (Ніжин-3) | H142: Бетоняр | I142: 18.03.2024
B143: 2289516853 | C143: Мацанек В'ячеслав Дмитрович | D143: 2034207638 | E143: Трудовой договор | F143: Основное место работы | G143: Виробничий (Крушинка) | H143: Підсобний робочий | I143: 20.11.2023
... B161: 218 | C161: Олійник Валерій Миколайович | D161: 2559518617 | E161: Трудовой договор | F161: Основное место работы | G161: Виробничий (Старокостянтинів) | H161: Виконавець робіт | I161: 29.03.2021
B162: д000000017 | C162: Олійник Валерій Миколайович (оренда авто) | D162: 2559518617 | E162: Договор подряда (выполнение работ, оказание услуг)
B163: 2289516827 | C163: Павленко Владислав Володимирович | D163: 3771107310 | E163: Трудовой договор | F163: Основное место работы | G163: Виробничий (ООН) | H163: Монтажник з монтажу сталевих та залізобетонних конструкцій | I163: 01.09.2023
B164: 2289516805 | C164: Павленко Володимир Федорович | D164: 2218422874 | E164: Трудовой договор | F164: Основное место работы | G164: Виробничий (Крушинка) | H164: Монтажник з монтажу сталевих та залізобетонних конструкцій | I164: 21.06.2023
B165: 56 | C165: Павлов Олег Євгенович | D165: 2583617833 | E165: Трудовой договор | F165: Основное место работы | G165: Адміністративний відділ | H165: Завідувач господарством | I165: 23.11.2018
B166: 2289516843 | C166: Паламарчук Віталій Олександрович | D166: 3525016911 | E166: Трудовой договор | F166: Основное место работы | G166: Виробничий (Крушинка) | H166: Бетоняр | I166: 04.10.2023
B167: 59 | C167: Паламарчук Вячеслав Володимирович | D167: 3230316597 | E167: Трудовой договор | F167: Основное место работы | G167: Виробничий (Цех металоконструкцій) | H167: Електрозварник ручного зварювання | I167: 22.12.2023
B168: 2289516839 | C168: Пальчик Олена Валентинівна | D168: 2710222868 | E168: Трудовой договор | F168: Основное место работы | G168: Адміністративний відділ | H168: Бухгалтер | I168: 01.10.2023
B169: 61 | C169: Парнєва Олена Вікторівна | D169: 2938511042 | E169: Трудовой договор | F169: Основное место работы | G169: Адміністративний відділ | H169: Діловод | I169: 09.02.2024
B170: д000000004 | C170: Пасічник Андрій Сергійович | D170: 2983015610 | E170: Договор подряда (выполнение работ, оказание услуг)
...

Sheet Лист1
B2: N | C2: Работник (основное назначение) | D2: Период взаиморасчетов | E2: Счет учета | F2: Сумма | G2: Сумма (окр.) | J2: Админ
B3: 1 | C3: Аксенчіков Сергій Олександрович | D3: 01.07.2024 | E3: 661 | F3: 4326 | H3: =MATCH(I3,#REF!,0) -> #REF! | I3: =TRIM(C3) -> Аксенчіков Сергій Олександрович | J3: 1
B4: 2 | C4: Бабіленко Микола Олександрович | D4: 01.07.2024 | E4: 661 | F4: 3990 | H4: =MATCH(I4,#REF!,0) -> #REF! | I4: =TRIM(C4) -> Бабіленко Микола Олександрович | K4: =INDEX(Лист2!D:D,MATCH(C4,Лист2!C:C,0)) -> 2564424513
B5: 3 | C5: Багацький Вадим Геннадійович | D5: 01.07.2024 | E5: 661 | F5: 3990 | H5: =MATCH(I5,#REF!,0) -> #REF! | I5: =TRIM(C5) -> Багацький Вадим Геннадійович | K5: =INDEX(Лист2!D:D,MATCH(C5,Лист2!C:C,0)) -> 3247506159
B6: 4 | C6: Бреус Віталій Григорович | D6: 01.07.2024 | E6: 661 | F6: 5417.99 | H6: =MATCH(I6,#REF!,0) -> #REF! | I6: =TRIM(C6) -> Бреус Віталій Григорович | J6: 1
B7: 5 | C7: Бутенко Матвій Анатолійович | D7: 01.07.2024 | E7: 661 | F7: 4326 | H7: =MATCH(I7,#REF!,0) -> #REF! | I7: =TRIM(C7) -> Бутенко Матвій Анатолійович | J7: 1
B8: 6 | C8: Васильєв Віталій Юрійович | D8: 01.07.2024 | E8: 661 | F8: 3990 | H8: =MATCH(I8,#REF!,0) -> #REF! | I8: =TRIM(C8) -> Васильєв Віталій Юрійович | K8: =INDEX(Лист2!D:D,MATCH(C8,Лист2!C:C,0)) -> 3746304158
B9: 7 | C9: Власенко В'ячеслав Валентинович | D9: 01.07.2024 | E9: 661 | F9: 3990 | H9: =MATCH(I9,#REF!,0) -> #REF! | I9: =TRIM(C9) -> Власенко В'ячеслав Валентинович | K9: =INDEX(Лист2!D:D,MATCH(C9,Лист2!C:C,0)) -> 2831710277
B10: 8 | C10: Горєлов Микита Євгенович | D10: 01.07.2024 | E10: 661 | F10: 2660 | H10: =MATCH(I10,#REF!,0) -> #REF! | I10: =TRIM(C10) -> Горєлов Микита Євгенович | K10: =INDEX(Лист2!D:D,MATCH(C10,Лист2!C:C,0)) -> 3596200395
B11: 9 | C11: Григор'єв Микола Андрійович | D11: 01.07.2024 | E11: 661 | F11: 1662.5 | H11: =MATCH(I11,#REF!,0) -> #REF! | I11: =TRIM(C11) -> Григор'єв Микола Андрійович | K11: =INDEX(Лист2!D:D,MATCH(C11,Лист2!C:C,0)) -> 3422005391
B12: 10 | C12: Григор'єв Михайло Андрійович | D12: 01.07.2024 | E12: 661 | F12: 3990 | H12: =MATCH(I12,#REF!,0) -> #REF! | I12: =TRIM(C12) -> Григор'єв Михайло Андрійович | K12: =INDEX(Лист2!D:D,MATCH(C12,Лист2!C:C,0)) -> 3720407672
B13: 11 | C13: Григоренко Олександр Миколайович | D13: 01.07.2024 | E13: 661 | F13: 3990 | H13: =MATCH(I13,#REF!,0) -> #REF! | I13: =TRIM(C13) -> Григоренко Олександр Миколайович | K13: =INDEX(Лист2!D:D,MATCH(C13,Лист2!C:C,0)) -> 2436600937
B14: 12 | C14: Гриценко Олександр Вікторович | D14: 01.07.2024 | E14: 661 | F14: 5197.5 | H14: =MATCH(I14,#REF!,0) -> #REF! | I14: =TRIM(C14) -> Гриценко Олександр Вікторович | J14: 1
B15: 13 | C15: Грушко Лариса Вікторівна | D15: 01.07.2024 | E15: 661 | F15: 4427.5 | H15: =MATCH(I15,#REF!,0) -> #REF! | I15: =TRIM(C15) -> Грушко Лариса Вікторівна | J15: 1
B16: 14 | C16: Дехтяр Владислав Олександрович | D16: 01.07.2024 | E16: 661 | F16: 3990 | H16: =MATCH(I16,#REF!,0) -> #REF! | I16: =#REF! -> #REF! | K16: =INDEX(Лист2!D:D,MATCH(C16,Лист2!C:C,0)) -> 3374502899
B17: 15 | C17: Желтяков Ігор Юрійович | D17: 01.07.2024 | E17: 661 | F17: 3990 | H17: =MATCH(I17,#REF!,0) -> #REF! | I17: =TRIM(C17) -> Желтяков Ігор Юрійович | K17: =INDEX(Лист2!D:D,MATCH(C17,Лист2!C:C,0)) -> 2637303953
B18: 16 | C18: Іванов Олексій Вікторович | D18: 01.07.2024 | E18: 661 | F18: 3990 | H18: =MATCH(I18,#REF!,0) -> #REF! | I18: =TRIM(C18) -> Іванов Олексій Вікторович | K18: =INDEX(Лист2!D:D,MATCH(C18,Лист2!C:C,0)) -> 3705902230
B19: 17 | C19: Іскрицький Денис Русланович | D19: 01.07.2024 | E19: 661 | F19: 3990 | H19: =MATCH(I19,#REF!,0) -> #REF! | I19: =TRIM(C19) -> Іскрицький Денис Русланович | K19: =INDEX(Лист2!D:D,MATCH(C19,Лист2!C:C,0)) -> 3779110293
B20: 18 | C20: Кіфор Юрій Михайлович | D20: 01.07.2024 | E20: 661 | F20: 3990.02 | H20: =MATCH(I20,#REF!,0) -> #REF! | I20: =TRIM(C20) -> Кіфор Юрій Михайлович | K20: =INDEX(Лист2!D:D,MATCH(C20,Лист2!C:C,0)) -> 2521518612
B21: 19 | C21: Корнієнко Станіслав Володимирович | D21: 01.07.2024 | E21: 661 | F21: 3428.01 | H21: =MATCH(I21,#REF!,0) -> #REF! | I21: =C21 -> Корнієнко Станіслав Володимирович | K21: =INDEX(Лист2!D:D,MATCH(C21,Лист2!C:C,0)) -> 2579305831
B22: 20 | C22: Масливець Ігор Валерійович | D22: 01.07.2024 | E22: 661 | F22: 3990 | H22: =MATCH(I22,#REF!,0) -> #REF! | I22: =TRIM(C22) -> Масливець Ігор Валерійович | K22: =INDEX(Лист2!D:D,MATCH(C22,Лист2!C:C,0)) -> 2880313812
B23: 21 | C23: Мельниченко Максим Вікторович | D23: 01.07.2024 | E23: 661 | F23: 6650 | H23: =MATCH(I23,#REF!,0) -> #REF! | I23: =TRIM(C23) -> Мельниченко Максим Вікторович | K23: =INDEX(Лист2!D:D,MATCH(C23,Лист2!C:C,0)) -> 3348501613
B24: 22 | C24: Мороз Віталій Миколайович | D24: 01.07.2024 | E24: 661 | F24: 6650 | H24: =MATCH(I24,#REF!,0) -> #REF! | I24: =TRIM(C24) -> Мороз Віталій Миколайович | K24: =INDEX(Лист2!D:D,MATCH(C24,Лист2!C:C,0)) -> 3216804294
B25: 23 | C25: Нестерук Сергій Петрович | D25: 01.07.2024 | E25: 661 | F25: 3990.02 | H25: =MATCH(I25,#REF!,0) -> #REF! | I25: =TRIM(C25) -> Нестерук Сергій Петрович | K25: =INDEX(Лист2!D:D,MATCH(C25,Лист2!C:C,0)) -> 3283102618
B26: 24 | C26: Паламарчук Вячеслав Володимирович | D26: 01.07.2024 | E26: 661 | F26: 3990 | H26: =MATCH(I26,#REF!,0) -> #REF! | I26: =TRIM(C26) -> Паламарчук Вячеслав Володимирович | K26: =INDEX(Лист2!D:D,MATCH(C26,Лист2!C:C,0)) -> 3230316597
B27: 25 | C27: Парнєва Олена Вікторівна | D27: 01.07.2024 | E27: 661 | F27: 840 | H27: =MATCH(I27,#REF!,0) -> #REF! | I27: =TRIM(C27) -> Парнєва Олена Вікторівна | K27: =INDEX(Лист2!D:D,MATCH(C27,Лист2!C:C,0)) -> 2938511042
B28: 26 | C28: Пилипчук Олександр Анатолійович | D28: 01.07.2024 | E28: 661 | F28: 3990 | H28: =MATCH(I28,#REF!,0) -> #REF! | I28: =TRIM(C28) -> Пилипчук Олександр Анатолійович | K28: =INDEX(Лист2!D:D,MATCH(C28,Лист2!C:C,0)) -> 3067218612
B29: 27 | C29: Поліщук Олександр Олександрович | D29: 01.07.2024 | E29: 661 | F29: 3990 | H29: =MATCH(I29,#REF!,0) -> #REF! | I29: =TRIM(C29) -> Поліщук Олександр Олександрович | K29: =INDEX(Лист2!D:D,MATCH(C29,Лист2!C:C,0)) -> 3289716153
B30: 28 | C30: Пономаренко Віталій Вікторович | D30: 01.07.2024 | E30: 661 | F30: 3990 | H30: =MATCH(I30,#REF!,0) -> #REF! | I30: =TRIM(C30) -> Пономаренко Віталій Вікторович | K30: =INDEX(Лист2!D:D,MATCH(C30,Лист2!C:C,0)) -> 3185119514
B31: 29 | C31: Пономаренко Олександр Вікторович | D31: 01.07.2024 | E31: 661 | F31: 5460 | H31: =MATCH(I31,#REF!,0) -> #REF! | I31: =TRIM(C31) -> Пономаренко Олександр Вікторович | K31: =INDEX(Лист2!D:D,MATCH(C31,Лист2!C:C,0)) -> 2944519172
B32: 30 | C32: Пономарьов Микола Вікторович | D32: 01.07.2024 | E32: 661 | F32: 3990 | H32: =MATCH(I32,#REF!,0) -> #REF! | I32: =TRIM(C32) -> Пономарьов Микола Вікторович | K32: =INDEX(Лист2!D:D,MATCH(C32,Лист2!C:C,0)) -> 3008300898
B33: 31 | C33: Понуркін Євген Григорович | D33: 01.07.2024 | E33: 661 | F33: 3990 | H33: =MATCH(I33,#REF!,0) -> #REF! | I33: =TRIM(C33) -> Понуркін Євген Григорович | K33: =INDEX(Лист2!D:D,MATCH(C33,Лист2!C:C,0)) -> 3005702873
... B38: 36 | C38: Скрипник Сергій Павлович | D38: 01.07.2024 | E38: 661 | F38: 5460 | H38: =MATCH(I38,#REF!,0) -> #REF! | I38: =TRIM(C38) -> Скрипник Сергій Павлович | K38: =INDEX(Лист2!D:D,MATCH(C38,Лист2!C:C,0)) -> 3219619831
B39: 37 | C39: Стецюк Тетяна Леонідівна | D39: 01.07.2024 | E39: 661 | F39: 5460 | H39: =MATCH(I39,#REF!,0) -> #REF! | I39: =TRIM(C39) -> Стецюк Тетяна Леонідівна | J39: 1
B40: 38 | C40: Тужиков Валерій Владиславович (осн.) | D40: 01.07.2024 | E40: 661 | F40: 3990 | H40: =MATCH(I40,#REF!,0) -> #REF! | I40: =#REF! -> #REF! | K40: =INDEX(Лист2!D:D,MATCH(C40,Лист2!C:C,0)) -> 3233009756
B41: 39 | C41: Тужиков Юрій Владиславович | D41: 01.07.2024 | E41: 661 | F41: 3324.99 | H41: =MATCH(I41,#REF!,0) -> #REF! | I41: =TRIM(C41) -> Тужиков Юрій Владиславович | K41: =INDEX(Лист2!D:D,MATCH(C41,Лист2!C:C,0)) -> 3153508799
B42: 40 | C42: Федорчук Денис Сергійович | D42: 01.07.2024 | E42: 661 | F42: 1995 | H42: =MATCH(I42,#REF!,0) -> #REF! | I42: =TRIM(C42) -> Федорчук Денис Сергійович | K42: =INDEX(Лист2!D:D,MATCH(C42,Лист2!C:C,0)) -> 3428705315
B43: 41 | C43: Чілібін Микола Євгенович | D43: 01.07.2024 | E43: 661 | F43: 5460 | H43: =MATCH(I43,#REF!,0) -> #REF! | I43: =TRIM(C43) -> Чілібін Микола Євгенович | J43: 1
B44: 42 | C44: Чуб Владислав Володимирович | D44: 01.07.2024 | E44: 661 | F44: 840 | H44: =MATCH(I44,#REF!,0) -> #REF! | I44: =TRIM(C44) -> Чуб Владислав Володимирович | K44: =INDEX(Лист2!D:D,MATCH(C44,Лист2!C:C,0)) -> 2858519154
B45: 43 | C45: Щербак Петро Іванович | D45: 01.07.2024 | E45: 661 | F45: 4620 | H45: =MATCH(I45,#REF!,0) -> #REF! | I45: =C45 -> Щербак Петро Іванович | K45: =INDEX(Лист2!D:D,MATCH(C45,Лист2!C:C,0)) -> 2537500655
E46: Итого: | F46: 172635.53

Sheet Табель цех 01 по 15 липня
A1: N | B1: Сотрудник | C1: Удержание за обеды на объекте | D1: виплати на картку за період 1-15.07.25 | E1: ЗП 1-15.07.25 | F1: Сальдо на -30.06.2025 | G1: до виплати | H1: Сальдо на 15.07.2025 | I1: Відпрацьовано годин | J1: ставка | K1: ЦО | L1: IRS | M1: катеринопіль | N1: мк нежин | O1: МД ВООЗ ЕМС | P1: ООН 2025 | Q1: червоний хрест | R1: укрнафта | S1: кернел | T1: глобино | U1: франківськ | V1: перевірка | W1: ЦО | X1: IRS | Y1: катеринопіль | Z1: мк нежин | AA1: МД ВООЗ ЕМС | AB1: ООН 2025 | AC1: червоний хрест | AD1: укрнафта | AE1: кернел | AF1: глобино | AG1: франківськ | AH1: перевірка
A2: 1 | B2: Скрипник Сергій Павлович | D2: 5045.17 | E2: =I2*J2 -> 25740 | F2: =VLOOKUP(B2,'[1]Табель цех 01 по 15 червня'!$B$2:$H$77,7,FALSE) -> -44.08 | G2: =ROUND(E2-D2,-2) -> 20700 | H2: =F2+E2-D2-G2-C2 -> -49.25 | I2: =Цо!AH2+IRS!AH2+Катеринополь!AH2+'Мк нежин'!AH2+'ЕМС Вооз'!AH2+ООН!AN2+'Червоний хрест'!AH2+Укрнафта!AJ2+Кернел!AO2+'Глобино Мк'!AH2+'МД Франківськ'!AH2 -> 143 | J2: 180 | K2: =VLOOKUP(B2,Цо!$B$2:$AH$74,33,FALSE) -> 0 | L2: =VLOOKUP(B2,IRS!$B$2:$AH$73,33,FALSE) -> 22 | M2: =VLOOKUP(B2,Катеринополь!$B$1:$AH$73,33,FALSE) -> 0 | N2: =VLOOKUP(B2,'Мк нежин'!$B$2:$AH$73,33,FALSE) -> 0 | O2: =VLOOKUP(B2,'ЕМС Вооз'!$B$2:$AH$73,33,FALSE) -> 33 | P2: =VLOOKUP(B2,ООН!$H$2:$AN$73,33,FALSE) -> 88 | Q2: =VLOOKUP(B2,'Червоний хрест'!$B$2:$AH$73,33,FALSE) -> 0 | R2: =VLOOKUP(B2,Укрнафта!$D$2:$AJ$73,33,FALSE) -> 0 | S2: =VLOOKUP(B2,Кернел!$I$2:$AO$73,33,FALSE) -> 0 | T2: =VLOOKUP(B2,'Глобино Мк'!$B$2:$AH$73,33,FALSE) -> 0 | U2: =VLOOKUP(B2,'МД Франківськ'!$B$2:$AH$73,33,FALSE) -> 0 | V2: =SUM(K2:U2) -> 143 | W2: =K2/$I2*$G2 -> 0 | X2: =L2/$I2*$G2 -> 3184.6154 | Y2: =M2/$I2*$G2 -> 0 | Z2: =N2/$I2*$G2 -> 0 | AA2: =O2/$I2*$G2 -> 4776.9231 | AB2: =P2/$I2*$G2 -> 12738.462 | AC2: =Q2/$I2*$G2 -> 0 | AD2: =R2/$I2*$G2 -> 0 | ... AG2: =U2/$I2*$G2 -> 0 | AH2: =SUM(W2:AG2) -> 20700
A3: 2 | B3: Багацький Вадим Геннадійович | D3: 3756.26 | E3: =I3*J3 -> 17400 | F3: =VLOOKUP(B3,'[1]Табель цех 01 по 15 червня'!$B$2:$H$77,7,FALSE) -> 20.25 | G3: =ROUND(E3-D3,-2) -> 13600 | H3: =F3+E3-D3-G3-C3 -> 63.99 | I3: =Цо!AH3+IRS!AH3+Катеринополь!AH3+'Мк нежин'!AH3+'ЕМС Вооз'!AH3+ООН!AN3+'Червоний хрест'!AH3+Укрнафта!AJ3+Кернел!AO3+'Глобино Мк'!AH3+'МД Франківськ'!AH3 -> 116 | J3: 150 | K3: =VLOOKUP(B3,Цо!$B$2:$AH$74,33,FALSE) -> 0 | L3: =VLOOKUP(B3,IRS!$B$2:$AH$73,33,FALSE) -> 11 | M3: =VLOOKUP(B3,Катеринополь!$B$1:$AH$73,33,FALSE) -> 11 | N3: =VLOOKUP(B3,'Мк нежин'!$B$2:$AH$73,33,FALSE) -> 77 | O3: =VLOOKUP(B3,'ЕМС Вооз'!$B$2:$AH$73,33,FALSE) -> 0 | P3: =VLOOKUP(B3,ООН!$H$2:$AN$73,33,FALSE) -> 0 | Q3: =VLOOKUP(B3,'Червоний хрест'!$B$2:$AH$73,33,FALSE) -> 0 | R3: =VLOOKUP(B3,Укрнафта!$D$2:$AJ$73,33,FALSE) -> 0 | S3: =VLOOKUP(B3,Кернел!$I$2:$AO$73,33,FALSE) -> 0 | T3: =VLOOKUP(B3,'Глобино Мк'!$B$2:$AH$73,33,FALSE) -> 0 | U3: =VLOOKUP(B3,'МД Франківськ'!$B$2:$AH$73,33,FALSE) -> 17 | V3: =SUM(K3:U3) -> 116 | W3: =K3/$I3*$G3 -> 0 | X3: =L3/$I3*$G3 -> 1289.6552 | Y3: =M3/$I3*$G3 -> 1289.6552 | Z3: =N3/$I3*$G3 -> 9027.5862 | AA3: =O3/$I3*$G3 -> 0 | AB3: =P3/$I3*$G3 -> 0 | AC3: =Q3/$I3*$G3 -> 0 | AD3: =R3/$I3*$G3 -> 0 | ... AG3: =U3/$I3*$G3 -> 1993.1034 | AH3: =SUM(W3:AG3) -> 13600
A4: 3 | B4: Васильєв Віталій Юрійович | D4: 3756.26 | E4: =I4*J4 -> 49800 | F4: =VLOOKUP(B4,'[1]Табель цех 01 по 15 червня'!$B$2:$H$77,7,FALSE) -> 37.26 | G4: =ROUND(E4-D4,-2) -> 46000 | H4: =F4+E4-D4-G4-C4 -> 81 | I4: =Цо!AH4+IRS!AH4+Катеринополь!AH4+'Мк нежин'!AH4+'ЕМС Вооз'!AH4+ООН!AN4+'Червоний хрест'!AH4+Укрнафта!AJ4+Кернел!AO4+'Глобино Мк'!AH4+'МД Франківськ'!AH4 -> 332 | J4: 150 | K4: =VLOOKUP(B4,Цо!$B$2:$AH$74,33,FALSE) -> 0 | L4: =VLOOKUP(B4,IRS!$B$2:$AH$73,33,FALSE) -> 0 | M4: =VLOOKUP(B4,Катеринополь!$B$1:$AH$73,33,FALSE) -> 0 | N4: =VLOOKUP(B4,'Мк нежин'!$B$2:$AH$73,33,FALSE) -> 11 | O4: =VLOOKUP(B4,'ЕМС Вооз'!$B$2:$AH$73,33,FALSE) -> 9 | P4: =VLOOKUP(B4,ООН!$H$2:$AN$73,33,FALSE) -> 120 | Q4: =VLOOKUP(B4,'Червоний хрест'!$B$2:$AH$73,33,FALSE) -> 192 | R4: =VLOOKUP(B4,Укрнафта!$D$2:$AJ$73,33,FALSE) -> 0 | S4: =VLOOKUP(B4,Кернел!$I$2:$AO$73,33,FALSE) -> 0 | T4: =VLOOKUP(B4,'Глобино Мк'!$B$2:$AH$73,33,FALSE) -> 0 | U4: =VLOOKUP(B4,'МД Франківськ'!$B$2:$AH$73,33,FALSE) -> 0 | V4: =SUM(K4:U4) -> 332 | W4: =K4/$I4*$G4 -> 0 | X4: =L4/$I4*$G4 -> 0 | Y4: =M4/$I4*$G4 -> 0 | Z4: =N4/$I4*$G4 -> 1524.0964 | AA4: =O4/$I4*$G4 -> 1246.988 | AB4: =P4/$I4*$G4 -> 16626.506 | AC4: =Q4/$I4*$G4 -> 26602.41 | AD4: =R4/$I4*$G4 -> 0 | ... AG4: =U4/$I4*$G4 -> 0 | AH4: =SUM(W4:AG4) -> 46000
A5: 4 | B5: Григоренко Олександр Миколайович | D5: 3756.26 | E5: =I5*J5 -> 16500 | F5: =VLOOKUP(B5,'[1]Табель цех 01 по 15 червня'!$B$2:$H$77,7,FALSE) -> -29.75 | G5: =ROUND(E5-D5,-2) -> 12700 | H5: =F5+E5-D5-G5-C5 -> 13.99 | I5: =Цо!AH5+IRS!AH5+Катеринополь!AH5+'Мк нежин'!AH5+'ЕМС Вооз'!AH5+ООН!AN5+'Червоний хрест'!AH5+Укрнафта!AJ5+Кернел!AO5+'Глобино Мк'!AH5+'МД Франківськ'!AH5 -> 110 | J5: 150 | K5: =VLOOKUP(B5,Цо!$B$2:$AH$74,33,FALSE) -> 0 | L5: =VLOOKUP(B5,IRS!$B$2:$AH$73,33,FALSE) -> 0 | M5: =VLOOKUP(B5,Катеринополь!$B$1:$AH$73,33,FALSE) -> 0 | N5: =VLOOKUP(B5,'Мк нежин'!$B$2:$AH$73,33,FALSE) -> 11 | O5: =VLOOKUP(B5,'ЕМС Вооз'!$B$2:$AH$73,33,FALSE) -> 11 | P5: =VLOOKUP(B5,ООН!$H$2:$AN$73,33,FALSE) -> 88 | Q5: =VLOOKUP(B5,'Червоний хрест'!$B$2:$AH$73,33,FALSE) -> 0 | R5: =VLOOKUP(B5,Укрнафта!$D$2:$AJ$73,33,FALSE) -> 0 | S5: =VLOOKUP(B5,Кернел!$I$2:$AO$73,33,FALSE) -> 0 | T5: =VLOOKUP(B5,'Глобино Мк'!$B$2:$AH$73,33,FALSE) -> 0 | U5: =VLOOKUP(B5,'МД Франківськ'!$B$2:$AH$73,33,FALSE) -> 0 | V5: =SUM(K5:U5) -> 110 | W5: =K5/$I5*$G5 -> 0 | X5: =L5/$I5*$G5 -> 0 | Y5: =M5/$I5*$G5 -> 0 | Z5: =N5/$I5*$G5 -> 1270 | AA5: =O5/$I5*$G5 -> 1270 | AB5: =P5/$I5*$G5 -> 10160 | AC5: =Q5/$I5*$G5 -> 0 | AD5: =R5/$I5*$G5 -> 0 | ... AG5: =U5/$I5*$G5 -> 0 | AH5: =SUM(W5:AG5) -> 12700
A6: 5 | B6: Григорьєв Микола | D6: 3756.26 | E6: =I6*J6 -> 21150 | F6: =VLOOKUP(B6,'[1]Табель цех 01 по 15 червня'!$B$2:$H$77,7,FALSE) -> -30.05 | G6: =ROUND(E6-D6,-2) -> 17400 | H6: =F6+E6-D6-G6-C6 -> -36.31 | I6: =Цо!AH6+IRS!AH6+Катеринополь!AH6+'Мк нежин'!AH6+'ЕМС Вооз'!AH6+ООН!AN6+'Червоний хрест'!AH6+Укрнафта!AJ6+Кернел!AO6+'Глобино Мк'!AH6+'МД Франківськ'!AH6 -> 141 | J6: 150 | K6: =VLOOKUP(B6,Цо!$B$2:$AH$74,33,FALSE) -> 0 | L6: =VLOOKUP(B6,IRS!$B$2:$AH$73,33,FALSE) -> 22 | M6: =VLOOKUP(B6,Катеринополь!$B$1:$AH$73,33,FALSE) -> 0 | N6: =VLOOKUP(B6,'Мк нежин'!$B$2:$AH$73,33,FALSE) -> 22 | O6: =VLOOKUP(B6,'ЕМС Вооз'!$B$2:$AH$73,33,FALSE) -> 42 | P6: =VLOOKUP(B6,ООН!$H$2:$AN$73,33,FALSE) -> 55 | Q6: =VLOOKUP(B6,'Червоний хрест'!$B$2:$AH$73,33,FALSE) -> 0 | R6: =VLOOKUP(B6,Укрнафта!$D$2:$AJ$73,33,FALSE) -> 0 | S6: =VLOOKUP(B6,Кернел!$I$2:$AO$73,33,FALSE) -> 0 | T6: =VLOOKUP(B6,'Глобино Мк'!$B$2:$AH$73,33,FALSE) -> 0 | U6: =VLOOKUP(B6,'МД Франківськ'!$B$2:$AH$73,33,FALSE) -> 0 | V6: =SUM(K6:U6) -> 141 | W6: =K6/$I6*$G6 -> 0 | X6: =L6/$I6*$G6 -> 2714.8936 | Y6: =M6/$I6*$G6 -> 0 | Z6: =N6/$I6*$G6 -> 2714.8936 | AA6: =O6/$I6*$G6 -> 5182.9787 | AB6: =P6/$I6*$G6 -> 6787.234 | AC6: =Q6/$I6*$G6 -> 0 | AD6: =R6/$I6*$G6 -> 0 | ... AG6: =U6/$I6*$G6 -> 0 | AH6: =SUM(W6:AG6) -> 17400
A7: 6 | B7: Григор'єв Михайло Андрійович | D7: 3756.26 | E7: =I7*J7 -> 17850 | F7: =VLOOKUP(B7,'[1]Табель цех 01 по 15 червня'!$B$2:$H$77,7,FALSE) -> -33.34 | G7: =ROUND(E7-D7,-2) -> 14100 | H7: =F7+E7-D7-G7-C7 -> -39.6 | I7: =Цо!AH7+IRS!AH7+Катеринополь!AH7+'Мк нежин'!AH7+'ЕМС Вооз'!AH7+ООН!AN7+'Червоний хрест'!AH7+Укрнафта!AJ7+Кернел!AO7+'Глобино Мк'!AH7+'МД Франківськ'!AH7 -> 119 | J7: 150 | K7: =VLOOKUP(B7,Цо!$B$2:$AH$74,33,FALSE) -> 0 | L7: =VLOOKUP(B7,IRS!$B$2:$AH$73,33,FALSE) -> 22 | M7: =VLOOKUP(B7,Катеринополь!$B$1:$AH$73,33,FALSE) -> 0 | N7: =VLOOKUP(B7,'Мк нежин'!$B$2:$AH$73,33,FALSE) -> 11 | O7: =VLOOKUP(B7,'ЕМС Вооз'!$B$2:$AH$73,33,FALSE) -> 42 | P7: =VLOOKUP(B7,ООН!$H$2:$AN$73,33,FALSE) -> 44 | Q7: =VLOOKUP(B7,'Червоний хрест'!$B$2:$AH$73,33,FALSE) -> 0 | R7: =VLOOKUP(B7,Укрнафта!$D$2:$AJ$73,33,FALSE) -> 0 | S7: =VLOOKUP(B7,Кернел!$I$2:$AO$73,33,FALSE) -> 0 | T7: =VLOOKUP(B7,'Глобино Мк'!$B$2:$AH$73,33,FALSE) -> 0 | U7: =VLOOKUP(B7,'МД Франківськ'!$B$2:$AH$73,33,FALSE) -> 0 | V7: =SUM(K7:U7) -> 119 | W7: =K7/$I7*$G7 -> 0 | X7: =L7/$I7*$G7 -> 2606.7227 | Y7: =M7/$I7*$G7 -> 0 | Z7: =N7/$I7*$G7 -> 1303.3613 | AA7: =O7/$I7*$G7 -> 4976.4706 | AB7: =P7/$I7*$G7 -> 5213.4454 | AC7: =Q7/$I7*$G7 -> 0 | AD7: =R7/$I7*$G7 -> 0 | ... AG7: =U7/$I7*$G7 -> 0 | AH7: =SUM(W7:AG7) -> 14100
A8: 7 | B8: Іванов Олексій Вікторович | D8: 3756.26 | E8: =I8*J8 -> 30900 | F8: =VLOOKUP(B8,'[1]Табель цех 01 по 15 червня'!$B$2:$H$77,7,FALSE) -> 13.46 | G8: =ROUND(E8-D8,-2) -> 27100 | H8: =F8+E8-D8-G8-C8 -> 57.2 | I8: =Цо!AH8+IRS!AH8+Катеринополь!AH8+'Мк нежин'!AH8+'ЕМС Вооз'!AH8+ООН!AN8+'Червоний хрест'!AH8+Укрнафта!AJ8+Кернел!AO8+'Глобино Мк'!AH8+'МД Франківськ'!AH8 -> 206 | J8: 150 | K8: =VLOOKUP(B8,Цо!$B$2:$AH$74,33,FALSE) -> 0 | L8: =VLOOKUP(B8,IRS!$B$2:$AH$73,33,FALSE) -> 0 | M8: =VLOOKUP(B8,Катеринополь!$B$1:$AH$73,33,FALSE) -> 77 | N8: =VLOOKUP(B8,'Мк нежин'!$B$2:$AH$73,33,FALSE) -> 9 | O8: =VLOOKUP(B8,'ЕМС Вооз'!$B$2:$AH$73,33,FALSE) -> 0 | P8: =VLOOKUP(B8,ООН!$H$2:$AN$73,33,FALSE) -> 120 | Q8: =VLOOKUP(B8,'Червоний хрест'!$B$2:$AH$73,33,FALSE) -> 0 | R8: =VLOOKUP(B8,Укрнафта!$D$2:$AJ$73,33,FALSE) -> 0 | S8: =VLOOKUP(B8,Кернел!$I$2:$AO$73,33,FALSE) -> 0 | T8: =VLOOKUP(B8,'Глобино Мк'!$B$2:$AH$73,33,FALSE) -> 0 | U8: =VLOOKUP(B8,'МД Франківськ'!$B$2:$AH$73,33,FALSE) -> 0 | V8: =SUM(K8:U8) -> 206 | W8: =K8/$I8*$G8 -> 0 | X8: =L8/$I8*$G8 -> 0 | Y8: =M8/$I8*$G8 -> 10129.612 | Z8: =N8/$I8*$G8 -> 1183.9806 | AA8: =O8/$I8*$G8 -> 0 | AB8: =P8/$I8*$G8 -> 15786.408 | AC8: =Q8/$I8*$G8 -> 0 | AD8: =R8/$I8*$G8 -> 0 | ... AG8: =U8/$I8*$G8 -> 0 | AH8: =SUM(W8:AG8) -> 27100
A9: 8 | B9: Іскрицький Денис Русланович | D9: 3756.26 | E9: =I9*J9 -> 33450 | F9: =VLOOKUP(B9,'[1]Табель цех 01 по 15 червня'!$B$2:$H$77,7,FALSE) -> 0.25 | G9: =ROUND(E9-D9,-2) -> 29700 | H9: =F9+E9-D9-G9-C9 -> -6.01 | I9: =Цо!AH9+IRS!AH9+Катеринополь!AH9+'Мк нежин'!AH9+'ЕМС Вооз'!AH9+ООН!AN9+'Червоний хрест'!AH9+Укрнафта!AJ9+Кернел!AO9+'Глобино Мк'!AH9+'МД Франківськ'!AH9 -> 223 | J9: 150 | K9: =VLOOKUP(B9,Цо!$B$2:$AH$74,33,FALSE) -> 0 | L9: =VLOOKUP(B9,IRS!$B$2:$AH$73,33,FALSE) -> 0 | M9: =VLOOKUP(B9,Катеринополь!$B$1:$AH$73,33,FALSE) -> 0 | N9: =VLOOKUP(B9,'Мк нежин'!$B$2:$AH$73,33,FALSE) -> 11 | O9: =VLOOKUP(B9,'ЕМС Вооз'!$B$2:$AH$73,33,FALSE) -> 9 | P9: =VLOOKUP(B9,ООН!$H$2:$AN$73,33,FALSE) -> 0 | Q9: =VLOOKUP(B9,'Червоний хрест'!$B$2:$AH$73,33,FALSE) -> 192 | R9: =VLOOKUP(B9,Укрнафта!$D$2:$AJ$73,33,FALSE) -> 0 | S9: =VLOOKUP(B9,Кернел!$I$2:$AO$73,33,FALSE) -> 0 | T9: =VLOOKUP(B9,'Глобино Мк'!$B$2:$AH$73,33,FALSE) -> 11 | U9: =VLOOKUP(B9,'МД Франківськ'!$B$2:$AH$73,33,FALSE) -> 0 | V9: =SUM(K9:U9) -> 223 | W9: =K9/$I9*$G9 -> 0 | X9: =L9/$I9*$G9 -> 0 | Y9: =M9/$I9*$G9 -> 0 | Z9: =N9/$I9*$G9 -> 1465.0224 | AA9: =O9/$I9*$G9 -> 1198.6547 | AB9: =P9/$I9*$G9 -> 0 | AC9: =Q9/$I9*$G9 -> 25571.3 | AD9: =R9/$I9*$G9 -> 0 | ... AG9: =U9/$I9*$G9 -> 0 | AH9: =SUM(W9:AG9) -> 29700
A10: 9 | B10: Корнієнко Станіслав Володимирович | D10: 3756.26 | E10: =I10*J10 -> 19050 | F10: =VLOOKUP(B10,'[1]Табель цех 01 по 15 червня'!$B$2:$H$77,7,FALSE) -> 13.04 | G10: =ROUND(E10-D10,-2) -> 15300 | H10: =F10+E10-D10-G10-C10 -> 6.78 | I10: =Цо!AH10+IRS!AH10+Катеринополь!AH10+'Мк нежин'!AH10+'ЕМС Вооз'!AH10+ООН!AN10+'Червоний хрест'!AH10+Укрнафта!AJ10+Кернел!AO10+'Глобино Мк'!AH10+'МД Франківськ'!AH10 -> 127 | J10: 150 | K10: =VLOOKUP(B10,Цо!$B$2:$AH$74,33,FALSE) -> 0 | L10: =VLOOKUP(B10,IRS!$B$2:$AH$73,33,FALSE) -> 11 | M10: =VLOOKUP(B10,Катеринополь!$B$1:$AH$73,33,FALSE) -> 22 | N10: =VLOOKUP(B10,'Мк нежин'!$B$2:$AH$73,33,FALSE) -> 44 | O10: =VLOOKUP(B10,'ЕМС Вооз'!$B$2:$AH$73,33,FALSE) -> 0 | P10: =VLOOKUP(B10,ООН!$H$2:$AN$73,33,FALSE) -> 0 | Q10: =VLOOKUP(B10,'Червоний хрест'!$B$2:$AH$73,33,FALSE) -> 0 | R10: =VLOOKUP(B10,Укрнафта!$D$2:$AJ$73,33,FALSE) -> 0 | S10: =VLOOKUP(B10,Кернел!$I$2:$AO$73,33,FALSE) -> 0 | T10: =VLOOKUP(B10,'Глобино Мк'!$B$2:$AH$73,33,FALSE) -> 50 | U10: =VLOOKUP(B10,'МД Франківськ'!$B$2:$AH$73,33,FALSE) -> 0 | V10: =SUM(K10:U10) -> 127 | W10: =K10/$I10*$G10 -> 0 | X10: =L10/$I10*$G10 -> 1325.1969 | Y10: =M10/$I10*$G10 -> 2650.3937 | Z10: =N10/$I10*$G10 -> 5300.7874 | AA10: =O10/$I10*$G10 -> 0 | AB10: =P10/$I10*$G10 -> 0 | AC10: =Q10/$I10*$G10 -> 0 | AD10: =R10/$I10*$G10 -> 0 | ... AG10: =U10/$I10*$G10 -> 0 | AH10: =SUM(W10:AG10) -> 15300
A11: 10 | B11: Масливець Ігор Валерійович | D11: 3756.26 | E11: =I11*J11 -> 19050 | F11: =VLOOKUP(B11,'[1]Табель цех 01 по 15 червня'!$B$2:$H$77,7,FALSE) -> 19.95 | G11: =ROUND(E11-D11,-2) -> 15300 | H11: =F11+E11-D11-G11-C11 -> 13.69 | I11: =Цо!AH11+IRS!AH11+Катеринополь!AH11+'Мк нежин'!AH11+'ЕМС Вооз'!AH11+ООН!AN11+'Червоний хрест'!AH11+Укрнафта!AJ11+Кернел!AO11+'Глобино Мк'!AH11+'МД Франківськ'!AH11 -> 127 | J11: 150 | K11: =VLOOKUP(B11,Цо!$B$2:$AH$74,33,FALSE) -> 11 | L11: =VLOOKUP(B11,IRS!$B$2:$AH$73,33,FALSE) -> 11 | M11: =VLOOKUP(B11,Катеринополь!$B$1:$AH$73,33,FALSE) -> 0 | N11: =VLOOKUP(B11,'Мк нежин'!$B$2:$AH$73,33,FALSE) -> 22 | O11: =VLOOKUP(B11,'ЕМС Вооз'!$B$2:$AH$73,33,FALSE) -> 17 | P11: =VLOOKUP(B11,ООН!$H$2:$AN$73,33,FALSE) -> 44 | Q11: =VLOOKUP(B11,'Червоний хрест'!$B$2:$AH$73,33,FALSE) -> 0 | R11: =VLOOKUP(B11,Укрнафта!$D$2:$AJ$73,33,FALSE) -> 11 | S11: =VLOOKUP(B11,Кернел!$I$2:$AO$73,33,FALSE) -> 0 | T11: =VLOOKUP(B11,'Глобино Мк'!$B$2:$AH$73,33,FALSE) -> 0 | U11: =VLOOKUP(B11,'МД Франківськ'!$B$2:$AH$73,33,FALSE) -> 11 | V11: =SUM(K11:U11) -> 127 | W11: =K11/$I11*$G11 -> 1325.1969 | X11: =L11/$I11*$G11 -> 1325.1969 | Y11: =M11/$I11*$G11 -> 0 | Z11: =N11/$I11*$G11 -> 2650.3937 | AA11: =O11/$I11*$G11 -> 2048.0315 | AB11: =P11/$I11*$G11 -> 5300.7874 | AC11: =Q11/$I11*$G11 -> 0 | AD11: =R11/$I11*$G11 -> 1325.1969 | ... AG11: =U11/$I11*$G11 -> 1325.1969 | AH11: =SUM(W11:AG11) -> 15300
A12: 11 | B12: Пономаренко Віталій Вікторович | D12: 3756.26 | E12: =I12*J12 -> 20880 | F12: =VLOOKUP(B12,'[1]Табель цех 01 по 15 червня'!$B$2:$H$77,7,FALSE) -> -29.75 | G12: =ROUND(E12-D12,-2) -> 17100 | H12: =F12+E12-D12-G12-C12 -> -6.01 | I12: =Цо!AH12+IRS!AH12+Катеринополь!AH12+'Мк нежин'!AH12+'ЕМС Вооз'!AH12+ООН!AN12+'Червоний хрест'!AH12+Укрнафта!AJ12+Кернел!AO12+'Глобино Мк'!AH12+'МД Франківськ'!AH12 -> 116 | J12: 180 | K12: =VLOOKUP(B12,Цо!$B$2:$AH$74,33,FALSE) -> 0 | L12: =VLOOKUP(B12,IRS!$B$2:$AH$73,33,FALSE) -> 61 | M12: =VLOOKUP(B12,Катеринополь!$B$1:$AH$73,33,FALSE) -> 0 | N12: =VLOOKUP(B12,'Мк нежин'!$B$2:$AH$73,33,FALSE) -> 0 | O12: =VLOOKUP(B12,'ЕМС Вооз'!$B$2:$AH$73,33,FALSE) -> 0 | P12: =VLOOKUP(B12,ООН!$H$2:$AN$73,33,FALSE) -> 0 | Q12: =VLOOKUP(B12,'Червоний хрест'!$B$2:$AH$73,33,FALSE) -> 0 | R12: =VLOOKUP(B12,Укрнафта!$D$2:$AJ$73,33,FALSE) -> 0 | S12: =VLOOKUP(B12,Кернел!$I$2:$AO$73,33,FALSE) -> 0 | T12: =VLOOKUP(B12,'Глобино Мк'!$B$2:$AH$73,33,FALSE) -> 11 | U12: =VLOOKUP(B12,'МД Франківськ'!$B$2:$AH$73,33,FALSE) -> 44 | V12: =SUM(K12:U12) -> 116 | W12: =K12/$I12*$G12 -> 0 | X12: =L12/$I12*$G12 -> 8992.2414 | Y12: =M12/$I12*$G12 -> 0 | Z12: =N12/$I12*$G12 -> 0 | AA12: =O12/$I12*$G12 -> 0 | AB12: =P12/$I12*$G12 -> 0 | AC12: =Q12/$I12*$G12 -> 0 | AD12: =R12/$I12*$G12 -> 0 | ... AG12: =U12/$I12*$G12 -> 6486.2069 | AH12: =SUM(W12:AG12) -> 17100
A13: 12 | B13: Скрипник Олександр Павлович | D13: 3756.26 | E13: =I13*J13 -> 18450 | F13: =VLOOKUP(B13,'[1]Табель цех 01 по 15 червня'!$B$2:$H$77,7,FALSE) -> -40 | G13: =ROUND(E13-D13,-2) -> 14700 | H13: =F13+E13-D13-G13-C13 -> -46.26 | I13: =Цо!AH13+IRS!AH13+Катеринополь!AH13+'Мк нежин'!AH13+'ЕМС Вооз'!AH13+ООН!AN13+'Червоний хрест'!AH13+Укрнафта!AJ13+Кернел!AO13+'Глобино Мк'!AH13+'МД Франківськ'!AH13 -> 123 | J13: 150 | K13: =VLOOKUP(B13,Цо!$B$2:$AH$74,33,FALSE) -> 0 | L13: =VLOOKUP(B13,IRS!$B$2:$AH$73,33,FALSE) -> 11 | M13: =VLOOKUP(B13,Катеринополь!$B$1:$AH$73,33,FALSE) -> 0 | N13: =VLOOKUP(B13,'Мк нежин'!$B$2:$AH$73,33,FALSE) -> 11 | O13: =VLOOKUP(B13,'ЕМС Вооз'!$B$2:$AH$73,33,FALSE) -> 18 | P13: =VLOOKUP(B13,ООН!$H$2:$AN$73,33,FALSE) -> 50 | Q13: =VLOOKUP(B13,'Червоний хрест'!$B$2:$AH$73,33,FALSE) -> 0 | R13: =VLOOKUP(B13,Укрнафта!$D$2:$AJ$73,33,FALSE) -> 33 | S13: =VLOOKUP(B13,Кернел!$I$2:$AO$73,33,FALSE) -> 0 | T13: =VLOOKUP(B13,'Глобино Мк'!$B$2:$AH$73,33,FALSE) -> 0 | U13: =VLOOKUP(B13,'МД Франківськ'!$B$2:$AH$73,33,FALSE) -> 0 | V13: =SUM(K13:U13) -> 123 | W13: =K13/$I13*$G13 -> 0 | X13: =L13/$I13*$G13 -> 1314.6341 | Y13: =M13/$I13*$G13 -> 0 | Z13: =N13/$I13*$G13 -> 1314.6341 | AA13: =O13/$I13*$G13 -> 2151.2195 | AB13: =P13/$I13*$G13 -> 5975.6098 | AC13: =Q13/$I13*$G13 -> 0 | AD13: =R13/$I13*$G13 -> 3943.9024 | ... AG13: =U13/$I13*$G13 -> 0 | AH13: =SUM(W13:AG13) -> 14700
... A24: 23 | B24: Серебренніков Володимир Олександрович | D24: 3756.26 | E24: =I24*J24 -> 13500 | F24: =VLOOKUP(B24,'[1]Табель цех 01 по 15 червня'!$B$2:$H$77,7,FALSE) -> 39.62 | G24: =ROUND(E24-D24,-2) -> 9700 | H24: =F24+E24-D24-G24-C24 -> 83.36 | I24: =Цо!AH24+IRS!AH24+Катеринополь!AH24+'Мк нежин'!AH24+'ЕМС Вооз'!AH24+ООН!AN24+'Червоний хрест'!AH24+Укрнафта!AJ24+Кернел!AO24+'Глобино Мк'!AH24+'МД Франківськ'!AH24 -> 90 | J24: 150 | K24: =VLOOKUP(B24,Цо!$B$2:$AH$74,33,FALSE) -> 0 | L24: =VLOOKUP(B24,IRS!$B$2:$AH$73,33,FALSE) -> 13 | M24: =VLOOKUP(B24,Катеринополь!$B$1:$AH$73,33,FALSE) -> 0 | N24: =VLOOKUP(B24,'Мк нежин'!$B$2:$AH$73,33,FALSE) -> 33 | O24: =VLOOKUP(B24,'ЕМС Вооз'!$B$2:$AH$73,33,FALSE) -> 0 | P24: =VLOOKUP(B24,ООН!$H$2:$AN$73,33,FALSE) -> 33 | Q24: =VLOOKUP(B24,'Червоний хрест'!$B$2:$AH$73,33,FALSE) -> 0 | R24: =VLOOKUP(B24,Укрнафта!$D$2:$AJ$73,33,FALSE) -> 11 | S24: =VLOOKUP(B24,Кернел!$I$2:$AO$73,33,FALSE) -> 0 | T24: =VLOOKUP(B24,'Глобино Мк'!$B$2:$AH$73,33,FALSE) -> 0 | U24: =VLOOKUP(B24,'МД Франківськ'!$B$2:$AH$73,33,FALSE) -> 0 | V24: =SUM(K24:U24) -> 90 | W24: =K24/$I24*$G24 -> 0 | X24: =L24/$I24*$G24 -> 1401.1111 | Y24: =M24/$I24*$G24 -> 0 | Z24: =N24/$I24*$G24 -> 3556.6667 | AA24: =O24/$I24*$G24 -> 0 | AB24: =P24/$I24*$G24 -> 3556.6667 | AC24: =Q24/$I24*$G24 -> 0 | AD24: =R24/$I24*$G24 -> 1185.5556 | ... AG24: =U24/$I24*$G24 -> 0 | AH24: =SUM(W24:AG24) -> 9700
A25: 24 | B25: Чешко Сергій Анатолійович | E25: =I25*J25 -> 7200 | F25: =VLOOKUP(B25,'[1]Табель цех 01 по 15 червня'!$B$2:$H$77,7,FALSE) -> -32 | G25: =ROUND(E25-D25,-2) -> 7200 | H25: =F25+E25-D25-G25-C25 -> -32 | I25: =Цо!AH25+IRS!AH25+Катеринополь!AH25+'Мк нежин'!AH25+'ЕМС Вооз'!AH25+ООН!AN25+'Червоний хрест'!AH25+Укрнафта!AJ25+Кернел!AO25+'Глобино Мк'!AH25+'МД Франківськ'!AH25 -> 48 | J25: 150 | K25: =VLOOKUP(B25,Цо!$B$2:$AH$74,33,FALSE) -> 0 | L25: =VLOOKUP(B25,IRS!$B$2:$AH$73,33,FALSE) -> 0 | M25: =VLOOKUP(B25,Катеринополь!$B$1:$AH$73,33,FALSE) -> 0 | N25: =VLOOKUP(B25,'Мк нежин'!$B$2:$AH$73,33,FALSE) -> 0 | O25: =VLOOKUP(B25,'ЕМС Вооз'!$B$2:$AH$73,33,FALSE) -> 48 | P25: =VLOOKUP(B25,ООН!$H$2:$AN$73,33,FALSE) -> 0 | Q25: =VLOOKUP(B25,'Червоний хрест'!$B$2:$AH$73,33,FALSE) -> 0 | R25: =VLOOKUP(B25,Укрнафта!$D$2:$AJ$73,33,FALSE) -> 0 | S25: =VLOOKUP(B25,Кернел!$I$2:$AO$73,33,FALSE) -> 0 | T25: =VLOOKUP(B25,'Глобино Мк'!$B$2:$AH$73,33,FALSE) -> 0 | U25: =VLOOKUP(B25,'МД Франківськ'!$B$2:$AH$73,33,FALSE) -> 0 | V25: =SUM(K25:U25) -> 48 | W25: =K25/$I25*$G25 -> 0 | X25: =L25/$I25*$G25 -> 0 | Y25: =M25/$I25*$G25 -> 0 | Z25: =N25/$I25*$G25 -> 0 | AA25: =O25/$I25*$G25 -> 7200 | AB25: =P25/$I25*$G25 -> 0 | AC25: =Q25/$I25*$G25 -> 0 | AD25: =R25/$I25*$G25 -> 0 | ... AG25: =U25/$I25*$G25 -> 0 | AH25: =SUM(W25:AG25) -> 7200
A26: 25 | B26: Нерезенко Євгеній Віктоорович | E26: =I26*J26 -> 0 | F26: =VLOOKUP(B26,'[1]Табель цех 01 по 15 червня'!$B$2:$H$77,7,FALSE) -> 0 | G26: =ROUND(E26-D26,-2) -> 0 | H26: =F26+E26-D26-G26-C26 -> 0 | I26: =Цо!AH26+IRS!AH26+Катеринополь!AH26+'Мк нежин'!AH26+'ЕМС Вооз'!AH26+ООН!AN26+'Червоний хрест'!AH26+Укрнафта!AJ26+Кернел!AO26+'Глобино Мк'!AH26+'МД Франківськ'!AH26 -> 0 | J26: 150 | K26: =VLOOKUP(B26,Цо!$B$2:$AH$74,33,FALSE) -> 0 | L26: =VLOOKUP(B26,IRS!$B$2:$AH$73,33,FALSE) -> 0 | M26: =VLOOKUP(B26,Катеринополь!$B$1:$AH$73,33,FALSE) -> 0 | N26: =VLOOKUP(B26,'Мк нежин'!$B$2:$AH$73,33,FALSE) -> 0 | O26: =VLOOKUP(B26,'ЕМС Вооз'!$B$2:$AH$73,33,FALSE) -> 0 | P26: =VLOOKUP(B26,ООН!$H$2:$AN$73,33,FALSE) -> 0 | Q26: =VLOOKUP(B26,'Червоний хрест'!$B$2:$AH$73,33,FALSE) -> 0 | R26: =VLOOKUP(B26,Укрнафта!$D$2:$AJ$73,33,FALSE) -> 0 | S26: =VLOOKUP(B26,Кернел!$I$2:$AO$73,33,FALSE) -> 0 | T26: =VLOOKUP(B26,'Глобино Мк'!$B$2:$AH$73,33,FALSE) -> 0 | U26: =VLOOKUP(B26,'МД Франківськ'!$B$2:$AH$73,33,FALSE) -> 0 | V26: =SUM(K26:U26) -> 0 | AH26: =SUM(W26:AG26) -> 0
A27: 26 | B27: Шавкун Максим Анатолійович | E27: =I27*J27 -> 7200 | F27: 0 | G27: =ROUND(E27-D27,-2) -> 7200 | H27: =F27+E27-D27-G27-C27 -> 0 | I27: =Цо!AH27+IRS!AH27+Катеринополь!AH27+'Мк нежин'!AH27+'ЕМС Вооз'!AH27+ООН!AN27+'Червоний хрест'!AH27+Укрнафта!AJ27+Кернел!AO27+'Глобино Мк'!AH27+'МД Франківськ'!AH27 -> 48 | J27: 150 | K27: =VLOOKUP(B27,Цо!$B$2:$AH$74,33,FALSE) -> 0 | L27: =VLOOKUP(B27,IRS!$B$2:$AH$73,33,FALSE) -> 0 | M27: =VLOOKUP(B27,Катеринополь!$B$1:$AH$73,33,FALSE) -> 0 | N27: =VLOOKUP(B27,'Мк нежин'!$B$2:$AH$73,33,FALSE) -> 0 | O27: =VLOOKUP(B27,'ЕМС Вооз'!$B$2:$AH$73,33,FALSE) -> 48 | P27: =VLOOKUP(B27,ООН!$H$2:$AN$73,33,FALSE) -> 0 | Q27: =VLOOKUP(B27,'Червоний хрест'!$B$2:$AH$73,33,FALSE) -> 0 | R27: =VLOOKUP(B27,Укрнафта!$D$2:$AJ$73,33,FALSE) -> 0 | S27: =VLOOKUP(B27,Кернел!$I$2:$AO$73,33,FALSE) -> 0 | T27: =VLOOKUP(B27,'Глобино Мк'!$B$2:$AH$73,33,FALSE) -> 0 | U27: =VLOOKUP(B27,'МД Франківськ'!$B$2:$AH$73,33,FALSE) -> 0 | V27: =SUM(K27:U27) -> 48 | W27: =K27/$I27*$G27 -> 0 | X27: =L27/$I27*$G27 -> 0 | Y27: =M27/$I27*$G27 -> 0 | Z27: =N27/$I27*$G27 -> 0 | AA27: =O27/$I27*$G27 -> 7200 | AB27: =P27/$I27*$G27 -> 0 | AC27: =Q27/$I27*$G27 -> 0 | AD27: =R27/$I27*$G27 -> 0 | ... AG27: =U27/$I27*$G27 -> 0 | AH27: =SUM(W27:AG27) -> 7200
A28: 27 | B28: Чуйко Олег Олегович | D28: 3756.26 | E28: =I28*J28 -> 20250 | F28: =VLOOKUP(B28,'[1]Табель цех 01 по 15 червня'!$B$2:$H$77,7,FALSE) -> -30 | G28: =ROUND(E28-D28,-2) -> 16500 | H28: =F28+E28-D28-G28-C28 -> -36.26 | I28: =Цо!AH28+IRS!AH28+Катеринополь!AH28+'Мк нежин'!AH28+'ЕМС Вооз'!AH28+ООН!AN28+'Червоний хрест'!AH28+Укрнафта!AJ28+Кернел!AO28+'Глобино Мк'!AH28+'МД Франківськ'!AH28 -> 135 | J28: 150 | K28: =VLOOKUP(B28,Цо!$B$2:$AH$74,33,FALSE) -> 0 | L28: =VLOOKUP(B28,IRS!$B$2:$AH$73,33,FALSE) -> 11 | M28: =VLOOKUP(B28,Катеринополь!$B$1:$AH$73,33,FALSE) -> 0 | N28: =VLOOKUP(B28,'Мк нежин'!$B$2:$AH$73,33,FALSE) -> 11 | O28: =VLOOKUP(B28,'ЕМС Вооз'!$B$2:$AH$73,33,FALSE) -> 30 | P28: =VLOOKUP(B28,ООН!$H$2:$AN$73,33,FALSE) -> 83 | Q28: =VLOOKUP(B28,'Червоний хрест'!$B$2:$AH$73,33,FALSE) -> 0 | R28: =VLOOKUP(B28,Укрнафта!$D$2:$AJ$73,33,FALSE) -> 0 | S28: =VLOOKUP(B28,Кернел!$I$2:$AO$73,33,FALSE) -> 0 | T28: =VLOOKUP(B28,'Глобино Мк'!$B$2:$AH$73,33,FALSE) -> 0 | U28: =VLOOKUP(B28,'МД Франківськ'!$B$2:$AH$73,33,FALSE) -> 0 | V28: =SUM(K28:U28) -> 135 | W28: =K28/$I28*$G28 -> 0 | X28: =L28/$I28*$G28 -> 1344.4444 | Y28: =M28/$I28*$G28 -> 0 | Z28: =N28/$I28*$G28 -> 1344.4444 | AA28: =O28/$I28*$G28 -> 3666.6667 | AB28: =P28/$I28*$G28 -> 10144.444 | AC28: =Q28/$I28*$G28 -> 0 | AD28: =R28/$I28*$G28 -> 0 | ... AG28: =U28/$I28*$G28 -> 0 | AH28: =SUM(W28:AG28) -> 16500
A29: 28 | B29: Салюк Дмитро Андрійович | E29: =I29*J29 -> 13950 | F29: =VLOOKUP(B29,'[1]Табель цех 01 по 15 червня'!$B$2:$H$77,7,FALSE) -> -30 | G29: =ROUND(E29-D29,-2) -> 14000 | H29: =F29+E29-D29-G29-C29 -> -80 | I29: =Цо!AH29+IRS!AH29+Катеринополь!AH29+'Мк нежин'!AH29+'ЕМС Вооз'!AH29+ООН!AN29+'Червоний хрест'!AH29+Укрнафта!AJ29+Кернел!AO29+'Глобино Мк'!AH29+'МД Франківськ'!AH29 -> 93 | J29: 150 | K29: =VLOOKUP(B29,Цо!$B$2:$AH$74,33,FALSE) -> 0 | L29: =VLOOKUP(B29,IRS!$B$2:$AH$73,33,FALSE) -> 11 | M29: =VLOOKUP(B29,Катеринополь!$B$1:$AH$73,33,FALSE) -> 0 | N29: =VLOOKUP(B29,'Мк нежин'!$B$2:$AH$73,33,FALSE) -> 6 | O29: =VLOOKUP(B29,'ЕМС Вооз'!$B$2:$AH$73,33,FALSE) -> 0 | P29: =VLOOKUP(B29,ООН!$H$2:$AN$73,33,FALSE) -> 43 | Q29: =VLOOKUP(B29,'Червоний хрест'!$B$2:$AH$73,33,FALSE) -> 0 | R29: =VLOOKUP(B29,Укрнафта!$D$2:$AJ$73,33,FALSE) -> 33 | S29: =VLOOKUP(B29,Кернел!$I$2:$AO$73,33,FALSE) -> 0 | T29: =VLOOKUP(B29,'Глобино Мк'!$B$2:$AH$73,33,FALSE) -> 0 | U29: =VLOOKUP(B29,'МД Франківськ'!$B$2:$AH$73,33,FALSE) -> 0 | V29: =SUM(K29:U29) -> 93 | W29: =K29/$I29*$G29 -> 0 | X29: =L29/$I29*$G29 -> 1655.914 | Y29: =M29/$I29*$G29 -> 0 | Z29: =N29/$I29*$G29 -> 903.22581 | AA29: =O29/$I29*$G29 -> 0 | AB29: =P29/$I29*$G29 -> 6473.1183 | AC29: =Q29/$I29*$G29 -> 0 | AD29: =R29/$I29*$G29 -> 4967.7419 | ... AG29: =U29/$I29*$G29 -> 0 | AH29: =SUM(W29:AG29) -> 14000
A30: 29 | B30: Маковецький Юрій Миколайович | D30: 1878.13 | E30: =I30*J30 -> 16500 | F30: =VLOOKUP(B30,'[1]Табель цех 01 по 15 червня'!$B$2:$H$77,7,FALSE) -> -8.34 | G30: =ROUND(E30-D30,-2) -> 14600 | H30: =F30+E30-D30-G30-C30 -> 13.53 | I30: =Цо!AH30+IRS!AH30+Катеринополь!AH30+'Мк нежин'!AH30+'ЕМС Вооз'!AH30+ООН!AN30+'Червоний хрест'!AH30+Укрнафта!AJ30+Кернел!AO30+'Глобино Мк'!AH30+'МД Франківськ'!AH30 -> 110 | J30: 150 | K30: =VLOOKUP(B30,Цо!$B$2:$AH$74,33,FALSE) -> 0 | L30: =VLOOKUP(B30,IRS!$B$2:$AH$73,33,FALSE) -> 11 | M30: =VLOOKUP(B30,Катеринополь!$B$1:$AH$73,33,FALSE) -> 55 | N30: =VLOOKUP(B30,'Мк нежин'!$B$2:$AH$73,33,FALSE) -> 11 | O30: =VLOOKUP(B30,'ЕМС Вооз'!$B$2:$AH$73,33,FALSE) -> 0 | P30: =VLOOKUP(B30,ООН!$H$2:$AN$73,33,FALSE) -> 11 | Q30: =VLOOKUP(B30,'Червоний хрест'!$B$2:$AH$73,33,FALSE) -> 0 | R30: =VLOOKUP(B30,Укрнафта!$D$2:$AJ$73,33,FALSE) -> 0 | S30: =VLOOKUP(B30,Кернел!$I$2:$AO$73,33,FALSE) -> 0 | T30: =VLOOKUP(B30,'Глобино Мк'!$B$2:$AH$73,33,FALSE) -> 22 | U30: =VLOOKUP(B30,'МД Франківськ'!$B$2:$AH$73,33,FALSE) -> 0 | V30: =SUM(K30:U30) -> 110 | W30: =K30/$I30*$G30 -> 0 | X30: =L30/$I30*$G30 -> 1460 | Y30: =M30/$I30*$G30 -> 7300 | Z30: =N30/$I30*$G30 -> 1460 | AA30: =O30/$I30*$G30 -> 0 | AB30: =P30/$I30*$G30 -> 1460 | AC30: =Q30/$I30*$G30 -> 0 | AD30: =R30/$I30*$G30 -> 0 | ... AG30: =U30/$I30*$G30 -> 0 | AH30: =SUM(W30:AG30) -> 14600
A31: 30 | B31: Міненко Олександр Андрійович | E31: =I31*J31 -> 7200 | F31: =VLOOKUP(B31,'[1]Табель цех 01 по 15 червня'!$B$2:$H$77,7,FALSE) -> 0 | G31: =ROUND(E31-D31,-2) -> 7200 | H31: =F31+E31-D31-G31-C31 -> 0 | I31: =Цо!AH31+IRS!AH31+Катеринополь!AH31+'Мк нежин'!AH31+'ЕМС Вооз'!AH31+ООН!AN31+'Червоний хрест'!AH31+Укрнафта!AJ31+Кернел!AO31+'Глобино Мк'!AH31+'МД Франківськ'!AH31 -> 48 | J31: 150 | K31: =VLOOKUP(B31,Цо!$B$2:$AH$74,33,FALSE) -> 0 | L31: =VLOOKUP(B31,IRS!$B$2:$AH$73,33,FALSE) -> 0 | M31: =VLOOKUP(B31,Катеринополь!$B$1:$AH$73,33,FALSE) -> 0 | N31: =VLOOKUP(B31,'Мк нежин'!$B$2:$AH$73,33,FALSE) -> 0 | O31: =VLOOKUP(B31,'ЕМС Вооз'!$B$2:$AH$73,33,FALSE) -> 48 | P31: =VLOOKUP(B31,ООН!$H$2:$AN$73,33,FALSE) -> 0 | Q31: =VLOOKUP(B31,'Червоний хрест'!$B$2:$AH$73,33,FALSE) -> 0 | R31: =VLOOKUP(B31,Укрнафта!$D$2:$AJ$73,33,FALSE) -> 0 | S31: =VLOOKUP(B31,Кернел!$I$2:$AO$73,33,FALSE) -> 0 | T31: =VLOOKUP(B31,'Глобино Мк'!$B$2:$AH$73,33,FALSE) -> 0 | U31: =VLOOKUP(B31,'МД Франківськ'!$B$2:$AH$73,33,FALSE) -> 0 | V31: =SUM(K31:U31) -> 48 | W31: =K31/$I31*$G31 -> 0 | X31: =L31/$I31*$G31 -> 0 | Y31: =M31/$I31*$G31 -> 0 | Z31: =N31/$I31*$G31 -> 0 | AA31: =O31/$I31*$G31 -> 7200 | AB31: =P31/$I31*$G31 -> 0 | AC31: =Q31/$I31*$G31 -> 0 | AD31: =R31/$I31*$G31 -> 0 | ... AG31: =U31/$I31*$G31 -> 0 | AH31: =SUM(W31:AG31) -> 7200
A32: 31 | B32: Салій Дмитро Миколайович | E32: =I32*J32 -> 0 | F32: =VLOOKUP(B32,'[1]Табель цех 01 по 15 червня'!$B$2:$H$77,7,FALSE) -> 0 | G32: =ROUND(E32-D32,-2) -> 0 | H32: =F32+E32-D32-G32-C32 -> 0 | I32: =Цо!AH32+IRS!AH32+Катеринополь!AH32+'Мк нежин'!AH32+'ЕМС Вооз'!AH32+ООН!AN32+'Червоний хрест'!AH32+Укрнафта!AJ32+Кернел!AO32+'Глобино Мк'!AH32+'МД Франківськ'!AH32 -> 0 | J32: 150 | K32: =VLOOKUP(B32,Цо!$B$2:$AH$74,33,FALSE) -> 0 | L32: =VLOOKUP(B32,IRS!$B$2:$AH$73,33,FALSE) -> 0 | M32: =VLOOKUP(B32,Катеринополь!$B$1:$AH$73,33,FALSE) -> 0 | N32: =VLOOKUP(B32,'Мк нежин'!$B$2:$AH$73,33,FALSE) -> 0 | O32: =VLOOKUP(B32,'ЕМС Вооз'!$B$2:$AH$73,33,FALSE) -> 0 | P32: =VLOOKUP(B32,ООН!$H$2:$AN$73,33,FALSE) -> 0 | Q32: =VLOOKUP(B32,'Червоний хрест'!$B$2:$AH$73,33,FALSE) -> 0 | R32: =VLOOKUP(B32,Укрнафта!$D$2:$AJ$73,33,FALSE) -> 0 | S32: =VLOOKUP(B32,Кернел!$I$2:$AO$73,33,FALSE) -> 0 | T32: =VLOOKUP(B32,'Глобино Мк'!$B$2:$AH$73,33,FALSE) -> 0 | U32: =VLOOKUP(B32,'МД Франківськ'!$B$2:$AH$73,33,FALSE) -> 0 | V32: =SUM(K32:U32) -> 0 | AH32: =SUM(W32:AG32) -> 0
A33: 32 | B33: Різніченко Олег Олександрович | E33: =I33*J33 -> 12000 | F33: =VLOOKUP(B33,'[1]Табель цех 01 по 15 червня'!$B$2:$H$77,7,FALSE) -> -30 | G33: =ROUND(E33-D33,-2) -> 12000 | H33: =F33+E33-D33-G33-C33 -> -30 | I33: =Цо!AH33+IRS!AH33+Катеринополь!AH33+'Мк нежин'!AH33+'ЕМС Вооз'!AH33+ООН!AN33+'Червоний хрест'!AH33+Укрнафта!AJ33+Кернел!AO33+'Глобино Мк'!AH33+'МД Франківськ'!AH33 -> 80 | J33: 150 | K33: =VLOOKUP(B33,Цо!$B$2:$AH$74,33,FALSE) -> 0 | L33: =VLOOKUP(B33,IRS!$B$2:$AH$73,33,FALSE) -> 9 | M33: =VLOOKUP(B33,Катеринополь!$B$1:$AH$73,33,FALSE) -> 9 | N33: =VLOOKUP(B33,'Мк нежин'!$B$2:$AH$73,33,FALSE) -> 62 | O33: =VLOOKUP(B33,'ЕМС Вооз'!$B$2:$AH$73,33,FALSE) -> 0 | P33: =VLOOKUP(B33,ООН!$H$2:$AN$73,33,FALSE) -> 0 | Q33: =VLOOKUP(B33,'Червоний хрест'!$B$2:$AH$73,33,FALSE) -> 0 | R33: =VLOOKUP(B33,Укрнафта!$D$2:$AJ$73,33,FALSE) -> 0 | S33: =VLOOKUP(B33,Кернел!$I$2:$AO$73,33,FALSE) -> 0 | T33: =VLOOKUP(B33,'Глобино Мк'!$B$2:$AH$73,33,FALSE) -> 0 | U33: =VLOOKUP(B33,'МД Франківськ'!$B$2:$AH$73,33,FALSE) -> 0 | V33: =SUM(K33:U33) -> 80 | W33: =K33/$I33*$G33 -> 0 | X33: =L33/$I33*$G33 -> 1350 | Y33: =M33/$I33*$G33 -> 1350 | Z33: =N33/$I33*$G33 -> 9300 | AA33: =O33/$I33*$G33 -> 0 | AB33: =P33/$I33*$G33 -> 0 | AC33: =Q33/$I33*$G33 -> 0 | AD33: =R33/$I33*$G33 -> 0 | ... AG33: =U33/$I33*$G33 -> 0 | AH33: =SUM(W33:AG33) -> 12000
A34: 33 | B34: Рогозовець Андрій Вікторович | D34: 3756.26 | E34: =I34*J34 -> 21600 | F34: =VLOOKUP(B34,'[1]Табель цех 01 по 15 червня'!$B$2:$H$77,7,FALSE) -> -30 | G34: =ROUND(E34-D34,-2) -> 17800 | H34: =F34+E34-D34-G34-C34 -> 13.74 | I34: =Цо!AH34+IRS!AH34+Катеринополь!AH34+'Мк нежин'!AH34+'ЕМС Вооз'!AH34+ООН!AN34+'Червоний хрест'!AH34+Укрнафта!AJ34+Кернел!AO34+'Глобино Мк'!AH34+'МД Франківськ'!AH34 -> 144 | J34: 150 | K34: =VLOOKUP(B34,Цо!$B$2:$AH$74,33,FALSE) -> 0 | L34: =VLOOKUP(B34,IRS!$B$2:$AH$73,33,FALSE) -> 53 | M34: =VLOOKUP(B34,Катеринополь!$B$1:$AH$73,33,FALSE) -> 0 | N34: =VLOOKUP(B34,'Мк нежин'!$B$2:$AH$73,33,FALSE) -> 11 | O34: =VLOOKUP(B34,'ЕМС Вооз'!$B$2:$AH$73,33,FALSE) -> 7 | P34: =VLOOKUP(B34,ООН!$H$2:$AN$73,33,FALSE) -> 0 | Q34: =VLOOKUP(B34,'Червоний хрест'!$B$2:$AH$73,33,FALSE) -> 0 | R34: =VLOOKUP(B34,Укрнафта!$D$2:$AJ$73,33,FALSE) -> 0 | S34: =VLOOKUP(B34,Кернел!$I$2:$AO$73,33,FALSE) -> 0 | T34: =VLOOKUP(B34,'Глобино Мк'!$B$2:$AH$73,33,FALSE) -> 0 | U34: =VLOOKUP(B34,'МД Франківськ'!$B$2:$AH$73,33,FALSE) -> 73 | V34: =SUM(K34:U34) -> 144 | W34: =K34/$I34*$G34 -> 0 | X34: =L34/$I34*$G34 -> 6551.3889 | Y34: =M34/$I34*$G34 -> 0 | Z34: =N34/$I34*$G34 -> 1359.7222 | AA34: =O34/$I34*$G34 -> 865.27778 | AB34: =P34/$I34*$G34 -> 0 | AC34: =Q34/$I34*$G34 -> 0 | AD34: =R34/$I34*$G34 -> 0 | ... AG34: =U34/$I34*$G34 -> 9023.6111 | AH34: =SUM(W34:AG34) -> 17800
A35: 34 | B35: Старков Кирило Юрійович | E35: =I35*J35 -> 0 | F35: =VLOOKUP(B35,'[1]Табель цех 01 по 15 червня'!$B$2:$H$77,7,FALSE) -> 0 | G35: =ROUND(E35-D35,-2) -> 0 | H35: =F35+E35-D35-G35-C35 -> 0 | I35: =Цо!AH35+IRS!AH35+Катеринополь!AH35+'Мк нежин'!AH35+'ЕМС Вооз'!AH35+ООН!AN35+'Червоний хрест'!AH35+Укрнафта!AJ35+Кернел!AO35+'Глобино Мк'!AH35+'МД Франківськ'!AH35 -> 0 | J35: 150 | K35: =VLOOKUP(B35,Цо!$B$2:$AH$74,33,FALSE) -> 0 | L35: =VLOOKUP(B35,IRS!$B$2:$AH$73,33,FALSE) -> 0 | M35: =VLOOKUP(B35,Катеринополь!$B$1:$AH$73,33,FALSE) -> 0 | N35: =VLOOKUP(B35,'Мк нежин'!$B$2:$AH$73,33,FALSE) -> 0 | O35: =VLOOKUP(B35,'ЕМС Вооз'!$B$2:$AH$73,33,FALSE) -> 0 | P35: =VLOOKUP(B35,ООН!$H$2:$AN$73,33,FALSE) -> 0 | Q35: =VLOOKUP(B35,'Червоний хрест'!$B$2:$AH$73,33,FALSE) -> 0 | R35: =VLOOKUP(B35,Укрнафта!$D$2:$AJ$73,33,FALSE) -> 0 | S35: =VLOOKUP(B35,Кернел!$I$2:$AO$73,33,FALSE) -> 0 | T35: =VLOOKUP(B35,'Глобино Мк'!$B$2:$AH$73,33,FALSE) -> 0 | U35: =VLOOKUP(B35,'МД Франківськ'!$B$2:$AH$73,33,FALSE) -> 0 | V35: =SUM(K35:U35) -> 0 | AH35: =SUM(W35:AG35) -> 0
A36: 35 | B36: Зубахін Сергій Александрович | E36: =I36*J36 -> 3600 | F36: =VLOOKUP(B36,'[1]Табель цех 01 по 15 червня'!$B$2:$H$77,7,FALSE) -> 0 | G36: =ROUND(E36-D36,-2) -> 3600 | H36: =F36+E36-D36-G36-C36 -> 0 | I36: =Цо!AH36+IRS!AH36+Катеринополь!AH36+'Мк нежин'!AH36+'ЕМС Вооз'!AH36+ООН!AN36+'Червоний хрест'!AH36+Укрнафта!AJ36+Кернел!AO36+'Глобино Мк'!AH36+'МД Франківськ'!AH36 -> 24 | J36: 150 | K36: =VLOOKUP(B36,Цо!$B$2:$AH$74,33,FALSE) -> 0 | L36: =VLOOKUP(B36,IRS!$B$2:$AH$73,33,FALSE) -> 0 | M36: =VLOOKUP(B36,Катеринополь!$B$1:$AH$73,33,FALSE) -> 0 | N36: =VLOOKUP(B36,'Мк нежин'!$B$2:$AH$73,33,FALSE) -> 0 | O36: =VLOOKUP(B36,'ЕМС Вооз'!$B$2:$AH$73,33,FALSE) -> 24 | P36: =VLOOKUP(B36,ООН!$H$2:$AN$73,33,FALSE) -> 0 | Q36: =VLOOKUP(B36,'Червоний хрест'!$B$2:$AH$73,33,FALSE) -> 0 | R36: =VLOOKUP(B36,Укрнафта!$D$2:$AJ$73,33,FALSE) -> 0 | S36: =VLOOKUP(B36,Кернел!$I$2:$AO$73,33,FALSE) -> 0 | T36: =VLOOKUP(B36,'Глобино Мк'!$B$2:$AH$73,33,FALSE) -> 0 | U36: =VLOOKUP(B36,'МД Франківськ'!$B$2:$AH$73,33,FALSE) -> 0 | V36: =SUM(K36:U36) -> 24 | W36: =K36/$I36*$G36 -> 0 | X36: =L36/$I36*$G36 -> 0 | Y36: =M36/$I36*$G36 -> 0 | Z36: =N36/$I36*$G36 -> 0 | AA36: =O36/$I36*$G36 -> 3600 | AB36: =P36/$I36*$G36 -> 0 | AC36: =Q36/$I36*$G36 -> 0 | AD36: =R36/$I36*$G36 -> 0 | ... AG36: =U36/$I36*$G36 -> 0 | AH36: =SUM(W36:AG36) -> 3600
A37: 36 | B37: Корнієнко Віталій Олегович | D37: 3756.26 | E37: =I37*J37 -> 54000 | F37: =VLOOKUP(B37,'[1]Табель цех 01 по 15 червня'!$B$2:$H$77,7,FALSE) -> -50 | G37: =ROUND(E37-D37,-2) -> 50200 | H37: =F37+E37-D37-G37-C37 -> -6.26 | I37: =Цо!AH37+IRS!AH37+Катеринополь!AH37+'Мк нежин'!AH37+'ЕМС Вооз'!AH37+ООН!AN37+'Червоний хрест'!AH37+Укрнафта!AJ37+Кернел!AO37+'Глобино Мк'!AH37+'МД Франківськ'!AH37 -> 360 | J37: 150 | K37: =VLOOKUP(B37,Цо!$B$2:$AH$74,33,FALSE) -> 0 | L37: =VLOOKUP(B37,IRS!$B$2:$AH$73,33,FALSE) -> 0 | M37: =VLOOKUP(B37,Катеринополь!$B$1:$AH$73,33,FALSE) -> 0 | N37: =VLOOKUP(B37,'Мк нежин'!$B$2:$AH$73,33,FALSE) -> 0 | O37: =VLOOKUP(B37,'ЕМС Вооз'!$B$2:$AH$73,33,FALSE) -> 360 | P37: =VLOOKUP(B37,ООН!$H$2:$AN$73,33,FALSE) -> 0 | Q37: =VLOOKUP(B37,'Червоний хрест'!$B$2:$AH$73,33,FALSE) -> 0 | R37: =VLOOKUP(B37,Укрнафта!$D$2:$AJ$73,33,FALSE) -> 0 | S37: =VLOOKUP(B37,Кернел!$I$2:$AO$73,33,FALSE) -> 0 | T37: =VLOOKUP(B37,'Глобино Мк'!$B$2:$AH$73,33,FALSE) -> 0 | U37: =VLOOKUP(B37,'МД Франківськ'!$B$2:$AH$73,33,FALSE) -> 0 | V37: =SUM(K37:U37) -> 360 | W37: =K37/$I37*$G37 -> 0 | X37: =L37/$I37*$G37 -> 0 | Y37: =M37/$I37*$G37 -> 0 | Z37: =N37/$I37*$G37 -> 0 | AA37: =O37/$I37*$G37 -> 50200 | AB37: =P37/$I37*$G37 -> 0 | AC37: =Q37/$I37*$G37 -> 0 | AD37: =R37/$I37*$G37 -> 0 | ... AG37: =U37/$I37*$G37 -> 0 | AH37: =SUM(W37:AG37) -> 50200
A38: 37 | B38: Рубленко Євген Миколайович | E38: =I38*J38 -> 17700 | F38: =VLOOKUP(B38,'[1]Табель цех 01 по 15 червня'!$B$2:$H$77,7,FALSE) -> -50 | G38: =ROUND(E38-D38,-2) -> 17700 | H38: =F38+E38-D38-G38-C38 -> -50 | I38: =Цо!AH38+IRS!AH38+Катеринополь!AH38+'Мк нежин'!AH38+'ЕМС Вооз'!AH38+ООН!AN38+'Червоний хрест'!AH38+Укрнафта!AJ38+Кернел!AO38+'Глобино Мк'!AH38+'МД Франківськ'!AH38 -> 118 | J38: 150 | K38: =VLOOKUP(B38,Цо!$B$2:$AH$74,33,FALSE) -> 0 | L38: =VLOOKUP(B38,IRS!$B$2:$AH$73,33,FALSE) -> 33 | M38: =VLOOKUP(B38,Катеринополь!$B$1:$AH$73,33,FALSE) -> 0 | N38: =VLOOKUP(B38,'Мк нежин'!$B$2:$AH$73,33,FALSE) -> 11 | O38: =VLOOKUP(B38,'ЕМС Вооз'!$B$2:$AH$73,33,FALSE) -> 11 | P38: =VLOOKUP(B38,ООН!$H$2:$AN$73,33,FALSE) -> 19 | Q38: =VLOOKUP(B38,'Червоний хрест'!$B$2:$AH$73,33,FALSE) -> 0 | R38: =VLOOKUP(B38,Укрнафта!$D$2:$AJ$73,33,FALSE) -> 44 | S38: =VLOOKUP(B38,Кернел!$I$2:$AO$73,33,FALSE) -> 0 | T38: =VLOOKUP(B38,'Глобино Мк'!$B$2:$AH$73,33,FALSE) -> 0 | U38: =VLOOKUP(B38,'МД Франківськ'!$B$2:$AH$73,33,FALSE) -> 0 | V38: =SUM(K38:U38) -> 118 | W38: =K38/$I38*$G38 -> 0 | X38: =L38/$I38*$G38 -> 4950 | Y38: =M38/$I38*$G38 -> 0 | Z38: =N38/$I38*$G38 -> 1650 | AA38: =O38/$I38*$G38 -> 1650 | AB38: =P38/$I38*$G38 -> 2850 | AC38: =Q38/$I38*$G38 -> 0 | AD38: =R38/$I38*$G38 -> 6600 | ... AG38: =U38/$I38*$G38 -> 0 | AH38: =SUM(W38:AG38) -> 17700
A39: 38 | B39: Форманюк Руслан Леонідович | E39: =I39*J39 -> 19050 | F39: =VLOOKUP(B39,'[1]Табель цех 01 по 15 червня'!$B$2:$H$77,7,FALSE) -> -30 | G39: =ROUND(E39-D39,-2) -> 19100 | H39: =F39+E39-D39-G39-C39 -> -80 | I39: =Цо!AH39+IRS!AH39+Катеринополь!AH39+'Мк нежин'!AH39+'ЕМС Вооз'!AH39+ООН!AN39+'Червоний хрест'!AH39+Укрнафта!AJ39+Кернел!AO39+'Глобино Мк'!AH39+'МД Франківськ'!AH39 -> 127 | J39: 150 | K39: =VLOOKUP(B39,Цо!$B$2:$AH$74,33,FALSE) -> 0 | L39: =VLOOKUP(B39,IRS!$B$2:$AH$73,33,FALSE) -> 39 | M39: =VLOOKUP(B39,Катеринополь!$B$1:$AH$73,33,FALSE) -> 11 | N39: =VLOOKUP(B39,'Мк нежин'!$B$2:$AH$73,33,FALSE) -> 11 | O39: =VLOOKUP(B39,'ЕМС Вооз'!$B$2:$AH$73,33,FALSE) -> 22 | P39: =VLOOKUP(B39,ООН!$H$2:$AN$73,33,FALSE) -> 33 | Q39: =VLOOKUP(B39,'Червоний хрест'!$B$2:$AH$73,33,FALSE) -> 0 | R39: =VLOOKUP(B39,Укрнафта!$D$2:$AJ$73,33,FALSE) -> 0 | S39: =VLOOKUP(B39,Кернел!$I$2:$AO$73,33,FALSE) -> 0 | T39: =VLOOKUP(B39,'Глобино Мк'!$B$2:$AH$73,33,FALSE) -> 11 | U39: =VLOOKUP(B39,'МД Франківськ'!$B$2:$AH$73,33,FALSE) -> 0 | V39: =SUM(K39:U39) -> 127 | W39: =K39/$I39*$G39 -> 0 | X39: =L39/$I39*$G39 -> 5865.3543 | Y39: =M39/$I39*$G39 -> 1654.3307 | Z39: =N39/$I39*$G39 -> 1654.3307 | AA39: =O39/$I39*$G39 -> 3308.6614 | AB39: =P39/$I39*$G39 -> 4962.9921 | AC39: =Q39/$I39*$G39 -> 0 | AD39: =R39/$I39*$G39 -> 0 | ... AG39: =U39/$I39*$G39 -> 0 | AH39: =SUM(W39:AG39) -> 19100
A40: 39 | B40: Щербак Петро Іванович | E40: =I40*J40 -> 49950 | F40: =VLOOKUP(B40,'[1]Табель цех 01 по 15 червня'!$B$2:$H$77,7,FALSE) -> -50 | G40: =ROUND(E40-D40,-2) -> 50000 | H40: =F40+E40-D40-G40-C40 -> -100 | I40: =Цо!AH40+IRS!AH40+Катеринополь!AH40+'Мк нежин'!AH40+'ЕМС Вооз'!AH40+ООН!AN40+'Червоний хрест'!AH40+Укрнафта!AJ40+Кернел!AO40+'Глобино Мк'!AH40+'МД Франківськ'!AH40 -> 333 | J40: 150 | K40: =VLOOKUP(B40,Цо!$B$2:$AH$74,33,FALSE) -> 0 | L40: =VLOOKUP(B40,IRS!$B$2:$AH$73,33,FALSE) -> 0 | M40: =VLOOKUP(B40,Катеринополь!$B$1:$AH$73,33,FALSE) -> 10 | N40: =VLOOKUP(B40,'Мк нежин'!$B$2:$AH$73,33,FALSE) -> 11 | O40: =VLOOKUP(B40,'ЕМС Вооз'!$B$2:$AH$73,33,FALSE) -> 0 | P40: =VLOOKUP(B40,ООН!$H$2:$AN$73,33,FALSE) -> 120 | Q40: =VLOOKUP(B40,'Червоний хрест'!$B$2:$AH$73,33,FALSE) -> 192 | R40: =VLOOKUP(B40,Укрнафта!$D$2:$AJ$73,33,FALSE) -> 0 | S40: =VLOOKUP(B40,Кернел!$I$2:$AO$73,33,FALSE) -> 0 | T40: =VLOOKUP(B40,'Глобино Мк'!$B$2:$AH$73,33,FALSE) -> 0 | U40: =VLOOKUP(B40,'МД Франківськ'!$B$2:$AH$73,33,FALSE) -> 0 | V40: =SUM(K40:U40) -> 333 | W40: =K40/$I40*$G40 -> 0 | X40: =L40/$I40*$G40 -> 0 | Y40: =M40/$I40*$G40 -> 1501.5015 | Z40: =N40/$I40*$G40 -> 1651.6517 | AA40: =O40/$I40*$G40 -> 0 | AB40: =P40/$I40*$G40 -> 18018.018 | AC40: =Q40/$I40*$G40 -> 28828.829 | AD40: =R40/$I40*$G40 -> 0 | ... AG40: =U40/$I40*$G40 -> 0 | AH40: =SUM(W40:AG40) -> 50000
A41: 40 | B41: Онучак Віктор Іванович | D41: 3756.26 | E41: =I41*J41 -> 20100 | F41: =VLOOKUP(B41,'[1]Табель цех 01 по 15 червня'!$B$2:$H$77,7,FALSE) -> 0 | G41: =ROUND(E41-D41,-2) -> 16300 | H41: =F41+E41-D41-G41-C41 -> 43.74 | I41: =Цо!AH41+IRS!AH41+Катеринополь!AH41+'Мк нежин'!AH41+'ЕМС Вооз'!AH41+ООН!AN41+'Червоний хрест'!AH41+Укрнафта!AJ41+Кернел!AO41+'Глобино Мк'!AH41+'МД Франківськ'!AH41 -> 134 | J41: 150 | K41: =VLOOKUP(B41,Цо!$B$2:$AH$74,33,FALSE) -> 0 | L41: =VLOOKUP(B41,IRS!$B$2:$AH$73,33,FALSE) -> 50 | M41: =VLOOKUP(B41,Катеринополь!$B$1:$AH$73,33,FALSE) -> 0 | N41: =VLOOKUP(B41,'Мк нежин'!$B$2:$AH$73,33,FALSE) -> 40 | O41: =VLOOKUP(B41,'ЕМС Вооз'!$B$2:$AH$73,33,FALSE) -> 0 | P41: =VLOOKUP(B41,ООН!$H$2:$AN$73,33,FALSE) -> 11 | Q41: =VLOOKUP(B41,'Червоний хрест'!$B$2:$AH$73,33,FALSE) -> 0 | R41: =VLOOKUP(B41,Укрнафта!$D$2:$AJ$73,33,FALSE) -> 0 | S41: =VLOOKUP(B41,Кернел!$I$2:$AO$73,33,FALSE) -> 0 | T41: =VLOOKUP(B41,'Глобино Мк'!$B$2:$AH$73,33,FALSE) -> 33 | U41: =VLOOKUP(B41,'МД Франківськ'!$B$2:$AH$73,33,FALSE) -> 0 | V41: =SUM(K41:U41) -> 134 | W41: =K41/$I41*$G41 -> 0 | X41: =L41/$I41*$G41 -> 6082.0896 | Y41: =M41/$I41*$G41 -> 0 | Z41: =N41/$I41*$G41 -> 4865.6716 | AA41: =O41/$I41*$G41 -> 0 | AB41: =P41/$I41*$G41 -> 1338.0597 | AC41: =Q41/$I41*$G41 -> 0 | AD41: =R41/$I41*$G41 -> 0 | ... AG41: =U41/$I41*$G41 -> 0 | AH41: =SUM(W41:AG41) -> 16300
A42: 41 | B42: Кривка Руслан Олександрович | D42: 3756.26 | E42: =I42*J42 -> 36000 | F42: =VLOOKUP(B42,'[1]Табель цех 01 по 15 червня'!$B$2:$H$77,7,FALSE) -> 37.25 | G42: =ROUND(E42-D42,-2) -> 32200 | H42: =F42+E42-D42-G42-C42 -> 80.99 | I42: =Цо!AH42+IRS!AH42+Катеринополь!AH42+'Мк нежин'!AH42+'ЕМС Вооз'!AH42+ООН!AN42+'Червоний хрест'!AH42+Укрнафта!AJ42+Кернел!AO42+'Глобино Мк'!AH42+'МД Франківськ'!AH42 -> 240 | J42: 150 | K42: =VLOOKUP(B42,Цо!$B$2:$AH$74,33,FALSE) -> 0 | L42: =VLOOKUP(B42,IRS!$B$2:$AH$73,33,FALSE) -> 0 | M42: =VLOOKUP(B42,Катеринополь!$B$1:$AH$73,33,FALSE) -> 0 | N42: =VLOOKUP(B42,'Мк нежин'!$B$2:$AH$73,33,FALSE) -> 0 | O42: =VLOOKUP(B42,'ЕМС Вооз'!$B$2:$AH$73,33,FALSE) -> 0 | P42: =VLOOKUP(B42,ООН!$H$2:$AN$73,33,FALSE) -> 0 | Q42: =VLOOKUP(B42,'Червоний хрест'!$B$2:$AH$73,33,FALSE) -> 0 | R42: =VLOOKUP(B42,Укрнафта!$D$2:$AJ$73,33,FALSE) -> 0 | S42: =VLOOKUP(B42,Кернел!$I$2:$AO$73,33,FALSE) -> 240 | T42: =VLOOKUP(B42,'Глобино Мк'!$B$2:$AH$73,33,FALSE) -> 0 | U42: =VLOOKUP(B42,'МД Франківськ'!$B$2:$AH$73,33,FALSE) -> 0 | V42: =SUM(K42:U42) -> 240 | W42: =K42/$I42*$G42 -> 0 | X42: =L42/$I42*$G42 -> 0 | Y42: =M42/$I42*$G42 -> 0 | Z42: =N42/$I42*$G42 -> 0 | AA42: =O42/$I42*$G42 -> 0 | AB42: =P42/$I42*$G42 -> 0 | AC42: =Q42/$I42*$G42 -> 0 | AD42: =R42/$I42*$G42 -> 0 | ... AG42: =U42/$I42*$G42 -> 0 | AH42: =SUM(W42:AG42) -> 32200
A43: 42 | B43: Батрак Віктор Володимирович | D43: 3756.26 | E43: =I43*J43 -> 12450 | F43: =VLOOKUP(B43,'[1]Табель цех 01 по 15 червня'!$B$2:$H$77,7,FALSE) -> -38.75 | G43: =ROUND(E43-D43,-2) -> 8700 | H43: =F43+E43-D43-G43-C43 -> -45.01 | I43: =Цо!AH43+IRS!AH43+Катеринополь!AH43+'Мк нежин'!AH43+'ЕМС Вооз'!AH43+ООН!AN43+'Червоний хрест'!AH43+Укрнафта!AJ43+Кернел!AO43+'Глобино Мк'!AH43+'МД Франківськ'!AH43 -> 83 | J43: 150 | K43: =VLOOKUP(B43,Цо!$B$2:$AH$74,33,FALSE) -> 0 | L43: =VLOOKUP(B43,IRS!$B$2:$AH$73,33,FALSE) -> 11 | M43: =VLOOKUP(B43,Катеринополь!$B$1:$AH$73,33,FALSE) -> 0 | N43: =VLOOKUP(B43,'Мк нежин'!$B$2:$AH$73,33,FALSE) -> 11 | O43: =VLOOKUP(B43,'ЕМС Вооз'!$B$2:$AH$73,33,FALSE) -> 20 | P43: =VLOOKUP(B43,ООН!$H$2:$AN$73,33,FALSE) -> 19 | Q43: =VLOOKUP(B43,'Червоний хрест'!$B$2:$AH$73,33,FALSE) -> 0 | R43: =VLOOKUP(B43,Укрнафта!$D$2:$AJ$73,33,FALSE) -> 22 | S43: =VLOOKUP(B43,Кернел!$I$2:$AO$73,33,FALSE) -> 0 | T43: =VLOOKUP(B43,'Глобино Мк'!$B$2:$AH$73,33,FALSE) -> 0 | U43: =VLOOKUP(B43,'МД Франківськ'!$B$2:$AH$73,33,FALSE) -> 0 | V43: =SUM(K43:U43) -> 83 | W43: =K43/$I43*$G43 -> 0 | X43: =L43/$I43*$G43 -> 1153.012 | Y43: =M43/$I43*$G43 -> 0 | Z43: =N43/$I43*$G43 -> 1153.012 | AA43: =O43/$I43*$G43 -> 2096.3855 | AB43: =P43/$I43*$G43 -> 1991.5663 | AC43: =Q43/$I43*$G43 -> 0 | AD43: =R43/$I43*$G43 -> 2306.0241 | ... AG43: =U43/$I43*$G43 -> 0 | AH43: =SUM(W43:AG43) -> 8700
A44: 43 | B44: Бондаренко Іван Олександрович | D44: 3756.26 | E44: =I44*J44 -> 54000 | F44: =VLOOKUP(B44,'[1]Табель цех 01 по 15 червня'!$B$2:$H$77,7,FALSE) -> 14 | G44: =ROUND(E44-D44,-2) -> 50200 | H44: =F44+E44-D44-G44-C44 -> 57.74 | I44: =Цо!AH44+IRS!AH44+Катеринополь!AH44+'Мк нежин'!AH44+'ЕМС Вооз'!AH44+ООН!AN44+'Червоний хрест'!AH44+Укрнафта!AJ44+Кернел!AO44+'Глобино Мк'!AH44+'МД Франківськ'!AH44 -> 360 | J44: 150 | K44: =VLOOKUP(B44,Цо!$B$2:$AH$74,33,FALSE) -> 0 | L44: =VLOOKUP(B44,IRS!$B$2:$AH$73,33,FALSE) -> 0 | M44: =VLOOKUP(B44,Катеринополь!$B$1:$AH$73,33,FALSE) -> 0 | N44: =VLOOKUP(B44,'Мк нежин'!$B$2:$AH$73,33,FALSE) -> 0 | O44: =VLOOKUP(B44,'ЕМС Вооз'!$B$2:$AH$73,33,FALSE) -> 360 | P44: =VLOOKUP(B44,ООН!$H$2:$AN$73,33,FALSE) -> 0 | Q44: =VLOOKUP(B44,'Червоний хрест'!$B$2:$AH$73,33,FALSE) -> 0 | R44: =VLOOKUP(B44,Укрнафта!$D$2:$AJ$73,33,FALSE) -> 0 | S44: =VLOOKUP(B44,Кернел!$I$2:$AO$73,33,FALSE) -> 0 | T44: =VLOOKUP(B44,'Глобино Мк'!$B$2:$AH$73,33,FALSE) -> 0 | U44: =VLOOKUP(B44,'МД Франківськ'!$B$2:$AH$73,33,FALSE) -> 0 | V44: =SUM(K44:U44) -> 360 | W44: =K44/$I44*$G44 -> 0 | X44: =L44/$I44*$G44 -> 0 | Y44: =M44/$I44*$G44 -> 0 | Z44: =N44/$I44*$G44 -> 0 | AA44: =O44/$I44*$G44 -> 50200 | AB44: =P44/$I44*$G44 -> 0 | AC44: =Q44/$I44*$G44 -> 0 | AD44: =R44/$I44*$G44 -> 0 | ... AG44: =U44/$I44*$G44 -> 0 | AH44: =SUM(W44:AG44) -> 50200
A45: 44 | B45: Токарук Петро Михайлович | D45: 3756.26 | E45: =I45*J45 -> 15450 | F45: =VLOOKUP(B45,'[1]Табель цех 01 по 15 червня'!$B$2:$H$77,7,FALSE) -> 0 | G45: =ROUND(E45-D45,-2) -> 11700 | H45: =F45+E45-D45-G45-C45 -> -6.26 | I45: =Цо!AH45+IRS!AH45+Катеринополь!AH45+'Мк нежин'!AH45+'ЕМС Вооз'!AH45+ООН!AN45+'Червоний хрест'!AH45+Укрнафта!AJ45+Кернел!AO45+'Глобино Мк'!AH45+'МД Франківськ'!AH45 -> 103 | J45: 150 | K45: =VLOOKUP(B45,Цо!$B$2:$AH$74,33,FALSE) -> 0 | L45: =VLOOKUP(B45,IRS!$B$2:$AH$73,33,FALSE) -> 17 | M45: =VLOOKUP(B45,Катеринополь!$B$1:$AH$73,33,FALSE) -> 0 | N45: =VLOOKUP(B45,'Мк нежин'!$B$2:$AH$73,33,FALSE) -> 44 | O45: =VLOOKUP(B45,'ЕМС Вооз'!$B$2:$AH$73,33,FALSE) -> 0 | P45: =VLOOKUP(B45,ООН!$H$2:$AN$73,33,FALSE) -> 9 | Q45: =VLOOKUP(B45,'Червоний хрест'!$B$2:$AH$73,33,FALSE) -> 0 | R45: =VLOOKUP(B45,Укрнафта!$D$2:$AJ$73,33,FALSE) -> 0 | S45: =VLOOKUP(B45,Кернел!$I$2:$AO$73,33,FALSE) -> 0 | T45: =VLOOKUP(B45,'Глобино Мк'!$B$2:$AH$73,33,FALSE) -> 33 | U45: =VLOOKUP(B45,'МД Франківськ'!$B$2:$AH$73,33,FALSE) -> 0 | V45: =SUM(K45:U45) -> 103 | W45: =K45/$I45*$G45 -> 0 | X45: =L45/$I45*$G45 -> 1931.068 | Y45: =M45/$I45*$G45 -> 0 | Z45: =N45/$I45*$G45 -> 4998.0583 | AA45: =O45/$I45*$G45 -> 0 | AB45: =P45/$I45*$G45 -> 1022.3301 | AC45: =Q45/$I45*$G45 -> 0 | AD45: =R45/$I45*$G45 -> 0 | ... AG45: =U45/$I45*$G45 -> 0 | AH45: =SUM(W45:AG45) -> 11700
A46: 45 | B46: Підлісний Володимир Сергійович | E46: =I46*J46 -> 19500 | F46: =VLOOKUP(B46,'[1]Табель цех 01 по 15 червня'!$B$2:$H$77,7,FALSE) -> 0 | G46: =ROUND(E46-D46,-2) -> 19500 | H46: =F46+E46-D46-G46-C46 -> 0 | I46: =Цо!AH46+IRS!AH46+Катеринополь!AH46+'Мк нежин'!AH46+'ЕМС Вооз'!AH46+ООН!AN46+'Червоний хрест'!AH46+Укрнафта!AJ46+Кернел!AO46+'Глобино Мк'!AH46+'МД Франківськ'!AH46 -> 130 | J46: 150 | K46: =VLOOKUP(B46,Цо!$B$2:$AH$74,33,FALSE) -> 0 | L46: =VLOOKUP(B46,IRS!$B$2:$AH$73,33,FALSE) -> 90 | M46: =VLOOKUP(B46,Катеринополь!$B$1:$AH$73,33,FALSE) -> 0 | N46: =VLOOKUP(B46,'Мк нежин'!$B$2:$AH$73,33,FALSE) -> 11 | O46: =VLOOKUP(B46,'ЕМС Вооз'!$B$2:$AH$73,33,FALSE) -> 0 | P46: =VLOOKUP(B46,ООН!$H$2:$AN$73,33,FALSE) -> 11 | Q46: =VLOOKUP(B46,'Червоний хрест'!$B$2:$AH$73,33,FALSE) -> 0 | R46: =VLOOKUP(B46,Укрнафта!$D$2:$AJ$73,33,FALSE) -> 0 | S46: =VLOOKUP(B46,Кернел!$I$2:$AO$73,33,FALSE) -> 7 | T46: =VLOOKUP(B46,'Глобино Мк'!$B$2:$AH$73,33,FALSE) -> 11 | U46: =VLOOKUP(B46,'МД Франківськ'!$B$2:$AH$73,33,FALSE) -> 0 | V46: =SUM(K46:U46) -> 130 | W46: =K46/$I46*$G46 -> 0 | X46: =L46/$I46*$G46 -> 13500 | Y46: =M46/$I46*$G46 -> 0 | Z46: =N46/$I46*$G46 -> 1650 | AA46: =O46/$I46*$G46 -> 0 | AB46: =P46/$I46*$G46 -> 1650 | AC46: =Q46/$I46*$G46 -> 0 | AD46: =R46/$I46*$G46 -> 0 | ... AG46: =U46/$I46*$G46 -> 0 | AH46: =SUM(W46:AG46) -> 19500
A47: 46 | B47: Григоренко Ілля Олександрович | D47: 3005.01 | E47: =I47*J47 -> 17850 | F47: =VLOOKUP(B47,'[1]Табель цех 01 по 15 червня'!$B$2:$H$77,7,FALSE) -> 40.01 | G47: =ROUND(E47-D47,-2) -> 14800 | H47: =F47+E47-D47-G47-C47 -> 85 | I47: =Цо!AH47+IRS!AH47+Катеринополь!AH47+'Мк нежин'!AH47+'ЕМС Вооз'!AH47+ООН!AN47+'Червоний хрест'!AH47+Укрнафта!AJ47+Кернел!AO47+'Глобино Мк'!AH47+'МД Франківськ'!AH47 -> 119 | J47: 150 | K47: =VLOOKUP(B47,Цо!$B$2:$AH$74,33,FALSE) -> 0 | L47: =VLOOKUP(B47,IRS!$B$2:$AH$73,33,FALSE) -> 0 | M47: =VLOOKUP(B47,Катеринополь!$B$1:$AH$73,33,FALSE) -> 11 | N47: =VLOOKUP(B47,'Мк нежин'!$B$2:$AH$73,33,FALSE) -> 11 | O47: =VLOOKUP(B47,'ЕМС Вооз'!$B$2:$AH$73,33,FALSE) -> 20 | P47: =VLOOKUP(B47,ООН!$H$2:$AN$73,33,FALSE) -> 55 | Q47: =VLOOKUP(B47,'Червоний хрест'!$B$2:$AH$73,33,FALSE) -> 0 | R47: =VLOOKUP(B47,Укрнафта!$D$2:$AJ$73,33,FALSE) -> 22 | S47: =VLOOKUP(B47,Кернел!$I$2:$AO$73,33,FALSE) -> 0 | T47: =VLOOKUP(B47,'Глобино Мк'!$B$2:$AH$73,33,FALSE) -> 0 | U47: =VLOOKUP(B47,'МД Франківськ'!$B$2:$AH$73,33,FALSE) -> 0 | V47: =SUM(K47:U47) -> 119 | W47: =K47/$I47*$G47 -> 0 | X47: =L47/$I47*$G47 -> 0 | Y47: =M47/$I47*$G47 -> 1368.0672 | Z47: =N47/$I47*$G47 -> 1368.0672 | AA47: =O47/$I47*$G47 -> 2487.395 | AB47: =P47/$I47*$G47 -> 6840.3361 | AC47: =Q47/$I47*$G47 -> 0 | AD47: =R47/$I47*$G47 -> 2736.1345 | ... AG47: =U47/$I47*$G47 -> 0 | AH47: =SUM(W47:AG47) -> 14800
A48: 47 | B48: Зінченко Дмитро Володимирович | E48: =I48*J48 -> 19650 | F48: =VLOOKUP(B48,'[1]Табель цех 01 по 15 червня'!$B$2:$H$77,7,FALSE) -> -50 | G48: =ROUND(E48-D48,-2) -> 19700 | H48: =F48+E48-D48-G48-C48 -> -100 | I48: =Цо!AH48+IRS!AH48+Катеринополь!AH48+'Мк нежин'!AH48+'ЕМС Вооз'!AH48+ООН!AN48+'Червоний хрест'!AH48+Укрнафта!AJ48+Кернел!AO48+'Глобино Мк'!AH48+'МД Франківськ'!AH48 -> 131 | J48: 150 | K48: =VLOOKUP(B48,Цо!$B$2:$AH$74,33,FALSE) -> 0 | L48: =VLOOKUP(B48,IRS!$B$2:$AH$73,33,FALSE) -> 6 | M48: =VLOOKUP(B48,Катеринополь!$B$1:$AH$73,33,FALSE) -> 44 | N48: =VLOOKUP(B48,'Мк нежин'!$B$2:$AH$73,33,FALSE) -> 81 | O48: =VLOOKUP(B48,'ЕМС Вооз'!$B$2:$AH$73,33,FALSE) -> 0 | P48: =VLOOKUP(B48,ООН!$H$2:$AN$73,33,FALSE) -> 0 | Q48: =VLOOKUP(B48,'Червоний хрест'!$B$2:$AH$73,33,FALSE) -> 0 | R48: =VLOOKUP(B48,Укрнафта!$D$2:$AJ$73,33,FALSE) -> 0 | S48: =VLOOKUP(B48,Кернел!$I$2:$AO$73,33,FALSE) -> 0 | T48: =VLOOKUP(B48,'Глобино Мк'!$B$2:$AH$73,33,FALSE) -> 0 | U48: =VLOOKUP(B48,'МД Франківськ'!$B$2:$AH$73,33,FALSE) -> 0 | V48: =SUM(K48:U48) -> 131 | W48: =K48/$I48*$G48 -> 0 | X48: =L48/$I48*$G48 -> 902.29008 | Y48: =M48/$I48*$G48 -> 6616.7939 | Z48: =N48/$I48*$G48 -> 12180.916 | AA48: =O48/$I48*$G48 -> 0 | AB48: =P48/$I48*$G48 -> 0 | AC48: =Q48/$I48*$G48 -> 0 | AD48: =R48/$I48*$G48 -> 0 | ... AG48: =U48/$I48*$G48 -> 0 | AH48: =SUM(W48:AG48) -> 19700
A49: 48 | B49: Момот Олексій Миколайович | D49: 3756.26 | E49: =I49*J49 -> 18750 | F49: =VLOOKUP(B49,'[1]Табель цех 01 по 15 червня'!$B$2:$H$77,7,FALSE) -> -44.51 | G49: =ROUND(E49-D49,-2) -> 15000 | H49: =F49+E49-D49-G49-C49 -> -50.77 | I49: =Цо!AH49+IRS!AH49+Катеринополь!AH49+'Мк нежин'!AH49+'ЕМС Вооз'!AH49+ООН!AN49+'Червоний хрест'!AH49+Укрнафта!AJ49+Кернел!AO49+'Глобино Мк'!AH49+'МД Франківськ'!AH49 -> 125 | J49: 150 | K49: =VLOOKUP(B49,Цо!$B$2:$AH$74,33,FALSE) -> 0 | L49: =VLOOKUP(B49,IRS!$B$2:$AH$73,33,FALSE) -> 54 | M49: =VLOOKUP(B49,Катеринополь!$B$1:$AH$73,33,FALSE) -> 0 | N49: =VLOOKUP(B49,'Мк нежин'!$B$2:$AH$73,33,FALSE) -> 0 | O49: =VLOOKUP(B49,'ЕМС Вооз'!$B$2:$AH$73,33,FALSE) -> 0 | P49: =VLOOKUP(B49,ООН!$H$2:$AN$73,33,FALSE) -> 0 | Q49: =VLOOKUP(B49,'Червоний хрест'!$B$2:$AH$73,33,FALSE) -> 0 | R49: =VLOOKUP(B49,Укрнафта!$D$2:$AJ$73,33,FALSE) -> 0 | S49: =VLOOKUP(B49,Кернел!$I$2:$AO$73,33,FALSE) -> 0 | T49: =VLOOKUP(B49,'Глобино Мк'!$B$2:$AH$73,33,FALSE) -> 11 | U49: =VLOOKUP(B49,'МД Франківськ'!$B$2:$AH$73,33,FALSE) -> 60 | V49: =SUM(K49:U49) -> 125 | W49: =K49/$I49*$G49 -> 0 | X49: =L49/$I49*$G49 -> 6480 | Y49: =M49/$I49*$G49 -> 0 | Z49: =N49/$I49*$G49 -> 0 | AA49: =O49/$I49*$G49 -> 0 | AB49: =P49/$I49*$G49 -> 0 | AC49: =Q49/$I49*$G49 -> 0 | AD49: =R49/$I49*$G49 -> 0 | ... AG49: =U49/$I49*$G49 -> 7200 | AH49: =SUM(W49:AG49) -> 15000
A50: 49 | B50: Гребінник Олексій Васильович | E50: =I50*J50 -> 19050 | F50: =VLOOKUP(B50,'[1]Табель цех 01 по 15 червня'!$B$2:$H$77,7,FALSE) -> 0 | G50: =ROUND(E50-D50,-2) -> 19100 | H50: =F50+E50-D50-G50-C50 -> -50 | I50: =Цо!AH50+IRS!AH50+Катеринополь!AH50+'Мк нежин'!AH50+'ЕМС Вооз'!AH50+ООН!AN50+'Червоний хрест'!AH50+Укрнафта!AJ50+Кернел!AO50+'Глобино Мк'!AH50+'МД Франківськ'!AH50 -> 127 | J50: 150 | K50: =VLOOKUP(B50,Цо!$B$2:$AH$74,33,FALSE) -> 0 | L50: =VLOOKUP(B50,IRS!$B$2:$AH$73,33,FALSE) -> 28 | M50: =VLOOKUP(B50,Катеринополь!$B$1:$AH$73,33,FALSE) -> 0 | N50: =VLOOKUP(B50,'Мк нежин'!$B$2:$AH$73,33,FALSE) -> 0 | O50: =VLOOKUP(B50,'ЕМС Вооз'!$B$2:$AH$73,33,FALSE) -> 0 | P50: =VLOOKUP(B50,ООН!$H$2:$AN$73,33,FALSE) -> 0 | Q50: =VLOOKUP(B50,'Червоний хрест'!$B$2:$AH$73,33,FALSE) -> 0 | R50: =VLOOKUP(B50,Укрнафта!$D$2:$AJ$73,33,FALSE) -> 0 | S50: =VLOOKUP(B50,Кернел!$I$2:$AO$73,33,FALSE) -> 0 | T50: =VLOOKUP(B50,'Глобино Мк'!$B$2:$AH$73,33,FALSE) -> 22 | U50: =VLOOKUP(B50,'МД Франківськ'!$B$2:$AH$73,33,FALSE) -> 77 | V50: =SUM(K50:U50) -> 127 | W50: =K50/$I50*$G50 -> 0 | X50: =L50/$I50*$G50 -> 4211.0236 | Y50: =M50/$I50*$G50 -> 0 | Z50: =N50/$I50*$G50 -> 0 | AA50: =O50/$I50*$G50 -> 0 | AB50: =P50/$I50*$G50 -> 0 | AC50: =Q50/$I50*$G50 -> 0 | AD50: =R50/$I50*$G50 -> 0 | ... AG50: =U50/$I50*$G50 -> 11580.315 | AH50: =SUM(W50:AG50) -> 19100
A51: 50 | B51: Ізюмець Олександр Евгенович | E51: =I51*J51 -> 16500 | F51: =VLOOKUP(B51,'[1]Табель цех 01 по 15 червня'!$B$2:$H$77,7,FALSE) -> 0 | G51: =ROUND(E51-D51,-2) -> 16500 | H51: =F51+E51-D51-G51-C51 -> 0 | I51: =Цо!AH51+IRS!AH51+Катеринополь!AH51+'Мк нежин'!AH51+'ЕМС Вооз'!AH51+ООН!AN51+'Червоний хрест'!AH51+Укрнафта!AJ51+Кернел!AO51+'Глобино Мк'!AH51+'МД Франківськ'!AH51 -> 110 | J51: 150 | K51: =VLOOKUP(B51,Цо!$B$2:$AH$74,33,FALSE) -> 0 | L51: =VLOOKUP(B51,IRS!$B$2:$AH$73,33,FALSE) -> 11 | M51: =VLOOKUP(B51,Катеринополь!$B$1:$AH$73,33,FALSE) -> 0 | N51: =VLOOKUP(B51,'Мк нежин'!$B$2:$AH$73,33,FALSE) -> 11 | O51: =VLOOKUP(B51,'ЕМС Вооз'!$B$2:$AH$73,33,FALSE) -> 11 | P51: =VLOOKUP(B51,ООН!$H$2:$AN$73,33,FALSE) -> 77 | Q51: =VLOOKUP(B51,'Червоний хрест'!$B$2:$AH$73,33,FALSE) -> 0 | R51: =VLOOKUP(B51,Укрнафта!$D$2:$AJ$73,33,FALSE) -> 0 | S51: =VLOOKUP(B51,Кернел!$I$2:$AO$73,33,FALSE) -> 0 | T51: =VLOOKUP(B51,'Глобино Мк'!$B$2:$AH$73,33,FALSE) -> 0 | U51: =VLOOKUP(B51,'МД Франківськ'!$B$2:$AH$73,33,FALSE) -> 0 | V51: =SUM(K51:U51) -> 110 | W51: =K51/$I51*$G51 -> 0 | X51: =L51/$I51*$G51 -> 1650 | Y51: =M51/$I51*$G51 -> 0 | Z51: =N51/$I51*$G51 -> 1650 | AA51: =O51/$I51*$G51 -> 1650 | AB51: =P51/$I51*$G51 -> 11550 | AC51: =Q51/$I51*$G51 -> 0 | AD51: =R51/$I51*$G51 -> 0 | ... AG51: =U51/$I51*$G51 -> 0 | AH51: =SUM(W51:AG51) -> 16500
A52: 51 | B52: Маркевич Ігор Ігорьович | E52: =I52*J52 -> 22500 | F52: =VLOOKUP(B52,'[1]Табель цех 01 по 15 червня'!$B$2:$H$77,7,FALSE) -> -50 | G52: =ROUND(E52-D52,-2) -> 22500 | H52: =F52+E52-D52-G52-C52 -> -50 | I52: =Цо!AH52+IRS!AH52+Катеринополь!AH52+'Мк нежин'!AH52+'ЕМС Вооз'!AH52+ООН!AN52+'Червоний хрест'!AH52+Укрнафта!AJ52+Кернел!AO52+'Глобино Мк'!AH52+'МД Франківськ'!AH52 -> 150 | J52: 150 | K52: =VLOOKUP(B52,Цо!$B$2:$AH$74,33,FALSE) -> 0 | L52: =VLOOKUP(B52,IRS!$B$2:$AH$73,33,FALSE) -> 89 | M52: =VLOOKUP(B52,Катеринополь!$B$1:$AH$73,33,FALSE) -> 0 | N52: =VLOOKUP(B52,'Мк нежин'!$B$2:$AH$73,33,FALSE) -> 22 | O52: =VLOOKUP(B52,'ЕМС Вооз'!$B$2:$AH$73,33,FALSE) -> 0 | P52: =VLOOKUP(B52,ООН!$H$2:$AN$73,33,FALSE) -> 0 | Q52: =VLOOKUP(B52,'Червоний хрест'!$B$2:$AH$73,33,FALSE) -> 0 | R52: =VLOOKUP(B52,Укрнафта!$D$2:$AJ$73,33,FALSE) -> 0 | S52: =VLOOKUP(B52,Кернел!$I$2:$AO$73,33,FALSE) -> 17 | T52: =VLOOKUP(B52,'Глобино Мк'!$B$2:$AH$73,33,FALSE) -> 22 | U52: =VLOOKUP(B52,'МД Франківськ'!$B$2:$AH$73,33,FALSE) -> 0 | V52: =SUM(K52:U52) -> 150 | W52: =K52/$I52*$G52 -> 0 | X52: =L52/$I52*$G52 -> 13350 | Y52: =M52/$I52*$G52 -> 0 | Z52: =N52/$I52*$G52 -> 3300 | AA52: =O52/$I52*$G52 -> 0 | AB52: =P52/$I52*$G52 -> 0 | AC52: =Q52/$I52*$G52 -> 0 | AD52: =R52/$I52*$G52 -> 0 | ... AG52: =U52/$I52*$G52 -> 0 | AH52: =SUM(W52:AG52) -> 22500
A53: 52 | B53: Раменюк Віталій Сергійович | D53: 3756.26 | E53: =I53*J53 -> 32400 | F53: =VLOOKUP(B53,'[1]Табель цех 01 по 15 червня'!$B$2:$H$77,7,FALSE) -> 17.25 | G53: =ROUND(E53-D53,-2) -> 28600 | H53: =F53+E53-D53-G53-C53 -> 60.99 | I53: =Цо!AH53+IRS!AH53+Катеринополь!AH53+'Мк нежин'!AH53+'ЕМС Вооз'!AH53+ООН!AN53+'Червоний хрест'!AH53+Укрнафта!AJ53+Кернел!AO53+'Глобино Мк'!AH53+'МД Франківськ'!AH53 -> 216 | J53: 150 | K53: =VLOOKUP(B53,Цо!$B$2:$AH$74,33,FALSE) -> 0 | L53: =VLOOKUP(B53,IRS!$B$2:$AH$73,33,FALSE) -> 0 | M53: =VLOOKUP(B53,Катеринополь!$B$1:$AH$73,33,FALSE) -> 0 | N53: =VLOOKUP(B53,'Мк нежин'!$B$2:$AH$73,33,FALSE) -> 0 | O53: =VLOOKUP(B53,'ЕМС Вооз'!$B$2:$AH$73,33,FALSE) -> 0 | P53: =VLOOKUP(B53,ООН!$H$2:$AN$73,33,FALSE) -> 0 | Q53: =VLOOKUP(B53,'Червоний хрест'!$B$2:$AH$73,33,FALSE) -> 0 | R53: =VLOOKUP(B53,Укрнафта!$D$2:$AJ$73,33,FALSE) -> 0 | S53: =VLOOKUP(B53,Кернел!$I$2:$AO$73,33,FALSE) -> 216 | T53: =VLOOKUP(B53,'Глобино Мк'!$B$2:$AH$73,33,FALSE) -> 0 | U53: =VLOOKUP(B53,'МД Франківськ'!$B$2:$AH$73,33,FALSE) -> 0 | V53: =SUM(K53:U53) -> 216 | W53: =K53/$I53*$G53 -> 0 | X53: =L53/$I53*$G53 -> 0 | Y53: =M53/$I53*$G53 -> 0 | Z53: =N53/$I53*$G53 -> 0 | AA53: =O53/$I53*$G53 -> 0 | AB53: =P53/$I53*$G53 -> 0 | AC53: =Q53/$I53*$G53 -> 0 | AD53: =R53/$I53*$G53 -> 0 | ... AG53: =U53/$I53*$G53 -> 0 | AH53: =SUM(W53:AG53) -> 28600
A54: 53 | B54: Самогородський Ігор Віталійович | E54: =I54*J54 -> 20850 | F54: =VLOOKUP(B54,'[1]Табель цех 01 по 15 червня'!$B$2:$H$77,7,FALSE) -> 0 | G54: =ROUND(E54-D54,-2) -> 20900 | H54: =F54+E54-D54-G54-C54 -> -50 | I54: =Цо!AH54+IRS!AH54+Катеринополь!AH54+'Мк нежин'!AH54+'ЕМС Вооз'!AH54+ООН!AN54+'Червоний хрест'!AH54+Укрнафта!AJ54+Кернел!AO54+'Глобино Мк'!AH54+'МД Франківськ'!AH54 -> 139 | J54: 150 | K54: =VLOOKUP(B54,Цо!$B$2:$AH$74,33,FALSE) -> 0 | L54: =VLOOKUP(B54,IRS!$B$2:$AH$73,33,FALSE) -> 55 | M54: =VLOOKUP(B54,Катеринополь!$B$1:$AH$73,33,FALSE) -> 11 | N54: =VLOOKUP(B54,'Мк нежин'!$B$2:$AH$73,33,FALSE) -> 22 | O54: =VLOOKUP(B54,'ЕМС Вооз'!$B$2:$AH$73,33,FALSE) -> 0 | P54: =VLOOKUP(B54,ООН!$H$2:$AN$73,33,FALSE) -> 11 | Q54: =VLOOKUP(B54,'Червоний хрест'!$B$2:$AH$73,33,FALSE) -> 0 | R54: =VLOOKUP(B54,Укрнафта!$D$2:$AJ$73,33,FALSE) -> 0 | S54: =VLOOKUP(B54,Кернел!$I$2:$AO$73,33,FALSE) -> 18 | T54: =VLOOKUP(B54,'Глобино Мк'!$B$2:$AH$73,33,FALSE) -> 22 | U54: =VLOOKUP(B54,'МД Франківськ'!$B$2:$AH$73,33,FALSE) -> 0 | V54: =SUM(K54:U54) -> 139 | W54: =K54/$I54*$G54 -> 0 | X54: =L54/$I54*$G54 -> 8269.7842 | Y54: =M54/$I54*$G54 -> 1653.9568 | Z54: =N54/$I54*$G54 -> 3307.9137 | AA54: =O54/$I54*$G54 -> 0 | AB54: =P54/$I54*$G54 -> 1653.9568 | AC54: =Q54/$I54*$G54 -> 0 | AD54: =R54/$I54*$G54 -> 0 | ... AG54: =U54/$I54*$G54 -> 0 | AH54: =SUM(W54:AG54) -> 20900
A55: 54 | B55: Іванова Світлана Юріївна | D55: 3756.26 | E55: =I55*J55 -> 15750 | F55: =VLOOKUP(B55,'[1]Табель цех 01 по 15 червня'!$B$2:$H$77,7,FALSE) -> 0 | G55: =ROUND(E55-D55,-2) -> 12000 | H55: =F55+E55-D55-G55-C55 -> -6.26 | I55: =Цо!AH55+IRS!AH55+Катеринополь!AH55+'Мк нежин'!AH55+'ЕМС Вооз'!AH55+ООН!AN55+'Червоний хрест'!AH55+Укрнафта!AJ55+Кернел!AO55+'Глобино Мк'!AH55+'МД Франківськ'!AH55 -> 105 | J55: 150 | K55: =VLOOKUP(B55,Цо!$B$2:$AH$74,33,FALSE) -> 105 | L55: =VLOOKUP(B55,IRS!$B$2:$AH$73,33,FALSE) -> 0 | M55: =VLOOKUP(B55,Катеринополь!$B$1:$AH$73,33,FALSE) -> 0 | N55: =VLOOKUP(B55,'Мк нежин'!$B$2:$AH$73,33,FALSE) -> 0 | O55: =VLOOKUP(B55,'ЕМС Вооз'!$B$2:$AH$73,33,FALSE) -> 0 | P55: =VLOOKUP(B55,ООН!$H$2:$AN$73,33,FALSE) -> 0 | Q55: =VLOOKUP(B55,'Червоний хрест'!$B$2:$AH$73,33,FALSE) -> 0 | R55: =VLOOKUP(B55,Укрнафта!$D$2:$AJ$73,33,FALSE) -> 0 | S55: =VLOOKUP(B55,Кернел!$I$2:$AO$73,33,FALSE) -> 0 | T55: =VLOOKUP(B55,'Глобино Мк'!$B$2:$AH$73,33,FALSE) -> 0 | U55: =VLOOKUP(B55,'МД Франківськ'!$B$2:$AH$73,33,FALSE) -> 0 | V55: =SUM(K55:U55) -> 105 | W55: =K55/$I55*$G55 -> 12000 | X55: =L55/$I55*$G55 -> 0 | Y55: =M55/$I55*$G55 -> 0 | Z55: =N55/$I55*$G55 -> 0 | AA55: =O55/$I55*$G55 -> 0 | AB55: =P55/$I55*$G55 -> 0 | AC55: =Q55/$I55*$G55 -> 0 | AD55: =R55/$I55*$G55 -> 0 | ... AG55: =U55/$I55*$G55 -> 0 | AH55: =SUM(W55:AG55) -> 12000
A56: 55 | B56: Ісайкіна Тетяна Іванівна | E56: =I56*J56 -> 19950 | F56: =VLOOKUP(B56,'[1]Табель цех 01 по 15 червня'!$B$2:$H$77,7,FALSE) -> 0 | G56: =ROUND(E56-D56,-2) -> 20000 | H56: =F56+E56-D56-G56-C56 -> -50 | I56: =Цо!AH56+IRS!AH56+Катеринополь!AH56+'Мк нежин'!AH56+'ЕМС Вооз'!AH56+ООН!AN56+'Червоний хрест'!AH56+Укрнафта!AJ56+Кернел!AO56+'Глобино Мк'!AH56+'МД Франківськ'!AH56 -> 133 | J56: 150 | K56: =VLOOKUP(B56,Цо!$B$2:$AH$74,33,FALSE) -> 133 | L56: =VLOOKUP(B56,IRS!$B$2:$AH$73,33,FALSE) -> 0 | M56: =VLOOKUP(B56,Катеринополь!$B$1:$AH$73,33,FALSE) -> 0 | N56: =VLOOKUP(B56,'Мк нежин'!$B$2:$AH$73,33,FALSE) -> 0 | O56: =VLOOKUP(B56,'ЕМС Вооз'!$B$2:$AH$73,33,FALSE) -> 0 | P56: =VLOOKUP(B56,ООН!$H$2:$AN$73,33,FALSE) -> 0 | Q56: =VLOOKUP(B56,'Червоний хрест'!$B$2:$AH$73,33,FALSE) -> 0 | R56: =VLOOKUP(B56,Укрнафта!$D$2:$AJ$73,33,FALSE) -> 0 | S56: =VLOOKUP(B56,Кернел!$I$2:$AO$73,33,FALSE) -> 0 | T56: =VLOOKUP(B56,'Глобино Мк'!$B$2:$AH$73,33,FALSE) -> 0 | U56: =VLOOKUP(B56,'МД Франківськ'!$B$2:$AH$73,33,FALSE) -> 0 | V56: =SUM(K56:U56) -> 133 | W56: =K56/$I56*$G56 -> 20000 | X56: =L56/$I56*$G56 -> 0 | Y56: =M56/$I56*$G56 -> 0 | Z56: =N56/$I56*$G56 -> 0 | AA56: =O56/$I56*$G56 -> 0 | AB56: =P56/$I56*$G56 -> 0 | AC56: =Q56/$I56*$G56 -> 0 | AD56: =R56/$I56*$G56 -> 0 | ... AG56: =U56/$I56*$G56 -> 0 | AH56: =SUM(W56:AG56) -> 20000
A57: 56 | B57: Деркс Сергій Анатолійович | E57: =I57*J57 -> 16950 | F57: =VLOOKUP(B57,'[1]Табель цех 01 по 15 червня'!$B$2:$H$77,7,FALSE) -> -50 | G57: =ROUND(E57-D57,-2) -> 17000 | H57: =F57+E57-D57-G57-C57 -> -100 | I57: =Цо!AH57+IRS!AH57+Катеринополь!AH57+'Мк нежин'!AH57+'ЕМС Вооз'!AH57+ООН!AN57+'Червоний хрест'!AH57+Укрнафта!AJ57+Кернел!AO57+'Глобино Мк'!AH57+'МД Франківськ'!AH57 -> 113 | J57: 150 | K57: =VLOOKUP(B57,Цо!$B$2:$AH$74,33,FALSE) -> 0 | L57: =VLOOKUP(B57,IRS!$B$2:$AH$73,33,FALSE) -> 0 | M57: =VLOOKUP(B57,Катеринополь!$B$1:$AH$73,33,FALSE) -> 0 | N57: =VLOOKUP(B57,'Мк нежин'!$B$2:$AH$73,33,FALSE) -> 0 | O57: =VLOOKUP(B57,'ЕМС Вооз'!$B$2:$AH$73,33,FALSE) -> 0 | P57: =VLOOKUP(B57,ООН!$H$2:$AN$73,33,FALSE) -> 113 | Q57: =VLOOKUP(B57,'Червоний хрест'!$B$2:$AH$73,33,FALSE) -> 0 | R57: =VLOOKUP(B57,Укрнафта!$D$2:$AJ$73,33,FALSE) -> 0 | S57: =VLOOKUP(B57,Кернел!$I$2:$AO$73,33,FALSE) -> 0 | T57: =VLOOKUP(B57,'Глобино Мк'!$B$2:$AH$73,33,FALSE) -> 0 | U57: =VLOOKUP(B57,'МД Франківськ'!$B$2:$AH$73,33,FALSE) -> 0 | V57: =SUM(K57:U57) -> 113 | W57: =K57/$I57*$G57 -> 0 | X57: =L57/$I57*$G57 -> 0 | Y57: =M57/$I57*$G57 -> 0 | Z57: =N57/$I57*$G57 -> 0 | AA57: =O57/$I57*$G57 -> 0 | AB57: =P57/$I57*$G57 -> 17000 | AC57: =Q57/$I57*$G57 -> 0 | AD57: =R57/$I57*$G57 -> 0 | ... AG57: =U57/$I57*$G57 -> 0 | AH57: =SUM(W57:AG57) -> 17000
A58: 57 | B58: Гусаков Роман Давидович | E58: =I58*J58 -> 20100 | F58: =VLOOKUP(B58,'[1]Табель цех 01 по 15 червня'!$B$2:$H$77,7,FALSE) -> 0 | G58: =ROUND(E58-D58,-2) -> 20100 | H58: =F58+E58-D58-G58-C58 -> 0 | I58: =Цо!AH58+IRS!AH58+Катеринополь!AH58+'Мк нежин'!AH58+'ЕМС Вооз'!AH58+ООН!AN58+'Червоний хрест'!AH58+Укрнафта!AJ58+Кернел!AO58+'Глобино Мк'!AH58+'МД Франківськ'!AH58 -> 134 | J58: 150 | K58: =VLOOKUP(B58,Цо!$B$2:$AH$74,33,FALSE) -> 0 | L58: =VLOOKUP(B58,IRS!$B$2:$AH$73,33,FALSE) -> 9 | M58: =VLOOKUP(B58,Катеринополь!$B$1:$AH$73,33,FALSE) -> 0 | N58: =VLOOKUP(B58,'Мк нежин'!$B$2:$AH$73,33,FALSE) -> 17 | O58: =VLOOKUP(B58,'ЕМС Вооз'!$B$2:$AH$73,33,FALSE) -> 22 | P58: =VLOOKUP(B58,ООН!$H$2:$AN$73,33,FALSE) -> 86 | Q58: =VLOOKUP(B58,'Червоний хрест'!$B$2:$AH$73,33,FALSE) -> 0 | R58: =VLOOKUP(B58,Укрнафта!$D$2:$AJ$73,33,FALSE) -> 0 | S58: =VLOOKUP(B58,Кернел!$I$2:$AO$73,33,FALSE) -> 0 | T58: =VLOOKUP(B58,'Глобино Мк'!$B$2:$AH$73,33,FALSE) -> 0 | U58: =VLOOKUP(B58,'МД Франківськ'!$B$2:$AH$73,33,FALSE) -> 0 | V58: =SUM(K58:U58) -> 134 | W58: =K58/$I58*$G58 -> 0 | X58: =L58/$I58*$G58 -> 1350 | Y58: =M58/$I58*$G58 -> 0 | Z58: =N58/$I58*$G58 -> 2550 | AA58: =O58/$I58*$G58 -> 3300 | AB58: =P58/$I58*$G58 -> 12900 | AC58: =Q58/$I58*$G58 -> 0 | AD58: =R58/$I58*$G58 -> 0 | ... AG58: =U58/$I58*$G58 -> 0 | AH58: =SUM(W58:AG58) -> 20100
A59: 58 | B59: Гусаков Давид Давидович | E59: =I59*J59 -> 18150 | F59: =VLOOKUP(B59,'[1]Табель цех 01 по 15 червня'!$B$2:$H$77,7,FALSE) -> -50 | G59: =ROUND(E59-D59,-2) -> 18200 | H59: =F59+E59-D59-G59-C59 -> -100 | I59: =Цо!AH59+IRS!AH59+Катеринополь!AH59+'Мк нежин'!AH59+'ЕМС Вооз'!AH59+ООН!AN59+'Червоний хрест'!AH59+Укрнафта!AJ59+Кернел!AO59+'Глобино Мк'!AH59+'МД Франківськ'!AH59 -> 121 | J59: 150 | K59: =VLOOKUP(B59,Цо!$B$2:$AH$74,33,FALSE) -> 0 | L59: =VLOOKUP(B59,IRS!$B$2:$AH$73,33,FALSE) -> 20 | M59: =VLOOKUP(B59,Катеринополь!$B$1:$AH$73,33,FALSE) -> 0 | N59: =VLOOKUP(B59,'Мк нежин'!$B$2:$AH$73,33,FALSE) -> 2 | O59: =VLOOKUP(B59,'ЕМС Вооз'!$B$2:$AH$73,33,FALSE) -> 22 | P59: =VLOOKUP(B59,ООН!$H$2:$AN$73,33,FALSE) -> 44 | Q59: =VLOOKUP(B59,'Червоний хрест'!$B$2:$AH$73,33,FALSE) -> 0 | R59: =VLOOKUP(B59,Укрнафта!$D$2:$AJ$73,33,FALSE) -> 33 | S59: =VLOOKUP(B59,Кернел!$I$2:$AO$73,33,FALSE) -> 0 | T59: =VLOOKUP(B59,'Глобино Мк'!$B$2:$AH$73,33,FALSE) -> 0 | U59: =VLOOKUP(B59,'МД Франківськ'!$B$2:$AH$73,33,FALSE) -> 0 | V59: =SUM(K59:U59) -> 121 | W59: =K59/$I59*$G59 -> 0 | X59: =L59/$I59*$G59 -> 3008.2645 | Y59: =M59/$I59*$G59 -> 0 | Z59: =N59/$I59*$G59 -> 300.82645 | AA59: =O59/$I59*$G59 -> 3309.0909 | AB59: =P59/$I59*$G59 -> 6618.1818 | AC59: =Q59/$I59*$G59 -> 0 | AD59: =R59/$I59*$G59 -> 4963.6364 | ... AG59: =U59/$I59*$G59 -> 0 | AH59: =SUM(W59:AG59) -> 18200
A60: 59 | B60: Тужиков Артем Денисович | E60: =I60*J60 -> 54000 | F60: =VLOOKUP(B60,'[1]Табель цех 01 по 15 червня'!$B$2:$H$77,7,FALSE) -> -50 | G60: =ROUND(E60-D60,-2) -> 54000 | H60: =F60+E60-D60-G60-C60 -> -50 | I60: =Цо!AH60+IRS!AH60+Катеринополь!AH60+'Мк нежин'!AH60+'ЕМС Вооз'!AH60+ООН!AN60+'Червоний хрест'!AH60+Укрнафта!AJ60+Кернел!AO60+'Глобино Мк'!AH60+'МД Франківськ'!AH60 -> 360 | J60: 150 | K60: =VLOOKUP(B60,Цо!$B$2:$AH$74,33,FALSE) -> 0 | L60: =VLOOKUP(B60,IRS!$B$2:$AH$73,33,FALSE) -> 0 | M60: =VLOOKUP(B60,Катеринополь!$B$1:$AH$73,33,FALSE) -> 0 | N60: =VLOOKUP(B60,'Мк нежин'!$B$2:$AH$73,33,FALSE) -> 0 | O60: =VLOOKUP(B60,'ЕМС Вооз'!$B$2:$AH$73,33,FALSE) -> 360 | P60: =VLOOKUP(B60,ООН!$H$2:$AN$73,33,FALSE) -> 0 | Q60: =VLOOKUP(B60,'Червоний хрест'!$B$2:$AH$73,33,FALSE) -> 0 | R60: =VLOOKUP(B60,Укрнафта!$D$2:$AJ$73,33,FALSE) -> 0 | S60: =VLOOKUP(B60,Кернел!$I$2:$AO$73,33,FALSE) -> 0 | T60: =VLOOKUP(B60,'Глобино Мк'!$B$2:$AH$73,33,FALSE) -> 0 | U60: =VLOOKUP(B60,'МД Франківськ'!$B$2:$AH$73,33,FALSE) -> 0 | V60: =SUM(K60:U60) -> 360 | W60: =K60/$I60*$G60 -> 0 | X60: =L60/$I60*$G60 -> 0 | Y60: =M60/$I60*$G60 -> 0 | Z60: =N60/$I60*$G60 -> 0 | AA60: =O60/$I60*$G60 -> 54000 | AB60: =P60/$I60*$G60 -> 0 | AC60: =Q60/$I60*$G60 -> 0 | AD60: =R60/$I60*$G60 -> 0 | ... AG60: =U60/$I60*$G60 -> 0 | AH60: =SUM(W60:AG60) -> 54000
A61: 60 | B61: Ластовка Андрій Михайлович | E61: =I61*J61 -> 54000 | F61: =VLOOKUP(B61,'[1]Табель цех 01 по 15 червня'!$B$2:$H$77,7,FALSE) -> 0 | G61: =ROUND(E61-D61,-2) -> 54000 | H61: =F61+E61-D61-G61-C61 -> 0 | I61: =Цо!AH61+IRS!AH61+Катеринополь!AH61+'Мк нежин'!AH61+'ЕМС Вооз'!AH61+ООН!AN61+'Червоний хрест'!AH61+Укрнафта!AJ61+Кернел!AO61+'Глобино Мк'!AH61+'МД Франківськ'!AH61 -> 360 | J61: 150 | K61: =VLOOKUP(B61,Цо!$B$2:$AH$74,33,FALSE) -> 0 | L61: =VLOOKUP(B61,IRS!$B$2:$AH$73,33,FALSE) -> 0 | M61: =VLOOKUP(B61,Катеринополь!$B$1:$AH$73,33,FALSE) -> 0 | N61: =VLOOKUP(B61,'Мк нежин'!$B$2:$AH$73,33,FALSE) -> 0 | O61: =VLOOKUP(B61,'ЕМС Вооз'!$B$2:$AH$73,33,FALSE) -> 360 | P61: =VLOOKUP(B61,ООН!$H$2:$AN$73,33,FALSE) -> 0 | Q61: =VLOOKUP(B61,'Червоний хрест'!$B$2:$AH$73,33,FALSE) -> 0 | R61: =VLOOKUP(B61,Укрнафта!$D$2:$AJ$73,33,FALSE) -> 0 | S61: =VLOOKUP(B61,Кернел!$I$2:$AO$73,33,FALSE) -> 0 | T61: =VLOOKUP(B61,'Глобино Мк'!$B$2:$AH$73,33,FALSE) -> 0 | U61: =VLOOKUP(B61,'МД Франківськ'!$B$2:$AH$73,33,FALSE) -> 0 | V61: =SUM(K61:U61) -> 360 | W61: =K61/$I61*$G61 -> 0 | X61: =L61/$I61*$G61 -> 0 | Y61: =M61/$I61*$G61 -> 0 | Z61: =N61/$I61*$G61 -> 0 | AA61: =O61/$I61*$G61 -> 54000 | AB61: =P61/$I61*$G61 -> 0 | AC61: =Q61/$I61*$G61 -> 0 | AD61: =R61/$I61*$G61 -> 0 | ... AG61: =U61/$I61*$G61 -> 0 | AH61: =SUM(W61:AG61) -> 54000
A62: 61 | B62: Гусаков Олександр Давидович | E62: =I62*J62 -> 2400 | F62: =VLOOKUP(B62,'[1]Табель цех 01 по 15 червня'!$B$2:$H$77,7,FALSE) -> 0 | G62: =ROUND(E62-D62,-2) -> 2400 | H62: =F62+E62-D62-G62-C62 -> 0 | I62: =Цо!AH62+IRS!AH62+Катеринополь!AH62+'Мк нежин'!AH62+'ЕМС Вооз'!AH62+ООН!AN62+'Червоний хрест'!AH62+Укрнафта!AJ62+Кернел!AO62+'Глобино Мк'!AH62+'МД Франківськ'!AH62 -> 16 | J62: 150 | K62: =VLOOKUP(B62,Цо!$B$2:$AH$74,33,FALSE) -> 0 | L62: =VLOOKUP(B62,IRS!$B$2:$AH$73,33,FALSE) -> 0 | M62: =VLOOKUP(B62,Катеринополь!$B$1:$AH$73,33,FALSE) -> 0 | N62: =VLOOKUP(B62,'Мк нежин'!$B$2:$AH$73,33,FALSE) -> 0 | O62: =VLOOKUP(B62,'ЕМС Вооз'!$B$2:$AH$73,33,FALSE) -> 0 | P62: =VLOOKUP(B62,ООН!$H$2:$AN$73,33,FALSE) -> 16 | Q62: =VLOOKUP(B62,'Червоний хрест'!$B$2:$AH$73,33,FALSE) -> 0 | R62: =VLOOKUP(B62,Укрнафта!$D$2:$AJ$73,33,FALSE) -> 0 | S62: =VLOOKUP(B62,Кернел!$I$2:$AO$73,33,FALSE) -> 0 | T62: =VLOOKUP(B62,'Глобино Мк'!$B$2:$AH$73,33,FALSE) -> 0 | U62: =VLOOKUP(B62,'МД Франківськ'!$B$2:$AH$73,33,FALSE) -> 0 | V62: =SUM(K62:U62) -> 16 | W62: =K62/$I62*$G62 -> 0 | X62: =L62/$I62*$G62 -> 0 | Y62: =M62/$I62*$G62 -> 0 | Z62: =N62/$I62*$G62 -> 0 | AA62: =O62/$I62*$G62 -> 0 | AB62: =P62/$I62*$G62 -> 2400 | AC62: =Q62/$I62*$G62 -> 0 | AD62: =R62/$I62*$G62 -> 0 | ... AG62: =U62/$I62*$G62 -> 0 | AH62: =SUM(W62:AG62) -> 2400
A63: 62 | B63: Рубленко Ярослав Михайлович | E63: =I63*J63 -> 16800 | F63: =VLOOKUP(B63,'[1]Табель цех 01 по 15 червня'!$B$2:$H$77,7,FALSE) -> -50 | G63: =ROUND(E63-D63,-2) -> 16800 | H63: =F63+E63-D63-G63-C63 -> -50 | I63: =Цо!AH63+IRS!AH63+Катеринополь!AH63+'Мк нежин'!AH63+'ЕМС Вооз'!AH63+ООН!AN63+'Червоний хрест'!AH63+Укрнафта!AJ63+Кернел!AO63+'Глобино Мк'!AH63+'МД Франківськ'!AH63 -> 112 | J63: 150 | K63: =VLOOKUP(B63,Цо!$B$2:$AH$74,33,FALSE) -> 0 | L63: =VLOOKUP(B63,IRS!$B$2:$AH$73,33,FALSE) -> 28 | M63: =VLOOKUP(B63,Катеринополь!$B$1:$AH$73,33,FALSE) -> 0 | N63: =VLOOKUP(B63,'Мк нежин'!$B$2:$AH$73,33,FALSE) -> 7 | O63: =VLOOKUP(B63,'ЕМС Вооз'!$B$2:$AH$73,33,FALSE) -> 11 | P63: =VLOOKUP(B63,ООН!$H$2:$AN$73,33,FALSE) -> 22 | Q63: =VLOOKUP(B63,'Червоний хрест'!$B$2:$AH$73,33,FALSE) -> 0 | R63: =VLOOKUP(B63,Укрнафта!$D$2:$AJ$73,33,FALSE) -> 33 | S63: =VLOOKUP(B63,Кернел!$I$2:$AO$73,33,FALSE) -> 0 | T63: =VLOOKUP(B63,'Глобино Мк'!$B$2:$AH$73,33,FALSE) -> 11 | U63: =VLOOKUP(B63,'МД Франківськ'!$B$2:$AH$73,33,FALSE) -> 0 | V63: =SUM(K63:U63) -> 112 | W63: =K63/$I63*$G63 -> 0 | X63: =L63/$I63*$G63 -> 4200 | Y63: =M63/$I63*$G63 -> 0 | Z63: =N63/$I63*$G63 -> 1050 | AA63: =O63/$I63*$G63 -> 1650 | AB63: =P63/$I63*$G63 -> 3300 | AC63: =Q63/$I63*$G63 -> 0 | AD63: =R63/$I63*$G63 -> 4950 | ... AG63: =U63/$I63*$G63 -> 0 | AH63: =SUM(W63:AG63) -> 16800
A64: 63 | B64: Левченко Вадим Анатолійович | E64: =I64*J64 -> 13200 | F64: =VLOOKUP(B64,'[1]Табель цех 01 по 15 червня'!$B$2:$H$77,7,FALSE) -> -50 | G64: =ROUND(E64-D64,-2) -> 13200 | H64: =F64+E64-D64-G64-C64 -> -50 | I64: =Цо!AH64+IRS!AH64+Катеринополь!AH64+'Мк нежин'!AH64+'ЕМС Вооз'!AH64+ООН!AN64+'Червоний хрест'!AH64+Укрнафта!AJ64+Кернел!AO64+'Глобино Мк'!AH64+'МД Франківськ'!AH64 -> 88 | J64: 150 | K64: =VLOOKUP(B64,Цо!$B$2:$AH$74,33,FALSE) -> 0 | L64: =VLOOKUP(B64,IRS!$B$2:$AH$73,33,FALSE) -> 0 | M64: =VLOOKUP(B64,Катеринополь!$B$1:$AH$73,33,FALSE) -> 0 | N64: =VLOOKUP(B64,'Мк нежин'!$B$2:$AH$73,33,FALSE) -> 0 | O64: =VLOOKUP(B64,'ЕМС Вооз'!$B$2:$AH$73,33,FALSE) -> 0 | P64: =VLOOKUP(B64,ООН!$H$2:$AN$73,33,FALSE) -> 77 | Q64: =VLOOKUP(B64,'Червоний хрест'!$B$2:$AH$73,33,FALSE) -> 0 | R64: =VLOOKUP(B64,Укрнафта!$D$2:$AJ$73,33,FALSE) -> 0 | S64: =VLOOKUP(B64,Кернел!$I$2:$AO$73,33,FALSE) -> 0 | T64: =VLOOKUP(B64,'Глобино Мк'!$B$2:$AH$73,33,FALSE) -> 11 | U64: =VLOOKUP(B64,'МД Франківськ'!$B$2:$AH$73,33,FALSE) -> 0 | V64: =SUM(K64:U64) -> 88 | W64: =K64/$I64*$G64 -> 0 | X64: =L64/$I64*$G64 -> 0 | Y64: =M64/$I64*$G64 -> 0 | Z64: =N64/$I64*$G64 -> 0 | AA64: =O64/$I64*$G64 -> 0 | AB64: =P64/$I64*$G64 -> 11550 | AC64: =Q64/$I64*$G64 -> 0 | AD64: =R64/$I64*$G64 -> 0 | ... AG64: =U64/$I64*$G64 -> 0 | AH64: =SUM(W64:AG64) -> 13200
A65: 64 | B65: Козленко Максим В’ячеславович | E65: =I65*J65 -> 15900 | F65: =VLOOKUP(B65,'[1]Табель цех 01 по 15 червня'!$B$2:$H$77,7,FALSE) -> -50 | G65: =ROUND(E65-D65,-2) -> 15900 | H65: =F65+E65-D65-G65-C65 -> -50 | I65: =Цо!AH65+IRS!AH65+Катеринополь!AH65+'Мк нежин'!AH65+'ЕМС Вооз'!AH65+ООН!AN65+'Червоний хрест'!AH65+Укрнафта!AJ65+Кернел!AO65+'Глобино Мк'!AH65+'МД Франківськ'!AH65 -> 106 | J65: 150 | K65: =VLOOKUP(B65,Цо!$B$2:$AH$74,33,FALSE) -> 0 | L65: =VLOOKUP(B65,IRS!$B$2:$AH$73,33,FALSE) -> 0 | M65: =VLOOKUP(B65,Катеринополь!$B$1:$AH$73,33,FALSE) -> 0 | N65: =VLOOKUP(B65,'Мк нежин'!$B$2:$AH$73,33,FALSE) -> 9 | O65: =VLOOKUP(B65,'ЕМС Вооз'!$B$2:$AH$73,33,FALSE) -> 0 | P65: =VLOOKUP(B65,ООН!$H$2:$AN$73,33,FALSE) -> 97 | Q65: =VLOOKUP(B65,'Червоний хрест'!$B$2:$AH$73,33,FALSE) -> 0 | R65: =VLOOKUP(B65,Укрнафта!$D$2:$AJ$73,33,FALSE) -> 0 | S65: =VLOOKUP(B65,Кернел!$I$2:$AO$73,33,FALSE) -> 0 | T65: =VLOOKUP(B65,'Глобино Мк'!$B$2:$AH$73,33,FALSE) -> 0 | U65: =VLOOKUP(B65,'МД Франківськ'!$B$2:$AH$73,33,FALSE) -> 0 | V65: =SUM(K65:U65) -> 106 | W65: =K65/$I65*$G65 -> 0 | X65: =L65/$I65*$G65 -> 0 | Y65: =M65/$I65*$G65 -> 0 | Z65: =N65/$I65*$G65 -> 1350 | AA65: =O65/$I65*$G65 -> 0 | AB65: =P65/$I65*$G65 -> 14550 | AC65: =Q65/$I65*$G65 -> 0 | AD65: =R65/$I65*$G65 -> 0 | ... AG65: =U65/$I65*$G65 -> 0 | AH65: =SUM(W65:AG65) -> 15900
A66: 65 | B66: Шомін Вадим Сергійович | E66: =I66*J66 -> 19050 | F66: =VLOOKUP(B66,'[1]Табель цех 01 по 15 червня'!$B$2:$H$77,7,FALSE) -> -50 | G66: =ROUND(E66-D66,-2) -> 19100 | H66: =F66+E66-D66-G66-C66 -> -100 | I66: =Цо!AH66+IRS!AH66+Катеринополь!AH66+'Мк нежин'!AH66+'ЕМС Вооз'!AH66+ООН!AN66+'Червоний хрест'!AH66+Укрнафта!AJ66+Кернел!AO66+'Глобино Мк'!AH66+'МД Франківськ'!AH66 -> 127 | J66: 150 | K66: =VLOOKUP(B66,Цо!$B$2:$AH$74,33,FALSE) -> 116 | L66: =VLOOKUP(B66,IRS!$B$2:$AH$73,33,FALSE) -> 0 | M66: =VLOOKUP(B66,Катеринополь!$B$1:$AH$73,33,FALSE) -> 0 | N66: =VLOOKUP(B66,'Мк нежин'!$B$2:$AH$73,33,FALSE) -> 0 | O66: =VLOOKUP(B66,'ЕМС Вооз'!$B$2:$AH$73,33,FALSE) -> 0 | P66: =VLOOKUP(B66,ООН!$H$2:$AN$73,33,FALSE) -> 11 | Q66: =VLOOKUP(B66,'Червоний хрест'!$B$2:$AH$73,33,FALSE) -> 0 | R66: =VLOOKUP(B66,Укрнафта!$D$2:$AJ$73,33,FALSE) -> 0 | S66: =VLOOKUP(B66,Кернел!$I$2:$AO$73,33,FALSE) -> 0 | T66: =VLOOKUP(B66,'Глобино Мк'!$B$2:$AH$73,33,FALSE) -> 0 | U66: =VLOOKUP(B66,'МД Франківськ'!$B$2:$AH$73,33,FALSE) -> 0 | V66: =SUM(K66:U66) -> 127 | W66: =K66/$I66*$G66 -> 17445.669 | X66: =L66/$I66*$G66 -> 0 | Y66: =M66/$I66*$G66 -> 0 | Z66: =N66/$I66*$G66 -> 0 | AA66: =O66/$I66*$G66 -> 0 | AB66: =P66/$I66*$G66 -> 1654.3307 | AC66: =Q66/$I66*$G66 -> 0 | AD66: =R66/$I66*$G66 -> 0 | ... AG66: =U66/$I66*$G66 -> 0 | AH66: =SUM(W66:AG66) -> 19100
A67: 66 | B67: Козленко Єгор Максимович | E67: =I67*J67 -> 14250 | F67: =VLOOKUP(B67,'[1]Табель цех 01 по 15 червня'!$B$2:$H$77,7,FALSE) -> 0 | G67: =ROUND(E67-D67,-2) -> 14300 | H67: =F67+E67-D67-G67-C67 -> -50 | I67: =Цо!AH67+IRS!AH67+Катеринополь!AH67+'Мк нежин'!AH67+'ЕМС Вооз'!AH67+ООН!AN67+'Червоний хрест'!AH67+Укрнафта!AJ67+Кернел!AO67+'Глобино Мк'!AH67+'МД Франківськ'!AH67 -> 95 | J67: 150 | K67: =VLOOKUP(B67,Цо!$B$2:$AH$74,33,FALSE) -> 0 | L67: =VLOOKUP(B67,IRS!$B$2:$AH$73,33,FALSE) -> 0 | M67: =VLOOKUP(B67,Катеринополь!$B$1:$AH$73,33,FALSE) -> 17 | N67: =VLOOKUP(B67,'Мк нежин'!$B$2:$AH$73,33,FALSE) -> 7 | O67: =VLOOKUP(B67,'ЕМС Вооз'!$B$2:$AH$73,33,FALSE) -> 0 | P67: =VLOOKUP(B67,ООН!$H$2:$AN$73,33,FALSE) -> 71 | Q67: =VLOOKUP(B67,'Червоний хрест'!$B$2:$AH$73,33,FALSE) -> 0 | R67: =VLOOKUP(B67,Укрнафта!$D$2:$AJ$73,33,FALSE) -> 0 | S67: =VLOOKUP(B67,Кернел!$I$2:$AO$73,33,FALSE) -> 0 | T67: =VLOOKUP(B67,'Глобино Мк'!$B$2:$AH$73,33,FALSE) -> 0 | U67: =VLOOKUP(B67,'МД Франківськ'!$B$2:$AH$73,33,FALSE) -> 0 | V67: =SUM(K67:U67) -> 95 | W67: =K67/$I67*$G67 -> 0 | X67: =L67/$I67*$G67 -> 0 | Y67: =M67/$I67*$G67 -> 2558.9474 | Z67: =N67/$I67*$G67 -> 1053.6842 | AA67: =O67/$I67*$G67 -> 0 | AB67: =P67/$I67*$G67 -> 10687.368 | AC67: =Q67/$I67*$G67 -> 0 | AD67: =R67/$I67*$G67 -> 0 | ... AG67: =U67/$I67*$G67 -> 0 | AH67: =SUM(W67:AG67) -> 14300
... A69: 68 | B69: Глібико Денис Володимирович | E69: =I69*J69 -> 16350 | F69: =VLOOKUP(B69,'[1]Табель цех 01 по 15 червня'!$B$2:$H$77,7,FALSE) -> 0 | G69: =ROUND(E69-D69,-2) -> 16400 | H69: =F69+E69-D69-G69-C69 -> -50 | I69: =Цо!AH69+IRS!AH69+Катеринополь!AH69+'Мк нежин'!AH69+'ЕМС Вооз'!AH69+ООН!AN69+'Червоний хрест'!AH69+Укрнафта!AJ69+Кернел!AO69+'Глобино Мк'!AH69+'МД Франківськ'!AH69 -> 109 | J69: 150 | K69: =VLOOKUP(B69,Цо!$B$2:$AH$74,33,FALSE) -> 0 | L69: =VLOOKUP(B69,IRS!$B$2:$AH$73,33,FALSE) -> 22 | M69: =VLOOKUP(B69,Катеринополь!$B$1:$AH$73,33,FALSE) -> 0 | N69: =VLOOKUP(B69,'Мк нежин'!$B$2:$AH$73,33,FALSE) -> 0 | O69: =VLOOKUP(B69,'ЕМС Вооз'!$B$2:$AH$73,33,FALSE) -> 11 | P69: =VLOOKUP(B69,ООН!$H$2:$AN$73,33,FALSE) -> 0 | Q69: =VLOOKUP(B69,'Червоний хрест'!$B$2:$AH$73,33,FALSE) -> 11 | R69: =VLOOKUP(B69,Укрнафта!$D$2:$AJ$73,33,FALSE) -> 0 | S69: =VLOOKUP(B69,Кернел!$I$2:$AO$73,33,FALSE) -> 11 | T69: =VLOOKUP(B69,'Глобино Мк'!$B$2:$AH$73,33,FALSE) -> 32 | U69: =VLOOKUP(B69,'МД Франківськ'!$B$2:$AH$73,33,FALSE) -> 22 | V69: =SUM(K69:U69) -> 109 | W69: =K69/$I69*$G69 -> 0 | X69: =L69/$I69*$G69 -> 3310.0917 | Y69: =M69/$I69*$G69 -> 0 | Z69: =N69/$I69*$G69 -> 0 | AA69: =O69/$I69*$G69 -> 1655.0459 | AB69: =P69/$I69*$G69 -> 0 | AC69: =Q69/$I69*$G69 -> 1655.0459 | AD69: =R69/$I69*$G69 -> 0 | ... AG69: =U69/$I69*$G69 -> 3310.0917 | AH69: =SUM(W69:AG69) -> 16400
A70: 69 | B70: Пилипчук Олександр Анатолійович | D70: 3756.26 | E70: =I70*J70 -> 18300 | F70: =VLOOKUP(B70,'[1]Табель цех 01 по 15 червня'!$B$2:$H$77,7,FALSE) -> -29.55 | G70: =ROUND(E70-D70,-2) -> 14500 | H70: =F70+E70-D70-G70-C70 -> 14.19 | I70: =Цо!AH70+IRS!AH70+Катеринополь!AH70+'Мк нежин'!AH70+'ЕМС Вооз'!AH70+ООН!AN70+'Червоний хрест'!AH70+Укрнафта!AJ70+Кернел!AO70+'Глобино Мк'!AH70+'МД Франківськ'!AH70 -> 122 | J70: 150 | K70: =VLOOKUP(B70,Цо!$B$2:$AH$74,33,FALSE) -> 0 | L70: =VLOOKUP(B70,IRS!$B$2:$AH$73,33,FALSE) -> 6 | M70: =VLOOKUP(B70,Катеринополь!$B$1:$AH$73,33,FALSE) -> 22 | N70: =VLOOKUP(B70,'Мк нежин'!$B$2:$AH$73,33,FALSE) -> 39 | O70: =VLOOKUP(B70,'ЕМС Вооз'!$B$2:$AH$73,33,FALSE) -> 11 | P70: =VLOOKUP(B70,ООН!$H$2:$AN$73,33,FALSE) -> 0 | Q70: =VLOOKUP(B70,'Червоний хрест'!$B$2:$AH$73,33,FALSE) -> 0 | R70: =VLOOKUP(B70,Укрнафта!$D$2:$AJ$73,33,FALSE) -> 0 | S70: =VLOOKUP(B70,Кернел!$I$2:$AO$73,33,FALSE) -> 0 | T70: =VLOOKUP(B70,'Глобино Мк'!$B$2:$AH$73,33,FALSE) -> 44 | U70: =VLOOKUP(B70,'МД Франківськ'!$B$2:$AH$73,33,FALSE) -> 0 | V70: =SUM(K70:U70) -> 122 | W70: =K70/$I70*$G70 -> 0 | X70: =L70/$I70*$G70 -> 713.11475 | Y70: =M70/$I70*$G70 -> 2614.7541 | Z70: =N70/$I70*$G70 -> 4635.2459 | AA70: =O70/$I70*$G70 -> 1307.377 | AB70: =P70/$I70*$G70 -> 0 | AC70: =Q70/$I70*$G70 -> 0 | AD70: =R70/$I70*$G70 -> 0 | ... AG70: =U70/$I70*$G70 -> 0 | AH70: =SUM(W70:AG70) -> 14500
A71: 70 | B71: Масливець Ярослав Ігорович | E71: =I71*J71 -> 13200 | G71: =ROUND(E71-D71,-2) -> 13200 | H71: =F71+E71-D71-G71-C71 -> 0 | I71: =Цо!AH71+IRS!AH71+Катеринополь!AH71+'Мк нежин'!AH71+'ЕМС Вооз'!AH71+ООН!AN71+'Червоний хрест'!AH71+Укрнафта!AJ71+Кернел!AO71+'Глобино Мк'!AH71+'МД Франківськ'!AH71 -> 88 | J71: 150 | K71: =VLOOKUP(B71,Цо!$B$2:$AH$74,33,FALSE) -> 22 | L71: =VLOOKUP(B71,IRS!$B$2:$AH$73,33,FALSE) -> 11 | M71: =VLOOKUP(B71,Катеринополь!$B$1:$AH$73,33,FALSE) -> 0 | N71: =VLOOKUP(B71,'Мк нежин'!$B$2:$AH$73,33,FALSE) -> 0 | O71: =VLOOKUP(B71,'ЕМС Вооз'!$B$2:$AH$73,33,FALSE) -> 0 | P71: =VLOOKUP(B71,ООН!$H$2:$AN$73,33,FALSE) -> 55 | Q71: =VLOOKUP(B71,'Червоний хрест'!$B$2:$AH$73,33,FALSE) -> 0 | R71: =VLOOKUP(B71,Укрнафта!$D$2:$AJ$73,33,FALSE) -> 0 | S71: =VLOOKUP(B71,Кернел!$I$2:$AO$73,33,FALSE) -> 0 | T71: =VLOOKUP(B71,'Глобино Мк'!$B$2:$AH$73,33,FALSE) -> 0 | U71: =VLOOKUP(B71,'МД Франківськ'!$B$2:$AH$73,33,FALSE) -> 0 | V71: =SUM(K71:U71) -> 88 | W71: =K71/$I71*$G71 -> 3300 | X71: =L71/$I71*$G71 -> 1650 | Y71: =M71/$I71*$G71 -> 0 | Z71: =N71/$I71*$G71 -> 0 | AA71: =O71/$I71*$G71 -> 0 | AB71: =P71/$I71*$G71 -> 8250 | AC71: =Q71/$I71*$G71 -> 0 | AD71: =R71/$I71*$G71 -> 0 | ... AG71: =U71/$I71*$G71 -> 0 | AH71: =SUM(W71:AG71) -> 13200
A72: 71 | B72: Германчук Сергій Сергійович | E72: =I72*J72 -> 8850 | G72: =ROUND(E72-D72,-2) -> 8900 | H72: =F72+E72-D72-G72-C72 -> -50 | I72: =Цо!AH72+IRS!AH72+Катеринополь!AH72+'Мк нежин'!AH72+'ЕМС Вооз'!AH72+ООН!AN72+'Червоний хрест'!AH72+Укрнафта!AJ72+Кернел!AO72+'Глобино Мк'!AH72+'МД Франківськ'!AH72 -> 59 | J72: 150 | K72: =VLOOKUP(B72,Цо!$B$2:$AH$74,33,FALSE) -> 38 | L72: =VLOOKUP(B72,IRS!$B$2:$AH$73,33,FALSE) -> 10 | M72: =VLOOKUP(B72,Катеринополь!$B$1:$AH$73,33,FALSE) -> 0 | N72: =VLOOKUP(B72,'Мк нежин'!$B$2:$AH$73,33,FALSE) -> 0 | O72: =VLOOKUP(B72,'ЕМС Вооз'!$B$2:$AH$73,33,FALSE) -> 0 | P72: =VLOOKUP(B72,ООН!$H$2:$AN$73,33,FALSE) -> 11 | Q72: =VLOOKUP(B72,'Червоний хрест'!$B$2:$AH$73,33,FALSE) -> 0 | R72: =VLOOKUP(B72,Укрнафта!$D$2:$AJ$73,33,FALSE) -> 0 | S72: =VLOOKUP(B72,Кернел!$I$2:$AO$73,33,FALSE) -> 0 | T72: =VLOOKUP(B72,'Глобино Мк'!$B$2:$AH$73,33,FALSE) -> 0 | U72: =VLOOKUP(B72,'МД Франківськ'!$B$2:$AH$73,33,FALSE) -> 0 | V72: =SUM(K72:U72) -> 59 | W72: =K72/$I72*$G72 -> 5732.2034 | X72: =L72/$I72*$G72 -> 1508.4746 | Y72: =M72/$I72*$G72 -> 0 | Z72: =N72/$I72*$G72 -> 0 | AA72: =O72/$I72*$G72 -> 0 | AB72: =P72/$I72*$G72 -> 1659.322 | AC72: =Q72/$I72*$G72 -> 0 | AD72: =R72/$I72*$G72 -> 0 | ... AG72: =U72/$I72*$G72 -> 0 | AH72: =SUM(W72:AG72) -> 8900
A73: 72 | B73: Велетнюк Матвій Ігорович | E73: =I73*J73 -> 6300 | G73: =ROUND(E73-D73,-2) -> 6300 | H73: =F73+E73-D73-G73-C73 -> 0 | I73: =Цо!AH73+IRS!AH73+Катеринополь!AH73+'Мк нежин'!AH73+'ЕМС Вооз'!AH73+ООН!AN73+'Червоний хрест'!AH73+Укрнафта!AJ73+Кернел!AO73+'Глобино Мк'!AH73+'МД Франківськ'!AH73 -> 42 | J73: 150 | K73: =VLOOKUP(B73,Цо!$B$2:$AH$74,33,FALSE) -> 11 | L73: =VLOOKUP(B73,IRS!$B$2:$AH$73,33,FALSE) -> 11 | M73: =VLOOKUP(B73,Катеринополь!$B$1:$AH$73,33,FALSE) -> 0 | N73: =VLOOKUP(B73,'Мк нежин'!$B$2:$AH$73,33,FALSE) -> 9 | O73: =VLOOKUP(B73,'ЕМС Вооз'!$B$2:$AH$73,33,FALSE) -> 0 | P73: =VLOOKUP(B73,ООН!$H$2:$AN$73,33,FALSE) -> 0 | Q73: =VLOOKUP(B73,'Червоний хрест'!$B$2:$AH$73,33,FALSE) -> 0 | R73: =VLOOKUP(B73,Укрнафта!$D$2:$AJ$73,33,FALSE) -> 0 | S73: =VLOOKUP(B73,Кернел!$I$2:$AO$73,33,FALSE) -> 0 | T73: =VLOOKUP(B73,'Глобино Мк'!$B$2:$AH$73,33,FALSE) -> 11 | U73: =VLOOKUP(B73,'МД Франківськ'!$B$2:$AH$73,33,FALSE) -> 0 | V73: =SUM(K73:U73) -> 42 | W73: =K73/$I73*$G73 -> 1650 | X73: =L73/$I73*$G73 -> 1650 | Y73: =M73/$I73*$G73 -> 0 | Z73: =N73/$I73*$G73 -> 1350 | AA73: =O73/$I73*$G73 -> 0 | AB73: =P73/$I73*$G73 -> 0 | AC73: =Q73/$I73*$G73 -> 0 | AD73: =R73/$I73*$G73 -> 0 | ... AG73: =U73/$I73*$G73 -> 0 | AH73: =SUM(W73:AG73) -> 6300
F74: =SUM(F2:F73) -> -985.3 | H74: =SUM(H2:H73) -> -998.14 | I74: =SUM(I2:I73) -> 10037 | K74: =SUBTOTAL(9,K2:K73) -> 436 | L74: =SUBTOTAL(9,L2:L73) -> 941 | M74: =SUBTOTAL(9,M2:M73) -> 468 | N74: =SUBTOTAL(9,N2:N73) -> 895 | O74: =SUBTOTAL(9,O2:O73) -> 2445 | P74: =SUBTOTAL(9,P2:P73) -> 1991 | Q74: =SUBTOTAL(9,Q2:Q73) -> 779 | R74: =SUBTOTAL(9,R2:R73) -> 330 | ... U74: =SUBTOTAL(9,U2:U73) -> 304 | V74: =SUM(K74:U74) -> 10037 | W74: =SUM(W2:W73) -> 61453.07 | X74: =SUM(X2:X73) -> 129722.87 | Y74: =SUM(Y2:Y73) -> 60202.476 | Z74: =SUM(Z2:Z73) -> 115386.26 | AA74: =SUM(AA2:AA73) -> 346108.85 | AB74: =SUM(AB2:AB73) -> 273388.15 | AC74: =SUM(AC2:AC73) -> 108366.06 | AD74: =SUM(AD2:AD73) -> 42920.986 | ... AH74: =SUM(AH2:AH73) -> 1372900
K75: =K74-K2-K12-K14 -> 436 | L75: =L74-L2-L12-L14 -> 858 | M75: =M74-M2-M12-M14 -> 388 | N75: =N74-N2-N12-N14 -> 873 | O75: =O74-O2-O12-O14 -> 2412 | P75: =P74-P2-P12-P14 -> 1903 | Q75: =Q74-Q2-Q12-Q14 -> 779 | R75: =R74-R2-R12-R14 -> 330 | ... U75: =U74-U2-U12-U14 -> 260 | V75: =SUM(K75:U75) -> 9676 | W75: =W74-W2-W12-W14 -> 61453.07 | X75: =X74-X2-X12-X14 -> 117546.01 | Y75: =Y74-Y2-Y12-Y14 -> 48202.476 | Z75: =Z74-Z2-Z12-Z14 -> 112086.26 | AA75: =AA74-AA2-AA12-AA14 -> 341331.93 | AB75: =AB74-AB2-AB12-AB14 -> 260649.69 | AC75: =AC74-AC2-AC12-AC14 -> 108366.06 | AD75: =AD74-AD2-AD12-AD14 -> 42920.986 | ... AG75: =AG74-AG2-AG12-AG14 -> 34432.318 | AH75: =SUM(W75:AG75) -> 1319800
V76: =V74-V75 -> 361 | AH76: =AH74-AH75 -> 53100 | AI76: ИТР
D78: =SUM(D2:D77) -> 143492.84 | E78: =SUM(E2:E77) -> 1516380 | G78: =SUM(G2:G77) -> 1372900

Sheet Цо
A1: N | B1: Сотрудник | C1: 1 | D1: 2 | E1: 3 | F1: 4 | G1: 5 | H1: 6 | I1: 7 | J1: 8 | K1: 9 | L1: 10 | M1: 11 | N1: 12 | O1: 13 | P1: 14 | Q1: 15 | R1: 16 | S1: 17 | T1: 18 | U1: 19 | V1: 20 | W1: 21 | X1: 22 | Y1: 23 | Z1: 24 | AA1: 25 | AB1: 26 | AC1: 27 | AD1: 28 | AE1: 29 | AF1: 30 | AG1: 31 | AH1: Всего часов
A2: 1 | B2: Скрипник Сергій Павлович | AH2: 0
A3: 2 | B3: Багацький Вадим Геннадійович | AH3: 0
A4: 3 | B4: Васильєв Віталій Юрійович | AH4: 0
A5: 4 | B5: Григоренко Олександр Миколайович | AH5: 0
A6: 5 | B6: Григорьєв Микола | AH6: 0
A7: 6 | B7: Григор'єв Михайло Андрійович | AH7: 0
A8: 7 | B8: Іванов Олексій Вікторович | AH8: 0
A9: 8 | B9: Іскрицький Денис Русланович | AH9: 0
A10: 9 | B10: Корнієнко Станіслав Володимирович | AH10: 0
A11: 10 | B11: Масливець Ігор Валерійович | J11: 11 | AH11: 11
A12: 11 | B12: Пономаренко Віталій Вікторович | AH12: 0
A13: 12 | B13: Скрипник Олександр Павлович | AH13: 0
A14: 13 | B14: Власенко В'ячеслав Валентинович | AH14: 0
A15: 14 | B15: Поліщук Олександр Олександрович | AH15: 0
A16: 15 | B16: Паламарчук Вячеслав Володимирович | AH16: 0
A17: 16 | B17: Дехтяр Владислав Олександрович | AH17: 0
A18: 17 | B18: Тужиков Валерій Владиславович | AH18: 0
A19: 18 | B19: Сівов Євген Миколайович | AH19: 0
A20: 19 | B20: Кіфор Юрій Михайлович | AH20: 0
A21: 20 | B21: Нестерук Сергій Петрович | AH21: 0
A22: 21 | B22: Петренко Микола Григорович | AH22: 0
A23: 22 | B23: Рубленко Микола Іванович | AH23: 0
... A54: 53 | B54: Самогородський Ігор Віталійович | AH54: 0
A55: 54 | B55: Іванова Світлана Юріївна | C55: 9 | D55: 9 | E55: 9 | F55: 9 | I55: 9 | J55: 9 | K55: 7 | L55: 9 | M55: 9 | N55: 6 | P55: 9 | Q55: 11 | AH55: 105
A56: 55 | B56: Ісайкіна Тетяна Іванівна | C56: 11 | D56: 11 | E56: 11 | F56: 11 | G56: 6 | I56: 11 | J56: 11 | K56: 11 | L56: 11 | M56: 11 | N56: 6 | P56: 11 | Q56: 11 | AH56: 133
A57: 56 | B57: Деркс Сергій Анатолійович | AH57: 0
A58: 57 | B58: Гусаков Роман Давидович | AH58: 0
A59: 58 | B59: Гусаков Давид Давидович | AH59: 0
A60: 59 | B60: Тужиков Артем Денисович | AH60: 0
A61: 60 | B61: Ластовка Андрій Михайлович | AH61: 0
A62: 61 | B62: Гусаков Олександр Давидович | AH62: 0
A63: 62 | B63: Рубленко Ярослав Михайлович | AH63: 0
A64: 63 | B64: Левченко Вадим Анатолійович | AH64: 0
A65: 64 | B65: Козленко Максим В’ячеславович | AH65: 0
A66: 65 | B66: Шомін Вадим Сергійович | C66: 11 | D66: 11 | E66: 11 | F66: 11 | I66: 11 | J66: 11 | L66: 11 | M66: 11 | N66: 6 | P66: 11 | Q66: 11 | AH66: 116
A67: 66 | B67: Козленко Єгор Максимович | AH67: 0
A68: 67 | B68: Повалій Олексій Юрійович | AH68: 0
A69: 68 | B69: Глібико Денис Володимирович | AH69: 0
A70: 69 | B70: Пилипчук Олександр Анатолійович | AH70: 0
A71: 70 | B71: Масливець Ярослав Ігорович | J71: 11 | M71: 11 | AH71: 22
A72: 71 | B72: Германчук Сергій Сергійович | J72: 11 | M72: 11 | N72: 5 | P72: 11 | AH72: 38
A73: 72 | B73: Велетнюк Матвій Ігорович | J73: 11 | AH73: 11
AH74: 436

Sheet IRS
A1: N | B1: Сотрудник | C1: 1 | D1: 2 | E1: 3 | F1: 4 | G1: 5 | H1: 6 | I1: 7 | J1: 8 | K1: 9 | L1: 10 | M1: 11 | N1: 12 | O1: 13 | P1: 14 | Q1: 15 | R1: 16 | S1: 17 | T1: 18 | U1: 19 | V1: 20 | W1: 21 | X1: 22 | Y1: 23 | Z1: 24 | AA1: 25 | AB1: 26 | AC1: 27 | AD1: 28 | AE1: 29 | AF1: 30 | AG1: 31 | AH1: Всего часов
A2: 1 | B2: Скрипник Сергій Павлович | P2: 11 | Q2: 11 | AH2: 22
A3: 2 | B3: Багацький Вадим Геннадійович | P3: 11 | AH3: 11
A4: 3 | B4: Васильєв Віталій Юрійович | AH4: 0
A5: 4 | B5: Григоренко Олександр Миколайович | AH5: 0
A6: 5 | B6: Григорьєв Микола | P6: 11 | Q6: 11 | AH6: 22
A7: 6 | B7: Григор'єв Михайло Андрійович | P7: 11 | Q7: 11 | AH7: 22
A8: 7 | B8: Іванов Олексій Вікторович | AH8: 0
A9: 8 | B9: Іскрицький Денис Русланович | AH9: 0
A10: 9 | B10: Корнієнко Станіслав Володимирович | Q10: 11 | AH10: 11
A11: 10 | B11: Масливець Ігор Валерійович | Q11: 11 | AH11: 11
A12: 11 | B12: Пономаренко Віталій Вікторович | J12: 11 | K12: 11 | L12: 11 | M12: 11 | N12: 6 | Q12: 11 | AH12: 61
A13: 12 | B13: Скрипник Олександр Павлович | Q13: 11 | AH13: 11
A14: 13 | B14: Власенко В'ячеслав Валентинович | AH14: 0
A15: 14 | B15: Поліщук Олександр Олександрович | L15: 11 | M15: 11 | N15: 7 | AH15: 29
A16: 15 | B16: Паламарчук Вячеслав Володимирович | AH16: 0
A17: 16 | B17: Дехтяр Владислав Олександрович | AH17: 0
A18: 17 | B18: Тужиков Валерій Владиславович | AH18: 0
A19: 18 | B19: Сівов Євген Миколайович | AH19: 0
A20: 19 | B20: Кіфор Юрій Михайлович | AH20: 0
A21: 20 | B21: Нестерук Сергій Петрович | AH21: 0
A22: 21 | B22: Петренко Микола Григорович | Q22: 11 | AH22: 11
A23: 22 | B23: Рубленко Микола Іванович | P23: 11 | Q23: 11 | AH23: 22
A24: 23 | B24: Серебренніков Володимир Олександрович | P24: 2 | Q24: 11 | AH24: 13
A25: 24 | B25: Чешко Сергій Анатолійович | AH25: 0
A26: 25 | B26: Нерезенко Євгеній Віктоорович | AH26: 0
A27: 26 | B27: Шавкун Максим Анатолійович | AH27: 0
A28: 27 | B28: Чуйко Олег Олегович | P28: 11 | AH28: 11
A29: 28 | B29: Салюк Дмитро Андрійович | I29: 11 | AH29: 11
A30: 29 | B30: Маковецький Юрій Миколайович | L30: 11 | AH30: 11
A31: 30 | B31: Міненко Олександр Андрійович | AH31: 0
A32: 31 | B32: Салій Дмитро Миколайович | AH32: 0
A33: 32 | B33: Різніченко Олег Олександрович | P33: 9 | AH33: 9
A34: 33 | B34: Рогозовець Андрій Вікторович | K34: 12 | M34: 12 | N34: 7 | P34: 11 | Q34: 11 | AH34: 53
A35: 34 | B35: Старков Кирило Юрійович | AH35: 0
A36: 35 | B36: Зубахін Сергій Александрович | AH36: 0
A37: 36 | B37: Корнієнко Віталій Олегович | AH37: 0
A38: 37 | B38: Рубленко Євген Миколайович | I38: 11 | P38: 11 | Q38: 11 | AH38: 33
A39: 38 | B39: Форманюк Руслан Леонідович | L39: 11 | M39: 11 | N39: 6 | P39: 11 | AH39: 39
A40: 39 | B40: Щербак Петро Іванович | AH40: 0
A41: 40 | B41: Онучак Віктор Іванович | J41: 11 | K41: 11 | L41: 11 | M41: 11 | N41: 6 | AH41: 50
A42: 41 | B42: Кривка Руслан Олександрович | AH42: 0
A43: 42 | B43: Батрак Віктор Володимирович | Q43: 11 | AH43: 11
A44: 43 | B44: Бондаренко Іван Олександрович | AH44: 0
A45: 44 | B45: Токарук Петро Михайлович | M45: 11 | N45: 6 | AH45: 17
A46: 45 | B46: Підлісний Володимир Сергійович | E46: 11 | G46: 7 | I46: 11 | J46: 11 | K46: 11 | L46: 11 | M46: 11 | N46: 6 | Q46: 11 | AH46: 90
A47: 46 | B47: Григоренко Ілля Олександрович | AH47: 0
A48: 47 | B48: Зінченко Дмитро Володимирович | N48: 6 | AH48: 6
A49: 48 | B49: Момот Олексій Миколайович | J49: 11 | K49: 12 | L49: 12 | M49: 12 | N49: 7 | AH49: 54
A50: 49 | B50: Гребінник Олексій Васильович | L50: 11 | M50: 11 | N50: 6 | AH50: 28
A51: 50 | B51: Ізюмець Олександр Евгенович | I51: 11 | AH51: 11
A52: 51 | B52: Маркевич Ігор Ігорьович | E52: 11 | F52: 11 | G52: 6 | I52: 11 | J52: 11 | K52: 11 | L52: 11 | M52: 11 | N52: 6 | AH52: 89
A53: 52 | B53: Раменюк Віталій Сергійович | AH53: 0
A54: 53 | B54: Самогородський Ігор Віталійович | F54: 11 | G54: 7 | J54: 9 | K54: 11 | M54: 11 | N54: 6 | AH54: 55
A55: 54 | B55: Іванова Світлана Юріївна | AH55: 0
A56: 55 | B56: Ісайкіна Тетяна Іванівна | AH56: 0
A57: 56 | B57: Деркс Сергій Анатолійович | AH57: 0
A58: 57 | B58: Гусаков Роман Давидович | N58: 9 | AH58: 9
A59: 58 | B59: Гусаков Давид Давидович | N59: 9 | P59: 11 | AH59: 20
A60: 59 | B60: Тужиков Артем Денисович | AH60: 0
A61: 60 | B61: Ластовка Андрій Михайлович | AH61: 0
A62: 61 | B62: Гусаков Олександр Давидович | AH62: 0
A63: 62 | B63: Рубленко Ярослав Михайлович | I63: 11 | N63: 6 | P63: 11 | AH63: 28
A64: 63 | B64: Левченко Вадим Анатолійович | AH64: 0
A65: 64 | B65: Козленко Максим В’ячеславович | AH65: 0
A66: 65 | B66: Шомін Вадим Сергійович | AH66: 0
A67: 66 | B67: Козленко Єгор Максимович | AH67: 0
A68: 67 | B68: Повалій Олексій Юрійович | AH68: 0
A69: 68 | B69: Глібико Денис Володимирович | E69: 11 | F69: 11 | AH69: 22
A70: 69 | B70: Пилипчук Олександр Анатолійович | N70: 6 | AH70: 6
A71: 70 | B71: Масливець Ярослав Ігорович | Q71: 11 | AH71: 11
A72: 71 | B72: Германчук Сергій Сергійович | Q72: 10 | AH72: 10
A73: 72 | B73: Велетнюк Матвій Ігорович | Q73: 11 | AH73: 11
AH74: 941

Sheet Катеринополь
A1: N | B1: Сотрудник | C1: 1 | D1: 2 | E1: 3 | F1: 4 | G1: 5 | H1: 6 | I1: 7 | J1: 8 | K1: 9 | L1: 10 | M1: 11 | N1: 12 | O1: 13 | P1: 14 | Q1: 15 | R1: 16 | S1: 17 | T1: 18 | U1: 19 | V1: 20 | W1: 21 | X1: 22 | Y1: 23 | Z1: 24 | AA1: 25 | AB1: 26 | AC1: 27 | AD1: 28 | AE1: 29 | AF1: 30 | AG1: 31 | AH1: Всего часов
A2: 1 | B2: Скрипник Сергій Павлович | AH2: 0
A3: 2 | B3: Багацький Вадим Геннадійович | J3: 11 | AH3: 11
A4: 3 | B4: Васильєв Віталій Юрійович | AH4: 0
A5: 4 | B5: Григоренко Олександр Миколайович | AH5: 0
A6: 5 | B6: Григорьєв Микола | AH6: 0
A7: 6 | B7: Григор'єв Михайло Андрійович | AH7: 0
A8: 7 | B8: Іванов Олексій Вікторович | C8: 11 | D8: 11 | E8: 11 | F8: 11 | I8: 11 | J8: 11 | K8: 11 | AH8: 77
A9: 8 | B9: Іскрицький Денис Русланович | AH9: 0
A10: 9 | B10: Корнієнко Станіслав Володимирович | I10: 11 | L10: 11 | AH10: 22
A11: 10 | B11: Масливець Ігор Валерійович | AH11: 0
A12: 11 | B12: Пономаренко Віталій Вікторович | AH12: 0
A13: 12 | B13: Скрипник Олександр Павлович | AH13: 0
A14: 13 | B14: Власенко В'ячеслав Валентинович | D14: 11 | E14: 11 | F14: 11 | G14: 7 | I14: 11 | J14: 11 | M14: 11 | N14: 7 | AH14: 80
A15: 14 | B15: Поліщук Олександр Олександрович | I15: 11 | J15: 11 | AH15: 22
A16: 15 | B16: Паламарчук Вячеслав Володимирович | AH16: 0
A17: 16 | B17: Дехтяр Владислав Олександрович | AH17: 0
A18: 17 | B18: Тужиков Валерій Владиславович | AH18: 0
A19: 18 | B19: Сівов Євген Миколайович | E19: 11 | F19: 11 | G19: 6 | I19: 11 | L19: 5 | M19: 11 | AH19: 55
A20: 19 | B20: Кіфор Юрій Михайлович | AH20: 0
A21: 20 | B21: Нестерук Сергій Петрович | AH21: 0
A22: 21 | B22: Петренко Микола Григорович | AH22: 0
A23: 22 | B23: Рубленко Микола Іванович | AH23: 0
A24: 23 | B24: Серебренніков Володимир Олександрович | AH24: 0
A25: 24 | B25: Чешко Сергій Анатолійович | AH25: 0
A26: 25 | B26: Нерезенко Євгеній Віктоорович | AH26: 0
A27: 26 | B27: Шавкун Максим Анатолійович | AH27: 0
A28: 27 | B28: Чуйко Олег Олегович | AH28: 0
A29: 28 | B29: Салюк Дмитро Андрійович | AH29: 0
A30: 29 | B30: Маковецький Юрій Миколайович | C30: 11 | D30: 11 | E30: 11 | F30: 11 | J30: 11 | AH30: 55
A31: 30 | B31: Міненко Олександр Андрійович | AH31: 0
A32: 31 | B32: Салій Дмитро Миколайович | AH32: 0
A33: 32 | B33: Різніченко Олег Олександрович | I33: 9 | AH33: 9
A34: 33 | B34: Рогозовець Андрій Вікторович | AH34: 0
A35: 34 | B35: Старков Кирило Юрійович | AH35: 0
A36: 35 | B36: Зубахін Сергій Александрович | AH36: 0
A37: 36 | B37: Корнієнко Віталій Олегович | AH37: 0
A38: 37 | B38: Рубленко Євген Миколайович | AH38: 0
A39: 38 | B39: Форманюк Руслан Леонідович | I39: 11 | AH39: 11
A40: 39 | B40: Щербак Петро Іванович | L40: 10 | AH40: 10
A41: 40 | B41: Онучак Віктор Іванович | AH41: 0
A42: 41 | B42: Кривка Руслан Олександрович | AH42: 0
A43: 42 | B43: Батрак Віктор Володимирович | AH43: 0
A44: 43 | B44: Бондаренко Іван Олександрович | AH44: 0
A45: 44 | B45: Токарук Петро Михайлович | AH45: 0
A46: 45 | B46: Підлісний Володимир Сергійович | AH46: 0
A47: 46 | B47: Григоренко Ілля Олександрович | L47: 11 | AH47: 11
A48: 47 | B48: Зінченко Дмитро Володимирович | D48: 11 | E48: 11 | I48: 11 | L48: 11 | AH48: 44
A49: 48 | B49: Момот Олексій Миколайович | AH49: 0
A50: 49 | B50: Гребінник Олексій Васильович | AH50: 0
A51: 50 | B51: Ізюмець Олександр Евгенович | AH51: 0
A52: 51 | B52: Маркевич Ігор Ігорьович | AH52: 0
A53: 52 | B53: Раменюк Віталій Сергійович | AH53: 0
A54: 53 | B54: Самогородський Ігор Віталійович | I54: 11 | AH54: 11
A55: 54 | B55: Іванова Світлана Юріївна | AH55: 0
A56: 55 | B56: Ісайкіна Тетяна Іванівна | AH56: 0
A57: 56 | B57: Деркс Сергій Анатолійович | AH57: 0
A58: 57 | B58: Гусаков Роман Давидович | AH58: 0
A59: 58 | B59: Гусаков Давид Давидович | AH59: 0
A60: 59 | B60: Тужиков Артем Денисович | AH60: 0
A61: 60 | B61: Ластовка Андрій Михайлович | AH61: 0
A62: 61 | B62: Гусаков Олександр Давидович | AH62: 0
A63: 62 | B63: Рубленко Ярослав Михайлович | AH63: 0
A64: 63 | B64: Левченко Вадим Анатолійович | AH64: 0
A65: 64 | B65: Козленко Максим В’ячеславович | AH65: 0
A66: 65 | B66: Шомін Вадим Сергійович | AH66: 0
A67: 66 | B67: Козленко Єгор Максимович | M67: 11 | N67: 6 | AH67: 17
A68: 67 | B68: Повалій Олексій Юрійович | I68: 11 | AH68: 11
A69: 68 | B69: Глібико Денис Володимирович | AH69: 0
A70: 69 | B70: Пилипчук Олександр Анатолійович | I70: 11 | M70: 11 | AH70: 22
A71: 70 | B71: Масливець Ярослав Ігорович | AH71: 0
A72: 71 | B72: Германчук Сергій Сергійович | AH72: 0
A73: 72 | B73: Велетнюк Матвій Ігорович | AH73: 0
AH74: 468

Sheet Мк нежин
A1: N | B1: Сотрудник | C1: 1 | D1: 2 | E1: 3 | F1: 4 | G1: 5 | H1: 6 | I1: 7 | J1: 8 | K1: 9 | L1: 10 | M1: 11 | N1: 12 | O1: 13 | P1: 14 | Q1: 15 | R1: 16 | S1: 17 | T1: 18 | U1: 19 | V1: 20 | W1: 21 | X1: 22 | Y1: 23 | Z1: 24 | AA1: 25 | AB1: 26 | AC1: 27 | AD1: 28 | AE1: 29 | AF1: 30 | AG1: 31 | AH1: Всего часов
A2: 1 | B2: Скрипник Сергій Павлович | AH2: 0
A3: 2 | B3: Багацький Вадим Геннадійович | C3: 11 | D3: 11 | E3: 11 | F3: 11 | I3: 11 | L3: 11 | Q3: 11 | AH3: 77
A4: 3 | B4: Васильєв Віталій Юрійович | K4: 11 | AH4: 11
A5: 4 | B5: Григоренко Олександр Миколайович | C5: 11 | AH5: 11
A6: 5 | B6: Григорьєв Микола | C6: 11 | K6: 11 | AH6: 22
A7: 6 | B7: Григор'єв Михайло Андрійович | C7: 11 | AH7: 11
A8: 7 | B8: Іванов Олексій Вікторович | L8: 9 | AH8: 9
A9: 8 | B9: Іскрицький Денис Русланович | K9: 11 | AH9: 11
A10: 9 | B10: Корнієнко Станіслав Володимирович | C10: 11 | J10: 11 | K10: 11 | M10: 11 | AH10: 44
A11: 10 | B11: Масливець Ігор Валерійович | C11: 11 | F11: 11 | AH11: 22
A12: 11 | B12: Пономаренко Віталій Вікторович | AH12: 0
A13: 12 | B13: Скрипник Олександр Павлович | C13: 11 | AH13: 11
A14: 13 | B14: Власенко В'ячеслав Валентинович | C14: 11 | K14: 11 | AH14: 22
A15: 14 | B15: Поліщук Олександр Олександрович | D15: 11 | E15: 11 | F15: 11 | G15: 6 | K15: 11 | AH15: 50
A16: 15 | B16: Паламарчук Вячеслав Володимирович | AH16: 0
A17: 16 | B17: Дехтяр Владислав Олександрович | AH17: 0
A18: 17 | B18: Тужиков Валерій Владиславович | AH18: 0
A19: 18 | B19: Сівов Євген Миколайович | C19: 11 | J19: 11 | K19: 11 | AH19: 33
A20: 19 | B20: Кіфор Юрій Михайлович | K20: 11 | AH20: 11
A21: 20 | B21: Нестерук Сергій Петрович | AH21: 0
A22: 21 | B22: Петренко Микола Григорович | L22: 7 | AH22: 7
A23: 22 | B23: Рубленко Микола Іванович | C23: 11 | AH23: 11
A24: 23 | B24: Серебренніков Володимир Олександрович | C24: 11 | F24: 11 | L24: 11 | AH24: 33
A25: 24 | B25: Чешко Сергій Анатолійович | AH25: 0
A26: 25 | B26: Нерезенко Євгеній Віктоорович | AH26: 0
A27: 26 | B27: Шавкун Максим Анатолійович | AH27: 0
A28: 27 | B28: Чуйко Олег Олегович | C28: 11 | AH28: 11
A29: 28 | B29: Салюк Дмитро Андрійович | N29: 6 | AH29: 6
A30: 29 | B30: Маковецький Юрій Миколайович | K30: 11 | AH30: 11
A31: 30 | B31: Міненко Олександр Андрійович | AH31: 0
A32: 31 | B32: Салій Дмитро Миколайович | AH32: 0
A33: 32 | B33: Різніченко Олег Олександрович | C33: 9 | D33: 9 | E33: 9 | L33: 9 | M33: 9 | N33: 6 | Q33: 11 | AH33: 62
A34: 33 | B34: Рогозовець Андрій Вікторович | C34: 11 | AH34: 11
A35: 34 | B35: Старков Кирило Юрійович | AH35: 0
A36: 35 | B36: Зубахін Сергій Александрович | AH36: 0
A37: 36 | B37: Корнієнко Віталій Олегович | AH37: 0
A38: 37 | B38: Рубленко Євген Миколайович | K38: 11 | AH38: 11
A39: 38 | B39: Форманюк Руслан Леонідович | C39: 11 | AH39: 11
A40: 39 | B40: Щербак Петро Іванович | K40: 11 | AH40: 11
A41: 40 | B41: Онучак Віктор Іванович | C41: 11 | E41: 11 | F41: 11 | G41: 7 | AH41: 40
A42: 41 | B42: Кривка Руслан Олександрович | AH42: 0
A43: 42 | B43: Батрак Віктор Володимирович | C43: 11 | AH43: 11
A44: 43 | B44: Бондаренко Іван Олександрович | AH44: 0
A45: 44 | B45: Токарук Петро Михайлович | C45: 11 | E45: 11 | F45: 11 | K45: 11 | AH45: 44
A46: 45 | B46: Підлісний Володимир Сергійович | C46: 11 | AH46: 11
A47: 46 | B47: Григоренко Ілля Олександрович | F47: 11 | AH47: 11
A48: 47 | B48: Зінченко Дмитро Володимирович | C48: 11 | F48: 11 | G48: 4 | J48: 11 | K48: 11 | M48: 11 | P48: 11 | Q48: 11 | AH48: 81
A49: 48 | B49: Момот Олексій Миколайович | AH49: 0
A50: 49 | B50: Гребінник Олексій Васильович | AH50: 0
A51: 50 | B51: Ізюмець Олександр Евгенович | Q51: 11 | AH51: 11
A52: 51 | B52: Маркевич Ігор Ігорьович | C52: 11 | D52: 11 | AH52: 22
A53: 52 | B53: Раменюк Віталій Сергійович | AH53: 0
A54: 53 | B54: Самогородський Ігор Віталійович | C54: 11 | E54: 11 | AH54: 22
A55: 54 | B55: Іванова Світлана Юріївна | AH55: 0
A56: 55 | B56: Ісайкіна Тетяна Іванівна | AH56: 0
A57: 56 | B57: Деркс Сергій Анатолійович | AH57: 0
A58: 57 | B58: Гусаков Роман Давидович | F58: 11 | G58: 6 | AH58: 17
A59: 58 | B59: Гусаков Давид Давидович | F59: 2 | AH59: 2
A60: 59 | B60: Тужиков Артем Денисович | AH60: 0
A61: 60 | B61: Ластовка Андрій Михайлович | AH61: 0
A62: 61 | B62: Гусаков Олександр Давидович | AH62: 0
A63: 62 | B63: Рубленко Ярослав Михайлович | F63: 7 | AH63: 7
A64: 63 | B64: Левченко Вадим Анатолійович | AH64: 0
A65: 64 | B65: Козленко Максим В’ячеславович | N65: 9 | AH65: 9
A66: 65 | B66: Шомін Вадим Сергійович | AH66: 0
A67: 66 | B67: Козленко Єгор Максимович | L67: 7 | AH67: 7
A68: 67 | B68: Повалій Олексій Юрійович | C68: 11 | L68: 11 | AH68: 22
A69: 68 | B69: Глібико Денис Володимирович | AH69: 0
A70: 69 | B70: Пилипчук Олександр Анатолійович | C70: 11 | D70: 11 | F70: 11 | G70: 6 | AH70: 39
A71: 70 | B71: Масливець Ярослав Ігорович | AH71: 0
A72: 71 | B72: Германчук Сергій Сергійович | AH72: 0
A73: 72 | B73: Велетнюк Матвій Ігорович | K73: 9 | AH73: 9
AH74: 895

Sheet ЕМС Вооз
A1: N | B1: Сотрудник | C1: 1 | D1: 2 | E1: 3 | F1: 4 | G1: 5 | H1: 6 | I1: 7 | J1: 8 | K1: 9 | L1: 10 | M1: 11 | N1: 12 | O1: 13 | P1: 14 | Q1: 15 | R1: 16 | S1: 17 | T1: 18 | U1: 19 | V1: 20 | W1: 21 | X1: 22 | Y1: 23 | Z1: 24 | AA1: 25 | AB1: 26 | AC1: 27 | AD1: 28 | AE1: 29 | AF1: 30 | AG1: 31 | AH1: Всего часов
A2: 1 | B2: Скрипник Сергій Павлович | L2: 12 | M2: 12 | N2: 9 | AH2: 33
A3: 2 | B3: Багацький Вадим Геннадійович | AH3: 0
A4: 3 | B4: Васильєв Віталій Юрійович | L4: 9 | AH4: 9
A5: 4 | B5: Григоренко Олександр Миколайович | L5: 11 | AH5: 11
A6: 5 | B6: Григорьєв Микола | F6: 11 | L6: 11 | M6: 12 | N6: 8 | AH6: 42
A7: 6 | B7: Григор'єв Михайло Андрійович | F7: 11 | L7: 11 | M7: 12 | N7: 8 | AH7: 42
A8: 7 | B8: Іванов Олексій Вікторович | AH8: 0
A9: 8 | B9: Іскрицький Денис Русланович | L9: 9 | AH9: 9
A10: 9 | B10: Корнієнко Станіслав Володимирович | AH10: 0
A11: 10 | B11: Масливець Ігор Валерійович | M11: 11 | N11: 6 | AH11: 17
A12: 11 | B12: Пономаренко Віталій Вікторович | AH12: 0
A13: 12 | B13: Скрипник Олександр Павлович | M13: 11 | N13: 7 | AH13: 18
A14: 13 | B14: Власенко В'ячеслав Валентинович | AH14: 0
A15: 14 | B15: Поліщук Олександр Олександрович | AH15: 0
A16: 15 | B16: Паламарчук Вячеслав Володимирович | L16: 11 | M16: 11 | N16: 8 | AH16: 30
A17: 16 | B17: Дехтяр Владислав Олександрович | AH17: 0
A18: 17 | B18: Тужиков Валерій Владиславович | C18: 24 | D18: 24 | E18: 24 | F18: 24 | G18: 24 | H18: 24 | I18: 24 | J18: 24 | K18: 24 | L18: 24 | M18: 24 | N18: 24 | O18: 24 | P18: 24 | Q18: 24 | AH18: 360
A19: 18 | B19: Сівов Євген Миколайович | AH19: 0
A20: 19 | B20: Кіфор Юрій Михайлович | L20: 11 | M20: 11 | N20: 6 | AH20: 28
A21: 20 | B21: Нестерук Сергій Петрович | AH21: 0
A22: 21 | B22: Петренко Микола Григорович | AH22: 0
A23: 22 | B23: Рубленко Микола Іванович | M23: 11 | N23: 7 | AH23: 18
A24: 23 | B24: Серебренніков Володимир Олександрович | AH24: 0
A25: 24 | B25: Чешко Сергій Анатолійович | F25: 24 | P25: 24 | AH25: 48
A26: 25 | B26: Нерезенко Євгеній Віктоорович | AH26: 0
A27: 26 | B27: Шавкун Максим Анатолійович | F27: 24 | P27: 24 | AH27: 48
A28: 27 | B28: Чуйко Олег Олегович | L28: 11 | M28: 11 | N28: 8 | AH28: 30
A29: 28 | B29: Салюк Дмитро Андрійович | AH29: 0
A30: 29 | B30: Маковецький Юрій Миколайович | AH30: 0
A31: 30 | B31: Міненко Олександр Андрійович | F31: 24 | P31: 24 | AH31: 48
A32: 31 | B32: Салій Дмитро Миколайович | AH32: 0
A33: 32 | B33: Різніченко Олег Олександрович | AH33: 0
A34: 33 | B34: Рогозовець Андрій Вікторович | O34: 7 | AH34: 7
A35: 34 | B35: Старков Кирило Юрійович | AH35: 0
A36: 35 | B36: Зубахін Сергій Александрович | P36: 24 | AH36: 24
A37: 36 | B37: Корнієнко Віталій Олегович | C37: 24 | D37: 24 | E37: 24 | F37: 24 | G37: 24 | H37: 24 | I37: 24 | J37: 24 | K37: 24 | L37: 24 | M37: 24 | N37: 24 | O37: 24 | P37: 24 | Q37: 24 | AH37: 360
A38: 37 | B38: Рубленко Євген Миколайович | M38: 11 | AH38: 11
A39: 38 | B39: Форманюк Руслан Леонідович | J39: 11 | K39: 11 | AH39: 22
A40: 39 | B40: Щербак Петро Іванович | AH40: 0
A41: 40 | B41: Онучак Віктор Іванович | AH41: 0
A42: 41 | B42: Кривка Руслан Олександрович | AH42: 0
A43: 42 | B43: Батрак Віктор Володимирович | M43: 11 | N43: 9 | AH43: 20
A44: 43 | B44: Бондаренко Іван Олександрович | C44: 24 | D44: 24 | E44: 24 | F44: 24 | G44: 24 | H44: 24 | I44: 24 | J44: 24 | K44: 24 | L44: 24 | M44: 24 | N44: 24 | O44: 24 | P44: 24 | Q44: 24 | AH44: 360
A45: 44 | B45: Токарук Петро Михайлович | AH45: 0
A46: 45 | B46: Підлісний Володимир Сергійович | AH46: 0
A47: 46 | B47: Григоренко Ілля Олександрович | E47: 11 | N47: 9 | AH47: 20
A48: 47 | B48: Зінченко Дмитро Володимирович | AH48: 0
A49: 48 | B49: Момот Олексій Миколайович | AH49: 0
A50: 49 | B50: Гребінник Олексій Васильович | AH50: 0
A51: 50 | B51: Ізюмець Олександр Евгенович | E51: 11 | AH51: 11
A52: 51 | B52: Маркевич Ігор Ігорьович | AH52: 0
A53: 52 | B53: Раменюк Віталій Сергійович | AH53: 0
A54: 53 | B54: Самогородський Ігор Віталійович | AH54: 0
A55: 54 | B55: Іванова Світлана Юріївна | AH55: 0
A56: 55 | B56: Ісайкіна Тетяна Іванівна | AH56: 0
A57: 56 | B57: Деркс Сергій Анатолійович | AH57: 0
A58: 57 | B58: Гусаков Роман Давидович | L58: 11 | M58: 11 | AH58: 22
A59: 58 | B59: Гусаков Давид Давидович | L59: 11 | M59: 11 | AH59: 22
A60: 59 | B60: Тужиков Артем Денисович | C60: 24 | D60: 24 | E60: 24 | F60: 24 | G60: 24 | H60: 24 | I60: 24 | J60: 24 | K60: 24 | L60: 24 | M60: 24 | N60: 24 | O60: 24 | P60: 24 | Q60: 24 | AH60: 360
A61: 60 | B61: Ластовка Андрій Михайлович | C61: 24 | D61: 24 | E61: 24 | F61: 24 | G61: 24 | H61: 24 | I61: 24 | J61: 24 | K61: 24 | L61: 24 | M61: 24 | N61: 24 | O61: 24 | P61: 24 | Q61: 24 | AH61: 360
A62: 61 | B62: Гусаков Олександр Давидович | AH62: 0
A63: 62 | B63: Рубленко Ярослав Михайлович | M63: 11 | AH63: 11
A64: 63 | B64: Левченко Вадим Анатолійович | AH64: 0
A65: 64 | B65: Козленко Максим В’ячеславович | AH65: 0
A66: 65 | B66: Шомін Вадим Сергійович | AH66: 0
A67: 66 | B67: Козленко Єгор Максимович | AH67: 0
A68: 67 | B68: Повалій Олексій Юрійович | J68: 11 | K68: 11 | AH68: 22
A69: 68 | B69: Глібико Денис Володимирович | J69: 11 | AH69: 11
A70: 69 | B70: Пилипчук Олександр Анатолійович | J70: 11 | AH70: 11
A71: 70 | B71: Масливець Ярослав Ігорович | AH71: 0
A72: 71 | B72: Германчук Сергій Сергійович | AH72: 0
A73: 72 | B73: Велетнюк Матвій Ігорович | AH73: 0
AH74: 2445

Sheet ООН
G1: N | H1: Сотрудник | I1: 1 | J1: 2 | K1: 3 | L1: 4 | M1: 5 | N1: 6 | O1: 7 | P1: 8 | Q1: 9 | R1: 10 | S1: 11 | T1: 12 | U1: 13 | V1: 14 | W1: 15 | X1: 16 | Y1: 17 | Z1: 18 | AA1: 19 | AB1: 20 | AC1: 21 | AD1: 22 | AE1: 23 | AF1: 24 | AG1: 25 | AH1: 26 | AI1: 27 | AJ1: 28 | AK1: 29 | AL1: 30 | AM1: 31 | AN1: Всего часов
G2: 1 | H2: Скрипник Сергій Павлович | I2: 11 | J2: 11 | K2: 11 | L2: 11 | M2: 8 | O2: 12 | P2: 12 | Q2: 12 | AN2: 88
G3: 2 | H3: Багацький Вадим Геннадійович | AN3: 0
G4: 3 | H4: Васильєв Віталій Юрійович | S4: 24 | T4: 24 | U4: 24 | V4: 24 | W4: 24 | AN4: 120
G5: 4 | H5: Григоренко Олександр Миколайович | J5: 11 | K5: 11 | L5: 11 | O5: 11 | P5: 11 | Q5: 11 | V5: 11 | W5: 11 | AN5: 88
G6: 5 | H6: Григорьєв Микола | J6: 11 | K6: 11 | O6: 11 | P6: 11 | Q6: 11 | AN6: 55
G7: 6 | H7: Григор'єв Михайло Андрійович | J7: 11 | K7: 11 | O7: 11 | P7: 11 | AN7: 44
G8: 7 | H8: Іванов Олексій Вікторович | S8: 24 | T8: 24 | U8: 24 | V8: 24 | W8: 24 | AN8: 120
G9: 8 | H9: Іскрицький Денис Русланович | AN9: 0
G10: 9 | H10: Корнієнко Станіслав Володимирович | AN10: 0
G11: 10 | H11: Масливець Ігор Валерійович | J11: 11 | O11: 11 | Q11: 11 | V11: 11 | AN11: 44
G12: 11 | H12: Пономаренко Віталій Вікторович | AN12: 0
G13: 12 | H13: Скрипник Олександр Павлович | M13: 6 | O13: 11 | P13: 11 | Q13: 11 | R13: 11 | AN13: 50
G14: 13 | H14: Власенко В'ячеслав Валентинович | AN14: 0
G15: 14 | H15: Поліщук Олександр Олександрович | AN15: 0
G16: 15 | H16: Паламарчук Вячеслав Володимирович | O16: 11 | P16: 11 | Q16: 11 | V16: 11 | W16: 11 | AN16: 55
G17: 16 | H17: Дехтяр Владислав Олександрович | AN17: 0
G18: 17 | H18: Тужиков Валерій Владиславович | AN18: 0
G19: 18 | H19: Сівов Євген Миколайович | AN19: 0
G20: 19 | H20: Кіфор Юрій Михайлович | I20: 11 | J20: 11 | K20: 11 | L20: 11 | M20: 6 | O20: 11 | P20: 11 | V20: 11 | W20: 11 | AN20: 94
G21: 20 | H21: Нестерук Сергій Петрович | AN21: 0
G22: 21 | H22: Петренко Микола Григорович | Q22: 11 | S22: 9 | T22: 6 | AN22: 26
G23: 22 | H23: Рубленко Микола Іванович | O23: 11 | P23: 11 | Q23: 11 | R23: 8 | AN23: 41
G24: 23 | H24: Серебренніков Володимир Олександрович | P24: 11 | Q24: 11 | S24: 11 | AN24: 33
G25: 24 | H25: Чешко Сергій Анатолійович | AN25: 0
G26: 25 | H26: Нерезенко Євгеній Віктоорович | AN26: 0
G27: 26 | H27: Шавкун Максим Анатолійович | AN27: 0
G28: 27 | H28: Чуйко Олег Олегович | J28: 11 | K28: 11 | L28: 11 | M28: 6 | O28: 11 | P28: 11 | Q28: 11 | W28: 11 | AN28: 83
G29: 28 | H29: Салюк Дмитро Андрійович | P29: 11 | Q29: 11 | R29: 11 | S29: 10 | AN29: 43
G30: 29 | H30: Маковецький Юрій Миколайович | O30: 11 | AN30: 11
G31: 30 | H31: Міненко Олександр Андрійович | AN31: 0
G32: 31 | H32: Салій Дмитро Миколайович | AN32: 0
G33: 32 | H33: Різніченко Олег Олександрович | AN33: 0
G34: 33 | H34: Рогозовець Андрій Вікторович | AN34: 0
G35: 34 | H35: Старков Кирило Юрійович | AN35: 0
G36: 35 | H36: Зубахін Сергій Александрович | AN36: 0
G37: 36 | H37: Корнієнко Віталій Олегович | AN37: 0
G38: 37 | H38: Рубленко Євген Миколайович | P38: 11 | R38: 8 | AN38: 19
G39: 38 | H39: Форманюк Руслан Леонідович | J39: 11 | K39: 11 | L39: 11 | AN39: 33
G40: 39 | H40: Щербак Петро Іванович | S40: 24 | T40: 24 | U40: 24 | V40: 24 | W40: 24 | AN40: 120
G41: 40 | H41: Онучак Віктор Іванович | O41: 11 | AN41: 11
G42: 41 | H42: Кривка Руслан Олександрович | AN42: 0
G43: 42 | H43: Батрак Віктор Володимирович | L43: 11 | V43: 8 | AN43: 19
G44: 43 | H44: Бондаренко Іван Олександрович | AN44: 0
G45: 44 | H45: Токарук Петро Михайлович | J45: 9 | AN45: 9
G46: 45 | H46: Підлісний Володимир Сергійович | J46: 11 | AN46: 11
G47: 46 | H47: Григоренко Ілля Олександрович | O47: 11 | P47: 11 | Q47: 11 | S47: 11 | W47: 11 | AN47: 55
G48: 47 | H48: Зінченко Дмитро Володимирович | AN48: 0
G49: 48 | H49: Момот Олексій Миколайович | AN49: 0
G50: 49 | H50: Гребінник Олексій Васильович | AN50: 0
G51: 50 | H51: Ізюмець Олександр Евгенович | I51: 11 | J51: 11 | L51: 11 | P51: 11 | Q51: 11 | S51: 11 | V51: 11 | AN51: 77
G52: 51 | H52: Маркевич Ігор Ігорьович | AN52: 0
G53: 52 | H53: Раменюк Віталій Сергійович | AN53: 0
G54: 53 | H54: Самогородський Ігор Віталійович | J54: 11 | AN54: 11
G55: 54 | H55: Іванова Світлана Юріївна | AN55: 0
G56: 55 | H56: Ісайкіна Тетяна Іванівна | AN56: 0
G57: 56 | H57: Деркс Сергій Анатолійович | I57: 11 | J57: 11 | K57: 11 | L57: 11 | O57: 11 | P57: 9 | Q57: 11 | S57: 11 | T57: 5 | V57: 11 | W57: 11 | AN57: 113
G58: 57 | H58: Гусаков Роман Давидович | I58: 11 | J58: 11 | K58: 11 | O58: 11 | P58: 9 | Q58: 11 | V58: 11 | W58: 11 | AN58: 86
G59: 58 | H59: Гусаков Давид Давидович | O59: 11 | P59: 11 | Q59: 11 | W59: 11 | AN59: 44
G60: 59 | H60: Тужиков Артем Денисович | AN60: 0
G61: 60 | H61: Ластовка Андрій Михайлович | AN61: 0
G62: 61 | H62: Гусаков Олександр Давидович | I62: 9 | J62: 7 | AN62: 16
G63: 62 | H63: Рубленко Ярослав Михайлович | P63: 11 | Q63: 11 | AN63: 22
G64: 63 | H64: Левченко Вадим Анатолійович | I64: 11 | J64: 11 | K64: 11 | L64: 11 | O64: 11 | P64: 11 | Q64: 11 | AN64: 77
G65: 64 | H65: Козленко Максим В’ячеславович | I65: 11 | J65: 11 | K65: 11 | L65: 11 | O65: 11 | P65: 11 | Q65: 11 | V65: 9 | W65: 11 | AN65: 97
G66: 65 | H66: Шомін Вадим Сергійович | Q66: 11 | AN66: 11
G67: 66 | H67: Козленко Єгор Максимович | I67: 11 | J67: 11 | K67: 11 | L67: 7 | P67: 11 | Q67: 11 | V67: 9 | AN67: 71
G68: 67 | H68: Повалій Олексій Юрійович | J68: 11 | K68: 11 | M68: 6 | AN68: 28
G69: 68 | H69: Глібико Денис Володимирович | AN69: 0
G70: 69 | H70: Пилипчук Олександр Анатолійович | AN70: 0
G71: 70 | H71: Масливець Ярослав Ігорович | J71: 11 | K71: 11 | L71: 11 | O71: 11 | Q71: 11 | AN71: 55
G72: 71 | H72: Германчук Сергій Сергійович | Q72: 11 | AN72: 11
G73: 72 | H73: Велетнюк Матвій Ігорович | AN73: 0
AN74: 1991

Sheet Червоний хрест
A1: N | B1: Сотрудник | C1: 1 | D1: 2 | E1: 3 | F1: 4 | G1: 5 | H1: 6 | I1: 7 | J1: 8 | K1: 9 | L1: 10 | M1: 11 | N1: 12 | O1: 13 | P1: 14 | Q1: 15 | R1: 16 | S1: 17 | T1: 18 | U1: 19 | V1: 20 | W1: 21 | X1: 22 | Y1: 23 | Z1: 24 | AA1: 25 | AB1: 26 | AC1: 27 | AD1: 28 | AE1: 29 | AF1: 30 | AG1: 31 | AH1: Всего часов
A2: 1 | B2: Скрипник Сергій Павлович | AH2: 0
A3: 2 | B3: Багацький Вадим Геннадійович | AH3: 0
A4: 3 | B4: Васильєв Віталій Юрійович | C4: 24 | D4: 24 | E4: 24 | F4: 24 | G4: 24 | H4: 24 | I4: 24 | J4: 24 | AH4: 192
A5: 4 | B5: Григоренко Олександр Миколайович | AH5: 0
A6: 5 | B6: Григорьєв Микола | AH6: 0
A7: 6 | B7: Григор'єв Михайло Андрійович | AH7: 0
A8: 7 | B8: Іванов Олексій Вікторович | AH8: 0
A9: 8 | B9: Іскрицький Денис Русланович | C9: 24 | D9: 24 | E9: 24 | F9: 24 | G9: 24 | H9: 24 | I9: 24 | J9: 24 | AH9: 192
A10: 9 | B10: Корнієнко Станіслав Володимирович | AH10: 0
A11: 10 | B11: Масливець Ігор Валерійович | AH11: 0
A12: 11 | B12: Пономаренко Віталій Вікторович | AH12: 0
A13: 12 | B13: Скрипник Олександр Павлович | AH13: 0
A14: 13 | B14: Власенко В'ячеслав Валентинович | AH14: 0
A15: 14 | B15: Поліщук Олександр Олександрович | AH15: 0
A16: 15 | B16: Паламарчук Вячеслав Володимирович | AH16: 0
A17: 16 | B17: Дехтяр Владислав Олександрович | AH17: 0
A18: 17 | B18: Тужиков Валерій Владиславович | AH18: 0
A19: 18 | B19: Сівов Євген Миколайович | AH19: 0
A20: 19 | B20: Кіфор Юрій Михайлович | AH20: 0
A21: 20 | B21: Нестерук Сергій Петрович | AH21: 0
A22: 21 | B22: Петренко Микола Григорович | C22: 24 | D22: 24 | E22: 24 | F22: 24 | G22: 24 | H22: 24 | I22: 24 | J22: 24 | AH22: 192
A23: 22 | B23: Рубленко Микола Іванович | AH23: 0
A24: 23 | B24: Серебренніков Володимир Олександрович | AH24: 0
A25: 24 | B25: Чешко Сергій Анатолійович | AH25: 0
A26: 25 | B26: Нерезенко Євгеній Віктоорович | AH26: 0
A27: 26 | B27: Шавкун Максим Анатолійович | AH27: 0
A28: 27 | B28: Чуйко Олег Олегович | AH28: 0
A29: 28 | B29: Салюк Дмитро Андрійович | AH29: 0
A30: 29 | B30: Маковецький Юрій Миколайович | AH30: 0
A31: 30 | B31: Міненко Олександр Андрійович | AH31: 0
A32: 31 | B32: Салій Дмитро Миколайович | AH32: 0
A33: 32 | B33: Різніченко Олег Олександрович | AH33: 0
A34: 33 | B34: Рогозовець Андрій Вікторович | AH34: 0
... A39: 38 | B39: Форманюк Руслан Леонідович | AH39: 0
A40: 39 | B40: Щербак Петро Іванович | C40: 24 | D40: 24 | E40: 24 | F40: 24 | G40: 24 | H40: 24 | I40: 24 | J40: 24 | AH40: 192
A41: 40 | B41: Онучак Віктор Іванович | AH41: 0
A42: 41 | B42: Кривка Руслан Олександрович | AH42: 0
A43: 42 | B43: Батрак Віктор Володимирович | AH43: 0
A44: 43 | B44: Бондаренко Іван Олександрович | AH44: 0
A45: 44 | B45: Токарук Петро Михайлович | AH45: 0
A46: 45 | B46: Підлісний Володимир Сергійович | AH46: 0
A47: 46 | B47: Григоренко Ілля Олександрович | AH47: 0
A48: 47 | B48: Зінченко Дмитро Володимирович | AH48: 0
A49: 48 | B49: Момот Олексій Миколайович | AH49: 0
A50: 49 | B50: Гребінник Олексій Васильович | AH50: 0
A51: 50 | B51: Ізюмець Олександр Евгенович | AH51: 0
A52: 51 | B52: Маркевич Ігор Ігорьович | AH52: 0
... A68: 67 | B68: Повалій Олексій Юрійович | AH68: 0
A69: 68 | B69: Глібико Денис Володимирович | F69: 11 | AH69: 11
A70: 69 | B70: Пилипчук Олександр Анатолійович | AH70: 0
A71: 70 | B71: Масливець Ярослав Ігорович | AH71: 0
A72: 71 | B72: Германчук Сергій Сергійович | AH72: 0
A73: 72 | B73: Велетнюк Матвій Ігорович | AH73: 0
AH74: 779

Sheet Укрнафта
C1: N | D1: Сотрудник | E1: 1 | F1: 2 | G1: 3 | H1: 4 | I1: 5 | J1: 6 | K1: 7 | L1: 8 | M1: 9 | N1: 10 | O1: 11 | P1: 12 | Q1: 13 | R1: 14 | S1: 15 | T1: 16 | U1: 17 | V1: 18 | W1: 19 | X1: 20 | Y1: 21 | Z1: 22 | AA1: 23 | AB1: 24 | AC1: 25 | AD1: 26 | AE1: 27 | AF1: 28 | AG1: 29 | AH1: 30 | AI1: 31 | AJ1: Всего часов
C2: 1 | D2: Скрипник Сергій Павлович | AJ2: 0
C3: 2 | D3: Багацький Вадим Геннадійович | AJ3: 0
C4: 3 | D4: Васильєв Віталій Юрійович | AJ4: 0
C5: 4 | D5: Григоренко Олександр Миколайович | AJ5: 0
C6: 5 | D6: Григорьєв Микола | AJ6: 0
C7: 6 | D7: Григор'єв Михайло Андрійович | AJ7: 0
C8: 7 | D8: Іванов Олексій Вікторович | AJ8: 0
C9: 8 | D9: Іскрицький Денис Русланович | AJ9: 0
C10: 9 | D10: Корнієнко Станіслав Володимирович | AJ10: 0
C11: 10 | D11: Масливець Ігор Валерійович | G11: 11 | AJ11: 11
C12: 11 | D12: Пономаренко Віталій Вікторович | AJ12: 0
C13: 12 | D13: Скрипник Олександр Павлович | F13: 11 | G13: 11 | H13: 11 | AJ13: 33
C14: 13 | D14: Власенко В'ячеслав Валентинович | AJ14: 0
C15: 14 | D15: Поліщук Олександр Олександрович | AJ15: 0
C16: 15 | D16: Паламарчук Вячеслав Володимирович | E16: 11 | F16: 11 | G16: 11 | H16: 11 | AJ16: 44
C17: 16 | D17: Дехтяр Владислав Олександрович | AJ17: 0
C18: 17 | D18: Тужиков Валерій Владиславович | AJ18: 0
C19: 18 | D19: Сівов Євген Миколайович | F19: 11 | AJ19: 11
C20: 19 | D20: Кіфор Юрій Михайлович | AJ20: 0
C21: 20 | D21: Нестерук Сергій Петрович | AJ21: 0
C22: 21 | D22: Петренко Микола Григорович | AJ22: 0
C23: 22 | D23: Рубленко Микола Іванович | F23: 11 | G23: 11 | H23: 11 | AJ23: 33
C24: 23 | D24: Серебренніков Володимир Олександрович | F24: 11 | AJ24: 11
C25: 24 | D25: Чешко Сергій Анатолійович | AJ25: 0
C26: 25 | D26: Нерезенко Євгеній Віктоорович | AJ26: 0
C27: 26 | D27: Шавкун Максим Анатолійович | AJ27: 0
C28: 27 | D28: Чуйко Олег Олегович | AJ28: 0
C29: 28 | D29: Салюк Дмитро Андрійович | E29: 11 | F29: 11 | H29: 11 | AJ29: 33
C30: 29 | D30: Маковецький Юрій Миколайович | AJ30: 0
C31: 30 | D31: Міненко Олександр Андрійович | AJ31: 0
C32: 31 | D32: Салій Дмитро Миколайович | AJ32: 0
C33: 32 | D33: Різніченко Олег Олександрович | AJ33: 0
C34: 33 | D34: Рогозовець Андрій Вікторович | AJ34: 0
C35: 34 | D35: Старков Кирило Юрійович | AJ35: 0
C36: 35 | D36: Зубахін Сергій Александрович | AJ36: 0
C37: 36 | D37: Корнієнко Віталій Олегович | AJ37: 0
C38: 37 | D38: Рубленко Євген Миколайович | E38: 11 | F38: 11 | G38: 11 | H38: 11 | AJ38: 44
C39: 38 | D39: Форманюк Руслан Леонідович | AJ39: 0
C40: 39 | D40: Щербак Петро Іванович | AJ40: 0
C41: 40 | D41: Онучак Віктор Іванович | AJ41: 0
C42: 41 | D42: Кривка Руслан Олександрович | AJ42: 0
C43: 42 | D43: Батрак Віктор Володимирович | F43: 11 | G43: 11 | AJ43: 22
C44: 43 | D44: Бондаренко Іван Олександрович | AJ44: 0
C45: 44 | D45: Токарук Петро Михайлович | AJ45: 0
C46: 45 | D46: Підлісний Володимир Сергійович | AJ46: 0
C47: 46 | D47: Григоренко Ілля Олександрович | E47: 11 | F47: 11 | AJ47: 22
C48: 47 | D48: Зінченко Дмитро Володимирович | AJ48: 0
C49: 48 | D49: Момот Олексій Миколайович | AJ49: 0
C50: 49 | D50: Гребінник Олексій Васильович | AJ50: 0
C51: 50 | D51: Ізюмець Олександр Евгенович | AJ51: 0
C52: 51 | D52: Маркевич Ігор Ігорьович | AJ52: 0
C53: 52 | D53: Раменюк Віталій Сергійович | AJ53: 0
C54: 53 | D54: Самогородський Ігор Віталійович | AJ54: 0
C55: 54 | D55: Іванова Світлана Юріївна | AJ55: 0
C56: 55 | D56: Ісайкіна Тетяна Іванівна | AJ56: 0
C57: 56 | D57: Деркс Сергій Анатолійович | AJ57: 0
C58: 57 | D58: Гусаков Роман Давидович | AJ58: 0
C59: 58 | D59: Гусаков Давид Давидович | E59: 11 | F59: 11 | G59: 11 | AJ59: 33
C60: 59 | D60: Тужиков Артем Денисович | AJ60: 0
C61: 60 | D61: Ластовка Андрій Михайлович | AJ61: 0
C62: 61 | D62: Гусаков Олександр Давидович | AJ62: 0
C63: 62 | D63: Рубленко Ярослав Михайлович | E63: 11 | F63: 11 | G63: 11 | AJ63: 33
C64: 63 | D64: Левченко Вадим Анатолійович | AJ64: 0
C65: 64 | D65: Козленко Максим В’ячеславович | AJ65: 0
C66: 65 | D66: Шомін Вадим Сергійович | AJ66: 0
C67: 66 | D67: Козленко Єгор Максимович | AJ67: 0
C68: 67 | D68: Повалій Олексій Юрійович | AJ68: 0
C69: 68 | D69: Глібико Денис Володимирович | AJ69: 0
C70: 69 | D70: Пилипчук Олександр Анатолійович | AJ70: 0
C71: 70 | D71: Масливець Ярослав Ігорович | AJ71: 0
C72: 71 | D72: Германчук Сергій Сергійович | AJ72: 0
C73: 72 | D73: Велетнюк Матвій Ігорович | AJ73: 0
AJ74: 330

Sheet Кернел
H1: N | I1: Сотрудник | J1: 1 | K1: 2 | L1: 3 | M1: 4 | N1: 5 | O1: 6 | P1: 7 | Q1: 8 | R1: 9 | S1: 10 | T1: 11 | U1: 12 | V1: 13 | W1: 14 | X1: 15 | Y1: 16 | Z1: 17 | AA1: 18 | AB1: 19 | AC1: 20 | AD1: 21 | AE1: 22 | AF1: 23 | AG1: 24 | AH1: 25 | AI1: 26 | AJ1: 27 | AK1: 28 | AL1: 29 | AM1: 30 | AN1: 31 | AO1: Всего часов
H2: 1 | I2: Скрипник Сергій Павлович | AO2: 0
H3: 2 | I3: Багацький Вадим Геннадійович | AO3: 0
H4: 3 | I4: Васильєв Віталій Юрійович | AO4: 0
H5: 4 | I5: Григоренко Олександр Миколайович | AO5: 0
H6: 5 | I6: Григорьєв Микола | AO6: 0
H7: 6 | I7: Григор'єв Михайло Андрійович | AO7: 0
H8: 7 | I8: Іванов Олексій Вікторович | AO8: 0
H9: 8 | I9: Іскрицький Денис Русланович | AO9: 0
H10: 9 | I10: Корнієнко Станіслав Володимирович | AO10: 0
H11: 10 | I11: Масливець Ігор Валерійович | AO11: 0
H12: 11 | I12: Пономаренко Віталій Вікторович | AO12: 0
H13: 12 | I13: Скрипник Олександр Павлович | AO13: 0
... H16: 15 | I16: Паламарчук Вячеслав Володимирович | AO16: 0
H17: 16 | I17: Дехтяр Владислав Олександрович | J17: 24 | K17: 24 | L17: 24 | M17: 24 | N17: 24 | O17: 24 | P17: 24 | Q17: 24 | R17: 24 | S17: 24 | T17: 24 | U17: 24 | V17: 24 | AO17: 312
H18: 17 | I18: Тужиков Валерій Владиславович | AO18: 0
H19: 18 | I19: Сівов Євген Миколайович | AO19: 0
H20: 19 | I20: Кіфор Юрій Михайлович | AO20: 0
H21: 20 | I21: Нестерук Сергій Петрович | J21: 24 | K21: 24 | L21: 24 | M21: 24 | N21: 24 | O21: 24 | P21: 24 | T21: 24 | U21: 24 | V21: 24 | AO21: 240
H22: 21 | I22: Петренко Микола Григорович | AO22: 0
H23: 22 | I23: Рубленко Микола Іванович | AO23: 0
H24: 23 | I24: Серебренніков Володимир Олександрович | AO24: 0
H25: 24 | I25: Чешко Сергій Анатолійович | AO25: 0
H26: 25 | I26: Нерезенко Євгеній Віктоорович | AO26: 0
H27: 26 | I27: Шавкун Максим Анатолійович | AO27: 0
H28: 27 | I28: Чуйко Олег Олегович | AO28: 0
H29: 28 | I29: Салюк Дмитро Андрійович | AO29: 0
H30: 29 | I30: Маковецький Юрій Миколайович | AO30: 0
H31: 30 | I31: Міненко Олександр Андрійович | AO31: 0
H32: 31 | I32: Салій Дмитро Миколайович | AO32: 0
H33: 32 | I33: Різніченко Олег Олександрович | AO33: 0
... H41: 40 | I41: Онучак Віктор Іванович | AO41: 0
H42: 41 | I42: Кривка Руслан Олександрович | J42: 24 | K42: 24 | L42: 24 | M42: 24 | N42: 24 | O42: 24 | P42: 24 | T42: 24 | U42: 24 | V42: 24 | AO42: 240
H43: 42 | I43: Батрак Віктор Володимирович | AO43: 0
H44: 43 | I44: Бондаренко Іван Олександрович | AO44: 0
H45: 44 | I45: Токарук Петро Михайлович | AO45: 0
H46: 45 | I46: Підлісний Володимир Сергійович | N46: 7 | AO46: 7
H47: 46 | I47: Григоренко Ілля Олександрович | AO47: 0
H48: 47 | I48: Зінченко Дмитро Володимирович | AO48: 0
H49: 48 | I49: Момот Олексій Миколайович | AO49: 0
H50: 49 | I50: Гребінник Олексій Васильович | AO50: 0
H51: 50 | I51: Ізюмець Олександр Евгенович | AO51: 0
H52: 51 | I52: Маркевич Ігор Ігорьович | M52: 11 | N52: 6 | AO52: 17
H53: 52 | I53: Раменюк Віталій Сергійович | J53: 24 | O53: 24 | P53: 24 | Q53: 24 | R53: 24 | S53: 24 | T53: 24 | U53: 24 | V53: 24 | AO53: 216
H54: 53 | I54: Самогородський Ігор Віталійович | M54: 11 | N54: 7 | AO54: 18
H55: 54 | I55: Іванова Світлана Юріївна | AO55: 0
H56: 55 | I56: Ісайкіна Тетяна Іванівна | AO56: 0
H57: 56 | I57: Деркс Сергій Анатолійович | AO57: 0
H58: 57 | I58: Гусаков Роман Давидович | AO58: 0
H59: 58 | I59: Гусаков Давид Давидович | AO59: 0
H60: 59 | I60: Тужиков Артем Денисович | AO60: 0
H61: 60 | I61: Ластовка Андрій Михайлович | AO61: 0
H62: 61 | I62: Гусаков Олександр Давидович | AO62: 0
H63: 62 | I63: Рубленко Ярослав Михайлович | AO63: 0
H64: 63 | I64: Левченко Вадим Анатолійович | AO64: 0
H65: 64 | I65: Козленко Максим В’ячеславович | AO65: 0
H66: 65 | I66: Шомін Вадим Сергійович | AO66: 0
... H68: 67 | I68: Повалій Олексій Юрійович | AO68: 0
H69: 68 | I69: Глібико Денис Володимирович | M69: 11 | AO69: 11
H70: 69 | I70: Пилипчук Олександр Анатолійович | AO70: 0
H71: 70 | I71: Масливець Ярослав Ігорович | AO71: 0
H72: 71 | I72: Германчук Сергій Сергійович | AO72: 0
H73: 72 | I73: Велетнюк Матвій Ігорович | AO73: 0
AO74: 1061

Sheet Глобино Мк
A1: N | B1: Сотрудник | C1: 1 | D1: 2 | E1: 3 | F1: 4 | G1: 5 | H1: 6 | I1: 7 | J1: 8 | K1: 9 | L1: 10 | M1: 11 | N1: 12 | O1: 13 | P1: 14 | Q1: 15 | R1: 16 | S1: 17 | T1: 18 | U1: 19 | V1: 20 | W1: 21 | X1: 22 | Y1: 23 | Z1: 24 | AA1: 25 | AB1: 26 | AC1: 27 | AD1: 28 | AE1: 29 | AF1: 30 | AG1: 31 | AH1: Всего часов
A2: 1 | B2: Скрипник Сергій Павлович | AH2: 0
A3: 2 | B3: Багацький Вадим Геннадійович | AH3: 0
A4: 3 | B4: Васильєв Віталій Юрійович | AH4: 0
A5: 4 | B5: Григоренко Олександр Миколайович | AH5: 0
A6: 5 | B6: Григорьєв Микола | AH6: 0
A7: 6 | B7: Григор'єв Михайло Андрійович | AH7: 0
A8: 7 | B8: Іванов Олексій Вікторович | AH8: 0
A9: 8 | B9: Іскрицький Денис Русланович | Q9: 11 | AH9: 11
A10: 9 | B10: Корнієнко Станіслав Володимирович | D10: 11 | E10: 11 | F10: 11 | G10: 6 | P10: 11 | AH10: 50
A11: 10 | B11: Масливець Ігор Валерійович | AH11: 0
A12: 11 | B12: Пономаренко Віталій Вікторович | P12: 11 | AH12: 11
A13: 12 | B13: Скрипник Олександр Павлович | AH13: 0
A14: 13 | B14: Власенко В'ячеслав Валентинович | AH14: 0
A15: 14 | B15: Поліщук Олександр Олександрович | AH15: 0
A16: 15 | B16: Паламарчук Вячеслав Володимирович | AH16: 0
A17: 16 | B17: Дехтяр Владислав Олександрович | AH17: 0
A18: 17 | B18: Тужиков Валерій Владиславович | AH18: 0
A19: 18 | B19: Сівов Євген Миколайович | P19: 8 | Q19: 11 | AH19: 19
A20: 19 | B20: Кіфор Юрій Михайлович | AH20: 0
A21: 20 | B21: Нестерук Сергій Петрович | AH21: 0
A22: 21 | B22: Петренко Микола Григорович | AH22: 0
A23: 22 | B23: Рубленко Микола Іванович | AH23: 0
A24: 23 | B24: Серебренніков Володимир Олександрович | AH24: 0
A25: 24 | B25: Чешко Сергій Анатолійович | AH25: 0
A26: 25 | B26: Нерезенко Євгеній Віктоорович | AH26: 0
A27: 26 | B27: Шавкун Максим Анатолійович | AH27: 0
A28: 27 | B28: Чуйко Олег Олегович | AH28: 0
A29: 28 | B29: Салюк Дмитро Андрійович | AH29: 0
A30: 29 | B30: Маковецький Юрій Миколайович | P30: 11 | Q30: 11 | AH30: 22
A31: 30 | B31: Міненко Олександр Андрійович | AH31: 0
A32: 31 | B32: Салій Дмитро Миколайович | AH32: 0
A33: 32 | B33: Різніченко Олег Олександрович | AH33: 0
A34: 33 | B34: Рогозовець Андрій Вікторович | AH34: 0
A35: 34 | B35: Старков Кирило Юрійович | AH35: 0
A36: 35 | B36: Зубахін Сергій Александрович | AH36: 0
A37: 36 | B37: Корнієнко Віталій Олегович | AH37: 0
A38: 37 | B38: Рубленко Євген Миколайович | AH38: 0
A39: 38 | B39: Форманюк Руслан Леонідович | Q39: 11 | AH39: 11
A40: 39 | B40: Щербак Петро Іванович | AH40: 0
A41: 40 | B41: Онучак Віктор Іванович | D41: 11 | P41: 11 | Q41: 11 | AH41: 33
A42: 41 | B42: Кривка Руслан Олександрович | AH42: 0
A43: 42 | B43: Батрак Віктор Володимирович | AH43: 0
A44: 43 | B44: Бондаренко Іван Олександрович | AH44: 0
A45: 44 | B45: Токарук Петро Михайлович | L45: 11 | P45: 11 | Q45: 11 | AH45: 33
A46: 45 | B46: Підлісний Володимир Сергійович | P46: 11 | AH46: 11
A47: 46 | B47: Григоренко Ілля Олександрович | AH47: 0
A48: 47 | B48: Зінченко Дмитро Володимирович | AH48: 0
A49: 48 | B49: Момот Олексій Миколайович | Q49: 11 | AH49: 11
A50: 49 | B50: Гребінник Олексій Васильович | P50: 11 | Q50: 11 | AH50: 22
A51: 50 | B51: Ізюмець Олександр Евгенович | AH51: 0
A52: 51 | B52: Маркевич Ігор Ігорьович | P52: 11 | Q52: 11 | AH52: 22
A53: 52 | B53: Раменюк Віталій Сергійович | AH53: 0
A54: 53 | B54: Самогородський Ігор Віталійович | P54: 11 | Q54: 11 | AH54: 22
A55: 54 | B55: Іванова Світлана Юріївна | AH55: 0
A56: 55 | B56: Ісайкіна Тетяна Іванівна | AH56: 0
A57: 56 | B57: Деркс Сергій Анатолійович | AH57: 0
A58: 57 | B58: Гусаков Роман Давидович | AH58: 0
A59: 58 | B59: Гусаков Давид Давидович | AH59: 0
A60: 59 | B60: Тужиков Артем Денисович | AH60: 0
A61: 60 | B61: Ластовка Андрій Михайлович | AH61: 0
A62: 61 | B62: Гусаков Олександр Давидович | AH62: 0
A63: 62 | B63: Рубленко Ярослав Михайлович | Q63: 11 | AH63: 11
A64: 63 | B64: Левченко Вадим Анатолійович | Q64: 11 | AH64: 11
A65: 64 | B65: Козленко Максим В’ячеславович | AH65: 0
A66: 65 | B66: Шомін Вадим Сергійович | AH66: 0
A67: 66 | B67: Козленко Єгор Максимович | AH67: 0
A68: 67 | B68: Повалій Олексій Юрійович | AH68: 0
A69: 68 | B69: Глібико Денис Володимирович | I69: 11 | K69: 4 | L69: 6 | Q69: 11 | AH69: 32
A70: 69 | B70: Пилипчук Олександр Анатолійович | K70: 11 | L70: 11 | P70: 11 | Q70: 11 | AH70: 44
A71: 70 | B71: Масливець Ярослав Ігорович | AH71: 0
A72: 71 | B72: Германчук Сергій Сергійович | AH72: 0
A73: 72 | B73: Велетнюк Матвій Ігорович | P73: 11 | AH73: 11
AH74: 387

Sheet МД Франківськ
A1: N | B1: Сотрудник | C1: 1 | D1: 2 | E1: 3 | F1: 4 | G1: 5 | H1: 6 | I1: 7 | J1: 8 | K1: 9 | L1: 10 | M1: 11 | N1: 12 | O1: 13 | P1: 14 | Q1: 15 | R1: 16 | S1: 17 | T1: 18 | U1: 19 | V1: 20 | W1: 21 | X1: 22 | Y1: 23 | Z1: 24 | AA1: 25 | AB1: 26 | AC1: 27 | AD1: 28 | AE1: 29 | AF1: 30 | AG1: 31 | AH1: Всего часов
A2: 1 | B2: Скрипник Сергій Павлович | AH2: 0
A3: 2 | B3: Багацький Вадим Геннадійович | M3: 11 | N3: 6 | AH3: 17
A4: 3 | B4: Васильєв Віталій Юрійович | AH4: 0
A5: 4 | B5: Григоренко Олександр Миколайович | AH5: 0
A6: 5 | B6: Григорьєв Микола | AH6: 0
A7: 6 | B7: Григор'єв Михайло Андрійович | AH7: 0
A8: 7 | B8: Іванов Олексій Вікторович | AH8: 0
A9: 8 | B9: Іскрицький Денис Русланович | AH9: 0
A10: 9 | B10: Корнієнко Станіслав Володимирович | AH10: 0
A11: 10 | B11: Масливець Ігор Валерійович | L11: 11 | AH11: 11
A12: 11 | B12: Пономаренко Віталій Вікторович | C12: 11 | D12: 11 | E12: 11 | I12: 11 | AH12: 44
A13: 12 | B13: Скрипник Олександр Павлович | AH13: 0
A14: 13 | B14: Власенко В'ячеслав Валентинович | AH14: 0
A15: 14 | B15: Поліщук Олександр Олександрович | AH15: 0
A16: 15 | B16: Паламарчук Вячеслав Володимирович | AH16: 0
A17: 16 | B17: Дехтяр Владислав Олександрович | AH17: 0
A18: 17 | B18: Тужиков Валерій Владиславович | AH18: 0
A19: 18 | B19: Сівов Євген Миколайович | AH19: 0
A20: 19 | B20: Кіфор Юрій Михайлович | AH20: 0
A21: 20 | B21: Нестерук Сергій Петрович | AH21: 0
A22: 21 | B22: Петренко Микола Григорович | AH22: 0
A23: 22 | B23: Рубленко Микола Іванович | AH23: 0
A24: 23 | B24: Серебренніков Володимир Олександрович | AH24: 0
... A33: 32 | B33: Різніченко Олег Олександрович | AH33: 0
A34: 33 | B34: Рогозовець Андрій Вікторович | D34: 11 | E34: 11 | F34: 11 | G34: 6 | I34: 11 | J34: 11 | L34: 12 | AH34: 73
A35: 34 | B35: Старков Кирило Юрійович | AH35: 0
A36: 35 | B36: Зубахін Сергій Александрович | AH36: 0
A37: 36 | B37: Корнієнко Віталій Олегович | AH37: 0
A38: 37 | B38: Рубленко Євген Миколайович | AH38: 0
A39: 38 | B39: Форманюк Руслан Леонідович | AH39: 0
A40: 39 | B40: Щербак Петро Іванович | AH40: 0
A41: 40 | B41: Онучак Віктор Іванович | AH41: 0
A42: 41 | B42: Кривка Руслан Олександрович | AH42: 0
A43: 42 | B43: Батрак Віктор Володимирович | AH43: 0
A44: 43 | B44: Бондаренко Іван Олександрович | AH44: 0
A45: 44 | B45: Токарук Петро Михайлович | AH45: 0
A46: 45 | B46: Підлісний Володимир Сергійович | AH46: 0
... A48: 47 | B48: Зінченко Дмитро Володимирович | AH48: 0
A49: 48 | B49: Момот Олексій Миколайович | C49: 11 | D49: 11 | E49: 11 | F49: 11 | G49: 5 | I49: 11 | AH49: 60
A50: 49 | B50: Гребінник Олексій Васильович | C50: 11 | D50: 11 | E50: 11 | F50: 11 | I50: 11 | J50: 11 | K50: 11 | AH50: 77
A51: 50 | B51: Ізюмець Олександр Евгенович | AH51: 0
A52: 51 | B52: Маркевич Ігор Ігорьович | AH52: 0
A53: 52 | B53: Раменюк Віталій Сергійович | AH53: 0
A54: 53 | B54: Самогородський Ігор Віталійович | AH54: 0
A55: 54 | B55: Іванова Світлана Юріївна | AH55: 0
A56: 55 | B56: Ісайкіна Тетяна Іванівна | AH56: 0
A57: 56 | B57: Деркс Сергій Анатолійович | AH57: 0
A58: 57 | B58: Гусаков Роман Давидович | AH58: 0
A59: 58 | B59: Гусаков Давид Давидович | AH59: 0
A60: 59 | B60: Тужиков Артем Денисович | AH60: 0
A61: 60 | B61: Ластовка Андрій Михайлович | AH61: 0
A62: 61 | B62: Гусаков Олександр Давидович | AH62: 0
... A68: 67 | B68: Повалій Олексій Юрійович | AH68: 0
A69: 68 | B69: Глібико Денис Володимирович | C69: 11 | D69: 11 | AH69: 22
A70: 69 | B70: Пилипчук Олександр Анатолійович | AH70: 0
A71: 70 | B71: Масливець Ярослав Ігорович | AH71: 0
A72: 71 | B72: Германчук Сергій Сергійович | AH72: 0
A73: 72 | B73: Велетнюк Матвій Ігорович | AH73: 0
AH74: 304

Sheet Распределени
A1: N | B1: Сотрудник | C1: 1 | D1: 2 | E1: 3 | F1: 4 | G1: 5 | H1: 6 | I1: 7 | J1: 8 | K1: 9 | L1: 10 | M1: 11 | N1: 12 | O1: 13 | P1: 14 | Q1: 15 | R1: =SUM(R2:R25) -> 2105 | S1: Ставка | T1: Огорожа Підгірці | V1: Піддони Металургбуд | X1: Ніжин ЖК | Z1: Будинки ООН | AB1: Битовка Ніжин | AD1: Цехові роботи
A2: 1 | B2: Скрипник Сергій Павлович | C2: 11 | D2: 11 | F2: 11 | G2: 11 | H2: 11 | I2: 11 | J2: 5 | M2: 9 | N2: 10 | P2: 10 | Q2: 10 | R2: =D2+C2+E2+F2+G2+H2+I2+J2+K2+L2+M2+N2+O2+P2+Q2 -> 110 | S2: 160 | U2: =T2*S2 -> 0 | V2: =C2+D2+F2+G2+H2+I2+J2+M2 -> 80 | W2: =V2*$S2 -> 12800 | X2: =Q2 -> 10 | Y2: =X2*$S2 -> 1600 | Z2: =N2+P2 -> 20 | AA2: =Z2*$S2 -> 3200 | AC2: =AB2*$S2 -> 0 | AE2: =AD2*$S2 -> 0 | AF2: =+V2+X2+Z2+AB2+AD2+T2-R2 -> 0
A3: 2 | B3: Пономаренко Олександр Вікторович | C3: 11 | D3: 11 | E3: 8 | F3: 11 | G3: 11 | H3: 11 | I3: 11 | J3: 5 | N3: 7 | O3: 11 | P3: 10 | Q3: 10 | R3: =D3+C3+E3+F3+G3+H3+I3+J3+K3+L3+M3+N3+O3+P3+Q3 -> 117 | S3: 160 | U3: =T3*S3 -> 0 | W3: =V3*S3 -> 0 | Y3: =X3*$S3 -> 0 | AA3: =Z3*$S3 -> 0 | AC3: =AB3*$S3 -> 0 | AE3: =AD3*$S3 -> 0 | AF3: =+V3+X3+Z3+AB3+AD3+T3-R3 -> -117
A4: 3 | B4: Бабіленко Микола Олександрович | G4: 11 | H4: 11 | I4: 11 | J4: 5 | M4: 9 | N4: 10 | O4: 11 | P4: 10 | Q4: 10 | R4: =D4+C4+E4+F4+G4+H4+I4+J4+K4+L4+M4+N4+O4+P4+Q4 -> 88 | S4: 130 | U4: =T4*S4 -> 0 | W4: =V4*S4 -> 0 | X4: =Q4 -> 10 | Y4: =X4*$S4 -> 1300 | Z4: =G4+H4+I4+J4+M4+N4+O4+P4 -> 78 | AA4: =Z4*$S4 -> 10140 | AC4: =AB4*$S4 -> 0 | AE4: =AD4*$S4 -> 0 | AF4: =+V4+X4+Z4+AB4+AD4+T4-R4 -> 0
A5: 4 | B5: Багацький Вадим Геннадійович | C5: 11 | D5: 11 | F5: 11 | G5: 11 | H5: 11 | I5: 11 | J5: 5 | M5: 9 | N5: 10 | O5: 11 | P5: 10 | Q5: 10 | R5: =D5+C5+E5+F5+G5+H5+I5+J5+K5+L5+M5+N5+O5+P5+Q5 -> 121 | S5: 130 | T5: =H5+I5+J5+M5+N5+O5+P5+Q5 -> 77 | U5: =T5*S5 -> 10010 | V5: =C5+D5+F5+G5 -> 44 | W5: =V5*S5 -> 5720 | Y5: =X5*$S5 -> 0 | AA5: =Z5*$S5 -> 0 | AC5: =AB5*$S5 -> 0 | AE5: =AD5*$S5 -> 0 | AF5: =+V5+X5+Z5+AB5+AD5+T5-R5 -> 0
A6: 5 | B6: Васильєв Віталій Юрійович | C6: 11 | D6: 11 | E6: 8 | F6: 11 | G6: 11 | I6: 11 | J6: 5 | M6: 9 | N6: 10 | O6: 11 | P6: 10 | Q6: 10 | R6: =D6+C6+E6+F6+G6+H6+I6+J6+K6+L6+M6+N6+O6+P6+Q6 -> 118 | S6: 130 | T6: =Q6+P6+O6+N6+J6+M6+I6 -> 66 | U6: =T6*S6 -> 8580 | V6: =C6+D6+E6+F6+G6 -> 52 | W6: =V6*S6 -> 6760 | Y6: =X6*$S6 -> 0 | AA6: =Z6*$S6 -> 0 | AC6: =AB6*$S6 -> 0 | AE6: =AD6*$S6 -> 0 | AF6: =+V6+X6+Z6+AB6+AD6+T6-R6 -> 0
A7: 6 | B7: Григоренко Олександр Миколайович | C7: 11 | D7: 11 | F7: 11 | G7: 11 | M7: 9 | N7: 7 | O7: 11 | P7: 10 | Q7: 10 | R7: =D7+C7+E7+F7+G7+H7+I7+J7+K7+L7+M7+N7+O7+P7+Q7 -> 91 | S7: 130 | T7: =N7+O7+P7+Q7 -> 38 | U7: =T7*S7 -> 4940 | V7: =C7+D7+F7+G7+M7 -> 53 | W7: =V7*S7 -> 6890 | Y7: =X7*$S7 -> 0 | AA7: =Z7*$S7 -> 0 | AC7: =AB7*$S7 -> 0 | AE7: =AD7*$S7 -> 0 | AF7: =+V7+X7+Z7+AB7+AD7+T7-R7 -> 0
A8: 7 | B8: Григор'єв Микола Андрійович | C8: 11 | D8: 11 | E8: 8 | F8: 11 | G8: 11 | H8: 11 | I8: 11 | J8: 5 | N8: 7 | P8: 10 | Q8: 10 | R8: =D8+C8+E8+F8+G8+H8+I8+J8+K8+L8+M8+N8+O8+P8+Q8 -> 106 | S8: 150 | U8: =T8*S8 -> 0 | V8: =C8+D8+E8+F8+G8+H8+I8+J8 -> 79 | W8: =V8*S8 -> 11850 | X8: =P8+Q8 -> 20 | Y8: =X8*$S8 -> 3000 | AA8: =Z8*$S8 -> 0 | AC8: =AB8*$S8 -> 0 | AD8: =N8 -> 7 | AE8: =AD8*$S8 -> 1050 | AF8: =+V8+X8+Z8+AB8+AD8+T8-R8 -> 0
A9: 8 | B9: Григор'єв Михайло Андрійович | C9: 11 | D9: 11 | F9: 11 | G9: 11 | H9: 11 | I9: 11 | J9: 5 | N9: 7 | P9: 10 | Q9: 10 | R9: =D9+C9+E9+F9+G9+H9+I9+J9+K9+L9+M9+N9+O9+P9+Q9 -> 98 | S9: 130 | T9: =Q9+P9+N9 -> 27 | U9: =T9*S9 -> 3510 | V9: =C9+D9+F9+G9+H9+I9+J9 -> 71 | W9: =V9*S9 -> 9230 | Y9: =X9*$S9 -> 0 | AA9: =Z9*$S9 -> 0 | AC9: =AB9*$S9 -> 0 | AE9: =AD9*$S9 -> 0 | AF9: =+V9+X9+Z9+AB9+AD9+T9-R9 -> 0
A10: 9 | B10: Іванов Олексій Вікторович | F10: 11 | G10: 11 | H10: 11 | I10: 11 | R10: =D10+C10+E10+F10+G10+H10+I10+J10+K10+L10+M10+N10+O10+P10+Q10 -> 44 | S10: 130 | U10: =T10*S10 -> 0 | V10: =F10+G10+H10+I10 -> 44 | W10: =V10*S10 -> 5720 | Y10: =X10*$S10 -> 0 | AA10: =Z10*$S10 -> 0 | AC10: =AB10*$S10 -> 0 | AE10: =AD10*$S10 -> 0 | AF10: =+V10+X10+Z10+AB10+AD10+T10-R10 -> 0
A11: 10 | B11: Іскрицький Денис Русланович | C11: 11 | D11: 11 | E11: 8 | F11: 11 | G11: 11 | H11: 11 | I11: 12 | J11: 5 | O11: 11 | R11: =D11+C11+E11+F11+G11+H11+I11+J11+K11+L11+M11+N11+O11+P11+Q11 -> 91 | S11: 150 | U11: =T11*S11 -> 0 | V11: =C11+D11+E11+F11+G11+H11 -> 63 | W11: =V11*S11 -> 9450 | Y11: =X11*$S11 -> 0 | Z11: =O11 -> 11 | AA11: =Z11*$S11 -> 1650 | AB11: =I11+J11 -> 17 | AC11: =AB11*$S11 -> 2550 | AE11: =AD11*$S11 -> 0 | AF11: =+V11+X11+Z11+AB11+AD11+T11-R11 -> 0
A12: 11 | B12: Корнієнко Віталій Олегович | C12: 11 | D12: 11 | E12: 8 | F12: 11 | G12: 11 | H12: 11 | I12: 11 | J12: 5 | N12: 7 | P12: 10 | Q12: 10 | R12: =D12+C12+E12+F12+G12+H12+I12+J12+K12+L12+M12+N12+O12+P12+Q12 -> 106 | S12: 130 | T12: =N12 -> 7 | U12: =T12*S12 -> 910 | V12: =C12+D12+E12+F12+G12+H12 -> 63 | W12: =V12*S12 -> 8190 | X12: =P12+Q12 -> 20 | Y12: =X12*$S12 -> 2600 | AA12: =Z12*$S12 -> 0 | AB12: =I12+J12 -> 16 | AC12: =AB12*$S12 -> 2080 | AE12: =AD12*$S12 -> 0 | AF12: =+V12+X12+Z12+AB12+AD12+T12-R12 -> 0
A13: 12 | B13: Корнієнко Станіслав Володимирович | H13: 11 | I13: 11 | J13: 5 | N13: 7 | O13: 11 | R13: =D13+C13+E13+F13+G13+H13+I13+J13+K13+L13+M13+N13+O13+P13+Q13 -> 45 | S13: 130 | T13: =H13+I13+J13+N13 -> 34 | U13: =T13*S13 -> 4420 | W13: =V13*S13 -> 0 | X13: =O13 -> 11 | Y13: =X13*$S13 -> 1430 | AA13: =Z13*$S13 -> 0 | AC13: =AB13*$S13 -> 0 | AE13: =AD13*$S13 -> 0 | AF13: =+V13+X13+Z13+AB13+AD13+T13-R13 -> 0
A14: 13 | B14: Масливець Ігор Валерійович | C14: 11 | D14: 11 | F14: 11 | G14: 11 | N14: 7 | O14: 11 | Q14: 10 | R14: =D14+C14+E14+F14+G14+H14+I14+J14+K14+L14+M14+N14+O14+P14+Q14 -> 72 | S14: 130 | T14: =C14+D14+F14+G14+N14+O14+Q14 -> 72 | U14: =T14*S14 -> 9360 | W14: =V14*S14 -> 0 | Y14: =X14*$S14 -> 0 | AA14: =Z14*$S14 -> 0 | AC14: =AB14*$S14 -> 0 | AE14: =AD14*$S14 -> 0 | AF14: =+V14+X14+Z14+AB14+AD14+T14-R14 -> 0
A15: 14 | B15: Пономаренко Віталій Вікторович | C15: 11 | D15: 11 | E15: 8 | F15: 11 | G15: 11 | H15: 11 | I15: 11 | J15: 5 | N15: 7 | P15: 10 | Q15: 10 | R15: =D15+C15+E15+F15+G15+H15+I15+J15+K15+L15+M15+N15+O15+P15+Q15 -> 106 | S15: 150 | U15: =T15*S15 -> 0 | V15: =C15+D15+E15+F15+G15+H15+I15+J15 -> 79 | W15: =V15*S15 -> 11850 | X15: =P15+Q15 -> 20 | Y15: =X15*$S15 -> 3000 | AA15: =Z15*$S15 -> 0 | AC15: =AB15*$S15 -> 0 | AD15: =N15 -> 7 | AE15: =AD15*$S15 -> 1050 | AF15: =+V15+X15+Z15+AB15+AD15+T15-R15 -> 0
A16: 15 | B16: Пономарьов Микола Вікторович | C16: 11 | D16: 11 | G16: 11 | N16: 7 | R16: =D16+C16+E16+F16+G16+H16+I16+J16+K16+L16+M16+N16+O16+P16+Q16 -> 40 | S16: 150 | T16: =N16 -> 7 | U16: =T16*S16 -> 1050 | V16: =C16+D16+G16 -> 33 | W16: =V16*S16 -> 4950 | Y16: =X16*$S16 -> 0 | AA16: =Z16*$S16 -> 0 | AC16: =AB16*$S16 -> 0 | AE16: =AD16*$S16 -> 0 | AF16: =+V16+X16+Z16+AB16+AD16+T16-R16 -> 0
A17: 16 | B17: Скрипник Олександр Павлович | C17: 11 | D17: 11 | F17: 11 | G17: 11 | H17: 11 | I17: 11 | J17: 5 | M17: 9 | N17: 7 | P17: 10 | Q17: 10 | R17: =D17+C17+E17+F17+G17+H17+I17+J17+K17+L17+M17+N17+O17+P17+Q17 -> 107 | S17: 150 | T17: =C17+D17+F17+G17+H17+I17+J17+M17+N17+P17+Q17 -> 107 | U17: =T17*S17 -> 16050 | W17: =V17*S17 -> 0 | Y17: =X17*$S17 -> 0 | AA17: =Z17*$S17 -> 0 | AC17: =AB17*$S17 -> 0 | AE17: =AD17*$S17 -> 0 | AF17: =+V17+X17+Z17+AB17+AD17+T17-R17 -> 0
A18: 17 | B18: Костенко Костянтин Юрійович | C18: 11 | D18: 11 | G18: 11 | H18: 11 | I18: 11 | J18: 5 | N18: 7 | P18: 10 | Q18: 10 | R18: =D18+C18+E18+F18+G18+H18+I18+J18+K18+L18+M18+N18+O18+P18+Q18 -> 87 | S18: 150 | T18: =C18+D18+G18+H18+I18+J18+N18 -> 67 | U18: =T18*S18 -> 10050 | W18: =V18*S18 -> 0 | X18: =P18+Q18 -> 20 | Y18: =X18*$S18 -> 3000 | AA18: =Z18*$S18 -> 0 | AC18: =AB18*$S18 -> 0 | AE18: =AD18*$S18 -> 0 | AF18: =+V18+X18+Z18+AB18+AD18+T18-R18 -> 0
A19: 18 | B19: Власенко В'ячеслав Валентинович | C19: 11 | D19: 11 | F19: 11 | G19: 11 | H19: 11 | I19: 11 | J19: 5 | N19: 7 | R19: =D19+C19+E19+F19+G19+H19+I19+J19+K19+L19+M19+N19+O19+P19+Q19 -> 78 | S19: 150 | U19: =T19*S19 -> 0 | V19: =C19+D19+F19+G19+H19+I19+J19 -> 71 | W19: =V19*S19 -> 10650 | Y19: =X19*$S19 -> 0 | Z19: =N19 -> 7 | AA19: =Z19*$S19 -> 1050 | AC19: =AB19*$S19 -> 0 | AE19: =AD19*$S19 -> 0 | AF19: =+V19+X19+Z19+AB19+AD19+T19-R19 -> 0
A20: 19 | B20: Пилипчук Олександр Анатолійович | C20: 11 | D20: 11 | E20: 8 | F20: 11 | G20: 11 | H20: 11 | I20: 11 | J20: 5 | N20: 7 | P20: 10 | Q20: 10 | R20: =D20+C20+E20+F20+G20+H20+I20+J20+K20+L20+M20+N20+O20+P20+Q20 -> 106 | S20: 150 | T20: =C20+D20+E20+F20+G20+H20+I20+J20 -> 79 | U20: =T20*S20 -> 11850 | W20: =V20*S20 -> 0 | X20: =P20+Q20 -> 20 | Y20: =X20*$S20 -> 3000 | AA20: =Z20*$S20 -> 0 | AC20: =AB20*$S20 -> 0 | AD20: =N20 -> 7 | AE20: =AD20*$S20 -> 1050 | AF20: =+V20+X20+Z20+AB20+AD20+T20-R20 -> 0
A21: 20 | B21: Поліщук Олександр Олександрович | C21: 11 | D21: 11 | E21: 8 | F21: 11 | G21: 11 | H21: 11 | I21: 11 | J21: 5 | N21: 7 | P21: 10 | Q21: 10 | R21: =D21+C21+E21+F21+G21+H21+I21+J21+K21+L21+M21+N21+O21+P21+Q21 -> 106 | S21: 150 | T21: =C21+D21+E21+F21+G21+H21+I21+J21 -> 79 | U21: =T21*S21 -> 11850 | W21: =V21*S21 -> 0 | X21: =P21+Q21 -> 20 | Y21: =X21*$S21 -> 3000 | AA21: =Z21*$S21 -> 0 | AC21: =AB21*$S21 -> 0 | AD21: =N21 -> 7 | AE21: =AD21*$S21 -> 1050 | AF21: =+V21+X21+Z21+AB21+AD21+T21-R21 -> 0
A22: 21 | B22: Понуркін Євген Григорович | C22: 11 | D22: 11 | F22: 11 | G22: 11 | M22: 9 | N22: 7 | O22: 11 | R22: =D22+C22+E22+F22+G22+H22+I22+J22+K22+L22+M22+N22+O22+P22+Q22 -> 71 | S22: 130 | T22: =C22+D22+E22+F22+G22+M22+N22+O22 -> 71 | U22: =T22*S22 -> 9230 | W22: =V22*S22 -> 0 | Y22: =X22*$S22 -> 0 | AA22: =Z22*$S22 -> 0 | AC22: =AB22*$S22 -> 0 | AE22: =AD22*$S22 -> 0 | AF22: =+V22+X22+Z22+AB22+AD22+T22-R22 -> 0
A23: 22 | B23: Паламарчук Вячеслав Володимирович | C23: 11 | D23: 11 | F23: 11 | G23: 11 | M23: 9 | N23: 7 | O23: 11 | R23: =D23+C23+E23+F23+G23+H23+I23+J23+K23+L23+M23+N23+O23+P23+Q23 -> 71 | S23: 130 | T23: =C23+D23+E23+F23+G23+M23+N23+O23 -> 71 | U23: =T23*S23 -> 9230 | W23: =V23*S23 -> 0 | Y23: =X23*$S23 -> 0 | AA23: =Z23*$S23 -> 0 | AC23: =AB23*$S23 -> 0 | AE23: =AD23*$S23 -> 0 | AF23: =+V23+X23+Z23+AB23+AD23+T23-R23 -> 0
A24: 23 | B24: Діхтяр Владислав Олександрович | C24: 11 | D24: 11 | E24: 8 | F24: 11 | G24: 11 | H24: 11 | I24: 11 | R24: =D24+C24+E24+F24+G24+H24+I24+J24+K24+L24+M24+N24+O24+P24+Q24 -> 74 | S24: 150 | U24: =T24*S24 -> 0 | V24: =C24+D24+E24+F24+G24+H24+I24 -> 74 | W24: =V24*S24 -> 11100 | Y24: =X24*$S24 -> 0 | AA24: =Z24*$S24 -> 0 | AC24: =AB24*$S24 -> 0 | AE24: =AD24*$S24 -> 0 | AF24: =+V24+X24+Z24+AB24+AD24+T24-R24 -> 0
A25: 24 | B25: Щербак Петро Іванович | C25: 11 | D25: 11 | E25: 8 | F25: 11 | G25: 11 | R25: =D25+C25+E25+F25+G25+H25+I25+J25+K25+L25+M25+N25+O25+P25+Q25 -> 52 | S25: 130 | T25: =F25+G25 -> 22 | U25: =T25*S25 -> 2860 | W25: =V25*S25 -> 0 | Y25: =X25*$S25 -> 0 | AA25: =Z25*$S25 -> 0 | AC25: =AB25*$S25 -> 0 | AD25: =C25+D25+E25 -> 30 | AE25: =AD25*$S25 -> 3900 | AF25: =+V25+X25+Z25+AB25+AD25+T25-R25 -> 0
A26: 25 | B26: Тужиков Валерій Владиславович | U26: =T26*S26 -> 0 | W26: =V26*S26 -> 0 | Y26: =X26*$S26 -> 0 | AA26: =Z26*$S26 -> 0 | AC26: =AB26*$S26 -> 0 | AE26: =AD26*$S26 -> 0
R27: =SUM(R2:R25) -> 2105 | T27: =SUM(T2:T25) -> 824 | U27: =SUM(U2:U26) -> 113900 | V27: =SUM(V2:V25) -> 806 | W27: =SUM(W2:W26) -> 115160 | X27: =SUM(X2:X25) -> 151 | Y27: =SUM(Y2:Y26) -> 21930 | Z27: =SUM(Z2:Z25) -> 116 | AA27: =SUM(AA2:AA26) -> 16040 | AB27: =SUM(AB2:AB25) -> 33 | AC27: =SUM(AC2:AC26) -> 4630 | AD27: =SUM(AD2:AD25) -> 58 | AE27: =SUM(AE2:AE26) -> 8100 | AF27: =+V27+X27+Z27+AB27+AD27+T27-R27 -> -117
B28: 1-15 березня
B29: Огорожа Підгірці
B30: Піддони Металургбуд
B31: Ніжин ЖК
B32: Будинки ООН
B33: Битовка Ніжин
B34: Цехові роботи

Sheet Загальна по роботам
A1: N | B1: Сотрудник | C1: 16 | D1: 17 | E1: 18 | F1: 19 | G1: 20 | H1: 21 | I1: 22 | J1: 23 | K1: 24 | L1: 25 | M1: 26 | N1: 27 | O1: 28 | P1: 29 | Q1: Всего часов | R1: Ставка | S1: Піддони | T1: =S1 -> Піддони | U1: Кутики монтаж | V1: =U1 -> Кутики монтаж | W1: Огородження | X1: =W1 -> Огородження | Y1: Битовка | Z1: =Y1 -> Битовка | AA1: Ремонт кран балки | AB1: =AA1 -> Ремонт кран балки | AC1: ИТР | AD1: =AC1 -> ИТР | AE1: Крушинка | AG1: Крушинка на листе
A2: 1 | B2: Скрипник Сергій | C2: 11 | D2: 9 | F2: 11 | H2: 11 | I2: 11 | J2: 11 | K2: 11 | N2: 11 | O2: 11 | P2: 11 | Q2: =C2+D2+E2+F2+G2+H2+I2+J2+O2+N2+M2+L2+K2+P2 -> 108 | R2: =INDEX(#REF!,MATCH(B2,#REF!,0)) -> #REF! | S2: =N2+O2+P2+K2 -> 44 | T2: =S2*R2 -> #REF! | U2: =C2+D2+F2+H2+I2+J2 -> 64 | V2: =U2*R2 -> #REF! | X2: =W2*R2 -> #REF! | Z2: =Y2*R2 -> #REF! | AB2: =AA2*R2 -> #REF! | AD2: =AC2*R2 -> #REF! | AF2: =Q2-SUM(S2:AC2) -> #REF!
A3: 2 | B3: Пономаренко Олександр | C3: 11 | D3: 9 | F3: 11 | G3: 11 | H3: 11 | I3: 11 | J3: 11 | K3: 11 | M3: 11 | N3: 11 | O3: 13 | P3: 12 | Q3: =C3+D3+E3+F3+G3+H3+I3+J3+O3+N3+M3+L3+K3+P3 -> 133 | R3: =INDEX(#REF!,MATCH(B3,#REF!,0)) -> #REF! | T3: =S3*R3 -> #REF! | V3: =U3*R3 -> #REF! | X3: =W3*R3 -> #REF! | Z3: =Y3*R3 -> #REF! | AB3: =AA3*R3 -> #REF! | AC3: =C3+D3+F3+G3+H3+I3+J3+K3+M3+N3+O3+P3 -> 133 | AD3: =AC3*R3 -> #REF! | AF3: =Q3-SUM(S3:AC3) -> #REF!
A4: 3 | B4: Бабіленко Микола Олександрович | C4: 11 | F4: 11 | G4: 11 | H4: 11 | I4: 11 | J4: 11 | K4: 11 | M4: 11 | N4: 11 | O4: 11 | P4: 11 | Q4: =C4+D4+E4+F4+G4+H4+I4+J4+O4+N4+M4+L4+K4+P4 -> 121 | R4: =INDEX(#REF!,MATCH(B4,#REF!,0)) -> #REF! | S4: =M4+N4+O4+P4 -> 44 | T4: =S4*R4 -> #REF! | U4: =C4+F4+H4+L4+K4 -> 44 | V4: =U4*R4 -> #REF! | X4: =W4*R4 -> #REF! | Z4: =Y4*R4 -> #REF! | AB4: =AA4*R4 -> #REF! | AD4: =AC4*R4 -> #REF! | AE4: =G4+I4+J4 -> 33 | AF4: =Q4-SUM(S4:AC4)-AE4 -> #REF! | AG4: 33 | AH4: Бабіленко Микола Олександрович | AI4: =AG4-AE4 -> 0
A5: 4 | B5: Багацький Вадим | C5: 11 | F5: 11 | G5: 11 | H5: 11 | I5: 11 | J5: 11 | K5: 11 | M5: 11 | N5: 11 | O5: 11 | P5: 11 | Q5: =C5+D5+E5+F5+G5+H5+I5+J5+O5+N5+M5+L5+K5+P5 -> 121 | R5: =INDEX(#REF!,MATCH(B5,#REF!,0)) -> #REF! | S5: =M5+N5+O5+P5 -> 44 | T5: =S5*R5 -> #REF! | V5: =U5*R5 -> #REF! | W5: =F5+G5+H5+I5+J5+K5 -> 66 | X5: =W5*R5 -> #REF! | Z5: =Y5*R5 -> #REF! | AB5: =AA5*R5 -> #REF! | AD5: =AC5*R5 -> #REF! | AE5: =C5 -> 11 | AF5: =Q5-SUM(S5:AC5)-AE5 -> #REF! | AG5: 11 | AH5: Багацький Вадим Геннадійович | AI5: =AG5-AE5 -> 0
A6: 5 | B6: Васильєв Віталій | C6: 11 | F6: 11 | H6: 11 | I6: 11 | J6: 11 | M6: 11 | N6: 11 | O6: 11 | P6: 11 | Q6: =C6+D6+E6+F6+G6+H6+I6+J6+O6+N6+M6+L6+K6+P6 -> 99 | R6: =INDEX(#REF!,MATCH(B6,#REF!,0)) -> #REF! | S6: =M6+N6+O6+P6 -> 44 | T6: =S6*R6 -> #REF! | V6: =U6*R6 -> #REF! | X6: =W6*R6 -> #REF! | Z6: =Y6*R6 -> #REF! | AB6: =AA6*R6 -> #REF! | AD6: =AC6*R6 -> #REF! | AE6: =C6+F6+H6+I6+J6 -> 55 | AF6: =Q6-SUM(S6:AC6)-AE6 -> #REF! | AG6: 55 | AH6: Васильєв Віталій Юрійович | AI6: =AG6-AE6 -> 0
A7: 6 | B7: Григоренко Олександр | F7: 11 | G7: 11 | H7: 11 | I7: 11 | J7: 11 | M7: 11 | N7: 11 | O7: 11 | P7: 11 | Q7: =C7+D7+E7+F7+G7+H7+I7+J7+O7+N7+M7+L7+K7+P7 -> 99 | R7: =INDEX(#REF!,MATCH(B7,#REF!,0)) -> #REF! | S7: =M7+N7+O7+P7 -> 44 | T7: =S7*R7 -> #REF! | V7: =U7*R7 -> #REF! | X7: =W7*R7 -> #REF! | Z7: =Y7*R7 -> #REF! | AB7: =AA7*R7 -> #REF! | AD7: =AC7*R7 -> #REF! | AE7: =F7+G7+H7+I7+J7 -> 55 | AF7: =Q7-SUM(S7:AC7)-AE7 -> #REF! | AG7: 55 | AH7: Григоренко Олександр Миколайович | AI7: =AG7-AE7 -> 0
A8: 7 | B8: Григор'єв Микола | C8: 11 | D8: 9 | F8: 11 | H8: 11 | I8: 11 | J8: 11 | K8: 11 | L8: 8 | M8: 11 | N8: 11 | O8: 11 | P8: 11 | Q8: =C8+D8+E8+F8+G8+H8+I8+J8+O8+N8+M8+L8+K8+P8 -> 127 | R8: =INDEX(#REF!,MATCH(B8,#REF!,0)) -> #REF! | S8: =M8+N8+O8+P8+L8+K8+J8+I8 -> 85 | T8: =S8*R8 -> #REF! | V8: =U8*R8 -> #REF! | X8: =W8*R8 -> #REF! | Z8: =Y8*R8 -> #REF! | AA8: =C8+D8+F8+H8 -> 42 | AB8: =AA8*R8 -> #REF! | AD8: =AC8*R8 -> #REF! | AF8: =Q8-SUM(S8:AC8)-AE8 -> #REF!
A9: 8 | B9: Григор'єв Михайло | C9: 11 | D9: 9 | F9: 11 | H9: 11 | I9: 11 | J9: 11 | K9: 11 | M9: 11 | N9: 11 | O9: 12 | P9: 11 | Q9: =C9+D9+E9+F9+G9+H9+I9+J9+O9+N9+M9+L9+K9+P9 -> 120 | R9: =INDEX(#REF!,MATCH(B9,#REF!,0)) -> #REF! | S9: =P9 -> 11 | T9: =S9*R9 -> #REF! | V9: =U9*R9 -> #REF! | W9: 45 | X9: =W9*R9 -> #REF! | Y9: =C9+D9+F9+H9+I9+J9 -> 64 | Z9: =Y9*R9 -> #REF! | AB9: =AA9*R9 -> #REF! | AD9: =AC9*R9 -> #REF! | AF9: =Q9-SUM(S9:AC9)-AE9 -> #REF!
A10: 9 | B10: Іванов Олексій | C10: 11 | D10: 9 | F10: 11 | G10: 11 | H10: 11 | I10: 11 | J10: 11 | K10: 11 | L10: 8 | M10: 11 | N10: 11 | Q10: =C10+D10+E10+F10+G10+H10+I10+J10+O10+N10+M10+L10+K10+P10 -> 116 | R10: =INDEX(#REF!,MATCH(B10,#REF!,0)) -> #REF! | S10: =I10+J10+K10+L10+M10+N10+O10 -> 63 | T10: =S10*R10 -> #REF! | V10: =U10*R10 -> #REF! | W10: =C10+D10+F10+G10+H10 -> 53 | X10: =W10*R10 -> #REF! | Z10: =Y10*R10 -> #REF! | AB10: =AA10*R10 -> #REF! | AD10: =AC10*R10 -> #REF! | AF10: =Q10-SUM(S10:AC10)-AE10 -> #REF!
A11: 10 | B11: Іскрицький Д.С. | C11: 11 | D11: 9 | F11: 11 | G11: 11 | H11: 11 | I11: 11 | J11: 11 | K11: 11 | M11: 11 | N11: 11 | O11: 11 | P11: 11 | Q11: =C11+D11+E11+F11+G11+H11+I11+J11+O11+N11+M11+L11+K11+P11 -> 130 | R11: =INDEX(#REF!,MATCH(B11,#REF!,0)) -> #REF! | S11: =N11+O11+P11 -> 33 | T11: =S11*R11 -> #REF! | U11: =C11+D11+F11+G11+H11+I11+J11+K11+M11 -> 97 | V11: =U11*R11 -> #REF! | X11: =W11*R11 -> #REF! | Z11: =Y11*R11 -> #REF! | AB11: =AA11*R11 -> #REF! | AD11: =AC11*R11 -> #REF! | AF11: =Q11-SUM(S11:AC11)-AE11 -> #REF!
A12: 11 | B12: Корнієнко Віталій Олегович | C12: 11 | D12: 9 | F12: 11 | G12: 11 | H12: 11 | I12: 11 | J12: 11 | K12: 11 | M12: 11 | N12: 11 | O12: 14 | P12: 11 | Q12: =C12+D12+E12+F12+G12+H12+I12+J12+O12+N12+M12+L12+K12+P12 -> 133 | R12: =INDEX(#REF!,MATCH(B12,#REF!,0)) -> #REF! | T12: =S12*R12 -> #REF! | U12: =C12+D12+F12+G12+H12 -> 53 | V12: =U12*R12 -> #REF! | W12: 11 | X12: =W12*R12 -> #REF! | Y12: =I12+J12+K12+M12+N12+O12 -> 69 | Z12: =Y12*R12 -> #REF! | AB12: =AA12*R12 -> #REF! | AD12: =AC12*R12 -> #REF! | AF12: =Q12-SUM(S12:AC12)-AE12 -> #REF!
A13: 12 | B13: Корнієнко Станіслав Володимирович | C13: 11 | F13: 11 | G13: 12 | Q13: =C13+D13+E13+F13+G13+H13+I13+J13+O13+N13+M13+L13+K13+P13 -> 34 | R13: =INDEX(#REF!,MATCH(B13,#REF!,0)) -> #REF! | T13: =S13*R13 -> #REF! | V13: =U13*R13 -> #REF! | X13: =W13*R13 -> #REF! | Z13: =Y13*R13 -> #REF! | AB13: =AA13*R13 -> #REF! | AD13: =AC13*R13 -> #REF! | AE13: =C13+F13+G13 -> 34 | AF13: =Q13-SUM(S13:AC13)-AE13 -> #REF! | AG13: 34 | AH13: Корнієнко Станіслав Володимирович | AI13: =AG13-AE13 -> 0
A14: 13 | B14: Масливець Ігор Валерійович | N14: 11 | O14: 11 | P14: 11 | Q14: =C14+D14+E14+F14+G14+H14+I14+J14+O14+N14+M14+L14+K14+P14 -> 33 | R14: =INDEX(#REF!,MATCH(B14,#REF!,0)) -> #REF! | S14: =N14+O14+P14 -> 33 | T14: =S14*R14 -> #REF! | V14: =U14*R14 -> #REF! | X14: =W14*R14 -> #REF! | Z14: =Y14*R14 -> #REF! | AB14: =AA14*R14 -> #REF! | AD14: =AC14*R14 -> #REF! | AF14: =Q14-SUM(S14:AC14)-AE14 -> #REF!
A15: 14 | B15: Пономаренко Віталій | C15: 12 | F15: 11 | G15: 11 | H15: 11 | I15: 11 | J15: 11 | K15: 11 | L15: 8 | M15: 11 | N15: 11 | O15: 13 | P15: 12 | Q15: =C15+D15+E15+F15+G15+H15+I15+J15+O15+N15+M15+L15+K15+P15 -> 133 | R15: =INDEX(#REF!,MATCH(B15,#REF!,0)) -> #REF! | S15: =I15+J15+K15+L15+M15+N15+O15+P15 -> 88 | T15: =S15*R15 -> #REF! | V15: =U15*R15 -> #REF! | W15: 33 | X15: =W15*R15 -> #REF! | Z15: =Y15*R15 -> #REF! | AB15: =AA15*R15 -> #REF! | AD15: =AC15*R15 -> #REF! | AE15: =C15 -> 12 | AF15: =Q15-SUM(S15:AC15)-AE15 -> #REF! | AG15: 12 | AH15: Пономаренко Віталій Вікторович | AI15: =AG15-AE15 -> 0
A16: 15 | B16: Пономарьов Микола Вікторович | J16: 11 | K16: 11 | M16: 11 | N16: 11 | O16: 11 | P16: 11 | Q16: =C16+D16+E16+F16+G16+H16+I16+J16+O16+N16+M16+L16+K16+P16 -> 66 | R16: =INDEX(#REF!,MATCH(B16,#REF!,0)) -> #REF! | S16: =J16+K16+L16+M16+N16+O16+P16 -> 66 | T16: =S16*R16 -> #REF! | V16: =U16*R16 -> #REF! | X16: =W16*R16 -> #REF! | Z16: =Y16*R16 -> #REF! | AB16: =AA16*R16 -> #REF! | AD16: =AC16*R16 -> #REF! | AF16: =Q16-SUM(S16:AC16)-AE16 -> #REF!
A17: 16 | B17: Скрипник Олександр Павлович | D17: 9 | F17: 11 | G17: 11 | H17: 11 | I17: 11 | J17: 11 | K17: 11 | M17: 11 | N17: 11 | O17: 11 | P17: 11 | Q17: =C17+D17+E17+F17+G17+H17+I17+J17+O17+N17+M17+L17+K17+P17 -> 119 | R17: =INDEX(#REF!,MATCH(B17,#REF!,0)) -> #REF! | T17: =S17*R17 -> #REF! | U17: =D17+F17+G17+H17+I17+J17+K17+M17 -> 86 | V17: =U17*R17 -> #REF! | X17: =W17*R17 -> #REF! | Y17: =N17+O17+P17 -> 33 | Z17: =Y17*R17 -> #REF! | AB17: =AA17*R17 -> #REF! | AD17: =AC17*R17 -> #REF! | AF17: =Q17-SUM(S17:AC17)-AE17 -> #REF!
A18: 17 | B18: Костенко Костянтин Юрійович | C18: 11 | F18: 11 | G18: 11 | H18: 11 | I18: 11 | J18: 11 | K18: 11 | N18: 11 | O18: 11 | P18: 11 | Q18: =C18+D18+E18+F18+G18+H18+I18+J18+O18+N18+M18+L18+K18+P18 -> 110 | R18: =INDEX(#REF!,MATCH(B18,#REF!,0)) -> #REF! | S18: =J18+K18+N18+O18+P18 -> 55 | T18: =S18*R18 -> #REF! | V18: =U18*R18 -> #REF! | W18: =J18+K18+N18+O18+P18 -> 55 | X18: =W18*R18 -> #REF! | Z18: =Y18*R18 -> #REF! | AB18: =AA18*R18 -> #REF! | AD18: =AC18*R18 -> #REF! | AF18: =Q18-SUM(S18:AC18)-AE18 -> #REF!
A19: 18 | B19: Власенко В'ячеслав | C19: 11 | F19: 11 | G19: 11 | H19: 11 | I19: 11 | J19: 11 | K19: 11 | M19: 11 | N19: 11 | O19: 13 | P19: 12 | Q19: =C19+D19+E19+F19+G19+H19+I19+J19+O19+N19+M19+L19+K19+P19 -> 124 | R19: =INDEX(#REF!,MATCH(B19,#REF!,0)) -> #REF! | S19: =I19+J19+K19+M19+N19+O19+P19 -> 80 | T19: =S19*R19 -> #REF! | V19: =U19*R19 -> #REF! | W19: =F19+G19+H19 -> 33 | X19: =W19*R19 -> #REF! | Z19: =Y19*R19 -> #REF! | AB19: =AA19*R19 -> #REF! | AD19: =AC19*R19 -> #REF! | AE19: =C19 -> 11 | AF19: =Q19-SUM(S19:AC19)-AE19 -> #REF! | AG19: 11 | AH19: Власенко В'ячеслав Валентинович | AI19: =AG19-AE19 -> 0
A20: 19 | B20: Пилипчук Олександр | C20: 11 | D20: 9 | F20: 11 | G20: 11 | H20: 11 | I20: 11 | J20: 11 | K20: 11 | L20: 3 | M20: 11 | N20: 11 | O20: 11 | P20: 11 | Q20: =C20+D20+E20+F20+G20+H20+I20+J20+O20+N20+M20+L20+K20+P20 -> 133 | R20: =INDEX(#REF!,MATCH(B20,#REF!,0)) -> #REF! | S20: =K20+L20+M20+N20+O20+P20 -> 58 | T20: =S20*R20 -> #REF! | V20: =U20*R20 -> #REF! | W20: =C20+D20+F20+G20+H20+I20+J20 -> 75 | X20: =W20*R20 -> #REF! | Z20: =Y20*R20 -> #REF! | AB20: =AA20*R20 -> #REF! | AD20: =AC20*R20 -> #REF! | AF20: =Q20-SUM(S20:AC20)-AE20 -> #REF!
A21: 20 | B21: Поліщук Олександр | C21: 11 | F21: 11 | H21: 11 | I21: 11 | J21: 11 | K21: 11 | L21: 8 | M21: 11 | N21: 11 | O21: 11 | P21: 11 | Q21: =C21+D21+E21+F21+G21+H21+I21+J21+O21+N21+M21+L21+K21+P21 -> 118 | R21: =INDEX(#REF!,MATCH(B21,#REF!,0)) -> #REF! | S21: =K21+L21+M21+N21+O21+P21 -> 63 | T21: =S21*R21 -> #REF! | V21: =U21*R21 -> #REF! | W21: =F21+H21+I21+J21 -> 44 | X21: =W21*R21 -> #REF! | Z21: =Y21*R21 -> #REF! | AB21: =AA21*R21 -> #REF! | AD21: =AC21*R21 -> #REF! | AE21: =C21 -> 11 | AF21: =Q21-SUM(S21:AC21)-AE21 -> #REF! | AG21: 11 | AH21: Поліщук Олександр | AI21: =AG21-AE21 -> 0
A22: 21 | B22: Понуркін Євген Григорович | C22: 11 | D22: 9 | F22: 11 | G22: 11 | H22: 11 | I22: 11 | J22: 11 | K22: 11 | M22: 11 | N22: 11 | O22: 11 | P22: 11 | Q22: =C22+D22+E22+F22+G22+H22+I22+J22+O22+N22+M22+L22+K22+P22 -> 130 | R22: =INDEX(#REF!,MATCH(B22,#REF!,0)) -> #REF! | S22: =L22+M22+N22+O22+P22+K22 -> 55 | T22: =S22*R22 -> #REF! | U22: =C22+D22 -> 20 | V22: =U22*R22 -> #REF! | X22: =W22*R22 -> #REF! | Z22: =Y22*R22 -> #REF! | AB22: =AA22*R22 -> #REF! | AD22: =AC22*R22 -> #REF! | AE22: =F22+G22+H22+I22+J22 -> 55 | AF22: =Q22-SUM(S22:AC22)-AE22 -> #REF! | AG22: 55 | AH22: Понуркін Євген Григорович | AI22: =AG22-AE22 -> 0
A23: 22 | B23: Паламарчук Вячеслав Володимирович | C23: 11 | D23: 9 | F23: 11 | G23: 11 | H23: 12 | I23: 12 | J23: 12 | P23: 11 | Q23: =C23+D23+E23+F23+G23+H23+I23+J23+O23+N23+M23+L23+K23+P23 -> 89 | R23: =INDEX(#REF!,MATCH(B23,#REF!,0)) -> #REF! | T23: =S23*R23 -> #REF! | U23: =C23+D23 -> 20 | V23: =U23*R23 -> #REF! | W23: =P23 -> 11 | X23: =W23*R23 -> #REF! | Z23: =Y23*R23 -> #REF! | AB23: =AA23*R23 -> #REF! | AD23: =AC23*R23 -> #REF! | AE23: =F23+G23+H23+I23+J23 -> 58 | AF23: =Q23-SUM(S23:AC23)-AE23 -> #REF! | AG23: 58 | AH23: Паламарчук Вячеслав | AI23: =AG23-AE23 -> 0
A24: 23 | B24: Діхтяр Владислав | C24: 11 | F24: 10 | G24: 11 | H24: 11 | I24: 11 | J24: 11 | K24: 11 | L24: 8 | M24: 11 | N24: 11 | O24: 11 | P24: 11 | Q24: =C24+D24+E24+F24+G24+H24+I24+J24+O24+N24+M24+L24+K24+P24 -> 128 | R24: =INDEX(#REF!,MATCH(B24,#REF!,0)) -> #REF! | S24: =N24+O24+P24 -> 33 | T24: =S24*R24 -> #REF! | V24: =U24*R24 -> #REF! | W24: =F24+G24+H24+I24+J24+K24+L24+M24 -> 84 | X24: =W24*R24 -> #REF! | Z24: =Y24*R24 -> #REF! | AB24: =AA24*R24 -> #REF! | AD24: =AC24*R24 -> #REF! | AE24: =C24 -> 11 | AF24: =Q24-SUM(S24:AC24)-AE24 -> #REF! | AG24: 11 | AH24: Дегтяр Влад | AI24: =AG24-AE24 -> 0
A25: 24 | B25: Щербак Петро Іванович | C25: 11 | D25: 9 | F25: 11 | G25: 11 | H25: 11 | I25: 11 | J25: 11 | K25: 11 | L25: 8 | M25: 11 | N25: 11 | O25: 13 | P25: 12 | Q25: =C25+D25+E25+F25+G25+H25+I25+J25+O25+N25+M25+L25+K25+P25 -> 141 | R25: =INDEX(#REF!,MATCH(B25,#REF!,0)) -> #REF! | T25: =S25*R25 -> #REF! | V25: =U25*R25 -> #REF! | X25: =W25*R25 -> #REF! | Y25: =O25 -> 13 | Z25: =Y25*R25 -> #REF! | AA25: =C25+D25+F25+G25+H25+I25+J25+K25+L25+M25+N25+P25 -> 128 | AB25: =AA25*R25 -> #REF! | AD25: =AC25*R25 -> #REF! | AF25: =Q25-SUM(S25:AC25)-AE25 -> #REF!
Q26: =SUM(Q2:Q25) -> 2665 | R26: =S26+U26+W26+Y26+AA26 -> 2186 | S26: =SUM(S2:S25) -> 943 | T26: =SUM(T2:T25) -> #REF! | U26: =SUM(U2:U25) -> 384 | V26: =SUM(V2:V25) -> #REF! | W26: =SUM(W2:W25) -> 510 | X26: =SUM(X2:X25) -> #REF! | Y26: =SUM(Y2:Y25) -> 179 | Z26: =SUM(Z2:Z25) -> #REF! | ... AE26: =SUM(AE2:AE25) -> 346
S27: =S26/$R$26 -> 0.43138152 | U27: =U26/$R$26 -> 0.17566331 | W27: =W26/$R$26 -> 0.23330284 | Y27: =Y26/$R$26 -> 0.081884721 | AA27: =AA26/$R$26 -> 0.077767612
S28: =ROUND($AC$26*S27,0) -> 57 | T28: =ROUND(S27*$AD$26,0) -> #REF! | U28: =ROUND($AC$26*U27,0) -> 23 | V28: =ROUND(U27*$AD$26,0) -> #REF! | W28: =ROUND($AC$26*W27,0) -> 31 | X28: =ROUND(W27*$AD$26,0) -> #REF! | Y28: =ROUND($AC$26*Y27,0)+1 -> 12 | Z28: =ROUND(Y27*$AD$26,0)-1 -> #REF! | AA28: =ROUND($AC$26*AA27,0) -> 10 | AB28: =ROUND(AA27*$AD$26,0) -> #REF!
S29: =S26+S28 -> 1000 | T29: =T26+T28 -> #REF! | U29: =U26+U28 -> 407 | V29: =V26+V28 -> #REF! | W29: =W26+W28 -> 541 | X29: =X26+X28 -> #REF! | Y29: =Y26+Y28 -> 191 | Z29: =Z26+Z28 -> #REF! | ... AB29: =AB26+AB28 -> #REF! | AE29: Сотрудник

Sheet 1С Крушинка
A1: N | B1: Сотрудник | C1: 16 | D1: 17 | E1: 18 | F1: 19 | G1: 20 | H1: 21 | I1: 22 | J1: 23 | K1: 24 | L1: 25 | M1: 26 | N1: 27 | O1: 28 | P1: 29 | Q1: Всего грн | R1: Всего часов
A2: 1 | B2: Багацький Вадим Геннадійович | C2: 11 | Q2: =P2+O2+N2+M2+L2+K2+J2+I2+H2+G2+F2+E2+D2+C2 -> 11 | R2: 86
A3: 2 | B3: Васильєв Віталій Юрійович | C3: 11 | F3: 11 | H3: 11 | I3: 11 | J3: 11 | Q3: =P3+O3+N3+M3+L3+K3+J3+I3+H3+G3+F3+E3+D3+C3 -> 55 | R3: 137
A4: 3 | B4: Григоренко Олександр Миколайович | F4: 11 | G4: 11 | H4: 11 | I4: 11 | J4: 11 | Q4: =P4+O4+N4+M4+L4+K4+J4+I4+H4+G4+F4+E4+D4+C4 -> 55 | R4: 95
A5: 4 | B5: Корнієнко Станіслав Володимирович | C5: 11 | F5: 12 | G5: 11 | Q5: =P5+O5+N5+M5+L5+K5+J5+I5+H5+G5+F5+E5+D5+C5 -> 34 | R5: 116
A6: 5 | B6: <Объект не найден> (3998:a204000c299fb27811ea175b1c8d2e0a) | C6: 12 | Q6: =P6+O6+N6+M6+L6+K6+J6+I6+H6+G6+F6+E6+D6+C6 -> 12 | R6: 98
A7: 6 | B7: Власенко В'ячеслав Валентинович | C7: 11 | Q7: =P7+O7+N7+M7+L7+K7+J7+I7+H7+G7+F7+E7+D7+C7 -> 11 | R7: 95
A8: 7 | B8: Поліщук Олександр Олександрович | C8: 11 | Q8: =P8+O8+N8+M8+L8+K8+J8+I8+H8+G8+F8+E8+D8+C8 -> 11 | R8: 106
A9: 8 | B9: Діхтяр Владислав Олександрович | C9: 11 | Q9: =P9+O9+N9+M9+L9+K9+J9+I9+H9+G9+F9+E9+D9+C9 -> 11 | R9: 84
A10: 9 | B10: Бабіленко Микола Олександрович | G10: 11 | I10: 11 | J10: 11 | Q10: =P10+O10+N10+M10+L10+K10+J10+I10+H10+G10+F10+E10+D10+C10 -> 33 | R10: 33
A11: 10 | B11: Пилипчук Олександр Анатолійович | Q11: =P11+O11+N11+M11+L11+K11+J11+I11+H11+G11+F11+E11+D11+C11 -> 0 | R11: 0
A12: 11 | B12: Понуркін Євген Григорович | F12: 11 | G12: 12 | H12: 12 | I12: 12 | J12: 12 | Q12: =P12+O12+N12+M12+L12+K12+J12+I12+H12+G12+F12+E12+D12+C12 -> 59 | R12: 44
A13: 12 | B13: Паламарчук Вячеслав Володимирович | F13: 11 | G13: 11 | H13: 11 | I13: 11 | J13: 11 | Q13: =P13+O13+N13+M13+L13+K13+J13+I13+H13+G13+F13+E13+D13+C13 -> 55 | R13: 44
A14: 13 | B14: Щербак Петро Іванович | Q14: =P14+O14+N14+M14+L14+K14+J14+I14+H14+G14+F14+E14+D14+C14 -> 0 | R14: 0
R15: 938
B16: За 19.02.24 Табель заповнен не правильно, треба виправити

Sheet 1С цех
A1: N | B1: Сотрудник | C1: 45338 | D1: 45339 | E1: 45340 | F1: 45341 | G1: 45342 | H1: 45343 | I1: 45344 | J1: 45345 | K1: 45346 | L1: 45347 | M1: 45348 | N1: 45349 | O1: 45350 | P1: 45351 | Q1: Всего часов
A2: 1 | B2: Скрипник Сергій Павлович | C2: 11 | D2: 9 | F2: 11 | H2: 11 | I2: 11 | J2: 11 | K2: 11 | N2: 11 | O2: 11 | P2: 11 | Q2: =P2+O2+N2+M2+L2+K2+J2+I2+H2+G2+F2+E2+D2+C2 -> 108
A3: 2 | B3: Пономаренко Олександр Вікторович | C3: 11 | D3: 9 | F3: 11 | G3: 11 | H3: 11 | I3: 11 | J3: 11 | K3: 11 | M3: 11 | N3: 11 | O3: 13 | P3: 12 | Q3: =P3+O3+N3+M3+L3+K3+J3+I3+H3+G3+F3+E3+D3+C3 -> 133
A4: 3 | B4: Бабіленко Микола Олександрович | C4: 11 | F4: 11 | H4: 11 | L4: 11 | M4: 11 | N4: 11 | O4: 11 | P4: 11 | Q4: =P4+O4+N4+M4+L4+K4+J4+I4+H4+G4+F4+E4+D4+C4 -> 88
A5: 4 | B5: Багацький Вадим Геннадійович | F5: 11 | G5: 11 | H5: 11 | I5: 11 | J5: 11 | K5: 11 | M5: 11 | N5: 11 | O5: 11 | P5: 11 | Q5: =P5+O5+N5+M5+L5+K5+J5+I5+H5+G5+F5+E5+D5+C5 -> 110
A6: 5 | B6: Васильєв Віталій Юрійович | M6: 11 | N6: 11 | O6: 11 | P6: 11 | Q6: =P6+O6+N6+M6+L6+K6+J6+I6+H6+G6+F6+E6+D6+C6 -> 44
A7: 6 | B7: Григоренко Олександр Миколайович | M7: 11 | N7: 11 | O7: 11 | P7: 11 | Q7: =P7+O7+N7+M7+L7+K7+J7+I7+H7+G7+F7+E7+D7+C7 -> 44
A8: 7 | B8: Григор'єв Микола Андрійович | C8: 11 | D8: 9 | F8: 11 | H8: 11 | I8: 11 | J8: 11 | K8: 11 | L8: 8 | M8: 11 | N8: 11 | O8: 11 | P8: 11 | Q8: =P8+O8+N8+M8+L8+K8+J8+I8+H8+G8+F8+E8+D8+C8 -> 127
A9: 8 | B9: Григор'єв Михайло Андрійович | C9: 11 | D9: 9 | F9: 11 | H9: 11 | I9: 11 | J9: 11 | K9: 11 | M9: 11 | N9: 11 | O9: 12 | P9: 11 | Q9: =P9+O9+N9+M9+L9+K9+J9+I9+H9+G9+F9+E9+D9+C9 -> 120
A10: 9 | B10: Іванов Олексій Вікторович | C10: 11 | D10: 9 | F10: 11 | G10: 11 | H10: 11 | I10: 11 | J10: 11 | K10: 11 | L10: 8 | M10: 11 | N10: 11 | Q10: =P10+O10+N10+M10+L10+K10+J10+I10+H10+G10+F10+E10+D10+C10 -> 116
A11: 10 | B11: Іскрицький Денис Русланович | C11: 11 | D11: 9 | F11: 11 | G11: 11 | H11: 11 | I11: 11 | J11: 11 | K11: 11 | M11: 11 | N11: 11 | O11: 11 | P11: 11 | Q11: =P11+O11+N11+M11+L11+K11+J11+I11+H11+G11+F11+E11+D11+C11 -> 130
A12: 11 | B12: Корнієнко Віталій Олегович | C12: 11 | D12: 9 | F12: 11 | G12: 11 | H12: 11 | I12: 11 | J12: 11 | K12: 11 | M12: 11 | N12: 11 | O12: 14 | P12: 11 | Q12: =P12+O12+N12+M12+L12+K12+J12+I12+H12+G12+F12+E12+D12+C12 -> 133
A13: 12 | B13: Корнієнко Станіслав Володимирович | Q13: =P13+O13+N13+M13+L13+K13+J13+I13+H13+G13+F13+E13+D13+C13 -> 0
A14: 13 | B14: Масливець Ігор Валерійович | N14: 11 | O14: 11 | P14: 11 | Q14: =P14+O14+N14+M14+L14+K14+J14+I14+H14+G14+F14+E14+D14+C14 -> 33
A15: 14 | B15: Пономаренко Віталій Вікторович | F15: 11 | G15: 11 | H15: 11 | I15: 11 | J15: 11 | K15: 11 | L15: 8 | M15: 11 | N15: 11 | O15: 13 | P15: 12 | Q15: =P15+O15+N15+M15+L15+K15+J15+I15+H15+G15+F15+E15+D15+C15 -> 121
A16: 15 | B16: Пономарьов Микола Вікторович | J16: 11 | K16: 11 | M16: 11 | N16: 11 | O16: 11 | P16: 11 | Q16: =P16+O16+N16+M16+L16+K16+J16+I16+H16+G16+F16+E16+D16+C16 -> 66
A17: 16 | B17: Скрипник Олександр Павлович | D17: 9 | F17: 11 | G17: 11 | H17: 11 | I17: 11 | J17: 11 | K17: 11 | M17: 11 | N17: 11 | O17: 11 | P17: 11 | Q17: =P17+O17+N17+M17+L17+K17+J17+I17+H17+G17+F17+E17+D17+C17 -> 119
A18: 17 | B18: Костенко Костянтин Юрійович | C18: 11 | F18: 11 | G18: 11 | H18: 11 | I18: 11 | J18: 11 | K18: 11 | N18: 11 | O18: 11 | P18: 11 | Q18: =P18+O18+N18+M18+L18+K18+J18+I18+H18+G18+F18+E18+D18+C18 -> 110
A19: 18 | B19: Власенко В'ячеслав Валентинович | F19: 11 | G19: 11 | H19: 11 | I19: 11 | J19: 11 | K19: 11 | M19: 11 | N19: 11 | O19: 13 | P19: 12 | Q19: =P19+O19+N19+M19+L19+K19+J19+I19+H19+G19+F19+E19+D19+C19 -> 113
A20: 19 | B20: Пилипчук Олександр | C20: 11 | D20: 9 | F20: 11 | G20: 11 | H20: 11 | I20: 11 | J20: 11 | K20: 11 | L20: 3 | M20: 11 | N20: 11 | O20: 11 | P20: 11 | Q20: =P20+O20+N20+M20+L20+K20+J20+I20+H20+G20+F20+E20+D20+C20 -> 133
A21: 20 | B21: Поліщук Олександр Олександрович | F21: 11 | H21: 11 | I21: 11 | J21: 11 | K21: 11 | L21: 8 | M21: 11 | N21: 11 | O21: 11 | P21: 11 | Q21: =P21+O21+N21+M21+L21+K21+J21+I21+H21+G21+F21+E21+D21+C21 -> 107
A22: 21 | B22: Понуркін Євген Григорович | C22: 11 | D22: 9 | L22: 11 | M22: 11 | N22: 11 | O22: 11 | P22: 11 | Q22: =P22+O22+N22+M22+L22+K22+J22+I22+H22+G22+F22+E22+D22+C22 -> 75
A23: 22 | B23: Паламарчук Вячеслав Володимирович | C23: 11 | D23: 9 | P23: 11 | Q23: =P23+O23+N23+M23+L23+K23+J23+I23+H23+G23+F23+E23+D23+C23 -> 31
A24: 23 | B24: Діхтяр Владислав Олександрович | F24: 10 | G24: 11 | H24: 11 | I24: 11 | J24: 11 | K24: 11 | L24: 8 | M24: 11 | N24: 11 | O24: 11 | P24: 11 | Q24: =P24+O24+N24+M24+L24+K24+J24+I24+H24+G24+F24+E24+D24+C24 -> 117
A25: 24 | B25: Щербак Петро Іванович | C25: 11 | D25: 9 | F25: 11 | G25: 11 | H25: 11 | I25: 11 | J25: 11 | K25: 11 | L25: 8 | M25: 11 | N25: 11 | O25: 13 | P25: 12 | Q25: =P25+O25+N25+M25+L25+K25+J25+I25+H25+G25+F25+E25+D25+C25 -> 141
Q26: =SUM(Q2:Q25) -> 2319
