Workbook

Sheet Лист2
B1: Код (Таб. №) | C1: Наименование | D1: Код по ДРФО | E1: Вид договора | F1: Вид занятости | G1: Подразделение организации | H1: Должность организации | I1: Дата приема
B2: 1 | C2: Оренда авто
B3: д000000007 | C3: Воронцов Олександр Володимирович (оренда авто) | D3: 3244112838 | E3: Договор подряда (выполнение работ, оказание услуг)
B4: д000000023 | C4: Гавриченко Тетяна Василівна (оренда авто) | D4: 2890614789 | E4: Договор подряда (выполнение работ, оказание услуг)
B5: д000000010 | C5: Гриценко Олександр Вікторович (оренда авто) | D5: 2751711415 | E5: Договор подряда (выполнение работ, оказание услуг)
B6: д000000001 | C6: Гриценко Сергій Миколайович (дг.) | D6: 3382914593 | E6: Договор подряда (выполнение работ, оказание услуг)
B7: д000000013 | C7: Гриценко Сергій Миколайович (оренда авто) | D7: 3382914593 | E7: Договор подряда (выполнение работ, оказание услуг)
B8: д000000019 | C8: Гуняга Олег Володимирович (оренда авто) | D8: 2711822114 | E8: Договор подряда (выполнение работ, оказание услуг)
B9: д000000008 | C9: Манжула Максим Анатолійович (оренда авто) | D9: 3281710375 | E9: Договор подряда (выполнение работ, оказание услуг)
B10: д000000014 | C10: Огоновський Дмитро Анатолійович (оренда авто) | D10: 2866215672 | E10: Договор подряда (выполнение работ, оказание услуг)
B11: д000000015 | C11: Потьомко Михайло Володимирович (оренда авто) | D11: 3575508457 | E11: Договор подряда (выполнение работ, оказание услуг)
B12: д000000016 | C12: Сикал Павло Анатолійович (оренда авто) | D12: 3306506991 | E12: Договор подряда (выполнение работ, оказание услуг)
B13: д000000012 | C13: Старіков Сергій Вікторович (оренда авто) | D13: 2899410750 | E13: Договор подряда (выполнение работ, оказание услуг)
B14: д000000020 | C14: Шевченко Євген Анатолійович (оренда авто) | D14: 3194113635 | E14: Договор подряда (выполнение работ, оказание услуг)
B15: д000000009 | C15: Ширшов Олександр Леонідович (оренда авто) | D15: 2234022693 | E15: Договор подряда (выполнение работ, оказание услуг)
B16: 23 | C16: Адаменко Віталій Вікторович | D16: 3153900053 | E16: Трудовой договор | F16: Основное место работы | G16: Виробничий (Цех металоконструкцій) | H16: Монтажник будівельний | I16: 05.10.2022
B17: 4 | C17: Аксенчіков Сергій Олександрович | D17: 3457309598 | E17: Трудовой договор | F17: Основное место работы | G17: Адміністративний відділ | H17: Майстер будівельних та монтажних робіт | I17: 01.07.2022
B18: д000000001 | C18: Аксенчіков Сергій Олександрович (оренда авто) | D18: 3457309598 | E18: Договор подряда (выполнение работ, оказание услуг)
B19: 48 | C19: Александров Артем Анатолійович | D19: 2618119132 | E19: Трудовой договор | F19: Основное место работы | G19: Адміністративний відділ | H19: Діловод | I19: 25.09.2018
B20: 203 | C20: Александров Денис Анатолійович | D20: 2765913876 | E20: Трудовой договор | F20: Основное место работы | G20: Адміністративний відділ | H20: Помічник економіста | I20: 01.02.2021
B21: 156 | C21: Александрова Жанна Валентинівна | D21: 2693717247 | E21: Трудовой договор | F21: Основное место работы | G21: Адміністративний відділ | H21: Прибиральник службових приміщень | I21: 01.07.2020
B22: 2289516770 | C22: Антонович Тетяна Сергіївна | D22: 2894801342 | E22: Трудовой договор | F22: Основное место работы | G22: Адміністративний відділ | H22: Директор фінансовий | I22: 22.12.2022
B23: 16 | C23: Антонович Тетяна Сергіївна (сум.) | D23: 2894801342 | E23: Трудовой договор | F23: Внешнее совместительство | G23: Адміністративний відділ | H23: Директор фінансовий | I23: 26.05.2023
B24: 17 | C24: Аулова Маргарита Володимирівна | D24: 3036417408 | E24: Трудовой договор | F24: Внешнее совместительство | G24: Адміністративний відділ | H24: Головний бухгалтер | I24: 01.04.2024
B25: 2289516882 | C25: Аулова Маргарита Володимирівна (осн.) | D25: 3036417408 | E25: Трудовой договор | F25: Основное место работы | G25: Адміністративний відділ | H25: Головний бухгалтер | I25: 27.03.2024
B26: 2289516833 | C26: Ахмедов Тавакгюль Сардар огли | D26: 2358421934 | E26: Трудовой договор | F26: Основное место работы | G26: Виробничий (Ладижин-3) | H26: Маляр | I26: 08.09.2023
B27: 37 | C27: Бабіленко Микола Олександрович | D27: 2564424513 | E27: Трудовой договор | F27: Основное место работы | G27: Виробничий (Цех металоконструкцій) | H27: Слюсар із складання металевих конструкцій | I27: 01.12.2022
B28: 11 | C28: Багацький Вадим Геннадійович | D28: 3247506159 | E28: Трудовой договор | F28: Основное место работы | G28: Виробничий (Цех металоконструкцій) | H28: Електрозварник ручного зварювання | I28: 05.08.2022
B29: 2289516701 | C29: Безкоровайний Дмитро Миколайович | D29: 3358009052 | E29: Трудовой договор | F29: Основное место работы | G29: Виробничий (Підгірці) | H29: Водій автотранспортних засобів | I29: 04.02.2022
B30: 62 | C30: Білоусов Євген Вікторович | D30: 3421002151 | E30: Трудовой договор | F30: Основное место работы | G30: Виробничий (Старокостянтинів) | H30: Арматурник (будівельні, монтажні й ремонтно-будівельні роботи) | I30: 01.02.2019
B31: д000000006 | C31: Бічковський Максим Петрович | D31: 2922419813 | E31: Договор подряда (выполнение работ, оказание услуг)
B32: 2289516746 | C32: Блоха Євген Валерійович | D32: 2919308010 | E32: Трудовой договор | F32: Основное место работы | G32: Виробничий (Старокостянтинів) | H32: Бетоняр | I32: 27.09.2022
B33: 2289516849 | C33: Богданюк Дмитро Леонтійович | D33: 3036408418 | E33: Трудовой договор | F33: Основное место работы | G33: Адміністративний відділ | H33: Інженер з проєктно-кошторисної роботи | I33: 02.11.2023
B34: 19 | C34: Богун Олена Миколаївна | D34: 3813305164 | E34: Трудовой договор | F34: Основное место работы | G34: Виробничій цех | H34: Лаборант | I34: 02.07.2024
B35: 2289516863 | C35: Божков Валерій Вікторович | D35: 2753702532 | E35: Трудовой договор | F35: Основное место работы | G35: Виробничий (Крушинка) | H35: Водій автотранспортних засобів | I35: 19.12.2023
B36: 46 | C36: Бокоч Галина Михайлівна (осн.) | D36: 3018718189 | E36: Трудовой договор | F36: Основное место работы | G36: Адміністративний відділ | H36: Діловод | I36: 24.11.2023
B37: 157 | C37: Болох Володимир Васильович | D37: 2794610037 | E37: Трудовой договор | F37: Основное место работы | G37: Виробничий (Старокостянтинів) | H37: Машиніст крана автомобільного | I37: 03.08.2020
B38: 71 | C38: Борецька Людмила Сергіївна | D38: 3280710149 | E38: Трудовой договор | F38: Основное место работы | G38: Адміністративний відділ | H38: Економіст | I38: 08.04.2019
B39: 2289516756 | C39: Борисенко Олексій Миколайович | D39: 2957816213 | E39: Трудовой договор | F39: Основное место работы | G39: Виробничий (Крушинка) | H39: Машиніст крана автомобільного | I39: 01.11.2022
B40: 49 | C40: Бреус Віталій Григорович | D40: 3143007035 | E40: Трудовой договор | F40: Основное место работы | G40: Адміністративний відділ | H40: Менеджер (управитель) з постачання | I40: 18.07.2023
B41: 2289516819 | C41: Буднік Євгеній Костянтинович | D41: 3834606498 | E41: Трудовой договор | F41: Основное место работы | G41: Виробничий (Крушинка) | H41: Монтажник з монтажу сталевих та залізобетонних конструкцій | I41: 02.08.2023
B42: 2289516804 | C42: Буднік Костянтин Вікторович | D42: 2857318359 | E42: Трудовой договор | F42: Основное место работы | G42: Виробничий (Крушинка) | H42: Монтажник з монтажу сталевих та залізобетонних конструкцій | I42: 21.06.2023
B43: 217 | C43: Бунтило Віталій Іванович | D43: 3000412772 | E43: Трудовой договор | F43: Основное место работы | G43: Виробничий (Старокостянтинів) | H43: Водій автотранспортних засобів | I43: 18.03.2021
... B57: 2289516750 | C57: Гайворонський Владислав Вікторович | D57: 3624204536 | E57: Трудовой договор | F57: Основное место работы | G57: Виробничий (Ретал) | H57: Маляр | I57: 25.10.2022
B58: 2289516773 | C58: Гайдай Віктор Григорович | D58: 2623706617 | E58: Трудовой договор | F58: Основное место работы
B59: 2289516696 | C59: Геворкян Вануш Геворгович | D59: 3173022999 | E59: Трудовой договор | F59: Основное место работы | G59: Виробничий (Придніпровський ОЕЗ) | H59: Маляр | I59: 20.01.2022
B60: 2289516759 | C60: Гладун Дмитро Михайлович | D60: 3188300613 | E60: Трудовой договор | F60: Основное место работы | G60: Виробничий (Ніжин-3) | H60: Бетоняр | I60: 16.11.2022
B61: 2289516816 | C61: Глузд Дмитро Михайлович | D61: 3255109619 | E61: Трудовой договор | F61: Основное место работы | G61: Адміністративний відділ | H61: Начальник вiддiлу матерiально-технiчного постачання | I61: 31.07.2023
B62: 2289516817 | C62: Голіков Сергій Анатолійович | D62: 2985420914 | E62: Трудовой договор | F62: Основное место работы | G62: Виробничий (ООН) | H62: Монтажник з монтажу сталевих та залізобетонних конструкцій | I62: 02.08.2023
B63: 50 | C63: Голуб Ігор Леонідович | D63: 2273121637 | E63: Трудовой договор | F63: Основное место работы | G63: Транспортний відділ | H63: Водій автотранспортних засобів | I63: 09.04.2024
B64: 2289516854 | C64: Гончар Ольга Анатоліївна | D64: 2470006146 | E64: Трудовой договор | F64: Основное место работы | G64: Адміністративний відділ | H64: Бухгалтер | I64: 20.11.2023
B65: 57 | C65: Гончар Ольга Анатоліївна | D65: 2470006146 | E65: Трудовой договор | F65: Внешнее совместительство | G65: Адміністративний відділ | H65: Бухгалтер | I65: 04.12.2023
B66: 100 | C66: Гончаренко Анатолій Олексійович | D66: 3302818011 | E66: Трудовой договор | F66: Основное место работы | G66: Виробничий (Старокостянтинів) | H66: Монтажник з монтажу сталевих та залізобетонних конструкцій | I66: 09.08.2019
B67: 2289516876 | C67: Горбачова Лариса Борисівна | D67: 3016814180 | E67: Трудовой договор | F67: Основное место работы | G67: Адміністративний відділ | H67: Інженер з проєктно-кошторисної роботи | I67: 15.02.2024
B68: 75 | C68: Горєлов Микита Євгенович | D68: 3596200395 | E68: Трудовой договор | F68: Основное место работы | G68: Виробничий (Цех металоконструкцій) | H68: Електрозварник ручного зварювання | I68: 22.07.2024
B69: 189 | C69: Горячий Іван Васильович | D69: 3013807931 | E69: Трудовой договор | F69: Основное место работы | G69: Виробничий (Придніпровський ОЕЗ) | H69: Тракторист | I69: 17.11.2020
B70: 2289516901 | C70: Гребенюк Олександр Миколайович | D70: 2375803431 | E70: Трудовой договор | F70: Основное место работы | G70: Виробничий (Крушинка) | H70: Тракторист | I70: 19.06.2024
... B94: 274 | C94: Жорж Олександр Сергійович | D94: 3207413416 | E94: Трудовой договор | F94: Основное место работы | G94: Адміністративний відділ | H94: Керівник проєктів та програм | I94: 15.11.2021
B95: д000000011 | C95: Жорж Олександр Сергійович (оренда авто) | D95: 3207413416 | E95: Договор подряда (выполнение работ, оказание услуг)
B96: 12 | C96: Завіша Ігор Степанович | D96: 3694604010 | E96: Трудовой договор | F96: Основное место работы | G96: Виробничій цех | H96: Лаборант | I96: 01.05.2024
B97: 48 | C97: Заєць Олексій Олександрович | D97: 2958309437 | E97: Трудовой договор | F97: Основное место работы | G97: Адміністративний відділ | H97: Менеджер (управитель) з логістики | I97: 26.01.2024
B98: 2289516883 | C98: Здоровик Олександр Олександрович | D98: 3601207735 | E98: Трудовой договор | F98: Основное место работы | G98: Виробничий (Ніжин-3) | H98: Машиніст екскаватора | I98: 01.04.2024
B99: 2289516735 | C99: Зеленков Антон Михайлович | D99: 3053422190 | E99: Трудовой договор | F99: Основное место работы | G99: Адміністративний відділ | H99: Менеджер (управитель) з постачання | I99: 20.09.2022
B100: 197 | C100: Зоря Руслан Леонідович | D100: 3293018293 | E100: Трудовой договор | F100: Основное место работы
B101: 162 | C101: Зубов Олександр В'ячеславович | D101: 3119810293 | E101: Трудовой договор | F101: Основное место работы | G101: Виробничий (Ніжин-3) | H101: Бетоняр | I101: 01.09.2020
B102: 42 | C102: Іванов Олексій Вікторович | D102: 3705902230 | E102: Трудовой договор | F102: Основное место работы | G102: Виробничий (Цех металоконструкцій) | H102: Слюсар із складання металевих конструкцій | I102: 01.12.2022
B103: 8 | C103: Іскрицький Денис Русланович | D103: 3779110293 | E103: Трудовой договор | F103: Основное место работы | G103: Виробничий (Цех металоконструкцій) | H103: Електрозварник на автоматичних та напівавтоматичних машинах | I103: 10.08.2022
B104: 137 | C104: Карбунар Ярослав Дмитрович | D104: 3166313137 | E104: Трудовой договор | F104: Основное место работы | G104: Виробничий (Старокостянтинів) | H104: Машиніст екскаватора | I104: 08.04.2020
B105: 2289516888 | C105: Карпенко Михайло Григорович | D105: 2492508275 | E105: Трудовой договор | F105: Основное место работы | G105: Виробничий (Крушинка) | H105: Машиніст крана автомобільного | I105: 23.04.2024
B106: 2289516890 | C106: Катеринчук Сергій Володимирович | D106: 2345601097 | E106: Трудовой договор | F106: Внешнее совместительство | G106: Виробничий (Ніжин-3) | H106: Машиніст крана (кранівник) | I106: 02.05.2024
B107: 2289516878 | C107: Кісіль Євген Вікторович | D107: 3568405559 | E107: Трудовой договор | F107: Основное место работы | G107: Виробничий (Крушинка) | H107: Геодезист | I107: 01.03.2024
B108: 68 | C108: Кіфор Юрій Михайлович | D108: 2521518612 | E108: Трудовой договор | F108: Основное место работы | G108: Виробничий (Цех металоконструкцій) | H108: Монтажник будівельний | I108: 02.07.2024
B109: 2289516697 | C109: Клименко Олександр Сергійович | D109: 3073110819 | E109: Трудовой договор | F109: Основное место работы | G109: Виробничий (Придніпровський ОЕЗ) | H109: Маляр | I109: 20.01.2022
B110: 2289516708 | C110: Климович Олена Олександрівна | D110: 3503711344 | E110: Трудовой договор | F110: Основное место работы | G110: Адміністративний відділ | H110: Бухгалтер | I110: 22.07.2022
B111: 2289516895 | C111: Ковальов Ілля Миколайович | D111: 3220619518 | E111: Трудовой договор | F111: Основное место работы | G111: Виробничий (Крушинка) | H111: Виконавець робіт | I111: 01.06.2024
B112: 2289516703 | C112: Ковальчук Валентин Вікторович | D112: 3132604831 | E112: Трудовой договор | F112: Основное место работы | G112: Виробничий (Крушинка) | H112: Тракторист | I112: 04.02.2022
... B130: 3 | C130: Кушнір Тарас Анатолійович | D130: 3458003578 | E130: Трудовой договор | F130: Основное место работы | G130: Виробничій цех | H130: Начальник зміни | I130: 17.11.2023
B131: 18 | C131: Кушнір Тарас Анатолійович | D131: 3458003578 | E131: Трудовой договор | F131: Внешнее совместительство
B132: 2289516737 | C132: Лисенко Артем Ігорович | D132: 3662602531 | E132: Трудовой договор | F132: Основное место работы | G132: Виробничий (Ніжин-3) | H132: Бетоняр | I132: 20.09.2022
B133: 2289516893 | C133: Лисенко Ігор Сергійович | D133: 2855420394 | E133: Трудовой договор | F133: Основное место работы | G133: Виробничий (Ніжин-3) | H133: Бетоняр | I133: 16.05.2024
B134: 2289516898 | C134: Лобода Руслан Володимирович | D134: 2777600676 | E134: Трудовой договор | F134: Основное место работы | G134: Виробничий (Ніжин-3) | H134: Бетоняр | I134: 05.06.2024
B135: 2289516837 | C135: Лохматов Анатолій Станіславович | D135: 3108202652 | E135: Трудовой договор | F135: Основное место работы | G135: Виробничий (Ніжин-3) | H135: Бетоняр | I135: 20.09.2023
B136: 2289516873 | C136: Ляшко Сергій Миколайович | D136: 2850902050 | E136: Трудовой договор | F136: Основное место работы | G136: Виробничий (Крушинка) | H136: Машиніст екскаватора | I136: 10.02.2024
B137: 2289516802 | C137: Манжула Максим Анатолійович | D137: 3281710375 | E137: Трудовой договор | F137: Внешнее совместительство | G137: Адміністративний відділ | H137: Директор виконавчий | I137: 01.06.2023
B138: 12 | C138: Манжула Максим Анатолійович | D138: 3281710375 | E138: Трудовой договор | F138: Основное место работы | G138: Адміністративний відділ | H138: Директор | I138: 06.08.2022
B139: 2289516874 | C139: Марков Олександр Михайлович | D139: 2572519716 | E139: Трудовой договор | F139: Основное место работы | G139: Виробничий (Крушинка) | H139: Виконавець робіт | I139: 15.02.2024
B140: 2289516836 | C140: Марков Олексій Віталійович | D140: 2773311771 | E140: Трудовой договор | F140: Основное место работы | G140: Виробничий (Крушинка) | H140: Бетоняр | I140: 20.09.2023
B141: 27 | C141: Масливець Ігор Валерійович | D141: 2880313812 | E141: Трудовой договор | F141: Основное место работы | G141: Виробничий (Цех металоконструкцій) | H141: Підсобний робочий | I141: 05.10.2022
B142: 2289516879 | C142: Матейченко Володимир Іванович | D142: 2783317959 | E142: Трудовой договор | F142: Основное место работы | G142: Виробничий (Ніжин-3) | H142: Бетоняр | I142: 18.03.2024
B143: 2289516853 | C143: Мацанек В'ячеслав Дмитрович | D143: 2034207638 | E143: Трудовой договор | F143: Основное место работы | G143: Виробничий (Крушинка) | H143: Підсобний робочий | I143: 20.11.2023
... B161: 218 | C161: Олійник Валерій Миколайович | D161: 2559518617 | E161: Трудовой договор | F161: Основное место работы | G161: Виробничий (Старокостянтинів) | H161: Виконавець робіт | I161: 29.03.2021
B162: д000000017 | C162: Олійник Валерій Миколайович (оренда авто) | D162: 2559518617 | E162: Договор подряда (выполнение работ, оказание услуг)
B163: 2289516827 | C163: Павленко Владислав Володимирович | D163: 3771107310 | E163: Трудовой договор | F163: Основное место работы | G163: Виробничий (ООН) | H163: Монтажник з монтажу сталевих та залізобетонних конструкцій | I163: 01.09.2023
B164: 2289516805 | C164: Павленко Володимир Федорович | D164: 2218422874 | E164: Трудовой договор | F164: Основное место работы | G164: Виробничий (Крушинка) | H164: Монтажник з монтажу сталевих та залізобетонних конструкцій | I164: 21.06.2023
B165: 56 | C165: Павлов Олег Євгенович | D165: 2583617833 | E165: Трудовой договор | F165: Основное место работы | G165: Адміністративний відділ | H165: Завідувач господарством | I165: 23.11.2018
B166: 2289516843 | C166: Паламарчук Віталій Олександрович | D166: 3525016911 | E166: Трудовой договор | F166: Основное место работы | G166: Виробничий (Крушинка) | H166: Бетоняр | I166: 04.10.2023
B167: 59 | C167: Паламарчук Вячеслав Володимирович | D167: 3230316597 | E167: Трудовой договор | F167: Основное место работы | G167: Виробничий (Цех металоконструкцій) | H167: Електрозварник ручного зварювання | I167: 22.12.2023
B168: 2289516839 | C168: Пальчик Олена Валентинівна | D168: 2710222868 | E168: Трудовой договор | F168: Основное место работы | G168: Адміністративний відділ | H168: Бухгалтер | I168: 01.10.2023
B169: 61 | C169: Парнєва Олена Вікторівна | D169: 2938511042 | E169: Трудовой договор | F169: Основное место работы | G169: Адміністративний відділ | H169: Діловод | I169: 09.02.2024
B170: д000000004 | C170: Пасічник Андрій Сергійович | D170: 2983015610 | E170: Договор подряда (выполнение работ, оказание услуг)
...

Sheet Лист1
B2: N | C2: Работник (основное назначение) | D2: Период взаиморасчетов | E2: Счет учета | F2: Сумма | G2: Сумма (окр.) | J2: Админ
B3: 1 | C3: Аксенчіков Сергій Олександрович | D3: 01.07.2024 | E3: 661 | F3: 4326 | H3: =MATCH(I3,#REF!,0) -> #REF! | I3: =TRIM(C3) -> Аксенчіков Сергій Олександрович | J3: 1
B4: 2 | C4: Бабіленко Микола Олександрович | D4: 01.07.2024 | E4: 661 | F4: 3990 | H4: =MATCH(I4,#REF!,0) -> #REF! | I4: =TRIM(C4) -> Бабіленко Микола Олександрович | K4: =INDEX(Лист2!D:D,MATCH(C4,Лист2!C:C,0)) -> 2564424513
B5: 3 | C5: Багацький Вадим Геннадійович | D5: 01.07.2024 | E5: 661 | F5: 3990 | H5: =MATCH(I5,#REF!,0) -> #REF! | I5: =TRIM(C5) -> Багацький Вадим Геннадійович | K5: =INDEX(Лист2!D:D,MATCH(C5,Лист2!C:C,0)) -> 3247506159
B6: 4 | C6: Бреус Віталій Григорович | D6: 01.07.2024 | E6: 661 | F6: 5417.99 | H6: =MATCH(I6,#REF!,0) -> #REF! | I6: =TRIM(C6) -> Бреус Віталій Григорович | J6: 1
B7: 5 | C7: Бутенко Матвій Анатолійович | D7: 01.07.2024 | E7: 661 | F7: 4326 | H7: =MATCH(I7,#REF!,0) -> #REF! | I7: =TRIM(C7) -> Бутенко Матвій Анатолійович | J7: 1
B8: 6 | C8: Васильєв Віталій Юрійович | D8: 01.07.2024 | E8: 661 | F8: 3990 | H8: =MATCH(I8,#REF!,0) -> #REF! | I8: =TRIM(C8) -> Васильєв Віталій Юрійович | K8: =INDEX(Лист2!D:D,MATCH(C8,Лист2!C:C,0)) -> 3746304158
B9: 7 | C9: Власенко В'ячеслав Валентинович | D9: 01.07.2024 | E9: 661 | F9: 3990 | H9: =MATCH(I9,#REF!,0) -> #REF! | I9: =TRIM(C9) -> Власенко В'ячеслав Валентинович | K9: =INDEX(Лист2!D:D,MATCH(C9,Лист2!C:C,0)) -> 2831710277
B10: 8 | C10: Горєлов Микита Євгенович | D10: 01.07.2024 | E10: 661 | F10: 2660 | H10: =MATCH(I10,#REF!,0) -> #REF! | I10: =TRIM(C10) -> Горєлов Микита Євгенович | K10: =INDEX(Лист2!D:D,MATCH(C10,Лист2!C:C,0)) -> 3596200395
B11: 9 | C11: Григор'єв Микола Андрійович | D11: 01.07.2024 | E11: 661 | F11: 1662.5 | H11: =MATCH(I11,#REF!,0) -> #REF! | I11: =TRIM(C11) -> Григор'єв Микола Андрійович | K11: =INDEX(Лист2!D:D,MATCH(C11,Лист2!C:C,0)) -> 3422005391
B12: 10 | C12: Григор'єв Михайло Андрійович | D12: 01.07.2024 | E12: 661 | F12: 3990 | H12: =MATCH(I12,#REF!,0) -> #REF! | I12: =TRIM(C12) -> Григор'єв Михайло Андрійович | K12: =INDEX(Лист2!D:D,MATCH(C12,Лист2!C:C,0)) -> 3720407672
B13: 11 | C13: Григоренко Олександр Миколайович | D13: 01.07.2024 | E13: 661 | F13: 3990 | H13: =MATCH(I13,#REF!,0) -> #REF! | I13: =TRIM(C13) -> Григоренко Олександр Миколайович | K13: =INDEX(Лист2!D:D,MATCH(C13,Лист2!C:C,0)) -> 2436600937
B14: 12 | C14: Гриценко Олександр Вікторович | D14: 01.07.2024 | E14: 661 | F14: 5197.5 | H14: =MATCH(I14,#REF!,0) -> #REF! | I14: =TRIM(C14) -> Гриценко Олександр Вікторович | J14: 1
B15: 13 | C15: Грушко Лариса Вікторівна | D15: 01.07.2024 | E15: 661 | F15: 4427.5 | H15: =MATCH(I15,#REF!,0) -> #REF! | I15: =TRIM(C15) -> Грушко Лариса Вікторівна | J15: 1
B16: 14 | C16: Дехтяр Владислав Олександрович | D16: 01.07.2024 | E16: 661 | F16: 3990 | H16: =MATCH(I16,#REF!,0) -> #REF! | I16: =#REF! -> #REF! | K16: =INDEX(Лист2!D:D,MATCH(C16,Лист2!C:C,0)) -> 3374502899
B17: 15 | C17: Желтяков Ігор Юрійович | D17: 01.07.2024 | E17: 661 | F17: 3990 | H17: =MATCH(I17,#REF!,0) -> #REF! | I17: =TRIM(C17) -> Желтяков Ігор Юрійович | K17: =INDEX(Лист2!D:D,MATCH(C17,Лист2!C:C,0)) -> 2637303953
B18: 16 | C18: Іванов Олексій Вікторович | D18: 01.07.2024 | E18: 661 | F18: 3990 | H18: =MATCH(I18,#REF!,0) -> #REF! | I18: =TRIM(C18) -> Іванов Олексій Вікторович | K18: =INDEX(Лист2!D:D,MATCH(C18,Лист2!C:C,0)) -> 3705902230
B19: 17 | C19: Іскрицький Денис Русланович | D19: 01.07.2024 | E19: 661 | F19: 3990 | H19: =MATCH(I19,#REF!,0) -> #REF! | I19: =TRIM(C19) -> Іскрицький Денис Русланович | K19: =INDEX(Лист2!D:D,MATCH(C19,Лист2!C:C,0)) -> 3779110293
B20: 18 | C20: Кіфор Юрій Михайлович | D20: 01.07.2024 | E20: 661 | F20: 3990.02 | H20: =MATCH(I20,#REF!,0) -> #REF! | I20: =TRIM(C20) -> Кіфор Юрій Михайлович | K20: =INDEX(Лист2!D:D,MATCH(C20,Лист2!C:C,0)) -> 2521518612
B21: 19 | C21: Корнієнко Станіслав Володимирович | D21: 01.07.2024 | E21: 661 | F21: 3428.01 | H21: =MATCH(I21,#REF!,0) -> #REF! | I21: =C21 -> Корнієнко Станіслав Володимирович | K21: =INDEX(Лист2!D:D,MATCH(C21,Лист2!C:C,0)) -> 2579305831
B22: 20 | C22: Масливець Ігор Валерійович | D22: 01.07.2024 | E22: 661 | F22: 3990 | H22: =MATCH(I22,#REF!,0) -> #REF! | I22: =TRIM(C22) -> Масливець Ігор Валерійович | K22: =INDEX(Лист2!D:D,MATCH(C22,Лист2!C:C,0)) -> 2880313812
B23: 21 | C23: Мельниченко Максим Вікторович | D23: 01.07.2024 | E23: 661 | F23: 6650 | H23: =MATCH(I23,#REF!,0) -> #REF! | I23: =TRIM(C23) -> Мельниченко Максим Вікторович | K23: =INDEX(Лист2!D:D,MATCH(C23,Лист2!C:C,0)) -> 3348501613
B24: 22 | C24: Мороз Віталій Миколайович | D24: 01.07.2024 | E24: 661 | F24: 6650 | H24: =MATCH(I24,#REF!,0) -> #REF! | I24: =TRIM(C24) -> Мороз Віталій Миколайович | K24: =INDEX(Лист2!D:D,MATCH(C24,Лист2!C:C,0)) -> 3216804294
B25: 23 | C25: Нестерук Сергій Петрович | D25: 01.07.2024 | E25: 661 | F25: 3990.02 | H25: =MATCH(I25,#REF!,0) -> #REF! | I25: =TRIM(C25) -> Нестерук Сергій Петрович | K25: =INDEX(Лист2!D:D,MATCH(C25,Лист2!C:C,0)) -> 3283102618
B26: 24 | C26: Паламарчук Вячеслав Володимирович | D26: 01.07.2024 | E26: 661 | F26: 3990 | H26: =MATCH(I26,#REF!,0) -> #REF! | I26: =TRIM(C26) -> Паламарчук Вячеслав Володимирович | K26: =INDEX(Лист2!D:D,MATCH(C26,Лист2!C:C,0)) -> 3230316597
B27: 25 | C27: Парнєва Олена Вікторівна | D27: 01.07.2024 | E27: 661 | F27: 840 | H27: =MATCH(I27,#REF!,0) -> #REF! | I27: =TRIM(C27) -> Парнєва Олена Вікторівна | K27: =INDEX(Лист2!D:D,MATCH(C27,Лист2!C:C,0)) -> 2938511042
B28: 26 | C28: Пилипчук Олександр Анатолійович | D28: 01.07.2024 | E28: 661 | F28: 3990 | H28: =MATCH(I28,#REF!,0) -> #REF! | I28: =TRIM(C28) -> Пилипчук Олександр Анатолійович | K28: =INDEX(Лист2!D:D,MATCH(C28,Лист2!C:C,0)) -> 3067218612
B29: 27 | C29: Поліщук Олександр Олександрович | D29: 01.07.2024 | E29: 661 | F29: 3990 | H29: =MATCH(I29,#REF!,0) -> #REF! | I29: =TRIM(C29) -> Поліщук Олександр Олександрович | K29: =INDEX(Лист2!D:D,MATCH(C29,Лист2!C:C,0)) -> 3289716153
B30: 28 | C30: Пономаренко Віталій Вікторович | D30: 01.07.2024 | E30: 661 | F30: 3990 | H30: =MATCH(I30,#REF!,0) -> #REF! | I30: =TRIM(C30) -> Пономаренко Віталій Вікторович | K30: =INDEX(Лист2!D:D,MATCH(C30,Лист2!C:C,0)) -> 3185119514
B31: 29 | C31: Пономаренко Олександр Вікторович | D31: 01.07.2024 | E31: 661 | F31: 5460 | H31: =MATCH(I31,#REF!,0) -> #REF! | I31: =TRIM(C31) -> Пономаренко Олександр Вікторович | K31: =INDEX(Лист2!D:D,MATCH(C31,Лист2!C:C,0)) -> 2944519172
B32: 30 | C32: Пономарьов Микола Вікторович | D32: 01.07.2024 | E32: 661 | F32: 3990 | H32: =MATCH(I32,#REF!,0) -> #REF! | I32: =TRIM(C32) -> Пономарьов Микола Вікторович | K32: =INDEX(Лист2!D:D,MATCH(C32,Лист2!C:C,0)) -> 3008300898
B33: 31 | C33: Понуркін Євген Григорович | D33: 01.07.2024 | E33: 661 | F33: 3990 | H33: =MATCH(I33,#REF!,0) -> #REF! | I33: =TRIM(C33) -> Понуркін Євген Григорович | K33: =INDEX(Лист2!D:D,MATCH(C33,Лист2!C:C,0)) -> 3005702873
... B38: 36 | C38: Скрипник Сергій Павлович | D38: 01.07.2024 | E38: 661 | F38: 5460 | H38: =MATCH(I38,#REF!,0) -> #REF! | I38: =TRIM(C38) -> Скрипник Сергій Павлович | K38: =INDEX(Лист2!D:D,MATCH(C38,Лист2!C:C,0)) -> 3219619831
B39: 37 | C39: Стецюк Тетяна Леонідівна | D39: 01.07.2024 | E39: 661 | F39: 5460 | H39: =MATCH(I39,#REF!,0) -> #REF! | I39: =TRIM(C39) -> Стецюк Тетяна Леонідівна | J39: 1
B40: 38 | C40: Тужиков Валерій Владиславович (осн.) | D40: 01.07.2024 | E40: 661 | F40: 3990 | H40: =MATCH(I40,#REF!,0) -> #REF! | I40: =#REF! -> #REF! | K40: =INDEX(Лист2!D:D,MATCH(C40,Лист2!C:C,0)) -> 3233009756
B41: 39 | C41: Тужиков Юрій Владиславович | D41: 01.07.2024 | E41: 661 | F41: 3324.99 | H41: =MATCH(I41,#REF!,0) -> #REF! | I41: =TRIM(C41) -> Тужиков Юрій Владиславович | K41: =INDEX(Лист2!D:D,MATCH(C41,Лист2!C:C,0)) -> 3153508799
B42: 40 | C42: Федорчук Денис Сергійович | D42: 01.07.2024 | E42: 661 | F42: 1995 | H42: =MATCH(I42,#REF!,0) -> #REF! | I42: =TRIM(C42) -> Федорчук Денис Сергійович | K42: =INDEX(Лист2!D:D,MATCH(C42,Лист2!C:C,0)) -> 3428705315
B43: 41 | C43: Чілібін Микола Євгенович | D43: 01.07.2024 | E43: 661 | F43: 5460 | H43: =MATCH(I43,#REF!,0) -> #REF! | I43: =TRIM(C43) -> Чілібін Микола Євгенович | J43: 1
B44: 42 | C44: Чуб Владислав Володимирович | D44: 01.07.2024 | E44: 661 | F44: 840 | H44: =MATCH(I44,#REF!,0) -> #REF! | I44: =TRIM(C44) -> Чуб Владислав Володимирович | K44: =INDEX(Лист2!D:D,MATCH(C44,Лист2!C:C,0)) -> 2858519154
B45: 43 | C45: Щербак Петро Іванович | D45: 01.07.2024 | E45: 661 | F45: 4620 | H45: =MATCH(I45,#REF!,0) -> #REF! | I45: =C45 -> Щербак Петро Іванович | K45: =INDEX(Лист2!D:D,MATCH(C45,Лист2!C:C,0)) -> 2537500655
E46: Итого: | F46: 172635.53

Sheet Табель цех 16 по 30 серпня
A1: N | B1: Сотрудник | C1: Удержание за обеды на объекте | D1: виплати на картку за період 16-31.08.25 | E1: ЗП 16-31.08.25 | F1: Сальдо на -15.08.2025 | G1: до виплати | H1: Сальдо на 31.08.2025 | I1: Відпрацьовано годин | J1: ставка | K1: ИТР | L1: ЦО | M1: IRS | N1: катеринопіль | O1: мк нежин | P1: МД ВООЗ ЕМС | Q1: ООН 2025 | R1: червоний хрест | S1: укрнафта | T1: кернел | U1: глобино | V1: франківськ | W1: перевірка | X1: ИТР | Y1: ЦО | Z1: IRS | AA1: катеринопіль | AB1: мк нежин | AC1: МД ВООЗ ЕМС | AD1: ООН 2025 | AE1: червоний хрест | AF1: укрнафта | AG1: кернел | AH1: глобино | AI1: франківськ | AJ1: перевірка
A2: 1 | B2: Скрипник Сергій Павлович | D2: 37894.81 | E2: =I2*J2 -> 21780 | F2: =SUMIF('[1]Табель цех 1 по 15 серпня'!$B:$B,B2,'[1]Табель цех 1 по 15 серпня'!$H:$H) -> -18.75 | G2: 0 | H2: =F2+E2-D2-G2-C2 -> -16133.56 | I2: =ИТР!S2 -> 121 | J2: 180 | K2: =SUMIF(ИТР!B:B,B2,ИТР!S:S) -> 121 | L2: =SUMIF(Цо!R:R,B2,Цо!AI:AI) -> 0 | M2: =SUMIF(IRS!B:B,B2,IRS!S:S) -> 0 | N2: =SUMIF(Катеринополь!B:B,B2,Катеринополь!S:S) -> 0 | Q2: =SUMIF('ООН 2025'!B:B,B2,'ООН 2025'!S:S) -> 0 | R2: =SUMIF('Червоний хрест'!B:B,B2,'Червоний хрест'!S:S) -> 0 | T2: =SUMIF(Кернел!B:B,B2,Кернел!S:S) -> 0 | U2: =SUMIF('Глобино Мк'!B:B,B2,'Глобино Мк'!S:S) -> 0 | V2: =SUMIF('МД Франківськ'!B:B,B2,'МД Франківськ'!S:S) -> 0 | W2: =SUM(K2:V2)-I2 -> 0 | X2: =IFERROR(K2/$I2*$G2,0) -> 0 | Y2: =IFERROR(L2/$I2*$G2,0) -> 0 | Z2: =IFERROR(M2/$I2*$G2,0) -> 0 | AA2: =IFERROR(N2/$I2*$G2,0) -> 0 | AB2: =IFERROR(O2/$I2*$G2,0) -> 0 | AC2: =IFERROR(P2/$I2*$G2,0) -> 0 | AD2: =IFERROR(Q2/$I2*$G2,0) -> 0 | AE2: =IFERROR(R2/$I2*$G2,0) -> 0 | ... AJ2: =IFERROR(W2/$I2*$G2,0) -> 0 | AK2: =AJ2-G2 -> 0
A3: 2 | B3: Пономаренко Віталій Вікторович | D3: 8286.67 | E3: =I3*J3 -> 25560 | F3: =SUMIF('[1]Табель цех 1 по 15 серпня'!$B:$B,B3,'[1]Табель цех 1 по 15 серпня'!$H:$H) -> -50.85 | G3: =ROUND(E3-C3-D3,-2) -> 17300 | H3: =F3+E3-D3-G3-C3 -> -77.52 | I3: =ИТР!S3 -> 142 | J3: 180 | K3: =SUMIF(ИТР!B:B,B3,ИТР!S:S) -> 142 | L3: =SUMIF(Цо!R:R,B3,Цо!AI:AI) -> 0 | M3: =SUMIF(IRS!B:B,B3,IRS!S:S) -> 0 | N3: =SUMIF(Катеринополь!B:B,B3,Катеринополь!S:S) -> 0 | Q3: =SUMIF('ООН 2025'!B:B,B3,'ООН 2025'!S:S) -> 0 | R3: =SUMIF('Червоний хрест'!B:B,B3,'Червоний хрест'!S:S) -> 0 | T3: =SUMIF(Кернел!B:B,B3,Кернел!S:S) -> 0 | U3: =SUMIF('Глобино Мк'!B:B,B3,'Глобино Мк'!S:S) -> 0 | V3: =SUMIF('МД Франківськ'!B:B,B3,'МД Франківськ'!S:S) -> 0 | W3: =SUM(K3:V3)-I3 -> 0 | X3: =IFERROR(K3/$I3*$G3,0) -> 17300 | Y3: =IFERROR(L3/$I3*$G3,0) -> 0 | Z3: =IFERROR(M3/$I3*$G3,0) -> 0 | AA3: =IFERROR(N3/$I3*$G3,0) -> 0 | AB3: =IFERROR(O3/$I3*$G3,0) -> 0 | AC3: =IFERROR(P3/$I3*$G3,0) -> 0 | AD3: =IFERROR(Q3/$I3*$G3,0) -> 0 | AE3: =IFERROR(R3/$I3*$G3,0) -> 0 | ... AI3: =IFERROR(V3/$I3*$G3,0) -> 0 | AJ3: =SUM(X3:AI3) -> 17300 | AK3: =AJ3-G3 -> 0
A4: 3 | B4: Власенко В'ячеслав Валентинович | D4: 3739.99 | E4: =I4*J4 -> 15480 | F4: =SUMIF('[1]Табель цех 1 по 15 серпня'!$B:$B,B4,'[1]Табель цех 1 по 15 серпня'!$H:$H) -> -55.9 | G4: =ROUND(E4-C4-D4,-2) -> 11700 | H4: =F4+E4-D4-G4-C4 -> -15.89 | I4: =ИТР!S4 -> 86 | J4: 180 | K4: =SUMIF(ИТР!B:B,B4,ИТР!S:S) -> 86 | L4: =SUMIF(Цо!R:R,B4,Цо!AI:AI) -> 0 | M4: =SUMIF(IRS!B:B,B4,IRS!S:S) -> 0 | N4: =SUMIF(Катеринополь!B:B,B4,Катеринополь!S:S) -> 0 | Q4: =SUMIF('ООН 2025'!B:B,B4,'ООН 2025'!S:S) -> 0 | R4: =SUMIF('Червоний хрест'!B:B,B4,'Червоний хрест'!S:S) -> 0 | T4: =SUMIF(Кернел!B:B,B4,Кернел!S:S) -> 0 | U4: =SUMIF('Глобино Мк'!B:B,B4,'Глобино Мк'!S:S) -> 0 | V4: =SUMIF('МД Франківськ'!B:B,B4,'МД Франківськ'!S:S) -> 0 | W4: =SUM(K4:V4)-I4 -> 0 | X4: =IFERROR(K4/$I4*$G4,0) -> 11700 | Y4: =IFERROR(L4/$I4*$G4,0) -> 0 | Z4: =IFERROR(M4/$I4*$G4,0) -> 0 | AA4: =IFERROR(N4/$I4*$G4,0) -> 0 | AB4: =IFERROR(O4/$I4*$G4,0) -> 0 | AC4: =IFERROR(P4/$I4*$G4,0) -> 0 | AD4: =IFERROR(Q4/$I4*$G4,0) -> 0 | AE4: =IFERROR(R4/$I4*$G4,0) -> 0 | ... AI4: =IFERROR(V4/$I4*$G4,0) -> 0 | AJ4: =SUM(X4:AI4) -> 11700 | AK4: =AJ4-G4 -> 0
A5: 1 | B5: Багацький Вадим Геннадійович | D5: 3739.99 | E5: =I5*J5 -> 18300 | F5: =SUMIF('[1]Табель цех 1 по 15 серпня'!$B:$B,B5,'[1]Табель цех 1 по 15 серпня'!$H:$H) -> 102.24 | G5: =ROUND(E5-C5-D5,-2) -> 14600 | H5: =F5+E5-D5-G5-C5 -> 62.25 | I5: =Цо!AI2+IRS!S2+Катеринополь!S2+'Червоний хрест'!S2+'ООН 2025'!S2+Кернел!S2+'Глобино Мк'!S2+'МД Франківськ'!S2 -> 122 | J5: 150 | K5: =SUMIF(ИТР!B:B,B5,ИТР!S:S) -> 0 | L5: =SUMIF(Цо!R:R,B5,Цо!AI:AI) -> 0 | M5: =SUMIF(IRS!B:B,B5,IRS!S:S) -> 0 | N5: =SUMIF(Катеринополь!B:B,B5,Катеринополь!S:S) -> 61 | Q5: =SUMIF('ООН 2025'!B:B,B5,'ООН 2025'!S:S) -> 0 | R5: =SUMIF('Червоний хрест'!B:B,B5,'Червоний хрест'!S:S) -> 0 | T5: =SUMIF(Кернел!B:B,B5,Кернел!S:S) -> 0 | U5: =SUMIF('Глобино Мк'!B:B,B5,'Глобино Мк'!S:S) -> 61 | V5: =SUMIF('МД Франківськ'!B:B,B5,'МД Франківськ'!S:S) -> 0 | W5: =SUM(K5:V5)-I5 -> 0 | X5: =IFERROR(K5/$I5*$G5,0) -> 0 | Y5: =IFERROR(L5/$I5*$G5,0) -> 0 | Z5: =IFERROR(M5/$I5*$G5,0) -> 0 | AA5: =IFERROR(N5/$I5*$G5,0) -> 7300 | AB5: =IFERROR(O5/$I5*$G5,0) -> 0 | AC5: =IFERROR(P5/$I5*$G5,0) -> 0 | AD5: =IFERROR(Q5/$I5*$G5,0) -> 0 | AE5: =IFERROR(R5/$I5*$G5,0) -> 0 | ... AI5: =IFERROR(V5/$I5*$G5,0) -> 0 | AJ5: =SUM(X5:AI5) -> 14600 | AK5: =AJ5-G5 -> 0
A6: 2 | B6: Васильєв Віталій Юрійович | D6: 3739.99 | E6: =I6*J6 -> 18750 | F6: =SUMIF('[1]Табель цех 1 по 15 серпня'!$B:$B,B6,'[1]Табель цех 1 по 15 серпня'!$H:$H) -> 69.25 | G6: =ROUND(E6-C6-D6,-2) -> 15000 | H6: =F6+E6-D6-G6-C6 -> 79.26 | I6: =Цо!AI3+IRS!S3+Катеринополь!S3+'Червоний хрест'!S3+'ООН 2025'!S3+Кернел!S3+'Глобино Мк'!S3+'МД Франківськ'!S3 -> 125 | J6: 150 | K6: =SUMIF(ИТР!B:B,B6,ИТР!S:S) -> 0 | L6: =SUMIF(Цо!R:R,B6,Цо!AI:AI) -> 125 | M6: =SUMIF(IRS!B:B,B6,IRS!S:S) -> 0 | N6: =SUMIF(Катеринополь!B:B,B6,Катеринополь!S:S) -> 0 | Q6: =SUMIF('ООН 2025'!B:B,B6,'ООН 2025'!S:S) -> 0 | R6: =SUMIF('Червоний хрест'!B:B,B6,'Червоний хрест'!S:S) -> 0 | T6: =SUMIF(Кернел!B:B,B6,Кернел!S:S) -> 0 | U6: =SUMIF('Глобино Мк'!B:B,B6,'Глобино Мк'!S:S) -> 0 | V6: =SUMIF('МД Франківськ'!B:B,B6,'МД Франківськ'!S:S) -> 0 | W6: =SUM(K6:V6)-I6 -> 0 | X6: =IFERROR(K6/$I6*$G6,0) -> 0 | Y6: =IFERROR(L6/$I6*$G6,0) -> 15000 | Z6: =IFERROR(M6/$I6*$G6,0) -> 0 | AA6: =IFERROR(N6/$I6*$G6,0) -> 0 | AB6: =IFERROR(O6/$I6*$G6,0) -> 0 | AC6: =IFERROR(P6/$I6*$G6,0) -> 0 | AD6: =IFERROR(Q6/$I6*$G6,0) -> 0 | AE6: =IFERROR(R6/$I6*$G6,0) -> 0 | ... AI6: =IFERROR(V6/$I6*$G6,0) -> 0 | AJ6: =SUM(X6:AI6) -> 15000 | AK6: =AJ6-G6 -> 0
A7: 3 | B7: Григоренко Олександр Миколайович | C7: 9162.5 | D7: 3739.99 | E7: =I7*J7 -> 50400 | F7: =SUMIF('[1]Табель цех 1 по 15 серпня'!$B:$B,B7,'[1]Табель цех 1 по 15 серпня'!$H:$H) -> -30.76 | G7: =ROUND(E7-C7-D7,-2) -> 37500 | H7: =F7+E7-D7-G7-C7 -> -33.25 | I7: =Цо!AI4+IRS!S4+Катеринополь!S4+'Червоний хрест'!S4+'ООН 2025'!S4+Кернел!S4+'Глобино Мк'!S4+'МД Франківськ'!S4 -> 336 | J7: 150 | K7: =SUMIF(ИТР!B:B,B7,ИТР!S:S) -> 0 | L7: =SUMIF(Цо!R:R,B7,Цо!AI:AI) -> 0 | M7: =SUMIF(IRS!B:B,B7,IRS!S:S) -> 0 | N7: =SUMIF(Катеринополь!B:B,B7,Катеринополь!S:S) -> 0 | Q7: =SUMIF('ООН 2025'!B:B,B7,'ООН 2025'!S:S) -> 0 | R7: =SUMIF('Червоний хрест'!B:B,B7,'Червоний хрест'!S:S) -> 0 | T7: =SUMIF(Кернел!B:B,B7,Кернел!S:S) -> 336 | U7: =SUMIF('Глобино Мк'!B:B,B7,'Глобино Мк'!S:S) -> 0 | V7: =SUMIF('МД Франківськ'!B:B,B7,'МД Франківськ'!S:S) -> 0 | W7: =SUM(K7:V7)-I7 -> 0 | X7: =IFERROR(K7/$I7*$G7,0) -> 0 | Y7: =IFERROR(L7/$I7*$G7,0) -> 0 | Z7: =IFERROR(M7/$I7*$G7,0) -> 0 | AA7: =IFERROR(N7/$I7*$G7,0) -> 0 | AB7: =IFERROR(O7/$I7*$G7,0) -> 0 | AC7: =IFERROR(P7/$I7*$G7,0) -> 0 | AD7: =IFERROR(Q7/$I7*$G7,0) -> 0 | AE7: =IFERROR(R7/$I7*$G7,0) -> 0 | ... AI7: =IFERROR(V7/$I7*$G7,0) -> 0 | AJ7: =SUM(X7:AI7) -> 37500 | AK7: =AJ7-G7 -> 0
A8: 4 | B8: Григорьєв Микола Андрійович | D8: 3739.99 | E8: =I8*J8 -> 17400 | F8: =SUMIF('[1]Табель цех 1 по 15 серпня'!$B:$B,B8,'[1]Табель цех 1 по 15 серпня'!$H:$H) -> -11.75 | G8: =ROUND(E8-C8-D8,-2) -> 13700 | H8: =F8+E8-D8-G8-C8 -> -51.74 | I8: =Цо!AI5+IRS!S5+Катеринополь!S5+'Червоний хрест'!S5+'ООН 2025'!S5+Кернел!S5+'Глобино Мк'!S5+'МД Франківськ'!S5 -> 116 | J8: 150 | K8: =SUMIF(ИТР!B:B,B8,ИТР!S:S) -> 0 | L8: =SUMIF(Цо!R:R,B8,Цо!AI:AI) -> 0 | M8: =SUMIF(IRS!B:B,B8,IRS!S:S) -> 0 | N8: =SUMIF(Катеринополь!B:B,B8,Катеринополь!S:S) -> 0 | Q8: =SUMIF('ООН 2025'!B:B,B8,'ООН 2025'!S:S) -> 116 | R8: =SUMIF('Червоний хрест'!B:B,B8,'Червоний хрест'!S:S) -> 0 | T8: =SUMIF(Кернел!B:B,B8,Кернел!S:S) -> 0 | U8: =SUMIF('Глобино Мк'!B:B,B8,'Глобино Мк'!S:S) -> 0 | V8: =SUMIF('МД Франківськ'!B:B,B8,'МД Франківськ'!S:S) -> 0 | W8: =SUM(K8:V8)-I8 -> 0 | X8: =IFERROR(K8/$I8*$G8,0) -> 0 | Y8: =IFERROR(L8/$I8*$G8,0) -> 0 | Z8: =IFERROR(M8/$I8*$G8,0) -> 0 | AA8: =IFERROR(N8/$I8*$G8,0) -> 0 | AB8: =IFERROR(O8/$I8*$G8,0) -> 0 | AC8: =IFERROR(P8/$I8*$G8,0) -> 0 | AD8: =IFERROR(Q8/$I8*$G8,0) -> 13700 | AE8: =IFERROR(R8/$I8*$G8,0) -> 0 | ... AI8: =IFERROR(V8/$I8*$G8,0) -> 0 | AJ8: =SUM(X8:AI8) -> 13700 | AK8: =AJ8-G8 -> 0
A9: 5 | B9: Григор'єв Михайло Андрійович | D9: 1869.98 | E9: =I9*J9 -> 8250 | F9: =SUMIF('[1]Табель цех 1 по 15 серпня'!$B:$B,B9,'[1]Табель цех 1 по 15 серпня'!$H:$H) -> -96.85 | G9: =ROUND(E9-C9-D9,-2) -> 6400 | H9: =F9+E9-D9-G9-C9 -> -116.83 | I9: =Цо!AI6+IRS!S6+Катеринополь!S6+'Червоний хрест'!S6+'ООН 2025'!S6+Кернел!S6+'Глобино Мк'!S6+'МД Франківськ'!S6 -> 55 | J9: 150 | K9: =SUMIF(ИТР!B:B,B9,ИТР!S:S) -> 0 | L9: =SUMIF(Цо!R:R,B9,Цо!AI:AI) -> 0 | M9: =SUMIF(IRS!B:B,B9,IRS!S:S) -> 0 | N9: =SUMIF(Катеринополь!B:B,B9,Катеринополь!S:S) -> 0 | Q9: =SUMIF('ООН 2025'!B:B,B9,'ООН 2025'!S:S) -> 55 | R9: =SUMIF('Червоний хрест'!B:B,B9,'Червоний хрест'!S:S) -> 0 | T9: =SUMIF(Кернел!B:B,B9,Кернел!S:S) -> 0 | U9: =SUMIF('Глобино Мк'!B:B,B9,'Глобино Мк'!S:S) -> 0 | V9: =SUMIF('МД Франківськ'!B:B,B9,'МД Франківськ'!S:S) -> 0 | W9: =SUM(K9:V9)-I9 -> 0 | X9: =IFERROR(K9/$I9*$G9,0) -> 0 | Y9: =IFERROR(L9/$I9*$G9,0) -> 0 | Z9: =IFERROR(M9/$I9*$G9,0) -> 0 | AA9: =IFERROR(N9/$I9*$G9,0) -> 0 | AB9: =IFERROR(O9/$I9*$G9,0) -> 0 | AC9: =IFERROR(P9/$I9*$G9,0) -> 0 | AD9: =IFERROR(Q9/$I9*$G9,0) -> 6400 | AE9: =IFERROR(R9/$I9*$G9,0) -> 0 | ... AI9: =IFERROR(V9/$I9*$G9,0) -> 0 | AJ9: =SUM(X9:AI9) -> 6400 | AK9: =AJ9-G9 -> 0
A10: 6 | B10: Іванов Олексій Вікторович | D10: 3740.01 | E10: =I10*J10 -> 16500 | F10: =SUMIF('[1]Табель цех 1 по 15 серпня'!$B:$B,B10,'[1]Табель цех 1 по 15 серпня'!$H:$H) -> 48.56 | G10: =ROUND(E10-C10-D10,-2) -> 12800 | H10: =F10+E10-D10-G10-C10 -> 8.55 | I10: =Цо!AI7+IRS!S7+Катеринополь!S7+'Червоний хрест'!S7+'ООН 2025'!S7+Кернел!S7+'Глобино Мк'!S7+'МД Франківськ'!S7 -> 110 | J10: 150 | K10: =SUMIF(ИТР!B:B,B10,ИТР!S:S) -> 0 | L10: =SUMIF(Цо!R:R,B10,Цо!AI:AI) -> 0 | M10: =SUMIF(IRS!B:B,B10,IRS!S:S) -> 0 | N10: =SUMIF(Катеринополь!B:B,B10,Катеринополь!S:S) -> 71 | Q10: =SUMIF('ООН 2025'!B:B,B10,'ООН 2025'!S:S) -> 0 | R10: =SUMIF('Червоний хрест'!B:B,B10,'Червоний хрест'!S:S) -> 0 | T10: =SUMIF(Кернел!B:B,B10,Кернел!S:S) -> 0 | U10: =SUMIF('Глобино Мк'!B:B,B10,'Глобино Мк'!S:S) -> 39 | V10: =SUMIF('МД Франківськ'!B:B,B10,'МД Франківськ'!S:S) -> 0 | W10: =SUM(K10:V10)-I10 -> 0 | X10: =IFERROR(K10/$I10*$G10,0) -> 0 | Y10: =IFERROR(L10/$I10*$G10,0) -> 0 | Z10: =IFERROR(M10/$I10*$G10,0) -> 0 | AA10: =IFERROR(N10/$I10*$G10,0) -> 8261.8182 | AB10: =IFERROR(O10/$I10*$G10,0) -> 0 | AC10: =IFERROR(P10/$I10*$G10,0) -> 0 | AD10: =IFERROR(Q10/$I10*$G10,0) -> 0 | AE10: =IFERROR(R10/$I10*$G10,0) -> 0 | ... AI10: =IFERROR(V10/$I10*$G10,0) -> 0 | AJ10: =SUM(X10:AI10) -> 12800 | AK10: =AJ10-G10 -> 0
A11: 7 | B11: Іскрицький Денис Русланович | D11: 1869.98 | E11: =I11*J11 -> 14100 | F11: =SUMIF('[1]Табель цех 1 по 15 серпня'!$B:$B,B11,'[1]Табель цех 1 по 15 серпня'!$H:$H) -> -13.26 | G11: =ROUND(E11-C11-D11,-2) -> 12200 | H11: =F11+E11-D11-G11-C11 -> 16.76 | I11: =Цо!AI8+IRS!S8+Катеринополь!S8+'Червоний хрест'!S8+'ООН 2025'!S8+Кернел!S8+'Глобино Мк'!S8+'МД Франківськ'!S8 -> 94 | J11: 150 | K11: =SUMIF(ИТР!B:B,B11,ИТР!S:S) -> 0 | L11: =SUMIF(Цо!R:R,B11,Цо!AI:AI) -> 0 | M11: =SUMIF(IRS!B:B,B11,IRS!S:S) -> 0 | N11: =SUMIF(Катеринополь!B:B,B11,Катеринополь!S:S) -> 22 | Q11: =SUMIF('ООН 2025'!B:B,B11,'ООН 2025'!S:S) -> 0 | R11: =SUMIF('Червоний хрест'!B:B,B11,'Червоний хрест'!S:S) -> 72 | T11: =SUMIF(Кернел!B:B,B11,Кернел!S:S) -> 0 | U11: =SUMIF('Глобино Мк'!B:B,B11,'Глобино Мк'!S:S) -> 0 | V11: =SUMIF('МД Франківськ'!B:B,B11,'МД Франківськ'!S:S) -> 0 | W11: =SUM(K11:V11)-I11 -> 0 | X11: =IFERROR(K11/$I11*$G11,0) -> 0 | Y11: =IFERROR(L11/$I11*$G11,0) -> 0 | Z11: =IFERROR(M11/$I11*$G11,0) -> 0 | AA11: =IFERROR(N11/$I11*$G11,0) -> 2855.3191 | AB11: =IFERROR(O11/$I11*$G11,0) -> 0 | AC11: =IFERROR(P11/$I11*$G11,0) -> 0 | AD11: =IFERROR(Q11/$I11*$G11,0) -> 0 | AE11: =IFERROR(R11/$I11*$G11,0) -> 9344.6809 | ... AI11: =IFERROR(V11/$I11*$G11,0) -> 0 | AJ11: =SUM(X11:AI11) -> 12200 | AK11: =AJ11-G11 -> 0
A12: 8 | B12: Корнієнко Станіслав Володимирович | C12: 9162.5 | D12: 3739.99 | E12: =I12*J12 -> 54000 | F12: =SUMIF('[1]Табель цех 1 по 15 серпня'!$B:$B,B12,'[1]Табель цех 1 по 15 серпня'!$H:$H) -> -37.97 | G12: =ROUND(E12-C12-D12,-2) -> 41100 | H12: =F12+E12-D12-G12-C12 -> -40.46 | I12: =Цо!AI9+IRS!S9+Катеринополь!S9+'Червоний хрест'!S9+'ООН 2025'!S9+Кернел!S9+'Глобино Мк'!S9+'МД Франківськ'!S9 -> 360 | J12: 150 | K12: =SUMIF(ИТР!B:B,B12,ИТР!S:S) -> 0 | L12: =SUMIF(Цо!R:R,B12,Цо!AI:AI) -> 0 | M12: =SUMIF(IRS!B:B,B12,IRS!S:S) -> 0 | N12: =SUMIF(Катеринополь!B:B,B12,Катеринополь!S:S) -> 0 | Q12: =SUMIF('ООН 2025'!B:B,B12,'ООН 2025'!S:S) -> 0 | R12: =SUMIF('Червоний хрест'!B:B,B12,'Червоний хрест'!S:S) -> 0 | T12: =SUMIF(Кернел!B:B,B12,Кернел!S:S) -> 360 | U12: =SUMIF('Глобино Мк'!B:B,B12,'Глобино Мк'!S:S) -> 0 | V12: =SUMIF('МД Франківськ'!B:B,B12,'МД Франківськ'!S:S) -> 0 | W12: =SUM(K12:V12)-I12 -> 0 | X12: =IFERROR(K12/$I12*$G12,0) -> 0 | Y12: =IFERROR(L12/$I12*$G12,0) -> 0 | Z12: =IFERROR(M12/$I12*$G12,0) -> 0 | AA12: =IFERROR(N12/$I12*$G12,0) -> 0 | AB12: =IFERROR(O12/$I12*$G12,0) -> 0 | AC12: =IFERROR(P12/$I12*$G12,0) -> 0 | AD12: =IFERROR(Q12/$I12*$G12,0) -> 0 | AE12: =IFERROR(R12/$I12*$G12,0) -> 0 | ... AI12: =IFERROR(V12/$I12*$G12,0) -> 0 | AJ12: =SUM(X12:AI12) -> 41100 | AK12: =AJ12-G12 -> 0
A13: 9 | B13: Масливець Ігор Валерійович | D13: 3739.99 | E13: =I13*J13 -> 19200 | F13: =SUMIF('[1]Табель цех 1 по 15 серпня'!$B:$B,B13,'[1]Табель цех 1 по 15 серпня'!$H:$H) -> 51.94 | G13: =ROUND(E13-C13-D13,-2) -> 15500 | H13: =F13+E13-D13-G13-C13 -> 11.95 | I13: =Цо!AI10+IRS!S10+Катеринополь!S10+'Червоний хрест'!S10+'ООН 2025'!S10+Кернел!S10+'Глобино Мк'!S10+'МД Франківськ'!S10 -> 128 | J13: 150 | K13: =SUMIF(ИТР!B:B,B13,ИТР!S:S) -> 0 | L13: =SUMIF(Цо!R:R,B13,Цо!AI:AI) -> 0 | M13: =SUMIF(IRS!B:B,B13,IRS!S:S) -> 0 | N13: =SUMIF(Катеринополь!B:B,B13,Катеринополь!S:S) -> 0 | Q13: =SUMIF('ООН 2025'!B:B,B13,'ООН 2025'!S:S) -> 128 | R13: =SUMIF('Червоний хрест'!B:B,B13,'Червоний хрест'!S:S) -> 0 | T13: =SUMIF(Кернел!B:B,B13,Кернел!S:S) -> 0 | U13: =SUMIF('Глобино Мк'!B:B,B13,'Глобино Мк'!S:S) -> 0 | V13: =SUMIF('МД Франківськ'!B:B,B13,'МД Франківськ'!S:S) -> 0 | W13: =SUM(K13:V13)-I13 -> 0 | X13: =IFERROR(K13/$I13*$G13,0) -> 0 | Y13: =IFERROR(L13/$I13*$G13,0) -> 0 | Z13: =IFERROR(M13/$I13*$G13,0) -> 0 | AA13: =IFERROR(N13/$I13*$G13,0) -> 0 | AB13: =IFERROR(O13/$I13*$G13,0) -> 0 | AC13: =IFERROR(P13/$I13*$G13,0) -> 0 | AD13: =IFERROR(Q13/$I13*$G13,0) -> 15500 | AE13: =IFERROR(R13/$I13*$G13,0) -> 0 | ... AI13: =IFERROR(V13/$I13*$G13,0) -> 0 | AJ13: =SUM(X13:AI13) -> 15500 | AK13: =AJ13-G13 -> 0
A14: 10 | B14: Скрипник Олександр Павлович | D14: 3739.99 | E14: =I14*J14 -> 16500 | F14: =SUMIF('[1]Табель цех 1 по 15 серпня'!$B:$B,B14,'[1]Табель цех 1 по 15 серпня'!$H:$H) -> -8.01 | G14: =ROUND(E14-C14-D14,-2) -> 12800 | H14: =F14+E14-D14-G14-C14 -> -48 | I14: =Цо!AI11+IRS!S11+Катеринополь!S11+'Червоний хрест'!S11+'ООН 2025'!S11+Кернел!S11+'Глобино Мк'!S11+'МД Франківськ'!S11 -> 110 | J14: 150 | K14: =SUMIF(ИТР!B:B,B14,ИТР!S:S) -> 0 | L14: =SUMIF(Цо!R:R,B14,Цо!AI:AI) -> 0 | M14: =SUMIF(IRS!B:B,B14,IRS!S:S) -> 0 | N14: =SUMIF(Катеринополь!B:B,B14,Катеринополь!S:S) -> 0 | Q14: =SUMIF('ООН 2025'!B:B,B14,'ООН 2025'!S:S) -> 110 | R14: =SUMIF('Червоний хрест'!B:B,B14,'Червоний хрест'!S:S) -> 0 | T14: =SUMIF(Кернел!B:B,B14,Кернел!S:S) -> 0 | U14: =SUMIF('Глобино Мк'!B:B,B14,'Глобино Мк'!S:S) -> 0 | V14: =SUMIF('МД Франківськ'!B:B,B14,'МД Франківськ'!S:S) -> 0 | W14: =SUM(K14:V14)-I14 -> 0 | X14: =IFERROR(K14/$I14*$G14,0) -> 0 | Y14: =IFERROR(L14/$I14*$G14,0) -> 0 | Z14: =IFERROR(M14/$I14*$G14,0) -> 0 | AA14: =IFERROR(N14/$I14*$G14,0) -> 0 | AB14: =IFERROR(O14/$I14*$G14,0) -> 0 | AC14: =IFERROR(P14/$I14*$G14,0) -> 0 | AD14: =IFERROR(Q14/$I14*$G14,0) -> 12800 | AE14: =IFERROR(R14/$I14*$G14,0) -> 0 | ... AI14: =IFERROR(V14/$I14*$G14,0) -> 0 | AJ14: =SUM(X14:AI14) -> 12800 | AK14: =AJ14-G14 -> 0
A15: 11 | B15: Паламарчук Вячеслав Володимирович | D15: 3740.01 | E15: =I15*J15 -> 18300 | F15: =SUMIF('[1]Табель цех 1 по 15 серпня'!$B:$B,B15,'[1]Табель цех 1 по 15 серпня'!$H:$H) -> -69.62 | G15: =ROUND(E15-C15-D15,-2) -> 14600 | H15: =F15+E15-D15-G15-C15 -> -109.63 | I15: =Цо!AI12+IRS!S12+Катеринополь!S12+'Червоний хрест'!S12+'ООН 2025'!S12+Кернел!S12+'Глобино Мк'!S12+'МД Франківськ'!S12 -> 122 | J15: 150 | K15: =SUMIF(ИТР!B:B,B15,ИТР!S:S) -> 0 | L15: =SUMIF(Цо!R:R,B15,Цо!AI:AI) -> 0 | M15: =SUMIF(IRS!B:B,B15,IRS!S:S) -> 0 | N15: =SUMIF(Катеринополь!B:B,B15,Катеринополь!S:S) -> 0 | Q15: =SUMIF('ООН 2025'!B:B,B15,'ООН 2025'!S:S) -> 122 | R15: =SUMIF('Червоний хрест'!B:B,B15,'Червоний хрест'!S:S) -> 0 | T15: =SUMIF(Кернел!B:B,B15,Кернел!S:S) -> 0 | U15: =SUMIF('Глобино Мк'!B:B,B15,'Глобино Мк'!S:S) -> 0 | V15: =SUMIF('МД Франківськ'!B:B,B15,'МД Франківськ'!S:S) -> 0 | W15: =SUM(K15:V15)-I15 -> 0 | X15: =IFERROR(K15/$I15*$G15,0) -> 0 | Y15: =IFERROR(L15/$I15*$G15,0) -> 0 | Z15: =IFERROR(M15/$I15*$G15,0) -> 0 | AA15: =IFERROR(N15/$I15*$G15,0) -> 0 | AB15: =IFERROR(O15/$I15*$G15,0) -> 0 | AC15: =IFERROR(P15/$I15*$G15,0) -> 0 | AD15: =IFERROR(Q15/$I15*$G15,0) -> 14600 | AE15: =IFERROR(R15/$I15*$G15,0) -> 0 | ... AI15: =IFERROR(V15/$I15*$G15,0) -> 0 | AJ15: =SUM(X15:AI15) -> 14600 | AK15: =AJ15-G15 -> 0
A16: 12 | B16: Дехтяр Владислав Олександрович | C16: 9162.5 | D16: 3739.99 | E16: =I16*J16 -> 50400 | F16: =SUMIF('[1]Табель цех 1 по 15 серпня'!$B:$B,B16,'[1]Табель цех 1 по 15 серпня'!$H:$H) -> 8.22 | G16: =ROUND(E16-C16-D16,-2) -> 37500 | H16: =F16+E16-D16-G16-C16 -> 5.73 | I16: =Цо!AI13+IRS!S13+Катеринополь!S13+'Червоний хрест'!S13+'ООН 2025'!S13+Кернел!S13+'Глобино Мк'!S13+'МД Франківськ'!S13 -> 336 | J16: 150 | K16: =SUMIF(ИТР!B:B,B16,ИТР!S:S) -> 0 | L16: =SUMIF(Цо!R:R,B16,Цо!AI:AI) -> 0 | M16: =SUMIF(IRS!B:B,B16,IRS!S:S) -> 0 | N16: =SUMIF(Катеринополь!B:B,B16,Катеринополь!S:S) -> 0 | Q16: =SUMIF('ООН 2025'!B:B,B16,'ООН 2025'!S:S) -> 0 | R16: =SUMIF('Червоний хрест'!B:B,B16,'Червоний хрест'!S:S) -> 0 | T16: =SUMIF(Кернел!B:B,B16,Кернел!S:S) -> 336 | U16: =SUMIF('Глобино Мк'!B:B,B16,'Глобино Мк'!S:S) -> 0 | V16: =SUMIF('МД Франківськ'!B:B,B16,'МД Франківськ'!S:S) -> 0 | W16: =SUM(K16:V16)-I16 -> 0 | X16: =IFERROR(K16/$I16*$G16,0) -> 0 | Y16: =IFERROR(L16/$I16*$G16,0) -> 0 | Z16: =IFERROR(M16/$I16*$G16,0) -> 0 | AA16: =IFERROR(N16/$I16*$G16,0) -> 0 | AB16: =IFERROR(O16/$I16*$G16,0) -> 0 | AC16: =IFERROR(P16/$I16*$G16,0) -> 0 | AD16: =IFERROR(Q16/$I16*$G16,0) -> 0 | AE16: =IFERROR(R16/$I16*$G16,0) -> 0 | ... AI16: =IFERROR(V16/$I16*$G16,0) -> 0 | AJ16: =SUM(X16:AI16) -> 37500 | AK16: =AJ16-G16 -> 0
A17: 13 | B17: Тужиков Валерій Владиславович | D17: 3739.99 | E17: =I17*J17 -> 17850 | F17: =SUMIF('[1]Табель цех 1 по 15 серпня'!$B:$B,B17,'[1]Табель цех 1 по 15 серпня'!$H:$H) -> 31.74 | G17: =ROUND(E17-C17-D17,-2) -> 14100 | H17: =F17+E17-D17-G17-C17 -> 41.75 | I17: =Цо!AI14+IRS!S14+Катеринополь!S14+'Червоний хрест'!S14+'ООН 2025'!S14+Кернел!S14+'Глобино Мк'!S14+'МД Франківськ'!S14 -> 119 | J17: 150 | K17: =SUMIF(ИТР!B:B,B17,ИТР!S:S) -> 0 | L17: =SUMIF(Цо!R:R,B17,Цо!AI:AI) -> 0 | M17: =SUMIF(IRS!B:B,B17,IRS!S:S) -> 0 | N17: =SUMIF(Катеринополь!B:B,B17,Катеринополь!S:S) -> 55 | Q17: =SUMIF('ООН 2025'!B:B,B17,'ООН 2025'!S:S) -> 0 | R17: =SUMIF('Червоний хрест'!B:B,B17,'Червоний хрест'!S:S) -> 0 | T17: =SUMIF(Кернел!B:B,B17,Кернел!S:S) -> 0 | U17: =SUMIF('Глобино Мк'!B:B,B17,'Глобино Мк'!S:S) -> 28 | V17: =SUMIF('МД Франківськ'!B:B,B17,'МД Франківськ'!S:S) -> 36 | W17: =SUM(K17:V17)-I17 -> 0 | X17: =IFERROR(K17/$I17*$G17,0) -> 0 | Y17: =IFERROR(L17/$I17*$G17,0) -> 0 | Z17: =IFERROR(M17/$I17*$G17,0) -> 0 | AA17: =IFERROR(N17/$I17*$G17,0) -> 6516.8067 | AB17: =IFERROR(O17/$I17*$G17,0) -> 0 | AC17: =IFERROR(P17/$I17*$G17,0) -> 0 | AD17: =IFERROR(Q17/$I17*$G17,0) -> 0 | AE17: =IFERROR(R17/$I17*$G17,0) -> 0 | ... AI17: =IFERROR(V17/$I17*$G17,0) -> 4265.5462 | AJ17: =SUM(X17:AI17) -> 14100 | AK17: =AJ17-G17 -> 0
A18: 14 | B18: Сівов Євген Миколайович | D18: 3739.99 | E18: =I18*J18 -> 18300 | F18: =SUMIF('[1]Табель цех 1 по 15 серпня'!$B:$B,B18,'[1]Табель цех 1 по 15 серпня'!$H:$H) -> 4.76 | G18: =ROUND(E18-C18-D18,-2) -> 14600 | H18: =F18+E18-D18-G18-C18 -> -35.23 | I18: =Цо!AI15+IRS!S15+Катеринополь!S15+'Червоний хрест'!S15+'ООН 2025'!S15+Кернел!S15+'Глобино Мк'!S15+'МД Франківськ'!S15 -> 122 | J18: 150 | K18: =SUMIF(ИТР!B:B,B18,ИТР!S:S) -> 0 | L18: =SUMIF(Цо!R:R,B18,Цо!AI:AI) -> 0 | M18: =SUMIF(IRS!B:B,B18,IRS!S:S) -> 0 | N18: =SUMIF(Катеринополь!B:B,B18,Катеринополь!S:S) -> 78 | Q18: =SUMIF('ООН 2025'!B:B,B18,'ООН 2025'!S:S) -> 0 | R18: =SUMIF('Червоний хрест'!B:B,B18,'Червоний хрест'!S:S) -> 0 | T18: =SUMIF(Кернел!B:B,B18,Кернел!S:S) -> 0 | U18: =SUMIF('Глобино Мк'!B:B,B18,'Глобино Мк'!S:S) -> 44 | V18: =SUMIF('МД Франківськ'!B:B,B18,'МД Франківськ'!S:S) -> 0 | W18: =SUM(K18:V18)-I18 -> 0 | X18: =IFERROR(K18/$I18*$G18,0) -> 0 | Y18: =IFERROR(L18/$I18*$G18,0) -> 0 | Z18: =IFERROR(M18/$I18*$G18,0) -> 0 | AA18: =IFERROR(N18/$I18*$G18,0) -> 9334.4262 | AB18: =IFERROR(O18/$I18*$G18,0) -> 0 | AC18: =IFERROR(P18/$I18*$G18,0) -> 0 | AD18: =IFERROR(Q18/$I18*$G18,0) -> 0 | AE18: =IFERROR(R18/$I18*$G18,0) -> 0 | ... AI18: =IFERROR(V18/$I18*$G18,0) -> 0 | AJ18: =SUM(X18:AI18) -> 14600 | AK18: =AJ18-G18 -> 0
A19: 15 | B19: Кіфор Юрій Михайлович | D19: 3739.99 | E19: =I19*J19 -> 19200 | F19: =SUMIF('[1]Табель цех 1 по 15 серпня'!$B:$B,B19,'[1]Табель цех 1 по 15 серпня'!$H:$H) -> 1.49 | G19: =ROUND(E19-C19-D19,-2) -> 15500 | H19: =F19+E19-D19-G19-C19 -> -38.5 | I19: =Цо!AI16+IRS!S16+Катеринополь!S16+'Червоний хрест'!S16+'ООН 2025'!S16+Кернел!S16+'Глобино Мк'!S16+'МД Франківськ'!S16 -> 128 | J19: 150 | K19: =SUMIF(ИТР!B:B,B19,ИТР!S:S) -> 0 | L19: =SUMIF(Цо!R:R,B19,Цо!AI:AI) -> 0 | M19: =SUMIF(IRS!B:B,B19,IRS!S:S) -> 0 | N19: =SUMIF(Катеринополь!B:B,B19,Катеринополь!S:S) -> 0 | Q19: =SUMIF('ООН 2025'!B:B,B19,'ООН 2025'!S:S) -> 128 | R19: =SUMIF('Червоний хрест'!B:B,B19,'Червоний хрест'!S:S) -> 0 | T19: =SUMIF(Кернел!B:B,B19,Кернел!S:S) -> 0 | U19: =SUMIF('Глобино Мк'!B:B,B19,'Глобино Мк'!S:S) -> 0 | V19: =SUMIF('МД Франківськ'!B:B,B19,'МД Франківськ'!S:S) -> 0 | W19: =SUM(K19:V19)-I19 -> 0 | X19: =IFERROR(K19/$I19*$G19,0) -> 0 | Y19: =IFERROR(L19/$I19*$G19,0) -> 0 | Z19: =IFERROR(M19/$I19*$G19,0) -> 0 | AA19: =IFERROR(N19/$I19*$G19,0) -> 0 | AB19: =IFERROR(O19/$I19*$G19,0) -> 0 | AC19: =IFERROR(P19/$I19*$G19,0) -> 0 | AD19: =IFERROR(Q19/$I19*$G19,0) -> 15500 | AE19: =IFERROR(R19/$I19*$G19,0) -> 0 | ... AI19: =IFERROR(V19/$I19*$G19,0) -> 0 | AJ19: =SUM(X19:AI19) -> 15500 | AK19: =AJ19-G19 -> 0
A20: 16 | B20: Нестерук Сергій Петрович | E20: =I20*J20 -> 0 | F20: =SUMIF('[1]Табель цех 1 по 15 серпня'!$B:$B,B20,'[1]Табель цех 1 по 15 серпня'!$H:$H) -> 38.04 | G20: =ROUND(E20-C20-D20,-2) -> 0 | H20: =F20+E20-D20-G20-C20 -> 38.04 | I20: =Цо!AI17+IRS!S17+Катеринополь!S17+'Червоний хрест'!S17+'ООН 2025'!S17+Кернел!S17+'Глобино Мк'!S17+'МД Франківськ'!S17 -> 0 | J20: 150 | K20: =SUMIF(ИТР!B:B,B20,ИТР!S:S) -> 0 | L20: =SUMIF(Цо!R:R,B20,Цо!AI:AI) -> 0 | M20: =SUMIF(IRS!B:B,B20,IRS!S:S) -> 0 | N20: =SUMIF(Катеринополь!B:B,B20,Катеринополь!S:S) -> 0 | Q20: =SUMIF('ООН 2025'!B:B,B20,'ООН 2025'!S:S) -> 0 | R20: =SUMIF('Червоний хрест'!B:B,B20,'Червоний хрест'!S:S) -> 0 | T20: =SUMIF(Кернел!B:B,B20,Кернел!S:S) -> 0 | U20: =SUMIF('Глобино Мк'!B:B,B20,'Глобино Мк'!S:S) -> 0 | V20: =SUMIF('МД Франківськ'!B:B,B20,'МД Франківськ'!S:S) -> 0 | W20: =SUM(K20:V20)-I20 -> 0 | X20: =IFERROR(K20/$I20*$G20,0) -> 0 | Y20: =IFERROR(L20/$I20*$G20,0) -> 0 | Z20: =IFERROR(M20/$I20*$G20,0) -> 0 | AA20: =IFERROR(N20/$I20*$G20,0) -> 0 | AB20: =IFERROR(O20/$I20*$G20,0) -> 0 | AC20: =IFERROR(P20/$I20*$G20,0) -> 0 | AD20: =IFERROR(Q20/$I20*$G20,0) -> 0 | AE20: =IFERROR(R20/$I20*$G20,0) -> 0 | ... AI20: =IFERROR(V20/$I20*$G20,0) -> 0 | AJ20: =SUM(X20:AI20) -> 0 | AK20: =AJ20-G20 -> 0
A21: 17 | B21: Петренко Микола Григорович | D21: 9350.01 | E21: =I21*J21 -> 26550 | F21: =SUMIF('[1]Табель цех 1 по 15 серпня'!$B:$B,B21,'[1]Табель цех 1 по 15 серпня'!$H:$H) -> -66.48 | G21: =ROUND(E21-C21-D21,-2) -> 17200 | H21: =F21+E21-D21-G21-C21 -> -66.49 | I21: =Цо!AI18+IRS!S18+Катеринополь!S18+'Червоний хрест'!S18+'ООН 2025'!S18+Кернел!S18+'Глобино Мк'!S18+'МД Франківськ'!S18 -> 177 | J21: 150 | K21: =SUMIF(ИТР!B:B,B21,ИТР!S:S) -> 0 | L21: =SUMIF(Цо!R:R,B21,Цо!AI:AI) -> 0 | M21: =SUMIF(IRS!B:B,B21,IRS!S:S) -> 0 | N21: =SUMIF(Катеринополь!B:B,B21,Катеринополь!S:S) -> 0 | Q21: =SUMIF('ООН 2025'!B:B,B21,'ООН 2025'!S:S) -> 57 | R21: =SUMIF('Червоний хрест'!B:B,B21,'Червоний хрест'!S:S) -> 0 | T21: =SUMIF(Кернел!B:B,B21,Кернел!S:S) -> 0 | U21: =SUMIF('Глобино Мк'!B:B,B21,'Глобино Мк'!S:S) -> 0 | V21: =SUMIF('МД Франківськ'!B:B,B21,'МД Франківськ'!S:S) -> 120 | W21: =SUM(K21:V21)-I21 -> 0 | X21: =IFERROR(K21/$I21*$G21,0) -> 0 | Y21: =IFERROR(L21/$I21*$G21,0) -> 0 | Z21: =IFERROR(M21/$I21*$G21,0) -> 0 | AA21: =IFERROR(N21/$I21*$G21,0) -> 0 | AB21: =IFERROR(O21/$I21*$G21,0) -> 0 | AC21: =IFERROR(P21/$I21*$G21,0) -> 0 | AD21: =IFERROR(Q21/$I21*$G21,0) -> 5538.9831 | AE21: =IFERROR(R21/$I21*$G21,0) -> 0 | ... AI21: =IFERROR(V21/$I21*$G21,0) -> 11661.017 | AJ21: =SUM(X21:AI21) -> 17200 | AK21: =AJ21-G21 -> 0
A22: 18 | B22: Рубленко Микола Іванович | D22: 3739.99 | E22: =I22*J22 -> 16500 | F22: =SUMIF('[1]Табель цех 1 по 15 серпня'!$B:$B,B22,'[1]Табель цех 1 по 15 серпня'!$H:$H) -> -48.51 | G22: =ROUND(E22-C22-D22,-2) -> 12800 | H22: =F22+E22-D22-G22-C22 -> -88.5 | I22: =Цо!AI19+IRS!S19+Катеринополь!S19+'Червоний хрест'!S19+'ООН 2025'!S19+Кернел!S19+'Глобино Мк'!S19+'МД Франківськ'!S19 -> 110 | J22: 150 | K22: =SUMIF(ИТР!B:B,B22,ИТР!S:S) -> 0 | L22: =SUMIF(Цо!R:R,B22,Цо!AI:AI) -> 0 | M22: =SUMIF(IRS!B:B,B22,IRS!S:S) -> 0 | N22: =SUMIF(Катеринополь!B:B,B22,Катеринополь!S:S) -> 0 | Q22: =SUMIF('ООН 2025'!B:B,B22,'ООН 2025'!S:S) -> 110 | R22: =SUMIF('Червоний хрест'!B:B,B22,'Червоний хрест'!S:S) -> 0 | T22: =SUMIF(Кернел!B:B,B22,Кернел!S:S) -> 0 | U22: =SUMIF('Глобино Мк'!B:B,B22,'Глобино Мк'!S:S) -> 0 | V22: =SUMIF('МД Франківськ'!B:B,B22,'МД Франківськ'!S:S) -> 0 | W22: =SUM(K22:V22)-I22 -> 0 | X22: =IFERROR(K22/$I22*$G22,0) -> 0 | Y22: =IFERROR(L22/$I22*$G22,0) -> 0 | Z22: =IFERROR(M22/$I22*$G22,0) -> 0 | AA22: =IFERROR(N22/$I22*$G22,0) -> 0 | AB22: =IFERROR(O22/$I22*$G22,0) -> 0 | AC22: =IFERROR(P22/$I22*$G22,0) -> 0 | AD22: =IFERROR(Q22/$I22*$G22,0) -> 12800 | AE22: =IFERROR(R22/$I22*$G22,0) -> 0 | ... AI22: =IFERROR(V22/$I22*$G22,0) -> 0 | AJ22: =SUM(X22:AI22) -> 12800 | AK22: =AJ22-G22 -> 0
A23: 19 | B23: Серебренніков Володимир Олександрович | E23: =I23*J23 -> 2550 | F23: =SUMIF('[1]Табель цех 1 по 15 серпня'!$B:$B,B23,'[1]Табель цех 1 по 15 серпня'!$H:$H) -> 87.52 | G23: =ROUND(E23-C23-D23,-2) -> 2600 | H23: =F23+E23-D23-G23-C23 -> 37.52 | I23: =Цо!AI20+IRS!S20+Катеринополь!S20+'Червоний хрест'!S20+'ООН 2025'!S20+Кернел!S20+'Глобино Мк'!S20+'МД Франківськ'!S20 -> 17 | J23: 150 | K23: =SUMIF(ИТР!B:B,B23,ИТР!S:S) -> 0 | L23: =SUMIF(Цо!R:R,B23,Цо!AI:AI) -> 0 | M23: =SUMIF(IRS!B:B,B23,IRS!S:S) -> 0 | N23: =SUMIF(Катеринополь!B:B,B23,Катеринополь!S:S) -> 0 | Q23: =SUMIF('ООН 2025'!B:B,B23,'ООН 2025'!S:S) -> 17 | R23: =SUMIF('Червоний хрест'!B:B,B23,'Червоний хрест'!S:S) -> 0 | T23: =SUMIF(Кернел!B:B,B23,Кернел!S:S) -> 0 | U23: =SUMIF('Глобино Мк'!B:B,B23,'Глобино Мк'!S:S) -> 0 | V23: =SUMIF('МД Франківськ'!B:B,B23,'МД Франківськ'!S:S) -> 0 | W23: =SUM(K23:V23)-I23 -> 0 | X23: =IFERROR(K23/$I23*$G23,0) -> 0 | Y23: =IFERROR(L23/$I23*$G23,0) -> 0 | Z23: =IFERROR(M23/$I23*$G23,0) -> 0 | AA23: =IFERROR(N23/$I23*$G23,0) -> 0 | AB23: =IFERROR(O23/$I23*$G23,0) -> 0 | AC23: =IFERROR(P23/$I23*$G23,0) -> 0 | AD23: =IFERROR(Q23/$I23*$G23,0) -> 2600 | AE23: =IFERROR(R23/$I23*$G23,0) -> 0 | ... AI23: =IFERROR(V23/$I23*$G23,0) -> 0 | AJ23: =SUM(X23:AI23) -> 2600 | AK23: =AJ23-G23 -> 0
A24: 20 | B24: Чешко Сергій Анатолійович | D24: 8286.67 | E24: =I24*J24 -> 50400 | F24: =SUMIF('[1]Табель цех 1 по 15 серпня'!$B:$B,B24,'[1]Табель цех 1 по 15 серпня'!$H:$H) -> 39.83 | G24: =ROUND(E24-C24-D24,-2) -> 42100 | H24: =F24+E24-D24-G24-C24 -> 53.16 | I24: =Цо!AI21+IRS!S21+Катеринополь!S21+'Червоний хрест'!S21+'ООН 2025'!S21+Кернел!S21+'Глобино Мк'!S21+'МД Франківськ'!S21 -> 336 | J24: 150 | K24: =SUMIF(ИТР!B:B,B24,ИТР!S:S) -> 0 | L24: =SUMIF(Цо!R:R,B24,Цо!AI:AI) -> 0 | M24: =SUMIF(IRS!B:B,B24,IRS!S:S) -> 336 | N24: =SUMIF(Катеринополь!B:B,B24,Катеринополь!S:S) -> 0 | Q24: =SUMIF('ООН 2025'!B:B,B24,'ООН 2025'!S:S) -> 0 | R24: =SUMIF('Червоний хрест'!B:B,B24,'Червоний хрест'!S:S) -> 0 | T24: =SUMIF(Кернел!B:B,B24,Кернел!S:S) -> 0 | U24: =SUMIF('Глобино Мк'!B:B,B24,'Глобино Мк'!S:S) -> 0 | V24: =SUMIF('МД Франківськ'!B:B,B24,'МД Франківськ'!S:S) -> 0 | W24: =SUM(K24:V24)-I24 -> 0 | X24: =IFERROR(K24/$I24*$G24,0) -> 0 | Y24: =IFERROR(L24/$I24*$G24,0) -> 0 | Z24: =IFERROR(M24/$I24*$G24,0) -> 42100 | AA24: =IFERROR(N24/$I24*$G24,0) -> 0 | AB24: =IFERROR(O24/$I24*$G24,0) -> 0 | AC24: =IFERROR(P24/$I24*$G24,0) -> 0 | AD24: =IFERROR(Q24/$I24*$G24,0) -> 0 | AE24: =IFERROR(R24/$I24*$G24,0) -> 0 | ... AI24: =IFERROR(V24/$I24*$G24,0) -> 0 | AJ24: =SUM(X24:AI24) -> 42100 | AK24: =AJ24-G24 -> 0
A25: 21 | B25: Нерезенко Євгеній Віктоорович | D25: 3739.99 | E25: =I25*J25 -> 50400 | F25: =SUMIF('[1]Табель цех 1 по 15 серпня'!$B:$B,B25,'[1]Табель цех 1 по 15 серпня'!$H:$H) -> -14.01 | G25: =ROUND(E25-C25-D25,-2) -> 46700 | H25: =F25+E25-D25-G25-C25 -> -54 | I25: =Цо!AI22+IRS!S22+Катеринополь!S22+'Червоний хрест'!S22+'ООН 2025'!S22+Кернел!S22+'Глобино Мк'!S22+'МД Франківськ'!S22 -> 336 | J25: 150 | K25: =SUMIF(ИТР!B:B,B25,ИТР!S:S) -> 0 | L25: =SUMIF(Цо!R:R,B25,Цо!AI:AI) -> 0 | M25: =SUMIF(IRS!B:B,B25,IRS!S:S) -> 336 | N25: =SUMIF(Катеринополь!B:B,B25,Катеринополь!S:S) -> 0 | Q25: =SUMIF('ООН 2025'!B:B,B25,'ООН 2025'!S:S) -> 0 | R25: =SUMIF('Червоний хрест'!B:B,B25,'Червоний хрест'!S:S) -> 0 | T25: =SUMIF(Кернел!B:B,B25,Кернел!S:S) -> 0 | U25: =SUMIF('Глобино Мк'!B:B,B25,'Глобино Мк'!S:S) -> 0 | V25: =SUMIF('МД Франківськ'!B:B,B25,'МД Франківськ'!S:S) -> 0 | W25: =SUM(K25:V25)-I25 -> 0 | X25: =IFERROR(K25/$I25*$G25,0) -> 0 | Y25: =IFERROR(L25/$I25*$G25,0) -> 0 | Z25: =IFERROR(M25/$I25*$G25,0) -> 46700 | AA25: =IFERROR(N25/$I25*$G25,0) -> 0 | AB25: =IFERROR(O25/$I25*$G25,0) -> 0 | AC25: =IFERROR(P25/$I25*$G25,0) -> 0 | AD25: =IFERROR(Q25/$I25*$G25,0) -> 0 | AE25: =IFERROR(R25/$I25*$G25,0) -> 0 | ... AI25: =IFERROR(V25/$I25*$G25,0) -> 0 | AJ25: =SUM(X25:AI25) -> 46700 | AK25: =AJ25-G25 -> 0
A26: 22 | B26: Шавкун Максим Анатолійович | D26: 9350.01 | E26: =I26*J26 -> 50400 | F26: =SUMIF('[1]Табель цех 1 по 15 серпня'!$B:$B,B26,'[1]Табель цех 1 по 15 серпня'!$H:$H) -> -99.25 | G26: =ROUND(E26-C26-D26,-2) -> 41000 | H26: =F26+E26-D26-G26-C26 -> -49.26 | I26: =Цо!AI23+IRS!S23+Катеринополь!S23+'Червоний хрест'!S23+'ООН 2025'!S23+Кернел!S23+'Глобино Мк'!S23+'МД Франківськ'!S23 -> 336 | J26: 150 | K26: =SUMIF(ИТР!B:B,B26,ИТР!S:S) -> 0 | L26: =SUMIF(Цо!R:R,B26,Цо!AI:AI) -> 0 | M26: =SUMIF(IRS!B:B,B26,IRS!S:S) -> 336 | N26: =SUMIF(Катеринополь!B:B,B26,Катеринополь!S:S) -> 0 | Q26: =SUMIF('ООН 2025'!B:B,B26,'ООН 2025'!S:S) -> 0 | R26: =SUMIF('Червоний хрест'!B:B,B26,'Червоний хрест'!S:S) -> 0 | T26: =SUMIF(Кернел!B:B,B26,Кернел!S:S) -> 0 | U26: =SUMIF('Глобино Мк'!B:B,B26,'Глобино Мк'!S:S) -> 0 | V26: =SUMIF('МД Франківськ'!B:B,B26,'МД Франківськ'!S:S) -> 0 | W26: =SUM(K26:V26)-I26 -> 0 | X26: =IFERROR(K26/$I26*$G26,0) -> 0 | Y26: =IFERROR(L26/$I26*$G26,0) -> 0 | Z26: =IFERROR(M26/$I26*$G26,0) -> 41000 | AA26: =IFERROR(N26/$I26*$G26,0) -> 0 | AB26: =IFERROR(O26/$I26*$G26,0) -> 0 | AC26: =IFERROR(P26/$I26*$G26,0) -> 0 | AD26: =IFERROR(Q26/$I26*$G26,0) -> 0 | AE26: =IFERROR(R26/$I26*$G26,0) -> 0 | ... AI26: =IFERROR(V26/$I26*$G26,0) -> 0 | AJ26: =SUM(X26:AI26) -> 41000 | AK26: =AJ26-G26 -> 0
A27: 23 | B27: Чуйко Олег Олегович | D27: 3739.99 | E27: =I27*J27 -> 18900 | F27: =SUMIF('[1]Табель цех 1 по 15 серпня'!$B:$B,B27,'[1]Табель цех 1 по 15 серпня'!$H:$H) -> 1.99 | G27: =ROUND(E27-C27-D27,-2) -> 15200 | H27: =F27+E27-D27-G27-C27 -> -38 | I27: =Цо!AI24+IRS!S24+Катеринополь!S24+'Червоний хрест'!S24+'ООН 2025'!S24+Кернел!S24+'Глобино Мк'!S24+'МД Франківськ'!S24 -> 126 | J27: 150 | K27: =SUMIF(ИТР!B:B,B27,ИТР!S:S) -> 0 | L27: =SUMIF(Цо!R:R,B27,Цо!AI:AI) -> 0 | M27: =SUMIF(IRS!B:B,B27,IRS!S:S) -> 0 | N27: =SUMIF(Катеринополь!B:B,B27,Катеринополь!S:S) -> 0 | Q27: =SUMIF('ООН 2025'!B:B,B27,'ООН 2025'!S:S) -> 126 | R27: =SUMIF('Червоний хрест'!B:B,B27,'Червоний хрест'!S:S) -> 0 | T27: =SUMIF(Кернел!B:B,B27,Кернел!S:S) -> 0 | U27: =SUMIF('Глобино Мк'!B:B,B27,'Глобино Мк'!S:S) -> 0 | V27: =SUMIF('МД Франківськ'!B:B,B27,'МД Франківськ'!S:S) -> 0 | W27: =SUM(K27:V27)-I27 -> 0 | X27: =IFERROR(K27/$I27*$G27,0) -> 0 | Y27: =IFERROR(L27/$I27*$G27,0) -> 0 | Z27: =IFERROR(M27/$I27*$G27,0) -> 0 | AA27: =IFERROR(N27/$I27*$G27,0) -> 0 | AB27: =IFERROR(O27/$I27*$G27,0) -> 0 | AC27: =IFERROR(P27/$I27*$G27,0) -> 0 | AD27: =IFERROR(Q27/$I27*$G27,0) -> 15200 | AE27: =IFERROR(R27/$I27*$G27,0) -> 0 | ... AI27: =IFERROR(V27/$I27*$G27,0) -> 0 | AJ27: =SUM(X27:AI27) -> 15200 | AK27: =AJ27-G27 -> 0
A28: 24 | B28: Салюк Дмитро Андрійович | E28: =I28*J28 -> 16350 | F28: =SUMIF('[1]Табель цех 1 по 15 серпня'!$B:$B,B28,'[1]Табель цех 1 по 15 серпня'!$H:$H) -> -130 | G28: =ROUND(E28-C28-D28,-2) -> 16400 | H28: =F28+E28-D28-G28-C28 -> -180 | I28: =Цо!AI25+IRS!S25+Катеринополь!S25+'Червоний хрест'!S25+'ООН 2025'!S25+Кернел!S25+'Глобино Мк'!S25+'МД Франківськ'!S25 -> 109 | J28: 150 | K28: =SUMIF(ИТР!B:B,B28,ИТР!S:S) -> 0 | L28: =SUMIF(Цо!R:R,B28,Цо!AI:AI) -> 0 | M28: =SUMIF(IRS!B:B,B28,IRS!S:S) -> 0 | N28: =SUMIF(Катеринополь!B:B,B28,Катеринополь!S:S) -> 0 | Q28: =SUMIF('ООН 2025'!B:B,B28,'ООН 2025'!S:S) -> 109 | R28: =SUMIF('Червоний хрест'!B:B,B28,'Червоний хрест'!S:S) -> 0 | T28: =SUMIF(Кернел!B:B,B28,Кернел!S:S) -> 0 | U28: =SUMIF('Глобино Мк'!B:B,B28,'Глобино Мк'!S:S) -> 0 | V28: =SUMIF('МД Франківськ'!B:B,B28,'МД Франківськ'!S:S) -> 0 | W28: =SUM(K28:V28)-I28 -> 0 | X28: =IFERROR(K28/$I28*$G28,0) -> 0 | Y28: =IFERROR(L28/$I28*$G28,0) -> 0 | Z28: =IFERROR(M28/$I28*$G28,0) -> 0 | AA28: =IFERROR(N28/$I28*$G28,0) -> 0 | AB28: =IFERROR(O28/$I28*$G28,0) -> 0 | AC28: =IFERROR(P28/$I28*$G28,0) -> 0 | AD28: =IFERROR(Q28/$I28*$G28,0) -> 16400 | AE28: =IFERROR(R28/$I28*$G28,0) -> 0 | ... AI28: =IFERROR(V28/$I28*$G28,0) -> 0 | AJ28: =SUM(X28:AI28) -> 16400 | AK28: =AJ28-G28 -> 0
A29: 25 | B29: Маковецький Юрій Миколайович | D29: 2750 | E29: =I29*J29 -> 19200 | F29: =SUMIF('[1]Табель цех 1 по 15 серпня'!$B:$B,B29,'[1]Табель цех 1 по 15 серпня'!$H:$H) -> 47.32 | G29: =ROUND(E29-C29-D29,-2) -> 16500 | H29: =F29+E29-D29-G29-C29 -> -2.68 | I29: =Цо!AI26+IRS!S26+Катеринополь!S26+'Червоний хрест'!S26+'ООН 2025'!S26+Кернел!S26+'Глобино Мк'!S26+'МД Франківськ'!S26 -> 128 | J29: 150 | K29: =SUMIF(ИТР!B:B,B29,ИТР!S:S) -> 0 | L29: =SUMIF(Цо!R:R,B29,Цо!AI:AI) -> 0 | M29: =SUMIF(IRS!B:B,B29,IRS!S:S) -> 0 | N29: =SUMIF(Катеринополь!B:B,B29,Катеринополь!S:S) -> 72 | Q29: =SUMIF('ООН 2025'!B:B,B29,'ООН 2025'!S:S) -> 0 | R29: =SUMIF('Червоний хрест'!B:B,B29,'Червоний хрест'!S:S) -> 0 | T29: =SUMIF(Кернел!B:B,B29,Кернел!S:S) -> 0 | U29: =SUMIF('Глобино Мк'!B:B,B29,'Глобино Мк'!S:S) -> 56 | V29: =SUMIF('МД Франківськ'!B:B,B29,'МД Франківськ'!S:S) -> 0 | W29: =SUM(K29:V29)-I29 -> 0 | X29: =IFERROR(K29/$I29*$G29,0) -> 0 | Y29: =IFERROR(L29/$I29*$G29,0) -> 0 | Z29: =IFERROR(M29/$I29*$G29,0) -> 0 | AA29: =IFERROR(N29/$I29*$G29,0) -> 9281.25 | AB29: =IFERROR(O29/$I29*$G29,0) -> 0 | AC29: =IFERROR(P29/$I29*$G29,0) -> 0 | AD29: =IFERROR(Q29/$I29*$G29,0) -> 0 | AE29: =IFERROR(R29/$I29*$G29,0) -> 0 | ... AI29: =IFERROR(V29/$I29*$G29,0) -> 0 | AJ29: =SUM(X29:AI29) -> 16500 | AK29: =AJ29-G29 -> 0
A30: 26 | B30: Міненко Олександр Андрійович | E30: =I30*J30 -> 50400 | F30: =SUMIF('[1]Табель цех 1 по 15 серпня'!$B:$B,B30,'[1]Табель цех 1 по 15 серпня'!$H:$H) -> 0 | G30: =ROUND(E30-C30-D30,-2) -> 50400 | H30: =F30+E30-D30-G30-C30 -> 0 | I30: =Цо!AI27+IRS!S27+Катеринополь!S27+'Червоний хрест'!S27+'ООН 2025'!S27+Кернел!S27+'Глобино Мк'!S27+'МД Франківськ'!S27 -> 336 | J30: 150 | K30: =SUMIF(ИТР!B:B,B30,ИТР!S:S) -> 0 | L30: =SUMIF(Цо!R:R,B30,Цо!AI:AI) -> 0 | M30: =SUMIF(IRS!B:B,B30,IRS!S:S) -> 336 | N30: =SUMIF(Катеринополь!B:B,B30,Катеринополь!S:S) -> 0 | Q30: =SUMIF('ООН 2025'!B:B,B30,'ООН 2025'!S:S) -> 0 | R30: =SUMIF('Червоний хрест'!B:B,B30,'Червоний хрест'!S:S) -> 0 | T30: =SUMIF(Кернел!B:B,B30,Кернел!S:S) -> 0 | U30: =SUMIF('Глобино Мк'!B:B,B30,'Глобино Мк'!S:S) -> 0 | V30: =SUMIF('МД Франківськ'!B:B,B30,'МД Франківськ'!S:S) -> 0 | W30: =SUM(K30:V30)-I30 -> 0 | X30: =IFERROR(K30/$I30*$G30,0) -> 0 | Y30: =IFERROR(L30/$I30*$G30,0) -> 0 | Z30: =IFERROR(M30/$I30*$G30,0) -> 50400 | AA30: =IFERROR(N30/$I30*$G30,0) -> 0 | AB30: =IFERROR(O30/$I30*$G30,0) -> 0 | AC30: =IFERROR(P30/$I30*$G30,0) -> 0 | AD30: =IFERROR(Q30/$I30*$G30,0) -> 0 | AE30: =IFERROR(R30/$I30*$G30,0) -> 0 | ... AI30: =IFERROR(V30/$I30*$G30,0) -> 0 | AJ30: =SUM(X30:AI30) -> 50400 | AK30: =AJ30-G30 -> 0
A31: 27 | B31: Салій Дмитро Миколайович | E31: =I31*J31 -> 50400 | F31: =SUMIF('[1]Табель цех 1 по 15 серпня'!$B:$B,B31,'[1]Табель цех 1 по 15 серпня'!$H:$H) -> 0 | G31: =ROUND(E31-C31-D31,-2) -> 50400 | H31: =F31+E31-D31-G31-C31 -> 0 | I31: =Цо!AI28+IRS!S28+Катеринополь!S28+'Червоний хрест'!S28+'ООН 2025'!S28+Кернел!S28+'Глобино Мк'!S28+'МД Франківськ'!S28 -> 336 | J31: 150 | K31: =SUMIF(ИТР!B:B,B31,ИТР!S:S) -> 0 | L31: =SUMIF(Цо!R:R,B31,Цо!AI:AI) -> 0 | M31: =SUMIF(IRS!B:B,B31,IRS!S:S) -> 336 | N31: =SUMIF(Катеринополь!B:B,B31,Катеринополь!S:S) -> 0 | Q31: =SUMIF('ООН 2025'!B:B,B31,'ООН 2025'!S:S) -> 0 | R31: =SUMIF('Червоний хрест'!B:B,B31,'Червоний хрест'!S:S) -> 0 | T31: =SUMIF(Кернел!B:B,B31,Кернел!S:S) -> 0 | U31: =SUMIF('Глобино Мк'!B:B,B31,'Глобино Мк'!S:S) -> 0 | V31: =SUMIF('МД Франківськ'!B:B,B31,'МД Франківськ'!S:S) -> 0 | W31: =SUM(K31:V31)-I31 -> 0 | X31: =IFERROR(K31/$I31*$G31,0) -> 0 | Y31: =IFERROR(L31/$I31*$G31,0) -> 0 | Z31: =IFERROR(M31/$I31*$G31,0) -> 50400 | AA31: =IFERROR(N31/$I31*$G31,0) -> 0 | AB31: =IFERROR(O31/$I31*$G31,0) -> 0 | AC31: =IFERROR(P31/$I31*$G31,0) -> 0 | AD31: =IFERROR(Q31/$I31*$G31,0) -> 0 | AE31: =IFERROR(R31/$I31*$G31,0) -> 0 | ... AI31: =IFERROR(V31/$I31*$G31,0) -> 0 | AJ31: =SUM(X31:AI31) -> 50400 | AK31: =AJ31-G31 -> 0
A32: 28 | B32: Різніченко Олег Олександрович | E32: =I32*J32 -> 15750 | F32: =SUMIF('[1]Табель цех 1 по 15 серпня'!$B:$B,B32,'[1]Табель цех 1 по 15 серпня'!$H:$H) -> -80 | G32: =ROUND(E32-C32-D32,-2) -> 15800 | H32: =F32+E32-D32-G32-C32 -> -130 | I32: =Цо!AI29+IRS!S29+Катеринополь!S29+'Червоний хрест'!S29+'ООН 2025'!S29+Кернел!S29+'Глобино Мк'!S29+'МД Франківськ'!S29 -> 105 | J32: 150 | K32: =SUMIF(ИТР!B:B,B32,ИТР!S:S) -> 0 | L32: =SUMIF(Цо!R:R,B32,Цо!AI:AI) -> 0 | M32: =SUMIF(IRS!B:B,B32,IRS!S:S) -> 0 | N32: =SUMIF(Катеринополь!B:B,B32,Катеринополь!S:S) -> 55 | Q32: =SUMIF('ООН 2025'!B:B,B32,'ООН 2025'!S:S) -> 0 | R32: =SUMIF('Червоний хрест'!B:B,B32,'Червоний хрест'!S:S) -> 0 | T32: =SUMIF(Кернел!B:B,B32,Кернел!S:S) -> 0 | U32: =SUMIF('Глобино Мк'!B:B,B32,'Глобино Мк'!S:S) -> 50 | V32: =SUMIF('МД Франківськ'!B:B,B32,'МД Франківськ'!S:S) -> 0 | W32: =SUM(K32:V32)-I32 -> 0 | X32: =IFERROR(K32/$I32*$G32,0) -> 0 | Y32: =IFERROR(L32/$I32*$G32,0) -> 0 | Z32: =IFERROR(M32/$I32*$G32,0) -> 0 | AA32: =IFERROR(N32/$I32*$G32,0) -> 8276.1905 | AB32: =IFERROR(O32/$I32*$G32,0) -> 0 | AC32: =IFERROR(P32/$I32*$G32,0) -> 0 | AD32: =IFERROR(Q32/$I32*$G32,0) -> 0 | AE32: =IFERROR(R32/$I32*$G32,0) -> 0 | ... AI32: =IFERROR(V32/$I32*$G32,0) -> 0 | AJ32: =SUM(X32:AI32) -> 15800 | AK32: =AJ32-G32 -> 0
A33: 29 | B33: Рогозовець Андрій Вікторович | D33: 3739.99 | E33: =I33*J33 -> 18300 | F33: =SUMIF('[1]Табель цех 1 по 15 серпня'!$B:$B,B33,'[1]Табель цех 1 по 15 серпня'!$H:$H) -> 51.99 | G33: =ROUND(E33-C33-D33,-2) -> 14600 | H33: =F33+E33-D33-G33-C33 -> 12 | I33: =Цо!AI30+IRS!S30+Катеринополь!S30+'Червоний хрест'!S30+'ООН 2025'!S30+Кернел!S30+'Глобино Мк'!S30+'МД Франківськ'!S30 -> 122 | J33: 150 | K33: =SUMIF(ИТР!B:B,B33,ИТР!S:S) -> 0 | L33: =SUMIF(Цо!R:R,B33,Цо!AI:AI) -> 0 | M33: =SUMIF(IRS!B:B,B33,IRS!S:S) -> 0 | N33: =SUMIF(Катеринополь!B:B,B33,Катеринополь!S:S) -> 89 | Q33: =SUMIF('ООН 2025'!B:B,B33,'ООН 2025'!S:S) -> 0 | R33: =SUMIF('Червоний хрест'!B:B,B33,'Червоний хрест'!S:S) -> 0 | T33: =SUMIF(Кернел!B:B,B33,Кернел!S:S) -> 0 | U33: =SUMIF('Глобино Мк'!B:B,B33,'Глобино Мк'!S:S) -> 33 | V33: =SUMIF('МД Франківськ'!B:B,B33,'МД Франківськ'!S:S) -> 0 | W33: =SUM(K33:V33)-I33 -> 0 | X33: =IFERROR(K33/$I33*$G33,0) -> 0 | Y33: =IFERROR(L33/$I33*$G33,0) -> 0 | Z33: =IFERROR(M33/$I33*$G33,0) -> 0 | AA33: =IFERROR(N33/$I33*$G33,0) -> 10650.82 | AB33: =IFERROR(O33/$I33*$G33,0) -> 0 | AC33: =IFERROR(P33/$I33*$G33,0) -> 0 | AD33: =IFERROR(Q33/$I33*$G33,0) -> 0 | AE33: =IFERROR(R33/$I33*$G33,0) -> 0 | ... AI33: =IFERROR(V33/$I33*$G33,0) -> 0 | AJ33: =SUM(X33:AI33) -> 14600 | AK33: =AJ33-G33 -> 0
A34: 30 | B34: Старков Кирило Юрійович | E34: =I34*J34 -> 0 | F34: =SUMIF('[1]Табель цех 1 по 15 серпня'!$B:$B,B34,'[1]Табель цех 1 по 15 серпня'!$H:$H) -> 0 | G34: =ROUND(E34-C34-D34,-2) -> 0 | H34: =F34+E34-D34-G34-C34 -> 0 | I34: =Цо!AI31+IRS!S31+Катеринополь!S31+'Червоний хрест'!S31+'ООН 2025'!S31+Кернел!S31+'Глобино Мк'!S31+'МД Франківськ'!S31 -> 0 | J34: 150 | K34: =SUMIF(ИТР!B:B,B34,ИТР!S:S) -> 0 | L34: =SUMIF(Цо!R:R,B34,Цо!AI:AI) -> 0 | M34: =SUMIF(IRS!B:B,B34,IRS!S:S) -> 0 | N34: =SUMIF(Катеринополь!B:B,B34,Катеринополь!S:S) -> 0 | Q34: =SUMIF('ООН 2025'!B:B,B34,'ООН 2025'!S:S) -> 0 | R34: =SUMIF('Червоний хрест'!B:B,B34,'Червоний хрест'!S:S) -> 0 | T34: =SUMIF(Кернел!B:B,B34,Кернел!S:S) -> 0 | U34: =SUMIF('Глобино Мк'!B:B,B34,'Глобино Мк'!S:S) -> 0 | V34: =SUMIF('МД Франківськ'!B:B,B34,'МД Франківськ'!S:S) -> 0 | W34: =SUM(K34:V34)-I34 -> 0 | X34: =IFERROR(K34/$I34*$G34,0) -> 0 | Y34: =IFERROR(L34/$I34*$G34,0) -> 0 | Z34: =IFERROR(M34/$I34*$G34,0) -> 0 | AA34: =IFERROR(N34/$I34*$G34,0) -> 0 | AB34: =IFERROR(O34/$I34*$G34,0) -> 0 | AC34: =IFERROR(P34/$I34*$G34,0) -> 0 | AD34: =IFERROR(Q34/$I34*$G34,0) -> 0 | AE34: =IFERROR(R34/$I34*$G34,0) -> 0 | ... AI34: =IFERROR(V34/$I34*$G34,0) -> 0 | AJ34: =SUM(X34:AI34) -> 0 | AK34: =AJ34-G34 -> 0
A35: 31 | B35: Зубахін Сергій Александрович | E35: =I35*J35 -> 0 | F35: =SUMIF('[1]Табель цех 1 по 15 серпня'!$B:$B,B35,'[1]Табель цех 1 по 15 серпня'!$H:$H) -> 0 | G35: =ROUND(E35-C35-D35,-2) -> 0 | H35: =F35+E35-D35-G35-C35 -> 0 | I35: =Цо!AI32+IRS!S32+Катеринополь!S32+'Червоний хрест'!S32+'ООН 2025'!S32+Кернел!S32+'Глобино Мк'!S32+'МД Франківськ'!S32 -> 0 | J35: 150 | K35: =SUMIF(ИТР!B:B,B35,ИТР!S:S) -> 0 | L35: =SUMIF(Цо!R:R,B35,Цо!AI:AI) -> 0 | M35: =SUMIF(IRS!B:B,B35,IRS!S:S) -> 0 | N35: =SUMIF(Катеринополь!B:B,B35,Катеринополь!S:S) -> 0 | Q35: =SUMIF('ООН 2025'!B:B,B35,'ООН 2025'!S:S) -> 0 | R35: =SUMIF('Червоний хрест'!B:B,B35,'Червоний хрест'!S:S) -> 0 | T35: =SUMIF(Кернел!B:B,B35,Кернел!S:S) -> 0 | U35: =SUMIF('Глобино Мк'!B:B,B35,'Глобино Мк'!S:S) -> 0 | V35: =SUMIF('МД Франківськ'!B:B,B35,'МД Франківськ'!S:S) -> 0 | W35: =SUM(K35:V35)-I35 -> 0 | X35: =IFERROR(K35/$I35*$G35,0) -> 0 | Y35: =IFERROR(L35/$I35*$G35,0) -> 0 | Z35: =IFERROR(M35/$I35*$G35,0) -> 0 | AA35: =IFERROR(N35/$I35*$G35,0) -> 0 | AB35: =IFERROR(O35/$I35*$G35,0) -> 0 | AC35: =IFERROR(P35/$I35*$G35,0) -> 0 | AD35: =IFERROR(Q35/$I35*$G35,0) -> 0 | AE35: =IFERROR(R35/$I35*$G35,0) -> 0 | ... AI35: =IFERROR(V35/$I35*$G35,0) -> 0 | AJ35: =SUM(X35:AI35) -> 0 | AK35: =AJ35-G35 -> 0
A36: 32 | B36: Корнієнко Віталій Олегович | D36: 9350.01 | E36: =I36*J36 -> 50400 | F36: =SUMIF('[1]Табель цех 1 по 15 серпня'!$B:$B,B36,'[1]Табель цех 1 по 15 серпня'!$H:$H) -> -29.79 | G36: =ROUND(E36-C36-D36,-2) -> 41000 | H36: =F36+E36-D36-G36-C36 -> 20.2 | I36: =Цо!AI33+IRS!S33+Катеринополь!S33+'Червоний хрест'!S33+'ООН 2025'!S33+Кернел!S33+'Глобино Мк'!S33+'МД Франківськ'!S33 -> 336 | J36: 150 | K36: =SUMIF(ИТР!B:B,B36,ИТР!S:S) -> 0 | L36: =SUMIF(Цо!R:R,B36,Цо!AI:AI) -> 0 | M36: =SUMIF(IRS!B:B,B36,IRS!S:S) -> 96 | N36: =SUMIF(Катеринополь!B:B,B36,Катеринополь!S:S) -> 0 | Q36: =SUMIF('ООН 2025'!B:B,B36,'ООН 2025'!S:S) -> 240 | R36: =SUMIF('Червоний хрест'!B:B,B36,'Червоний хрест'!S:S) -> 0 | T36: =SUMIF(Кернел!B:B,B36,Кернел!S:S) -> 0 | U36: =SUMIF('Глобино Мк'!B:B,B36,'Глобино Мк'!S:S) -> 0 | V36: =SUMIF('МД Франківськ'!B:B,B36,'МД Франківськ'!S:S) -> 0 | W36: =SUM(K36:V36)-I36 -> 0 | X36: =IFERROR(K36/$I36*$G36,0) -> 0 | Y36: =IFERROR(L36/$I36*$G36,0) -> 0 | Z36: =IFERROR(M36/$I36*$G36,0) -> 11714.286 | AA36: =IFERROR(N36/$I36*$G36,0) -> 0 | AB36: =IFERROR(O36/$I36*$G36,0) -> 0 | AC36: =IFERROR(P36/$I36*$G36,0) -> 0 | AD36: =IFERROR(Q36/$I36*$G36,0) -> 29285.714 | AE36: =IFERROR(R36/$I36*$G36,0) -> 0 | ... AI36: =IFERROR(V36/$I36*$G36,0) -> 0 | AJ36: =SUM(X36:AI36) -> 41000 | AK36: =AJ36-G36 -> 0
A37: 33 | B37: Рубленко Євген Миколайович | E37: =I37*J37 -> 0 | F37: =SUMIF('[1]Табель цех 1 по 15 серпня'!$B:$B,B37,'[1]Табель цех 1 по 15 серпня'!$H:$H) -> -50 | G37: =ROUND(E37-C37-D37,-2) -> 0 | H37: =F37+E37-D37-G37-C37 -> -50 | I37: =Цо!AI34+IRS!S34+Катеринополь!S34+'Червоний хрест'!S34+'ООН 2025'!S34+Кернел!S34+'Глобино Мк'!S34+'МД Франківськ'!S34 -> 0 | J37: 150 | K37: =SUMIF(ИТР!B:B,B37,ИТР!S:S) -> 0 | L37: =SUMIF(Цо!R:R,B37,Цо!AI:AI) -> 0 | M37: =SUMIF(IRS!B:B,B37,IRS!S:S) -> 0 | N37: =SUMIF(Катеринополь!B:B,B37,Катеринополь!S:S) -> 0 | Q37: =SUMIF('ООН 2025'!B:B,B37,'ООН 2025'!S:S) -> 0 | R37: =SUMIF('Червоний хрест'!B:B,B37,'Червоний хрест'!S:S) -> 0 | T37: =SUMIF(Кернел!B:B,B37,Кернел!S:S) -> 0 | U37: =SUMIF('Глобино Мк'!B:B,B37,'Глобино Мк'!S:S) -> 0 | V37: =SUMIF('МД Франківськ'!B:B,B37,'МД Франківськ'!S:S) -> 0 | W37: =SUM(K37:V37)-I37 -> 0 | X37: =IFERROR(K37/$I37*$G37,0) -> 0 | Y37: =IFERROR(L37/$I37*$G37,0) -> 0 | Z37: =IFERROR(M37/$I37*$G37,0) -> 0 | AA37: =IFERROR(N37/$I37*$G37,0) -> 0 | AB37: =IFERROR(O37/$I37*$G37,0) -> 0 | AC37: =IFERROR(P37/$I37*$G37,0) -> 0 | AD37: =IFERROR(Q37/$I37*$G37,0) -> 0 | AE37: =IFERROR(R37/$I37*$G37,0) -> 0 | ... AI37: =IFERROR(V37/$I37*$G37,0) -> 0 | AJ37: =SUM(X37:AI37) -> 0 | AK37: =AJ37-G37 -> 0
A38: 34 | B38: Форманюк Руслан Леонідович | E38: =I38*J38 -> 0 | F38: =SUMIF('[1]Табель цех 1 по 15 серпня'!$B:$B,B38,'[1]Табель цех 1 по 15 серпня'!$H:$H) -> -180 | G38: =ROUND(E38-C38-D38,-2) -> 0 | H38: =F38+E38-D38-G38-C38 -> -180 | I38: =Цо!AI35+IRS!S35+Катеринополь!S35+'Червоний хрест'!S35+'ООН 2025'!S35+Кернел!S35+'Глобино Мк'!S35+'МД Франківськ'!S35 -> 0 | J38: 150 | K38: =SUMIF(ИТР!B:B,B38,ИТР!S:S) -> 0 | L38: =SUMIF(Цо!R:R,B38,Цо!AI:AI) -> 0 | M38: =SUMIF(IRS!B:B,B38,IRS!S:S) -> 0 | N38: =SUMIF(Катеринополь!B:B,B38,Катеринополь!S:S) -> 0 | Q38: =SUMIF('ООН 2025'!B:B,B38,'ООН 2025'!S:S) -> 0 | R38: =SUMIF('Червоний хрест'!B:B,B38,'Червоний хрест'!S:S) -> 0 | T38: =SUMIF(Кернел!B:B,B38,Кернел!S:S) -> 0 | U38: =SUMIF('Глобино Мк'!B:B,B38,'Глобино Мк'!S:S) -> 0 | V38: =SUMIF('МД Франківськ'!B:B,B38,'МД Франківськ'!S:S) -> 0 | W38: =SUM(K38:V38)-I38 -> 0 | X38: =IFERROR(K38/$I38*$G38,0) -> 0 | Y38: =IFERROR(L38/$I38*$G38,0) -> 0 | Z38: =IFERROR(M38/$I38*$G38,0) -> 0 | AA38: =IFERROR(N38/$I38*$G38,0) -> 0 | AB38: =IFERROR(O38/$I38*$G38,0) -> 0 | AC38: =IFERROR(P38/$I38*$G38,0) -> 0 | AD38: =IFERROR(Q38/$I38*$G38,0) -> 0 | AE38: =IFERROR(R38/$I38*$G38,0) -> 0 | ... AI38: =IFERROR(V38/$I38*$G38,0) -> 0 | AJ38: =SUM(X38:AI38) -> 0 | AK38: =AJ38-G38 -> 0
A39: 35 | B39: Щербак Петро Іванович | E39: =I39*J39 -> 21900 | F39: =SUMIF('[1]Табель цех 1 по 15 серпня'!$B:$B,B39,'[1]Табель цех 1 по 15 серпня'!$H:$H) -> -100 | G39: =ROUND(E39-C39-D39,-2) -> 21900 | H39: =F39+E39-D39-G39-C39 -> -100 | I39: =Цо!AI36+IRS!S36+Катеринополь!S36+'Червоний хрест'!S36+'ООН 2025'!S36+Кернел!S36+'Глобино Мк'!S36+'МД Франківськ'!S36 -> 146 | J39: 150 | K39: =SUMIF(ИТР!B:B,B39,ИТР!S:S) -> 0 | L39: =SUMIF(Цо!R:R,B39,Цо!AI:AI) -> 0 | M39: =SUMIF(IRS!B:B,B39,IRS!S:S) -> 0 | N39: =SUMIF(Катеринополь!B:B,B39,Катеринополь!S:S) -> 22 | Q39: =SUMIF('ООН 2025'!B:B,B39,'ООН 2025'!S:S) -> 24 | R39: =SUMIF('Червоний хрест'!B:B,B39,'Червоний хрест'!S:S) -> 72 | T39: =SUMIF(Кернел!B:B,B39,Кернел!S:S) -> 0 | U39: =SUMIF('Глобино Мк'!B:B,B39,'Глобино Мк'!S:S) -> 28 | V39: =SUMIF('МД Франківськ'!B:B,B39,'МД Франківськ'!S:S) -> 0 | W39: =SUM(K39:V39)-I39 -> 0 | X39: =IFERROR(K39/$I39*$G39,0) -> 0 | Y39: =IFERROR(L39/$I39*$G39,0) -> 0 | Z39: =IFERROR(M39/$I39*$G39,0) -> 0 | AA39: =IFERROR(N39/$I39*$G39,0) -> 3300 | AB39: =IFERROR(O39/$I39*$G39,0) -> 0 | AC39: =IFERROR(P39/$I39*$G39,0) -> 0 | AD39: =IFERROR(Q39/$I39*$G39,0) -> 3600 | AE39: =IFERROR(R39/$I39*$G39,0) -> 10800 | ... AI39: =IFERROR(V39/$I39*$G39,0) -> 0 | AJ39: =SUM(X39:AI39) -> 21900 | AK39: =AJ39-G39 -> 0
A40: 36 | B40: Онучак Віктор Іванович | D40: 3739.99 | E40: =I40*J40 -> 17400 | F40: =SUMIF('[1]Табель цех 1 по 15 серпня'!$B:$B,B40,'[1]Табель цех 1 по 15 серпня'!$H:$H) -> 31.99 | G40: =ROUND(E40-C40-D40,-2) -> 13700 | H40: =F40+E40-D40-G40-C40 -> -8 | I40: =Цо!AI37+IRS!S37+Катеринополь!S37+'Червоний хрест'!S37+'ООН 2025'!S37+Кернел!S37+'Глобино Мк'!S37+'МД Франківськ'!S37 -> 116 | J40: 150 | K40: =SUMIF(ИТР!B:B,B40,ИТР!S:S) -> 0 | L40: =SUMIF(Цо!R:R,B40,Цо!AI:AI) -> 0 | M40: =SUMIF(IRS!B:B,B40,IRS!S:S) -> 0 | N40: =SUMIF(Катеринополь!B:B,B40,Катеринополь!S:S) -> 66 | Q40: =SUMIF('ООН 2025'!B:B,B40,'ООН 2025'!S:S) -> 0 | R40: =SUMIF('Червоний хрест'!B:B,B40,'Червоний хрест'!S:S) -> 0 | T40: =SUMIF(Кернел!B:B,B40,Кернел!S:S) -> 0 | U40: =SUMIF('Глобино Мк'!B:B,B40,'Глобино Мк'!S:S) -> 50 | V40: =SUMIF('МД Франківськ'!B:B,B40,'МД Франківськ'!S:S) -> 0 | W40: =SUM(K40:V40)-I40 -> 0 | X40: =IFERROR(K40/$I40*$G40,0) -> 0 | Y40: =IFERROR(L40/$I40*$G40,0) -> 0 | Z40: =IFERROR(M40/$I40*$G40,0) -> 0 | AA40: =IFERROR(N40/$I40*$G40,0) -> 7794.8276 | AB40: =IFERROR(O40/$I40*$G40,0) -> 0 | AC40: =IFERROR(P40/$I40*$G40,0) -> 0 | AD40: =IFERROR(Q40/$I40*$G40,0) -> 0 | AE40: =IFERROR(R40/$I40*$G40,0) -> 0 | ... AI40: =IFERROR(V40/$I40*$G40,0) -> 0 | AJ40: =SUM(X40:AI40) -> 13700 | AK40: =AJ40-G40 -> 0
A41: 37 | B41: Кривка Руслан Олександрович | D41: 6014.83 | E41: =I41*J41 -> 28500 | F41: =SUMIF('[1]Табель цех 1 по 15 серпня'!$B:$B,B41,'[1]Табель цех 1 по 15 серпня'!$H:$H) -> 41.24 | G41: =ROUND(E41-C41-D41,-2) -> 22500 | H41: =F41+E41-D41-G41-C41 -> 26.41 | I41: =Цо!AI38+IRS!S38+Катеринополь!S38+'Червоний хрест'!S38+'ООН 2025'!S38+Кернел!S38+'Глобино Мк'!S38+'МД Франківськ'!S38 -> 190 | J41: 150 | K41: =SUMIF(ИТР!B:B,B41,ИТР!S:S) -> 0 | L41: =SUMIF(Цо!R:R,B41,Цо!AI:AI) -> 0 | M41: =SUMIF(IRS!B:B,B41,IRS!S:S) -> 0 | N41: =SUMIF(Катеринополь!B:B,B41,Катеринополь!S:S) -> 50 | Q41: =SUMIF('ООН 2025'!B:B,B41,'ООН 2025'!S:S) -> 0 | R41: =SUMIF('Червоний хрест'!B:B,B41,'Червоний хрест'!S:S) -> 0 | T41: =SUMIF(Кернел!B:B,B41,Кернел!S:S) -> 0 | U41: =SUMIF('Глобино Мк'!B:B,B41,'Глобино Мк'!S:S) -> 20 | V41: =SUMIF('МД Франківськ'!B:B,B41,'МД Франківськ'!S:S) -> 120 | W41: =SUM(K41:V41)-I41 -> 0 | X41: =IFERROR(K41/$I41*$G41,0) -> 0 | Y41: =IFERROR(L41/$I41*$G41,0) -> 0 | Z41: =IFERROR(M41/$I41*$G41,0) -> 0 | AA41: =IFERROR(N41/$I41*$G41,0) -> 5921.0526 | AB41: =IFERROR(O41/$I41*$G41,0) -> 0 | AC41: =IFERROR(P41/$I41*$G41,0) -> 0 | AD41: =IFERROR(Q41/$I41*$G41,0) -> 0 | AE41: =IFERROR(R41/$I41*$G41,0) -> 0 | ... AI41: =IFERROR(V41/$I41*$G41,0) -> 14210.526 | AJ41: =SUM(X41:AI41) -> 22500 | AK41: =AJ41-G41 -> 0
A42: 38 | B42: Батрак Віктор Володимирович | E42: =I42*J42 -> 0 | F42: =SUMIF('[1]Табель цех 1 по 15 серпня'!$B:$B,B42,'[1]Табель цех 1 по 15 серпня'!$H:$H) -> -79.02 | G42: =ROUND(E42-C42-D42,-2) -> 0 | H42: =F42+E42-D42-G42-C42 -> -79.02 | I42: =Цо!AI39+IRS!S39+Катеринополь!S39+'Червоний хрест'!S39+'ООН 2025'!S39+Кернел!S39+'Глобино Мк'!S39+'МД Франківськ'!S39 -> 0 | J42: 150 | K42: =SUMIF(ИТР!B:B,B42,ИТР!S:S) -> 0 | L42: =SUMIF(Цо!R:R,B42,Цо!AI:AI) -> 0 | M42: =SUMIF(IRS!B:B,B42,IRS!S:S) -> 0 | N42: =SUMIF(Катеринополь!B:B,B42,Катеринополь!S:S) -> 0 | Q42: =SUMIF('ООН 2025'!B:B,B42,'ООН 2025'!S:S) -> 0 | R42: =SUMIF('Червоний хрест'!B:B,B42,'Червоний хрест'!S:S) -> 0 | T42: =SUMIF(Кернел!B:B,B42,Кернел!S:S) -> 0 | U42: =SUMIF('Глобино Мк'!B:B,B42,'Глобино Мк'!S:S) -> 0 | V42: =SUMIF('МД Франківськ'!B:B,B42,'МД Франківськ'!S:S) -> 0 | W42: =SUM(K42:V42)-I42 -> 0 | X42: =IFERROR(K42/$I42*$G42,0) -> 0 | Y42: =IFERROR(L42/$I42*$G42,0) -> 0 | Z42: =IFERROR(M42/$I42*$G42,0) -> 0 | AA42: =IFERROR(N42/$I42*$G42,0) -> 0 | AB42: =IFERROR(O42/$I42*$G42,0) -> 0 | AC42: =IFERROR(P42/$I42*$G42,0) -> 0 | AD42: =IFERROR(Q42/$I42*$G42,0) -> 0 | AE42: =IFERROR(R42/$I42*$G42,0) -> 0 | ... AI42: =IFERROR(V42/$I42*$G42,0) -> 0 | AJ42: =SUM(X42:AI42) -> 0 | AK42: =AJ42-G42 -> 0
A43: 39 | B43: Бондаренко Іван Олександрович | D43: 3739.99 | E43: =I43*J43 -> 54000 | F43: =SUMIF('[1]Табель цех 1 по 15 серпня'!$B:$B,B43,'[1]Табель цех 1 по 15 серпня'!$H:$H) -> 45.99 | G43: =ROUND(E43-C43-D43,-2) -> 50300 | H43: =F43+E43-D43-G43-C43 -> 6 | I43: =Цо!AI40+IRS!S40+Катеринополь!S40+'Червоний хрест'!S40+'ООН 2025'!S40+Кернел!S40+'Глобино Мк'!S40+'МД Франківськ'!S40 -> 360 | J43: 150 | K43: =SUMIF(ИТР!B:B,B43,ИТР!S:S) -> 0 | L43: =SUMIF(Цо!R:R,B43,Цо!AI:AI) -> 0 | M43: =SUMIF(IRS!B:B,B43,IRS!S:S) -> 96 | N43: =SUMIF(Катеринополь!B:B,B43,Катеринополь!S:S) -> 0 | Q43: =SUMIF('ООН 2025'!B:B,B43,'ООН 2025'!S:S) -> 264 | R43: =SUMIF('Червоний хрест'!B:B,B43,'Червоний хрест'!S:S) -> 0 | T43: =SUMIF(Кернел!B:B,B43,Кернел!S:S) -> 0 | U43: =SUMIF('Глобино Мк'!B:B,B43,'Глобино Мк'!S:S) -> 0 | V43: =SUMIF('МД Франківськ'!B:B,B43,'МД Франківськ'!S:S) -> 0 | W43: =SUM(K43:V43)-I43 -> 0 | X43: =IFERROR(K43/$I43*$G43,0) -> 0 | Y43: =IFERROR(L43/$I43*$G43,0) -> 0 | Z43: =IFERROR(M43/$I43*$G43,0) -> 13413.333 | AA43: =IFERROR(N43/$I43*$G43,0) -> 0 | AB43: =IFERROR(O43/$I43*$G43,0) -> 0 | AC43: =IFERROR(P43/$I43*$G43,0) -> 0 | AD43: =IFERROR(Q43/$I43*$G43,0) -> 36886.667 | AE43: =IFERROR(R43/$I43*$G43,0) -> 0 | ... AI43: =IFERROR(V43/$I43*$G43,0) -> 0 | AJ43: =SUM(X43:AI43) -> 50300 | AK43: =AJ43-G43 -> 0
A44: 40 | B44: Токарук Петро Михайлович | D44: 3739.99 | E44: =I44*J44 -> 8250 | F44: =SUMIF('[1]Табель цех 1 по 15 серпня'!$B:$B,B44,'[1]Табель цех 1 по 15 серпня'!$H:$H) -> -68.01 | G44: =ROUND(E44-C44-D44,-2) -> 4500 | H44: =F44+E44-D44-G44-C44 -> -58 | I44: =Цо!AI41+IRS!S41+Катеринополь!S41+'Червоний хрест'!S41+'ООН 2025'!S41+Кернел!S41+'Глобино Мк'!S41+'МД Франківськ'!S41 -> 55 | J44: 150 | K44: =SUMIF(ИТР!B:B,B44,ИТР!S:S) -> 0 | L44: =SUMIF(Цо!R:R,B44,Цо!AI:AI) -> 0 | M44: =SUMIF(IRS!B:B,B44,IRS!S:S) -> 0 | N44: =SUMIF(Катеринополь!B:B,B44,Катеринополь!S:S) -> 0 | Q44: =SUMIF('ООН 2025'!B:B,B44,'ООН 2025'!S:S) -> 0 | R44: =SUMIF('Червоний хрест'!B:B,B44,'Червоний хрест'!S:S) -> 0 | T44: =SUMIF(Кернел!B:B,B44,Кернел!S:S) -> 0 | U44: =SUMIF('Глобино Мк'!B:B,B44,'Глобино Мк'!S:S) -> 55 | V44: =SUMIF('МД Франківськ'!B:B,B44,'МД Франківськ'!S:S) -> 0 | W44: =SUM(K44:V44)-I44 -> 0 | X44: =IFERROR(K44/$I44*$G44,0) -> 0 | Y44: =IFERROR(L44/$I44*$G44,0) -> 0 | Z44: =IFERROR(M44/$I44*$G44,0) -> 0 | AA44: =IFERROR(N44/$I44*$G44,0) -> 0 | AB44: =IFERROR(O44/$I44*$G44,0) -> 0 | AC44: =IFERROR(P44/$I44*$G44,0) -> 0 | AD44: =IFERROR(Q44/$I44*$G44,0) -> 0 | AE44: =IFERROR(R44/$I44*$G44,0) -> 0 | ... AI44: =IFERROR(V44/$I44*$G44,0) -> 0 | AJ44: =SUM(X44:AI44) -> 4500 | AK44: =AJ44-G44 -> 0
A45: 41 | B45: Підлісний Володимир Сергійович | E45: =I45*J45 -> 16050 | F45: =SUMIF('[1]Табель цех 1 по 15 серпня'!$B:$B,B45,'[1]Табель цех 1 по 15 серпня'!$H:$H) -> -50 | G45: =ROUND(E45-C45-D45,-2) -> 16100 | H45: =F45+E45-D45-G45-C45 -> -100 | I45: =Цо!AI42+IRS!S42+Катеринополь!S42+'Червоний хрест'!S42+'ООН 2025'!S42+Кернел!S42+'Глобино Мк'!S42+'МД Франківськ'!S42 -> 107 | J45: 150 | K45: =SUMIF(ИТР!B:B,B45,ИТР!S:S) -> 0 | L45: =SUMIF(Цо!R:R,B45,Цо!AI:AI) -> 0 | M45: =SUMIF(IRS!B:B,B45,IRS!S:S) -> 0 | N45: =SUMIF(Катеринополь!B:B,B45,Катеринополь!S:S) -> 0 | Q45: =SUMIF('ООН 2025'!B:B,B45,'ООН 2025'!S:S) -> 107 | R45: =SUMIF('Червоний хрест'!B:B,B45,'Червоний хрест'!S:S) -> 0 | T45: =SUMIF(Кернел!B:B,B45,Кернел!S:S) -> 0 | U45: =SUMIF('Глобино Мк'!B:B,B45,'Глобино Мк'!S:S) -> 0 | V45: =SUMIF('МД Франківськ'!B:B,B45,'МД Франківськ'!S:S) -> 0 | W45: =SUM(K45:V45)-I45 -> 0 | X45: =IFERROR(K45/$I45*$G45,0) -> 0 | Y45: =IFERROR(L45/$I45*$G45,0) -> 0 | Z45: =IFERROR(M45/$I45*$G45,0) -> 0 | AA45: =IFERROR(N45/$I45*$G45,0) -> 0 | AB45: =IFERROR(O45/$I45*$G45,0) -> 0 | AC45: =IFERROR(P45/$I45*$G45,0) -> 0 | AD45: =IFERROR(Q45/$I45*$G45,0) -> 16100 | AE45: =IFERROR(R45/$I45*$G45,0) -> 0 | ... AI45: =IFERROR(V45/$I45*$G45,0) -> 0 | AJ45: =SUM(X45:AI45) -> 16100 | AK45: =AJ45-G45 -> 0
A46: 42 | B46: Григоренко Ілля Олександрович | D46: 2991.99 | E46: =I46*J46 -> 18000 | F46: =SUMIF('[1]Табель цех 1 по 15 серпня'!$B:$B,B46,'[1]Табель цех 1 по 15 серпня'!$H:$H) -> 65.6 | G46: =ROUND(E46-C46-D46,-2) -> 15000 | H46: =F46+E46-D46-G46-C46 -> 73.61 | I46: =Цо!AI43+IRS!S43+Катеринополь!S43+'Червоний хрест'!S43+'ООН 2025'!S43+Кернел!S43+'Глобино Мк'!S43+'МД Франківськ'!S43 -> 120 | J46: 150 | K46: =SUMIF(ИТР!B:B,B46,ИТР!S:S) -> 0 | L46: =SUMIF(Цо!R:R,B46,Цо!AI:AI) -> 0 | M46: =SUMIF(IRS!B:B,B46,IRS!S:S) -> 0 | N46: =SUMIF(Катеринополь!B:B,B46,Катеринополь!S:S) -> 0 | Q46: =SUMIF('ООН 2025'!B:B,B46,'ООН 2025'!S:S) -> 120 | R46: =SUMIF('Червоний хрест'!B:B,B46,'Червоний хрест'!S:S) -> 0 | T46: =SUMIF(Кернел!B:B,B46,Кернел!S:S) -> 0 | U46: =SUMIF('Глобино Мк'!B:B,B46,'Глобино Мк'!S:S) -> 0 | V46: =SUMIF('МД Франківськ'!B:B,B46,'МД Франківськ'!S:S) -> 0 | W46: =SUM(K46:V46)-I46 -> 0 | X46: =IFERROR(K46/$I46*$G46,0) -> 0 | Y46: =IFERROR(L46/$I46*$G46,0) -> 0 | Z46: =IFERROR(M46/$I46*$G46,0) -> 0 | AA46: =IFERROR(N46/$I46*$G46,0) -> 0 | AB46: =IFERROR(O46/$I46*$G46,0) -> 0 | AC46: =IFERROR(P46/$I46*$G46,0) -> 0 | AD46: =IFERROR(Q46/$I46*$G46,0) -> 15000 | AE46: =IFERROR(R46/$I46*$G46,0) -> 0 | ... AI46: =IFERROR(V46/$I46*$G46,0) -> 0 | AJ46: =SUM(X46:AI46) -> 15000 | AK46: =AJ46-G46 -> 0
A47: 43 | B47: Зінченко Дмитро Володимирович | E47: =I47*J47 -> 17400 | F47: =SUMIF('[1]Табель цех 1 по 15 серпня'!$B:$B,B47,'[1]Табель цех 1 по 15 серпня'!$H:$H) -> -150 | G47: =ROUND(E47-C47-D47,-2) -> 17400 | H47: =F47+E47-D47-G47-C47 -> -150 | I47: =Цо!AI44+IRS!S44+Катеринополь!S44+'Червоний хрест'!S44+'ООН 2025'!S44+Кернел!S44+'Глобино Мк'!S44+'МД Франківськ'!S44 -> 116 | J47: 150 | K47: =SUMIF(ИТР!B:B,B47,ИТР!S:S) -> 0 | L47: =SUMIF(Цо!R:R,B47,Цо!AI:AI) -> 0 | M47: =SUMIF(IRS!B:B,B47,IRS!S:S) -> 0 | N47: =SUMIF(Катеринополь!B:B,B47,Катеринополь!S:S) -> 72 | Q47: =SUMIF('ООН 2025'!B:B,B47,'ООН 2025'!S:S) -> 11 | R47: =SUMIF('Червоний хрест'!B:B,B47,'Червоний хрест'!S:S) -> 0 | T47: =SUMIF(Кернел!B:B,B47,Кернел!S:S) -> 0 | U47: =SUMIF('Глобино Мк'!B:B,B47,'Глобино Мк'!S:S) -> 33 | V47: =SUMIF('МД Франківськ'!B:B,B47,'МД Франківськ'!S:S) -> 0 | W47: =SUM(K47:V47)-I47 -> 0 | X47: =IFERROR(K47/$I47*$G47,0) -> 0 | Y47: =IFERROR(L47/$I47*$G47,0) -> 0 | Z47: =IFERROR(M47/$I47*$G47,0) -> 0 | AA47: =IFERROR(N47/$I47*$G47,0) -> 10800 | AB47: =IFERROR(O47/$I47*$G47,0) -> 0 | AC47: =IFERROR(P47/$I47*$G47,0) -> 0 | AD47: =IFERROR(Q47/$I47*$G47,0) -> 1650 | AE47: =IFERROR(R47/$I47*$G47,0) -> 0 | ... AI47: =IFERROR(V47/$I47*$G47,0) -> 0 | AJ47: =SUM(X47:AI47) -> 17400 | AK47: =AJ47-G47 -> 0
A48: 44 | B48: Момот Олексій Миколайович | D48: 5902.27 | E48: =I48*J48 -> 8250 | F48: =SUMIF('[1]Табель цех 1 по 15 серпня'!$B:$B,B48,'[1]Табель цех 1 по 15 серпня'!$H:$H) -> -62.52 | G48: =ROUND(E48-C48-D48,-2) -> 2300 | H48: =F48+E48-D48-G48-C48 -> -14.79 | I48: =Цо!AI45+IRS!S45+Катеринополь!S45+'Червоний хрест'!S45+'ООН 2025'!S45+Кернел!S45+'Глобино Мк'!S45+'МД Франківськ'!S45 -> 55 | J48: 150 | K48: =SUMIF(ИТР!B:B,B48,ИТР!S:S) -> 0 | L48: =SUMIF(Цо!R:R,B48,Цо!AI:AI) -> 0 | M48: =SUMIF(IRS!B:B,B48,IRS!S:S) -> 0 | N48: =SUMIF(Катеринополь!B:B,B48,Катеринополь!S:S) -> 11 | Q48: =SUMIF('ООН 2025'!B:B,B48,'ООН 2025'!S:S) -> 0 | R48: =SUMIF('Червоний хрест'!B:B,B48,'Червоний хрест'!S:S) -> 0 | T48: =SUMIF(Кернел!B:B,B48,Кернел!S:S) -> 0 | U48: =SUMIF('Глобино Мк'!B:B,B48,'Глобино Мк'!S:S) -> 44 | V48: =SUMIF('МД Франківськ'!B:B,B48,'МД Франківськ'!S:S) -> 0 | W48: =SUM(K48:V48)-I48 -> 0 | X48: =IFERROR(K48/$I48*$G48,0) -> 0 | Y48: =IFERROR(L48/$I48*$G48,0) -> 0 | Z48: =IFERROR(M48/$I48*$G48,0) -> 0 | AA48: =IFERROR(N48/$I48*$G48,0) -> 460 | AB48: =IFERROR(O48/$I48*$G48,0) -> 0 | AC48: =IFERROR(P48/$I48*$G48,0) -> 0 | AD48: =IFERROR(Q48/$I48*$G48,0) -> 0 | AE48: =IFERROR(R48/$I48*$G48,0) -> 0 | ... AI48: =IFERROR(V48/$I48*$G48,0) -> 0 | AJ48: =SUM(X48:AI48) -> 2300 | AK48: =AJ48-G48 -> 0
A49: 45 | B49: Гребінник Олексій Васильович | E49: =I49*J49 -> 19200 | F49: =SUMIF('[1]Табель цех 1 по 15 серпня'!$B:$B,B49,'[1]Табель цех 1 по 15 серпня'!$H:$H) -> -100 | G49: =ROUND(E49-C49-D49,-2) -> 19200 | H49: =F49+E49-D49-G49-C49 -> -100 | I49: =Цо!AI46+IRS!S46+Катеринополь!S46+'Червоний хрест'!S46+'ООН 2025'!S46+Кернел!S46+'Глобино Мк'!S46+'МД Франківськ'!S46 -> 128 | J49: 150 | K49: =SUMIF(ИТР!B:B,B49,ИТР!S:S) -> 0 | L49: =SUMIF(Цо!R:R,B49,Цо!AI:AI) -> 0 | M49: =SUMIF(IRS!B:B,B49,IRS!S:S) -> 0 | N49: =SUMIF(Катеринополь!B:B,B49,Катеринополь!S:S) -> 67 | Q49: =SUMIF('ООН 2025'!B:B,B49,'ООН 2025'!S:S) -> 0 | R49: =SUMIF('Червоний хрест'!B:B,B49,'Червоний хрест'!S:S) -> 0 | T49: =SUMIF(Кернел!B:B,B49,Кернел!S:S) -> 0 | U49: =SUMIF('Глобино Мк'!B:B,B49,'Глобино Мк'!S:S) -> 61 | V49: =SUMIF('МД Франківськ'!B:B,B49,'МД Франківськ'!S:S) -> 0 | W49: =SUM(K49:V49)-I49 -> 0 | X49: =IFERROR(K49/$I49*$G49,0) -> 0 | Y49: =IFERROR(L49/$I49*$G49,0) -> 0 | Z49: =IFERROR(M49/$I49*$G49,0) -> 0 | AA49: =IFERROR(N49/$I49*$G49,0) -> 10050 | AB49: =IFERROR(O49/$I49*$G49,0) -> 0 | AC49: =IFERROR(P49/$I49*$G49,0) -> 0 | AD49: =IFERROR(Q49/$I49*$G49,0) -> 0 | AE49: =IFERROR(R49/$I49*$G49,0) -> 0 | ... AI49: =IFERROR(V49/$I49*$G49,0) -> 0 | AJ49: =SUM(X49:AI49) -> 19200 | AK49: =AJ49-G49 -> 0
A50: 46 | B50: Ізюмець Олександр Евгенович | E50: =I50*J50 -> 16500 | F50: =SUMIF('[1]Табель цех 1 по 15 серпня'!$B:$B,B50,'[1]Табель цех 1 по 15 серпня'!$H:$H) -> -50 | G50: =ROUND(E50-C50-D50,-2) -> 16500 | H50: =F50+E50-D50-G50-C50 -> -50 | I50: =Цо!AI47+IRS!S47+Катеринополь!S47+'Червоний хрест'!S47+'ООН 2025'!S47+Кернел!S47+'Глобино Мк'!S47+'МД Франківськ'!S47 -> 110 | J50: 150 | K50: =SUMIF(ИТР!B:B,B50,ИТР!S:S) -> 0 | L50: =SUMIF(Цо!R:R,B50,Цо!AI:AI) -> 0 | M50: =SUMIF(IRS!B:B,B50,IRS!S:S) -> 0 | N50: =SUMIF(Катеринополь!B:B,B50,Катеринополь!S:S) -> 0 | Q50: =SUMIF('ООН 2025'!B:B,B50,'ООН 2025'!S:S) -> 110 | R50: =SUMIF('Червоний хрест'!B:B,B50,'Червоний хрест'!S:S) -> 0 | T50: =SUMIF(Кернел!B:B,B50,Кернел!S:S) -> 0 | U50: =SUMIF('Глобино Мк'!B:B,B50,'Глобино Мк'!S:S) -> 0 | V50: =SUMIF('МД Франківськ'!B:B,B50,'МД Франківськ'!S:S) -> 0 | W50: =SUM(K50:V50)-I50 -> 0 | X50: =IFERROR(K50/$I50*$G50,0) -> 0 | Y50: =IFERROR(L50/$I50*$G50,0) -> 0 | Z50: =IFERROR(M50/$I50*$G50,0) -> 0 | AA50: =IFERROR(N50/$I50*$G50,0) -> 0 | AB50: =IFERROR(O50/$I50*$G50,0) -> 0 | AC50: =IFERROR(P50/$I50*$G50,0) -> 0 | AD50: =IFERROR(Q50/$I50*$G50,0) -> 16500 | AE50: =IFERROR(R50/$I50*$G50,0) -> 0 | ... AI50: =IFERROR(V50/$I50*$G50,0) -> 0 | AJ50: =SUM(X50:AI50) -> 16500 | AK50: =AJ50-G50 -> 0
A51: 47 | B51: Маркевич Ігор Ігорьович | E51: =I51*J51 -> 9150 | F51: =SUMIF('[1]Табель цех 1 по 15 серпня'!$B:$B,B51,'[1]Табель цех 1 по 15 серпня'!$H:$H) -> -100 | G51: =ROUND(E51-C51-D51,-2) -> 9200 | H51: =F51+E51-D51-G51-C51 -> -150 | I51: =Цо!AI48+IRS!S48+Катеринополь!S48+'Червоний хрест'!S48+'ООН 2025'!S48+Кернел!S48+'Глобино Мк'!S48+'МД Франківськ'!S48 -> 61 | J51: 150 | K51: =SUMIF(ИТР!B:B,B51,ИТР!S:S) -> 0 | L51: =SUMIF(Цо!R:R,B51,Цо!AI:AI) -> 0 | M51: =SUMIF(IRS!B:B,B51,IRS!S:S) -> 0 | N51: =SUMIF(Катеринополь!B:B,B51,Катеринополь!S:S) -> 61 | Q51: =SUMIF('ООН 2025'!B:B,B51,'ООН 2025'!S:S) -> 0 | R51: =SUMIF('Червоний хрест'!B:B,B51,'Червоний хрест'!S:S) -> 0 | T51: =SUMIF(Кернел!B:B,B51,Кернел!S:S) -> 0 | U51: =SUMIF('Глобино Мк'!B:B,B51,'Глобино Мк'!S:S) -> 0 | V51: =SUMIF('МД Франківськ'!B:B,B51,'МД Франківськ'!S:S) -> 0 | W51: =SUM(K51:V51)-I51 -> 0 | X51: =IFERROR(K51/$I51*$G51,0) -> 0 | Y51: =IFERROR(L51/$I51*$G51,0) -> 0 | Z51: =IFERROR(M51/$I51*$G51,0) -> 0 | AA51: =IFERROR(N51/$I51*$G51,0) -> 9200 | AB51: =IFERROR(O51/$I51*$G51,0) -> 0 | AC51: =IFERROR(P51/$I51*$G51,0) -> 0 | AD51: =IFERROR(Q51/$I51*$G51,0) -> 0 | AE51: =IFERROR(R51/$I51*$G51,0) -> 0 | ... AI51: =IFERROR(V51/$I51*$G51,0) -> 0 | AJ51: =SUM(X51:AI51) -> 9200 | AK51: =AJ51-G51 -> 0
A52: 48 | B52: Раменюк Віталій Сергійович | C52: 9162.5 | D52: 3739.99 | E52: =I52*J52 -> 57600 | F52: =SUMIF('[1]Табель цех 1 по 15 серпня'!$B:$B,B52,'[1]Табель цех 1 по 15 серпня'!$H:$H) -> 26.44 | G52: =ROUND(E52-C52-D52,-2) -> 44700 | H52: =F52+E52-D52-G52-C52 -> 23.95 | I52: =Цо!AI49+IRS!S49+Катеринополь!S49+'Червоний хрест'!S49+'ООН 2025'!S49+Кернел!S49+'Глобино Мк'!S49+'МД Франківськ'!S49 -> 384 | J52: 150 | K52: =SUMIF(ИТР!B:B,B52,ИТР!S:S) -> 0 | L52: =SUMIF(Цо!R:R,B52,Цо!AI:AI) -> 0 | M52: =SUMIF(IRS!B:B,B52,IRS!S:S) -> 0 | N52: =SUMIF(Катеринополь!B:B,B52,Катеринополь!S:S) -> 0 | Q52: =SUMIF('ООН 2025'!B:B,B52,'ООН 2025'!S:S) -> 0 | R52: =SUMIF('Червоний хрест'!B:B,B52,'Червоний хрест'!S:S) -> 0 | T52: =SUMIF(Кернел!B:B,B52,Кернел!S:S) -> 384 | U52: =SUMIF('Глобино Мк'!B:B,B52,'Глобино Мк'!S:S) -> 0 | V52: =SUMIF('МД Франківськ'!B:B,B52,'МД Франківськ'!S:S) -> 0 | W52: =SUM(K52:V52)-I52 -> 0 | X52: =IFERROR(K52/$I52*$G52,0) -> 0 | Y52: =IFERROR(L52/$I52*$G52,0) -> 0 | Z52: =IFERROR(M52/$I52*$G52,0) -> 0 | AA52: =IFERROR(N52/$I52*$G52,0) -> 0 | AB52: =IFERROR(O52/$I52*$G52,0) -> 0 | AC52: =IFERROR(P52/$I52*$G52,0) -> 0 | AD52: =IFERROR(Q52/$I52*$G52,0) -> 0 | AE52: =IFERROR(R52/$I52*$G52,0) -> 0 | ... AI52: =IFERROR(V52/$I52*$G52,0) -> 0 | AJ52: =SUM(X52:AI52) -> 44700 | AK52: =AJ52-G52 -> 0
A53: 49 | B53: Самогородський Ігор Віталійович | E53: =I53*J53 -> 10650 | F53: =SUMIF('[1]Табель цех 1 по 15 серпня'!$B:$B,B53,'[1]Табель цех 1 по 15 серпня'!$H:$H) -> -100 | G53: =ROUND(E53-C53-D53,-2) -> 10700 | H53: =F53+E53-D53-G53-C53 -> -150 | I53: =Цо!AI50+IRS!S50+Катеринополь!S50+'Червоний хрест'!S50+'ООН 2025'!S50+Кернел!S50+'Глобино Мк'!S50+'МД Франківськ'!S50 -> 71 | J53: 150 | K53: =SUMIF(ИТР!B:B,B53,ИТР!S:S) -> 0 | L53: =SUMIF(Цо!R:R,B53,Цо!AI:AI) -> 0 | M53: =SUMIF(IRS!B:B,B53,IRS!S:S) -> 0 | N53: =SUMIF(Катеринополь!B:B,B53,Катеринополь!S:S) -> 22 | Q53: =SUMIF('ООН 2025'!B:B,B53,'ООН 2025'!S:S) -> 0 | R53: =SUMIF('Червоний хрест'!B:B,B53,'Червоний хрест'!S:S) -> 0 | T53: =SUMIF(Кернел!B:B,B53,Кернел!S:S) -> 0 | U53: =SUMIF('Глобино Мк'!B:B,B53,'Глобино Мк'!S:S) -> 49 | V53: =SUMIF('МД Франківськ'!B:B,B53,'МД Франківськ'!S:S) -> 0 | W53: =SUM(K53:V53)-I53 -> 0 | X53: =IFERROR(K53/$I53*$G53,0) -> 0 | Y53: =IFERROR(L53/$I53*$G53,0) -> 0 | Z53: =IFERROR(M53/$I53*$G53,0) -> 0 | AA53: =IFERROR(N53/$I53*$G53,0) -> 3315.493 | AB53: =IFERROR(O53/$I53*$G53,0) -> 0 | AC53: =IFERROR(P53/$I53*$G53,0) -> 0 | AD53: =IFERROR(Q53/$I53*$G53,0) -> 0 | AE53: =IFERROR(R53/$I53*$G53,0) -> 0 | ... AI53: =IFERROR(V53/$I53*$G53,0) -> 0 | AJ53: =SUM(X53:AI53) -> 10700 | AK53: =AJ53-G53 -> 0
A54: 50 | B54: Іванова Світлана Юріївна | D54: 3739.99 | E54: =I54*J54 -> 13800 | F54: =SUMIF('[1]Табель цех 1 по 15 серпня'!$B:$B,B54,'[1]Табель цех 1 по 15 серпня'!$H:$H) -> 31.99 | G54: =ROUND(E54-C54-D54,-2) -> 10100 | H54: =F54+E54-D54-G54-C54 -> -8 | I54: =Цо!AI51+IRS!S51+Катеринополь!S51+'Червоний хрест'!S51+'ООН 2025'!S51+Кернел!S51+'Глобино Мк'!S51+'МД Франківськ'!S51 -> 92 | J54: 150 | K54: =SUMIF(ИТР!B:B,B54,ИТР!S:S) -> 0 | L54: =SUMIF(Цо!R:R,B54,Цо!AI:AI) -> 92 | M54: =SUMIF(IRS!B:B,B54,IRS!S:S) -> 0 | N54: =SUMIF(Катеринополь!B:B,B54,Катеринополь!S:S) -> 0 | Q54: =SUMIF('ООН 2025'!B:B,B54,'ООН 2025'!S:S) -> 0 | R54: =SUMIF('Червоний хрест'!B:B,B54,'Червоний хрест'!S:S) -> 0 | T54: =SUMIF(Кернел!B:B,B54,Кернел!S:S) -> 0 | U54: =SUMIF('Глобино Мк'!B:B,B54,'Глобино Мк'!S:S) -> 0 | V54: =SUMIF('МД Франківськ'!B:B,B54,'МД Франківськ'!S:S) -> 0 | W54: =SUM(K54:V54)-I54 -> 0 | X54: =IFERROR(K54/$I54*$G54,0) -> 0 | Y54: =IFERROR(L54/$I54*$G54,0) -> 10100 | Z54: =IFERROR(M54/$I54*$G54,0) -> 0 | AA54: =IFERROR(N54/$I54*$G54,0) -> 0 | AB54: =IFERROR(O54/$I54*$G54,0) -> 0 | AC54: =IFERROR(P54/$I54*$G54,0) -> 0 | AD54: =IFERROR(Q54/$I54*$G54,0) -> 0 | AE54: =IFERROR(R54/$I54*$G54,0) -> 0 | ... AI54: =IFERROR(V54/$I54*$G54,0) -> 0 | AJ54: =SUM(X54:AI54) -> 10100 | AK54: =AJ54-G54 -> 0
A55: 51 | B55: Ісайкіна Тетяна Іванівна | E55: =I55*J55 -> 3450 | F55: =SUMIF('[1]Табель цех 1 по 15 серпня'!$B:$B,B55,'[1]Табель цех 1 по 15 серпня'!$H:$H) -> -50 | G55: =ROUND(E55-C55-D55,-2) -> 3500 | H55: =F55+E55-D55-G55-C55 -> -100 | I55: =Цо!AI52+IRS!S52+Катеринополь!S52+'Червоний хрест'!S52+'ООН 2025'!S52+Кернел!S52+'Глобино Мк'!S52+'МД Франківськ'!S52 -> 23 | J55: 150 | K55: =SUMIF(ИТР!B:B,B55,ИТР!S:S) -> 0 | L55: =SUMIF(Цо!R:R,B55,Цо!AI:AI) -> 23 | M55: =SUMIF(IRS!B:B,B55,IRS!S:S) -> 0 | N55: =SUMIF(Катеринополь!B:B,B55,Катеринополь!S:S) -> 0 | Q55: =SUMIF('ООН 2025'!B:B,B55,'ООН 2025'!S:S) -> 0 | R55: =SUMIF('Червоний хрест'!B:B,B55,'Червоний хрест'!S:S) -> 0 | T55: =SUMIF(Кернел!B:B,B55,Кернел!S:S) -> 0 | U55: =SUMIF('Глобино Мк'!B:B,B55,'Глобино Мк'!S:S) -> 0 | V55: =SUMIF('МД Франківськ'!B:B,B55,'МД Франківськ'!S:S) -> 0 | W55: =SUM(K55:V55)-I55 -> 0 | X55: =IFERROR(K55/$I55*$G55,0) -> 0 | Y55: =IFERROR(L55/$I55*$G55,0) -> 3500 | Z55: =IFERROR(M55/$I55*$G55,0) -> 0 | AA55: =IFERROR(N55/$I55*$G55,0) -> 0 | AB55: =IFERROR(O55/$I55*$G55,0) -> 0 | AC55: =IFERROR(P55/$I55*$G55,0) -> 0 | AD55: =IFERROR(Q55/$I55*$G55,0) -> 0 | AE55: =IFERROR(R55/$I55*$G55,0) -> 0 | ... AI55: =IFERROR(V55/$I55*$G55,0) -> 0 | AJ55: =SUM(X55:AI55) -> 3500 | AK55: =AJ55-G55 -> 0
A56: 52 | B56: Деркс Сергій Анатолійович | E56: =I56*J56 -> 19200 | F56: =SUMIF('[1]Табель цех 1 по 15 серпня'!$B:$B,B56,'[1]Табель цех 1 по 15 серпня'!$H:$H) -> -100 | G56: =ROUND(E56-C56-D56,-2) -> 19200 | H56: =F56+E56-D56-G56-C56 -> -100 | I56: =Цо!AI53+IRS!S53+Катеринополь!S53+'Червоний хрест'!S53+'ООН 2025'!S53+Кернел!S53+'Глобино Мк'!S53+'МД Франківськ'!S53 -> 128 | J56: 150 | K56: =SUMIF(ИТР!B:B,B56,ИТР!S:S) -> 0 | L56: =SUMIF(Цо!R:R,B56,Цо!AI:AI) -> 0 | M56: =SUMIF(IRS!B:B,B56,IRS!S:S) -> 0 | N56: =SUMIF(Катеринополь!B:B,B56,Катеринополь!S:S) -> 0 | Q56: =SUMIF('ООН 2025'!B:B,B56,'ООН 2025'!S:S) -> 128 | R56: =SUMIF('Червоний хрест'!B:B,B56,'Червоний хрест'!S:S) -> 0 | T56: =SUMIF(Кернел!B:B,B56,Кернел!S:S) -> 0 | U56: =SUMIF('Глобино Мк'!B:B,B56,'Глобино Мк'!S:S) -> 0 | V56: =SUMIF('МД Франківськ'!B:B,B56,'МД Франківськ'!S:S) -> 0 | W56: =SUM(K56:V56)-I56 -> 0 | X56: =IFERROR(K56/$I56*$G56,0) -> 0 | Y56: =IFERROR(L56/$I56*$G56,0) -> 0 | Z56: =IFERROR(M56/$I56*$G56,0) -> 0 | AA56: =IFERROR(N56/$I56*$G56,0) -> 0 | AB56: =IFERROR(O56/$I56*$G56,0) -> 0 | AC56: =IFERROR(P56/$I56*$G56,0) -> 0 | AD56: =IFERROR(Q56/$I56*$G56,0) -> 19200 | AE56: =IFERROR(R56/$I56*$G56,0) -> 0 | ... AI56: =IFERROR(V56/$I56*$G56,0) -> 0 | AJ56: =SUM(X56:AI56) -> 19200 | AK56: =AJ56-G56 -> 0
A57: 53 | B57: Гусаков Роман Давидович | E57: =I57*J57 -> 16800 | F57: =SUMIF('[1]Табель цех 1 по 15 серпня'!$B:$B,B57,'[1]Табель цех 1 по 15 серпня'!$H:$H) -> -50 | G57: =ROUND(E57-C57-D57,-2) -> 16800 | H57: =F57+E57-D57-G57-C57 -> -50 | I57: =Цо!AI54+IRS!S54+Катеринополь!S54+'Червоний хрест'!S54+'ООН 2025'!S54+Кернел!S54+'Глобино Мк'!S54+'МД Франківськ'!S54 -> 112 | J57: 150 | K57: =SUMIF(ИТР!B:B,B57,ИТР!S:S) -> 0 | L57: =SUMIF(Цо!R:R,B57,Цо!AI:AI) -> 0 | M57: =SUMIF(IRS!B:B,B57,IRS!S:S) -> 0 | N57: =SUMIF(Катеринополь!B:B,B57,Катеринополь!S:S) -> 0 | Q57: =SUMIF('ООН 2025'!B:B,B57,'ООН 2025'!S:S) -> 112 | R57: =SUMIF('Червоний хрест'!B:B,B57,'Червоний хрест'!S:S) -> 0 | T57: =SUMIF(Кернел!B:B,B57,Кернел!S:S) -> 0 | U57: =SUMIF('Глобино Мк'!B:B,B57,'Глобино Мк'!S:S) -> 0 | V57: =SUMIF('МД Франківськ'!B:B,B57,'МД Франківськ'!S:S) -> 0 | W57: =SUM(K57:V57)-I57 -> 0 | X57: =IFERROR(K57/$I57*$G57,0) -> 0 | Y57: =IFERROR(L57/$I57*$G57,0) -> 0 | Z57: =IFERROR(M57/$I57*$G57,0) -> 0 | AA57: =IFERROR(N57/$I57*$G57,0) -> 0 | AB57: =IFERROR(O57/$I57*$G57,0) -> 0 | AC57: =IFERROR(P57/$I57*$G57,0) -> 0 | AD57: =IFERROR(Q57/$I57*$G57,0) -> 16800 | AE57: =IFERROR(R57/$I57*$G57,0) -> 0 | ... AI57: =IFERROR(V57/$I57*$G57,0) -> 0 | AJ57: =SUM(X57:AI57) -> 16800 | AK57: =AJ57-G57 -> 0
A58: 54 | B58: Гусаков Давид Давидович | E58: =I58*J58 -> 18900 | F58: =SUMIF('[1]Табель цех 1 по 15 серпня'!$B:$B,B58,'[1]Табель цех 1 по 15 серпня'!$H:$H) -> -150 | G58: =ROUND(E58-C58-D58,-2) -> 18900 | H58: =F58+E58-D58-G58-C58 -> -150 | I58: =Цо!AI55+IRS!S55+Катеринополь!S55+'Червоний хрест'!S55+'ООН 2025'!S55+Кернел!S55+'Глобино Мк'!S55+'МД Франківськ'!S55 -> 126 | J58: 150 | K58: =SUMIF(ИТР!B:B,B58,ИТР!S:S) -> 0 | L58: =SUMIF(Цо!R:R,B58,Цо!AI:AI) -> 0 | M58: =SUMIF(IRS!B:B,B58,IRS!S:S) -> 0 | N58: =SUMIF(Катеринополь!B:B,B58,Катеринополь!S:S) -> 0 | Q58: =SUMIF('ООН 2025'!B:B,B58,'ООН 2025'!S:S) -> 126 | R58: =SUMIF('Червоний хрест'!B:B,B58,'Червоний хрест'!S:S) -> 0 | T58: =SUMIF(Кернел!B:B,B58,Кернел!S:S) -> 0 | U58: =SUMIF('Глобино Мк'!B:B,B58,'Глобино Мк'!S:S) -> 0 | V58: =SUMIF('МД Франківськ'!B:B,B58,'МД Франківськ'!S:S) -> 0 | W58: =SUM(K58:V58)-I58 -> 0 | X58: =IFERROR(K58/$I58*$G58,0) -> 0 | Y58: =IFERROR(L58/$I58*$G58,0) -> 0 | Z58: =IFERROR(M58/$I58*$G58,0) -> 0 | AA58: =IFERROR(N58/$I58*$G58,0) -> 0 | AB58: =IFERROR(O58/$I58*$G58,0) -> 0 | AC58: =IFERROR(P58/$I58*$G58,0) -> 0 | AD58: =IFERROR(Q58/$I58*$G58,0) -> 18900 | AE58: =IFERROR(R58/$I58*$G58,0) -> 0 | ... AI58: =IFERROR(V58/$I58*$G58,0) -> 0 | AJ58: =SUM(X58:AI58) -> 18900 | AK58: =AJ58-G58 -> 0
A59: 55 | B59: Тужиков Артем Денисович | E59: =I59*J59 -> 54000 | F59: =SUMIF('[1]Табель цех 1 по 15 серпня'!$B:$B,B59,'[1]Табель цех 1 по 15 серпня'!$H:$H) -> -50 | G59: =ROUND(E59-C59-D59,-2) -> 54000 | H59: =F59+E59-D59-G59-C59 -> -50 | I59: =Цо!AI56+IRS!S56+Катеринополь!S56+'Червоний хрест'!S56+'ООН 2025'!S56+Кернел!S56+'Глобино Мк'!S56+'МД Франківськ'!S56 -> 360 | J59: 150 | K59: =SUMIF(ИТР!B:B,B59,ИТР!S:S) -> 0 | L59: =SUMIF(Цо!R:R,B59,Цо!AI:AI) -> 0 | M59: =SUMIF(IRS!B:B,B59,IRS!S:S) -> 96 | N59: =SUMIF(Катеринополь!B:B,B59,Катеринополь!S:S) -> 0 | Q59: =SUMIF('ООН 2025'!B:B,B59,'ООН 2025'!S:S) -> 264 | R59: =SUMIF('Червоний хрест'!B:B,B59,'Червоний хрест'!S:S) -> 0 | T59: =SUMIF(Кернел!B:B,B59,Кернел!S:S) -> 0 | U59: =SUMIF('Глобино Мк'!B:B,B59,'Глобино Мк'!S:S) -> 0 | V59: =SUMIF('МД Франківськ'!B:B,B59,'МД Франківськ'!S:S) -> 0 | W59: =SUM(K59:V59)-I59 -> 0 | X59: =IFERROR(K59/$I59*$G59,0) -> 0 | Y59: =IFERROR(L59/$I59*$G59,0) -> 0 | Z59: =IFERROR(M59/$I59*$G59,0) -> 14400 | AA59: =IFERROR(N59/$I59*$G59,0) -> 0 | AB59: =IFERROR(O59/$I59*$G59,0) -> 0 | AC59: =IFERROR(P59/$I59*$G59,0) -> 0 | AD59: =IFERROR(Q59/$I59*$G59,0) -> 39600 | AE59: =IFERROR(R59/$I59*$G59,0) -> 0 | ... AI59: =IFERROR(V59/$I59*$G59,0) -> 0 | AJ59: =SUM(X59:AI59) -> 54000 | AK59: =AJ59-G59 -> 0
A60: 56 | B60: Ластовка Андрій Михайлович | E60: =I60*J60 -> 0 | F60: =SUMIF('[1]Табель цех 1 по 15 серпня'!$B:$B,B60,'[1]Табель цех 1 по 15 серпня'!$H:$H) -> 0 | G60: =ROUND(E60-C60-D60,-2) -> 0 | H60: =F60+E60-D60-G60-C60 -> 0 | I60: =Цо!AI57+IRS!S57+Катеринополь!S57+'Червоний хрест'!S57+'ООН 2025'!S57+Кернел!S57+'Глобино Мк'!S57+'МД Франківськ'!S57 -> 0 | J60: 150 | K60: =SUMIF(ИТР!B:B,B60,ИТР!S:S) -> 0 | L60: =SUMIF(Цо!R:R,B60,Цо!AI:AI) -> 0 | M60: =SUMIF(IRS!B:B,B60,IRS!S:S) -> 0 | N60: =SUMIF(Катеринополь!B:B,B60,Катеринополь!S:S) -> 0 | Q60: =SUMIF('ООН 2025'!B:B,B60,'ООН 2025'!S:S) -> 0 | R60: =SUMIF('Червоний хрест'!B:B,B60,'Червоний хрест'!S:S) -> 0 | T60: =SUMIF(Кернел!B:B,B60,Кернел!S:S) -> 0 | U60: =SUMIF('Глобино Мк'!B:B,B60,'Глобино Мк'!S:S) -> 0 | V60: =SUMIF('МД Франківськ'!B:B,B60,'МД Франківськ'!S:S) -> 0 | W60: =SUM(K60:V60)-I60 -> 0 | X60: =IFERROR(K60/$I60*$G60,0) -> 0 | Y60: =IFERROR(L60/$I60*$G60,0) -> 0 | Z60: =IFERROR(M60/$I60*$G60,0) -> 0 | AA60: =IFERROR(N60/$I60*$G60,0) -> 0 | AB60: =IFERROR(O60/$I60*$G60,0) -> 0 | AC60: =IFERROR(P60/$I60*$G60,0) -> 0 | AD60: =IFERROR(Q60/$I60*$G60,0) -> 0 | AE60: =IFERROR(R60/$I60*$G60,0) -> 0 | ... AI60: =IFERROR(V60/$I60*$G60,0) -> 0 | AJ60: =SUM(X60:AI60) -> 0 | AK60: =AJ60-G60 -> 0
A61: 57 | B61: Рубленко Ярослав Михайлович | E61: =I61*J61 -> 10800 | F61: =SUMIF('[1]Табель цех 1 по 15 серпня'!$B:$B,B61,'[1]Табель цех 1 по 15 серпня'!$H:$H) -> -150 | G61: =ROUND(E61-C61-D61,-2) -> 10800 | H61: =F61+E61-D61-G61-C61 -> -150 | I61: =Цо!AI58+IRS!S58+Катеринополь!S58+'Червоний хрест'!S58+'ООН 2025'!S58+Кернел!S58+'Глобино Мк'!S58+'МД Франківськ'!S58 -> 72 | J61: 150 | K61: =SUMIF(ИТР!B:B,B61,ИТР!S:S) -> 0 | L61: =SUMIF(Цо!R:R,B61,Цо!AI:AI) -> 0 | M61: =SUMIF(IRS!B:B,B61,IRS!S:S) -> 0 | N61: =SUMIF(Катеринополь!B:B,B61,Катеринополь!S:S) -> 0 | Q61: =SUMIF('ООН 2025'!B:B,B61,'ООН 2025'!S:S) -> 72 | R61: =SUMIF('Червоний хрест'!B:B,B61,'Червоний хрест'!S:S) -> 0 | T61: =SUMIF(Кернел!B:B,B61,Кернел!S:S) -> 0 | U61: =SUMIF('Глобино Мк'!B:B,B61,'Глобино Мк'!S:S) -> 0 | V61: =SUMIF('МД Франківськ'!B:B,B61,'МД Франківськ'!S:S) -> 0 | W61: =SUM(K61:V61)-I61 -> 0 | X61: =IFERROR(K61/$I61*$G61,0) -> 0 | Y61: =IFERROR(L61/$I61*$G61,0) -> 0 | Z61: =IFERROR(M61/$I61*$G61,0) -> 0 | AA61: =IFERROR(N61/$I61*$G61,0) -> 0 | AB61: =IFERROR(O61/$I61*$G61,0) -> 0 | AC61: =IFERROR(P61/$I61*$G61,0) -> 0 | AD61: =IFERROR(Q61/$I61*$G61,0) -> 10800 | AE61: =IFERROR(R61/$I61*$G61,0) -> 0 | ... AI61: =IFERROR(V61/$I61*$G61,0) -> 0 | AJ61: =SUM(X61:AI61) -> 10800 | AK61: =AJ61-G61 -> 0
A62: 58 | B62: Левченко Вадим Анатолійович | E62: =I62*J62 -> 0 | F62: =SUMIF('[1]Табель цех 1 по 15 серпня'!$B:$B,B62,'[1]Табель цех 1 по 15 серпня'!$H:$H) -> -100 | G62: =ROUND(E62-C62-D62,-2) -> 0 | H62: =F62+E62-D62-G62-C62 -> -100 | I62: =Цо!AI59+IRS!S59+Катеринополь!S59+'Червоний хрест'!S59+'ООН 2025'!S59+Кернел!S59+'Глобино Мк'!S59+'МД Франківськ'!S59 -> 0 | J62: 150 | K62: =SUMIF(ИТР!B:B,B62,ИТР!S:S) -> 0 | L62: =SUMIF(Цо!R:R,B62,Цо!AI:AI) -> 0 | M62: =SUMIF(IRS!B:B,B62,IRS!S:S) -> 0 | N62: =SUMIF(Катеринополь!B:B,B62,Катеринополь!S:S) -> 0 | Q62: =SUMIF('ООН 2025'!B:B,B62,'ООН 2025'!S:S) -> 0 | R62: =SUMIF('Червоний хрест'!B:B,B62,'Червоний хрест'!S:S) -> 0 | T62: =SUMIF(Кернел!B:B,B62,Кернел!S:S) -> 0 | U62: =SUMIF('Глобино Мк'!B:B,B62,'Глобино Мк'!S:S) -> 0 | V62: =SUMIF('МД Франківськ'!B:B,B62,'МД Франківськ'!S:S) -> 0 | W62: =SUM(K62:V62)-I62 -> 0 | X62: =IFERROR(K62/$I62*$G62,0) -> 0 | Y62: =IFERROR(L62/$I62*$G62,0) -> 0 | Z62: =IFERROR(M62/$I62*$G62,0) -> 0 | AA62: =IFERROR(N62/$I62*$G62,0) -> 0 | AB62: =IFERROR(O62/$I62*$G62,0) -> 0 | AC62: =IFERROR(P62/$I62*$G62,0) -> 0 | AD62: =IFERROR(Q62/$I62*$G62,0) -> 0 | AE62: =IFERROR(R62/$I62*$G62,0) -> 0 | ... AI62: =IFERROR(V62/$I62*$G62,0) -> 0 | AJ62: =SUM(X62:AI62) -> 0 | AK62: =AJ62-G62 -> 0
A63: 59 | B63: Козленко Максим В’ячеславович | E63: =I63*J63 -> 0 | F63: =SUMIF('[1]Табель цех 1 по 15 серпня'!$B:$B,B63,'[1]Табель цех 1 по 15 серпня'!$H:$H) -> -100 | G63: =ROUND(E63-C63-D63,-2) -> 0 | H63: =F63+E63-D63-G63-C63 -> -100 | I63: =Цо!AI60+IRS!S60+Катеринополь!S60+'Червоний хрест'!S60+'ООН 2025'!S60+Кернел!S60+'Глобино Мк'!S60+'МД Франківськ'!S60 -> 0 | J63: 150 | K63: =SUMIF(ИТР!B:B,B63,ИТР!S:S) -> 0 | L63: =SUMIF(Цо!R:R,B63,Цо!AI:AI) -> 0 | M63: =SUMIF(IRS!B:B,B63,IRS!S:S) -> 0 | N63: =SUMIF(Катеринополь!B:B,B63,Катеринополь!S:S) -> 0 | Q63: =SUMIF('ООН 2025'!B:B,B63,'ООН 2025'!S:S) -> 0 | R63: =SUMIF('Червоний хрест'!B:B,B63,'Червоний хрест'!S:S) -> 0 | T63: =SUMIF(Кернел!B:B,B63,Кернел!S:S) -> 0 | U63: =SUMIF('Глобино Мк'!B:B,B63,'Глобино Мк'!S:S) -> 0 | V63: =SUMIF('МД Франківськ'!B:B,B63,'МД Франківськ'!S:S) -> 0 | W63: =SUM(K63:V63)-I63 -> 0 | X63: =IFERROR(K63/$I63*$G63,0) -> 0 | Y63: =IFERROR(L63/$I63*$G63,0) -> 0 | Z63: =IFERROR(M63/$I63*$G63,0) -> 0 | AA63: =IFERROR(N63/$I63*$G63,0) -> 0 | AB63: =IFERROR(O63/$I63*$G63,0) -> 0 | AC63: =IFERROR(P63/$I63*$G63,0) -> 0 | AD63: =IFERROR(Q63/$I63*$G63,0) -> 0 | AE63: =IFERROR(R63/$I63*$G63,0) -> 0 | ... AI63: =IFERROR(V63/$I63*$G63,0) -> 0 | AJ63: =SUM(X63:AI63) -> 0 | AK63: =AJ63-G63 -> 0
A64: 60 | B64: Шомін Вадим Сергійович | D64: 1121.99 | E64: =I64*J64 -> 18150 | F64: =SUMIF('[1]Табель цех 1 по 15 серпня'!$B:$B,B64,'[1]Табель цех 1 по 15 серпня'!$H:$H) -> -150 | G64: =ROUND(E64-C64-D64,-2) -> 17000 | H64: =F64+E64-D64-G64-C64 -> -121.99 | I64: =Цо!AI61+IRS!S61+Катеринополь!S61+'Червоний хрест'!S61+'ООН 2025'!S61+Кернел!S61+'Глобино Мк'!S61+'МД Франківськ'!S61 -> 121 | J64: 150 | K64: =SUMIF(ИТР!B:B,B64,ИТР!S:S) -> 0 | L64: =SUMIF(Цо!R:R,B64,Цо!AI:AI) -> 0 | M64: =SUMIF(IRS!B:B,B64,IRS!S:S) -> 0 | N64: =SUMIF(Катеринополь!B:B,B64,Катеринополь!S:S) -> 77 | Q64: =SUMIF('ООН 2025'!B:B,B64,'ООН 2025'!S:S) -> 0 | R64: =SUMIF('Червоний хрест'!B:B,B64,'Червоний хрест'!S:S) -> 0 | T64: =SUMIF(Кернел!B:B,B64,Кернел!S:S) -> 0 | U64: =SUMIF('Глобино Мк'!B:B,B64,'Глобино Мк'!S:S) -> 44 | V64: =SUMIF('МД Франківськ'!B:B,B64,'МД Франківськ'!S:S) -> 0 | W64: =SUM(K64:V64)-I64 -> 0 | X64: =IFERROR(K64/$I64*$G64,0) -> 0 | Y64: =IFERROR(L64/$I64*$G64,0) -> 0 | Z64: =IFERROR(M64/$I64*$G64,0) -> 0 | AA64: =IFERROR(N64/$I64*$G64,0) -> 10818.182 | AB64: =IFERROR(O64/$I64*$G64,0) -> 0 | AC64: =IFERROR(P64/$I64*$G64,0) -> 0 | AD64: =IFERROR(Q64/$I64*$G64,0) -> 0 | AE64: =IFERROR(R64/$I64*$G64,0) -> 0 | ... AI64: =IFERROR(V64/$I64*$G64,0) -> 0 | AJ64: =SUM(X64:AI64) -> 17000 | AK64: =AJ64-G64 -> 0
A65: 61 | B65: Козленко Єгор Максимович | E65: =I65*J65 -> 0 | F65: =SUMIF('[1]Табель цех 1 по 15 серпня'!$B:$B,B65,'[1]Табель цех 1 по 15 серпня'!$H:$H) -> -100 | G65: =ROUND(E65-C65-D65,-2) -> 0 | H65: =F65+E65-D65-G65-C65 -> -100 | I65: =Цо!AI62+IRS!S62+Катеринополь!S62+'Червоний хрест'!S62+'ООН 2025'!S62+Кернел!S62+'Глобино Мк'!S62+'МД Франківськ'!S62 -> 0 | J65: 150 | K65: =SUMIF(ИТР!B:B,B65,ИТР!S:S) -> 0 | L65: =SUMIF(Цо!R:R,B65,Цо!AI:AI) -> 0 | M65: =SUMIF(IRS!B:B,B65,IRS!S:S) -> 0 | N65: =SUMIF(Катеринополь!B:B,B65,Катеринополь!S:S) -> 0 | Q65: =SUMIF('ООН 2025'!B:B,B65,'ООН 2025'!S:S) -> 0 | R65: =SUMIF('Червоний хрест'!B:B,B65,'Червоний хрест'!S:S) -> 0 | T65: =SUMIF(Кернел!B:B,B65,Кернел!S:S) -> 0 | U65: =SUMIF('Глобино Мк'!B:B,B65,'Глобино Мк'!S:S) -> 0 | V65: =SUMIF('МД Франківськ'!B:B,B65,'МД Франківськ'!S:S) -> 0 | W65: =SUM(K65:V65)-I65 -> 0 | X65: =IFERROR(K65/$I65*$G65,0) -> 0 | Y65: =IFERROR(L65/$I65*$G65,0) -> 0 | Z65: =IFERROR(M65/$I65*$G65,0) -> 0 | AA65: =IFERROR(N65/$I65*$G65,0) -> 0 | AB65: =IFERROR(O65/$I65*$G65,0) -> 0 | AC65: =IFERROR(P65/$I65*$G65,0) -> 0 | AD65: =IFERROR(Q65/$I65*$G65,0) -> 0 | AE65: =IFERROR(R65/$I65*$G65,0) -> 0 | ... AI65: =IFERROR(V65/$I65*$G65,0) -> 0 | AJ65: =SUM(X65:AI65) -> 0 | AK65: =AJ65-G65 -> 0
A66: 62 | B66: Глібико Денис Володимирович | E66: =I66*J66 -> 0 | F66: =SUMIF('[1]Табель цех 1 по 15 серпня'!$B:$B,B66,'[1]Табель цех 1 по 15 серпня'!$H:$H) -> -50 | G66: =ROUND(E66-C66-D66,-2) -> 0 | H66: =F66+E66-D66-G66-C66 -> -50 | I66: =Цо!AI63+IRS!S63+Катеринополь!S63+'Червоний хрест'!S63+'ООН 2025'!S63+Кернел!S63+'Глобино Мк'!S63+'МД Франківськ'!S63 -> 0 | J66: 150 | K66: =SUMIF(ИТР!B:B,B66,ИТР!S:S) -> 0 | L66: =SUMIF(Цо!R:R,B66,Цо!AI:AI) -> 0 | M66: =SUMIF(IRS!B:B,B66,IRS!S:S) -> 0 | N66: =SUMIF(Катеринополь!B:B,B66,Катеринополь!S:S) -> 0 | Q66: =SUMIF('ООН 2025'!B:B,B66,'ООН 2025'!S:S) -> 0 | R66: =SUMIF('Червоний хрест'!B:B,B66,'Червоний хрест'!S:S) -> 0 | T66: =SUMIF(Кернел!B:B,B66,Кернел!S:S) -> 0 | U66: =SUMIF('Глобино Мк'!B:B,B66,'Глобино Мк'!S:S) -> 0 | V66: =SUMIF('МД Франківськ'!B:B,B66,'МД Франківськ'!S:S) -> 0 | W66: =SUM(K66:V66)-I66 -> 0 | X66: =IFERROR(K66/$I66*$G66,0) -> 0 | Y66: =IFERROR(L66/$I66*$G66,0) -> 0 | Z66: =IFERROR(M66/$I66*$G66,0) -> 0 | AA66: =IFERROR(N66/$I66*$G66,0) -> 0 | AB66: =IFERROR(O66/$I66*$G66,0) -> 0 | AC66: =IFERROR(P66/$I66*$G66,0) -> 0 | AD66: =IFERROR(Q66/$I66*$G66,0) -> 0 | AE66: =IFERROR(R66/$I66*$G66,0) -> 0 | ... AI66: =IFERROR(V66/$I66*$G66,0) -> 0 | AJ66: =SUM(X66:AI66) -> 0 | AK66: =AJ66-G66 -> 0
A67: 63 | B67: Пилипчук Олександр Анатолійович | E67: =I67*J67 -> 0 | F67: =SUMIF('[1]Табель цех 1 по 15 серпня'!$B:$B,B67,'[1]Табель цех 1 по 15 серпня'!$H:$H) -> -33.03 | G67: =ROUND(E67-C67-D67,-2) -> 0 | H67: =F67+E67-D67-G67-C67 -> -33.03 | I67: =Цо!AI64+IRS!S64+Катеринополь!S64+'Червоний хрест'!S64+'ООН 2025'!S64+Кернел!S64+'Глобино Мк'!S64+'МД Франківськ'!S64 -> 0 | J67: 150 | K67: =SUMIF(ИТР!B:B,B67,ИТР!S:S) -> 0 | L67: =SUMIF(Цо!R:R,B67,Цо!AI:AI) -> 0 | M67: =SUMIF(IRS!B:B,B67,IRS!S:S) -> 0 | N67: =SUMIF(Катеринополь!B:B,B67,Катеринополь!S:S) -> 0 | Q67: =SUMIF('ООН 2025'!B:B,B67,'ООН 2025'!S:S) -> 0 | R67: =SUMIF('Червоний хрест'!B:B,B67,'Червоний хрест'!S:S) -> 0 | T67: =SUMIF(Кернел!B:B,B67,Кернел!S:S) -> 0 | U67: =SUMIF('Глобино Мк'!B:B,B67,'Глобино Мк'!S:S) -> 0 | V67: =SUMIF('МД Франківськ'!B:B,B67,'МД Франківськ'!S:S) -> 0 | W67: =SUM(K67:V67)-I67 -> 0 | X67: =IFERROR(K67/$I67*$G67,0) -> 0 | Y67: =IFERROR(L67/$I67*$G67,0) -> 0 | Z67: =IFERROR(M67/$I67*$G67,0) -> 0 | AA67: =IFERROR(N67/$I67*$G67,0) -> 0 | AB67: =IFERROR(O67/$I67*$G67,0) -> 0 | AC67: =IFERROR(P67/$I67*$G67,0) -> 0 | AD67: =IFERROR(Q67/$I67*$G67,0) -> 0 | AE67: =IFERROR(R67/$I67*$G67,0) -> 0 | ... AI67: =IFERROR(V67/$I67*$G67,0) -> 0 | AJ67: =SUM(X67:AI67) -> 0 | AK67: =AJ67-G67 -> 0
A68: 64 | B68: Масливець Ярослав Ігорович | E68: =I68*J68 -> 0 | F68: =SUMIF('[1]Табель цех 1 по 15 серпня'!$B:$B,B68,'[1]Табель цех 1 по 15 серпня'!$H:$H) -> -50 | G68: =ROUND(E68-C68-D68,-2) -> 0 | H68: =F68+E68-D68-G68-C68 -> -50 | I68: =Цо!AI65+IRS!S65+Катеринополь!S65+'Червоний хрест'!S65+'ООН 2025'!S65+Кернел!S65+'Глобино Мк'!S65+'МД Франківськ'!S65 -> 0 | J68: 150 | K68: =SUMIF(ИТР!B:B,B68,ИТР!S:S) -> 0 | L68: =SUMIF(Цо!R:R,B68,Цо!AI:AI) -> 0 | M68: =SUMIF(IRS!B:B,B68,IRS!S:S) -> 0 | N68: =SUMIF(Катеринополь!B:B,B68,Катеринополь!S:S) -> 0 | Q68: =SUMIF('ООН 2025'!B:B,B68,'ООН 2025'!S:S) -> 0 | R68: =SUMIF('Червоний хрест'!B:B,B68,'Червоний хрест'!S:S) -> 0 | T68: =SUMIF(Кернел!B:B,B68,Кернел!S:S) -> 0 | U68: =SUMIF('Глобино Мк'!B:B,B68,'Глобино Мк'!S:S) -> 0 | V68: =SUMIF('МД Франківськ'!B:B,B68,'МД Франківськ'!S:S) -> 0 | W68: =SUM(K68:V68)-I68 -> 0 | X68: =IFERROR(K68/$I68*$G68,0) -> 0 | Y68: =IFERROR(L68/$I68*$G68,0) -> 0 | Z68: =IFERROR(M68/$I68*$G68,0) -> 0 | AA68: =IFERROR(N68/$I68*$G68,0) -> 0 | AB68: =IFERROR(O68/$I68*$G68,0) -> 0 | AC68: =IFERROR(P68/$I68*$G68,0) -> 0 | AD68: =IFERROR(Q68/$I68*$G68,0) -> 0 | AE68: =IFERROR(R68/$I68*$G68,0) -> 0 | ... AI68: =IFERROR(V68/$I68*$G68,0) -> 0 | AJ68: =SUM(X68:AI68) -> 0 | AK68: =AJ68-G68 -> 0
A69: 65 | B69: Германчук Сергій Сергійович | E69: =I69*J69 -> 0 | F69: =SUMIF('[1]Табель цех 1 по 15 серпня'!$B:$B,B69,'[1]Табель цех 1 по 15 серпня'!$H:$H) -> -50 | G69: =ROUND(E69-C69-D69,-2) -> 0 | H69: =F69+E69-D69-G69-C69 -> -50 | I69: =Цо!AI66+IRS!S66+Катеринополь!S66+'Червоний хрест'!S66+'ООН 2025'!S66+Кернел!S66+'Глобино Мк'!S66+'МД Франківськ'!S66 -> 0 | J69: 150 | K69: =SUMIF(ИТР!B:B,B69,ИТР!S:S) -> 0 | L69: =SUMIF(Цо!R:R,B69,Цо!AI:AI) -> 0 | M69: =SUMIF(IRS!B:B,B69,IRS!S:S) -> 0 | N69: =SUMIF(Катеринополь!B:B,B69,Катеринополь!S:S) -> 0 | Q69: =SUMIF('ООН 2025'!B:B,B69,'ООН 2025'!S:S) -> 0 | R69: =SUMIF('Червоний хрест'!B:B,B69,'Червоний хрест'!S:S) -> 0 | T69: =SUMIF(Кернел!B:B,B69,Кернел!S:S) -> 0 | U69: =SUMIF('Глобино Мк'!B:B,B69,'Глобино Мк'!S:S) -> 0 | V69: =SUMIF('МД Франківськ'!B:B,B69,'МД Франківськ'!S:S) -> 0 | W69: =SUM(K69:V69)-I69 -> 0 | X69: =IFERROR(K69/$I69*$G69,0) -> 0 | Y69: =IFERROR(L69/$I69*$G69,0) -> 0 | Z69: =IFERROR(M69/$I69*$G69,0) -> 0 | AA69: =IFERROR(N69/$I69*$G69,0) -> 0 | AB69: =IFERROR(O69/$I69*$G69,0) -> 0 | AC69: =IFERROR(P69/$I69*$G69,0) -> 0 | AD69: =IFERROR(Q69/$I69*$G69,0) -> 0 | AE69: =IFERROR(R69/$I69*$G69,0) -> 0 | ... AI69: =IFERROR(V69/$I69*$G69,0) -> 0 | AJ69: =SUM(X69:AI69) -> 0 | AK69: =AJ69-G69 -> 0
A70: 66 | B70: Дзюба Едуард Іванович | D70: 3739.99 | E70: =I70*J70 -> 6900 | F70: =SUMIF('[1]Табель цех 1 по 15 серпня'!$B:$B,B70,'[1]Табель цех 1 по 15 серпня'!$H:$H) -> 35.99 | G70: =ROUND(E70-C70-D70,-2) -> 3200 | H70: =F70+E70-D70-G70-C70 -> -4 | I70: =Цо!AI67+IRS!S67+Катеринополь!S67+'Червоний хрест'!S67+'ООН 2025'!S67+Кернел!S67+'Глобино Мк'!S67+'МД Франківськ'!S67 -> 46 | J70: 150 | K70: =SUMIF(ИТР!B:B,B70,ИТР!S:S) -> 0 | L70: =SUMIF(Цо!R:R,B70,Цо!AI:AI) -> 0 | M70: =SUMIF(IRS!B:B,B70,IRS!S:S) -> 0 | N70: =SUMIF(Катеринополь!B:B,B70,Катеринополь!S:S) -> 0 | Q70: =SUMIF('ООН 2025'!B:B,B70,'ООН 2025'!S:S) -> 0 | R70: =SUMIF('Червоний хрест'!B:B,B70,'Червоний хрест'!S:S) -> 0 | T70: =SUMIF(Кернел!B:B,B70,Кернел!S:S) -> 0 | U70: =SUMIF('Глобино Мк'!B:B,B70,'Глобино Мк'!S:S) -> 46 | V70: =SUMIF('МД Франківськ'!B:B,B70,'МД Франківськ'!S:S) -> 0 | W70: =SUM(K70:V70)-I70 -> 0 | X70: =IFERROR(K70/$I70*$G70,0) -> 0 | Y70: =IFERROR(L70/$I70*$G70,0) -> 0 | Z70: =IFERROR(M70/$I70*$G70,0) -> 0 | AA70: =IFERROR(N70/$I70*$G70,0) -> 0 | AB70: =IFERROR(O70/$I70*$G70,0) -> 0 | AC70: =IFERROR(P70/$I70*$G70,0) -> 0 | AD70: =IFERROR(Q70/$I70*$G70,0) -> 0 | AE70: =IFERROR(R70/$I70*$G70,0) -> 0 | ... AI70: =IFERROR(V70/$I70*$G70,0) -> 0 | AJ70: =SUM(X70:AI70) -> 3200 | AK70: =AJ70-G70 -> 0
A71: 67 | B71: Туркевич Дмитро Миколайович | E71: =I71*J71 -> 14400 | F71: =SUMIF('[1]Табель цех 1 по 15 серпня'!$B:$B,B71,'[1]Табель цех 1 по 15 серпня'!$H:$H) -> -100 | G71: =ROUND(E71-C71-D71,-2) -> 14400 | H71: =F71+E71-D71-G71-C71 -> -100 | I71: =Цо!AI68+IRS!S68+Катеринополь!S68+'Червоний хрест'!S68+'ООН 2025'!S68+Кернел!S68+'Глобино Мк'!S68+'МД Франківськ'!S68 -> 96 | J71: 150 | K71: =SUMIF(ИТР!B:B,B71,ИТР!S:S) -> 0 | L71: =SUMIF(Цо!R:R,B71,Цо!AI:AI) -> 0 | M71: =SUMIF(IRS!B:B,B71,IRS!S:S) -> 0 | N71: =SUMIF(Катеринополь!B:B,B71,Катеринополь!S:S) -> 0 | Q71: =SUMIF('ООН 2025'!B:B,B71,'ООН 2025'!S:S) -> 96 | R71: =SUMIF('Червоний хрест'!B:B,B71,'Червоний хрест'!S:S) -> 0 | T71: =SUMIF(Кернел!B:B,B71,Кернел!S:S) -> 0 | U71: =SUMIF('Глобино Мк'!B:B,B71,'Глобино Мк'!S:S) -> 0 | V71: =SUMIF('МД Франківськ'!B:B,B71,'МД Франківськ'!S:S) -> 0 | W71: =SUM(K71:V71)-I71 -> 0 | X71: =IFERROR(K71/$I71*$G71,0) -> 0 | Y71: =IFERROR(L71/$I71*$G71,0) -> 0 | Z71: =IFERROR(M71/$I71*$G71,0) -> 0 | AA71: =IFERROR(N71/$I71*$G71,0) -> 0 | AB71: =IFERROR(O71/$I71*$G71,0) -> 0 | AC71: =IFERROR(P71/$I71*$G71,0) -> 0 | AD71: =IFERROR(Q71/$I71*$G71,0) -> 14400 | AE71: =IFERROR(R71/$I71*$G71,0) -> 0 | ... AI71: =IFERROR(V71/$I71*$G71,0) -> 0 | AJ71: =SUM(X71:AI71) -> 14400 | AK71: =AJ71-G71 -> 0
A72: 68 | B72: Петров Михайло Олександрович | E72: =I72*J72 -> 18300 | F72: =SUMIF('[1]Табель цех 1 по 15 серпня'!$B:$B,B72,'[1]Табель цех 1 по 15 серпня'!$H:$H) -> 0 | G72: =ROUND(E72-C72-D72,-2) -> 18300 | H72: =F72+E72-D72-G72-C72 -> 0 | I72: =Цо!AI69+IRS!S69+Катеринополь!S69+'Червоний хрест'!S69+'ООН 2025'!S69+Кернел!S69+'Глобино Мк'!S69+'МД Франківськ'!S69 -> 122 | J72: 150 | K72: =SUMIF(ИТР!B:B,B72,ИТР!S:S) -> 0 | L72: =SUMIF(Цо!R:R,B72,Цо!AI:AI) -> 0 | M72: =SUMIF(IRS!B:B,B72,IRS!S:S) -> 0 | N72: =SUMIF(Катеринополь!B:B,B72,Катеринополь!S:S) -> 0 | Q72: =SUMIF('ООН 2025'!B:B,B72,'ООН 2025'!S:S) -> 122 | R72: =SUMIF('Червоний хрест'!B:B,B72,'Червоний хрест'!S:S) -> 0 | T72: =SUMIF(Кернел!B:B,B72,Кернел!S:S) -> 0 | U72: =SUMIF('Глобино Мк'!B:B,B72,'Глобино Мк'!S:S) -> 0 | V72: =SUMIF('МД Франківськ'!B:B,B72,'МД Франківськ'!S:S) -> 0 | W72: =SUM(K72:V72)-I72 -> 0 | X72: =IFERROR(K72/$I72*$G72,0) -> 0 | Y72: =IFERROR(L72/$I72*$G72,0) -> 0 | Z72: =IFERROR(M72/$I72*$G72,0) -> 0 | AA72: =IFERROR(N72/$I72*$G72,0) -> 0 | AB72: =IFERROR(O72/$I72*$G72,0) -> 0 | AC72: =IFERROR(P72/$I72*$G72,0) -> 0 | AD72: =IFERROR(Q72/$I72*$G72,0) -> 18300 | AE72: =IFERROR(R72/$I72*$G72,0) -> 0 | ... AI72: =IFERROR(V72/$I72*$G72,0) -> 0 | AJ72: =SUM(X72:AI72) -> 18300 | AK72: =AJ72-G72 -> 0
A73: 69 | B73: Кобяковский Іван Олександрович | E73: =I73*J73 -> 13800 | F73: =SUMIF('[1]Табель цех 1 по 15 серпня'!$B:$B,B73,'[1]Табель цех 1 по 15 серпня'!$H:$H) -> 0 | G73: =ROUND(E73-C73-D73,-2) -> 13800 | H73: =F73+E73-D73-G73-C73 -> 0 | I73: =Цо!AI70+IRS!S70+Катеринополь!S70+'Червоний хрест'!S70+'ООН 2025'!S70+Кернел!S70+'Глобино Мк'!S70+'МД Франківськ'!S70 -> 92 | J73: 150 | K73: =SUMIF(ИТР!B:B,B73,ИТР!S:S) -> 0 | L73: =SUMIF(Цо!R:R,B73,Цо!AI:AI) -> 0 | M73: =SUMIF(IRS!B:B,B73,IRS!S:S) -> 0 | N73: =SUMIF(Катеринополь!B:B,B73,Катеринополь!S:S) -> 31 | Q73: =SUMIF('ООН 2025'!B:B,B73,'ООН 2025'!S:S) -> 0 | R73: =SUMIF('Червоний хрест'!B:B,B73,'Червоний хрест'!S:S) -> 0 | T73: =SUMIF(Кернел!B:B,B73,Кернел!S:S) -> 0 | U73: =SUMIF('Глобино Мк'!B:B,B73,'Глобино Мк'!S:S) -> 61 | V73: =SUMIF('МД Франківськ'!B:B,B73,'МД Франківськ'!S:S) -> 0 | W73: =SUM(K73:V73)-I73 -> 0 | X73: =IFERROR(K73/$I73*$G73,0) -> 0 | Y73: =IFERROR(L73/$I73*$G73,0) -> 0 | Z73: =IFERROR(M73/$I73*$G73,0) -> 0 | AA73: =IFERROR(N73/$I73*$G73,0) -> 4650 | AB73: =IFERROR(O73/$I73*$G73,0) -> 0 | AC73: =IFERROR(P73/$I73*$G73,0) -> 0 | AD73: =IFERROR(Q73/$I73*$G73,0) -> 0 | AE73: =IFERROR(R73/$I73*$G73,0) -> 0 | ... AI73: =IFERROR(V73/$I73*$G73,0) -> 0 | AJ73: =SUM(X73:AI73) -> 13800 | AK73: =AJ73-G73 -> 0
A74: 70 | B74: Авжабаров Олексій Володимирович | E74: =I74*J74 -> 5850 | F74: =SUMIF('[1]Табель цех 1 по 15 серпня'!$B:$B,B74,'[1]Табель цех 1 по 15 серпня'!$H:$H) -> 0 | G74: =ROUND(E74-C74-D74,-2) -> 5900 | H74: =F74+E74-D74-G74-C74 -> -50 | I74: =Цо!AI71+IRS!S71+Катеринополь!S71+'Червоний хрест'!S71+'ООН 2025'!S71+Кернел!S71+'Глобино Мк'!S71+'МД Франківськ'!S71 -> 39 | J74: 150 | K74: =SUMIF(ИТР!B:B,B74,ИТР!S:S) -> 0 | L74: =SUMIF(Цо!R:R,B74,Цо!AI:AI) -> 0 | M74: =SUMIF(IRS!B:B,B74,IRS!S:S) -> 0 | N74: =SUMIF(Катеринополь!B:B,B74,Катеринополь!S:S) -> 0 | Q74: =SUMIF('ООН 2025'!B:B,B74,'ООН 2025'!S:S) -> 0 | R74: =SUMIF('Червоний хрест'!B:B,B74,'Червоний хрест'!S:S) -> 0 | T74: =SUMIF(Кернел!B:B,B74,Кернел!S:S) -> 0 | U74: =SUMIF('Глобино Мк'!B:B,B74,'Глобино Мк'!S:S) -> 39 | V74: =SUMIF('МД Франківськ'!B:B,B74,'МД Франківськ'!S:S) -> 0 | W74: =SUM(K74:V74)-I74 -> 0 | X74: =IFERROR(K74/$I74*$G74,0) -> 0 | Y74: =IFERROR(L74/$I74*$G74,0) -> 0 | Z74: =IFERROR(M74/$I74*$G74,0) -> 0 | AA74: =IFERROR(N74/$I74*$G74,0) -> 0 | AB74: =IFERROR(O74/$I74*$G74,0) -> 0 | AC74: =IFERROR(P74/$I74*$G74,0) -> 0 | AD74: =IFERROR(Q74/$I74*$G74,0) -> 0 | AE74: =IFERROR(R74/$I74*$G74,0) -> 0 | ... AI74: =IFERROR(V74/$I74*$G74,0) -> 0 | AJ74: =SUM(X74:AI74) -> 5900 | AK74: =AJ74-G74 -> 0
L75: =SUMIF(Цо!R:R,B75,Цо!AI:AI) -> 0 | M75: =SUMIF(IRS!B:B,B75,IRS!S:S) -> 0 | N75: =SUMIF(Катеринополь!B:B,B75,Катеринополь!S:S) -> 0 | Q75: =SUMIF('ООН 2025'!B:B,B75,'ООН 2025'!S:S) -> 0 | R75: =SUMIF('Червоний хрест'!B:B,B75,'Червоний хрест'!S:S) -> 0 | T75: =SUMIF(Кернел!B:B,B75,Кернел!S:S) -> 0 | U75: =SUMIF('Глобино Мк'!B:B,B75,'Глобино Мк'!S:S) -> 0 | V75: =SUMIF('МД Франківськ'!B:B,B75,'МД Франківськ'!S:S) -> 0 | W75: =SUM(K75:V75)-I75 -> 0 | X75: =IFERROR(K75/$I75*$G75,0) -> 0 | Y75: =IFERROR(L75/$I75*$G75,0) -> 0 | Z75: =IFERROR(M75/$I75*$G75,0) -> 0 | AA75: =IFERROR(N75/$I75*$G75,0) -> 0 | AB75: =IFERROR(O75/$I75*$G75,0) -> 0 | AC75: =IFERROR(P75/$I75*$G75,0) -> 0 | AD75: =IFERROR(Q75/$I75*$G75,0) -> 0 | AE75: =IFERROR(R75/$I75*$G75,0) -> 0 | ... AI75: =IFERROR(V75/$I75*$G75,0) -> 0 | AJ75: =SUM(X75:AI75) -> 0 | AK75: =AJ75-G75 -> 0
AJ76: =SUM(AJ2:AJ75)-G78 -> 0
H77: =SUM(H5:H76) -> -3122.26 | X77: =SUM(X2:X75) -> 29000 | Y77: =SUM(Y2:Y75) -> 28600 | Z77: =SUM(Z2:Z75) -> 270127.62 | AA77: =SUM(AA2:AA75) -> 128786.19 | AB77: =SUM(AB2:AB75) -> 0 | AC77: =SUM(AC2:AC75) -> 0 | AD77: =SUM(AD2:AD75) -> 388061.36 | AE77: =SUM(AE2:AE75) -> 20144.681 | ... AJ77: =SUM(AJ2:AJ75) -> 1159500
C78: =SUM(C2:C77) -> 36650 | D78: =SUM(D2:D77) -> 194799.02 | E78: =SUM(E2:E77) -> 1373970 | G78: =SUM(G2:G77) -> 1159500 | AJ78: =AJ77-SUM(X77:AI77) -> 0

Sheet Цо
Q1: N | R1: Сотрудник | S1: 16 | T1: 17 | U1: 18 | V1: 19 | W1: 20 | X1: 21 | Y1: 22 | Z1: 23 | AA1: 24 | AB1: 25 | AC1: 26 | AD1: 27 | AE1: 28 | AF1: 29 | AG1: 30 | AH1: 31
Q2: 1 | R2: Багацький Вадим Геннадійович | AI2: =S2+T2+U2+V2+W2+X2+Y2+Z2+AA2+AB2+AC2+AD2+AE2+AF2+AG2+AH2 -> 0
Q3: 2 | R3: Васильєв Віталій Юрійович | S3: 3 | U3: 11 | V3: 11 | W3: 11 | X3: 11 | Y3: 11 | Z3: 6 | AB3: 11 | AC3: 11 | AD3: 11 | AE3: 11 | AF3: 11 | AG3: 6 | AI3: =S3+T3+U3+V3+W3+X3+Y3+Z3+AA3+AB3+AC3+AD3+AE3+AF3+AG3+AH3 -> 125
Q4: 3 | R4: Григоренко Олександр Миколайович | AI4: =S4+T4+U4+V4+W4+X4+Y4+Z4+AA4+AB4+AC4+AD4+AE4+AF4+AG4+AH4 -> 0
Q5: 4 | R5: Григорьєв Микола Андрійович | AI5: =S5+T5+U5+V5+W5+X5+Y5+Z5+AA5+AB5+AC5+AD5+AE5+AF5+AG5+AH5 -> 0
Q6: 5 | R6: Григор'єв Михайло Андрійович | AI6: =S6+T6+U6+V6+W6+X6+Y6+Z6+AA6+AB6+AC6+AD6+AE6+AF6+AG6+AH6 -> 0
Q7: 6 | R7: Іванов Олексій Вікторович | AI7: =S7+T7+U7+V7+W7+X7+Y7+Z7+AA7+AB7+AC7+AD7+AE7+AF7+AG7+AH7 -> 0
Q8: 7 | R8: Іскрицький Денис Русланович | AI8: =S8+T8+U8+V8+W8+X8+Y8+Z8+AA8+AB8+AC8+AD8+AE8+AF8+AG8+AH8 -> 0
Q9: 8 | R9: Корнієнко Станіслав Володимирович | AI9: =S9+T9+U9+V9+W9+X9+Y9+Z9+AA9+AB9+AC9+AD9+AE9+AF9+AG9+AH9 -> 0
Q10: 9 | R10: Масливець Ігор Валерійович | AI10: =S10+T10+U10+V10+W10+X10+Y10+Z10+AA10+AB10+AC10+AD10+AE10+AF10+AG10+AH10 -> 0
Q11: 10 | R11: Скрипник Олександр Павлович | AI11: =S11+T11+U11+V11+W11+X11+Y11+Z11+AA11+AB11+AC11+AD11+AE11+AF11+AG11+AH11 -> 0
Q12: 11 | R12: Паламарчук Вячеслав Володимирович | AI12: =S12+T12+U12+V12+W12+X12+Y12+Z12+AA12+AB12+AC12+AD12+AE12+AF12+AG12+AH12 -> 0
Q13: 12 | R13: Дехтяр Владислав Олександрович | AI13: =S13+T13+U13+V13+W13+X13+Y13+Z13+AA13+AB13+AC13+AD13+AE13+AF13+AG13+AH13 -> 0
Q14: 13 | R14: Тужиков Валерій Владиславович | Z14: 0 | AI14: =S14+T14+U14+V14+W14+X14+Y14+Z14+AA14+AB14+AC14+AD14+AE14+AF14+AG14+AH14 -> 0
Q15: 14 | R15: Сівов Євген Миколайович | AI15: =S15+T15+U15+V15+W15+X15+Y15+Z15+AA15+AB15+AC15+AD15+AE15+AF15+AG15+AH15 -> 0
Q16: 15 | R16: Кіфор Юрій Михайлович | AI16: =S16+T16+U16+V16+W16+X16+Y16+Z16+AA16+AB16+AC16+AD16+AE16+AF16+AG16+AH16 -> 0
Q17: 16 | R17: Нестерук Сергій Петрович | AI17: =S17+T17+U17+V17+W17+X17+Y17+Z17+AA17+AB17+AC17+AD17+AE17+AF17+AG17+AH17 -> 0
Q18: 17 | R18: Петренко Микола Григорович | AI18: =S18+T18+U18+V18+W18+X18+Y18+Z18+AA18+AB18+AC18+AD18+AE18+AF18+AG18+AH18 -> 0
Q19: 18 | R19: Рубленко Микола Іванович | AI19: =S19+T19+U19+V19+W19+X19+Y19+Z19+AA19+AB19+AC19+AD19+AE19+AF19+AG19+AH19 -> 0
Q20: 19 | R20: Серебренніков Володимир Олександрович | AI20: =S20+T20+U20+V20+W20+X20+Y20+Z20+AA20+AB20+AC20+AD20+AE20+AF20+AG20+AH20 -> 0
Q21: 20 | R21: Чешко Сергій Анатолійович | AI21: =S21+T21+U21+V21+W21+X21+Y21+Z21+AA21+AB21+AC21+AD21+AE21+AF21+AG21+AH21 -> 0
Q22: 21 | R22: Нерезенко Євгеній Віктоорович | AI22: =S22+T22+U22+V22+W22+X22+Y22+Z22+AA22+AB22+AC22+AD22+AE22+AF22+AG22+AH22 -> 0
Q23: 22 | R23: Шавкун Максим Анатолійович | AI23: =S23+T23+U23+V23+W23+X23+Y23+Z23+AA23+AB23+AC23+AD23+AE23+AF23+AG23+AH23 -> 0
Q24: 23 | R24: Чуйко Олег Олегович | AI24: =S24+T24+U24+V24+W24+X24+Y24+Z24+AA24+AB24+AC24+AD24+AE24+AF24+AG24+AH24 -> 0
Q25: 24 | R25: Салюк Дмитро Андрійович | AI25: =S25+T25+U25+V25+W25+X25+Y25+Z25+AA25+AB25+AC25+AD25+AE25+AF25+AG25+AH25 -> 0
Q26: 25 | R26: Маковецький Юрій Миколайович | Z26: 0 | AI26: =S26+T26+U26+V26+W26+X26+Y26+Z26+AA26+AB26+AC26+AD26+AE26+AF26+AG26+AH26 -> 0
Q27: 26 | R27: Міненко Олександр Андрійович | AI27: =S27+T27+U27+V27+W27+X27+Y27+Z27+AA27+AB27+AC27+AD27+AE27+AF27+AG27+AH27 -> 0
Q28: 27 | R28: Салій Дмитро Миколайович | AI28: =S28+T28+U28+V28+W28+X28+Y28+Z28+AA28+AB28+AC28+AD28+AE28+AF28+AG28+AH28 -> 0
Q29: 28 | R29: Різніченко Олег Олександрович | AI29: =S29+T29+U29+V29+W29+X29+Y29+Z29+AA29+AB29+AC29+AD29+AE29+AF29+AG29+AH29 -> 0
Q30: 29 | R30: Рогозовець Андрій Вікторович | AI30: =S30+T30+U30+V30+W30+X30+Y30+Z30+AA30+AB30+AC30+AD30+AE30+AF30+AG30+AH30 -> 0
Q31: 30 | R31: Старков Кирило Юрійович | AI31: =S31+T31+U31+V31+W31+X31+Y31+Z31+AA31+AB31+AC31+AD31+AE31+AF31+AG31+AH31 -> 0
Q32: 31 | R32: Зубахін Сергій Александрович | AI32: =S32+T32+U32+V32+W32+X32+Y32+Z32+AA32+AB32+AC32+AD32+AE32+AF32+AG32+AH32 -> 0
Q33: 32 | R33: Корнієнко Віталій Олегович | AI33: =S33+T33+U33+V33+W33+X33+Y33+Z33+AA33+AB33+AC33+AD33+AE33+AF33+AG33+AH33 -> 0
Q34: 33 | R34: Рубленко Євген Миколайович | AI34: =S34+T34+U34+V34+W34+X34+Y34+Z34+AA34+AB34+AC34+AD34+AE34+AF34+AG34+AH34 -> 0
Q35: 34 | R35: Форманюк Руслан Леонідович | AI35: =S35+T35+U35+V35+W35+X35+Y35+Z35+AA35+AB35+AC35+AD35+AE35+AF35+AG35+AH35 -> 0
Q36: 35 | R36: Щербак Петро Іванович | Z36: 0 | AI36: =S36+T36+U36+V36+W36+X36+Y36+Z36+AA36+AB36+AC36+AD36+AE36+AF36+AG36+AH36 -> 0
Q37: 36 | R37: Онучак Віктор Іванович | AI37: =S37+T37+U37+V37+W37+X37+Y37+Z37+AA37+AB37+AC37+AD37+AE37+AF37+AG37+AH37 -> 0
Q38: 37 | R38: Кривка Руслан Олександрович | AI38: =S38+T38+U38+V38+W38+X38+Y38+Z38+AA38+AB38+AC38+AD38+AE38+AF38+AG38+AH38 -> 0
Q39: 38 | R39: Батрак Віктор Володимирович | AI39: =S39+T39+U39+V39+W39+X39+Y39+Z39+AA39+AB39+AC39+AD39+AE39+AF39+AG39+AH39 -> 0
Q40: 39 | R40: Бондаренко Іван Олександрович | AI40: =S40+T40+U40+V40+W40+X40+Y40+Z40+AA40+AB40+AC40+AD40+AE40+AF40+AG40+AH40 -> 0
Q41: 40 | R41: Токарук Петро Михайлович | AI41: =S41+T41+U41+V41+W41+X41+Y41+Z41+AA41+AB41+AC41+AD41+AE41+AF41+AG41+AH41 -> 0
Q42: 41 | R42: Підлісний Володимир Сергійович | AI42: =S42+T42+U42+V42+W42+X42+Y42+Z42+AA42+AB42+AC42+AD42+AE42+AF42+AG42+AH42 -> 0
Q43: 42 | R43: Григоренко Ілля Олександрович | AI43: =S43+T43+U43+V43+W43+X43+Y43+Z43+AA43+AB43+AC43+AD43+AE43+AF43+AG43+AH43 -> 0
Q44: 43 | R44: Зінченко Дмитро Володимирович | AI44: =S44+T44+U44+V44+W44+X44+Y44+Z44+AA44+AB44+AC44+AD44+AE44+AF44+AG44+AH44 -> 0
Q45: 44 | R45: Момот Олексій Миколайович | AI45: =S45+T45+U45+V45+W45+X45+Y45+Z45+AA45+AB45+AC45+AD45+AE45+AF45+AG45+AH45 -> 0
Q46: 45 | R46: Гребінник Олексій Васильович | AI46: =S46+T46+U46+V46+W46+X46+Y46+Z46+AA46+AB46+AC46+AD46+AE46+AF46+AG46+AH46 -> 0
Q47: 46 | R47: Ізюмець Олександр Евгенович | AI47: =S47+T47+U47+V47+W47+X47+Y47+Z47+AA47+AB47+AC47+AD47+AE47+AF47+AG47+AH47 -> 0
Q48: 47 | R48: Маркевич Ігор Ігорьович | AI48: =S48+T48+U48+V48+W48+X48+Y48+Z48+AA48+AB48+AC48+AD48+AE48+AF48+AG48+AH48 -> 0
Q49: 48 | R49: Раменюк Віталій Сергійович | AI49: =S49+T49+U49+V49+W49+X49+Y49+Z49+AA49+AB49+AC49+AD49+AE49+AF49+AG49+AH49 -> 0
Q50: 49 | R50: Самогородський Ігор Віталійович | Z50: 0 | AI50: =S50+T50+U50+V50+W50+X50+Y50+Z50+AA50+AB50+AC50+AD50+AE50+AF50+AG50+AH50 -> 0
Q51: 50 | R51: Іванова Світлана Юріївна | U51: 11 | V51: 9 | W51: 11 | X51: 11 | AB51: 8 | AC51: 11 | AD51: 11 | AE51: 11 | AF51: 9 | AI51: =S51+T51+U51+V51+W51+X51+Y51+Z51+AA51+AB51+AC51+AD51+AE51+AF51+AG51+AH51 -> 92
Q52: 51 | R52: Ісайкіна Тетяна Іванівна | Y52: 11 | Z52: 6 | AG52: 6 | AI52: =S52+T52+U52+V52+W52+X52+Y52+Z52+AA52+AB52+AC52+AD52+AE52+AF52+AG52+AH52 -> 23
Q53: 52 | R53: Деркс Сергій Анатолійович | AI53: =S53+T53+U53+V53+W53+X53+Y53+Z53+AA53+AB53+AC53+AD53+AE53+AF53+AG53+AH53 -> 0
Q54: 53 | R54: Гусаков Роман Давидович | AI54: =S54+T54+U54+V54+W54+X54+Y54+Z54+AA54+AB54+AC54+AD54+AE54+AF54+AG54+AH54 -> 0
Q55: 54 | R55: Гусаков Давид Давидович | AI55: =S55+T55+U55+V55+W55+X55+Y55+Z55+AA55+AB55+AC55+AD55+AE55+AF55+AG55+AH55 -> 0
Q56: 55 | R56: Тужиков Артем Денисович | AI56: =S56+T56+U56+V56+W56+X56+Y56+Z56+AA56+AB56+AC56+AD56+AE56+AF56+AG56+AH56 -> 0
Q57: 56 | R57: Ластовка Андрій Михайлович | AI57: =S57+T57+U57+V57+W57+X57+Y57+Z57+AA57+AB57+AC57+AD57+AE57+AF57+AG57+AH57 -> 0
Q58: 57 | R58: Рубленко Ярослав Михайлович | AI58: =S58+T58+U58+V58+W58+X58+Y58+Z58+AA58+AB58+AC58+AD58+AE58+AF58+AG58+AH58 -> 0
Q59: 58 | R59: Левченко Вадим Анатолійович | AI59: =S59+T59+U59+V59+W59+X59+Y59+Z59+AA59+AB59+AC59+AD59+AE59+AF59+AG59+AH59 -> 0
Q60: 59 | R60: Козленко Максим В’ячеславович | AI60: =S60+T60+U60+V60+W60+X60+Y60+Z60+AA60+AB60+AC60+AD60+AE60+AF60+AG60+AH60 -> 0
Q61: 60 | R61: Шомін Вадим Сергійович | AI61: =S61+T61+U61+V61+W61+X61+Y61+Z61+AA61+AB61+AC61+AD61+AE61+AF61+AG61+AH61 -> 0
Q62: 61 | R62: Козленко Єгор Максимович | AI62: =S62+T62+U62+V62+W62+X62+Y62+Z62+AA62+AB62+AC62+AD62+AE62+AF62+AG62+AH62 -> 0
Q63: 62 | R63: Глібико Денис Володимирович | AI63: =S63+T63+U63+V63+W63+X63+Y63+Z63+AA63+AB63+AC63+AD63+AE63+AF63+AG63+AH63 -> 0
Q64: 63 | R64: Пилипчук Олександр Анатолійович | AI64: =S64+T64+U64+V64+W64+X64+Y64+Z64+AA64+AB64+AC64+AD64+AE64+AF64+AG64+AH64 -> 0
... Q71: 70 | R71: Авжабаров Олексій Володимирович | AI71: =S71+T71+U71+V71+W71+X71+Y71+Z71+AA71+AB71+AC71+AD71+AE71+AF71+AG71+AH71 -> 0

Sheet ИТР
A1: N | B1: Сотрудник | C1: 16 | D1: 17 | E1: 18 | F1: 19 | G1: 20 | H1: 21 | I1: 22 | J1: 23 | K1: 24 | L1: 25 | M1: 26 | N1: 27 | O1: 28 | P1: 29 | Q1: 30 | R1: 31
A2: 10 | B2: Скрипник Сергій Павлович | C2: 6 | E2: 4 | F2: 11 | G2: 11 | H2: 11 | I2: 11 | J2: 6 | L2: 11 | M2: 11 | N2: 11 | O2: 11 | P2: 11 | Q2: 6 | S2: =C2+D2+E2+F2+G2+H2+I2+J2+K2+L2+M2+N2+O2+P2+Q2+R2 -> 121
A3: 11 | B3: Пономаренко Віталій Вікторович | C3: 24 | E3: 12 | F3: 11 | G3: 11 | H3: 11 | I3: 11 | J3: 6 | L3: 11 | M3: 6 | N3: 11 | O3: 11 | P3: 11 | Q3: 6 | S3: =C3+D3+E3+F3+G3+H3+I3+J3+K3+L3+M3+N3+O3+P3+Q3+R3 -> 142
A4: 12 | B4: Власенко В'ячеслав Валентинович | C4: 6 | E4: 11 | F4: 11 | G4: 11 | I4: 3 | L4: 9 | M4: 11 | N4: 11 | O4: 9 | P4: 4 | S4: =C4+D4+E4+F4+G4+H4+I4+J4+K4+L4+M4+N4+O4+P4+Q4+R4 -> 86

Sheet IRS
A1: N | B1: Сотрудник | C1: 16 | D1: 17 | E1: 18 | F1: 19 | G1: 20 | H1: 21 | I1: 22 | J1: 23 | K1: 24 | L1: 25 | M1: 26 | N1: 27 | O1: 28 | P1: 29 | Q1: 30 | R1: 31 | S1: Всего часов
A2: 1 | B2: Багацький Вадим Геннадійович | S2: =C2+D2+E2+F2+G2+H2+I2+J2+K2+L2+M2+N2+O2+P2+Q2+R2 -> 0
A3: 2 | B3: Васильєв Віталій Юрійович | S3: =C3+D3+E3+F3+G3+H3+I3+J3+K3+L3+M3+N3+O3+P3+Q3+R3 -> 0
A4: 3 | B4: Григоренко Олександр Миколайович | S4: =C4+D4+E4+F4+G4+H4+I4+J4+K4+L4+M4+N4+O4+P4+Q4+R4 -> 0
A5: 4 | B5: Григорьєв Микола Андрійович | S5: =C5+D5+E5+F5+G5+H5+I5+J5+K5+L5+M5+N5+O5+P5+Q5+R5 -> 0
A6: 5 | B6: Григор'єв Михайло Андрійович | S6: =C6+D6+E6+F6+G6+H6+I6+J6+K6+L6+M6+N6+O6+P6+Q6+R6 -> 0
A7: 6 | B7: Іванов Олексій Вікторович | S7: =C7+D7+E7+F7+G7+H7+I7+J7+K7+L7+M7+N7+O7+P7+Q7+R7 -> 0
A8: 7 | B8: Іскрицький Денис Русланович | S8: =C8+D8+E8+F8+G8+H8+I8+J8+K8+L8+M8+N8+O8+P8+Q8+R8 -> 0
A9: 8 | B9: Корнієнко Станіслав Володимирович | S9: =C9+D9+E9+F9+G9+H9+I9+J9+K9+L9+M9+N9+O9+P9+Q9+R9 -> 0
A10: 9 | B10: Масливець Ігор Валерійович | S10: =C10+D10+E10+F10+G10+H10+I10+J10+K10+L10+M10+N10+O10+P10+Q10+R10 -> 0
A11: 10 | B11: Скрипник Олександр Павлович | S11: =C11+D11+E11+F11+G11+H11+I11+J11+K11+L11+M11+N11+O11+P11+Q11+R11 -> 0
A12: 11 | B12: Паламарчук Вячеслав Володимирович | S12: =C12+D12+E12+F12+G12+H12+I12+J12+K12+L12+M12+N12+O12+P12+Q12+R12 -> 0
A13: 12 | B13: Дехтяр Владислав Олександрович | S13: =C13+D13+E13+F13+G13+H13+I13+J13+K13+L13+M13+N13+O13+P13+Q13+R13 -> 0
... A20: 19 | B20: Серебренніков Володимир Олександрович | S20: =C20+D20+E20+F20+G20+H20+I20+J20+K20+L20+M20+N20+O20+P20+Q20+R20 -> 0
A21: 20 | B21: Чешко Сергій Анатолійович | C21: 24 | D21: 24 | E21: 24 | F21: 24 | G21: 24 | H21: 24 | I21: 24 | J21: 24 | K21: 24 | L21: 24 | M21: 24 | N21: 24 | O21: 24 | P21: 24 | S21: =C21+D21+E21+F21+G21+H21+I21+J21+K21+L21+M21+N21+O21+P21+Q21+R21 -> 336
A22: 21 | B22: Нерезенко Євгеній Віктоорович | C22: 24 | D22: 24 | E22: 24 | F22: 24 | G22: 24 | H22: 24 | I22: 24 | J22: 24 | K22: 24 | L22: 24 | M22: 24 | N22: 24 | O22: 24 | P22: 24 | S22: =C22+D22+E22+F22+G22+H22+I22+J22+K22+L22+M22+N22+O22+P22+Q22+R22 -> 336
A23: 22 | B23: Шавкун Максим Анатолійович | C23: 24 | D23: 24 | E23: 24 | F23: 24 | G23: 24 | H23: 24 | I23: 24 | J23: 24 | K23: 24 | L23: 24 | M23: 24 | N23: 24 | O23: 24 | P23: 24 | S23: =C23+D23+E23+F23+G23+H23+I23+J23+K23+L23+M23+N23+O23+P23+Q23+R23 -> 336
A24: 23 | B24: Чуйко Олег Олегович | S24: =C24+D24+E24+F24+G24+H24+I24+J24+K24+L24+M24+N24+O24+P24+Q24+R24 -> 0
A25: 24 | B25: Салюк Дмитро Андрійович | S25: =C25+D25+E25+F25+G25+H25+I25+J25+K25+L25+M25+N25+O25+P25+Q25+R25 -> 0
A26: 25 | B26: Маковецький Юрій Миколайович | S26: =C26+D26+E26+F26+G26+H26+I26+J26+K26+L26+M26+N26+O26+P26+Q26+R26 -> 0
A27: 26 | B27: Міненко Олександр Андрійович | C27: 24 | D27: 24 | E27: 24 | F27: 24 | G27: 24 | H27: 24 | I27: 24 | J27: 24 | K27: 24 | L27: 24 | M27: 24 | N27: 24 | O27: 24 | P27: 24 | S27: =C27+D27+E27+F27+G27+H27+I27+J27+K27+L27+M27+N27+O27+P27+Q27+R27 -> 336
A28: 27 | B28: Салій Дмитро Миколайович | C28: 24 | D28: 24 | E28: 24 | F28: 24 | G28: 24 | H28: 24 | I28: 24 | J28: 24 | K28: 24 | L28: 24 | M28: 24 | N28: 24 | O28: 24 | P28: 24 | S28: =C28+D28+E28+F28+G28+H28+I28+J28+K28+L28+M28+N28+O28+P28+Q28+R28 -> 336
A29: 28 | B29: Різніченко Олег Олександрович | S29: =C29+D29+E29+F29+G29+H29+I29+J29+K29+L29+M29+N29+O29+P29+Q29+R29 -> 0
A30: 29 | B30: Рогозовець Андрій Вікторович | S30: =C30+D30+E30+F30+G30+H30+I30+J30+K30+L30+M30+N30+O30+P30+Q30+R30 -> 0
A31: 30 | B31: Старков Кирило Юрійович | S31: =C31+D31+E31+F31+G31+H31+I31+J31+K31+L31+M31+N31+O31+P31+Q31+R31 -> 0
A32: 31 | B32: Зубахін Сергій Александрович | S32: =C32+D32+E32+F32+G32+H32+I32+J32+K32+L32+M32+N32+O32+P32+Q32+R32 -> 0
A33: 32 | B33: Корнієнко Віталій Олегович | C33: 24 | D33: 24 | E33: 24 | F33: 24 | S33: =C33+D33+E33+F33+G33+H33+I33+J33+K33+L33+M33+N33+O33+P33+Q33+R33 -> 96
A34: 33 | B34: Рубленко Євген Миколайович | S34: =C34+D34+E34+F34+G34+H34+I34+J34+K34+L34+M34+N34+O34+P34+Q34+R34 -> 0
A35: 34 | B35: Форманюк Руслан Леонідович | S35: =C35+D35+E35+F35+G35+H35+I35+J35+K35+L35+M35+N35+O35+P35+Q35+R35 -> 0
A36: 35 | B36: Щербак Петро Іванович | S36: =C36+D36+E36+F36+G36+H36+I36+J36+K36+L36+M36+N36+O36+P36+Q36+R36 -> 0
A37: 36 | B37: Онучак Віктор Іванович | S37: =C37+D37+E37+F37+G37+H37+I37+J37+K37+L37+M37+N37+O37+P37+Q37+R37 -> 0
A38: 37 | B38: Кривка Руслан Олександрович | S38: =C38+D38+E38+F38+G38+H38+I38+J38+K38+L38+M38+N38+O38+P38+Q38+R38 -> 0
A39: 38 | B39: Батрак Віктор Володимирович | S39: =C39+D39+E39+F39+G39+H39+I39+J39+K39+L39+M39+N39+O39+P39+Q39+R39 -> 0
A40: 39 | B40: Бондаренко Іван Олександрович | C40: 24 | D40: 24 | E40: 24 | F40: 24 | S40: =C40+D40+E40+F40+G40+H40+I40+J40+K40+L40+M40+N40+O40+P40+Q40+R40 -> 96
A41: 40 | B41: Токарук Петро Михайлович | S41: =C41+D41+E41+F41+G41+H41+I41+J41+K41+L41+M41+N41+O41+P41+Q41+R41 -> 0
A42: 41 | B42: Підлісний Володимир Сергійович | S42: =C42+D42+E42+F42+G42+H42+I42+J42+K42+L42+M42+N42+O42+P42+Q42+R42 -> 0
A43: 42 | B43: Григоренко Ілля Олександрович | S43: =C43+D43+E43+F43+G43+H43+I43+J43+K43+L43+M43+N43+O43+P43+Q43+R43 -> 0
A44: 43 | B44: Зінченко Дмитро Володимирович | S44: =C44+D44+E44+F44+G44+H44+I44+J44+K44+L44+M44+N44+O44+P44+Q44+R44 -> 0
A45: 44 | B45: Момот Олексій Миколайович | S45: =C45+D45+E45+F45+G45+H45+I45+J45+K45+L45+M45+N45+O45+P45+Q45+R45 -> 0
A46: 45 | B46: Гребінник Олексій Васильович | S46: =C46+D46+E46+F46+G46+H46+I46+J46+K46+L46+M46+N46+O46+P46+Q46+R46 -> 0
A47: 46 | B47: Ізюмець Олександр Евгенович | S47: =C47+D47+E47+F47+G47+H47+I47+J47+K47+L47+M47+N47+O47+P47+Q47+R47 -> 0
A48: 47 | B48: Маркевич Ігор Ігорьович | S48: =C48+D48+E48+F48+G48+H48+I48+J48+K48+L48+M48+N48+O48+P48+Q48+R48 -> 0
A49: 48 | B49: Раменюк Віталій Сергійович | S49: =C49+D49+E49+F49+G49+H49+I49+J49+K49+L49+M49+N49+O49+P49+Q49+R49 -> 0
A50: 49 | B50: Самогородський Ігор Віталійович | S50: =C50+D50+E50+F50+G50+H50+I50+J50+K50+L50+M50+N50+O50+P50+Q50+R50 -> 0
A51: 50 | B51: Іванова Світлана Юріївна | S51: =C51+D51+E51+F51+G51+H51+I51+J51+K51+L51+M51+N51+O51+P51+Q51+R51 -> 0
A52: 51 | B52: Ісайкіна Тетяна Іванівна | S52: =C52+D52+E52+F52+G52+H52+I52+J52+K52+L52+M52+N52+O52+P52+Q52+R52 -> 0
... A55: 54 | B55: Гусаков Давид Давидович | S55: =C55+D55+E55+F55+G55+H55+I55+J55+K55+L55+M55+N55+O55+P55+Q55+R55 -> 0
A56: 55 | B56: Тужиков Артем Денисович | C56: 24 | D56: 24 | E56: 24 | F56: 24 | S56: =C56+D56+E56+F56+G56+H56+I56+J56+K56+L56+M56+N56+O56+P56+Q56+R56 -> 96
A57: 56 | B57: Ластовка Андрій Михайлович | S57: =C57+D57+E57+F57+G57+H57+I57+J57+K57+L57+M57+N57+O57+P57+Q57+R57 -> 0
A58: 57 | B58: Рубленко Ярослав Михайлович | S58: =C58+D58+E58+F58+G58+H58+I58+J58+K58+L58+M58+N58+O58+P58+Q58+R58 -> 0
A59: 58 | B59: Левченко Вадим Анатолійович | S59: =C59+D59+E59+F59+G59+H59+I59+J59+K59+L59+M59+N59+O59+P59+Q59+R59 -> 0
A60: 59 | B60: Козленко Максим В’ячеславович | S60: =C60+D60+E60+F60+G60+H60+I60+J60+K60+L60+M60+N60+O60+P60+Q60+R60 -> 0
A61: 60 | B61: Шомін Вадим Сергійович | S61: =C61+D61+E61+F61+G61+H61+I61+J61+K61+L61+M61+N61+O61+P61+Q61+R61 -> 0
A62: 61 | B62: Козленко Єгор Максимович | S62: =C62+D62+E62+F62+G62+H62+I62+J62+K62+L62+M62+N62+O62+P62+Q62+R62 -> 0
A63: 62 | B63: Глібико Денис Володимирович | S63: =C63+D63+E63+F63+G63+H63+I63+J63+K63+L63+M63+N63+O63+P63+Q63+R63 -> 0
A64: 63 | B64: Пилипчук Олександр Анатолійович | S64: =C64+D64+E64+F64+G64+H64+I64+J64+K64+L64+M64+N64+O64+P64+Q64+R64 -> 0
A65: 64 | B65: Масливець Ярослав Ігорович | S65: =C65+D65+E65+F65+G65+H65+I65+J65+K65+L65+M65+N65+O65+P65+Q65+R65 -> 0
A66: 65 | B66: Германчук Сергій Сергійович | S66: =C66+D66+E66+F66+G66+H66+I66+J66+K66+L66+M66+N66+O66+P66+Q66+R66 -> 0
A67: 66 | B67: Дзюба Едуард Іванович | S67: =C67+D67+E67+F67+G67+H67+I67+J67+K67+L67+M67+N67+O67+P67+Q67+R67 -> 0
A68: 67 | B68: Туркевич Дмитро Миколайович | S68: =C68+D68+E68+F68+G68+H68+I68+J68+K68+L68+M68+N68+O68+P68+Q68+R68 -> 0
... A71: 70 | B71: Авжабаров Олексій Володимирович | S71: =C71+D71+E71+F71+G71+H71+I71+J71+K71+L71+M71+N71+O71+P71+Q71+R71 -> 0
S72: =C72+D72+E72+F72+G72+H72+I72+J72+K72+L72+M72+N72+O72+P72+Q72+R72 -> 0

Sheet Катеринополь
A1: N | B1: Сотрудник | C1: 16 | D1: 17 | E1: 18 | F1: 19 | G1: 20 | H1: 21 | I1: 22 | J1: 23 | K1: 24 | L1: 25 | M1: 26 | N1: 27 | O1: 28 | P1: 29 | Q1: 30 | R1: 31 | S1: Всего часов
A2: 1 | B2: Багацький Вадим Геннадійович | L2: 11 | M2: 11 | N2: 11 | O2: 11 | P2: 11 | Q2: 6 | S2: =C2+D2+E2+F2+G2+H2+I2+J2+K2+L2+M2+N2+O2+P2+Q2+R2 -> 61
A3: 2 | B3: Васильєв Віталій Юрійович | S3: =C3+D3+E3+F3+G3+H3+I3+J3+K3+L3+M3+N3+O3+P3+Q3+R3 -> 0
A4: 3 | B4: Григоренко Олександр Миколайович | S4: =C4+D4+E4+F4+G4+H4+I4+J4+K4+L4+M4+N4+O4+P4+Q4+R4 -> 0
A5: 4 | B5: Григорьєв Микола Андрійович | S5: =C5+D5+E5+F5+G5+H5+I5+J5+K5+L5+M5+N5+O5+P5+Q5+R5 -> 0
A6: 5 | B6: Григор'єв Михайло Андрійович | S6: =C6+D6+E6+F6+G6+H6+I6+J6+K6+L6+M6+N6+O6+P6+Q6+R6 -> 0
A7: 6 | B7: Іванов Олексій Вікторович | H7: 11 | I7: 10 | L7: 11 | N7: 11 | O7: 11 | P7: 11 | Q7: 6 | S7: =C7+D7+E7+F7+G7+H7+I7+J7+K7+L7+M7+N7+O7+P7+Q7+R7 -> 71
A8: 7 | B8: Іскрицький Денис Русланович | L8: 11 | M8: 11 | S8: =C8+D8+E8+F8+G8+H8+I8+J8+K8+L8+M8+N8+O8+P8+Q8+R8 -> 22
A9: 8 | B9: Корнієнко Станіслав Володимирович | S9: =C9+D9+E9+F9+G9+H9+I9+J9+K9+L9+M9+N9+O9+P9+Q9+R9 -> 0
A10: 9 | B10: Масливець Ігор Валерійович | S10: =C10+D10+E10+F10+G10+H10+I10+J10+K10+L10+M10+N10+O10+P10+Q10+R10 -> 0
A11: 10 | B11: Скрипник Олександр Павлович | S11: =C11+D11+E11+F11+G11+H11+I11+J11+K11+L11+M11+N11+O11+P11+Q11+R11 -> 0
A12: 11 | B12: Паламарчук Вячеслав Володимирович | S12: =C12+D12+E12+F12+G12+H12+I12+J12+K12+L12+M12+N12+O12+P12+Q12+R12 -> 0
A13: 12 | B13: Дехтяр Владислав Олександрович | S13: =C13+D13+E13+F13+G13+H13+I13+J13+K13+L13+M13+N13+O13+P13+Q13+R13 -> 0
A14: 13 | B14: Тужиков Валерій Владиславович | L14: 11 | M14: 11 | N14: 11 | O14: 11 | P14: 11 | S14: =C14+D14+E14+F14+G14+H14+I14+J14+K14+L14+M14+N14+O14+P14+Q14+R14 -> 55
A15: 14 | B15: Сівов Євген Миколайович | H15: 11 | J15: 6 | L15: 11 | M15: 11 | N15: 11 | O15: 11 | P15: 11 | Q15: 6 | S15: =C15+D15+E15+F15+G15+H15+I15+J15+K15+L15+M15+N15+O15+P15+Q15+R15 -> 78
A16: 15 | B16: Кіфор Юрій Михайлович | S16: =C16+D16+E16+F16+G16+H16+I16+J16+K16+L16+M16+N16+O16+P16+Q16+R16 -> 0
A17: 16 | B17: Нестерук Сергій Петрович | S17: =C17+D17+E17+F17+G17+H17+I17+J17+K17+L17+M17+N17+O17+P17+Q17+R17 -> 0
A18: 17 | B18: Петренко Микола Григорович | S18: =C18+D18+E18+F18+G18+H18+I18+J18+K18+L18+M18+N18+O18+P18+Q18+R18 -> 0
A19: 18 | B19: Рубленко Микола Іванович | S19: =C19+D19+E19+F19+G19+H19+I19+J19+K19+L19+M19+N19+O19+P19+Q19+R19 -> 0
A20: 19 | B20: Серебренніков Володимир Олександрович | S20: =C20+D20+E20+F20+G20+H20+I20+J20+K20+L20+M20+N20+O20+P20+Q20+R20 -> 0
A21: 20 | B21: Чешко Сергій Анатолійович | S21: =C21+D21+E21+F21+G21+H21+I21+J21+K21+L21+M21+N21+O21+P21+Q21+R21 -> 0
A22: 21 | B22: Нерезенко Євгеній Віктоорович | S22: =C22+D22+E22+F22+G22+H22+I22+J22+K22+L22+M22+N22+O22+P22+Q22+R22 -> 0
A23: 22 | B23: Шавкун Максим Анатолійович | S23: =C23+D23+E23+F23+G23+H23+I23+J23+K23+L23+M23+N23+O23+P23+Q23+R23 -> 0
A24: 23 | B24: Чуйко Олег Олегович | S24: =C24+D24+E24+F24+G24+H24+I24+J24+K24+L24+M24+N24+O24+P24+Q24+R24 -> 0
A25: 24 | B25: Салюк Дмитро Андрійович | S25: =C25+D25+E25+F25+G25+H25+I25+J25+K25+L25+M25+N25+O25+P25+Q25+R25 -> 0
A26: 25 | B26: Маковецький Юрій Миколайович | H26: 11 | L26: 11 | M26: 11 | N26: 11 | O26: 11 | P26: 11 | Q26: 6 | S26: =C26+D26+E26+F26+G26+H26+I26+J26+K26+L26+M26+N26+O26+P26+Q26+R26 -> 72
A27: 26 | B27: Міненко Олександр Андрійович | S27: =C27+D27+E27+F27+G27+H27+I27+J27+K27+L27+M27+N27+O27+P27+Q27+R27 -> 0
A28: 27 | B28: Салій Дмитро Миколайович | S28: =C28+D28+E28+F28+G28+H28+I28+J28+K28+L28+M28+N28+O28+P28+Q28+R28 -> 0
A29: 28 | B29: Різніченко Олег Олександрович | L29: 11 | M29: 11 | N29: 11 | O29: 11 | P29: 11 | S29: =C29+D29+E29+F29+G29+H29+I29+J29+K29+L29+M29+N29+O29+P29+Q29+R29 -> 55
A30: 29 | B30: Рогозовець Андрій Вікторович | H30: 11 | I30: 11 | J30: 6 | L30: 11 | M30: 11 | N30: 11 | O30: 11 | P30: 11 | Q30: 6 | S30: =C30+D30+E30+F30+G30+H30+I30+J30+K30+L30+M30+N30+O30+P30+Q30+R30 -> 89
A31: 30 | B31: Старков Кирило Юрійович | S31: =C31+D31+E31+F31+G31+H31+I31+J31+K31+L31+M31+N31+O31+P31+Q31+R31 -> 0
A32: 31 | B32: Зубахін Сергій Александрович | S32: =C32+D32+E32+F32+G32+H32+I32+J32+K32+L32+M32+N32+O32+P32+Q32+R32 -> 0
A33: 32 | B33: Корнієнко Віталій Олегович | S33: =C33+D33+E33+F33+G33+H33+I33+J33+K33+L33+M33+N33+O33+P33+Q33+R33 -> 0
A34: 33 | B34: Рубленко Євген Миколайович | S34: =C34+D34+E34+F34+G34+H34+I34+J34+K34+L34+M34+N34+O34+P34+Q34+R34 -> 0
A35: 34 | B35: Форманюк Руслан Леонідович | S35: =C35+D35+E35+F35+G35+H35+I35+J35+K35+L35+M35+N35+O35+P35+Q35+R35 -> 0
A36: 35 | B36: Щербак Петро Іванович | L36: 11 | M36: 11 | S36: =C36+D36+E36+F36+G36+H36+I36+J36+K36+L36+M36+N36+O36+P36+Q36+R36 -> 22
A37: 36 | B37: Онучак Віктор Іванович | H37: 11 | L37: 11 | M37: 11 | N37: 11 | O37: 11 | P37: 11 | S37: =C37+D37+E37+F37+G37+H37+I37+J37+K37+L37+M37+N37+O37+P37+Q37+R37 -> 66
A38: 37 | B38: Кривка Руслан Олександрович | L38: 11 | M38: 11 | N38: 11 | O38: 10 | P38: 7 | S38: =C38+D38+E38+F38+G38+H38+I38+J38+K38+L38+M38+N38+O38+P38+Q38+R38 -> 50
A39: 38 | B39: Батрак Віктор Володимирович | S39: =C39+D39+E39+F39+G39+H39+I39+J39+K39+L39+M39+N39+O39+P39+Q39+R39 -> 0
A40: 39 | B40: Бондаренко Іван Олександрович | S40: =C40+D40+E40+F40+G40+H40+I40+J40+K40+L40+M40+N40+O40+P40+Q40+R40 -> 0
A41: 40 | B41: Токарук Петро Михайлович | S41: =C41+D41+E41+F41+G41+H41+I41+J41+K41+L41+M41+N41+O41+P41+Q41+R41 -> 0
A42: 41 | B42: Підлісний Володимир Сергійович | S42: =C42+D42+E42+F42+G42+H42+I42+J42+K42+L42+M42+N42+O42+P42+Q42+R42 -> 0
A43: 42 | B43: Григоренко Ілля Олександрович | S43: =C43+D43+E43+F43+G43+H43+I43+J43+K43+L43+M43+N43+O43+P43+Q43+R43 -> 0
A44: 43 | B44: Зінченко Дмитро Володимирович | I44: 11 | L44: 11 | M44: 11 | N44: 11 | O44: 11 | P44: 11 | Q44: 6 | S44: =C44+D44+E44+F44+G44+H44+I44+J44+K44+L44+M44+N44+O44+P44+Q44+R44 -> 72
A45: 44 | B45: Момот Олексій Миколайович | I45: 11 | S45: =C45+D45+E45+F45+G45+H45+I45+J45+K45+L45+M45+N45+O45+P45+Q45+R45 -> 11
A46: 45 | B46: Гребінник Олексій Васильович | J46: 6 | L46: 11 | M46: 11 | N46: 11 | O46: 11 | P46: 11 | Q46: 6 | S46: =C46+D46+E46+F46+G46+H46+I46+J46+K46+L46+M46+N46+O46+P46+Q46+R46 -> 67
A47: 46 | B47: Ізюмець Олександр Евгенович | S47: =C47+D47+E47+F47+G47+H47+I47+J47+K47+L47+M47+N47+O47+P47+Q47+R47 -> 0
A48: 47 | B48: Маркевич Ігор Ігорьович | L48: 11 | M48: 11 | N48: 11 | O48: 11 | P48: 11 | Q48: 6 | S48: =C48+D48+E48+F48+G48+H48+I48+J48+K48+L48+M48+N48+O48+P48+Q48+R48 -> 61
A49: 48 | B49: Раменюк Віталій Сергійович | S49: =C49+D49+E49+F49+G49+H49+I49+J49+K49+L49+M49+N49+O49+P49+Q49+R49 -> 0
A50: 49 | B50: Самогородський Ігор Віталійович | I50: 11 | L50: 11 | S50: =C50+D50+E50+F50+G50+H50+I50+J50+K50+L50+M50+N50+O50+P50+Q50+R50 -> 22
A51: 50 | B51: Іванова Світлана Юріївна | S51: =C51+D51+E51+F51+G51+H51+I51+J51+K51+L51+M51+N51+O51+P51+Q51+R51 -> 0
A52: 51 | B52: Ісайкіна Тетяна Іванівна | S52: =C52+D52+E52+F52+G52+H52+I52+J52+K52+L52+M52+N52+O52+P52+Q52+R52 -> 0
A53: 52 | B53: Деркс Сергій Анатолійович | S53: =C53+D53+E53+F53+G53+H53+I53+J53+K53+L53+M53+N53+O53+P53+Q53+R53 -> 0
A54: 53 | B54: Гусаков Роман Давидович | S54: =C54+D54+E54+F54+G54+H54+I54+J54+K54+L54+M54+N54+O54+P54+Q54+R54 -> 0
A55: 54 | B55: Гусаков Давид Давидович | S55: =C55+D55+E55+F55+G55+H55+I55+J55+K55+L55+M55+N55+O55+P55+Q55+R55 -> 0
A56: 55 | B56: Тужиков Артем Денисович | S56: =C56+D56+E56+F56+G56+H56+I56+J56+K56+L56+M56+N56+O56+P56+Q56+R56 -> 0
A57: 56 | B57: Ластовка Андрій Михайлович | S57: =C57+D57+E57+F57+G57+H57+I57+J57+K57+L57+M57+N57+O57+P57+Q57+R57 -> 0
A58: 57 | B58: Рубленко Ярослав Михайлович | S58: =C58+D58+E58+F58+G58+H58+I58+J58+K58+L58+M58+N58+O58+P58+Q58+R58 -> 0
A59: 58 | B59: Левченко Вадим Анатолійович | S59: =C59+D59+E59+F59+G59+H59+I59+J59+K59+L59+M59+N59+O59+P59+Q59+R59 -> 0
A60: 59 | B60: Козленко Максим В’ячеславович | L60: 0 | S60: =C60+D60+E60+F60+G60+H60+I60+J60+K60+L60+M60+N60+O60+P60+Q60+R60 -> 0
A61: 60 | B61: Шомін Вадим Сергійович | I61: 11 | J61: 6 | L61: 10 | M61: 11 | N61: 11 | O61: 11 | P61: 11 | Q61: 6 | S61: =C61+D61+E61+F61+G61+H61+I61+J61+K61+L61+M61+N61+O61+P61+Q61+R61 -> 77
A62: 61 | B62: Козленко Єгор Максимович | S62: =C62+D62+E62+F62+G62+H62+I62+J62+K62+L62+M62+N62+O62+P62+Q62+R62 -> 0
A63: 62 | B63: Глібико Денис Володимирович | S63: =C63+D63+E63+F63+G63+H63+I63+J63+K63+L63+M63+N63+O63+P63+Q63+R63 -> 0
A64: 63 | B64: Пилипчук Олександр Анатолійович | S64: =C64+D64+E64+F64+G64+H64+I64+J64+K64+L64+M64+N64+O64+P64+Q64+R64 -> 0
A65: 64 | B65: Масливець Ярослав Ігорович | S65: =C65+D65+E65+F65+G65+H65+I65+J65+K65+L65+M65+N65+O65+P65+Q65+R65 -> 0
A66: 65 | B66: Германчук Сергій Сергійович | S66: =C66+D66+E66+F66+G66+H66+I66+J66+K66+L66+M66+N66+O66+P66+Q66+R66 -> 0
A67: 66 | B67: Дзюба Едуард Іванович | S67: =C67+D67+E67+F67+G67+H67+I67+J67+K67+L67+M67+N67+O67+P67+Q67+R67 -> 0
A68: 67 | B68: Туркевич Дмитро Миколайович | S68: =C68+D68+E68+F68+G68+H68+I68+J68+K68+L68+M68+N68+O68+P68+Q68+R68 -> 0
A69: 68 | B69: Петров Михайло Олександрович | S69: =C69+D69+E69+F69+G69+H69+I69+J69+K69+L69+M69+N69+O69+P69+Q69+R69 -> 0
A70: 69 | B70: Кобяковский Іван Олександрович | L70: 11 | M70: 9 | N70: 11 | S70: =C70+D70+E70+F70+G70+H70+I70+J70+K70+L70+M70+N70+O70+P70+Q70+R70 -> 31
A71: 70 | B71: Авжабаров Олексій Володимирович | S71: =C71+D71+E71+F71+G71+H71+I71+J71+K71+L71+M71+N71+O71+P71+Q71+R71 -> 0
S72: =C72+D72+E72+F72+G72+H72+I72+J72+K72+L72+M72+N72+O72+P72+Q72+R72 -> 0

Sheet Червоний хрест
A1: N | B1: Сотрудник | C1: 16 | D1: 17 | E1: 18 | F1: 19 | G1: 20 | H1: 21 | I1: 22 | J1: 23 | K1: 24 | L1: 25 | M1: 26 | N1: 27 | O1: 28 | P1: 29 | Q1: 30 | R1: 31 | S1: Всего часов
A2: 1 | B2: Багацький Вадим Геннадійович | S2: =C2+D2+E2+F2+G2+H2+I2+J2+K2+L2+M2+N2+O2+P2+Q2+R2 -> 0
A3: 2 | B3: Васильєв Віталій Юрійович | S3: =C3+D3+E3+F3+G3+H3+I3+J3+K3+L3+M3+N3+O3+P3+Q3+R3 -> 0
A4: 3 | B4: Григоренко Олександр Миколайович | S4: =C4+D4+E4+F4+G4+H4+I4+J4+K4+L4+M4+N4+O4+P4+Q4+R4 -> 0
A5: 4 | B5: Григорьєв Микола Андрійович | S5: =C5+D5+E5+F5+G5+H5+I5+J5+K5+L5+M5+N5+O5+P5+Q5+R5 -> 0
A6: 5 | B6: Григор'єв Михайло Андрійович | S6: =C6+D6+E6+F6+G6+H6+I6+J6+K6+L6+M6+N6+O6+P6+Q6+R6 -> 0
A7: 6 | B7: Іванов Олексій Вікторович | S7: =C7+D7+E7+F7+G7+H7+I7+J7+K7+L7+M7+N7+O7+P7+Q7+R7 -> 0
A8: 7 | B8: Іскрицький Денис Русланович | N8: 24 | O8: 24 | P8: 24 | S8: =C8+D8+E8+F8+G8+H8+I8+J8+K8+L8+M8+N8+O8+P8+Q8+R8 -> 72
A9: 8 | B9: Корнієнко Станіслав Володимирович | S9: =C9+D9+E9+F9+G9+H9+I9+J9+K9+L9+M9+N9+O9+P9+Q9+R9 -> 0
A10: 9 | B10: Масливець Ігор Валерійович | S10: =C10+D10+E10+F10+G10+H10+I10+J10+K10+L10+M10+N10+O10+P10+Q10+R10 -> 0
A11: 10 | B11: Скрипник Олександр Павлович | S11: =C11+D11+E11+F11+G11+H11+I11+J11+K11+L11+M11+N11+O11+P11+Q11+R11 -> 0
A12: 11 | B12: Паламарчук Вячеслав Володимирович | S12: =C12+D12+E12+F12+G12+H12+I12+J12+K12+L12+M12+N12+O12+P12+Q12+R12 -> 0
A13: 12 | B13: Дехтяр Владислав Олександрович | S13: =C13+D13+E13+F13+G13+H13+I13+J13+K13+L13+M13+N13+O13+P13+Q13+R13 -> 0
A14: 13 | B14: Тужиков Валерій Владиславович | S14: =C14+D14+E14+F14+G14+H14+I14+J14+K14+L14+M14+N14+O14+P14+Q14+R14 -> 0
A15: 14 | B15: Сівов Євген Миколайович | S15: =C15+D15+E15+F15+G15+H15+I15+J15+K15+L15+M15+N15+O15+P15+Q15+R15 -> 0
A16: 15 | B16: Кіфор Юрій Михайлович | S16: =C16+D16+E16+F16+G16+H16+I16+J16+K16+L16+M16+N16+O16+P16+Q16+R16 -> 0
A17: 16 | B17: Нестерук Сергій Петрович | S17: =C17+D17+E17+F17+G17+H17+I17+J17+K17+L17+M17+N17+O17+P17+Q17+R17 -> 0
A18: 17 | B18: Петренко Микола Григорович | S18: =C18+D18+E18+F18+G18+H18+I18+J18+K18+L18+M18+N18+O18+P18+Q18+R18 -> 0
A19: 18 | B19: Рубленко Микола Іванович | S19: =C19+D19+E19+F19+G19+H19+I19+J19+K19+L19+M19+N19+O19+P19+Q19+R19 -> 0
A20: 19 | B20: Серебренніков Володимир Олександрович | S20: =C20+D20+E20+F20+G20+H20+I20+J20+K20+L20+M20+N20+O20+P20+Q20+R20 -> 0
... A35: 34 | B35: Форманюк Руслан Леонідович | S35: =C35+D35+E35+F35+G35+H35+I35+J35+K35+L35+M35+N35+O35+P35+Q35+R35 -> 0
A36: 35 | B36: Щербак Петро Іванович | N36: 24 | O36: 24 | P36: 24 | S36: =C36+D36+E36+F36+G36+H36+I36+J36+K36+L36+M36+N36+O36+P36+Q36+R36 -> 72
A37: 36 | B37: Онучак Віктор Іванович | S37: =C37+D37+E37+F37+G37+H37+I37+J37+K37+L37+M37+N37+O37+P37+Q37+R37 -> 0
A38: 37 | B38: Кривка Руслан Олександрович | S38: =C38+D38+E38+F38+G38+H38+I38+J38+K38+L38+M38+N38+O38+P38+Q38+R38 -> 0
A39: 38 | B39: Батрак Віктор Володимирович | S39: =C39+D39+E39+F39+G39+H39+I39+J39+K39+L39+M39+N39+O39+P39+Q39+R39 -> 0
A40: 39 | B40: Бондаренко Іван Олександрович | S40: =C40+D40+E40+F40+G40+H40+I40+J40+K40+L40+M40+N40+O40+P40+Q40+R40 -> 0
A41: 40 | B41: Токарук Петро Михайлович | S41: =C41+D41+E41+F41+G41+H41+I41+J41+K41+L41+M41+N41+O41+P41+Q41+R41 -> 0
A42: 41 | B42: Підлісний Володимир Сергійович | S42: =C42+D42+E42+F42+G42+H42+I42+J42+K42+L42+M42+N42+O42+P42+Q42+R42 -> 0
A43: 42 | B43: Григоренко Ілля Олександрович | S43: =C43+D43+E43+F43+G43+H43+I43+J43+K43+L43+M43+N43+O43+P43+Q43+R43 -> 0
A44: 43 | B44: Зінченко Дмитро Володимирович | S44: =C44+D44+E44+F44+G44+H44+I44+J44+K44+L44+M44+N44+O44+P44+Q44+R44 -> 0
A45: 44 | B45: Момот Олексій Миколайович | S45: =C45+D45+E45+F45+G45+H45+I45+J45+K45+L45+M45+N45+O45+P45+Q45+R45 -> 0
A46: 45 | B46: Гребінник Олексій Васильович | S46: =C46+D46+E46+F46+G46+H46+I46+J46+K46+L46+M46+N46+O46+P46+Q46+R46 -> 0
A47: 46 | B47: Ізюмець Олександр Евгенович | S47: =C47+D47+E47+F47+G47+H47+I47+J47+K47+L47+M47+N47+O47+P47+Q47+R47 -> 0
A48: 47 | B48: Маркевич Ігор Ігорьович | S48: =C48+D48+E48+F48+G48+H48+I48+J48+K48+L48+M48+N48+O48+P48+Q48+R48 -> 0
... A71: 70 | B71: Авжабаров Олексій Володимирович | S71: =C71+D71+E71+F71+G71+H71+I71+J71+K71+L71+M71+N71+O71+P71+Q71+R71 -> 0
S72: =C72+D72+E72+F72+G72+H72+I72+J72+K72+L72+M72+N72+O72+P72+Q72+R72 -> 0

Sheet ООН 2025
A1: N | B1: Сотрудник | C1: 16 | D1: 17 | E1: 18 | F1: 19 | G1: 20 | H1: 21 | I1: 22 | J1: 23 | K1: 24 | L1: 25 | M1: 26 | N1: 27 | O1: 28 | P1: 29 | Q1: 30 | R1: 31 | S1: Всего часов
A2: 1 | B2: Багацький Вадим Геннадійович | S2: =C2+D2+E2+F2+G2+H2+I2+J2+K2+L2+M2+N2+O2+P2+Q2+R2 -> 0
A3: 2 | B3: Васильєв Віталій Юрійович | S3: =C3+D3+E3+F3+G3+H3+I3+J3+K3+L3+M3+N3+O3+P3+Q3+R3 -> 0
A4: 3 | B4: Григоренко Олександр Миколайович | S4: =C4+D4+E4+F4+G4+H4+I4+J4+K4+L4+M4+N4+O4+P4+Q4+R4 -> 0
A5: 4 | B5: Григорьєв Микола Андрійович | E5: 11 | F5: 11 | G5: 11 | H5: 11 | I5: 11 | J5: 6 | L5: 11 | M5: 11 | N5: 11 | O5: 11 | P5: 11 | S5: =C5+D5+E5+F5+G5+H5+I5+J5+K5+L5+M5+N5+O5+P5+Q5+R5 -> 116
A6: 5 | B6: Григор'єв Михайло Андрійович | L6: 11 | M6: 11 | N6: 11 | O6: 11 | P6: 11 | S6: =C6+D6+E6+F6+G6+H6+I6+J6+K6+L6+M6+N6+O6+P6+Q6+R6 -> 55
A7: 6 | B7: Іванов Олексій Вікторович | S7: =C7+D7+E7+F7+G7+H7+I7+J7+K7+L7+M7+N7+O7+P7+Q7+R7 -> 0
A8: 7 | B8: Іскрицький Денис Русланович | S8: =C8+D8+E8+F8+G8+H8+I8+J8+K8+L8+M8+N8+O8+P8+Q8+R8 -> 0
A9: 8 | B9: Корнієнко Станіслав Володимирович | S9: =C9+D9+E9+F9+G9+H9+I9+J9+K9+L9+M9+N9+O9+P9+Q9+R9 -> 0
A10: 9 | B10: Масливець Ігор Валерійович | C10: 6 | E10: 11 | F10: 11 | G10: 11 | H10: 11 | I10: 11 | J10: 6 | L10: 11 | M10: 11 | N10: 11 | O10: 11 | P10: 11 | Q10: 6 | S10: =C10+D10+E10+F10+G10+H10+I10+J10+K10+L10+M10+N10+O10+P10+Q10+R10 -> 128
A11: 10 | B11: Скрипник Олександр Павлович | E11: 11 | F11: 11 | G11: 11 | H11: 11 | I11: 11 | L11: 11 | M11: 11 | N11: 11 | O11: 11 | P11: 11 | S11: =C11+D11+E11+F11+G11+H11+I11+J11+K11+L11+M11+N11+O11+P11+Q11+R11 -> 110
A12: 11 | B12: Паламарчук Вячеслав Володимирович | E12: 11 | F12: 11 | G12: 11 | H12: 11 | I12: 11 | J12: 6 | L12: 11 | M12: 11 | N12: 11 | O12: 11 | P12: 11 | Q12: 6 | S12: =C12+D12+E12+F12+G12+H12+I12+J12+K12+L12+M12+N12+O12+P12+Q12+R12 -> 122
A13: 12 | B13: Дехтяр Владислав Олександрович | S13: =C13+D13+E13+F13+G13+H13+I13+J13+K13+L13+M13+N13+O13+P13+Q13+R13 -> 0
A14: 13 | B14: Тужиков Валерій Владиславович | S14: =C14+D14+E14+F14+G14+H14+I14+J14+K14+L14+M14+N14+O14+P14+Q14+R14 -> 0
A15: 14 | B15: Сівов Євген Миколайович | S15: =C15+D15+E15+F15+G15+H15+I15+J15+K15+L15+M15+N15+O15+P15+Q15+R15 -> 0
A16: 15 | B16: Кіфор Юрій Михайлович | C16: 6 | E16: 11 | F16: 11 | G16: 11 | H16: 11 | I16: 11 | J16: 6 | L16: 11 | M16: 11 | N16: 11 | O16: 11 | P16: 11 | Q16: 6 | S16: =C16+D16+E16+F16+G16+H16+I16+J16+K16+L16+M16+N16+O16+P16+Q16+R16 -> 128
A17: 16 | B17: Нестерук Сергій Петрович | S17: =C17+D17+E17+F17+G17+H17+I17+J17+K17+L17+M17+N17+O17+P17+Q17+R17 -> 0
A18: 17 | B18: Петренко Микола Григорович | H18: 9 | I18: 9 | J18: 6 | M18: 9 | N18: 9 | P18: 9 | Q18: 6 | S18: =C18+D18+E18+F18+G18+H18+I18+J18+K18+L18+M18+N18+O18+P18+Q18+R18 -> 57
A19: 18 | B19: Рубленко Микола Іванович | E19: 11 | F19: 11 | G19: 11 | H19: 11 | I19: 11 | L19: 11 | M19: 11 | N19: 11 | O19: 11 | P19: 11 | S19: =C19+D19+E19+F19+G19+H19+I19+J19+K19+L19+M19+N19+O19+P19+Q19+R19 -> 110
A20: 19 | B20: Серебренніков Володимир Олександрович | P20: 11 | Q20: 6 | S20: =C20+D20+E20+F20+G20+H20+I20+J20+K20+L20+M20+N20+O20+P20+Q20+R20 -> 17
A21: 20 | B21: Чешко Сергій Анатолійович | S21: =C21+D21+E21+F21+G21+H21+I21+J21+K21+L21+M21+N21+O21+P21+Q21+R21 -> 0
A22: 21 | B22: Нерезенко Євгеній Віктоорович | S22: =C22+D22+E22+F22+G22+H22+I22+J22+K22+L22+M22+N22+O22+P22+Q22+R22 -> 0
A23: 22 | B23: Шавкун Максим Анатолійович | S23: =C23+D23+E23+F23+G23+H23+I23+J23+K23+L23+M23+N23+O23+P23+Q23+R23 -> 0
A24: 23 | B24: Чуйко Олег Олегович | C24: 4 | E24: 11 | F24: 11 | G24: 11 | H24: 11 | I24: 11 | J24: 6 | L24: 11 | M24: 11 | N24: 11 | O24: 11 | P24: 11 | Q24: 6 | S24: =C24+D24+E24+F24+G24+H24+I24+J24+K24+L24+M24+N24+O24+P24+Q24+R24 -> 126
A25: 24 | B25: Салюк Дмитро Андрійович | E25: 11 | F25: 11 | G25: 10 | H25: 11 | I25: 11 | L25: 11 | M25: 11 | N25: 11 | O25: 11 | P25: 11 | S25: =C25+D25+E25+F25+G25+H25+I25+J25+K25+L25+M25+N25+O25+P25+Q25+R25 -> 109
A26: 25 | B26: Маковецький Юрій Миколайович | S26: =C26+D26+E26+F26+G26+H26+I26+J26+K26+L26+M26+N26+O26+P26+Q26+R26 -> 0
A27: 26 | B27: Міненко Олександр Андрійович | S27: =C27+D27+E27+F27+G27+H27+I27+J27+K27+L27+M27+N27+O27+P27+Q27+R27 -> 0
A28: 27 | B28: Салій Дмитро Миколайович | S28: =C28+D28+E28+F28+G28+H28+I28+J28+K28+L28+M28+N28+O28+P28+Q28+R28 -> 0
A29: 28 | B29: Різніченко Олег Олександрович | S29: =C29+D29+E29+F29+G29+H29+I29+J29+K29+L29+M29+N29+O29+P29+Q29+R29 -> 0
A30: 29 | B30: Рогозовець Андрій Вікторович | S30: =C30+D30+E30+F30+G30+H30+I30+J30+K30+L30+M30+N30+O30+P30+Q30+R30 -> 0
A31: 30 | B31: Старков Кирило Юрійович | S31: =C31+D31+E31+F31+G31+H31+I31+J31+K31+L31+M31+N31+O31+P31+Q31+R31 -> 0
A32: 31 | B32: Зубахін Сергій Александрович | S32: =C32+D32+E32+F32+G32+H32+I32+J32+K32+L32+M32+N32+O32+P32+Q32+R32 -> 0
A33: 32 | B33: Корнієнко Віталій Олегович | G33: 24 | H33: 24 | I33: 24 | J33: 24 | K33: 24 | L33: 24 | N33: 24 | O33: 24 | P33: 24 | Q33: 24 | S33: =C33+D33+E33+F33+G33+H33+I33+J33+K33+L33+M33+N33+O33+P33+Q33+R33 -> 240
A34: 33 | B34: Рубленко Євген Миколайович | S34: =C34+D34+E34+F34+G34+H34+I34+J34+K34+L34+M34+N34+O34+P34+Q34+R34 -> 0
A35: 34 | B35: Форманюк Руслан Леонідович | S35: =C35+D35+E35+F35+G35+H35+I35+J35+K35+L35+M35+N35+O35+P35+Q35+R35 -> 0
A36: 35 | B36: Щербак Петро Іванович | G36: 24 | S36: =C36+D36+E36+F36+G36+H36+I36+J36+K36+L36+M36+N36+O36+P36+Q36+R36 -> 24
A37: 36 | B37: Онучак Віктор Іванович | S37: =C37+D37+E37+F37+G37+H37+I37+J37+K37+L37+M37+N37+O37+P37+Q37+R37 -> 0
A38: 37 | B38: Кривка Руслан Олександрович | S38: =C38+D38+E38+F38+G38+H38+I38+J38+K38+L38+M38+N38+O38+P38+Q38+R38 -> 0
A39: 38 | B39: Батрак Віктор Володимирович | S39: =C39+D39+E39+F39+G39+H39+I39+J39+K39+L39+M39+N39+O39+P39+Q39+R39 -> 0
A40: 39 | B40: Бондаренко Іван Олександрович | G40: 24 | H40: 24 | I40: 24 | J40: 24 | K40: 24 | L40: 24 | M40: 24 | N40: 24 | O40: 24 | P40: 24 | Q40: 24 | S40: =C40+D40+E40+F40+G40+H40+I40+J40+K40+L40+M40+N40+O40+P40+Q40+R40 -> 264
A41: 40 | B41: Токарук Петро Михайлович | S41: =C41+D41+E41+F41+G41+H41+I41+J41+K41+L41+M41+N41+O41+P41+Q41+R41 -> 0
A42: 41 | B42: Підлісний Володимир Сергійович | E42: 11 | F42: 11 | G42: 11 | H42: 11 | I42: 7 | J42: 6 | L42: 11 | M42: 11 | N42: 11 | O42: 11 | Q42: 6 | S42: =C42+D42+E42+F42+G42+H42+I42+J42+K42+L42+M42+N42+O42+P42+Q42+R42 -> 107
A43: 42 | B43: Григоренко Ілля Олександрович | E43: 11 | F43: 11 | G43: 11 | H43: 9 | I43: 11 | J43: 6 | L43: 11 | M43: 11 | N43: 11 | O43: 11 | P43: 11 | Q43: 6 | S43: =C43+D43+E43+F43+G43+H43+I43+J43+K43+L43+M43+N43+O43+P43+Q43+R43 -> 120
A44: 43 | B44: Зінченко Дмитро Володимирович | G44: 11 | S44: =C44+D44+E44+F44+G44+H44+I44+J44+K44+L44+M44+N44+O44+P44+Q44+R44 -> 11
A45: 44 | B45: Момот Олексій Миколайович | S45: =C45+D45+E45+F45+G45+H45+I45+J45+K45+L45+M45+N45+O45+P45+Q45+R45 -> 0
A46: 45 | B46: Гребінник Олексій Васильович | S46: =C46+D46+E46+F46+G46+H46+I46+J46+K46+L46+M46+N46+O46+P46+Q46+R46 -> 0
A47: 46 | B47: Ізюмець Олександр Евгенович | E47: 11 | F47: 11 | G47: 11 | H47: 11 | I47: 11 | L47: 11 | M47: 11 | N47: 11 | O47: 11 | P47: 11 | S47: =C47+D47+E47+F47+G47+H47+I47+J47+K47+L47+M47+N47+O47+P47+Q47+R47 -> 110
A48: 47 | B48: Маркевич Ігор Ігорьович | S48: =C48+D48+E48+F48+G48+H48+I48+J48+K48+L48+M48+N48+O48+P48+Q48+R48 -> 0
A49: 48 | B49: Раменюк Віталій Сергійович | S49: =C49+D49+E49+F49+G49+H49+I49+J49+K49+L49+M49+N49+O49+P49+Q49+R49 -> 0
A50: 49 | B50: Самогородський Ігор Віталійович | S50: =C50+D50+E50+F50+G50+H50+I50+J50+K50+L50+M50+N50+O50+P50+Q50+R50 -> 0
A51: 50 | B51: Іванова Світлана Юріївна | S51: =C51+D51+E51+F51+G51+H51+I51+J51+K51+L51+M51+N51+O51+P51+Q51+R51 -> 0
A52: 51 | B52: Ісайкіна Тетяна Іванівна | S52: =C52+D52+E52+F52+G52+H52+I52+J52+K52+L52+M52+N52+O52+P52+Q52+R52 -> 0
A53: 52 | B53: Деркс Сергій Анатолійович | C53: 6 | E53: 11 | F53: 11 | G53: 11 | H53: 11 | I53: 11 | J53: 6 | L53: 11 | M53: 11 | N53: 11 | O53: 11 | P53: 11 | Q53: 6 | S53: =C53+D53+E53+F53+G53+H53+I53+J53+K53+L53+M53+N53+O53+P53+Q53+R53 -> 128
A54: 53 | B54: Гусаков Роман Давидович | E54: 11 | F54: 11 | G54: 11 | H54: 7 | I54: 11 | J54: 6 | L54: 11 | M54: 5 | N54: 11 | O54: 11 | P54: 11 | Q54: 6 | S54: =C54+D54+E54+F54+G54+H54+I54+J54+K54+L54+M54+N54+O54+P54+Q54+R54 -> 112
A55: 54 | B55: Гусаков Давид Давидович | C55: 6 | E55: 11 | F55: 11 | G55: 9 | H55: 11 | I55: 11 | J55: 6 | L55: 11 | M55: 11 | N55: 11 | O55: 11 | P55: 11 | Q55: 6 | S55: =C55+D55+E55+F55+G55+H55+I55+J55+K55+L55+M55+N55+O55+P55+Q55+R55 -> 126
A56: 55 | B56: Тужиков Артем Денисович | G56: 24 | H56: 24 | I56: 24 | J56: 24 | K56: 24 | L56: 24 | M56: 24 | N56: 24 | O56: 24 | P56: 24 | Q56: 24 | S56: =C56+D56+E56+F56+G56+H56+I56+J56+K56+L56+M56+N56+O56+P56+Q56+R56 -> 264
A57: 56 | B57: Ластовка Андрій Михайлович | S57: =C57+D57+E57+F57+G57+H57+I57+J57+K57+L57+M57+N57+O57+P57+Q57+R57 -> 0
A58: 57 | B58: Рубленко Ярослав Михайлович | F58: 11 | G58: 7 | H58: 11 | I58: 11 | L58: 11 | M58: 11 | O58: 10 | S58: =C58+D58+E58+F58+G58+H58+I58+J58+K58+L58+M58+N58+O58+P58+Q58+R58 -> 72
A59: 58 | B59: Левченко Вадим Анатолійович | S59: =C59+D59+E59+F59+G59+H59+I59+J59+K59+L59+M59+N59+O59+P59+Q59+R59 -> 0
A60: 59 | B60: Козленко Максим В’ячеславович | S60: =C60+D60+E60+F60+G60+H60+I60+J60+K60+L60+M60+N60+O60+P60+Q60+R60 -> 0
A61: 60 | B61: Шомін Вадим Сергійович | S61: =C61+D61+E61+F61+G61+H61+I61+J61+K61+L61+M61+N61+O61+P61+Q61+R61 -> 0
A62: 61 | B62: Козленко Єгор Максимович | S62: =C62+D62+E62+F62+G62+H62+I62+J62+K62+L62+M62+N62+O62+P62+Q62+R62 -> 0
A63: 62 | B63: Глібико Денис Володимирович | S63: =C63+D63+E63+F63+G63+H63+I63+J63+K63+L63+M63+N63+O63+P63+Q63+R63 -> 0
A64: 63 | B64: Пилипчук Олександр Анатолійович | S64: =C64+D64+E64+F64+G64+H64+I64+J64+K64+L64+M64+N64+O64+P64+Q64+R64 -> 0
A65: 64 | B65: Масливець Ярослав Ігорович | S65: =C65+D65+E65+F65+G65+H65+I65+J65+K65+L65+M65+N65+O65+P65+Q65+R65 -> 0
A66: 65 | B66: Германчук Сергій Сергійович | S66: =C66+D66+E66+F66+G66+H66+I66+J66+K66+L66+M66+N66+O66+P66+Q66+R66 -> 0
A67: 66 | B67: Дзюба Едуард Іванович | S67: =C67+D67+E67+F67+G67+H67+I67+J67+K67+L67+M67+N67+O67+P67+Q67+R67 -> 0
A68: 67 | B68: Туркевич Дмитро Миколайович | E68: 11 | F68: 11 | G68: 11 | H68: 11 | I68: 7 | J68: 6 | M68: 11 | N68: 11 | O68: 11 | Q68: 6 | S68: =C68+D68+E68+F68+G68+H68+I68+J68+K68+L68+M68+N68+O68+P68+Q68+R68 -> 96
A69: 68 | B69: Петров Михайло Олександрович | C69: 6 | E69: 11 | F69: 11 | G69: 11 | H69: 11 | I69: 11 | L69: 11 | M69: 11 | N69: 11 | O69: 11 | P69: 11 | Q69: 6 | S69: =C69+D69+E69+F69+G69+H69+I69+J69+K69+L69+M69+N69+O69+P69+Q69+R69 -> 122
A70: 69 | B70: Кобяковский Іван Олександрович | S70: =C70+D70+E70+F70+G70+H70+I70+J70+K70+L70+M70+N70+O70+P70+Q70+R70 -> 0
A71: 70 | B71: Авжабаров Олексій Володимирович | S71: =C71+D71+E71+F71+G71+H71+I71+J71+K71+L71+M71+N71+O71+P71+Q71+R71 -> 0
S72: =C72+D72+E72+F72+G72+H72+I72+J72+K72+L72+M72+N72+O72+P72+Q72+R72 -> 0

Sheet Кернел
A1: N | B1: Сотрудник | C1: 16 | D1: 17 | E1: 18 | F1: 19 | G1: 20 | H1: 21 | I1: 22 | J1: 23 | K1: 24 | L1: 25 | M1: 26 | N1: 27 | O1: 28 | P1: 29 | Q1: 30 | R1: 31 | S1: Всего часов
A2: 1 | B2: Багацький Вадим Геннадійович | S2: =C2+D2+E2+F2+G2+H2+I2+J2+K2+L2+M2+N2+O2+P2+Q2+R2 -> 0
A3: 2 | B3: Васильєв Віталій Юрійович | S3: =C3+D3+E3+F3+G3+H3+I3+J3+K3+L3+M3+N3+O3+P3+Q3+R3 -> 0
A4: 3 | B4: Григоренко Олександр Миколайович | C4: 24 | D4: 24 | E4: 24 | F4: 24 | G4: 24 | H4: 24 | I4: 24 | L4: 24 | M4: 24 | N4: 24 | O4: 24 | P4: 24 | Q4: 24 | R4: 24 | S4: =C4+D4+E4+F4+G4+H4+I4+J4+K4+L4+M4+N4+O4+P4+Q4+R4 -> 336
A5: 4 | B5: Григорьєв Микола Андрійович | S5: =C5+D5+E5+F5+G5+H5+I5+J5+K5+L5+M5+N5+O5+P5+Q5+R5 -> 0
A6: 5 | B6: Григор'єв Михайло Андрійович | S6: =C6+D6+E6+F6+G6+H6+I6+J6+K6+L6+M6+N6+O6+P6+Q6+R6 -> 0
A7: 6 | B7: Іванов Олексій Вікторович | S7: =C7+D7+E7+F7+G7+H7+I7+J7+K7+L7+M7+N7+O7+P7+Q7+R7 -> 0
A8: 7 | B8: Іскрицький Денис Русланович | S8: =C8+D8+E8+F8+G8+H8+I8+J8+K8+L8+M8+N8+O8+P8+Q8+R8 -> 0
A9: 8 | B9: Корнієнко Станіслав Володимирович | C9: 24 | D9: 24 | E9: 24 | F9: 24 | G9: 24 | H9: 24 | I9: 24 | J9: 24 | K9: 24 | L9: 24 | M9: 24 | N9: 24 | O9: 24 | P9: 24 | R9: 24 | S9: =C9+D9+E9+F9+G9+H9+I9+J9+K9+L9+M9+N9+O9+P9+Q9+R9 -> 360
A10: 9 | B10: Масливець Ігор Валерійович | S10: =C10+D10+E10+F10+G10+H10+I10+J10+K10+L10+M10+N10+O10+P10+Q10+R10 -> 0
A11: 10 | B11: Скрипник Олександр Павлович | S11: =C11+D11+E11+F11+G11+H11+I11+J11+K11+L11+M11+N11+O11+P11+Q11+R11 -> 0
A12: 11 | B12: Паламарчук Вячеслав Володимирович | S12: =C12+D12+E12+F12+G12+H12+I12+J12+K12+L12+M12+N12+O12+P12+Q12+R12 -> 0
A13: 12 | B13: Дехтяр Владислав Олександрович | C13: 24 | D13: 24 | E13: 24 | F13: 24 | G13: 24 | I13: 24 | J13: 24 | K13: 24 | M13: 24 | N13: 24 | O13: 24 | P13: 24 | Q13: 24 | R13: 24 | S13: =C13+D13+E13+F13+G13+H13+I13+J13+K13+L13+M13+N13+O13+P13+Q13+R13 -> 336
A14: 13 | B14: Тужиков Валерій Владиславович | S14: =C14+D14+E14+F14+G14+H14+I14+J14+K14+L14+M14+N14+O14+P14+Q14+R14 -> 0
A15: 14 | B15: Сівов Євген Миколайович | S15: =C15+D15+E15+F15+G15+H15+I15+J15+K15+L15+M15+N15+O15+P15+Q15+R15 -> 0
A16: 15 | B16: Кіфор Юрій Михайлович | S16: =C16+D16+E16+F16+G16+H16+I16+J16+K16+L16+M16+N16+O16+P16+Q16+R16 -> 0
A17: 16 | B17: Нестерук Сергій Петрович | S17: =C17+D17+E17+F17+G17+H17+I17+J17+K17+L17+M17+N17+O17+P17+Q17+R17 -> 0
A18: 17 | B18: Петренко Микола Григорович | S18: =C18+D18+E18+F18+G18+H18+I18+J18+K18+L18+M18+N18+O18+P18+Q18+R18 -> 0
A19: 18 | B19: Рубленко Микола Іванович | S19: =C19+D19+E19+F19+G19+H19+I19+J19+K19+L19+M19+N19+O19+P19+Q19+R19 -> 0
A20: 19 | B20: Серебренніков Володимир Олександрович | S20: =C20+D20+E20+F20+G20+H20+I20+J20+K20+L20+M20+N20+O20+P20+Q20+R20 -> 0
A21: 20 | B21: Чешко Сергій Анатолійович | S21: =C21+D21+E21+F21+G21+H21+I21+J21+K21+L21+M21+N21+O21+P21+Q21+R21 -> 0
A22: 21 | B22: Нерезенко Євгеній Віктоорович | S22: =C22+D22+E22+F22+G22+H22+I22+J22+K22+L22+M22+N22+O22+P22+Q22+R22 -> 0
A23: 22 | B23: Шавкун Максим Анатолійович | S23: =C23+D23+E23+F23+G23+H23+I23+J23+K23+L23+M23+N23+O23+P23+Q23+R23 -> 0
A24: 23 | B24: Чуйко Олег Олегович | S24: =C24+D24+E24+F24+G24+H24+I24+J24+K24+L24+M24+N24+O24+P24+Q24+R24 -> 0
A25: 24 | B25: Салюк Дмитро Андрійович | S25: =C25+D25+E25+F25+G25+H25+I25+J25+K25+L25+M25+N25+O25+P25+Q25+R25 -> 0
... A48: 47 | B48: Маркевич Ігор Ігорьович | S48: =C48+D48+E48+F48+G48+H48+I48+J48+K48+L48+M48+N48+O48+P48+Q48+R48 -> 0
A49: 48 | B49: Раменюк Віталій Сергійович | C49: 24 | D49: 24 | E49: 24 | F49: 24 | G49: 24 | H49: 24 | I49: 24 | J49: 24 | K49: 24 | L49: 24 | M49: 24 | N49: 24 | O49: 24 | P49: 24 | Q49: 24 | R49: 24 | S49: =C49+D49+E49+F49+G49+H49+I49+J49+K49+L49+M49+N49+O49+P49+Q49+R49 -> 384
A50: 49 | B50: Самогородський Ігор Віталійович | S50: =C50+D50+E50+F50+G50+H50+I50+J50+K50+L50+M50+N50+O50+P50+Q50+R50 -> 0
A51: 50 | B51: Іванова Світлана Юріївна | S51: =C51+D51+E51+F51+G51+H51+I51+J51+K51+L51+M51+N51+O51+P51+Q51+R51 -> 0
A52: 51 | B52: Ісайкіна Тетяна Іванівна | S52: =C52+D52+E52+F52+G52+H52+I52+J52+K52+L52+M52+N52+O52+P52+Q52+R52 -> 0
A53: 52 | B53: Деркс Сергій Анатолійович | S53: =C53+D53+E53+F53+G53+H53+I53+J53+K53+L53+M53+N53+O53+P53+Q53+R53 -> 0
A54: 53 | B54: Гусаков Роман Давидович | S54: =C54+D54+E54+F54+G54+H54+I54+J54+K54+L54+M54+N54+O54+P54+Q54+R54 -> 0
A55: 54 | B55: Гусаков Давид Давидович | S55: =C55+D55+E55+F55+G55+H55+I55+J55+K55+L55+M55+N55+O55+P55+Q55+R55 -> 0
A56: 55 | B56: Тужиков Артем Денисович | S56: =C56+D56+E56+F56+G56+H56+I56+J56+K56+L56+M56+N56+O56+P56+Q56+R56 -> 0
A57: 56 | B57: Ластовка Андрій Михайлович | S57: =C57+D57+E57+F57+G57+H57+I57+J57+K57+L57+M57+N57+O57+P57+Q57+R57 -> 0
A58: 57 | B58: Рубленко Ярослав Михайлович | S58: =C58+D58+E58+F58+G58+H58+I58+J58+K58+L58+M58+N58+O58+P58+Q58+R58 -> 0
A59: 58 | B59: Левченко Вадим Анатолійович | S59: =C59+D59+E59+F59+G59+H59+I59+J59+K59+L59+M59+N59+O59+P59+Q59+R59 -> 0
A60: 59 | B60: Козленко Максим В’ячеславович | S60: =C60+D60+E60+F60+G60+H60+I60+J60+K60+L60+M60+N60+O60+P60+Q60+R60 -> 0
A61: 60 | B61: Шомін Вадим Сергійович | S61: =C61+D61+E61+F61+G61+H61+I61+J61+K61+L61+M61+N61+O61+P61+Q61+R61 -> 0
... A71: 70 | B71: Авжабаров Олексій Володимирович | S71: =C71+D71+E71+F71+G71+H71+I71+J71+K71+L71+M71+N71+O71+P71+Q71+R71 -> 0
S72: =C72+D72+E72+F72+G72+H72+I72+J72+K72+L72+M72+N72+O72+P72+Q72+R72 -> 0

Sheet Глобино Мк
A1: N | B1: Сотрудник | C1: 16 | D1: 17 | E1: 18 | F1: 19 | G1: 20 | H1: 21 | I1: 22 | J1: 23 | K1: 24 | L1: 25 | M1: 26 | N1: 27 | O1: 28 | P1: 29 | Q1: 30 | R1: 31 | S1: Всего часов
A2: 1 | B2: Багацький Вадим Геннадійович | E2: 11 | F2: 11 | G2: 11 | H2: 11 | I2: 11 | J2: 6 | S2: =C2+D2+E2+F2+G2+H2+I2+J2+K2+L2+M2+N2+O2+P2+Q2+R2 -> 61
A3: 2 | B3: Васильєв Віталій Юрійович | S3: =C3+D3+E3+F3+G3+H3+I3+J3+K3+L3+M3+N3+O3+P3+Q3+R3 -> 0
A4: 3 | B4: Григоренко Олександр Миколайович | S4: =C4+D4+E4+F4+G4+H4+I4+J4+K4+L4+M4+N4+O4+P4+Q4+R4 -> 0
A5: 4 | B5: Григорьєв Микола Андрійович | S5: =C5+D5+E5+F5+G5+H5+I5+J5+K5+L5+M5+N5+O5+P5+Q5+R5 -> 0
A6: 5 | B6: Григор'єв Михайло Андрійович | S6: =C6+D6+E6+F6+G6+H6+I6+J6+K6+L6+M6+N6+O6+P6+Q6+R6 -> 0
A7: 6 | B7: Іванов Олексій Вікторович | C7: 6 | E7: 11 | F7: 11 | G7: 11 | S7: =C7+D7+E7+F7+G7+H7+I7+J7+K7+L7+M7+N7+O7+P7+Q7+R7 -> 39
A8: 7 | B8: Іскрицький Денис Русланович | S8: =C8+D8+E8+F8+G8+H8+I8+J8+K8+L8+M8+N8+O8+P8+Q8+R8 -> 0
A9: 8 | B9: Корнієнко Станіслав Володимирович | S9: =C9+D9+E9+F9+G9+H9+I9+J9+K9+L9+M9+N9+O9+P9+Q9+R9 -> 0
A10: 9 | B10: Масливець Ігор Валерійович | S10: =C10+D10+E10+F10+G10+H10+I10+J10+K10+L10+M10+N10+O10+P10+Q10+R10 -> 0
A11: 10 | B11: Скрипник Олександр Павлович | S11: =C11+D11+E11+F11+G11+H11+I11+J11+K11+L11+M11+N11+O11+P11+Q11+R11 -> 0
A12: 11 | B12: Паламарчук Вячеслав Володимирович | S12: =C12+D12+E12+F12+G12+H12+I12+J12+K12+L12+M12+N12+O12+P12+Q12+R12 -> 0
A13: 12 | B13: Дехтяр Владислав Олександрович | S13: =C13+D13+E13+F13+G13+H13+I13+J13+K13+L13+M13+N13+O13+P13+Q13+R13 -> 0
A14: 13 | B14: Тужиков Валерій Владиславович | H14: 11 | I14: 11 | J14: 6 | S14: =C14+D14+E14+F14+G14+H14+I14+J14+K14+L14+M14+N14+O14+P14+Q14+R14 -> 28
A15: 14 | B15: Сівов Євген Миколайович | E15: 11 | F15: 11 | G15: 11 | I15: 11 | S15: =C15+D15+E15+F15+G15+H15+I15+J15+K15+L15+M15+N15+O15+P15+Q15+R15 -> 44
A16: 15 | B16: Кіфор Юрій Михайлович | S16: =C16+D16+E16+F16+G16+H16+I16+J16+K16+L16+M16+N16+O16+P16+Q16+R16 -> 0
A17: 16 | B17: Нестерук Сергій Петрович | S17: =C17+D17+E17+F17+G17+H17+I17+J17+K17+L17+M17+N17+O17+P17+Q17+R17 -> 0
A18: 17 | B18: Петренко Микола Григорович | S18: =C18+D18+E18+F18+G18+H18+I18+J18+K18+L18+M18+N18+O18+P18+Q18+R18 -> 0
A19: 18 | B19: Рубленко Микола Іванович | S19: =C19+D19+E19+F19+G19+H19+I19+J19+K19+L19+M19+N19+O19+P19+Q19+R19 -> 0
A20: 19 | B20: Серебренніков Володимир Олександрович | S20: =C20+D20+E20+F20+G20+H20+I20+J20+K20+L20+M20+N20+O20+P20+Q20+R20 -> 0
A21: 20 | B21: Чешко Сергій Анатолійович | S21: =C21+D21+E21+F21+G21+H21+I21+J21+K21+L21+M21+N21+O21+P21+Q21+R21 -> 0
A22: 21 | B22: Нерезенко Євгеній Віктоорович | S22: =C22+D22+E22+F22+G22+H22+I22+J22+K22+L22+M22+N22+O22+P22+Q22+R22 -> 0
A23: 22 | B23: Шавкун Максим Анатолійович | S23: =C23+D23+E23+F23+G23+H23+I23+J23+K23+L23+M23+N23+O23+P23+Q23+R23 -> 0
A24: 23 | B24: Чуйко Олег Олегович | S24: =C24+D24+E24+F24+G24+H24+I24+J24+K24+L24+M24+N24+O24+P24+Q24+R24 -> 0
A25: 24 | B25: Салюк Дмитро Андрійович | S25: =C25+D25+E25+F25+G25+H25+I25+J25+K25+L25+M25+N25+O25+P25+Q25+R25 -> 0
A26: 25 | B26: Маковецький Юрій Миколайович | C26: 6 | E26: 11 | F26: 11 | G26: 11 | I26: 11 | J26: 6 | S26: =C26+D26+E26+F26+G26+H26+I26+J26+K26+L26+M26+N26+O26+P26+Q26+R26 -> 56
A27: 26 | B27: Міненко Олександр Андрійович | S27: =C27+D27+E27+F27+G27+H27+I27+J27+K27+L27+M27+N27+O27+P27+Q27+R27 -> 0
A28: 27 | B28: Салій Дмитро Миколайович | S28: =C28+D28+E28+F28+G28+H28+I28+J28+K28+L28+M28+N28+O28+P28+Q28+R28 -> 0
A29: 28 | B29: Різніченко Олег Олександрович | E29: 11 | F29: 10 | G29: 11 | H29: 9 | I29: 9 | S29: =C29+D29+E29+F29+G29+H29+I29+J29+K29+L29+M29+N29+O29+P29+Q29+R29 -> 50
A30: 29 | B30: Рогозовець Андрій Вікторович | E30: 11 | F30: 11 | G30: 11 | S30: =C30+D30+E30+F30+G30+H30+I30+J30+K30+L30+M30+N30+O30+P30+Q30+R30 -> 33
A31: 30 | B31: Старков Кирило Юрійович | S31: =C31+D31+E31+F31+G31+H31+I31+J31+K31+L31+M31+N31+O31+P31+Q31+R31 -> 0
A32: 31 | B32: Зубахін Сергій Александрович | S32: =C32+D32+E32+F32+G32+H32+I32+J32+K32+L32+M32+N32+O32+P32+Q32+R32 -> 0
A33: 32 | B33: Корнієнко Віталій Олегович | S33: =C33+D33+E33+F33+G33+H33+I33+J33+K33+L33+M33+N33+O33+P33+Q33+R33 -> 0
A34: 33 | B34: Рубленко Євген Миколайович | S34: =C34+D34+E34+F34+G34+H34+I34+J34+K34+L34+M34+N34+O34+P34+Q34+R34 -> 0
A35: 34 | B35: Форманюк Руслан Леонідович | S35: =C35+D35+E35+F35+G35+H35+I35+J35+K35+L35+M35+N35+O35+P35+Q35+R35 -> 0
A36: 35 | B36: Щербак Петро Іванович | H36: 11 | I36: 11 | J36: 6 | S36: =C36+D36+E36+F36+G36+H36+I36+J36+K36+L36+M36+N36+O36+P36+Q36+R36 -> 28
A37: 36 | B37: Онучак Віктор Іванович | C37: 6 | E37: 11 | F37: 11 | G37: 11 | I37: 11 | S37: =C37+D37+E37+F37+G37+H37+I37+J37+K37+L37+M37+N37+O37+P37+Q37+R37 -> 50
A38: 37 | B38: Кривка Руслан Олександрович | H38: 11 | I38: 9 | S38: =C38+D38+E38+F38+G38+H38+I38+J38+K38+L38+M38+N38+O38+P38+Q38+R38 -> 20
A39: 38 | B39: Батрак Віктор Володимирович | S39: =C39+D39+E39+F39+G39+H39+I39+J39+K39+L39+M39+N39+O39+P39+Q39+R39 -> 0
A40: 39 | B40: Бондаренко Іван Олександрович | S40: =C40+D40+E40+F40+G40+H40+I40+J40+K40+L40+M40+N40+O40+P40+Q40+R40 -> 0
A41: 40 | B41: Токарук Петро Михайлович | E41: 11 | F41: 11 | G41: 11 | H41: 11 | I41: 11 | S41: =C41+D41+E41+F41+G41+H41+I41+J41+K41+L41+M41+N41+O41+P41+Q41+R41 -> 55
A42: 41 | B42: Підлісний Володимир Сергійович | S42: =C42+D42+E42+F42+G42+H42+I42+J42+K42+L42+M42+N42+O42+P42+Q42+R42 -> 0
A43: 42 | B43: Григоренко Ілля Олександрович | S43: =C43+D43+E43+F43+G43+H43+I43+J43+K43+L43+M43+N43+O43+P43+Q43+R43 -> 0
A44: 43 | B44: Зінченко Дмитро Володимирович | E44: 11 | F44: 11 | H44: 11 | S44: =C44+D44+E44+F44+G44+H44+I44+J44+K44+L44+M44+N44+O44+P44+Q44+R44 -> 33
A45: 44 | B45: Момот Олексій Миколайович | E45: 11 | F45: 11 | G45: 11 | H45: 11 | S45: =C45+D45+E45+F45+G45+H45+I45+J45+K45+L45+M45+N45+O45+P45+Q45+R45 -> 44
A46: 45 | B46: Гребінник Олексій Васильович | C46: 6 | E46: 11 | F46: 11 | G46: 11 | H46: 11 | I46: 11 | S46: =C46+D46+E46+F46+G46+H46+I46+J46+K46+L46+M46+N46+O46+P46+Q46+R46 -> 61
A47: 46 | B47: Ізюмець Олександр Евгенович | S47: =C47+D47+E47+F47+G47+H47+I47+J47+K47+L47+M47+N47+O47+P47+Q47+R47 -> 0
A48: 47 | B48: Маркевич Ігор Ігорьович | S48: =C48+D48+E48+F48+G48+H48+I48+J48+K48+L48+M48+N48+O48+P48+Q48+R48 -> 0
A49: 48 | B49: Раменюк Віталій Сергійович | S49: =C49+D49+E49+F49+G49+H49+I49+J49+K49+L49+M49+N49+O49+P49+Q49+R49 -> 0
A50: 49 | B50: Самогородський Ігор Віталійович | E50: 11 | F50: 11 | G50: 10 | H50: 11 | J50: 6 | S50: =C50+D50+E50+F50+G50+H50+I50+J50+K50+L50+M50+N50+O50+P50+Q50+R50 -> 49
A51: 50 | B51: Іванова Світлана Юріївна | S51: =C51+D51+E51+F51+G51+H51+I51+J51+K51+L51+M51+N51+O51+P51+Q51+R51 -> 0
A52: 51 | B52: Ісайкіна Тетяна Іванівна | S52: =C52+D52+E52+F52+G52+H52+I52+J52+K52+L52+M52+N52+O52+P52+Q52+R52 -> 0
A53: 52 | B53: Деркс Сергій Анатолійович | S53: =C53+D53+E53+F53+G53+H53+I53+J53+K53+L53+M53+N53+O53+P53+Q53+R53 -> 0
A54: 53 | B54: Гусаков Роман Давидович | S54: =C54+D54+E54+F54+G54+H54+I54+J54+K54+L54+M54+N54+O54+P54+Q54+R54 -> 0
A55: 54 | B55: Гусаков Давид Давидович | S55: =C55+D55+E55+F55+G55+H55+I55+J55+K55+L55+M55+N55+O55+P55+Q55+R55 -> 0
A56: 55 | B56: Тужиков Артем Денисович | S56: =C56+D56+E56+F56+G56+H56+I56+J56+K56+L56+M56+N56+O56+P56+Q56+R56 -> 0
A57: 56 | B57: Ластовка Андрій Михайлович | S57: =C57+D57+E57+F57+G57+H57+I57+J57+K57+L57+M57+N57+O57+P57+Q57+R57 -> 0
A58: 57 | B58: Рубленко Ярослав Михайлович | S58: =C58+D58+E58+F58+G58+H58+I58+J58+K58+L58+M58+N58+O58+P58+Q58+R58 -> 0
A59: 58 | B59: Левченко Вадим Анатолійович | S59: =C59+D59+E59+F59+G59+H59+I59+J59+K59+L59+M59+N59+O59+P59+Q59+R59 -> 0
A60: 59 | B60: Козленко Максим В’ячеславович | S60: =C60+D60+E60+F60+G60+H60+I60+J60+K60+L60+M60+N60+O60+P60+Q60+R60 -> 0
A61: 60 | B61: Шомін Вадим Сергійович | E61: 11 | F61: 11 | G61: 11 | H61: 11 | S61: =C61+D61+E61+F61+G61+H61+I61+J61+K61+L61+M61+N61+O61+P61+Q61+R61 -> 44
A62: 61 | B62: Козленко Єгор Максимович | S62: =C62+D62+E62+F62+G62+H62+I62+J62+K62+L62+M62+N62+O62+P62+Q62+R62 -> 0
A63: 62 | B63: Глібико Денис Володимирович | S63: =C63+D63+E63+F63+G63+H63+I63+J63+K63+L63+M63+N63+O63+P63+Q63+R63 -> 0
A64: 63 | B64: Пилипчук Олександр Анатолійович | S64: =C64+D64+E64+F64+G64+H64+I64+J64+K64+L64+M64+N64+O64+P64+Q64+R64 -> 0
A65: 64 | B65: Масливець Ярослав Ігорович | S65: =C65+D65+E65+F65+G65+H65+I65+J65+K65+L65+M65+N65+O65+P65+Q65+R65 -> 0
A66: 65 | B66: Германчук Сергій Сергійович | S66: =C66+D66+E66+F66+G66+H66+I66+J66+K66+L66+M66+N66+O66+P66+Q66+R66 -> 0
A67: 66 | B67: Дзюба Едуард Іванович | F67: 11 | G67: 12 | H67: 12 | I67: 11 | S67: =C67+D67+E67+F67+G67+H67+I67+J67+K67+L67+M67+N67+O67+P67+Q67+R67 -> 46
A68: 67 | B68: Туркевич Дмитро Миколайович | S68: =C68+D68+E68+F68+G68+H68+I68+J68+K68+L68+M68+N68+O68+P68+Q68+R68 -> 0
A69: 68 | B69: Петров Михайло Олександрович | S69: =C69+D69+E69+F69+G69+H69+I69+J69+K69+L69+M69+N69+O69+P69+Q69+R69 -> 0
A70: 69 | B70: Кобяковский Іван Олександрович | C70: 6 | E70: 11 | F70: 11 | G70: 11 | H70: 11 | I70: 11 | S70: =C70+D70+E70+F70+G70+H70+I70+J70+K70+L70+M70+N70+O70+P70+Q70+R70 -> 61
A71: 70 | B71: Авжабаров Олексій Володимирович | G71: 11 | H71: 11 | I71: 11 | J71: 6 | S71: =C71+D71+E71+F71+G71+H71+I71+J71+K71+L71+M71+N71+O71+P71+Q71+R71 -> 39
S72: =C72+D72+E72+F72+G72+H72+I72+J72+K72+L72+M72+N72+O72+P72+Q72+R72 -> 0

Sheet МД Франківськ
A1: N | B1: Сотрудник | C1: 16 | D1: 17 | E1: 18 | F1: 19 | G1: 20 | H1: 21 | I1: 22 | J1: 23 | K1: 24 | L1: 25 | M1: 26 | N1: 27 | O1: 28 | P1: 29 | Q1: 30 | R1: 31 | S1: Всего часов
A2: 1 | B2: Багацький Вадим Геннадійович | S2: =C2+D2+E2+F2+G2+H2+I2+J2+K2+L2+M2+N2+O2+P2+Q2+R2 -> 0
A3: 2 | B3: Васильєв Віталій Юрійович | S3: =C3+D3+E3+F3+G3+H3+I3+J3+K3+L3+M3+N3+O3+P3+Q3+R3 -> 0
A4: 3 | B4: Григоренко Олександр Миколайович | S4: =C4+D4+E4+F4+G4+H4+I4+J4+K4+L4+M4+N4+O4+P4+Q4+R4 -> 0
A5: 4 | B5: Григорьєв Микола Андрійович | S5: =C5+D5+E5+F5+G5+H5+I5+J5+K5+L5+M5+N5+O5+P5+Q5+R5 -> 0
A6: 5 | B6: Григор'єв Михайло Андрійович | S6: =C6+D6+E6+F6+G6+H6+I6+J6+K6+L6+M6+N6+O6+P6+Q6+R6 -> 0
A7: 6 | B7: Іванов Олексій Вікторович | S7: =C7+D7+E7+F7+G7+H7+I7+J7+K7+L7+M7+N7+O7+P7+Q7+R7 -> 0
A8: 7 | B8: Іскрицький Денис Русланович | S8: =C8+D8+E8+F8+G8+H8+I8+J8+K8+L8+M8+N8+O8+P8+Q8+R8 -> 0
A9: 8 | B9: Корнієнко Станіслав Володимирович | S9: =C9+D9+E9+F9+G9+H9+I9+J9+K9+L9+M9+N9+O9+P9+Q9+R9 -> 0
A10: 9 | B10: Масливець Ігор Валерійович | S10: =C10+D10+E10+F10+G10+H10+I10+J10+K10+L10+M10+N10+O10+P10+Q10+R10 -> 0
A11: 10 | B11: Скрипник Олександр Павлович | S11: =C11+D11+E11+F11+G11+H11+I11+J11+K11+L11+M11+N11+O11+P11+Q11+R11 -> 0
A12: 11 | B12: Паламарчук Вячеслав Володимирович | S12: =C12+D12+E12+F12+G12+H12+I12+J12+K12+L12+M12+N12+O12+P12+Q12+R12 -> 0
A13: 12 | B13: Дехтяр Владислав Олександрович | S13: =C13+D13+E13+F13+G13+H13+I13+J13+K13+L13+M13+N13+O13+P13+Q13+R13 -> 0
A14: 13 | B14: Тужиков Валерій Владиславович | C14: 24 | E14: 12 | S14: =C14+D14+E14+F14+G14+H14+I14+J14+K14+L14+M14+N14+O14+P14+Q14+R14 -> 36
A15: 14 | B15: Сівов Євген Миколайович | S15: =C15+D15+E15+F15+G15+H15+I15+J15+K15+L15+M15+N15+O15+P15+Q15+R15 -> 0
A16: 15 | B16: Кіфор Юрій Михайлович | S16: =C16+D16+E16+F16+G16+H16+I16+J16+K16+L16+M16+N16+O16+P16+Q16+R16 -> 0
A17: 16 | B17: Нестерук Сергій Петрович | S17: =C17+D17+E17+F17+G17+H17+I17+J17+K17+L17+M17+N17+O17+P17+Q17+R17 -> 0
A18: 17 | B18: Петренко Микола Григорович | C18: 24 | D18: 24 | E18: 24 | F18: 24 | G18: 24 | S18: =C18+D18+E18+F18+G18+H18+I18+J18+K18+L18+M18+N18+O18+P18+Q18+R18 -> 120
A19: 18 | B19: Рубленко Микола Іванович | S19: =C19+D19+E19+F19+G19+H19+I19+J19+K19+L19+M19+N19+O19+P19+Q19+R19 -> 0
A20: 19 | B20: Серебренніков Володимир Олександрович | S20: =C20+D20+E20+F20+G20+H20+I20+J20+K20+L20+M20+N20+O20+P20+Q20+R20 -> 0
A21: 20 | B21: Чешко Сергій Анатолійович | S21: =C21+D21+E21+F21+G21+H21+I21+J21+K21+L21+M21+N21+O21+P21+Q21+R21 -> 0
A22: 21 | B22: Нерезенко Євгеній Віктоорович | S22: =C22+D22+E22+F22+G22+H22+I22+J22+K22+L22+M22+N22+O22+P22+Q22+R22 -> 0
A23: 22 | B23: Шавкун Максим Анатолійович | S23: =C23+D23+E23+F23+G23+H23+I23+J23+K23+L23+M23+N23+O23+P23+Q23+R23 -> 0
A24: 23 | B24: Чуйко Олег Олегович | S24: =C24+D24+E24+F24+G24+H24+I24+J24+K24+L24+M24+N24+O24+P24+Q24+R24 -> 0
A25: 24 | B25: Салюк Дмитро Андрійович | S25: =C25+D25+E25+F25+G25+H25+I25+J25+K25+L25+M25+N25+O25+P25+Q25+R25 -> 0
A26: 25 | B26: Маковецький Юрій Миколайович | S26: =C26+D26+E26+F26+G26+H26+I26+J26+K26+L26+M26+N26+O26+P26+Q26+R26 -> 0
A27: 26 | B27: Міненко Олександр Андрійович | S27: =C27+D27+E27+F27+G27+H27+I27+J27+K27+L27+M27+N27+O27+P27+Q27+R27 -> 0
A28: 27 | B28: Салій Дмитро Миколайович | S28: =C28+D28+E28+F28+G28+H28+I28+J28+K28+L28+M28+N28+O28+P28+Q28+R28 -> 0
A29: 28 | B29: Різніченко Олег Олександрович | S29: =C29+D29+E29+F29+G29+H29+I29+J29+K29+L29+M29+N29+O29+P29+Q29+R29 -> 0
A30: 29 | B30: Рогозовець Андрій Вікторович | S30: =C30+D30+E30+F30+G30+H30+I30+J30+K30+L30+M30+N30+O30+P30+Q30+R30 -> 0
... A37: 36 | B37: Онучак Віктор Іванович | S37: =C37+D37+E37+F37+G37+H37+I37+J37+K37+L37+M37+N37+O37+P37+Q37+R37 -> 0
A38: 37 | B38: Кривка Руслан Олександрович | C38: 24 | D38: 24 | E38: 24 | F38: 24 | G38: 24 | S38: =C38+D38+E38+F38+G38+H38+I38+J38+K38+L38+M38+N38+O38+P38+Q38+R38 -> 120
A39: 38 | B39: Батрак Віктор Володимирович | S39: =C39+D39+E39+F39+G39+H39+I39+J39+K39+L39+M39+N39+O39+P39+Q39+R39 -> 0
A40: 39 | B40: Бондаренко Іван Олександрович | S40: =C40+D40+E40+F40+G40+H40+I40+J40+K40+L40+M40+N40+O40+P40+Q40+R40 -> 0
A41: 40 | B41: Токарук Петро Михайлович | S41: =C41+D41+E41+F41+G41+H41+I41+J41+K41+L41+M41+N41+O41+P41+Q41+R41 -> 0
A42: 41 | B42: Підлісний Володимир Сергійович | S42: =C42+D42+E42+F42+G42+H42+I42+J42+K42+L42+M42+N42+O42+P42+Q42+R42 -> 0
A43: 42 | B43: Григоренко Ілля Олександрович | S43: =C43+D43+E43+F43+G43+H43+I43+J43+K43+L43+M43+N43+O43+P43+Q43+R43 -> 0
A44: 43 | B44: Зінченко Дмитро Володимирович | S44: =C44+D44+E44+F44+G44+H44+I44+J44+K44+L44+M44+N44+O44+P44+Q44+R44 -> 0
A45: 44 | B45: Момот Олексій Миколайович | S45: =C45+D45+E45+F45+G45+H45+I45+J45+K45+L45+M45+N45+O45+P45+Q45+R45 -> 0
A46: 45 | B46: Гребінник Олексій Васильович | S46: =C46+D46+E46+F46+G46+H46+I46+J46+K46+L46+M46+N46+O46+P46+Q46+R46 -> 0
A47: 46 | B47: Ізюмець Олександр Евгенович | S47: =C47+D47+E47+F47+G47+H47+I47+J47+K47+L47+M47+N47+O47+P47+Q47+R47 -> 0
A48: 47 | B48: Маркевич Ігор Ігорьович | S48: =C48+D48+E48+F48+G48+H48+I48+J48+K48+L48+M48+N48+O48+P48+Q48+R48 -> 0
A49: 48 | B49: Раменюк Віталій Сергійович | S49: =C49+D49+E49+F49+G49+H49+I49+J49+K49+L49+M49+N49+O49+P49+Q49+R49 -> 0
A50: 49 | B50: Самогородський Ігор Віталійович | S50: =C50+D50+E50+F50+G50+H50+I50+J50+K50+L50+M50+N50+O50+P50+Q50+R50 -> 0
... A71: 70 | B71: Авжабаров Олексій Володимирович | S71: =C71+D71+E71+F71+G71+H71+I71+J71+K71+L71+M71+N71+O71+P71+Q71+R71 -> 0
S72: =C72+D72+E72+F72+G72+H72+I72+J72+K72+L72+M72+N72+O72+P72+Q72+R72 -> 0

Sheet Распределени
A1: N | B1: Сотрудник | C1: 1 | D1: 2 | E1: 3 | F1: 4 | G1: 5 | H1: 6 | I1: 7 | J1: 8 | K1: 9 | L1: 10 | M1: 11 | N1: 12 | O1: 13 | P1: 14 | Q1: 15 | R1: =SUM(R2:R25) -> 2105 | S1: Ставка | T1: Огорожа Підгірці | V1: Піддони Металургбуд | X1: Ніжин ЖК | Z1: Будинки ООН | AB1: Битовка Ніжин | AD1: Цехові роботи
A2: 1 | B2: Скрипник Сергій Павлович | C2: 11 | D2: 11 | F2: 11 | G2: 11 | H2: 11 | I2: 11 | J2: 5 | M2: 9 | N2: 10 | P2: 10 | Q2: 10 | R2: =D2+C2+E2+F2+G2+H2+I2+J2+K2+L2+M2+N2+O2+P2+Q2 -> 110 | S2: 160 | U2: =T2*S2 -> 0 | V2: =C2+D2+F2+G2+H2+I2+J2+M2 -> 80 | W2: =V2*$S2 -> 12800 | X2: =Q2 -> 10 | Y2: =X2*$S2 -> 1600 | Z2: =N2+P2 -> 20 | AA2: =Z2*$S2 -> 3200 | AC2: =AB2*$S2 -> 0 | AE2: =AD2*$S2 -> 0 | AF2: =+V2+X2+Z2+AB2+AD2+T2-R2 -> 0
A3: 2 | B3: Пономаренко Олександр Вікторович | C3: 11 | D3: 11 | E3: 8 | F3: 11 | G3: 11 | H3: 11 | I3: 11 | J3: 5 | N3: 7 | O3: 11 | P3: 10 | Q3: 10 | R3: =D3+C3+E3+F3+G3+H3+I3+J3+K3+L3+M3+N3+O3+P3+Q3 -> 117 | S3: 160 | U3: =T3*S3 -> 0 | W3: =V3*S3 -> 0 | Y3: =X3*$S3 -> 0 | AA3: =Z3*$S3 -> 0 | AC3: =AB3*$S3 -> 0 | AE3: =AD3*$S3 -> 0 | AF3: =+V3+X3+Z3+AB3+AD3+T3-R3 -> -117
A4: 3 | B4: Бабіленко Микола Олександрович | G4: 11 | H4: 11 | I4: 11 | J4: 5 | M4: 9 | N4: 10 | O4: 11 | P4: 10 | Q4: 10 | R4: =D4+C4+E4+F4+G4+H4+I4+J4+K4+L4+M4+N4+O4+P4+Q4 -> 88 | S4: 130 | U4: =T4*S4 -> 0 | W4: =V4*S4 -> 0 | X4: =Q4 -> 10 | Y4: =X4*$S4 -> 1300 | Z4: =G4+H4+I4+J4+M4+N4+O4+P4 -> 78 | AA4: =Z4*$S4 -> 10140 | AC4: =AB4*$S4 -> 0 | AE4: =AD4*$S4 -> 0 | AF4: =+V4+X4+Z4+AB4+AD4+T4-R4 -> 0
A5: 4 | B5: Багацький Вадим Геннадійович | C5: 11 | D5: 11 | F5: 11 | G5: 11 | H5: 11 | I5: 11 | J5: 5 | M5: 9 | N5: 10 | O5: 11 | P5: 10 | Q5: 10 | R5: =D5+C5+E5+F5+G5+H5+I5+J5+K5+L5+M5+N5+O5+P5+Q5 -> 121 | S5: 130 | T5: =H5+I5+J5+M5+N5+O5+P5+Q5 -> 77 | U5: =T5*S5 -> 10010 | V5: =C5+D5+F5+G5 -> 44 | W5: =V5*S5 -> 5720 | Y5: =X5*$S5 -> 0 | AA5: =Z5*$S5 -> 0 | AC5: =AB5*$S5 -> 0 | AE5: =AD5*$S5 -> 0 | AF5: =+V5+X5+Z5+AB5+AD5+T5-R5 -> 0
A6: 5 | B6: Васильєв Віталій Юрійович | C6: 11 | D6: 11 | E6: 8 | F6: 11 | G6: 11 | I6: 11 | J6: 5 | M6: 9 | N6: 10 | O6: 11 | P6: 10 | Q6: 10 | R6: =D6+C6+E6+F6+G6+H6+I6+J6+K6+L6+M6+N6+O6+P6+Q6 -> 118 | S6: 130 | T6: =Q6+P6+O6+N6+J6+M6+I6 -> 66 | U6: =T6*S6 -> 8580 | V6: =C6+D6+E6+F6+G6 -> 52 | W6: =V6*S6 -> 6760 | Y6: =X6*$S6 -> 0 | AA6: =Z6*$S6 -> 0 | AC6: =AB6*$S6 -> 0 | AE6: =AD6*$S6 -> 0 | AF6: =+V6+X6+Z6+AB6+AD6+T6-R6 -> 0
A7: 6 | B7: Григоренко Олександр Миколайович | C7: 11 | D7: 11 | F7: 11 | G7: 11 | M7: 9 | N7: 7 | O7: 11 | P7: 10 | Q7: 10 | R7: =D7+C7+E7+F7+G7+H7+I7+J7+K7+L7+M7+N7+O7+P7+Q7 -> 91 | S7: 130 | T7: =N7+O7+P7+Q7 -> 38 | U7: =T7*S7 -> 4940 | V7: =C7+D7+F7+G7+M7 -> 53 | W7: =V7*S7 -> 6890 | Y7: =X7*$S7 -> 0 | AA7: =Z7*$S7 -> 0 | AC7: =AB7*$S7 -> 0 | AE7: =AD7*$S7 -> 0 | AF7: =+V7+X7+Z7+AB7+AD7+T7-R7 -> 0
A8: 7 | B8: Григор'єв Микола Андрійович | C8: 11 | D8: 11 | E8: 8 | F8: 11 | G8: 11 | H8: 11 | I8: 11 | J8: 5 | N8: 7 | P8: 10 | Q8: 10 | R8: =D8+C8+E8+F8+G8+H8+I8+J8+K8+L8+M8+N8+O8+P8+Q8 -> 106 | S8: 150 | U8: =T8*S8 -> 0 | V8: =C8+D8+E8+F8+G8+H8+I8+J8 -> 79 | W8: =V8*S8 -> 11850 | X8: =P8+Q8 -> 20 | Y8: =X8*$S8 -> 3000 | AA8: =Z8*$S8 -> 0 | AC8: =AB8*$S8 -> 0 | AD8: =N8 -> 7 | AE8: =AD8*$S8 -> 1050 | AF8: =+V8+X8+Z8+AB8+AD8+T8-R8 -> 0
A9: 8 | B9: Григор'єв Михайло Андрійович | C9: 11 | D9: 11 | F9: 11 | G9: 11 | H9: 11 | I9: 11 | J9: 5 | N9: 7 | P9: 10 | Q9: 10 | R9: =D9+C9+E9+F9+G9+H9+I9+J9+K9+L9+M9+N9+O9+P9+Q9 -> 98 | S9: 130 | T9: =Q9+P9+N9 -> 27 | U9: =T9*S9 -> 3510 | V9: =C9+D9+F9+G9+H9+I9+J9 -> 71 | W9: =V9*S9 -> 9230 | Y9: =X9*$S9 -> 0 | AA9: =Z9*$S9 -> 0 | AC9: =AB9*$S9 -> 0 | AE9: =AD9*$S9 -> 0 | AF9: =+V9+X9+Z9+AB9+AD9+T9-R9 -> 0
A10: 9 | B10: Іванов Олексій Вікторович | F10: 11 | G10: 11 | H10: 11 | I10: 11 | R10: =D10+C10+E10+F10+G10+H10+I10+J10+K10+L10+M10+N10+O10+P10+Q10 -> 44 | S10: 130 | U10: =T10*S10 -> 0 | V10: =F10+G10+H10+I10 -> 44 | W10: =V10*S10 -> 5720 | Y10: =X10*$S10 -> 0 | AA10: =Z10*$S10 -> 0 | AC10: =AB10*$S10 -> 0 | AE10: =AD10*$S10 -> 0 | AF10: =+V10+X10+Z10+AB10+AD10+T10-R10 -> 0
A11: 10 | B11: Іскрицький Денис Русланович | C11: 11 | D11: 11 | E11: 8 | F11: 11 | G11: 11 | H11: 11 | I11: 12 | J11: 5 | O11: 11 | R11: =D11+C11+E11+F11+G11+H11+I11+J11+K11+L11+M11+N11+O11+P11+Q11 -> 91 | S11: 150 | U11: =T11*S11 -> 0 | V11: =C11+D11+E11+F11+G11+H11 -> 63 | W11: =V11*S11 -> 9450 | Y11: =X11*$S11 -> 0 | Z11: =O11 -> 11 | AA11: =Z11*$S11 -> 1650 | AB11: =I11+J11 -> 17 | AC11: =AB11*$S11 -> 2550 | AE11: =AD11*$S11 -> 0 | AF11: =+V11+X11+Z11+AB11+AD11+T11-R11 -> 0
A12: 11 | B12: Корнієнко Віталій Олегович | C12: 11 | D12: 11 | E12: 8 | F12: 11 | G12: 11 | H12: 11 | I12: 11 | J12: 5 | N12: 7 | P12: 10 | Q12: 10 | R12: =D12+C12+E12+F12+G12+H12+I12+J12+K12+L12+M12+N12+O12+P12+Q12 -> 106 | S12: 130 | T12: =N12 -> 7 | U12: =T12*S12 -> 910 | V12: =C12+D12+E12+F12+G12+H12 -> 63 | W12: =V12*S12 -> 8190 | X12: =P12+Q12 -> 20 | Y12: =X12*$S12 -> 2600 | AA12: =Z12*$S12 -> 0 | AB12: =I12+J12 -> 16 | AC12: =AB12*$S12 -> 2080 | AE12: =AD12*$S12 -> 0 | AF12: =+V12+X12+Z12+AB12+AD12+T12-R12 -> 0
A13: 12 | B13: Корнієнко Станіслав Володимирович | H13: 11 | I13: 11 | J13: 5 | N13: 7 | O13: 11 | R13: =D13+C13+E13+F13+G13+H13+I13+J13+K13+L13+M13+N13+O13+P13+Q13 -> 45 | S13: 130 | T13: =H13+I13+J13+N13 -> 34 | U13: =T13*S13 -> 4420 | W13: =V13*S13 -> 0 | X13: =O13 -> 11 | Y13: =X13*$S13 -> 1430 | AA13: =Z13*$S13 -> 0 | AC13: =AB13*$S13 -> 0 | AE13: =AD13*$S13 -> 0 | AF13: =+V13+X13+Z13+AB13+AD13+T13-R13 -> 0
A14: 13 | B14: Масливець Ігор Валерійович | C14: 11 | D14: 11 | F14: 11 | G14: 11 | N14: 7 | O14: 11 | Q14: 10 | R14: =D14+C14+E14+F14+G14+H14+I14+J14+K14+L14+M14+N14+O14+P14+Q14 -> 72 | S14: 130 | T14: =C14+D14+F14+G14+N14+O14+Q14 -> 72 | U14: =T14*S14 -> 9360 | W14: =V14*S14 -> 0 | Y14: =X14*$S14 -> 0 | AA14: =Z14*$S14 -> 0 | AC14: =AB14*$S14 -> 0 | AE14: =AD14*$S14 -> 0 | AF14: =+V14+X14+Z14+AB14+AD14+T14-R14 -> 0
A15: 14 | B15: Пономаренко Віталій Вікторович | C15: 11 | D15: 11 | E15: 8 | F15: 11 | G15: 11 | H15: 11 | I15: 11 | J15: 5 | N15: 7 | P15: 10 | Q15: 10 | R15: =D15+C15+E15+F15+G15+H15+I15+J15+K15+L15+M15+N15+O15+P15+Q15 -> 106 | S15: 150 | U15: =T15*S15 -> 0 | V15: =C15+D15+E15+F15+G15+H15+I15+J15 -> 79 | W15: =V15*S15 -> 11850 | X15: =P15+Q15 -> 20 | Y15: =X15*$S15 -> 3000 | AA15: =Z15*$S15 -> 0 | AC15: =AB15*$S15 -> 0 | AD15: =N15 -> 7 | AE15: =AD15*$S15 -> 1050 | AF15: =+V15+X15+Z15+AB15+AD15+T15-R15 -> 0
A16: 15 | B16: Пономарьов Микола Вікторович | C16: 11 | D16: 11 | G16: 11 | N16: 7 | R16: =D16+C16+E16+F16+G16+H16+I16+J16+K16+L16+M16+N16+O16+P16+Q16 -> 40 | S16: 150 | T16: =N16 -> 7 | U16: =T16*S16 -> 1050 | V16: =C16+D16+G16 -> 33 | W16: =V16*S16 -> 4950 | Y16: =X16*$S16 -> 0 | AA16: =Z16*$S16 -> 0 | AC16: =AB16*$S16 -> 0 | AE16: =AD16*$S16 -> 0 | AF16: =+V16+X16+Z16+AB16+AD16+T16-R16 -> 0
A17: 16 | B17: Скрипник Олександр Павлович | C17: 11 | D17: 11 | F17: 11 | G17: 11 | H17: 11 | I17: 11 | J17: 5 | M17: 9 | N17: 7 | P17: 10 | Q17: 10 | R17: =D17+C17+E17+F17+G17+H17+I17+J17+K17+L17+M17+N17+O17+P17+Q17 -> 107 | S17: 150 | T17: =C17+D17+F17+G17+H17+I17+J17+M17+N17+P17+Q17 -> 107 | U17: =T17*S17 -> 16050 | W17: =V17*S17 -> 0 | Y17: =X17*$S17 -> 0 | AA17: =Z17*$S17 -> 0 | AC17: =AB17*$S17 -> 0 | AE17: =AD17*$S17 -> 0 | AF17: =+V17+X17+Z17+AB17+AD17+T17-R17 -> 0
A18: 17 | B18: Костенко Костянтин Юрійович | C18: 11 | D18: 11 | G18: 11 | H18: 11 | I18: 11 | J18: 5 | N18: 7 | P18: 10 | Q18: 10 | R18: =D18+C18+E18+F18+G18+H18+I18+J18+K18+L18+M18+N18+O18+P18+Q18 -> 87 | S18: 150 | T18: =C18+D18+G18+H18+I18+J18+N18 -> 67 | U18: =T18*S18 -> 10050 | W18: =V18*S18 -> 0 | X18: =P18+Q18 -> 20 | Y18: =X18*$S18 -> 3000 | AA18: =Z18*$S18 -> 0 | AC18: =AB18*$S18 -> 0 | AE18: =AD18*$S18 -> 0 | AF18: =+V18+X18+Z18+AB18+AD18+T18-R18 -> 0
A19: 18 | B19: Власенко В'ячеслав Валентинович | C19: 11 | D19: 11 | F19: 11 | G19: 11 | H19: 11 | I19: 11 | J19: 5 | N19: 7 | R19: =D19+C19+E19+F19+G19+H19+I19+J19+K19+L19+M19+N19+O19+P19+Q19 -> 78 | S19: 150 | U19: =T19*S19 -> 0 | V19: =C19+D19+F19+G19+H19+I19+J19 -> 71 | W19: =V19*S19 -> 10650 | Y19: =X19*$S19 -> 0 | Z19: =N19 -> 7 | AA19: =Z19*$S19 -> 1050 | AC19: =AB19*$S19 -> 0 | AE19: =AD19*$S19 -> 0 | AF19: =+V19+X19+Z19+AB19+AD19+T19-R19 -> 0
A20: 19 | B20: Пилипчук Олександр Анатолійович | C20: 11 | D20: 11 | E20: 8 | F20: 11 | G20: 11 | H20: 11 | I20: 11 | J20: 5 | N20: 7 | P20: 10 | Q20: 10 | R20: =D20+C20+E20+F20+G20+H20+I20+J20+K20+L20+M20+N20+O20+P20+Q20 -> 106 | S20: 150 | T20: =C20+D20+E20+F20+G20+H20+I20+J20 -> 79 | U20: =T20*S20 -> 11850 | W20: =V20*S20 -> 0 | X20: =P20+Q20 -> 20 | Y20: =X20*$S20 -> 3000 | AA20: =Z20*$S20 -> 0 | AC20: =AB20*$S20 -> 0 | AD20: =N20 -> 7 | AE20: =AD20*$S20 -> 1050 | AF20: =+V20+X20+Z20+AB20+AD20+T20-R20 -> 0
A21: 20 | B21: Поліщук Олександр Олександрович | C21: 11 | D21: 11 | E21: 8 | F21: 11 | G21: 11 | H21: 11 | I21: 11 | J21: 5 | N21: 7 | P21: 10 | Q21: 10 | R21: =D21+C21+E21+F21+G21+H21+I21+J21+K21+L21+M21+N21+O21+P21+Q21 -> 106 | S21: 150 | T21: =C21+D21+E21+F21+G21+H21+I21+J21 -> 79 | U21: =T21*S21 -> 11850 | W21: =V21*S21 -> 0 | X21: =P21+Q21 -> 20 | Y21: =X21*$S21 -> 3000 | AA21: =Z21*$S21 -> 0 | AC21: =AB21*$S21 -> 0 | AD21: =N21 -> 7 | AE21: =AD21*$S21 -> 1050 | AF21: =+V21+X21+Z21+AB21+AD21+T21-R21 -> 0
A22: 21 | B22: Понуркін Євген Григорович | C22: 11 | D22: 11 | F22: 11 | G22: 11 | M22: 9 | N22: 7 | O22: 11 | R22: =D22+C22+E22+F22+G22+H22+I22+J22+K22+L22+M22+N22+O22+P22+Q22 -> 71 | S22: 130 | T22: =C22+D22+E22+F22+G22+M22+N22+O22 -> 71 | U22: =T22*S22 -> 9230 | W22: =V22*S22 -> 0 | Y22: =X22*$S22 -> 0 | AA22: =Z22*$S22 -> 0 | AC22: =AB22*$S22 -> 0 | AE22: =AD22*$S22 -> 0 | AF22: =+V22+X22+Z22+AB22+AD22+T22-R22 -> 0
A23: 22 | B23: Паламарчук Вячеслав Володимирович | C23: 11 | D23: 11 | F23: 11 | G23: 11 | M23: 9 | N23: 7 | O23: 11 | R23: =D23+C23+E23+F23+G23+H23+I23+J23+K23+L23+M23+N23+O23+P23+Q23 -> 71 | S23: 130 | T23: =C23+D23+E23+F23+G23+M23+N23+O23 -> 71 | U23: =T23*S23 -> 9230 | W23: =V23*S23 -> 0 | Y23: =X23*$S23 -> 0 | AA23: =Z23*$S23 -> 0 | AC23: =AB23*$S23 -> 0 | AE23: =AD23*$S23 -> 0 | AF23: =+V23+X23+Z23+AB23+AD23+T23-R23 -> 0
A24: 23 | B24: Діхтяр Владислав Олександрович | C24: 11 | D24: 11 | E24: 8 | F24: 11 | G24: 11 | H24: 11 | I24: 11 | R24: =D24+C24+E24+F24+G24+H24+I24+J24+K24+L24+M24+N24+O24+P24+Q24 -> 74 | S24: 150 | U24: =T24*S24 -> 0 | V24: =C24+D24+E24+F24+G24+H24+I24 -> 74 | W24: =V24*S24 -> 11100 | Y24: =X24*$S24 -> 0 | AA24: =Z24*$S24 -> 0 | AC24: =AB24*$S24 -> 0 | AE24: =AD24*$S24 -> 0 | AF24: =+V24+X24+Z24+AB24+AD24+T24-R24 -> 0
A25: 24 | B25: Щербак Петро Іванович | C25: 11 | D25: 11 | E25: 8 | F25: 11 | G25: 11 | R25: =D25+C25+E25+F25+G25+H25+I25+J25+K25+L25+M25+N25+O25+P25+Q25 -> 52 | S25: 130 | T25: =F25+G25 -> 22 | U25: =T25*S25 -> 2860 | W25: =V25*S25 -> 0 | Y25: =X25*$S25 -> 0 | AA25: =Z25*$S25 -> 0 | AC25: =AB25*$S25 -> 0 | AD25: =C25+D25+E25 -> 30 | AE25: =AD25*$S25 -> 3900 | AF25: =+V25+X25+Z25+AB25+AD25+T25-R25 -> 0
A26: 25 | B26: Тужиков Валерій Владиславович | U26: =T26*S26 -> 0 | W26: =V26*S26 -> 0 | Y26: =X26*$S26 -> 0 | AA26: =Z26*$S26 -> 0 | AC26: =AB26*$S26 -> 0 | AE26: =AD26*$S26 -> 0
R27: =SUM(R2:R25) -> 2105 | T27: =SUM(T2:T25) -> 824 | U27: =SUM(U2:U26) -> 113900 | V27: =SUM(V2:V25) -> 806 | W27: =SUM(W2:W26) -> 115160 | X27: =SUM(X2:X25) -> 151 | Y27: =SUM(Y2:Y26) -> 21930 | Z27: =SUM(Z2:Z25) -> 116 | AA27: =SUM(AA2:AA26) -> 16040 | AB27: =SUM(AB2:AB25) -> 33 | AC27: =SUM(AC2:AC26) -> 4630 | AD27: =SUM(AD2:AD25) -> 58 | AE27: =SUM(AE2:AE26) -> 8100 | AF27: =+V27+X27+Z27+AB27+AD27+T27-R27 -> -117
B28: 1-15 березня
B29: Огорожа Підгірці
B30: Піддони Металургбуд
B31: Ніжин ЖК
B32: Будинки ООН
B33: Битовка Ніжин
B34: Цехові роботи

Sheet Загальна по роботам
A1: N | B1: Сотрудник | C1: 16 | D1: 17 | E1: 18 | F1: 19 | G1: 20 | H1: 21 | I1: 22 | J1: 23 | K1: 24 | L1: 25 | M1: 26 | N1: 27 | O1: 28 | P1: 29 | Q1: Всего часов | R1: Ставка | S1: Піддони | T1: =S1 -> Піддони | U1: Кутики монтаж | V1: =U1 -> Кутики монтаж | W1: Огородження | X1: =W1 -> Огородження | Y1: Битовка | Z1: =Y1 -> Битовка | AA1: Ремонт кран балки | AB1: =AA1 -> Ремонт кран балки | AC1: ИТР | AD1: =AC1 -> ИТР | AE1: Крушинка | AG1: Крушинка на листе
A2: 1 | B2: Скрипник Сергій | C2: 11 | D2: 9 | F2: 11 | H2: 11 | I2: 11 | J2: 11 | K2: 11 | N2: 11 | O2: 11 | P2: 11 | Q2: =C2+D2+E2+F2+G2+H2+I2+J2+O2+N2+M2+L2+K2+P2 -> 108 | R2: =INDEX(#REF!,MATCH(B2,#REF!,0)) -> #REF! | S2: =N2+O2+P2+K2 -> 44 | T2: =S2*R2 -> #REF! | U2: =C2+D2+F2+H2+I2+J2 -> 64 | V2: =U2*R2 -> #REF! | X2: =W2*R2 -> #REF! | Z2: =Y2*R2 -> #REF! | AB2: =AA2*R2 -> #REF! | AD2: =AC2*R2 -> #REF! | AF2: =Q2-SUM(S2:AC2) -> #REF!
A3: 2 | B3: Пономаренко Олександр | C3: 11 | D3: 9 | F3: 11 | G3: 11 | H3: 11 | I3: 11 | J3: 11 | K3: 11 | M3: 11 | N3: 11 | O3: 13 | P3: 12 | Q3: =C3+D3+E3+F3+G3+H3+I3+J3+O3+N3+M3+L3+K3+P3 -> 133 | R3: =INDEX(#REF!,MATCH(B3,#REF!,0)) -> #REF! | T3: =S3*R3 -> #REF! | V3: =U3*R3 -> #REF! | X3: =W3*R3 -> #REF! | Z3: =Y3*R3 -> #REF! | AB3: =AA3*R3 -> #REF! | AC3: =C3+D3+F3+G3+H3+I3+J3+K3+M3+N3+O3+P3 -> 133 | AD3: =AC3*R3 -> #REF! | AF3: =Q3-SUM(S3:AC3) -> #REF!
A4: 3 | B4: Бабіленко Микола Олександрович | C4: 11 | F4: 11 | G4: 11 | H4: 11 | I4: 11 | J4: 11 | K4: 11 | M4: 11 | N4: 11 | O4: 11 | P4: 11 | Q4: =C4+D4+E4+F4+G4+H4+I4+J4+O4+N4+M4+L4+K4+P4 -> 121 | R4: =INDEX(#REF!,MATCH(B4,#REF!,0)) -> #REF! | S4: =M4+N4+O4+P4 -> 44 | T4: =S4*R4 -> #REF! | U4: =C4+F4+H4+L4+K4 -> 44 | V4: =U4*R4 -> #REF! | X4: =W4*R4 -> #REF! | Z4: =Y4*R4 -> #REF! | AB4: =AA4*R4 -> #REF! | AD4: =AC4*R4 -> #REF! | AE4: =G4+I4+J4 -> 33 | AF4: =Q4-SUM(S4:AC4)-AE4 -> #REF! | AG4: 33 | AH4: Бабіленко Микола Олександрович | AI4: =AG4-AE4 -> 0
A5: 4 | B5: Багацький Вадим | C5: 11 | F5: 11 | G5: 11 | H5: 11 | I5: 11 | J5: 11 | K5: 11 | M5: 11 | N5: 11 | O5: 11 | P5: 11 | Q5: =C5+D5+E5+F5+G5+H5+I5+J5+O5+N5+M5+L5+K5+P5 -> 121 | R5: =INDEX(#REF!,MATCH(B5,#REF!,0)) -> #REF! | S5: =M5+N5+O5+P5 -> 44 | T5: =S5*R5 -> #REF! | V5: =U5*R5 -> #REF! | W5: =F5+G5+H5+I5+J5+K5 -> 66 | X5: =W5*R5 -> #REF! | Z5: =Y5*R5 -> #REF! | AB5: =AA5*R5 -> #REF! | AD5: =AC5*R5 -> #REF! | AE5: =C5 -> 11 | AF5: =Q5-SUM(S5:AC5)-AE5 -> #REF! | AG5: 11 | AH5: Багацький Вадим Геннадійович | AI5: =AG5-AE5 -> 0
