Workbook

Sheet Лист2
B1: Код (Таб. №) | C1: Наименование | D1: Код по ДРФО | E1: Вид договора | F1: Вид занятости | G1: Подразделение организации | H1: Должность организации | I1: Дата приема
B2: 1 | C2: Оренда авто
B3: д000000007 | C3: Воронцов Олександр Володимирович (оренда авто) | D3: 3244112838 | E3: Договор подряда (выполнение работ, оказание услуг)
B4: д000000023 | C4: Гавриченко Тетяна Василівна (оренда авто) | D4: 2890614789 | E4: Договор подряда (выполнение работ, оказание услуг)
B5: д000000010 | C5: Гриценко Олександр Вікторович (оренда авто) | D5: 2751711415 | E5: Договор подряда (выполнение работ, оказание услуг)
B6: д000000001 | C6: Гриценко Сергій Миколайович (дг.) | D6: 3382914593 | E6: Договор подряда (выполнение работ, оказание услуг)
B7: д000000013 | C7: Гриценко Сергій Миколайович (оренда авто) | D7: 3382914593 | E7: Договор подряда (выполнение работ, оказание услуг)
B8: д000000019 | C8: Гуняга Олег Володимирович (оренда авто) | D8: 2711822114 | E8: Договор подряда (выполнение работ, оказание услуг)
B9: д000000008 | C9: Манжула Максим Анатолійович (оренда авто) | D9: 3281710375 | E9: Договор подряда (выполнение работ, оказание услуг)
B10: д000000014 | C10: Огоновський Дмитро Анатолійович (оренда авто) | D10: 2866215672 | E10: Договор подряда (выполнение работ, оказание услуг)
B11: д000000015 | C11: Потьомко Михайло Володимирович (оренда авто) | D11: 3575508457 | E11: Договор подряда (выполнение работ, оказание услуг)
B12: д000000016 | C12: Сикал Павло Анатолійович (оренда авто) | D12: 3306506991 | E12: Договор подряда (выполнение работ, оказание услуг)
B13: д000000012 | C13: Старіков Сергій Вікторович (оренда авто) | D13: 2899410750 | E13: Договор подряда (выполнение работ, оказание услуг)
B14: д000000020 | C14: Шевченко Євген Анатолійович (оренда авто) | D14: 3194113635 | E14: Договор подряда (выполнение работ, оказание услуг)
B15: д000000009 | C15: Ширшов Олександр Леонідович (оренда авто) | D15: 2234022693 | E15: Договор подряда (выполнение работ, оказание услуг)
B16: 23 | C16: Адаменко Віталій Вікторович | D16: 3153900053 | E16: Трудовой договор | F16: Основное место работы | G16: Виробничий (Цех металоконструкцій) | H16: Монтажник будівельний | I16: 05.10.2022
B17: 4 | C17: Аксенчіков Сергій Олександрович | D17: 3457309598 | E17: Трудовой договор | F17: Основное место работы | G17: Адміністративний відділ | H17: Майстер будівельних та монтажних робіт | I17: 01.07.2022
B18: д000000001 | C18: Аксенчіков Сергій Олександрович (оренда авто) | D18: 3457309598 | E18: Договор подряда (выполнение работ, оказание услуг)
B19: 48 | C19: Александров Артем Анатолійович | D19: 2618119132 | E19: Трудовой договор | F19: Основное место работы | G19: Адміністративний відділ | H19: Діловод | I19: 25.09.2018
B20: 203 | C20: Александров Денис Анатолійович | D20: 2765913876 | E20: Трудовой договор | F20: Основное место работы | G20: Адміністративний відділ | H20: Помічник економіста | I20: 01.02.2021
B21: 156 | C21: Александрова Жанна Валентинівна | D21: 2693717247 | E21: Трудовой договор | F21: Основное место работы | G21: Адміністративний відділ | H21: Прибиральник службових приміщень | I21: 01.07.2020
B22: 2289516770 | C22: Антонович Тетяна Сергіївна | D22: 2894801342 | E22: Трудовой договор | F22: Основное место работы | G22: Адміністративний відділ | H22: Директор фінансовий | I22: 22.12.2022
B23: 16 | C23: Антонович Тетяна Сергіївна (сум.) | D23: 2894801342 | E23: Трудовой договор | F23: Внешнее совместительство | G23: Адміністративний відділ | H23: Директор фінансовий | I23: 26.05.2023
B24: 17 | C24: Аулова Маргарита Володимирівна | D24: 3036417408 | E24: Трудовой договор | F24: Внешнее совместительство | G24: Адміністративний відділ | H24: Головний бухгалтер | I24: 01.04.2024
B25: 2289516882 | C25: Аулова Маргарита Володимирівна (осн.) | D25: 3036417408 | E25: Трудовой договор | F25: Основное место работы | G25: Адміністративний відділ | H25: Головний бухгалтер | I25: 27.03.2024
B26: 2289516833 | C26: Ахмедов Тавакгюль Сардар огли | D26: 2358421934 | E26: Трудовой договор | F26: Основное место работы | G26: Виробничий (Ладижин-3) | H26: Маляр | I26: 08.09.2023
B27: 37 | C27: Бабіленко Микола Олександрович | D27: 2564424513 | E27: Трудовой договор | F27: Основное место работы | G27: Виробничий (Цех металоконструкцій) | H27: Слюсар із складання металевих конструкцій | I27: 01.12.2022
B28: 11 | C28: Багацький Вадим Геннадійович | D28: 3247506159 | E28: Трудовой договор | F28: Основное место работы | G28: Виробничий (Цех металоконструкцій) | H28: Електрозварник ручного зварювання | I28: 05.08.2022
B29: 2289516701 | C29: Безкоровайний Дмитро Миколайович | D29: 3358009052 | E29: Трудовой договор | F29: Основное место работы | G29: Виробничий (Підгірці) | H29: Водій автотранспортних засобів | I29: 04.02.2022
B30: 62 | C30: Білоусов Євген Вікторович | D30: 3421002151 | E30: Трудовой договор | F30: Основное место работы | G30: Виробничий (Старокостянтинів) | H30: Арматурник (будівельні, монтажні й ремонтно-будівельні роботи) | I30: 01.02.2019
B31: д000000006 | C31: Бічковський Максим Петрович | D31: 2922419813 | E31: Договор подряда (выполнение работ, оказание услуг)
B32: 2289516746 | C32: Блоха Євген Валерійович | D32: 2919308010 | E32: Трудовой договор | F32: Основное место работы | G32: Виробничий (Старокостянтинів) | H32: Бетоняр | I32: 27.09.2022
B33: 2289516849 | C33: Богданюк Дмитро Леонтійович | D33: 3036408418 | E33: Трудовой договор | F33: Основное место работы | G33: Адміністративний відділ | H33: Інженер з проєктно-кошторисної роботи | I33: 02.11.2023
B34: 19 | C34: Богун Олена Миколаївна | D34: 3813305164 | E34: Трудовой договор | F34: Основное место работы | G34: Виробничій цех | H34: Лаборант | I34: 02.07.2024
B35: 2289516863 | C35: Божков Валерій Вікторович | D35: 2753702532 | E35: Трудовой договор | F35: Основное место работы | G35: Виробничий (Крушинка) | H35: Водій автотранспортних засобів | I35: 19.12.2023
B36: 46 | C36: Бокоч Галина Михайлівна (осн.) | D36: 3018718189 | E36: Трудовой договор | F36: Основное место работы | G36: Адміністративний відділ | H36: Діловод | I36: 24.11.2023
B37: 157 | C37: Болох Володимир Васильович | D37: 2794610037 | E37: Трудовой договор | F37: Основное место работы | G37: Виробничий (Старокостянтинів) | H37: Машиніст крана автомобільного | I37: 03.08.2020
B38: 71 | C38: Борецька Людмила Сергіївна | D38: 3280710149 | E38: Трудовой договор | F38: Основное место работы | G38: Адміністративний відділ | H38: Економіст | I38: 08.04.2019
B39: 2289516756 | C39: Борисенко Олексій Миколайович | D39: 2957816213 | E39: Трудовой договор | F39: Основное место работы | G39: Виробничий (Крушинка) | H39: Машиніст крана автомобільного | I39: 01.11.2022
B40: 49 | C40: Бреус Віталій Григорович | D40: 3143007035 | E40: Трудовой договор | F40: Основное место работы | G40: Адміністративний відділ | H40: Менеджер (управитель) з постачання | I40: 18.07.2023
B41: 2289516819 | C41: Буднік Євгеній Костянтинович | D41: 3834606498 | E41: Трудовой договор | F41: Основное место работы | G41: Виробничий (Крушинка) | H41: Монтажник з монтажу сталевих та залізобетонних конструкцій | I41: 02.08.2023
B42: 2289516804 | C42: Буднік Костянтин Вікторович | D42: 2857318359 | E42: Трудовой договор | F42: Основное место работы | G42: Виробничий (Крушинка) | H42: Монтажник з монтажу сталевих та залізобетонних конструкцій | I42: 21.06.2023
B43: 217 | C43: Бунтило Віталій Іванович | D43: 3000412772 | E43: Трудовой договор | F43: Основное место работы | G43: Виробничий (Старокостянтинів) | H43: Водій автотранспортних засобів | I43: 18.03.2021
... B57: 2289516750 | C57: Гайворонський Владислав Вікторович | D57: 3624204536 | E57: Трудовой договор | F57: Основное место работы | G57: Виробничий (Ретал) | H57: Маляр | I57: 25.10.2022
B58: 2289516773 | C58: Гайдай Віктор Григорович | D58: 2623706617 | E58: Трудовой договор | F58: Основное место работы
B59: 2289516696 | C59: Геворкян Вануш Геворгович | D59: 3173022999 | E59: Трудовой договор | F59: Основное место работы | G59: Виробничий (Придніпровський ОЕЗ) | H59: Маляр | I59: 20.01.2022
B60: 2289516759 | C60: Гладун Дмитро Михайлович | D60: 3188300613 | E60: Трудовой договор | F60: Основное место работы | G60: Виробничий (Ніжин-3) | H60: Бетоняр | I60: 16.11.2022
B61: 2289516816 | C61: Глузд Дмитро Михайлович | D61: 3255109619 | E61: Трудовой договор | F61: Основное место работы | G61: Адміністративний відділ | H61: Начальник вiддiлу матерiально-технiчного постачання | I61: 31.07.2023
B62: 2289516817 | C62: Голіков Сергій Анатолійович | D62: 2985420914 | E62: Трудовой договор | F62: Основное место работы | G62: Виробничий (ООН) | H62: Монтажник з монтажу сталевих та залізобетонних конструкцій | I62: 02.08.2023
B63: 50 | C63: Голуб Ігор Леонідович | D63: 2273121637 | E63: Трудовой договор | F63: Основное место работы | G63: Транспортний відділ | H63: Водій автотранспортних засобів | I63: 09.04.2024
B64: 2289516854 | C64: Гончар Ольга Анатоліївна | D64: 2470006146 | E64: Трудовой договор | F64: Основное место работы | G64: Адміністративний відділ | H64: Бухгалтер | I64: 20.11.2023
B65: 57 | C65: Гончар Ольга Анатоліївна | D65: 2470006146 | E65: Трудовой договор | F65: Внешнее совместительство | G65: Адміністративний відділ | H65: Бухгалтер | I65: 04.12.2023
B66: 100 | C66: Гончаренко Анатолій Олексійович | D66: 3302818011 | E66: Трудовой договор | F66: Основное место работы | G66: Виробничий (Старокостянтинів) | H66: Монтажник з монтажу сталевих та залізобетонних конструкцій | I66: 09.08.2019
B67: 2289516876 | C67: Горбачова Лариса Борисівна | D67: 3016814180 | E67: Трудовой договор | F67: Основное место работы | G67: Адміністративний відділ | H67: Інженер з проєктно-кошторисної роботи | I67: 15.02.2024
B68: 75 | C68: Горєлов Микита Євгенович | D68: 3596200395 | E68: Трудовой договор | F68: Основное место работы | G68: Виробничий (Цех металоконструкцій) | H68: Електрозварник ручного зварювання | I68: 22.07.2024
B69: 189 | C69: Горячий Іван Васильович | D69: 3013807931 | E69: Трудовой договор | F69: Основное место работы | G69: Виробничий (Придніпровський ОЕЗ) | H69: Тракторист | I69: 17.11.2020
B70: 2289516901 | C70: Гребенюк Олександр Миколайович | D70: 2375803431 | E70: Трудовой договор | F70: Основное место работы | G70: Виробничий (Крушинка) | H70: Тракторист | I70: 19.06.2024
... B94: 274 | C94: Жорж Олександр Сергійович | D94: 3207413416 | E94: Трудовой договор | F94: Основное место работы | G94: Адміністративний відділ | H94: Керівник проєктів та програм | I94: 15.11.2021
B95: д000000011 | C95: Жорж Олександр Сергійович (оренда авто) | D95: 3207413416 | E95: Договор подряда (выполнение работ, оказание услуг)
B96: 12 | C96: Завіша Ігор Степанович | D96: 3694604010 | E96: Трудовой договор | F96: Основное место работы | G96: Виробничій цех | H96: Лаборант | I96: 01.05.2024
B97: 48 | C97: Заєць Олексій Олександрович | D97: 2958309437 | E97: Трудовой договор | F97: Основное место работы | G97: Адміністративний відділ | H97: Менеджер (управитель) з логістики | I97: 26.01.2024
B98: 2289516883 | C98: Здоровик Олександр Олександрович | D98: 3601207735 | E98: Трудовой договор | F98: Основное место работы | G98: Виробничий (Ніжин-3) | H98: Машиніст екскаватора | I98: 01.04.2024
B99: 2289516735 | C99: Зеленков Антон Михайлович | D99: 3053422190 | E99: Трудовой договор | F99: Основное место работы | G99: Адміністративний відділ | H99: Менеджер (управитель) з постачання | I99: 20.09.2022
B100: 197 | C100: Зоря Руслан Леонідович | D100: 3293018293 | E100: Трудовой договор | F100: Основное место работы
B101: 162 | C101: Зубов Олександр В'ячеславович | D101: 3119810293 | E101: Трудовой договор | F101: Основное место работы | G101: Виробничий (Ніжин-3) | H101: Бетоняр | I101: 01.09.2020
B102: 42 | C102: Іванов Олексій Вікторович | D102: 3705902230 | E102: Трудовой договор | F102: Основное место работы | G102: Виробничий (Цех металоконструкцій) | H102: Слюсар із складання металевих конструкцій | I102: 01.12.2022
B103: 8 | C103: Іскрицький Денис Русланович | D103: 3779110293 | E103: Трудовой договор | F103: Основное место работы | G103: Виробничий (Цех металоконструкцій) | H103: Електрозварник на автоматичних та напівавтоматичних машинах | I103: 10.08.2022
B104: 137 | C104: Карбунар Ярослав Дмитрович | D104: 3166313137 | E104: Трудовой договор | F104: Основное место работы | G104: Виробничий (Старокостянтинів) | H104: Машиніст екскаватора | I104: 08.04.2020
B105: 2289516888 | C105: Карпенко Михайло Григорович | D105: 2492508275 | E105: Трудовой договор | F105: Основное место работы | G105: Виробничий (Крушинка) | H105: Машиніст крана автомобільного | I105: 23.04.2024
B106: 2289516890 | C106: Катеринчук Сергій Володимирович | D106: 2345601097 | E106: Трудовой договор | F106: Внешнее совместительство | G106: Виробничий (Ніжин-3) | H106: Машиніст крана (кранівник) | I106: 02.05.2024
B107: 2289516878 | C107: Кісіль Євген Вікторович | D107: 3568405559 | E107: Трудовой договор | F107: Основное место работы | G107: Виробничий (Крушинка) | H107: Геодезист | I107: 01.03.2024
B108: 68 | C108: Кіфор Юрій Михайлович | D108: 2521518612 | E108: Трудовой договор | F108: Основное место работы | G108: Виробничий (Цех металоконструкцій) | H108: Монтажник будівельний | I108: 02.07.2024
B109: 2289516697 | C109: Клименко Олександр Сергійович | D109: 3073110819 | E109: Трудовой договор | F109: Основное место работы | G109: Виробничий (Придніпровський ОЕЗ) | H109: Маляр | I109: 20.01.2022
B110: 2289516708 | C110: Климович Олена Олександрівна | D110: 3503711344 | E110: Трудовой договор | F110: Основное место работы | G110: Адміністративний відділ | H110: Бухгалтер | I110: 22.07.2022
B111: 2289516895 | C111: Ковальов Ілля Миколайович | D111: 3220619518 | E111: Трудовой договор | F111: Основное место работы | G111: Виробничий (Крушинка) | H111: Виконавець робіт | I111: 01.06.2024
B112: 2289516703 | C112: Ковальчук Валентин Вікторович | D112: 3132604831 | E112: Трудовой договор | F112: Основное место работы | G112: Виробничий (Крушинка) | H112: Тракторист | I112: 04.02.2022
... B130: 3 | C130: Кушнір Тарас Анатолійович | D130: 3458003578 | E130: Трудовой договор | F130: Основное место работы | G130: Виробничій цех | H130: Начальник зміни | I130: 17.11.2023
B131: 18 | C131: Кушнір Тарас Анатолійович | D131: 3458003578 | E131: Трудовой договор | F131: Внешнее совместительство
B132: 2289516737 | C132: Лисенко Артем Ігорович | D132: 3662602531 | E132: Трудовой договор | F132: Основное место работы | G132: Виробничий (Ніжин-3) | H132: Бетоняр | I132: 20.09.2022
B133: 2289516893 | C133: Лисенко Ігор Сергійович | D133: 2855420394 | E133: Трудовой договор | F133: Основное место работы | G133: Виробничий (Ніжин-3) | H133: Бетоняр | I133: 16.05.2024
B134: 2289516898 | C134: Лобода Руслан Володимирович | D134: 2777600676 | E134: Трудовой договор | F134: Основное место работы | G134: Виробничий (Ніжин-3) | H134: Бетоняр | I134: 05.06.2024
B135: 2289516837 | C135: Лохматов Анатолій Станіславович | D135: 3108202652 | E135: Трудовой договор | F135: Основное место работы | G135: Виробничий (Ніжин-3) | H135: Бетоняр | I135: 20.09.2023
B136: 2289516873 | C136: Ляшко Сергій Миколайович | D136: 2850902050 | E136: Трудовой договор | F136: Основное место работы | G136: Виробничий (Крушинка) | H136: Машиніст екскаватора | I136: 10.02.2024
B137: 2289516802 | C137: Манжула Максим Анатолійович | D137: 3281710375 | E137: Трудовой договор | F137: Внешнее совместительство | G137: Адміністративний відділ | H137: Директор виконавчий | I137: 01.06.2023
B138: 12 | C138: Манжула Максим Анатолійович | D138: 3281710375 | E138: Трудовой договор | F138: Основное место работы | G138: Адміністративний відділ | H138: Директор | I138: 06.08.2022
B139: 2289516874 | C139: Марков Олександр Михайлович | D139: 2572519716 | E139: Трудовой договор | F139: Основное место работы | G139: Виробничий (Крушинка) | H139: Виконавець робіт | I139: 15.02.2024
B140: 2289516836 | C140: Марков Олексій Віталійович | D140: 2773311771 | E140: Трудовой договор | F140: Основное место работы | G140: Виробничий (Крушинка) | H140: Бетоняр | I140: 20.09.2023
B141: 27 | C141: Масливець Ігор Валерійович | D141: 2880313812 | E141: Трудовой договор | F141: Основное место работы | G141: Виробничий (Цех металоконструкцій) | H141: Підсобний робочий | I141: 05.10.2022
B142: 2289516879 | C142: Матейченко Володимир Іванович | D142: 2783317959 | E142: Трудовой договор | F142: Основное место работы | G142: Виробничий (Ніжин-3) | H142: Бетоняр | I142: 18.03.2024
B143: 2289516853 | C143: Мацанек В'ячеслав Дмитрович | D143: 2034207638 | E143: Трудовой договор | F143: Основное место работы | G143: Виробничий (Крушинка) | H143: Підсобний робочий | I143: 20.11.2023
... B161: 218 | C161: Олійник Валерій Миколайович | D161: 2559518617 | E161: Трудовой договор | F161: Основное место работы | G161: Виробничий (Старокостянтинів) | H161: Виконавець робіт | I161: 29.03.2021
B162: д000000017 | C162: Олійник Валерій Миколайович (оренда авто) | D162: 2559518617 | E162: Договор подряда (выполнение работ, оказание услуг)
B163: 2289516827 | C163: Павленко Владислав Володимирович | D163: 3771107310 | E163: Трудовой договор | F163: Основное место работы | G163: Виробничий (ООН) | H163: Монтажник з монтажу сталевих та залізобетонних конструкцій | I163: 01.09.2023
B164: 2289516805 | C164: Павленко Володимир Федорович | D164: 2218422874 | E164: Трудовой договор | F164: Основное место работы | G164: Виробничий (Крушинка) | H164: Монтажник з монтажу сталевих та залізобетонних конструкцій | I164: 21.06.2023
B165: 56 | C165: Павлов Олег Євгенович | D165: 2583617833 | E165: Трудовой договор | F165: Основное место работы | G165: Адміністративний відділ | H165: Завідувач господарством | I165: 23.11.2018
B166: 2289516843 | C166: Паламарчук Віталій Олександрович | D166: 3525016911 | E166: Трудовой договор | F166: Основное место работы | G166: Виробничий (Крушинка) | H166: Бетоняр | I166: 04.10.2023
B167: 59 | C167: Паламарчук Вячеслав Володимирович | D167: 3230316597 | E167: Трудовой договор | F167: Основное место работы | G167: Виробничий (Цех металоконструкцій) | H167: Електрозварник ручного зварювання | I167: 22.12.2023
B168: 2289516839 | C168: Пальчик Олена Валентинівна | D168: 2710222868 | E168: Трудовой договор | F168: Основное место работы | G168: Адміністративний відділ | H168: Бухгалтер | I168: 01.10.2023
B169: 61 | C169: Парнєва Олена Вікторівна | D169: 2938511042 | E169: Трудовой договор | F169: Основное место работы | G169: Адміністративний відділ | H169: Діловод | I169: 09.02.2024
B170: д000000004 | C170: Пасічник Андрій Сергійович | D170: 2983015610 | E170: Договор подряда (выполнение работ, оказание услуг)
...

Sheet Лист1
B2: N | C2: Работник (основное назначение) | D2: Период взаиморасчетов | E2: Счет учета | F2: Сумма | G2: Сумма (окр.) | J2: Админ
B3: 1 | C3: Аксенчіков Сергій Олександрович | D3: 01.07.2024 | E3: 661 | F3: 4326 | H3: =MATCH(I3,#REF!,0) -> #REF! | I3: =TRIM(C3) -> Аксенчіков Сергій Олександрович | J3: 1
B4: 2 | C4: Бабіленко Микола Олександрович | D4: 01.07.2024 | E4: 661 | F4: 3990 | H4: =MATCH(I4,#REF!,0) -> #REF! | I4: =TRIM(C4) -> Бабіленко Микола Олександрович | K4: =INDEX(Лист2!D:D,MATCH(C4,Лист2!C:C,0)) -> 2564424513
B5: 3 | C5: Багацький Вадим Геннадійович | D5: 01.07.2024 | E5: 661 | F5: 3990 | H5: =MATCH(I5,#REF!,0) -> #REF! | I5: =TRIM(C5) -> Багацький Вадим Геннадійович | K5: =INDEX(Лист2!D:D,MATCH(C5,Лист2!C:C,0)) -> 3247506159
B6: 4 | C6: Бреус Віталій Григорович | D6: 01.07.2024 | E6: 661 | F6: 5417.99 | H6: =MATCH(I6,#REF!,0) -> #REF! | I6: =TRIM(C6) -> Бреус Віталій Григорович | J6: 1
B7: 5 | C7: Бутенко Матвій Анатолійович | D7: 01.07.2024 | E7: 661 | F7: 4326 | H7: =MATCH(I7,#REF!,0) -> #REF! | I7: =TRIM(C7) -> Бутенко Матвій Анатолійович | J7: 1
B8: 6 | C8: Васильєв Віталій Юрійович | D8: 01.07.2024 | E8: 661 | F8: 3990 | H8: =MATCH(I8,#REF!,0) -> #REF! | I8: =TRIM(C8) -> Васильєв Віталій Юрійович | K8: =INDEX(Лист2!D:D,MATCH(C8,Лист2!C:C,0)) -> 3746304158
B9: 7 | C9: Власенко В'ячеслав Валентинович | D9: 01.07.2024 | E9: 661 | F9: 3990 | H9: =MATCH(I9,#REF!,0) -> #REF! | I9: =TRIM(C9) -> Власенко В'ячеслав Валентинович | K9: =INDEX(Лист2!D:D,MATCH(C9,Лист2!C:C,0)) -> 2831710277
B10: 8 | C10: Горєлов Микита Євгенович | D10: 01.07.2024 | E10: 661 | F10: 2660 | H10: =MATCH(I10,#REF!,0) -> #REF! | I10: =TRIM(C10) -> Горєлов Микита Євгенович | K10: =INDEX(Лист2!D:D,MATCH(C10,Лист2!C:C,0)) -> 3596200395
B11: 9 | C11: Григор'єв Микола Андрійович | D11: 01.07.2024 | E11: 661 | F11: 1662.5 | H11: =MATCH(I11,#REF!,0) -> #REF! | I11: =TRIM(C11) -> Григор'єв Микола Андрійович | K11: =INDEX(Лист2!D:D,MATCH(C11,Лист2!C:C,0)) -> 3422005391
B12: 10 | C12: Григор'єв Михайло Андрійович | D12: 01.07.2024 | E12: 661 | F12: 3990 | H12: =MATCH(I12,#REF!,0) -> #REF! | I12: =TRIM(C12) -> Григор'єв Михайло Андрійович | K12: =INDEX(Лист2!D:D,MATCH(C12,Лист2!C:C,0)) -> 3720407672
B13: 11 | C13: Григоренко Олександр Миколайович | D13: 01.07.2024 | E13: 661 | F13: 3990 | H13: =MATCH(I13,#REF!,0) -> #REF! | I13: =TRIM(C13) -> Григоренко Олександр Миколайович | K13: =INDEX(Лист2!D:D,MATCH(C13,Лист2!C:C,0)) -> 2436600937
B14: 12 | C14: Гриценко Олександр Вікторович | D14: 01.07.2024 | E14: 661 | F14: 5197.5 | H14: =MATCH(I14,#REF!,0) -> #REF! | I14: =TRIM(C14) -> Гриценко Олександр Вікторович | J14: 1
B15: 13 | C15: Грушко Лариса Вікторівна | D15: 01.07.2024 | E15: 661 | F15: 4427.5 | H15: =MATCH(I15,#REF!,0) -> #REF! | I15: =TRIM(C15) -> Грушко Лариса Вікторівна | J15: 1
B16: 14 | C16: Дехтяр Владислав Олександрович | D16: 01.07.2024 | E16: 661 | F16: 3990 | H16: =MATCH(I16,#REF!,0) -> #REF! | I16: =#REF! -> #REF! | K16: =INDEX(Лист2!D:D,MATCH(C16,Лист2!C:C,0)) -> 3374502899
B17: 15 | C17: Желтяков Ігор Юрійович | D17: 01.07.2024 | E17: 661 | F17: 3990 | H17: =MATCH(I17,#REF!,0) -> #REF! | I17: =TRIM(C17) -> Желтяков Ігор Юрійович | K17: =INDEX(Лист2!D:D,MATCH(C17,Лист2!C:C,0)) -> 2637303953
B18: 16 | C18: Іванов Олексій Вікторович | D18: 01.07.2024 | E18: 661 | F18: 3990 | H18: =MATCH(I18,#REF!,0) -> #REF! | I18: =TRIM(C18) -> Іванов Олексій Вікторович | K18: =INDEX(Лист2!D:D,MATCH(C18,Лист2!C:C,0)) -> 3705902230
B19: 17 | C19: Іскрицький Денис Русланович | D19: 01.07.2024 | E19: 661 | F19: 3990 | H19: =MATCH(I19,#REF!,0) -> #REF! | I19: =TRIM(C19) -> Іскрицький Денис Русланович | K19: =INDEX(Лист2!D:D,MATCH(C19,Лист2!C:C,0)) -> 3779110293
B20: 18 | C20: Кіфор Юрій Михайлович | D20: 01.07.2024 | E20: 661 | F20: 3990.02 | H20: =MATCH(I20,#REF!,0) -> #REF! | I20: =TRIM(C20) -> Кіфор Юрій Михайлович | K20: =INDEX(Лист2!D:D,MATCH(C20,Лист2!C:C,0)) -> 2521518612
B21: 19 | C21: Корнієнко Станіслав Володимирович | D21: 01.07.2024 | E21: 661 | F21: 3428.01 | H21: =MATCH(I21,#REF!,0) -> #REF! | I21: =C21 -> Корнієнко Станіслав Володимирович | K21: =INDEX(Лист2!D:D,MATCH(C21,Лист2!C:C,0)) -> 2579305831
B22: 20 | C22: Масливець Ігор Валерійович | D22: 01.07.2024 | E22: 661 | F22: 3990 | H22: =MATCH(I22,#REF!,0) -> #REF! | I22: =TRIM(C22) -> Масливець Ігор Валерійович | K22: =INDEX(Лист2!D:D,MATCH(C22,Лист2!C:C,0)) -> 2880313812
B23: 21 | C23: Мельниченко Максим Вікторович | D23: 01.07.2024 | E23: 661 | F23: 6650 | H23: =MATCH(I23,#REF!,0) -> #REF! | I23: =TRIM(C23) -> Мельниченко Максим Вікторович | K23: =INDEX(Лист2!D:D,MATCH(C23,Лист2!C:C,0)) -> 3348501613
B24: 22 | C24: Мороз Віталій Миколайович | D24: 01.07.2024 | E24: 661 | F24: 6650 | H24: =MATCH(I24,#REF!,0) -> #REF! | I24: =TRIM(C24) -> Мороз Віталій Миколайович | K24: =INDEX(Лист2!D:D,MATCH(C24,Лист2!C:C,0)) -> 3216804294
B25: 23 | C25: Нестерук Сергій Петрович | D25: 01.07.2024 | E25: 661 | F25: 3990.02 | H25: =MATCH(I25,#REF!,0) -> #REF! | I25: =TRIM(C25) -> Нестерук Сергій Петрович | K25: =INDEX(Лист2!D:D,MATCH(C25,Лист2!C:C,0)) -> 3283102618
B26: 24 | C26: Паламарчук Вячеслав Володимирович | D26: 01.07.2024 | E26: 661 | F26: 3990 | H26: =MATCH(I26,#REF!,0) -> #REF! | I26: =TRIM(C26) -> Паламарчук Вячеслав Володимирович | K26: =INDEX(Лист2!D:D,MATCH(C26,Лист2!C:C,0)) -> 3230316597
B27: 25 | C27: Парнєва Олена Вікторівна | D27: 01.07.2024 | E27: 661 | F27: 840 | H27: =MATCH(I27,#REF!,0) -> #REF! | I27: =TRIM(C27) -> Парнєва Олена Вікторівна | K27: =INDEX(Лист2!D:D,MATCH(C27,Лист2!C:C,0)) -> 2938511042
B28: 26 | C28: Пилипчук Олександр Анатолійович | D28: 01.07.2024 | E28: 661 | F28: 3990 | H28: =MATCH(I28,#REF!,0) -> #REF! | I28: =TRIM(C28) -> Пилипчук Олександр Анатолійович | K28: =INDEX(Лист2!D:D,MATCH(C28,Лист2!C:C,0)) -> 3067218612
B29: 27 | C29: Поліщук Олександр Олександрович | D29: 01.07.2024 | E29: 661 | F29: 3990 | H29: =MATCH(I29,#REF!,0) -> #REF! | I29: =TRIM(C29) -> Поліщук Олександр Олександрович | K29: =INDEX(Лист2!D:D,MATCH(C29,Лист2!C:C,0)) -> 3289716153
B30: 28 | C30: Пономаренко Віталій Вікторович | D30: 01.07.2024 | E30: 661 | F30: 3990 | H30: =MATCH(I30,#REF!,0) -> #REF! | I30: =TRIM(C30) -> Пономаренко Віталій Вікторович | K30: =INDEX(Лист2!D:D,MATCH(C30,Лист2!C:C,0)) -> 3185119514
B31: 29 | C31: Пономаренко Олександр Вікторович | D31: 01.07.2024 | E31: 661 | F31: 5460 | H31: =MATCH(I31,#REF!,0) -> #REF! | I31: =TRIM(C31) -> Пономаренко Олександр Вікторович | K31: =INDEX(Лист2!D:D,MATCH(C31,Лист2!C:C,0)) -> 2944519172
B32: 30 | C32: Пономарьов Микола Вікторович | D32: 01.07.2024 | E32: 661 | F32: 3990 | H32: =MATCH(I32,#REF!,0) -> #REF! | I32: =TRIM(C32) -> Пономарьов Микола Вікторович | K32: =INDEX(Лист2!D:D,MATCH(C32,Лист2!C:C,0)) -> 3008300898
B33: 31 | C33: Понуркін Євген Григорович | D33: 01.07.2024 | E33: 661 | F33: 3990 | H33: =MATCH(I33,#REF!,0) -> #REF! | I33: =TRIM(C33) -> Понуркін Євген Григорович | K33: =INDEX(Лист2!D:D,MATCH(C33,Лист2!C:C,0)) -> 3005702873
... B38: 36 | C38: Скрипник Сергій Павлович | D38: 01.07.2024 | E38: 661 | F38: 5460 | H38: =MATCH(I38,#REF!,0) -> #REF! | I38: =TRIM(C38) -> Скрипник Сергій Павлович | K38: =INDEX(Лист2!D:D,MATCH(C38,Лист2!C:C,0)) -> 3219619831
B39: 37 | C39: Стецюк Тетяна Леонідівна | D39: 01.07.2024 | E39: 661 | F39: 5460 | H39: =MATCH(I39,#REF!,0) -> #REF! | I39: =TRIM(C39) -> Стецюк Тетяна Леонідівна | J39: 1
B40: 38 | C40: Тужиков Валерій Владиславович (осн.) | D40: 01.07.2024 | E40: 661 | F40: 3990 | H40: =MATCH(I40,#REF!,0) -> #REF! | I40: =#REF! -> #REF! | K40: =INDEX(Лист2!D:D,MATCH(C40,Лист2!C:C,0)) -> 3233009756
B41: 39 | C41: Тужиков Юрій Владиславович | D41: 01.07.2024 | E41: 661 | F41: 3324.99 | H41: =MATCH(I41,#REF!,0) -> #REF! | I41: =TRIM(C41) -> Тужиков Юрій Владиславович | K41: =INDEX(Лист2!D:D,MATCH(C41,Лист2!C:C,0)) -> 3153508799
B42: 40 | C42: Федорчук Денис Сергійович | D42: 01.07.2024 | E42: 661 | F42: 1995 | H42: =MATCH(I42,#REF!,0) -> #REF! | I42: =TRIM(C42) -> Федорчук Денис Сергійович | K42: =INDEX(Лист2!D:D,MATCH(C42,Лист2!C:C,0)) -> 3428705315
B43: 41 | C43: Чілібін Микола Євгенович | D43: 01.07.2024 | E43: 661 | F43: 5460 | H43: =MATCH(I43,#REF!,0) -> #REF! | I43: =TRIM(C43) -> Чілібін Микола Євгенович | J43: 1
B44: 42 | C44: Чуб Владислав Володимирович | D44: 01.07.2024 | E44: 661 | F44: 840 | H44: =MATCH(I44,#REF!,0) -> #REF! | I44: =TRIM(C44) -> Чуб Владислав Володимирович | K44: =INDEX(Лист2!D:D,MATCH(C44,Лист2!C:C,0)) -> 2858519154
B45: 43 | C45: Щербак Петро Іванович | D45: 01.07.2024 | E45: 661 | F45: 4620 | H45: =MATCH(I45,#REF!,0) -> #REF! | I45: =C45 -> Щербак Петро Іванович | K45: =INDEX(Лист2!D:D,MATCH(C45,Лист2!C:C,0)) -> 2537500655
E46: Итого: | F46: 172635.53

Sheet Табель цех 16 по 30 вересня
A1: N | B1: Сотрудник | C1: Удержание за обеды на объекте | D1: виплати на картку за період 16-30.09.25 | E1: ЗП 16-30.09.25 | F1: Сальдо на -15.09.2025 | G1: до виплати | H1: Сальдо на 30.09.2025 | I1: Відпрацьовано годин | J1: ставка
B2: Пономаренко Віталій Вікторович | D2: 8662.5 | E2: =I2*J2 -> 20880 | F2: =SUMIF('[1]Табель цех 1 по 15 вересня'!$B:$B,B2,'[1]Табель цех 1 по 15 вересня'!$H:$H) -> 29.98 | G2: =IF(ROUND(E2+F2-C2-D2,-2)<0,0,ROUND(E2+F2-C2-D2,-2)) -> 12200 | H2: =F2+E2-D2-G2-C2 -> 47.48 | I2: 116 | J2: 180
B3: Скрипник Сергій Павлович | D3: 8610 | E3: =I3*J3 -> 14940 | F3: =SUMIF('[1]Табель цех 1 по 15 вересня'!$B:$B,B3,'[1]Табель цех 1 по 15 вересня'!$H:$H) -> -2423.56 | G3: =IF(ROUND(E3+F3-C3-D3,-2)<0,0,ROUND(E3+F3-C3-D3,-2)) -> 3900 | H3: =F3+E3-D3-G3-C3 -> 6.44 | I3: 83 | J3: 180
A4: 1 | B4: Багацький Вадим Геннадійович | D4: 3927 | E4: =I4*J4 -> 24150 | F4: =SUMIF('[1]Табель цех 1 по 15 вересня'!$B:$B,B4,'[1]Табель цех 1 по 15 вересня'!$H:$H) -> -14.75 | G4: =IF(ROUND(E4+F4-C4-D4,-2)<0,0,ROUND(E4+F4-C4-D4,-2)) -> 20200 | H4: =F4+E4-D4-G4-C4 -> 8.25 | I4: =_ЦО!T2+'МХП лазня'!T2+Катеринополь!T2+ВООЗ!T2+Кернел!T2+'Глобино Мк'!T2+'ВООЗ ЕМС'!T2+'ООН 36'!T2+'ООН 37'!T2+'ООН 38'!T2+ООН39!T2+'ООН 40'!T2+'ООН №43'!T2+'ООН 44'!T2+'ООН 45'!V2+ООН46!T2+ООН47!T2+ООН48!T2+ООН49!T2+ООн50!T2+ООН51!T2+Форшахта!T2+'ГАлерея 25.6'!T2+ГРП!AI2+'Парк меляси'!T2+'ООН 42'!T2 -> 161 | J4: 150
A5: 2 | B5: Васильєв Віталій Юрійович | D5: 3927 | E5: =I5*J5 -> 17850 | F5: =SUMIF('[1]Табель цех 1 по 15 вересня'!$B:$B,B5,'[1]Табель цех 1 по 15 вересня'!$H:$H) -> 2.26 | G5: =IF(ROUND(E5+F5-C5-D5,-2)<0,0,ROUND(E5+F5-C5-D5,-2)) -> 13900 | H5: =F5+E5-D5-G5-C5 -> 25.26 | I5: =_ЦО!T3+'МХП лазня'!T3+Катеринополь!T3+ВООЗ!T3+Кернел!T3+'Глобино Мк'!T3+'ВООЗ ЕМС'!T3+'ООН 36'!T3+'ООН 37'!T3+'ООН 38'!T3+ООН39!T3+'ООН 40'!T3+'ООН №43'!T3+'ООН 44'!T3+'ООН 45'!V3+ООН46!T3+ООН47!T3+ООН48!T3+ООН49!T3+ООн50!T3+ООН51!T3+Форшахта!T3+'ГАлерея 25.6'!T3+ГРП!AI3+'Парк меляси'!T3+'ООН 42'!T3 -> 119 | J5: 150
A6: 3 | B6: Григоренко Олександр Миколайович | C6: 10324.25 | D6: 3927 | E6: =I6*J6 -> 54000 | F6: =SUMIF('[1]Табель цех 1 по 15 вересня'!$B:$B,B6,'[1]Табель цех 1 по 15 вересня'!$H:$H) -> 39.75 | G6: =IF(ROUND(E6+F6-C6-D6,-2)<0,0,ROUND(E6+F6-C6-D6,-2)) -> 39800 | H6: =F6+E6-D6-G6-C6 -> -11.5 | I6: =_ЦО!T4+'МХП лазня'!T4+Катеринополь!T4+ВООЗ!T4+Кернел!T4+'Глобино Мк'!T4+'ВООЗ ЕМС'!T4+'ООН 36'!T4+'ООН 37'!T4+'ООН 38'!T4+ООН39!T4+'ООН 40'!T4+'ООН №43'!T4+'ООН 44'!T4+'ООН 45'!V4+ООН46!T4+ООН47!T4+ООН48!T4+ООН49!T4+ООн50!T4+ООН51!T4+Форшахта!T4+'ГАлерея 25.6'!T4+ГРП!AI4+'Парк меляси'!T4+'ООН 42'!T4 -> 360 | J6: 150
A7: 4 | B7: Григорьєв Микола Андрійович | D7: 3927 | E7: =I7*J7 -> 18150 | F7: =SUMIF('[1]Табель цех 1 по 15 вересня'!$B:$B,B7,'[1]Табель цех 1 по 15 вересня'!$H:$H) -> -28.74 | G7: =IF(ROUND(E7+F7-C7-D7,-2)<0,0,ROUND(E7+F7-C7-D7,-2)) -> 14200 | H7: =F7+E7-D7-G7-C7 -> -5.74 | I7: =_ЦО!T5+'МХП лазня'!T5+Катеринополь!T5+ВООЗ!T5+Кернел!T5+'Глобино Мк'!T5+'ВООЗ ЕМС'!T5+'ООН 36'!T5+'ООН 37'!T5+'ООН 38'!T5+ООН39!T5+'ООН 40'!T5+'ООН №43'!T5+'ООН 44'!T5+'ООН 45'!V5+ООН46!T5+ООН47!T5+ООН48!T5+ООН49!T5+ООн50!T5+ООН51!T5+Форшахта!T5+'ГАлерея 25.6'!T5+ГРП!AI5+'Парк меляси'!T5+'ООН 42'!T5 -> 121 | J7: 150
A8: 5 | B8: Григор'єв Михайло Андрійович | D8: 3927 | E8: =I8*J8 -> 19050 | F8: =SUMIF('[1]Табель цех 1 по 15 вересня'!$B:$B,B8,'[1]Табель цех 1 по 15 вересня'!$H:$H) -> 6.17 | G8: =IF(ROUND(E8+F8-C8-D8,-2)<0,0,ROUND(E8+F8-C8-D8,-2)) -> 15100 | H8: =F8+E8-D8-G8-C8 -> 29.17 | I8: =_ЦО!T6+'МХП лазня'!T6+Катеринополь!T6+ВООЗ!T6+Кернел!T6+'Глобино Мк'!T6+'ВООЗ ЕМС'!T6+'ООН 36'!T6+'ООН 37'!T6+'ООН 38'!T6+ООН39!T6+'ООН 40'!T6+'ООН №43'!T6+'ООН 44'!T6+'ООН 45'!V6+ООН46!T6+ООН47!T6+ООН48!T6+ООН49!T6+ООн50!T6+ООН51!T6+Форшахта!T6+'ГАлерея 25.6'!T6+ГРП!AI6+'Парк меляси'!T6+'ООН 42'!T6 -> 127 | J8: 150
A9: 6 | B9: Іванов Олексій Вікторович | D9: 3927 | E9: =I9*J9 -> 19050 | F9: =SUMIF('[1]Табель цех 1 по 15 вересня'!$B:$B,B9,'[1]Табель цех 1 по 15 вересня'!$H:$H) -> -18.45 | G9: =IF(ROUND(E9+F9-C9-D9,-2)<0,0,ROUND(E9+F9-C9-D9,-2)) -> 15100 | H9: =F9+E9-D9-G9-C9 -> 4.55 | I9: =_ЦО!T7+'МХП лазня'!T7+Катеринополь!T7+ВООЗ!T7+Кернел!T7+'Глобино Мк'!T7+'ВООЗ ЕМС'!T7+'ООН 36'!T7+'ООН 37'!T7+'ООН 38'!T7+ООН39!T7+'ООН 40'!T7+'ООН №43'!T7+'ООН 44'!T7+'ООН 45'!V7+ООН46!T7+ООН47!T7+ООН48!T7+ООН49!T7+ООн50!T7+ООН51!T7+Форшахта!T7+'ГАлерея 25.6'!T7+ГРП!AI7+'Парк меляси'!T7+'ООН 42'!T7 -> 127 | J9: 150
A10: 7 | B10: Іскрицький Денис Русланович | D10: 18640.48 | E10: =I10*J10 -> 23400 | F10: =SUMIF('[1]Табель цех 1 по 15 вересня'!$B:$B,B10,'[1]Табель цех 1 по 15 вересня'!$H:$H) -> -10.24 | G10: =IF(ROUND(E10+F10-C10-D10,-2)<0,0,ROUND(E10+F10-C10-D10,-2)) -> 4700 | H10: =F10+E10-D10-G10-C10 -> 49.28 | I10: =_ЦО!T8+'МХП лазня'!T8+Катеринополь!T8+ВООЗ!T8+Кернел!T8+'Глобино Мк'!T8+'ВООЗ ЕМС'!T8+'ООН 36'!T8+'ООН 37'!T8+'ООН 38'!T8+ООН39!T8+'ООН 40'!T8+'ООН №43'!T8+'ООН 44'!T8+'ООН 45'!V8+ООН46!T8+ООН47!T8+ООН48!T8+ООН49!T8+ООн50!T8+ООН51!T8+Форшахта!T8+'ГАлерея 25.6'!T8+ГРП!AI8+'Парк меляси'!T8+'ООН 42'!T8 -> 156 | J10: 150
A11: 8 | B11: Корнієнко Станіслав Володимирович | C11: 10324.25 | D11: 3927 | E11: =I11*J11 -> 54000 | F11: =SUMIF('[1]Табель цех 1 по 15 вересня'!$B:$B,B11,'[1]Табель цех 1 по 15 вересня'!$H:$H) -> 32.54 | G11: =IF(ROUND(E11+F11-C11-D11,-2)<0,0,ROUND(E11+F11-C11-D11,-2)) -> 39800 | H11: =F11+E11-D11-G11-C11 -> -18.71 | I11: =_ЦО!T9+'МХП лазня'!T9+Катеринополь!T9+ВООЗ!T9+Кернел!T9+'Глобино Мк'!T9+'ВООЗ ЕМС'!T9+'ООН 36'!T9+'ООН 37'!T9+'ООН 38'!T9+ООН39!T9+'ООН 40'!T9+'ООН №43'!T9+'ООН 44'!T9+'ООН 45'!V9+ООН46!T9+ООН47!T9+ООН48!T9+ООН49!T9+ООн50!T9+ООН51!T9+Форшахта!T9+'ГАлерея 25.6'!T9+ГРП!AI9+'Парк меляси'!T9+'ООН 42'!T9 -> 360 | J11: 150
A12: 9 | B12: Масливець Ігор Валерійович | D12: 3927 | E12: =I12*J12 -> 20700 | F12: =SUMIF('[1]Табель цех 1 по 15 вересня'!$B:$B,B12,'[1]Табель цех 1 по 15 вересня'!$H:$H) -> 34.95 | G12: =IF(ROUND(E12+F12-C12-D12,-2)<0,0,ROUND(E12+F12-C12-D12,-2)) -> 16800 | H12: =F12+E12-D12-G12-C12 -> 7.95 | I12: =_ЦО!T10+'МХП лазня'!T10+Катеринополь!T10+ВООЗ!T10+Кернел!T10+'Глобино Мк'!T10+'ВООЗ ЕМС'!T10+'ООН 36'!T10+'ООН 37'!T10+'ООН 38'!T10+ООН39!T10+'ООН 40'!T10+'ООН №43'!T10+'ООН 44'!T10+'ООН 45'!V10+ООН46!T10+ООН47!T10+ООН48!T10+ООН49!T10+ООн50!T10+ООН51!T10+Форшахта!T10+'ГАлерея 25.6'!T10+ГРП!AI10+'Парк меляси'!T10+'ООН 42'!T10 -> 138 | J12: 150
A13: 10 | B13: Скрипник Олександр Павлович | D13: 3927 | E13: =I13*J13 -> 19050 | F13: =SUMIF('[1]Табель цех 1 по 15 вересня'!$B:$B,B13,'[1]Табель цех 1 по 15 вересня'!$H:$H) -> -25 | G13: =IF(ROUND(E13+F13-C13-D13,-2)<0,0,ROUND(E13+F13-C13-D13,-2)) -> 15100 | H13: =F13+E13-D13-G13-C13 -> -2 | I13: =_ЦО!T11+'МХП лазня'!T11+Катеринополь!T11+ВООЗ!T11+Кернел!T11+'Глобино Мк'!T11+'ВООЗ ЕМС'!T11+'ООН 36'!T11+'ООН 37'!T11+'ООН 38'!T11+ООН39!T11+'ООН 40'!T11+'ООН №43'!T11+'ООН 44'!T11+'ООН 45'!V11+ООН46!T11+ООН47!T11+ООН48!T11+ООН49!T11+ООн50!T11+ООН51!T11+Форшахта!T11+'ГАлерея 25.6'!T11+ГРП!AI11+'Парк меляси'!T11+'ООН 42'!T11 -> 127 | J13: 150
A14: 11 | B14: Паламарчук Вячеслав Володимирович | D14: 14676.63 | E14: =I14*J14 -> 19800 | F14: =SUMIF('[1]Табель цех 1 по 15 вересня'!$B:$B,B14,'[1]Табель цех 1 по 15 вересня'!$H:$H) -> -36.63 | G14: =IF(ROUND(E14+F14-C14-D14,-2)<0,0,ROUND(E14+F14-C14-D14,-2)) -> 5100 | H14: =F14+E14-D14-G14-C14 -> -13.26 | I14: =_ЦО!T12+'МХП лазня'!T12+Катеринополь!T12+ВООЗ!T12+Кернел!T12+'Глобино Мк'!T12+'ВООЗ ЕМС'!T12+'ООН 36'!T12+'ООН 37'!T12+'ООН 38'!T12+ООН39!T12+'ООН 40'!T12+'ООН №43'!T12+'ООН 44'!T12+'ООН 45'!V12+ООН46!T12+ООН47!T12+ООН48!T12+ООН49!T12+ООн50!T12+ООН51!T12+Форшахта!T12+'ГАлерея 25.6'!T12+ГРП!AI12+'Парк меляси'!T12+'ООН 42'!T12 -> 132 | J14: 150
A15: 12 | B15: Дехтяр Владислав Олександрович | C15: 10324.25 | D15: 3927 | E15: =I15*J15 -> 54000 | F15: =SUMIF('[1]Табель цех 1 по 15 вересня'!$B:$B,B15,'[1]Табель цех 1 по 15 вересня'!$H:$H) -> -21.27 | G15: =IF(ROUND(E15+F15-C15-D15,-2)<0,0,ROUND(E15+F15-C15-D15,-2)) -> 39700 | H15: =F15+E15-D15-G15-C15 -> 27.48 | I15: =_ЦО!T13+'МХП лазня'!T13+Катеринополь!T13+ВООЗ!T13+Кернел!T13+'Глобино Мк'!T13+'ВООЗ ЕМС'!T13+'ООН 36'!T13+'ООН 37'!T13+'ООН 38'!T13+ООН39!T13+'ООН 40'!T13+'ООН №43'!T13+'ООН 44'!T13+'ООН 45'!V13+ООН46!T13+ООН47!T13+ООН48!T13+ООН49!T13+ООн50!T13+ООН51!T13+Форшахта!T13+'ГАлерея 25.6'!T13+ГРП!AI13+'Парк меляси'!T13+'ООН 42'!T13 -> 360 | J15: 150
A16: 13 | B16: Тужиков Валерій Владиславович | D16: 4575.09 | E16: =I16*J16 -> 17400 | F16: =SUMIF('[1]Табель цех 1 по 15 вересня'!$B:$B,B16,'[1]Табель цех 1 по 15 вересня'!$H:$H) -> -40.34 | G16: =IF(ROUND(E16+F16-C16-D16,-2)<0,0,ROUND(E16+F16-C16-D16,-2)) -> 12800 | H16: =F16+E16-D16-G16-C16 -> -15.43 | I16: =_ЦО!T14+'МХП лазня'!T14+Катеринополь!T14+ВООЗ!T14+Кернел!T14+'Глобино Мк'!T14+'ВООЗ ЕМС'!T14+'ООН 36'!T14+'ООН 37'!T14+'ООН 38'!T14+ООН39!T14+'ООН 40'!T14+'ООН №43'!T14+'ООН 44'!T14+'ООН 45'!V14+ООН46!T14+ООН47!T14+ООН48!T14+ООН49!T14+ООн50!T14+ООН51!T14+Форшахта!T14+'ГАлерея 25.6'!T14+ГРП!AI14+'Парк меляси'!T14+'ООН 42'!T14 -> 116 | J16: 150
A17: 14 | B17: Сівов Євген Миколайович | D17: 3927 | E17: =I17*J17 -> 27300 | F17: =SUMIF('[1]Табель цех 1 по 15 вересня'!$B:$B,B17,'[1]Табель цех 1 по 15 вересня'!$H:$H) -> 37.77 | G17: =IF(ROUND(E17+F17-C17-D17,-2)<0,0,ROUND(E17+F17-C17-D17,-2)) -> 23400 | H17: =F17+E17-D17-G17-C17 -> 10.77 | I17: =_ЦО!T15+'МХП лазня'!T15+Катеринополь!T15+ВООЗ!T15+Кернел!T15+'Глобино Мк'!T15+'ВООЗ ЕМС'!T15+'ООН 36'!T15+'ООН 37'!T15+'ООН 38'!T15+ООН39!T15+'ООН 40'!T15+'ООН №43'!T15+'ООН 44'!T15+'ООН 45'!V15+ООН46!T15+ООН47!T15+ООН48!T15+ООН49!T15+ООн50!T15+ООН51!T15+Форшахта!T15+'ГАлерея 25.6'!T15+ГРП!AI15+'Парк меляси'!T15+'ООН 42'!T15 -> 182 | J17: 150
A18: 15 | B18: Кіфор Юрій Михайлович | D18: 3927 | E18: =I18*J18 -> 19050 | F18: =SUMIF('[1]Табель цех 1 по 15 вересня'!$B:$B,B18,'[1]Табель цех 1 по 15 вересня'!$H:$H) -> -15.5 | G18: =IF(ROUND(E18+F18-C18-D18,-2)<0,0,ROUND(E18+F18-C18-D18,-2)) -> 15100 | H18: =F18+E18-D18-G18-C18 -> 7.5 | I18: =_ЦО!T16+'МХП лазня'!T16+Катеринополь!T16+ВООЗ!T16+Кернел!T16+'Глобино Мк'!T16+'ВООЗ ЕМС'!T16+'ООН 36'!T16+'ООН 37'!T16+'ООН 38'!T16+ООН39!T16+'ООН 40'!T16+'ООН №43'!T16+'ООН 44'!T16+'ООН 45'!V16+ООН46!T16+ООН47!T16+ООН48!T16+ООН49!T16+ООн50!T16+ООН51!T16+Форшахта!T16+'ГАлерея 25.6'!T16+ГРП!AI16+'Парк меляси'!T16+'ООН 42'!T16 -> 127 | J18: 150
A19: 16 | B19: Петренко Микола Григорович | D19: 9625 | E19: =I19*J19 -> 14700 | F19: =SUMIF('[1]Табель цех 1 по 15 вересня'!$B:$B,B19,'[1]Табель цех 1 по 15 вересня'!$H:$H) -> -41.49 | G19: =IF(ROUND(E19+F19-C19-D19,-2)<0,0,ROUND(E19+F19-C19-D19,-2)) -> 5000 | H19: =F19+E19-D19-G19-C19 -> 33.51 | I19: =_ЦО!T17+'МХП лазня'!T17+Катеринополь!T17+ВООЗ!T17+Кернел!T17+'Глобино Мк'!T17+'ВООЗ ЕМС'!T17+'ООН 36'!T17+'ООН 37'!T17+'ООН 38'!T17+ООН39!T17+'ООН 40'!T17+'ООН №43'!T17+'ООН 44'!T17+'ООН 45'!V17+ООН46!T17+ООН47!T17+ООН48!T17+ООН49!T17+ООн50!T17+ООН51!T17+Форшахта!T17+'ГАлерея 25.6'!T17+ГРП!AI17+'Парк меляси'!T17+'ООН 42'!T17 -> 98 | J19: 150
A20: 17 | B20: Рубленко Микола Іванович | D20: 3927 | E20: =I20*J20 -> 17850 | F20: =SUMIF('[1]Табель цех 1 по 15 вересня'!$B:$B,B20,'[1]Табель цех 1 по 15 вересня'!$H:$H) -> 34.5 | G20: =IF(ROUND(E20+F20-C20-D20,-2)<0,0,ROUND(E20+F20-C20-D20,-2)) -> 14000 | H20: =F20+E20-D20-G20-C20 -> -42.5 | I20: =_ЦО!T18+'МХП лазня'!T18+Катеринополь!T18+ВООЗ!T18+Кернел!T18+'Глобино Мк'!T18+'ВООЗ ЕМС'!T18+'ООН 36'!T18+'ООН 37'!T18+'ООН 38'!T18+ООН39!T18+'ООН 40'!T18+'ООН №43'!T18+'ООН 44'!T18+'ООН 45'!V18+ООН46!T18+ООН47!T18+ООН48!T18+ООН49!T18+ООн50!T18+ООН51!T18+Форшахта!T18+'ГАлерея 25.6'!T18+ГРП!AI18+'Парк меляси'!T18+'ООН 42'!T18 -> 119 | J20: 150
A21: 18 | B21: Серебренніков Володимир Олександрович | D21: 3927 | E21: =I21*J21 -> 10200 | F21: =SUMIF('[1]Табель цех 1 по 15 вересня'!$B:$B,B21,'[1]Табель цех 1 по 15 вересня'!$H:$H) -> 10.52 | G21: =IF(ROUND(E21+F21-C21-D21,-2)<0,0,ROUND(E21+F21-C21-D21,-2)) -> 6300 | H21: =F21+E21-D21-G21-C21 -> -16.48 | I21: =_ЦО!T19+'МХП лазня'!T19+Катеринополь!T19+ВООЗ!T19+Кернел!T19+'Глобино Мк'!T19+'ВООЗ ЕМС'!T19+'ООН 36'!T19+'ООН 37'!T19+'ООН 38'!T19+ООН39!T19+'ООН 40'!T19+'ООН №43'!T19+'ООН 44'!T19+'ООН 45'!V19+ООН46!T19+ООН47!T19+ООН48!T19+ООН49!T19+ООн50!T19+ООН51!T19+Форшахта!T19+'ГАлерея 25.6'!T19+ГРП!AI19+'Парк меляси'!T19+'ООН 42'!T19 -> 68 | J21: 150
A22: 19 | B22: Чешко Сергій Анатолійович | D22: 8662.5 | E22: =I22*J22 -> 50400 | F22: =SUMIF('[1]Табель цех 1 по 15 вересня'!$B:$B,B22,'[1]Табель цех 1 по 15 вересня'!$H:$H) -> -4239.34 | G22: =IF(ROUND(E22+F22-C22-D22,-2)<0,0,ROUND(E22+F22-C22-D22,-2)) -> 37500 | H22: =F22+E22-D22-G22-C22 -> -1.84 | I22: =_ЦО!T20+'МХП лазня'!T20+Катеринополь!T20+ВООЗ!T20+Кернел!T20+'Глобино Мк'!T20+'ВООЗ ЕМС'!T20+'ООН 36'!T20+'ООН 37'!T20+'ООН 38'!T20+ООН39!T20+'ООН 40'!T20+'ООН №43'!T20+'ООН 44'!T20+'ООН 45'!V20+ООН46!T20+ООН47!T20+ООН48!T20+ООН49!T20+ООн50!T20+ООН51!T20+Форшахта!T20+'ГАлерея 25.6'!T20+ГРП!AI20+'Парк меляси'!T20+'ООН 42'!T20 -> 336 | J22: 150
A23: 20 | B23: Нерезенко Євгеній Віктоорович | D23: 0 | E23: =I23*J23 -> 0 | F23: =SUMIF('[1]Табель цех 1 по 15 вересня'!$B:$B,B23,'[1]Табель цех 1 по 15 вересня'!$H:$H) -> 46 | G23: =IF(ROUND(E23+F23-C23-D23,-2)<0,0,ROUND(E23+F23-C23-D23,-2)) -> 0 | H23: =F23+E23-D23-G23-C23 -> 46 | I23: =_ЦО!T21+'МХП лазня'!T21+Катеринополь!T21+ВООЗ!T21+Кернел!T21+'Глобино Мк'!T21+'ВООЗ ЕМС'!T21+'ООН 36'!T21+'ООН 37'!T21+'ООН 38'!T21+ООН39!T21+'ООН 40'!T21+'ООН №43'!T21+'ООН 44'!T21+'ООН 45'!V21+ООН46!T21+ООН47!T21+ООН48!T21+ООН49!T21+ООн50!T21+ООН51!T21+Форшахта!T21+'ГАлерея 25.6'!T21+ГРП!AI21+'Парк меляси'!T21+'ООН 42'!T21 -> 0 | J23: 150
A24: 21 | B24: Шавкун Максим Анатолійович | D24: 9625 | E24: =I24*J24 -> 50400 | F24: =SUMIF('[1]Табель цех 1 по 15 вересня'!$B:$B,B24,'[1]Табель цех 1 по 15 вересня'!$H:$H) -> -2224.26 | G24: =IF(ROUND(E24+F24-C24-D24,-2)<0,0,ROUND(E24+F24-C24-D24,-2)) -> 38600 | H24: =F24+E24-D24-G24-C24 -> -49.26 | I24: =_ЦО!T22+'МХП лазня'!T22+Катеринополь!T22+ВООЗ!T22+Кернел!T22+'Глобино Мк'!T22+'ВООЗ ЕМС'!T22+'ООН 36'!T22+'ООН 37'!T22+'ООН 38'!T22+ООН39!T22+'ООН 40'!T22+'ООН №43'!T22+'ООН 44'!T22+'ООН 45'!V22+ООН46!T22+ООН47!T22+ООН48!T22+ООН49!T22+ООн50!T22+ООН51!T22+Форшахта!T22+'ГАлерея 25.6'!T22+ГРП!AI22+'Парк меляси'!T22+'ООН 42'!T22 -> 336 | J24: 150
A25: 22 | B25: Чуйко Олег Олегович | D25: 3927 | E25: =I25*J25 -> 20100 | F25: =SUMIF('[1]Табель цех 1 по 15 вересня'!$B:$B,B25,'[1]Табель цех 1 по 15 вересня'!$H:$H) -> -15 | G25: =IF(ROUND(E25+F25-C25-D25,-2)<0,0,ROUND(E25+F25-C25-D25,-2)) -> 16200 | H25: =F25+E25-D25-G25-C25 -> -42 | I25: =_ЦО!T23+'МХП лазня'!T23+Катеринополь!T23+ВООЗ!T23+Кернел!T23+'Глобино Мк'!T23+'ВООЗ ЕМС'!T23+'ООН 36'!T23+'ООН 37'!T23+'ООН 38'!T23+ООН39!T23+'ООН 40'!T23+'ООН №43'!T23+'ООН 44'!T23+'ООН 45'!V23+ООН46!T23+ООН47!T23+ООН48!T23+ООН49!T23+ООн50!T23+ООН51!T23+Форшахта!T23+'ГАлерея 25.6'!T23+ГРП!AI23+'Парк меляси'!T23+'ООН 42'!T23 -> 134 | J25: 150
A26: 23 | B26: Салюк Дмитро Андрійович | E26: =I26*J26 -> 14850 | F26: =SUMIF('[1]Табель цех 1 по 15 вересня'!$B:$B,B26,'[1]Табель цех 1 по 15 вересня'!$H:$H) -> 20 | G26: =IF(ROUND(E26+F26-C26-D26,-2)<0,0,ROUND(E26+F26-C26-D26,-2)) -> 14900 | H26: =F26+E26-D26-G26-C26 -> -30 | I26: =_ЦО!T24+'МХП лазня'!T24+Катеринополь!T24+ВООЗ!T24+Кернел!T24+'Глобино Мк'!T24+'ВООЗ ЕМС'!T24+'ООН 36'!T24+'ООН 37'!T24+'ООН 38'!T24+ООН39!T24+'ООН 40'!T24+'ООН №43'!T24+'ООН 44'!T24+'ООН 45'!V24+ООН46!T24+ООН47!T24+ООН48!T24+ООН49!T24+ООн50!T24+ООН51!T24+Форшахта!T24+'ГАлерея 25.6'!T24+ГРП!AI24+'Парк меляси'!T24+'ООН 42'!T24 -> 99 | J26: 150
A27: 24 | B27: Маковецький Юрій Миколайович | D27: 2887.5 | E27: =I27*J27 -> 25800 | F27: =SUMIF('[1]Табель цех 1 по 15 вересня'!$B:$B,B27,'[1]Табель цех 1 по 15 вересня'!$H:$H) -> -40.18 | G27: =IF(ROUND(E27+F27-C27-D27,-2)<0,0,ROUND(E27+F27-C27-D27,-2)) -> 22900 | H27: =F27+E27-D27-G27-C27 -> -27.68 | I27: =_ЦО!T25+'МХП лазня'!T25+Катеринополь!T25+ВООЗ!T25+Кернел!T25+'Глобино Мк'!T25+'ВООЗ ЕМС'!T25+'ООН 36'!T25+'ООН 37'!T25+'ООН 38'!T25+ООН39!T25+'ООН 40'!T25+'ООН №43'!T25+'ООН 44'!T25+'ООН 45'!V25+ООН46!T25+ООН47!T25+ООН48!T25+ООН49!T25+ООн50!T25+ООН51!T25+Форшахта!T25+'ГАлерея 25.6'!T25+ГРП!AI25+'Парк меляси'!T25+'ООН 42'!T25 -> 172 | J27: 150
A28: 25 | B28: Міненко Олександр Андрійович | E28: =I28*J28 -> 16200 | F28: =SUMIF('[1]Табель цех 1 по 15 вересня'!$B:$B,B28,'[1]Табель цех 1 по 15 вересня'!$H:$H) -> 0 | G28: =IF(ROUND(E28+F28-C28-D28,-2)<0,0,ROUND(E28+F28-C28-D28,-2)) -> 16200 | H28: =F28+E28-D28-G28-C28 -> 0 | I28: =_ЦО!T26+'МХП лазня'!T26+Катеринополь!T26+ВООЗ!T26+Кернел!T26+'Глобино Мк'!T26+'ВООЗ ЕМС'!T26+'ООН 36'!T26+'ООН 37'!T26+'ООН 38'!T26+ООН39!T26+'ООН 40'!T26+'ООН №43'!T26+'ООН 44'!T26+'ООН 45'!V26+ООН46!T26+ООН47!T26+ООН48!T26+ООН49!T26+ООн50!T26+ООН51!T26+Форшахта!T26+'ГАлерея 25.6'!T26+ГРП!AI26+'Парк меляси'!T26+'ООН 42'!T26 -> 108 | J28: 150
A29: 26 | B29: Салій Дмитро Миколайович | E29: =I29*J29 -> 16200 | F29: =SUMIF('[1]Табель цех 1 по 15 вересня'!$B:$B,B29,'[1]Табель цех 1 по 15 вересня'!$H:$H) -> 0 | G29: =IF(ROUND(E29+F29-C29-D29,-2)<0,0,ROUND(E29+F29-C29-D29,-2)) -> 16200 | H29: =F29+E29-D29-G29-C29 -> 0 | I29: =_ЦО!T27+'МХП лазня'!T27+Катеринополь!T27+ВООЗ!T27+Кернел!T27+'Глобино Мк'!T27+'ВООЗ ЕМС'!T27+'ООН 36'!T27+'ООН 37'!T27+'ООН 38'!T27+ООН39!T27+'ООН 40'!T27+'ООН №43'!T27+'ООН 44'!T27+'ООН 45'!V27+ООН46!T27+ООН47!T27+ООН48!T27+ООН49!T27+ООн50!T27+ООН51!T27+Форшахта!T27+'ГАлерея 25.6'!T27+ГРП!AI27+'Парк меляси'!T27+'ООН 42'!T27 -> 108 | J29: 150
A30: 27 | B30: Різніченко Олег Олександрович | E30: =I30*J30 -> 23400 | F30: =SUMIF('[1]Табель цех 1 по 15 вересня'!$B:$B,B30,'[1]Табель цех 1 по 15 вересня'!$H:$H) -> -30 | G30: =IF(ROUND(E30+F30-C30-D30,-2)<0,0,ROUND(E30+F30-C30-D30,-2)) -> 23400 | H30: =F30+E30-D30-G30-C30 -> -30 | I30: =_ЦО!T28+'МХП лазня'!T28+Катеринополь!T28+ВООЗ!T28+Кернел!T28+'Глобино Мк'!T28+'ВООЗ ЕМС'!T28+'ООН 36'!T28+'ООН 37'!T28+'ООН 38'!T28+ООН39!T28+'ООН 40'!T28+'ООН №43'!T28+'ООН 44'!T28+'ООН 45'!V28+ООН46!T28+ООН47!T28+ООН48!T28+ООН49!T28+ООн50!T28+ООН51!T28+Форшахта!T28+'ГАлерея 25.6'!T28+ГРП!AI28+'Парк меляси'!T28+'ООН 42'!T28 -> 156 | J30: 150
A31: 28 | B31: Рогозовець Андрій Вікторович | D31: 3927 | E31: =I31*J31 -> 29250 | F31: =SUMIF('[1]Табель цех 1 по 15 вересня'!$B:$B,B31,'[1]Табель цех 1 по 15 вересня'!$H:$H) -> -15 | G31: =IF(ROUND(E31+F31-C31-D31,-2)<0,0,ROUND(E31+F31-C31-D31,-2)) -> 25300 | H31: =F31+E31-D31-G31-C31 -> 8 | I31: =_ЦО!T29+'МХП лазня'!T29+Катеринополь!T29+ВООЗ!T29+Кернел!T29+'Глобино Мк'!T29+'ВООЗ ЕМС'!T29+'ООН 36'!T29+'ООН 37'!T29+'ООН 38'!T29+ООН39!T29+'ООН 40'!T29+'ООН №43'!T29+'ООН 44'!T29+'ООН 45'!V29+ООН46!T29+ООН47!T29+ООН48!T29+ООН49!T29+ООн50!T29+ООН51!T29+Форшахта!T29+'ГАлерея 25.6'!T29+ГРП!AI29+'Парк меляси'!T29+'ООН 42'!T29 -> 195 | J31: 150
A32: 29 | B32: Старков Кирило Юрійович | E32: =I32*J32 -> 0 | F32: =SUMIF('[1]Табель цех 1 по 15 вересня'!$B:$B,B32,'[1]Табель цех 1 по 15 вересня'!$H:$H) -> 0 | G32: =IF(ROUND(E32+F32-C32-D32,-2)<0,0,ROUND(E32+F32-C32-D32,-2)) -> 0 | H32: =F32+E32-D32-G32-C32 -> 0 | I32: =_ЦО!T30+'МХП лазня'!T30+Катеринополь!T30+ВООЗ!T30+Кернел!T30+'Глобино Мк'!T30+'ВООЗ ЕМС'!T30+'ООН 36'!T30+'ООН 37'!T30+'ООН 38'!T30+ООН39!T30+'ООН 40'!T30+'ООН №43'!T30+'ООН 44'!T30+'ООН 45'!V30+ООН46!T30+ООН47!T30+ООН48!T30+ООН49!T30+ООн50!T30+ООН51!T30+Форшахта!T30+'ГАлерея 25.6'!T30+ГРП!AI30+'Парк меляси'!T30+'ООН 42'!T30 -> 0 | J32: 150
A33: 30 | B33: Зубахін Сергій Александрович | E33: =I33*J33 -> 0 | F33: =SUMIF('[1]Табель цех 1 по 15 вересня'!$B:$B,B33,'[1]Табель цех 1 по 15 вересня'!$H:$H) -> 0 | G33: =IF(ROUND(E33+F33-C33-D33,-2)<0,0,ROUND(E33+F33-C33-D33,-2)) -> 0 | H33: =F33+E33-D33-G33-C33 -> 0 | I33: =_ЦО!T31+'МХП лазня'!T31+Катеринополь!T31+ВООЗ!T31+Кернел!T31+'Глобино Мк'!T31+'ВООЗ ЕМС'!T31+'ООН 36'!T31+'ООН 37'!T31+'ООН 38'!T31+ООН39!T31+'ООН 40'!T31+'ООН №43'!T31+'ООН 44'!T31+'ООН 45'!V31+ООН46!T31+ООН47!T31+ООН48!T31+ООН49!T31+ООн50!T31+ООН51!T31+Форшахта!T31+'ГАлерея 25.6'!T31+ГРП!AI31+'Парк меляси'!T31+'ООН 42'!T31 -> 0 | J33: 150
A34: 31 | B34: Корнієнко Віталій Олегович | D34: 9625 | E34: =I34*J34 -> 14550 | F34: =SUMIF('[1]Табель цех 1 по 15 вересня'!$B:$B,B34,'[1]Табель цех 1 по 15 вересня'!$H:$H) -> -4.8 | G34: =IF(ROUND(E34+F34-C34-D34,-2)<0,0,ROUND(E34+F34-C34-D34,-2)) -> 4900 | H34: =F34+E34-D34-G34-C34 -> 20.2 | I34: =_ЦО!T32+'МХП лазня'!T32+Катеринополь!T32+ВООЗ!T32+Кернел!T32+'Глобино Мк'!T32+'ВООЗ ЕМС'!T32+'ООН 36'!T32+'ООН 37'!T32+'ООН 38'!T32+ООН39!T32+'ООН 40'!T32+'ООН №43'!T32+'ООН 44'!T32+'ООН 45'!V32+ООН46!T32+ООН47!T32+ООН48!T32+ООН49!T32+ООн50!T32+ООН51!T32+Форшахта!T32+'ГАлерея 25.6'!T32+ГРП!AI32+'Парк меляси'!T32+'ООН 42'!T32 -> 97 | J34: 150
A35: 32 | B35: Щербак Петро Іванович | E35: =I35*J35 -> 19800 | F35: =SUMIF('[1]Табель цех 1 по 15 вересня'!$B:$B,B35,'[1]Табель цех 1 по 15 вересня'!$H:$H) -> 0 | G35: =IF(ROUND(E35+F35-C35-D35,-2)<0,0,ROUND(E35+F35-C35-D35,-2)) -> 19800 | H35: =F35+E35-D35-G35-C35 -> 0 | I35: =_ЦО!T33+'МХП лазня'!T33+Катеринополь!T33+ВООЗ!T33+Кернел!T33+'Глобино Мк'!T33+'ВООЗ ЕМС'!T33+'ООН 36'!T33+'ООН 37'!T33+'ООН 38'!T33+ООН39!T33+'ООН 40'!T33+'ООН №43'!T33+'ООН 44'!T33+'ООН 45'!V33+ООН46!T33+ООН47!T33+ООН48!T33+ООН49!T33+ООн50!T33+ООН51!T33+Форшахта!T33+'ГАлерея 25.6'!T33+ГРП!AI33+'Парк меляси'!T33+'ООН 42'!T33 -> 132 | J35: 150
A36: 33 | B36: Онучак Віктор Іванович | D36: 3927 | E36: =I36*J36 -> 22350 | F36: =SUMIF('[1]Табель цех 1 по 15 вересня'!$B:$B,B36,'[1]Табель цех 1 по 15 вересня'!$H:$H) -> 15 | G36: =IF(ROUND(E36+F36-C36-D36,-2)<0,0,ROUND(E36+F36-C36-D36,-2)) -> 18400 | H36: =F36+E36-D36-G36-C36 -> 38 | I36: =_ЦО!T34+'МХП лазня'!T34+Катеринополь!T34+ВООЗ!T34+Кернел!T34+'Глобино Мк'!T34+'ВООЗ ЕМС'!T34+'ООН 36'!T34+'ООН 37'!T34+'ООН 38'!T34+ООН39!T34+'ООН 40'!T34+'ООН №43'!T34+'ООН 44'!T34+'ООН 45'!V34+ООН46!T34+ООН47!T34+ООН48!T34+ООН49!T34+ООн50!T34+ООН51!T34+Форшахта!T34+'ГАлерея 25.6'!T34+ГРП!AI34+'Парк меляси'!T34+'ООН 42'!T34 -> 149 | J36: 150
A37: 34 | B37: Батрак Віктор Володимирович | D37: 9624.99 | E37: =I37*J37 -> 19800 | F37: =SUMIF('[1]Табель цех 1 по 15 вересня'!$B:$B,B37,'[1]Табель цех 1 по 15 вересня'!$H:$H) -> 22.06 | G37: =IF(ROUND(E37+F37-C37-D37,-2)<0,0,ROUND(E37+F37-C37-D37,-2)) -> 10200 | H37: =F37+E37-D37-G37-C37 -> -2.93 | I37: =_ЦО!T35+'МХП лазня'!T35+Катеринополь!T35+ВООЗ!T35+Кернел!T35+'Глобино Мк'!T35+'ВООЗ ЕМС'!T35+'ООН 36'!T35+'ООН 37'!T35+'ООН 38'!T35+ООН39!T35+'ООН 40'!T35+'ООН №43'!T35+'ООН 44'!T35+'ООН 45'!V35+ООН46!T35+ООН47!T35+ООН48!T35+ООН49!T35+ООн50!T35+ООН51!T35+Форшахта!T35+'ГАлерея 25.6'!T35+ГРП!AI35+'Парк меляси'!T35+'ООН 42'!T35 -> 132 | J37: 150
A38: 35 | B38: Бондаренко Іван Олександрович | D38: 0 | E38: =I38*J38 -> 0 | F38: =SUMIF('[1]Табель цех 1 по 15 вересня'!$B:$B,B38,'[1]Табель цех 1 по 15 вересня'!$H:$H) -> -44 | G38: =IF(ROUND(E38+F38-C38-D38,-2)<0,0,ROUND(E38+F38-C38-D38,-2)) -> 0 | H38: =F38+E38-D38-G38-C38 -> -44 | I38: =_ЦО!T36+'МХП лазня'!T36+Катеринополь!T36+ВООЗ!T36+Кернел!T36+'Глобино Мк'!T36+'ВООЗ ЕМС'!T36+'ООН 36'!T36+'ООН 37'!T36+'ООН 38'!T36+ООН39!T36+'ООН 40'!T36+'ООН №43'!T36+'ООН 44'!T36+'ООН 45'!V36+ООН46!T36+ООН47!T36+ООН48!T36+ООН49!T36+ООн50!T36+ООН51!T36+Форшахта!T36+'ГАлерея 25.6'!T36+ГРП!AI36+'Парк меляси'!T36+'ООН 42'!T36 -> 0 | J38: 150
A39: 36 | B39: Підлісний Володимир Сергійович | D39: 3927 | E39: =I39*J39 -> 18900 | F39: =SUMIF('[1]Табель цех 1 по 15 вересня'!$B:$B,B39,'[1]Табель цех 1 по 15 вересня'!$H:$H) -> 15 | G39: =IF(ROUND(E39+F39-C39-D39,-2)<0,0,ROUND(E39+F39-C39-D39,-2)) -> 15000 | H39: =F39+E39-D39-G39-C39 -> -12 | I39: =_ЦО!T37+'МХП лазня'!T37+Катеринополь!T37+ВООЗ!T37+Кернел!T37+'Глобино Мк'!T37+'ВООЗ ЕМС'!T37+'ООН 36'!T37+'ООН 37'!T37+'ООН 38'!T37+ООН39!T37+'ООН 40'!T37+'ООН №43'!T37+'ООН 44'!T37+'ООН 45'!V37+ООН46!T37+ООН47!T37+ООН48!T37+ООН49!T37+ООн50!T37+ООН51!T37+Форшахта!T37+'ГАлерея 25.6'!T37+ГРП!AI37+'Парк меляси'!T37+'ООН 42'!T37 -> 126 | J39: 150
A40: 37 | B40: Григоренко Ілля Олександрович | D40: 3141.6 | E40: =I40*J40 -> 12450 | F40: =SUMIF('[1]Табель цех 1 по 15 вересня'!$B:$B,B40,'[1]Табель цех 1 по 15 вересня'!$H:$H) -> 32.01 | G40: =IF(ROUND(E40+F40-C40-D40,-2)<0,0,ROUND(E40+F40-C40-D40,-2)) -> 9300 | H40: =F40+E40-D40-G40-C40 -> 40.41 | I40: =_ЦО!T38+'МХП лазня'!T38+Катеринополь!T38+ВООЗ!T38+Кернел!T38+'Глобино Мк'!T38+'ВООЗ ЕМС'!T38+'ООН 36'!T38+'ООН 37'!T38+'ООН 38'!T38+ООН39!T38+'ООН 40'!T38+'ООН №43'!T38+'ООН 44'!T38+'ООН 45'!V38+ООН46!T38+ООН47!T38+ООН48!T38+ООН49!T38+ООн50!T38+ООН51!T38+Форшахта!T38+'ГАлерея 25.6'!T38+ГРП!AI38+'Парк меляси'!T38+'ООН 42'!T38 -> 83 | J40: 150
A41: 38 | B41: Зінченко Дмитро Володимирович | E41: =I41*J41 -> 18300 | F41: =SUMIF('[1]Табель цех 1 по 15 вересня'!$B:$B,B41,'[1]Табель цех 1 по 15 вересня'!$H:$H) -> 0 | G41: =IF(ROUND(E41+F41-C41-D41,-2)<0,0,ROUND(E41+F41-C41-D41,-2)) -> 18300 | H41: =F41+E41-D41-G41-C41 -> 0 | I41: =_ЦО!T39+'МХП лазня'!T39+Катеринополь!T39+ВООЗ!T39+Кернел!T39+'Глобино Мк'!T39+'ВООЗ ЕМС'!T39+'ООН 36'!T39+'ООН 37'!T39+'ООН 38'!T39+ООН39!T39+'ООН 40'!T39+'ООН №43'!T39+'ООН 44'!T39+'ООН 45'!V39+ООН46!T39+ООН47!T39+ООН48!T39+ООН49!T39+ООн50!T39+ООН51!T39+Форшахта!T39+'ГАлерея 25.6'!T39+ГРП!AI39+'Парк меляси'!T39+'ООН 42'!T39 -> 122 | J41: 150
A42: 39 | B42: Гребінник Олексій Васильович | E42: =I42*J42 -> 27450 | F42: =SUMIF('[1]Табель цех 1 по 15 вересня'!$B:$B,B42,'[1]Табель цех 1 по 15 вересня'!$H:$H) -> 0 | G42: =IF(ROUND(E42+F42-C42-D42,-2)<0,0,ROUND(E42+F42-C42-D42,-2)) -> 27500 | H42: =F42+E42-D42-G42-C42 -> -50 | I42: =_ЦО!T40+'МХП лазня'!T40+Катеринополь!T40+ВООЗ!T40+Кернел!T40+'Глобино Мк'!T40+'ВООЗ ЕМС'!T40+'ООН 36'!T40+'ООН 37'!T40+'ООН 38'!T40+ООН39!T40+'ООН 40'!T40+'ООН №43'!T40+'ООН 44'!T40+'ООН 45'!V40+ООН46!T40+ООН47!T40+ООН48!T40+ООН49!T40+ООн50!T40+ООН51!T40+Форшахта!T40+'ГАлерея 25.6'!T40+ГРП!AI40+'Парк меляси'!T40+'ООН 42'!T40 -> 183 | J42: 150
A43: 40 | B43: Ізюмець Олександр Евгенович | E43: =I43*J43 -> 13200 | F43: =SUMIF('[1]Табель цех 1 по 15 вересня'!$B:$B,B43,'[1]Табель цех 1 по 15 вересня'!$H:$H) -> 0 | G43: =IF(ROUND(E43+F43-C43-D43,-2)<0,0,ROUND(E43+F43-C43-D43,-2)) -> 13200 | H43: =F43+E43-D43-G43-C43 -> 0 | I43: =_ЦО!T41+'МХП лазня'!T41+Катеринополь!T41+ВООЗ!T41+Кернел!T41+'Глобино Мк'!T41+'ВООЗ ЕМС'!T41+'ООН 36'!T41+'ООН 37'!T41+'ООН 38'!T41+ООН39!T41+'ООН 40'!T41+'ООН №43'!T41+'ООН 44'!T41+'ООН 45'!V41+ООН46!T41+ООН47!T41+ООН48!T41+ООН49!T41+ООн50!T41+ООН51!T41+Форшахта!T41+'ГАлерея 25.6'!T41+ГРП!AI41+'Парк меляси'!T41+'ООН 42'!T41 -> 88 | J43: 150
A44: 41 | B44: Маркевич Ігор Ігорьович | E44: =I44*J44 -> 13200 | F44: =SUMIF('[1]Табель цех 1 по 15 вересня'!$B:$B,B44,'[1]Табель цех 1 по 15 вересня'!$H:$H) -> 0 | G44: =IF(ROUND(E44+F44-C44-D44,-2)<0,0,ROUND(E44+F44-C44-D44,-2)) -> 13200 | H44: =F44+E44-D44-G44-C44 -> 0 | I44: =_ЦО!T42+'МХП лазня'!T42+Катеринополь!T42+ВООЗ!T42+Кернел!T42+'Глобино Мк'!T42+'ВООЗ ЕМС'!T42+'ООН 36'!T42+'ООН 37'!T42+'ООН 38'!T42+ООН39!T42+'ООН 40'!T42+'ООН №43'!T42+'ООН 44'!T42+'ООН 45'!V42+ООН46!T42+ООН47!T42+ООН48!T42+ООН49!T42+ООн50!T42+ООН51!T42+Форшахта!T42+'ГАлерея 25.6'!T42+ГРП!AI42+'Парк меляси'!T42+'ООН 42'!T42 -> 88 | J44: 150
A45: 42 | B45: Раменюк Віталій Сергійович | C45: 10324.25 | D45: 3927 | E45: =I45*J45 -> 54000 | F45: =SUMIF('[1]Табель цех 1 по 15 вересня'!$B:$B,B45,'[1]Табель цех 1 по 15 вересня'!$H:$H) -> -3.05 | G45: =IF(ROUND(E45+F45-C45-D45,-2)<0,0,ROUND(E45+F45-C45-D45,-2)) -> 39700 | H45: =F45+E45-D45-G45-C45 -> 45.7 | I45: =_ЦО!T43+'МХП лазня'!T43+Катеринополь!T43+ВООЗ!T43+Кернел!T43+'Глобино Мк'!T43+'ВООЗ ЕМС'!T43+'ООН 36'!T43+'ООН 37'!T43+'ООН 38'!T43+ООН39!T43+'ООН 40'!T43+'ООН №43'!T43+'ООН 44'!T43+'ООН 45'!V43+ООН46!T43+ООН47!T43+ООН48!T43+ООН49!T43+ООн50!T43+ООН51!T43+Форшахта!T43+'ГАлерея 25.6'!T43+ГРП!AI43+'Парк меляси'!T43+'ООН 42'!T43 -> 360 | J45: 150
A46: 43 | B46: Самогородський Ігор Віталійович | E46: =I46*J46 -> 27150 | F46: =SUMIF('[1]Табель цех 1 по 15 вересня'!$B:$B,B46,'[1]Табель цех 1 по 15 вересня'!$H:$H) -> 0 | G46: =IF(ROUND(E46+F46-C46-D46,-2)<0,0,ROUND(E46+F46-C46-D46,-2)) -> 27200 | H46: =F46+E46-D46-G46-C46 -> -50 | I46: =_ЦО!T44+'МХП лазня'!T44+Катеринополь!T44+ВООЗ!T44+Кернел!T44+'Глобино Мк'!T44+'ВООЗ ЕМС'!T44+'ООН 36'!T44+'ООН 37'!T44+'ООН 38'!T44+ООН39!T44+'ООН 40'!T44+'ООН №43'!T44+'ООН 44'!T44+'ООН 45'!V44+ООН46!T44+ООН47!T44+ООН48!T44+ООН49!T44+ООн50!T44+ООН51!T44+Форшахта!T44+'ГАлерея 25.6'!T44+ГРП!AI44+'Парк меляси'!T44+'ООН 42'!T44 -> 181 | J46: 150
A47: 44 | B47: Іванова Світлана Юріївна | D47: 3927 | E47: =I47*J47 -> 10350 | F47: =SUMIF('[1]Табель цех 1 по 15 вересня'!$B:$B,B47,'[1]Табель цех 1 по 15 вересня'!$H:$H) -> 15 | G47: =IF(ROUND(E47+F47-C47-D47,-2)<0,0,ROUND(E47+F47-C47-D47,-2)) -> 6400 | H47: =F47+E47-D47-G47-C47 -> 38 | I47: =_ЦО!T45+'МХП лазня'!T45+Катеринополь!T45+ВООЗ!T45+Кернел!T45+'Глобино Мк'!T45+'ВООЗ ЕМС'!T45+'ООН 36'!T45+'ООН 37'!T45+'ООН 38'!T45+ООН39!T45+'ООН 40'!T45+'ООН №43'!T45+'ООН 44'!T45+'ООН 45'!V45+ООН46!T45+ООН47!T45+ООН48!T45+ООН49!T45+ООн50!T45+ООН51!T45+Форшахта!T45+'ГАлерея 25.6'!T45+ГРП!AI45+'Парк меляси'!T45+'ООН 42'!T45 -> 69 | J47: 150
A48: 45 | B48: Ісайкіна Тетяна Іванівна | E48: =I48*J48 -> 18750 | F48: =SUMIF('[1]Табель цех 1 по 15 вересня'!$B:$B,B48,'[1]Табель цех 1 по 15 вересня'!$H:$H) -> -50 | G48: =IF(ROUND(E48+F48-C48-D48,-2)<0,0,ROUND(E48+F48-C48-D48,-2)) -> 18700 | H48: =F48+E48-D48-G48-C48 -> 0 | I48: =_ЦО!T46+'МХП лазня'!T46+Катеринополь!T46+ВООЗ!T46+Кернел!T46+'Глобино Мк'!T46+'ВООЗ ЕМС'!T46+'ООН 36'!T46+'ООН 37'!T46+'ООН 38'!T46+ООН39!T46+'ООН 40'!T46+'ООН №43'!T46+'ООН 44'!T46+'ООН 45'!V46+ООН46!T46+ООН47!T46+ООН48!T46+ООН49!T46+ООн50!T46+ООН51!T46+Форшахта!T46+'ГАлерея 25.6'!T46+ГРП!AI46+'Парк меляси'!T46+'ООН 42'!T46 -> 125 | J48: 150
A49: 46 | B49: Деркс Сергій Анатолійович | E49: =I49*J49 -> 1650 | F49: =SUMIF('[1]Табель цех 1 по 15 вересня'!$B:$B,B49,'[1]Табель цех 1 по 15 вересня'!$H:$H) -> -100 | G49: =IF(ROUND(E49+F49-C49-D49,-2)<0,0,ROUND(E49+F49-C49-D49,-2)) -> 1600 | H49: =F49+E49-D49-G49-C49 -> -50 | I49: =_ЦО!T47+'МХП лазня'!T47+Катеринополь!T47+ВООЗ!T47+Кернел!T47+'Глобино Мк'!T47+'ВООЗ ЕМС'!T47+'ООН 36'!T47+'ООН 37'!T47+'ООН 38'!T47+ООН39!T47+'ООН 40'!T47+'ООН №43'!T47+'ООН 44'!T47+'ООН 45'!V47+ООН46!T47+ООН47!T47+ООН48!T47+ООН49!T47+ООн50!T47+ООН51!T47+Форшахта!T47+'ГАлерея 25.6'!T47+ГРП!AI47+'Парк меляси'!T47+'ООН 42'!T47 -> 11 | J49: 150
A50: 47 | B50: Гусаков Роман Давидович | E50: =I50*J50 -> 3300 | F50: =SUMIF('[1]Табель цех 1 по 15 вересня'!$B:$B,B50,'[1]Табель цех 1 по 15 вересня'!$H:$H) -> -50 | G50: =IF(ROUND(E50+F50-C50-D50,-2)<0,0,ROUND(E50+F50-C50-D50,-2)) -> 3300 | H50: =F50+E50-D50-G50-C50 -> -50 | I50: =_ЦО!T48+'МХП лазня'!T48+Катеринополь!T48+ВООЗ!T48+Кернел!T48+'Глобино Мк'!T48+'ВООЗ ЕМС'!T48+'ООН 36'!T48+'ООН 37'!T48+'ООН 38'!T48+ООН39!T48+'ООН 40'!T48+'ООН №43'!T48+'ООН 44'!T48+'ООН 45'!V48+ООН46!T48+ООН47!T48+ООН48!T48+ООН49!T48+ООн50!T48+ООН51!T48+Форшахта!T48+'ГАлерея 25.6'!T48+ГРП!AI48+'Парк меляси'!T48+'ООН 42'!T48 -> 22 | J50: 150
A51: 48 | B51: Гусаков Давид Давидович | E51: =I51*J51 -> 3300 | F51: =SUMIF('[1]Табель цех 1 по 15 вересня'!$B:$B,B51,'[1]Табель цех 1 по 15 вересня'!$H:$H) -> -50 | G51: =IF(ROUND(E51+F51-C51-D51,-2)<0,0,ROUND(E51+F51-C51-D51,-2)) -> 3300 | H51: =F51+E51-D51-G51-C51 -> -50 | I51: =_ЦО!T49+'МХП лазня'!T49+Катеринополь!T49+ВООЗ!T49+Кернел!T49+'Глобино Мк'!T49+'ВООЗ ЕМС'!T49+'ООН 36'!T49+'ООН 37'!T49+'ООН 38'!T49+ООН39!T49+'ООН 40'!T49+'ООН №43'!T49+'ООН 44'!T49+'ООН 45'!V49+ООН46!T49+ООН47!T49+ООН48!T49+ООН49!T49+ООн50!T49+ООН51!T49+Форшахта!T49+'ГАлерея 25.6'!T49+ГРП!AI49+'Парк меляси'!T49+'ООН 42'!T49 -> 22 | J51: 150
A52: 49 | B52: Тужиков Артем Денисович | E52: =I52*J52 -> 9750 | F52: =SUMIF('[1]Табель цех 1 по 15 вересня'!$B:$B,B52,'[1]Табель цех 1 по 15 вересня'!$H:$H) -> -50 | G52: =IF(ROUND(E52+F52-C52-D52,-2)<0,0,ROUND(E52+F52-C52-D52,-2)) -> 9700 | H52: =F52+E52-D52-G52-C52 -> 0 | I52: =_ЦО!T50+'МХП лазня'!T50+Катеринополь!T50+ВООЗ!T50+Кернел!T50+'Глобино Мк'!T50+'ВООЗ ЕМС'!T50+'ООН 36'!T50+'ООН 37'!T50+'ООН 38'!T50+ООН39!T50+'ООН 40'!T50+'ООН №43'!T50+'ООН 44'!T50+'ООН 45'!V50+ООН46!T50+ООН47!T50+ООН48!T50+ООН49!T50+ООн50!T50+ООН51!T50+Форшахта!T50+'ГАлерея 25.6'!T50+ГРП!AI50+'Парк меляси'!T50+'ООН 42'!T50 -> 65 | J52: 150
A53: 50 | B53: Ластовка Андрій Михайлович | E53: =I53*J53 -> 0 | F53: =SUMIF('[1]Табель цех 1 по 15 вересня'!$B:$B,B53,'[1]Табель цех 1 по 15 вересня'!$H:$H) -> 0 | G53: =IF(ROUND(E53+F53-C53-D53,-2)<0,0,ROUND(E53+F53-C53-D53,-2)) -> 0 | H53: =F53+E53-D53-G53-C53 -> 0 | I53: =_ЦО!T51+'МХП лазня'!T51+Катеринополь!T51+ВООЗ!T51+Кернел!T51+'Глобино Мк'!T51+'ВООЗ ЕМС'!T51+'ООН 36'!T51+'ООН 37'!T51+'ООН 38'!T51+ООН39!T51+'ООН 40'!T51+'ООН №43'!T51+'ООН 44'!T51+'ООН 45'!V51+ООН46!T51+ООН47!T51+ООН48!T51+ООН49!T51+ООн50!T51+ООН51!T51+Форшахта!T51+'ГАлерея 25.6'!T51+ГРП!AI51+'Парк меляси'!T51+'ООН 42'!T51 -> 0 | J53: 150
A54: 51 | B54: Шомін Вадим Сергійович | D54: 3927 | E54: =I54*J54 -> 22200 | F54: =SUMIF('[1]Табель цех 1 по 15 вересня'!$B:$B,B54,'[1]Табель цех 1 по 15 вересня'!$H:$H) -> -48.99 | G54: =IF(ROUND(E54+F54-C54-D54,-2)<0,0,ROUND(E54+F54-C54-D54,-2)) -> 18200 | H54: =F54+E54-D54-G54-C54 -> 24.01 | I54: =_ЦО!T52+'МХП лазня'!T52+Катеринополь!T52+ВООЗ!T52+Кернел!T52+'Глобино Мк'!T52+'ВООЗ ЕМС'!T52+'ООН 36'!T52+'ООН 37'!T52+'ООН 38'!T52+ООН39!T52+'ООН 40'!T52+'ООН №43'!T52+'ООН 44'!T52+'ООН 45'!V52+ООН46!T52+ООН47!T52+ООН48!T52+ООН49!T52+ООн50!T52+ООН51!T52+Форшахта!T52+'ГАлерея 25.6'!T52+ГРП!AI52+'Парк меляси'!T52+'ООН 42'!T52 -> 148 | J54: 150
A55: 52 | B55: Дзюба Едуард Іванович | D55: 3927 | E55: =I55*J55 -> 23400 | F55: =SUMIF('[1]Табель цех 1 по 15 вересня'!$B:$B,B55,'[1]Табель цех 1 по 15 вересня'!$H:$H) -> 19 | G55: =IF(ROUND(E55+F55-C55-D55,-2)<0,0,ROUND(E55+F55-C55-D55,-2)) -> 19500 | H55: =F55+E55-D55-G55-C55 -> -8 | I55: =_ЦО!T53+'МХП лазня'!T53+Катеринополь!T53+ВООЗ!T53+Кернел!T53+'Глобино Мк'!T53+'ВООЗ ЕМС'!T53+'ООН 36'!T53+'ООН 37'!T53+'ООН 38'!T53+ООН39!T53+'ООН 40'!T53+'ООН №43'!T53+'ООН 44'!T53+'ООН 45'!V53+ООН46!T53+ООН47!T53+ООН48!T53+ООН49!T53+ООн50!T53+ООН51!T53+Форшахта!T53+'ГАлерея 25.6'!T53+ГРП!AI53+'Парк меляси'!T53+'ООН 42'!T53 -> 156 | J55: 150
A56: 53 | B56: Туркевич Дмитро Миколайович | E56: =I56*J56 -> 8400 | F56: =SUMIF('[1]Табель цех 1 по 15 вересня'!$B:$B,B56,'[1]Табель цех 1 по 15 вересня'!$H:$H) -> 0 | G56: =IF(ROUND(E56+F56-C56-D56,-2)<0,0,ROUND(E56+F56-C56-D56,-2)) -> 8400 | H56: =F56+E56-D56-G56-C56 -> 0 | I56: =_ЦО!T54+'МХП лазня'!T54+Катеринополь!T54+ВООЗ!T54+Кернел!T54+'Глобино Мк'!T54+'ВООЗ ЕМС'!T54+'ООН 36'!T54+'ООН 37'!T54+'ООН 38'!T54+ООН39!T54+'ООН 40'!T54+'ООН №43'!T54+'ООН 44'!T54+'ООН 45'!V54+ООН46!T54+ООН47!T54+ООН48!T54+ООН49!T54+ООн50!T54+ООН51!T54+Форшахта!T54+'ГАлерея 25.6'!T54+ГРП!AI54+'Парк меляси'!T54+'ООН 42'!T54 -> 56 | J56: 150
A57: 54 | B57: Петров Михайло Олександрович | D57: 9625 | E57: =I57*J57 -> 19050 | F57: =SUMIF('[1]Табель цех 1 по 15 вересня'!$B:$B,B57,'[1]Табель цех 1 по 15 вересня'!$H:$H) -> -25 | G57: =IF(ROUND(E57+F57-C57-D57,-2)<0,0,ROUND(E57+F57-C57-D57,-2)) -> 9400 | H57: =F57+E57-D57-G57-C57 -> 0 | I57: =_ЦО!T55+'МХП лазня'!T55+Катеринополь!T55+ВООЗ!T55+Кернел!T55+'Глобино Мк'!T55+'ВООЗ ЕМС'!T55+'ООН 36'!T55+'ООН 37'!T55+'ООН 38'!T55+ООН39!T55+'ООН 40'!T55+'ООН №43'!T55+'ООН 44'!T55+'ООН 45'!V55+ООН46!T55+ООН47!T55+ООН48!T55+ООН49!T55+ООн50!T55+ООН51!T55+Форшахта!T55+'ГАлерея 25.6'!T55+ГРП!AI55+'Парк меляси'!T55+'ООН 42'!T55 -> 127 | J57: 150
A58: 55 | B58: Кобяковский Іван Олександрович | E58: =I58*J58 -> 24300 | F58: =SUMIF('[1]Табель цех 1 по 15 вересня'!$B:$B,B58,'[1]Табель цех 1 по 15 вересня'!$H:$H) -> 0 | G58: =IF(ROUND(E58+F58-C58-D58,-2)<0,0,ROUND(E58+F58-C58-D58,-2)) -> 24300 | H58: =F58+E58-D58-G58-C58 -> 0 | I58: =_ЦО!T56+'МХП лазня'!T56+Катеринополь!T56+ВООЗ!T56+Кернел!T56+'Глобино Мк'!T56+'ВООЗ ЕМС'!T56+'ООН 36'!T56+'ООН 37'!T56+'ООН 38'!T56+ООН39!T56+'ООН 40'!T56+'ООН №43'!T56+'ООН 44'!T56+'ООН 45'!V56+ООН46!T56+ООН47!T56+ООН48!T56+ООН49!T56+ООн50!T56+ООН51!T56+Форшахта!T56+'ГАлерея 25.6'!T56+ГРП!AI56+'Парк меляси'!T56+'ООН 42'!T56 -> 162 | J58: 150
A59: 56 | B59: Авжабаров Олексій Володимирович | E59: =I59*J59 -> 21300 | F59: =SUMIF('[1]Табель цех 1 по 15 вересня'!$B:$B,B59,'[1]Табель цех 1 по 15 вересня'!$H:$H) -> -50 | G59: =IF(ROUND(E59+F59-C59-D59,-2)<0,0,ROUND(E59+F59-C59-D59,-2)) -> 21300 | H59: =F59+E59-D59-G59-C59 -> -50 | I59: =_ЦО!T57+'МХП лазня'!T57+Катеринополь!T57+ВООЗ!T57+Кернел!T57+'Глобино Мк'!T57+'ВООЗ ЕМС'!T57+'ООН 36'!T57+'ООН 37'!T57+'ООН 38'!T57+ООН39!T57+'ООН 40'!T57+'ООН №43'!T57+'ООН 44'!T57+'ООН 45'!V57+ООН46!T57+ООН47!T57+ООН48!T57+ООН49!T57+ООн50!T57+ООН51!T57+Форшахта!T57+'ГАлерея 25.6'!T57+ГРП!AI57+'Парк меляси'!T57+'ООН 42'!T57 -> 142 | J59: 150
A60: 57 | B60: Дубовий Роман Анатолійович | E60: =I60*J60 -> 25650 | F60: =SUMIF('[1]Табель цех 1 по 15 вересня'!$B:$B,B60,'[1]Табель цех 1 по 15 вересня'!$H:$H) -> -50 | G60: =IF(ROUND(E60+F60-C60-D60,-2)<0,0,ROUND(E60+F60-C60-D60,-2)) -> 25600 | H60: =F60+E60-D60-G60-C60 -> 0 | I60: =_ЦО!T58+'МХП лазня'!T58+Катеринополь!T58+ВООЗ!T58+Кернел!T58+'Глобино Мк'!T58+'ВООЗ ЕМС'!T58+'ООН 36'!T58+'ООН 37'!T58+'ООН 38'!T58+ООН39!T58+'ООН 40'!T58+'ООН №43'!T58+'ООН 44'!T58+'ООН 45'!V58+ООН46!T58+ООН47!T58+ООН48!T58+ООН49!T58+ООн50!T58+ООН51!T58+Форшахта!T58+'ГАлерея 25.6'!T58+ГРП!AI58+'Парк меляси'!T58+'ООН 42'!T58 -> 171 | J60: 150
A61: 58 | B61: Кузнецов Олексій Вікторович | E61: =I61*J61 -> 25800 | F61: =SUMIF('[1]Табель цех 1 по 15 вересня'!$B:$B,B61,'[1]Табель цех 1 по 15 вересня'!$H:$H) -> 0 | G61: =IF(ROUND(E61+F61-C61-D61,-2)<0,0,ROUND(E61+F61-C61-D61,-2)) -> 25800 | H61: =F61+E61-D61-G61-C61 -> 0 | I61: =_ЦО!T59+'МХП лазня'!T59+Катеринополь!T59+ВООЗ!T59+Кернел!T59+'Глобино Мк'!T59+'ВООЗ ЕМС'!T59+'ООН 36'!T59+'ООН 37'!T59+'ООН 38'!T59+ООН39!T59+'ООН 40'!T59+'ООН №43'!T59+'ООН 44'!T59+'ООН 45'!V59+ООН46!T59+ООН47!T59+ООН48!T59+ООН49!T59+ООн50!T59+ООН51!T59+Форшахта!T59+'ГАлерея 25.6'!T59+ГРП!AI59+'Парк меляси'!T59+'ООН 42'!T59 -> 172 | J61: 150
A62: 59 | B62: Чернобров Олександр Миколайович | E62: =I62*J62 -> 50400 | F62: =SUMIF('[1]Табель цех 1 по 15 вересня'!$B:$B,B62,'[1]Табель цех 1 по 15 вересня'!$H:$H) -> 0 | G62: =IF(ROUND(E62+F62-C62-D62,-2)<0,0,ROUND(E62+F62-C62-D62,-2)) -> 50400 | H62: =F62+E62-D62-G62-C62 -> 0 | I62: =_ЦО!T60+'МХП лазня'!T60+Катеринополь!T60+ВООЗ!T60+Кернел!T60+'Глобино Мк'!T60+'ВООЗ ЕМС'!T60+'ООН 36'!T60+'ООН 37'!T60+'ООН 38'!T60+ООН39!T60+'ООН 40'!T60+'ООН №43'!T60+'ООН 44'!T60+'ООН 45'!V60+ООН46!T60+ООН47!T60+ООН48!T60+ООН49!T60+ООн50!T60+ООН51!T60+Форшахта!T60+'ГАлерея 25.6'!T60+ГРП!AI60+'Парк меляси'!T60+'ООН 42'!T60 -> 336 | J62: 150
A63: 60 | B63: Ткаченко Сергій Володимирович | E63: =I63*J63 -> 50400 | F63: =SUMIF('[1]Табель цех 1 по 15 вересня'!$B:$B,B63,'[1]Табель цех 1 по 15 вересня'!$H:$H) -> 0 | G63: =IF(ROUND(E63+F63-C63-D63,-2)<0,0,ROUND(E63+F63-C63-D63,-2)) -> 50400 | H63: =F63+E63-D63-G63-C63 -> 0 | I63: =_ЦО!T61+'МХП лазня'!T61+Катеринополь!T61+ВООЗ!T61+Кернел!T61+'Глобино Мк'!T61+'ВООЗ ЕМС'!T61+'ООН 36'!T61+'ООН 37'!T61+'ООН 38'!T61+ООН39!T61+'ООН 40'!T61+'ООН №43'!T61+'ООН 44'!T61+'ООН 45'!V61+ООН46!T61+ООН47!T61+ООН48!T61+ООН49!T61+ООн50!T61+ООН51!T61+Форшахта!T61+'ГАлерея 25.6'!T61+ГРП!AI61+'Парк меляси'!T61+'ООН 42'!T61 -> 336 | J63: 150
A64: 61 | B64: Ніколаєнко Олександр Сергійович | E64: =I64*J64 -> 23400 | F64: =SUMIF('[1]Табель цех 1 по 15 вересня'!$B:$B,B64,'[1]Табель цех 1 по 15 вересня'!$H:$H) -> 0 | G64: =IF(ROUND(E64+F64-C64-D64,-2)<0,0,ROUND(E64+F64-C64-D64,-2)) -> 23400 | H64: =F64+E64-D64-G64-C64 -> 0 | I64: =_ЦО!T62+'МХП лазня'!T62+Катеринополь!T62+ВООЗ!T62+Кернел!T62+'Глобино Мк'!T62+'ВООЗ ЕМС'!T62+'ООН 36'!T62+'ООН 37'!T62+'ООН 38'!T62+ООН39!T62+'ООН 40'!T62+'ООН №43'!T62+'ООН 44'!T62+'ООН 45'!V62+ООН46!T62+ООН47!T62+ООН48!T62+ООН49!T62+ООн50!T62+ООН51!T62+Форшахта!T62+'ГАлерея 25.6'!T62+ГРП!AI62+'Парк меляси'!T62+'ООН 42'!T62 -> 156 | J64: 150
A65: 62 | B65: Циба Василь Олександрович | D65: 1071 | E65: =I65*J65 -> 16800 | F65: =SUMIF('[1]Табель цех 1 по 15 вересня'!$B:$B,B65,'[1]Табель цех 1 по 15 вересня'!$H:$H) -> 0 | G65: =IF(ROUND(E65+F65-C65-D65,-2)<0,0,ROUND(E65+F65-C65-D65,-2)) -> 15700 | H65: =F65+E65-D65-G65-C65 -> 29 | I65: =_ЦО!T63+'МХП лазня'!T63+Катеринополь!T63+ВООЗ!T63+Кернел!T63+'Глобино Мк'!T63+'ВООЗ ЕМС'!T63+'ООН 36'!T63+'ООН 37'!T63+'ООН 38'!T63+ООН39!T63+'ООН 40'!T63+'ООН №43'!T63+'ООН 44'!T63+'ООН 45'!V63+ООН46!T63+ООН47!T63+ООН48!T63+ООН49!T63+ООн50!T63+ООН51!T63+Форшахта!T63+'ГАлерея 25.6'!T63+ГРП!AI63+'Парк меляси'!T63+'ООН 42'!T63 -> 112 | J65: 150
A66: 63 | B66: Осовіцький Ростислав Олександрович | E66: =I66*J66 -> 7350 | F66: =SUMIF('[1]Табель цех 1 по 15 вересня'!$B:$B,B66,'[1]Табель цех 1 по 15 вересня'!$H:$H) -> 0 | G66: =IF(ROUND(E66+F66-C66-D66,-2)<0,0,ROUND(E66+F66-C66-D66,-2)) -> 7400 | H66: =F66+E66-D66-G66-C66 -> -50 | I66: =_ЦО!T64+'МХП лазня'!T64+Катеринополь!T64+ВООЗ!T64+Кернел!T64+'Глобино Мк'!T64+'ВООЗ ЕМС'!T64+'ООН 36'!T64+'ООН 37'!T64+'ООН 38'!T64+ООН39!T64+'ООН 40'!T64+'ООН №43'!T64+'ООН 44'!T64+'ООН 45'!V64+ООН46!T64+ООН47!T64+ООН48!T64+ООН49!T64+ООн50!T64+ООН51!T64+Форшахта!T64+'ГАлерея 25.6'!T64+ГРП!AI64+'Парк меляси'!T64+'ООН 42'!T64 -> 49 | J66: 150
I67: =_ЦО!T65+'МХП лазня'!T65+Катеринополь!T65+ВООЗ!T65+Кернел!T65+'Глобино Мк'!T65+'ВООЗ ЕМС'!T65+'ООН 36'!T65+'ООН 37'!T65+'ООН 38'!T65+ООН39!T65+'ООН 40'!T65+'ООН №43'!T65+'ООН 44'!T65+'ООН 45'!V65+ООН46!T65+ООН47!T65+ООН48!T65+ООН49!T65+ООн50!T65+ООН51!T65+Форшахта!T65+'ГАлерея 25.6'!T65+ГРП!AI65+'Парк меляси'!T65+'ООН 42'!T65 -> 0
H68: =SUM(H5:H67) -> -238.54
D69: =SUM(D2:D68) -> 205446.29 | E69: =SUM(E2:E68) -> 1358820 | G69: =SUM(G2:G68) -> 1102900

Sheet ИТР
A1: N | B1: Сотрудник | C1: 16 | D1: 17 | E1: 18 | F1: 19 | G1: 20 | H1: 21 | I1: 22 | J1: 23 | K1: 24 | L1: 25 | M1: 26 | N1: 27 | O1: 28 | P1: 29 | Q1: 30
A2: 9 | B2: Скрипник Сергій Павлович | I2: 11 | J2: 11 | K2: 11 | L2: 11 | M2: 11 | N2: 6 | P2: 11 | Q2: 11 | R2: =C2+D2+E2+F2+G2+H2+I2+J2+K2+L2+M2+N2+O2+P2+Q2 -> 83
A3: 10 | B3: Пономаренко Віталій Вікторович | C3: 11 | D3: 11 | E3: 11 | F3: 11 | G3: 11 | K3: 11 | L3: 11 | M3: 11 | N3: 6 | P3: 11 | Q3: 11 | R3: =C3+D3+E3+F3+G3+H3+I3+J3+K3+L3+M3+N3+O3+P3+Q3 -> 116

Sheet _ЦО
A1: N | B1: Сотрудник | C1: 16 | D1: 17 | E1: 18 | F1: 19 | G1: 20 | H1: 21 | I1: 22 | J1: 23 | K1: 24 | L1: 25 | M1: 26 | N1: 27 | O1: 28 | P1: 29 | Q1: 30
A2: 1 | B2: Багацький Вадим Геннадійович | T2: =C2+D2+E2+F2+G2+H2+I2+J2+K2+L2+M2+N2+O2+P2+Q2 -> 0
A3: 2 | B3: Васильєв Віталій Юрійович | D3: 11 | E3: 11 | F3: 11 | G3: 9 | I3: 11 | J3: 9 | K3: 9 | L3: 11 | M3: 11 | N3: 6 | P3: 11 | Q3: 9 | T3: =C3+D3+E3+F3+G3+H3+I3+J3+K3+L3+M3+N3+O3+P3+Q3 -> 119
A4: 3 | B4: Григоренко Олександр Миколайович | T4: =C4+D4+E4+F4+G4+H4+I4+J4+K4+L4+M4+N4+O4+P4+Q4 -> 0
A5: 4 | B5: Григорьєв Микола Андрійович | T5: =C5+D5+E5+F5+G5+H5+I5+J5+K5+L5+M5+N5+O5+P5+Q5 -> 0
A6: 5 | B6: Григор'єв Михайло Андрійович | T6: =C6+D6+E6+F6+G6+H6+I6+J6+K6+L6+M6+N6+O6+P6+Q6 -> 0
A7: 6 | B7: Іванов Олексій Вікторович | T7: =C7+D7+E7+F7+G7+H7+I7+J7+K7+L7+M7+N7+O7+P7+Q7 -> 0
A8: 7 | B8: Іскрицький Денис Русланович | T8: =C8+D8+E8+F8+G8+H8+I8+J8+K8+L8+M8+N8+O8+P8+Q8 -> 0
A9: 8 | B9: Корнієнко Станіслав Володимирович | T9: =C9+D9+E9+F9+G9+H9+I9+J9+K9+L9+M9+N9+O9+P9+Q9 -> 0
A10: 9 | B10: Масливець Ігор Валерійович | T10: =C10+D10+E10+F10+G10+H10+I10+J10+K10+L10+M10+N10+O10+P10+Q10 -> 0
A11: 10 | B11: Скрипник Олександр Павлович | T11: =C11+D11+E11+F11+G11+H11+I11+J11+K11+L11+M11+N11+O11+P11+Q11 -> 0
A12: 11 | B12: Паламарчук Вячеслав Володимирович | T12: =C12+D12+E12+F12+G12+H12+I12+J12+K12+L12+M12+N12+O12+P12+Q12 -> 0
A13: 12 | B13: Дехтяр Владислав Олександрович | T13: =C13+D13+E13+F13+G13+H13+I13+J13+K13+L13+M13+N13+O13+P13+Q13 -> 0
A14: 13 | B14: Тужиков Валерій Владиславович | T14: =C14+D14+E14+F14+G14+H14+I14+J14+K14+L14+M14+N14+O14+P14+Q14 -> 0
A15: 14 | B15: Сівов Євген Миколайович | T15: =C15+D15+E15+F15+G15+H15+I15+J15+K15+L15+M15+N15+O15+P15+Q15 -> 0
... A27: 26 | B27: Салій Дмитро Миколайович | T27: =C27+D27+E27+F27+G27+H27+I27+J27+K27+L27+M27+N27+O27+P27+Q27 -> 0
A28: 27 | B28: Різніченко Олег Олександрович | D28: 9 | T28: =C28+D28+E28+F28+G28+H28+I28+J28+K28+L28+M28+N28+O28+P28+Q28 -> 9
A29: 28 | B29: Рогозовець Андрій Вікторович | T29: =C29+D29+E29+F29+G29+H29+I29+J29+K29+L29+M29+N29+O29+P29+Q29 -> 0
A30: 29 | B30: Старков Кирило Юрійович | T30: =C30+D30+E30+F30+G30+H30+I30+J30+K30+L30+M30+N30+O30+P30+Q30 -> 0
A31: 30 | B31: Зубахін Сергій Александрович | T31: =C31+D31+E31+F31+G31+H31+I31+J31+K31+L31+M31+N31+O31+P31+Q31 -> 0
A32: 31 | B32: Корнієнко Віталій Олегович | T32: =C32+D32+E32+F32+G32+H32+I32+J32+K32+L32+M32+N32+O32+P32+Q32 -> 0
A33: 32 | B33: Щербак Петро Іванович | T33: =C33+D33+E33+F33+G33+H33+I33+J33+K33+L33+M33+N33+O33+P33+Q33 -> 0
A34: 33 | B34: Онучак Віктор Іванович | T34: =C34+D34+E34+F34+G34+H34+I34+J34+K34+L34+M34+N34+O34+P34+Q34 -> 0
A35: 34 | B35: Батрак Віктор Володимирович | T35: =C35+D35+E35+F35+G35+H35+I35+J35+K35+L35+M35+N35+O35+P35+Q35 -> 0
A36: 35 | B36: Бондаренко Іван Олександрович | T36: =C36+D36+E36+F36+G36+H36+I36+J36+K36+L36+M36+N36+O36+P36+Q36 -> 0
A37: 36 | B37: Підлісний Володимир Сергійович | T37: =C37+D37+E37+F37+G37+H37+I37+J37+K37+L37+M37+N37+O37+P37+Q37 -> 0
A38: 37 | B38: Григоренко Ілля Олександрович | T38: =C38+D38+E38+F38+G38+H38+I38+J38+K38+L38+M38+N38+O38+P38+Q38 -> 0
A39: 38 | B39: Зінченко Дмитро Володимирович | T39: =C39+D39+E39+F39+G39+H39+I39+J39+K39+L39+M39+N39+O39+P39+Q39 -> 0
A40: 39 | B40: Гребінник Олексій Васильович | T40: =C40+D40+E40+F40+G40+H40+I40+J40+K40+L40+M40+N40+O40+P40+Q40 -> 0
... A44: 43 | B44: Самогородський Ігор Віталійович | T44: =C44+D44+E44+F44+G44+H44+I44+J44+K44+L44+M44+N44+O44+P44+Q44 -> 0
A45: 44 | B45: Іванова Світлана Юріївна | C45: 11 | D45: 11 | K45: 11 | L45: 11 | M45: 11 | N45: 3 | P45: 11 | T45: =C45+D45+E45+F45+G45+H45+I45+J45+K45+L45+M45+N45+O45+P45+Q45 -> 69
A46: 45 | B46: Ісайкіна Тетяна Іванівна | C46: 11 | D46: 9 | E46: 11 | F46: 11 | G46: 6 | I46: 11 | J46: 11 | K46: 11 | L46: 11 | M46: 11 | P46: 11 | Q46: 11 | T46: =C46+D46+E46+F46+G46+H46+I46+J46+K46+L46+M46+N46+O46+P46+Q46 -> 125
A47: 46 | B47: Деркс Сергій Анатолійович | T47: =C47+D47+E47+F47+G47+H47+I47+J47+K47+L47+M47+N47+O47+P47+Q47 -> 0
A48: 47 | B48: Гусаков Роман Давидович | T48: =C48+D48+E48+F48+G48+H48+I48+J48+K48+L48+M48+N48+O48+P48+Q48 -> 0
A49: 48 | B49: Гусаков Давид Давидович | T49: =C49+D49+E49+F49+G49+H49+I49+J49+K49+L49+M49+N49+O49+P49+Q49 -> 0
A50: 49 | B50: Тужиков Артем Денисович | T50: =C50+D50+E50+F50+G50+H50+I50+J50+K50+L50+M50+N50+O50+P50+Q50 -> 0
A51: 50 | B51: Ластовка Андрій Михайлович | T51: =C51+D51+E51+F51+G51+H51+I51+J51+K51+L51+M51+N51+O51+P51+Q51 -> 0
A52: 51 | B52: Шомін Вадим Сергійович | T52: =C52+D52+E52+F52+G52+H52+I52+J52+K52+L52+M52+N52+O52+P52+Q52 -> 0
A53: 52 | B53: Дзюба Едуард Іванович | T53: =C53+D53+E53+F53+G53+H53+I53+J53+K53+L53+M53+N53+O53+P53+Q53 -> 0
A54: 53 | B54: Туркевич Дмитро Миколайович | T54: =C54+D54+E54+F54+G54+H54+I54+J54+K54+L54+M54+N54+O54+P54+Q54 -> 0
A55: 54 | B55: Петров Михайло Олександрович | T55: =C55+D55+E55+F55+G55+H55+I55+J55+K55+L55+M55+N55+O55+P55+Q55 -> 0
A56: 55 | B56: Кобяковский Іван Олександрович | T56: =C56+D56+E56+F56+G56+H56+I56+J56+K56+L56+M56+N56+O56+P56+Q56 -> 0
A57: 56 | B57: Авжабаров Олексій Володимирович | T57: =C57+D57+E57+F57+G57+H57+I57+J57+K57+L57+M57+N57+O57+P57+Q57 -> 0
A58: 57 | B58: Дубовий Роман Анатолійович | T58: =C58+D58+E58+F58+G58+H58+I58+J58+K58+L58+M58+N58+O58+P58+Q58 -> 0
... A64: 63 | B64: Осовіцький Ростислав Олександрович | T64: =C64+D64+E64+F64+G64+H64+I64+J64+K64+L64+M64+N64+O64+P64+Q64 -> 0
T65: =C65+D65+E65+F65+G65+H65+I65+J65+K65+L65+M65+N65+O65+P65+Q65 -> 0

Sheet МХП лазня
A1: N | B1: Сотрудник | C1: 16 | D1: 17 | E1: 18 | F1: 19 | G1: 20 | H1: 21 | I1: 22 | J1: 23 | K1: 24 | L1: 25 | M1: 26 | N1: 27 | O1: 28 | P1: 29 | Q1: 30
A2: 1 | B2: Багацький Вадим Геннадійович | T2: =C2+D2+E2+F2+G2+H2+I2+J2+K2+L2+M2+N2+O2+P2+Q2 -> 0
A3: 2 | B3: Васильєв Віталій Юрійович | T3: =C3+D3+E3+F3+G3+H3+I3+J3+K3+L3+M3+N3+O3+P3+Q3 -> 0
A4: 3 | B4: Григоренко Олександр Миколайович | T4: =C4+D4+E4+F4+G4+H4+I4+J4+K4+L4+M4+N4+O4+P4+Q4 -> 0
A5: 4 | B5: Григорьєв Микола Андрійович | T5: =C5+D5+E5+F5+G5+H5+I5+J5+K5+L5+M5+N5+O5+P5+Q5 -> 0
A6: 5 | B6: Григор'єв Михайло Андрійович | T6: =C6+D6+E6+F6+G6+H6+I6+J6+K6+L6+M6+N6+O6+P6+Q6 -> 0
A7: 6 | B7: Іванов Олексій Вікторович | T7: =C7+D7+E7+F7+G7+H7+I7+J7+K7+L7+M7+N7+O7+P7+Q7 -> 0
A8: 7 | B8: Іскрицький Денис Русланович | T8: =C8+D8+E8+F8+G8+H8+I8+J8+K8+L8+M8+N8+O8+P8+Q8 -> 0
A9: 8 | B9: Корнієнко Станіслав Володимирович | T9: =C9+D9+E9+F9+G9+H9+I9+J9+K9+L9+M9+N9+O9+P9+Q9 -> 0
A10: 9 | B10: Масливець Ігор Валерійович | T10: =C10+D10+E10+F10+G10+H10+I10+J10+K10+L10+M10+N10+O10+P10+Q10 -> 0
A11: 10 | B11: Скрипник Олександр Павлович | I11: 11 | J11: 11 | K11: 11 | L11: 11 | M11: 11 | N11: 6 | P11: 11 | Q11: 11 | T11: =C11+D11+E11+F11+G11+H11+I11+J11+K11+L11+M11+N11+O11+P11+Q11 -> 83
A12: 11 | B12: Паламарчук Вячеслав Володимирович | T12: =C12+D12+E12+F12+G12+H12+I12+J12+K12+L12+M12+N12+O12+P12+Q12 -> 0
A13: 12 | B13: Дехтяр Владислав Олександрович | T13: =C13+D13+E13+F13+G13+H13+I13+J13+K13+L13+M13+N13+O13+P13+Q13 -> 0
A14: 13 | B14: Тужиков Валерій Владиславович | T14: =C14+D14+E14+F14+G14+H14+I14+J14+K14+L14+M14+N14+O14+P14+Q14 -> 0
A15: 14 | B15: Сівов Євген Миколайович | T15: =C15+D15+E15+F15+G15+H15+I15+J15+K15+L15+M15+N15+O15+P15+Q15 -> 0
A16: 15 | B16: Кіфор Юрій Михайлович | K16: 11 | L16: 11 | T16: =C16+D16+E16+F16+G16+H16+I16+J16+K16+L16+M16+N16+O16+P16+Q16 -> 22
A17: 16 | B17: Петренко Микола Григорович | K17: 11 | L17: 9 | T17: =C17+D17+E17+F17+G17+H17+I17+J17+K17+L17+M17+N17+O17+P17+Q17 -> 20
A18: 17 | B18: Рубленко Микола Іванович | I18: 11 | J18: 11 | K18: 11 | L18: 11 | M18: 11 | P18: 11 | Q18: 11 | T18: =C18+D18+E18+F18+G18+H18+I18+J18+K18+L18+M18+N18+O18+P18+Q18 -> 77
A19: 18 | B19: Серебренніков Володимир Олександрович | T19: =C19+D19+E19+F19+G19+H19+I19+J19+K19+L19+M19+N19+O19+P19+Q19 -> 0
A20: 19 | B20: Чешко Сергій Анатолійович | T20: =C20+D20+E20+F20+G20+H20+I20+J20+K20+L20+M20+N20+O20+P20+Q20 -> 0
A21: 20 | B21: Нерезенко Євгеній Віктоорович | T21: =C21+D21+E21+F21+G21+H21+I21+J21+K21+L21+M21+N21+O21+P21+Q21 -> 0
A22: 21 | B22: Шавкун Максим Анатолійович | T22: =C22+D22+E22+F22+G22+H22+I22+J22+K22+L22+M22+N22+O22+P22+Q22 -> 0
A23: 22 | B23: Чуйко Олег Олегович | T23: =C23+D23+E23+F23+G23+H23+I23+J23+K23+L23+M23+N23+O23+P23+Q23 -> 0
A24: 23 | B24: Салюк Дмитро Андрійович | T24: =C24+D24+E24+F24+G24+H24+I24+J24+K24+L24+M24+N24+O24+P24+Q24 -> 0
A25: 24 | B25: Маковецький Юрій Миколайович | T25: =C25+D25+E25+F25+G25+H25+I25+J25+K25+L25+M25+N25+O25+P25+Q25 -> 0
A26: 25 | B26: Міненко Олександр Андрійович | T26: =C26+D26+E26+F26+G26+H26+I26+J26+K26+L26+M26+N26+O26+P26+Q26 -> 0
A27: 26 | B27: Салій Дмитро Миколайович | T27: =C27+D27+E27+F27+G27+H27+I27+J27+K27+L27+M27+N27+O27+P27+Q27 -> 0
A28: 27 | B28: Різніченко Олег Олександрович | T28: =C28+D28+E28+F28+G28+H28+I28+J28+K28+L28+M28+N28+O28+P28+Q28 -> 0
A29: 28 | B29: Рогозовець Андрій Вікторович | T29: =C29+D29+E29+F29+G29+H29+I29+J29+K29+L29+M29+N29+O29+P29+Q29 -> 0
A30: 29 | B30: Старков Кирило Юрійович | T30: =C30+D30+E30+F30+G30+H30+I30+J30+K30+L30+M30+N30+O30+P30+Q30 -> 0
A31: 30 | B31: Зубахін Сергій Александрович | T31: =C31+D31+E31+F31+G31+H31+I31+J31+K31+L31+M31+N31+O31+P31+Q31 -> 0
A32: 31 | B32: Корнієнко Віталій Олегович | I32: 11 | J32: 11 | K32: 11 | L32: 11 | M32: 11 | N32: 6 | P32: 9 | Q32: 8 | T32: =C32+D32+E32+F32+G32+H32+I32+J32+K32+L32+M32+N32+O32+P32+Q32 -> 78
A33: 32 | B33: Щербак Петро Іванович | T33: =C33+D33+E33+F33+G33+H33+I33+J33+K33+L33+M33+N33+O33+P33+Q33 -> 0
A34: 33 | B34: Онучак Віктор Іванович | T34: =C34+D34+E34+F34+G34+H34+I34+J34+K34+L34+M34+N34+O34+P34+Q34 -> 0
A35: 34 | B35: Батрак Віктор Володимирович | T35: =C35+D35+E35+F35+G35+H35+I35+J35+K35+L35+M35+N35+O35+P35+Q35 -> 0
A36: 35 | B36: Бондаренко Іван Олександрович | T36: =C36+D36+E36+F36+G36+H36+I36+J36+K36+L36+M36+N36+O36+P36+Q36 -> 0
A37: 36 | B37: Підлісний Володимир Сергійович | T37: =C37+D37+E37+F37+G37+H37+I37+J37+K37+L37+M37+N37+O37+P37+Q37 -> 0
A38: 37 | B38: Григоренко Ілля Олександрович | T38: =C38+D38+E38+F38+G38+H38+I38+J38+K38+L38+M38+N38+O38+P38+Q38 -> 0
A39: 38 | B39: Зінченко Дмитро Володимирович | T39: =C39+D39+E39+F39+G39+H39+I39+J39+K39+L39+M39+N39+O39+P39+Q39 -> 0
A40: 39 | B40: Гребінник Олексій Васильович | T40: =C40+D40+E40+F40+G40+H40+I40+J40+K40+L40+M40+N40+O40+P40+Q40 -> 0
A41: 40 | B41: Ізюмець Олександр Евгенович | T41: =C41+D41+E41+F41+G41+H41+I41+J41+K41+L41+M41+N41+O41+P41+Q41 -> 0
A42: 41 | B42: Маркевич Ігор Ігорьович | T42: =C42+D42+E42+F42+G42+H42+I42+J42+K42+L42+M42+N42+O42+P42+Q42 -> 0
A43: 42 | B43: Раменюк Віталій Сергійович | T43: =C43+D43+E43+F43+G43+H43+I43+J43+K43+L43+M43+N43+O43+P43+Q43 -> 0
A44: 43 | B44: Самогородський Ігор Віталійович | T44: =C44+D44+E44+F44+G44+H44+I44+J44+K44+L44+M44+N44+O44+P44+Q44 -> 0
... A54: 53 | B54: Туркевич Дмитро Миколайович | T54: =C54+D54+E54+F54+G54+H54+I54+J54+K54+L54+M54+N54+O54+P54+Q54 -> 0
A55: 54 | B55: Петров Михайло Олександрович | I55: 11 | J55: 11 | K55: 11 | L55: 11 | M55: 11 | N55: 6 | P55: 11 | Q55: 11 | T55: =C55+D55+E55+F55+G55+H55+I55+J55+K55+L55+M55+N55+O55+P55+Q55 -> 83
A56: 55 | B56: Кобяковский Іван Олександрович | T56: =C56+D56+E56+F56+G56+H56+I56+J56+K56+L56+M56+N56+O56+P56+Q56 -> 0
A57: 56 | B57: Авжабаров Олексій Володимирович | T57: =C57+D57+E57+F57+G57+H57+I57+J57+K57+L57+M57+N57+O57+P57+Q57 -> 0
A58: 57 | B58: Дубовий Роман Анатолійович | T58: =C58+D58+E58+F58+G58+H58+I58+J58+K58+L58+M58+N58+O58+P58+Q58 -> 0
A59: 58 | B59: Кузнецов Олексій Вікторович | T59: =C59+D59+E59+F59+G59+H59+I59+J59+K59+L59+M59+N59+O59+P59+Q59 -> 0
A60: 59 | B60: Чернобров Олександр Миколайович | T60: =C60+D60+E60+F60+G60+H60+I60+J60+K60+L60+M60+N60+O60+P60+Q60 -> 0
A61: 60 | B61: Ткаченко Сергій Володимирович | T61: =C61+D61+E61+F61+G61+H61+I61+J61+K61+L61+M61+N61+O61+P61+Q61 -> 0
A62: 61 | B62: Ніколаєнко Олександр Сергійович | T62: =C62+D62+E62+F62+G62+H62+I62+J62+K62+L62+M62+N62+O62+P62+Q62 -> 0
A63: 62 | B63: Циба Василь Олександрович | T63: =C63+D63+E63+F63+G63+H63+I63+J63+K63+L63+M63+N63+O63+P63+Q63 -> 0
A64: 63 | B64: Осовіцький Ростислав Олександрович | T64: =C64+D64+E64+F64+G64+H64+I64+J64+K64+L64+M64+N64+O64+P64+Q64 -> 0
T65: =C65+D65+E65+F65+G65+H65+I65+J65+K65+L65+M65+N65+O65+P65+Q65 -> 0

Sheet Катеринополь
A1: N | B1: Сотрудник | C1: 16 | D1: 17 | E1: 18 | F1: 19 | G1: 20 | H1: 21 | I1: 22 | J1: 23 | K1: 24 | L1: 25 | M1: 26 | N1: 27 | O1: 28 | P1: 29 | Q1: 30 | R1: Всего часов
A2: 1 | B2: Багацький Вадим Геннадійович | C2: 11 | D2: 11 | E2: 11 | R2: 83 | T2: =C2+D2+E2+F2+G2+H2+I2+J2+K2+L2+M2+N2+O2+P2+Q2 -> 33
A3: 2 | B3: Васильєв Віталій Юрійович | R3: 0 | T3: =C3+D3+E3+F3+G3+H3+I3+J3+K3+L3+M3+N3+O3+P3+Q3 -> 0
A4: 3 | B4: Григоренко Олександр Миколайович | R4: 0 | T4: =C4+D4+E4+F4+G4+H4+I4+J4+K4+L4+M4+N4+O4+P4+Q4 -> 0
A5: 4 | B5: Григорьєв Микола Андрійович | R5: 0 | T5: =C5+D5+E5+F5+G5+H5+I5+J5+K5+L5+M5+N5+O5+P5+Q5 -> 0
A6: 5 | B6: Григор'єв Михайло Андрійович | R6: 0 | T6: =C6+D6+E6+F6+G6+H6+I6+J6+K6+L6+M6+N6+O6+P6+Q6 -> 0
A7: 6 | B7: Іванов Олексій Вікторович | R7: 76 | T7: =C7+D7+E7+F7+G7+H7+I7+J7+K7+L7+M7+N7+O7+P7+Q7 -> 0
A8: 7 | B8: Іскрицький Денис Русланович | R8: 11 | T8: =C8+D8+E8+F8+G8+H8+I8+J8+K8+L8+M8+N8+O8+P8+Q8 -> 0
A9: 8 | B9: Корнієнко Станіслав Володимирович | R9: 0 | T9: =C9+D9+E9+F9+G9+H9+I9+J9+K9+L9+M9+N9+O9+P9+Q9 -> 0
A10: 9 | B10: Масливець Ігор Валерійович | D10: 11 | R10: 11 | T10: =C10+D10+E10+F10+G10+H10+I10+J10+K10+L10+M10+N10+O10+P10+Q10 -> 11
A11: 10 | B11: Скрипник Олександр Павлович | R11: 0 | T11: =C11+D11+E11+F11+G11+H11+I11+J11+K11+L11+M11+N11+O11+P11+Q11 -> 0
A12: 11 | B12: Паламарчук Вячеслав Володимирович | R12: 0 | T12: =C12+D12+E12+F12+G12+H12+I12+J12+K12+L12+M12+N12+O12+P12+Q12 -> 0
A13: 12 | B13: Дехтяр Владислав Олександрович | R13: 0 | T13: =C13+D13+E13+F13+G13+H13+I13+J13+K13+L13+M13+N13+O13+P13+Q13 -> 0
A14: 13 | B14: Тужиков Валерій Владиславович | R14: 33 | T14: =C14+D14+E14+F14+G14+H14+I14+J14+K14+L14+M14+N14+O14+P14+Q14 -> 0
A15: 14 | B15: Сівов Євген Миколайович | R15: 57 | T15: =C15+D15+E15+F15+G15+H15+I15+J15+K15+L15+M15+N15+O15+P15+Q15 -> 0
A16: 15 | B16: Кіфор Юрій Михайлович | R16: 0 | T16: =C16+D16+E16+F16+G16+H16+I16+J16+K16+L16+M16+N16+O16+P16+Q16 -> 0
A17: 16 | B17: Петренко Микола Григорович | R17: 0 | T17: =C17+D17+E17+F17+G17+H17+I17+J17+K17+L17+M17+N17+O17+P17+Q17 -> 0
A18: 17 | B18: Рубленко Микола Іванович | R18: 0 | T18: =C18+D18+E18+F18+G18+H18+I18+J18+K18+L18+M18+N18+O18+P18+Q18 -> 0
A19: 18 | B19: Серебренніков Володимир Олександрович | R19: 0 | T19: =C19+D19+E19+F19+G19+H19+I19+J19+K19+L19+M19+N19+O19+P19+Q19 -> 0
A20: 19 | B20: Чешко Сергій Анатолійович | R20: 0 | T20: =C20+D20+E20+F20+G20+H20+I20+J20+K20+L20+M20+N20+O20+P20+Q20 -> 0
A21: 20 | B21: Нерезенко Євгеній Віктоорович | R21: 0 | T21: =C21+D21+E21+F21+G21+H21+I21+J21+K21+L21+M21+N21+O21+P21+Q21 -> 0
A22: 21 | B22: Шавкун Максим Анатолійович | R22: 0 | T22: =C22+D22+E22+F22+G22+H22+I22+J22+K22+L22+M22+N22+O22+P22+Q22 -> 0
... A24: 23 | B24: Салюк Дмитро Андрійович | R24: 0 | T24: =C24+D24+E24+F24+G24+H24+I24+J24+K24+L24+M24+N24+O24+P24+Q24 -> 0
A25: 24 | B25: Маковецький Юрій Миколайович | E25: 11 | R25: 39 | T25: =C25+D25+E25+F25+G25+H25+I25+J25+K25+L25+M25+N25+O25+P25+Q25 -> 11
A26: 25 | B26: Міненко Олександр Андрійович | R26: 0 | T26: =C26+D26+E26+F26+G26+H26+I26+J26+K26+L26+M26+N26+O26+P26+Q26 -> 0
A27: 26 | B27: Салій Дмитро Миколайович | R27: 0 | T27: =C27+D27+E27+F27+G27+H27+I27+J27+K27+L27+M27+N27+O27+P27+Q27 -> 0
A28: 27 | B28: Різніченко Олег Олександрович | C28: 11 | E28: 9 | R28: 58 | T28: =C28+D28+E28+F28+G28+H28+I28+J28+K28+L28+M28+N28+O28+P28+Q28 -> 20
A29: 28 | B29: Рогозовець Андрій Вікторович | D29: 11 | R29: 33 | T29: =C29+D29+E29+F29+G29+H29+I29+J29+K29+L29+M29+N29+O29+P29+Q29 -> 11
A30: 29 | B30: Старков Кирило Юрійович | R30: 0 | T30: =C30+D30+E30+F30+G30+H30+I30+J30+K30+L30+M30+N30+O30+P30+Q30 -> 0
A31: 30 | B31: Зубахін Сергій Александрович | R31: 0 | T31: =C31+D31+E31+F31+G31+H31+I31+J31+K31+L31+M31+N31+O31+P31+Q31 -> 0
A32: 31 | B32: Корнієнко Віталій Олегович | E32: 8 | R32: 8 | T32: =C32+D32+E32+F32+G32+H32+I32+J32+K32+L32+M32+N32+O32+P32+Q32 -> 8
A33: 32 | B33: Щербак Петро Іванович | R33: 0 | T33: =C33+D33+E33+F33+G33+H33+I33+J33+K33+L33+M33+N33+O33+P33+Q33 -> 0
A34: 33 | B34: Онучак Віктор Іванович | D34: 11 | E34: 11 | R34: 50 | T34: =C34+D34+E34+F34+G34+H34+I34+J34+K34+L34+M34+N34+O34+P34+Q34 -> 22
A35: 34 | B35: Батрак Віктор Володимирович | R35: 0 | T35: =C35+D35+E35+F35+G35+H35+I35+J35+K35+L35+M35+N35+O35+P35+Q35 -> 0
A36: 35 | B36: Бондаренко Іван Олександрович | R36: 0 | T36: =C36+D36+E36+F36+G36+H36+I36+J36+K36+L36+M36+N36+O36+P36+Q36 -> 0
A37: 36 | B37: Підлісний Володимир Сергійович | R37: 0 | T37: =C37+D37+E37+F37+G37+H37+I37+J37+K37+L37+M37+N37+O37+P37+Q37 -> 0
A38: 37 | B38: Григоренко Ілля Олександрович | R38: 0 | T38: =C38+D38+E38+F38+G38+H38+I38+J38+K38+L38+M38+N38+O38+P38+Q38 -> 0
A39: 38 | B39: Зінченко Дмитро Володимирович | D39: 11 | E39: 11 | R39: 66 | T39: =C39+D39+E39+F39+G39+H39+I39+J39+K39+L39+M39+N39+O39+P39+Q39 -> 22
A40: 39 | B40: Гребінник Олексій Васильович | D40: 11 | R40: 22 | T40: =C40+D40+E40+F40+G40+H40+I40+J40+K40+L40+M40+N40+O40+P40+Q40 -> 11
A41: 40 | B41: Ізюмець Олександр Евгенович | R41: 0 | T41: =C41+D41+E41+F41+G41+H41+I41+J41+K41+L41+M41+N41+O41+P41+Q41 -> 0
A42: 41 | B42: Маркевич Ігор Ігорьович | C42: 11 | R42: 61 | T42: =C42+D42+E42+F42+G42+H42+I42+J42+K42+L42+M42+N42+O42+P42+Q42 -> 11
A43: 42 | B43: Раменюк Віталій Сергійович | R43: 0 | T43: =C43+D43+E43+F43+G43+H43+I43+J43+K43+L43+M43+N43+O43+P43+Q43 -> 0
A44: 43 | B44: Самогородський Ігор Віталійович | D44: 9 | R44: 31 | T44: =C44+D44+E44+F44+G44+H44+I44+J44+K44+L44+M44+N44+O44+P44+Q44 -> 9
A45: 44 | B45: Іванова Світлана Юріївна | R45: 0 | T45: =C45+D45+E45+F45+G45+H45+I45+J45+K45+L45+M45+N45+O45+P45+Q45 -> 0
A46: 45 | B46: Ісайкіна Тетяна Іванівна | R46: 0 | T46: =C46+D46+E46+F46+G46+H46+I46+J46+K46+L46+M46+N46+O46+P46+Q46 -> 0
A47: 46 | B47: Деркс Сергій Анатолійович | R47: 0 | T47: =C47+D47+E47+F47+G47+H47+I47+J47+K47+L47+M47+N47+O47+P47+Q47 -> 0
A48: 47 | B48: Гусаков Роман Давидович | R48: 0 | T48: =C48+D48+E48+F48+G48+H48+I48+J48+K48+L48+M48+N48+O48+P48+Q48 -> 0
A49: 48 | B49: Гусаков Давид Давидович | R49: 0 | T49: =C49+D49+E49+F49+G49+H49+I49+J49+K49+L49+M49+N49+O49+P49+Q49 -> 0
A50: 49 | B50: Тужиков Артем Денисович | R50: 0 | T50: =C50+D50+E50+F50+G50+H50+I50+J50+K50+L50+M50+N50+O50+P50+Q50 -> 0
A51: 50 | B51: Ластовка Андрій Михайлович | R51: 0 | T51: =C51+D51+E51+F51+G51+H51+I51+J51+K51+L51+M51+N51+O51+P51+Q51 -> 0
A52: 51 | B52: Шомін Вадим Сергійович | R52: 31 | T52: =C52+D52+E52+F52+G52+H52+I52+J52+K52+L52+M52+N52+O52+P52+Q52 -> 0
A53: 52 | B53: Дзюба Едуард Іванович | C53: 12 | R53: 23 | T53: =C53+D53+E53+F53+G53+H53+I53+J53+K53+L53+M53+N53+O53+P53+Q53 -> 12
A54: 53 | B54: Туркевич Дмитро Миколайович | R54: 0 | T54: =C54+D54+E54+F54+G54+H54+I54+J54+K54+L54+M54+N54+O54+P54+Q54 -> 0
A55: 54 | B55: Петров Михайло Олександрович | R55: 0 | T55: =C55+D55+E55+F55+G55+H55+I55+J55+K55+L55+M55+N55+O55+P55+Q55 -> 0
A56: 55 | B56: Кобяковский Іван Олександрович | D56: 11 | E56: 11 | R56: 41 | T56: =C56+D56+E56+F56+G56+H56+I56+J56+K56+L56+M56+N56+O56+P56+Q56 -> 22
A57: 56 | B57: Авжабаров Олексій Володимирович | R57: 31 | T57: =C57+D57+E57+F57+G57+H57+I57+J57+K57+L57+M57+N57+O57+P57+Q57 -> 0
A58: 57 | B58: Дубовий Роман Анатолійович | D58: 11 | R58: 33 | T58: =C58+D58+E58+F58+G58+H58+I58+J58+K58+L58+M58+N58+O58+P58+Q58 -> 11
A59: 58 | B59: Кузнецов Олексій Вікторович | C59: 11 | D59: 11 | E59: 11 | R59: 50 | T59: =C59+D59+E59+F59+G59+H59+I59+J59+K59+L59+M59+N59+O59+P59+Q59 -> 33
A60: 59 | B60: Чернобров Олександр Миколайович | R60: 0 | T60: =C60+D60+E60+F60+G60+H60+I60+J60+K60+L60+M60+N60+O60+P60+Q60 -> 0
A61: 60 | B61: Ткаченко Сергій Володимирович | R61: 0 | T61: =C61+D61+E61+F61+G61+H61+I61+J61+K61+L61+M61+N61+O61+P61+Q61 -> 0
A62: 61 | B62: Ніколаєнко Олександр Сергійович | R62: 0 | T62: =C62+D62+E62+F62+G62+H62+I62+J62+K62+L62+M62+N62+O62+P62+Q62 -> 0
A63: 62 | B63: Циба Василь Олександрович | R63: 0 | T63: =C63+D63+E63+F63+G63+H63+I63+J63+K63+L63+M63+N63+O63+P63+Q63 -> 0
A64: 63 | B64: Осовіцький Ростислав Олександрович | R64: 0 | T64: =C64+D64+E64+F64+G64+H64+I64+J64+K64+L64+M64+N64+O64+P64+Q64 -> 0
R65: 848

Sheet ВООЗ
A1: N | B1: Сотрудник | C1: 16 | D1: 17 | E1: 18 | F1: 19 | G1: 20 | H1: 21 | I1: 22 | J1: 23 | K1: 24 | L1: 25 | M1: 26 | N1: 27 | O1: 28 | P1: 29 | Q1: 30 | R1: Всего часов
A2: 1 | B2: Багацький Вадим Геннадійович | R2: 0 | T2: =C2+D2+E2+F2+G2+H2+I2+J2+K2+L2+M2+N2+O2+P2+Q2 -> 0
A3: 2 | B3: Васильєв Віталій Юрійович | R3: 0 | T3: =C3+D3+E3+F3+G3+H3+I3+J3+K3+L3+M3+N3+O3+P3+Q3 -> 0
A4: 3 | B4: Григоренко Олександр Миколайович | R4: 0 | T4: =C4+D4+E4+F4+G4+H4+I4+J4+K4+L4+M4+N4+O4+P4+Q4 -> 0
A5: 4 | B5: Григорьєв Микола Андрійович | R5: 0 | T5: =C5+D5+E5+F5+G5+H5+I5+J5+K5+L5+M5+N5+O5+P5+Q5 -> 0
A6: 5 | B6: Григор'єв Михайло Андрійович | R6: 0 | T6: =C6+D6+E6+F6+G6+H6+I6+J6+K6+L6+M6+N6+O6+P6+Q6 -> 0
A7: 6 | B7: Іванов Олексій Вікторович | R7: 0 | T7: =C7+D7+E7+F7+G7+H7+I7+J7+K7+L7+M7+N7+O7+P7+Q7 -> 0
A8: 7 | B8: Іскрицький Денис Русланович | R8: 0 | T8: =C8+D8+E8+F8+G8+H8+I8+J8+K8+L8+M8+N8+O8+P8+Q8 -> 0
A9: 8 | B9: Корнієнко Станіслав Володимирович | R9: 0 | T9: =C9+D9+E9+F9+G9+H9+I9+J9+K9+L9+M9+N9+O9+P9+Q9 -> 0
A10: 9 | B10: Масливець Ігор Валерійович | R10: 0 | T10: =C10+D10+E10+F10+G10+H10+I10+J10+K10+L10+M10+N10+O10+P10+Q10 -> 0
A11: 10 | B11: Скрипник Олександр Павлович | R11: 0 | T11: =C11+D11+E11+F11+G11+H11+I11+J11+K11+L11+M11+N11+O11+P11+Q11 -> 0
A12: 11 | B12: Паламарчук Вячеслав Володимирович | R12: 0 | T12: =C12+D12+E12+F12+G12+H12+I12+J12+K12+L12+M12+N12+O12+P12+Q12 -> 0
A13: 12 | B13: Дехтяр Владислав Олександрович | R13: 0 | T13: =C13+D13+E13+F13+G13+H13+I13+J13+K13+L13+M13+N13+O13+P13+Q13 -> 0
... A25: 24 | B25: Маковецький Юрій Миколайович | R25: 0 | T25: =C25+D25+E25+F25+G25+H25+I25+J25+K25+L25+M25+N25+O25+P25+Q25 -> 0
A26: 25 | B26: Міненко Олександр Андрійович | M26: 24 | P26: 24 | R26: 48 | T26: =C26+D26+E26+F26+G26+H26+I26+J26+K26+L26+M26+N26+O26+P26+Q26 -> 48
A27: 26 | B27: Салій Дмитро Миколайович | M27: 24 | P27: 24 | R27: 48 | T27: =C27+D27+E27+F27+G27+H27+I27+J27+K27+L27+M27+N27+O27+P27+Q27 -> 48
A28: 27 | B28: Різніченко Олег Олександрович | R28: 0 | T28: =C28+D28+E28+F28+G28+H28+I28+J28+K28+L28+M28+N28+O28+P28+Q28 -> 0
A29: 28 | B29: Рогозовець Андрій Вікторович | R29: 0 | T29: =C29+D29+E29+F29+G29+H29+I29+J29+K29+L29+M29+N29+O29+P29+Q29 -> 0
A30: 29 | B30: Старков Кирило Юрійович | R30: 0 | T30: =C30+D30+E30+F30+G30+H30+I30+J30+K30+L30+M30+N30+O30+P30+Q30 -> 0
A31: 30 | B31: Зубахін Сергій Александрович | R31: 0 | T31: =C31+D31+E31+F31+G31+H31+I31+J31+K31+L31+M31+N31+O31+P31+Q31 -> 0
A32: 31 | B32: Корнієнко Віталій Олегович | R32: 0 | T32: =C32+D32+E32+F32+G32+H32+I32+J32+K32+L32+M32+N32+O32+P32+Q32 -> 0
A33: 32 | B33: Щербак Петро Іванович | R33: 0 | T33: =C33+D33+E33+F33+G33+H33+I33+J33+K33+L33+M33+N33+O33+P33+Q33 -> 0
A34: 33 | B34: Онучак Віктор Іванович | R34: 0 | T34: =C34+D34+E34+F34+G34+H34+I34+J34+K34+L34+M34+N34+O34+P34+Q34 -> 0
A35: 34 | B35: Батрак Віктор Володимирович | R35: 0 | T35: =C35+D35+E35+F35+G35+H35+I35+J35+K35+L35+M35+N35+O35+P35+Q35 -> 0
A36: 35 | B36: Бондаренко Іван Олександрович | R36: 0 | T36: =C36+D36+E36+F36+G36+H36+I36+J36+K36+L36+M36+N36+O36+P36+Q36 -> 0
A37: 36 | B37: Підлісний Володимир Сергійович | R37: 0 | T37: =C37+D37+E37+F37+G37+H37+I37+J37+K37+L37+M37+N37+O37+P37+Q37 -> 0
A38: 37 | B38: Григоренко Ілля Олександрович | R38: 0 | T38: =C38+D38+E38+F38+G38+H38+I38+J38+K38+L38+M38+N38+O38+P38+Q38 -> 0
A39: 38 | B39: Зінченко Дмитро Володимирович | R39: 0 | T39: =C39+D39+E39+F39+G39+H39+I39+J39+K39+L39+M39+N39+O39+P39+Q39 -> 0
... A64: 63 | B64: Осовіцький Ростислав Олександрович | R64: 0 | T64: =C64+D64+E64+F64+G64+H64+I64+J64+K64+L64+M64+N64+O64+P64+Q64 -> 0
R65: 96

Sheet Кернел
A1: N | B1: Сотрудник | C1: 16 | D1: 17 | E1: 18 | F1: 19 | G1: 20 | H1: 21 | I1: 22 | J1: 23 | K1: 24 | L1: 25 | M1: 26 | N1: 27 | O1: 28 | P1: 29 | Q1: 30 | R1: Всего часов
A2: 1 | B2: Багацький Вадим Геннадійович | R2: 0 | T2: =C2+D2+E2+F2+G2+H2+I2+J2+K2+L2+M2+N2+O2+P2+Q2 -> 0
A3: 2 | B3: Васильєв Віталій Юрійович | R3: 0 | T3: =C3+D3+E3+F3+G3+H3+I3+J3+K3+L3+M3+N3+O3+P3+Q3 -> 0
A4: 3 | B4: Григоренко Олександр Миколайович | C4: 24 | D4: 24 | E4: 24 | F4: 24 | G4: 24 | H4: 24 | I4: 24 | J4: 24 | K4: 24 | L4: 24 | M4: 24 | N4: 24 | O4: 24 | P4: 24 | Q4: 24 | R4: 720 | T4: =C4+D4+E4+F4+G4+H4+I4+J4+K4+L4+M4+N4+O4+P4+Q4 -> 360
A5: 4 | B5: Григорьєв Микола Андрійович | R5: 0 | T5: =C5+D5+E5+F5+G5+H5+I5+J5+K5+L5+M5+N5+O5+P5+Q5 -> 0
A6: 5 | B6: Григор'єв Михайло Андрійович | R6: 0 | T6: =C6+D6+E6+F6+G6+H6+I6+J6+K6+L6+M6+N6+O6+P6+Q6 -> 0
A7: 6 | B7: Іванов Олексій Вікторович | R7: 0 | T7: =C7+D7+E7+F7+G7+H7+I7+J7+K7+L7+M7+N7+O7+P7+Q7 -> 0
A8: 7 | B8: Іскрицький Денис Русланович | R8: 0 | T8: =C8+D8+E8+F8+G8+H8+I8+J8+K8+L8+M8+N8+O8+P8+Q8 -> 0
A9: 8 | B9: Корнієнко Станіслав Володимирович | C9: 24 | D9: 24 | E9: 24 | F9: 24 | G9: 24 | H9: 24 | I9: 24 | J9: 24 | K9: 24 | L9: 24 | M9: 24 | N9: 24 | O9: 24 | P9: 24 | Q9: 24 | R9: 720 | T9: =C9+D9+E9+F9+G9+H9+I9+J9+K9+L9+M9+N9+O9+P9+Q9 -> 360
A10: 9 | B10: Масливець Ігор Валерійович | R10: 0 | T10: =C10+D10+E10+F10+G10+H10+I10+J10+K10+L10+M10+N10+O10+P10+Q10 -> 0
A11: 10 | B11: Скрипник Олександр Павлович | R11: 0 | T11: =C11+D11+E11+F11+G11+H11+I11+J11+K11+L11+M11+N11+O11+P11+Q11 -> 0
A12: 11 | B12: Паламарчук Вячеслав Володимирович | R12: 0 | T12: =C12+D12+E12+F12+G12+H12+I12+J12+K12+L12+M12+N12+O12+P12+Q12 -> 0
A13: 12 | B13: Дехтяр Владислав Олександрович | C13: 24 | D13: 24 | E13: 24 | F13: 24 | G13: 24 | H13: 24 | I13: 24 | J13: 24 | K13: 24 | L13: 24 | M13: 24 | N13: 24 | O13: 24 | P13: 24 | Q13: 24 | R13: 720 | T13: =C13+D13+E13+F13+G13+H13+I13+J13+K13+L13+M13+N13+O13+P13+Q13 -> 360
A14: 13 | B14: Тужиков Валерій Владиславович | R14: 0 | T14: =C14+D14+E14+F14+G14+H14+I14+J14+K14+L14+M14+N14+O14+P14+Q14 -> 0
A15: 14 | B15: Сівов Євген Миколайович | R15: 0 | T15: =C15+D15+E15+F15+G15+H15+I15+J15+K15+L15+M15+N15+O15+P15+Q15 -> 0
A16: 15 | B16: Кіфор Юрій Михайлович | R16: 0 | T16: =C16+D16+E16+F16+G16+H16+I16+J16+K16+L16+M16+N16+O16+P16+Q16 -> 0
A17: 16 | B17: Петренко Микола Григорович | R17: 0 | T17: =C17+D17+E17+F17+G17+H17+I17+J17+K17+L17+M17+N17+O17+P17+Q17 -> 0
A18: 17 | B18: Рубленко Микола Іванович | R18: 0 | T18: =C18+D18+E18+F18+G18+H18+I18+J18+K18+L18+M18+N18+O18+P18+Q18 -> 0
A19: 18 | B19: Серебренніков Володимир Олександрович | R19: 0 | T19: =C19+D19+E19+F19+G19+H19+I19+J19+K19+L19+M19+N19+O19+P19+Q19 -> 0
A20: 19 | B20: Чешко Сергій Анатолійович | R20: 0 | T20: =C20+D20+E20+F20+G20+H20+I20+J20+K20+L20+M20+N20+O20+P20+Q20 -> 0
A21: 20 | B21: Нерезенко Євгеній Віктоорович | R21: 0 | T21: =C21+D21+E21+F21+G21+H21+I21+J21+K21+L21+M21+N21+O21+P21+Q21 -> 0
A22: 21 | B22: Шавкун Максим Анатолійович | R22: 0 | T22: =C22+D22+E22+F22+G22+H22+I22+J22+K22+L22+M22+N22+O22+P22+Q22 -> 0
A23: 22 | B23: Чуйко Олег Олегович | R23: 0 | T23: =C23+D23+E23+F23+G23+H23+I23+J23+K23+L23+M23+N23+O23+P23+Q23 -> 0
A24: 23 | B24: Салюк Дмитро Андрійович | R24: 0 | T24: =C24+D24+E24+F24+G24+H24+I24+J24+K24+L24+M24+N24+O24+P24+Q24 -> 0
A25: 24 | B25: Маковецький Юрій Миколайович | R25: 0 | T25: =C25+D25+E25+F25+G25+H25+I25+J25+K25+L25+M25+N25+O25+P25+Q25 -> 0
... A42: 41 | B42: Маркевич Ігор Ігорьович | R42: 0 | T42: =C42+D42+E42+F42+G42+H42+I42+J42+K42+L42+M42+N42+O42+P42+Q42 -> 0
A43: 42 | B43: Раменюк Віталій Сергійович | C43: 24 | D43: 24 | E43: 24 | F43: 24 | G43: 24 | H43: 24 | I43: 24 | J43: 24 | K43: 24 | L43: 24 | M43: 24 | N43: 24 | O43: 24 | P43: 24 | Q43: 24 | R43: 576 | T43: =C43+D43+E43+F43+G43+H43+I43+J43+K43+L43+M43+N43+O43+P43+Q43 -> 360
A44: 43 | B44: Самогородський Ігор Віталійович | R44: 0 | T44: =C44+D44+E44+F44+G44+H44+I44+J44+K44+L44+M44+N44+O44+P44+Q44 -> 0
A45: 44 | B45: Іванова Світлана Юріївна | R45: 0 | T45: =C45+D45+E45+F45+G45+H45+I45+J45+K45+L45+M45+N45+O45+P45+Q45 -> 0
A46: 45 | B46: Ісайкіна Тетяна Іванівна | R46: 0 | T46: =C46+D46+E46+F46+G46+H46+I46+J46+K46+L46+M46+N46+O46+P46+Q46 -> 0
A47: 46 | B47: Деркс Сергій Анатолійович | R47: 0 | T47: =C47+D47+E47+F47+G47+H47+I47+J47+K47+L47+M47+N47+O47+P47+Q47 -> 0
A48: 47 | B48: Гусаков Роман Давидович | R48: 0 | T48: =C48+D48+E48+F48+G48+H48+I48+J48+K48+L48+M48+N48+O48+P48+Q48 -> 0
A49: 48 | B49: Гусаков Давид Давидович | R49: 0 | T49: =C49+D49+E49+F49+G49+H49+I49+J49+K49+L49+M49+N49+O49+P49+Q49 -> 0
A50: 49 | B50: Тужиков Артем Денисович | R50: 0 | T50: =C50+D50+E50+F50+G50+H50+I50+J50+K50+L50+M50+N50+O50+P50+Q50 -> 0
A51: 50 | B51: Ластовка Андрій Михайлович | R51: 0 | T51: =C51+D51+E51+F51+G51+H51+I51+J51+K51+L51+M51+N51+O51+P51+Q51 -> 0
A52: 51 | B52: Шомін Вадим Сергійович | R52: 0 | T52: =C52+D52+E52+F52+G52+H52+I52+J52+K52+L52+M52+N52+O52+P52+Q52 -> 0
A53: 52 | B53: Дзюба Едуард Іванович | R53: 0 | T53: =C53+D53+E53+F53+G53+H53+I53+J53+K53+L53+M53+N53+O53+P53+Q53 -> 0
A54: 53 | B54: Туркевич Дмитро Миколайович | R54: 0 | T54: =C54+D54+E54+F54+G54+H54+I54+J54+K54+L54+M54+N54+O54+P54+Q54 -> 0
A55: 54 | B55: Петров Михайло Олександрович | R55: 0 | T55: =C55+D55+E55+F55+G55+H55+I55+J55+K55+L55+M55+N55+O55+P55+Q55 -> 0
... A64: 63 | B64: Осовіцький Ростислав Олександрович | R64: 0 | T64: =C64+D64+E64+F64+G64+H64+I64+J64+K64+L64+M64+N64+O64+P64+Q64 -> 0
R65: 2736

Sheet Глобино Мк
A1: N | B1: Сотрудник | C1: 16 | D1: 17 | E1: 18 | F1: 19 | G1: 20 | H1: 21 | I1: 22 | J1: 23 | K1: 24 | L1: 25 | M1: 26 | N1: 27 | O1: 28 | P1: 29 | Q1: 30 | R1: Всего часов
A2: 1 | B2: Багацький Вадим Геннадійович | G2: 6 | I2: 11 | J2: 11 | R2: 105 | T2: =C2+D2+E2+F2+G2+H2+I2+J2+K2+L2+M2+N2+O2+P2+Q2 -> 28
A3: 2 | B3: Васильєв Віталій Юрійович | R3: 0 | T3: =C3+D3+E3+F3+G3+H3+I3+J3+K3+L3+M3+N3+O3+P3+Q3 -> 0
A4: 3 | B4: Григоренко Олександр Миколайович | R4: 0 | T4: =C4+D4+E4+F4+G4+H4+I4+J4+K4+L4+M4+N4+O4+P4+Q4 -> 0
A5: 4 | B5: Григорьєв Микола Андрійович | R5: 0 | T5: =C5+D5+E5+F5+G5+H5+I5+J5+K5+L5+M5+N5+O5+P5+Q5 -> 0
A6: 5 | B6: Григор'єв Михайло Андрійович | R6: 0 | T6: =C6+D6+E6+F6+G6+H6+I6+J6+K6+L6+M6+N6+O6+P6+Q6 -> 0
A7: 6 | B7: Іванов Олексій Вікторович | C7: 11 | D7: 11 | J7: 11 | R7: 66 | T7: =C7+D7+E7+F7+G7+H7+I7+J7+K7+L7+M7+N7+O7+P7+Q7 -> 33
A8: 7 | B8: Іскрицький Денис Русланович | D8: 11 | F8: 11 | I8: 11 | J8: 11 | R8: 66 | T8: =C8+D8+E8+F8+G8+H8+I8+J8+K8+L8+M8+N8+O8+P8+Q8 -> 44
A9: 8 | B9: Корнієнко Станіслав Володимирович | R9: 0 | T9: =C9+D9+E9+F9+G9+H9+I9+J9+K9+L9+M9+N9+O9+P9+Q9 -> 0
A10: 9 | B10: Масливець Ігор Валерійович | R10: 0 | T10: =C10+D10+E10+F10+G10+H10+I10+J10+K10+L10+M10+N10+O10+P10+Q10 -> 0
A11: 10 | B11: Скрипник Олександр Павлович | R11: 0 | T11: =C11+D11+E11+F11+G11+H11+I11+J11+K11+L11+M11+N11+O11+P11+Q11 -> 0
A12: 11 | B12: Паламарчук Вячеслав Володимирович | R12: 0 | T12: =C12+D12+E12+F12+G12+H12+I12+J12+K12+L12+M12+N12+O12+P12+Q12 -> 0
A13: 12 | B13: Дехтяр Владислав Олександрович | R13: 0 | T13: =C13+D13+E13+F13+G13+H13+I13+J13+K13+L13+M13+N13+O13+P13+Q13 -> 0
A14: 13 | B14: Тужиков Валерій Владиславович | I14: 11 | J14: 11 | R14: 59 | T14: =C14+D14+E14+F14+G14+H14+I14+J14+K14+L14+M14+N14+O14+P14+Q14 -> 22
A15: 14 | B15: Сівов Євген Миколайович | C15: 11 | D15: 11 | F15: 11 | I15: 11 | J15: 11 | R15: 105 | T15: =C15+D15+E15+F15+G15+H15+I15+J15+K15+L15+M15+N15+O15+P15+Q15 -> 55
A16: 15 | B16: Кіфор Юрій Михайлович | R16: 0 | T16: =C16+D16+E16+F16+G16+H16+I16+J16+K16+L16+M16+N16+O16+P16+Q16 -> 0
A17: 16 | B17: Петренко Микола Григорович | R17: 0 | T17: =C17+D17+E17+F17+G17+H17+I17+J17+K17+L17+M17+N17+O17+P17+Q17 -> 0
A18: 17 | B18: Рубленко Микола Іванович | R18: 0 | T18: =C18+D18+E18+F18+G18+H18+I18+J18+K18+L18+M18+N18+O18+P18+Q18 -> 0
A19: 18 | B19: Серебренніков Володимир Олександрович | R19: 0 | T19: =C19+D19+E19+F19+G19+H19+I19+J19+K19+L19+M19+N19+O19+P19+Q19 -> 0
A20: 19 | B20: Чешко Сергій Анатолійович | R20: 0 | T20: =C20+D20+E20+F20+G20+H20+I20+J20+K20+L20+M20+N20+O20+P20+Q20 -> 0
A21: 20 | B21: Нерезенко Євгеній Віктоорович | R21: 0 | T21: =C21+D21+E21+F21+G21+H21+I21+J21+K21+L21+M21+N21+O21+P21+Q21 -> 0
A22: 21 | B22: Шавкун Максим Анатолійович | R22: 0 | T22: =C22+D22+E22+F22+G22+H22+I22+J22+K22+L22+M22+N22+O22+P22+Q22 -> 0
A23: 22 | B23: Чуйко Олег Олегович | R23: 0 | T23: =C23+D23+E23+F23+G23+H23+I23+J23+K23+L23+M23+N23+O23+P23+Q23 -> 0
A24: 23 | B24: Салюк Дмитро Андрійович | R24: 0 | T24: =C24+D24+E24+F24+G24+H24+I24+J24+K24+L24+M24+N24+O24+P24+Q24 -> 0
A25: 24 | B25: Маковецький Юрій Миколайович | C25: 11 | F25: 11 | G25: 6 | I25: 11 | J25: 11 | R25: 109 | T25: =C25+D25+E25+F25+G25+H25+I25+J25+K25+L25+M25+N25+O25+P25+Q25 -> 50
A26: 25 | B26: Міненко Олександр Андрійович | R26: 0 | T26: =C26+D26+E26+F26+G26+H26+I26+J26+K26+L26+M26+N26+O26+P26+Q26 -> 0
A27: 26 | B27: Салій Дмитро Миколайович | R27: 0 | T27: =C27+D27+E27+F27+G27+H27+I27+J27+K27+L27+M27+N27+O27+P27+Q27 -> 0
A28: 27 | B28: Різніченко Олег Олександрович | I28: 11 | J28: 11 | R28: 78 | T28: =C28+D28+E28+F28+G28+H28+I28+J28+K28+L28+M28+N28+O28+P28+Q28 -> 22
A29: 28 | B29: Рогозовець Андрій Вікторович | C29: 11 | F29: 11 | G29: 6 | I29: 11 | J29: 11 | R29: 128 | T29: =C29+D29+E29+F29+G29+H29+I29+J29+K29+L29+M29+N29+O29+P29+Q29 -> 50
A30: 29 | B30: Старков Кирило Юрійович | R30: 0 | T30: =C30+D30+E30+F30+G30+H30+I30+J30+K30+L30+M30+N30+O30+P30+Q30 -> 0
A31: 30 | B31: Зубахін Сергій Александрович | R31: 0 | T31: =C31+D31+E31+F31+G31+H31+I31+J31+K31+L31+M31+N31+O31+P31+Q31 -> 0
A32: 31 | B32: Корнієнко Віталій Олегович | R32: 0 | T32: =C32+D32+E32+F32+G32+H32+I32+J32+K32+L32+M32+N32+O32+P32+Q32 -> 0
A33: 32 | B33: Щербак Петро Іванович | C33: 11 | F33: 11 | I33: 11 | J33: 11 | R33: 92 | T33: =C33+D33+E33+F33+G33+H33+I33+J33+K33+L33+M33+N33+O33+P33+Q33 -> 44
A34: 33 | B34: Онучак Віктор Іванович | C34: 11 | I34: 11 | J34: 11 | R34: 116 | T34: =C34+D34+E34+F34+G34+H34+I34+J34+K34+L34+M34+N34+O34+P34+Q34 -> 33
A35: 34 | B35: Батрак Віктор Володимирович | R35: 0 | T35: =C35+D35+E35+F35+G35+H35+I35+J35+K35+L35+M35+N35+O35+P35+Q35 -> 0
A36: 35 | B36: Бондаренко Іван Олександрович | R36: 0 | T36: =C36+D36+E36+F36+G36+H36+I36+J36+K36+L36+M36+N36+O36+P36+Q36 -> 0
A37: 36 | B37: Підлісний Володимир Сергійович | J37: 11 | R37: 11 | T37: =C37+D37+E37+F37+G37+H37+I37+J37+K37+L37+M37+N37+O37+P37+Q37 -> 11
A38: 37 | B38: Григоренко Ілля Олександрович | R38: 0 | T38: =C38+D38+E38+F38+G38+H38+I38+J38+K38+L38+M38+N38+O38+P38+Q38 -> 0
A39: 38 | B39: Зінченко Дмитро Володимирович | C39: 11 | G39: 6 | I39: 11 | J39: 11 | R39: 117 | T39: =C39+D39+E39+F39+G39+H39+I39+J39+K39+L39+M39+N39+O39+P39+Q39 -> 39
A40: 39 | B40: Гребінник Олексій Васильович | C40: 11 | E40: 11 | G40: 6 | I40: 11 | J40: 11 | R40: 126 | T40: =C40+D40+E40+F40+G40+H40+I40+J40+K40+L40+M40+N40+O40+P40+Q40 -> 50
A41: 40 | B41: Ізюмець Олександр Евгенович | R41: 0 | T41: =C41+D41+E41+F41+G41+H41+I41+J41+K41+L41+M41+N41+O41+P41+Q41 -> 0
A42: 41 | B42: Маркевич Ігор Ігорьович | R42: 83 | T42: =C42+D42+E42+F42+G42+H42+I42+J42+K42+L42+M42+N42+O42+P42+Q42 -> 0
A43: 42 | B43: Раменюк Віталій Сергійович | R43: 0 | T43: =C43+D43+E43+F43+G43+H43+I43+J43+K43+L43+M43+N43+O43+P43+Q43 -> 0
A44: 43 | B44: Самогородський Ігор Віталійович | C44: 11 | E44: 11 | F44: 11 | G44: 6 | I44: 11 | J44: 11 | R44: 92 | T44: =C44+D44+E44+F44+G44+H44+I44+J44+K44+L44+M44+N44+O44+P44+Q44 -> 61
A45: 44 | B45: Іванова Світлана Юріївна | R45: 0 | T45: =C45+D45+E45+F45+G45+H45+I45+J45+K45+L45+M45+N45+O45+P45+Q45 -> 0
A46: 45 | B46: Ісайкіна Тетяна Іванівна | R46: 0 | T46: =C46+D46+E46+F46+G46+H46+I46+J46+K46+L46+M46+N46+O46+P46+Q46 -> 0
A47: 46 | B47: Деркс Сергій Анатолійович | R47: 0 | T47: =C47+D47+E47+F47+G47+H47+I47+J47+K47+L47+M47+N47+O47+P47+Q47 -> 0
A48: 47 | B48: Гусаков Роман Давидович | R48: 0 | T48: =C48+D48+E48+F48+G48+H48+I48+J48+K48+L48+M48+N48+O48+P48+Q48 -> 0
A49: 48 | B49: Гусаков Давид Давидович | R49: 0 | T49: =C49+D49+E49+F49+G49+H49+I49+J49+K49+L49+M49+N49+O49+P49+Q49 -> 0
A50: 49 | B50: Тужиков Артем Денисович | R50: 0 | T50: =C50+D50+E50+F50+G50+H50+I50+J50+K50+L50+M50+N50+O50+P50+Q50 -> 0
A51: 50 | B51: Ластовка Андрій Михайлович | R51: 0 | T51: =C51+D51+E51+F51+G51+H51+I51+J51+K51+L51+M51+N51+O51+P51+Q51 -> 0
A52: 51 | B52: Шомін Вадим Сергійович | F52: 11 | G52: 6 | I52: 11 | J52: 11 | R52: 78 | T52: =C52+D52+E52+F52+G52+H52+I52+J52+K52+L52+M52+N52+O52+P52+Q52 -> 39
A53: 52 | B53: Дзюба Едуард Іванович | F53: 12 | G53: 8 | R53: 73 | T53: =C53+D53+E53+F53+G53+H53+I53+J53+K53+L53+M53+N53+O53+P53+Q53 -> 20
A54: 53 | B54: Туркевич Дмитро Миколайович | R54: 0 | T54: =C54+D54+E54+F54+G54+H54+I54+J54+K54+L54+M54+N54+O54+P54+Q54 -> 0
A55: 54 | B55: Петров Михайло Олександрович | R55: 0 | T55: =C55+D55+E55+F55+G55+H55+I55+J55+K55+L55+M55+N55+O55+P55+Q55 -> 0
A56: 55 | B56: Кобяковский Іван Олександрович | C56: 11 | F56: 11 | G56: 6 | I56: 11 | R56: 128 | T56: =C56+D56+E56+F56+G56+H56+I56+J56+K56+L56+M56+N56+O56+P56+Q56 -> 39
A57: 56 | B57: Авжабаров Олексій Володимирович | C57: 11 | D57: 9 | E57: 11 | F57: 11 | R57: 103 | T57: =C57+D57+E57+F57+G57+H57+I57+J57+K57+L57+M57+N57+O57+P57+Q57 -> 42
A58: 57 | B58: Дубовий Роман Анатолійович | C58: 11 | E58: 11 | F58: 11 | I58: 11 | J58: 11 | R58: 127 | T58: =C58+D58+E58+F58+G58+H58+I58+J58+K58+L58+M58+N58+O58+P58+Q58 -> 55
A59: 58 | B59: Кузнецов Олексій Вікторович | F59: 11 | G59: 6 | I59: 11 | J59: 11 | R59: 61 | T59: =C59+D59+E59+F59+G59+H59+I59+J59+K59+L59+M59+N59+O59+P59+Q59 -> 39
A60: 59 | B60: Чернобров Олександр Миколайович | R60: 0 | T60: =C60+D60+E60+F60+G60+H60+I60+J60+K60+L60+M60+N60+O60+P60+Q60 -> 0
A61: 60 | B61: Ткаченко Сергій Володимирович | R61: 0 | T61: =C61+D61+E61+F61+G61+H61+I61+J61+K61+L61+M61+N61+O61+P61+Q61 -> 0
A62: 61 | B62: Ніколаєнко Олександр Сергійович | E62: 11 | F62: 11 | G62: 9 | I62: 11 | R62: 42 | T62: =C62+D62+E62+F62+G62+H62+I62+J62+K62+L62+M62+N62+O62+P62+Q62 -> 42
A63: 62 | B63: Циба Василь Олександрович | I63: 11 | R63: 11 | T63: =C63+D63+E63+F63+G63+H63+I63+J63+K63+L63+M63+N63+O63+P63+Q63 -> 11
A64: 63 | B64: Осовіцький Ростислав Олександрович | R64: 0 | T64: =C64+D64+E64+F64+G64+H64+I64+J64+K64+L64+M64+N64+O64+P64+Q64 -> 0
R65: 1976

Sheet ВООЗ ЕМС
A1: N | B1: Сотрудник | C1: 16 | D1: 17 | E1: 18 | F1: 19 | G1: 20 | H1: 21 | I1: 22 | J1: 23 | K1: 24 | L1: 25 | M1: 26 | N1: 27 | O1: 28 | P1: 29 | Q1: 30 | R1: Всего часов
A2: 1 | B2: Багацький Вадим Геннадійович | R2: 0 | T2: =C2+D2+E2+F2+G2+H2+I2+J2+K2+L2+M2+N2+O2+P2+Q2 -> 0
A3: 2 | B3: Васильєв Віталій Юрійович | R3: 0 | T3: =C3+D3+E3+F3+G3+H3+I3+J3+K3+L3+M3+N3+O3+P3+Q3 -> 0
A4: 3 | B4: Григоренко Олександр Миколайович | R4: 0 | T4: =C4+D4+E4+F4+G4+H4+I4+J4+K4+L4+M4+N4+O4+P4+Q4 -> 0
A5: 4 | B5: Григорьєв Микола Андрійович | R5: 0 | T5: =C5+D5+E5+F5+G5+H5+I5+J5+K5+L5+M5+N5+O5+P5+Q5 -> 0
A6: 5 | B6: Григор'єв Михайло Андрійович | R6: 0 | T6: =C6+D6+E6+F6+G6+H6+I6+J6+K6+L6+M6+N6+O6+P6+Q6 -> 0
A7: 6 | B7: Іванов Олексій Вікторович | R7: 0 | T7: =C7+D7+E7+F7+G7+H7+I7+J7+K7+L7+M7+N7+O7+P7+Q7 -> 0
A8: 7 | B8: Іскрицький Денис Русланович | R8: 0 | T8: =C8+D8+E8+F8+G8+H8+I8+J8+K8+L8+M8+N8+O8+P8+Q8 -> 0
A9: 8 | B9: Корнієнко Станіслав Володимирович | R9: 0 | T9: =C9+D9+E9+F9+G9+H9+I9+J9+K9+L9+M9+N9+O9+P9+Q9 -> 0
A10: 9 | B10: Масливець Ігор Валерійович | R10: 0 | T10: =C10+D10+E10+F10+G10+H10+I10+J10+K10+L10+M10+N10+O10+P10+Q10 -> 0
A11: 10 | B11: Скрипник Олександр Павлович | R11: 0 | T11: =C11+D11+E11+F11+G11+H11+I11+J11+K11+L11+M11+N11+O11+P11+Q11 -> 0
A12: 11 | B12: Паламарчук Вячеслав Володимирович | R12: 0 | T12: =C12+D12+E12+F12+G12+H12+I12+J12+K12+L12+M12+N12+O12+P12+Q12 -> 0
A13: 12 | B13: Дехтяр Владислав Олександрович | R13: 0 | T13: =C13+D13+E13+F13+G13+H13+I13+J13+K13+L13+M13+N13+O13+P13+Q13 -> 0
... A25: 24 | B25: Маковецький Юрій Миколайович | R25: 0 | T25: =C25+D25+E25+F25+G25+H25+I25+J25+K25+L25+M25+N25+O25+P25+Q25 -> 0
A26: 25 | B26: Міненко Олександр Андрійович | M26: 12 | O26: 24 | Q26: 24 | R26: 60 | T26: =C26+D26+E26+F26+G26+H26+I26+J26+K26+L26+M26+N26+O26+P26+Q26 -> 60
A27: 26 | B27: Салій Дмитро Миколайович | M27: 12 | O27: 24 | Q27: 24 | R27: 60 | T27: =C27+D27+E27+F27+G27+H27+I27+J27+K27+L27+M27+N27+O27+P27+Q27 -> 60
A28: 27 | B28: Різніченко Олег Олександрович | R28: 0 | T28: =C28+D28+E28+F28+G28+H28+I28+J28+K28+L28+M28+N28+O28+P28+Q28 -> 0
A29: 28 | B29: Рогозовець Андрій Вікторович | R29: 0 | T29: =C29+D29+E29+F29+G29+H29+I29+J29+K29+L29+M29+N29+O29+P29+Q29 -> 0
A30: 29 | B30: Старков Кирило Юрійович | R30: 0 | T30: =C30+D30+E30+F30+G30+H30+I30+J30+K30+L30+M30+N30+O30+P30+Q30 -> 0
A31: 30 | B31: Зубахін Сергій Александрович | R31: 0 | T31: =C31+D31+E31+F31+G31+H31+I31+J31+K31+L31+M31+N31+O31+P31+Q31 -> 0
A32: 31 | B32: Корнієнко Віталій Олегович | R32: 120 | T32: =C32+D32+E32+F32+G32+H32+I32+J32+K32+L32+M32+N32+O32+P32+Q32 -> 0
A33: 32 | B33: Щербак Петро Іванович | R33: 120 | T33: =C33+D33+E33+F33+G33+H33+I33+J33+K33+L33+M33+N33+O33+P33+Q33 -> 0
A34: 33 | B34: Онучак Віктор Іванович | R34: 0 | T34: =C34+D34+E34+F34+G34+H34+I34+J34+K34+L34+M34+N34+O34+P34+Q34 -> 0
A35: 34 | B35: Батрак Віктор Володимирович | R35: 0 | T35: =C35+D35+E35+F35+G35+H35+I35+J35+K35+L35+M35+N35+O35+P35+Q35 -> 0
A36: 35 | B36: Бондаренко Іван Олександрович | R36: 0 | T36: =C36+D36+E36+F36+G36+H36+I36+J36+K36+L36+M36+N36+O36+P36+Q36 -> 0
A37: 36 | B37: Підлісний Володимир Сергійович | R37: 0 | T37: =C37+D37+E37+F37+G37+H37+I37+J37+K37+L37+M37+N37+O37+P37+Q37 -> 0
A38: 37 | B38: Григоренко Ілля Олександрович | R38: 0 | T38: =C38+D38+E38+F38+G38+H38+I38+J38+K38+L38+M38+N38+O38+P38+Q38 -> 0
A39: 38 | B39: Зінченко Дмитро Володимирович | R39: 0 | T39: =C39+D39+E39+F39+G39+H39+I39+J39+K39+L39+M39+N39+O39+P39+Q39 -> 0
... A64: 63 | B64: Осовіцький Ростислав Олександрович | R64: 0 | T64: =C64+D64+E64+F64+G64+H64+I64+J64+K64+L64+M64+N64+O64+P64+Q64 -> 0
R65: 360

Sheet ООН 36
A1: N | B1: Сотрудник | C1: 16 | D1: 17 | E1: 18 | F1: 19 | G1: 20 | H1: 21 | I1: 22 | J1: 23 | K1: 24 | L1: 25 | M1: 26 | N1: 27 | O1: 28 | P1: 29 | Q1: 30 | R1: Всего часов
A2: 1 | B2: Багацький Вадим Геннадійович | R2: 0 | T2: =C2+D2+E2+F2+G2+H2+I2+J2+K2+L2+M2+N2+O2+P2+Q2 -> 0
A3: 2 | B3: Васильєв Віталій Юрійович | R3: 0 | T3: =C3+D3+E3+F3+G3+H3+I3+J3+K3+L3+M3+N3+O3+P3+Q3 -> 0
A4: 3 | B4: Григоренко Олександр Миколайович | R4: 0 | T4: =C4+D4+E4+F4+G4+H4+I4+J4+K4+L4+M4+N4+O4+P4+Q4 -> 0
A5: 4 | B5: Григорьєв Микола Андрійович | R5: 0 | T5: =C5+D5+E5+F5+G5+H5+I5+J5+K5+L5+M5+N5+O5+P5+Q5 -> 0
A6: 5 | B6: Григор'єв Михайло Андрійович | R6: 0 | T6: =C6+D6+E6+F6+G6+H6+I6+J6+K6+L6+M6+N6+O6+P6+Q6 -> 0
A7: 6 | B7: Іванов Олексій Вікторович | R7: 0 | T7: =C7+D7+E7+F7+G7+H7+I7+J7+K7+L7+M7+N7+O7+P7+Q7 -> 0
A8: 7 | B8: Іскрицький Денис Русланович | R8: 0 | T8: =C8+D8+E8+F8+G8+H8+I8+J8+K8+L8+M8+N8+O8+P8+Q8 -> 0
A9: 8 | B9: Корнієнко Станіслав Володимирович | R9: 0 | T9: =C9+D9+E9+F9+G9+H9+I9+J9+K9+L9+M9+N9+O9+P9+Q9 -> 0
A10: 9 | B10: Масливець Ігор Валерійович | R10: 0 | T10: =C10+D10+E10+F10+G10+H10+I10+J10+K10+L10+M10+N10+O10+P10+Q10 -> 0
A11: 10 | B11: Скрипник Олександр Павлович | R11: 0 | T11: =C11+D11+E11+F11+G11+H11+I11+J11+K11+L11+M11+N11+O11+P11+Q11 -> 0
A12: 11 | B12: Паламарчук Вячеслав Володимирович | R12: 0 | T12: =C12+D12+E12+F12+G12+H12+I12+J12+K12+L12+M12+N12+O12+P12+Q12 -> 0
A13: 12 | B13: Дехтяр Владислав Олександрович | R13: 0 | T13: =C13+D13+E13+F13+G13+H13+I13+J13+K13+L13+M13+N13+O13+P13+Q13 -> 0
... A19: 18 | B19: Серебренніков Володимир Олександрович | R19: 0 | T19: =C19+D19+E19+F19+G19+H19+I19+J19+K19+L19+M19+N19+O19+P19+Q19 -> 0
A20: 19 | B20: Чешко Сергій Анатолійович | D20: 24 | R20: 24 | T20: =C20+D20+E20+F20+G20+H20+I20+J20+K20+L20+M20+N20+O20+P20+Q20 -> 24
A21: 20 | B21: Нерезенко Євгеній Віктоорович | R21: 0 | T21: =C21+D21+E21+F21+G21+H21+I21+J21+K21+L21+M21+N21+O21+P21+Q21 -> 0
A22: 21 | B22: Шавкун Максим Анатолійович | D22: 24 | R22: 24 | T22: =C22+D22+E22+F22+G22+H22+I22+J22+K22+L22+M22+N22+O22+P22+Q22 -> 24
A23: 22 | B23: Чуйко Олег Олегович | R23: 0 | T23: =C23+D23+E23+F23+G23+H23+I23+J23+K23+L23+M23+N23+O23+P23+Q23 -> 0
A24: 23 | B24: Салюк Дмитро Андрійович | R24: 0 | T24: =C24+D24+E24+F24+G24+H24+I24+J24+K24+L24+M24+N24+O24+P24+Q24 -> 0
A25: 24 | B25: Маковецький Юрій Миколайович | R25: 0 | T25: =C25+D25+E25+F25+G25+H25+I25+J25+K25+L25+M25+N25+O25+P25+Q25 -> 0
A26: 25 | B26: Міненко Олександр Андрійович | R26: 0 | T26: =C26+D26+E26+F26+G26+H26+I26+J26+K26+L26+M26+N26+O26+P26+Q26 -> 0
A27: 26 | B27: Салій Дмитро Миколайович | R27: 0 | T27: =C27+D27+E27+F27+G27+H27+I27+J27+K27+L27+M27+N27+O27+P27+Q27 -> 0
A28: 27 | B28: Різніченко Олег Олександрович | R28: 0 | T28: =C28+D28+E28+F28+G28+H28+I28+J28+K28+L28+M28+N28+O28+P28+Q28 -> 0
A29: 28 | B29: Рогозовець Андрій Вікторович | R29: 0 | T29: =C29+D29+E29+F29+G29+H29+I29+J29+K29+L29+M29+N29+O29+P29+Q29 -> 0
A30: 29 | B30: Старков Кирило Юрійович | R30: 0 | T30: =C30+D30+E30+F30+G30+H30+I30+J30+K30+L30+M30+N30+O30+P30+Q30 -> 0
A31: 30 | B31: Зубахін Сергій Александрович | R31: 0 | T31: =C31+D31+E31+F31+G31+H31+I31+J31+K31+L31+M31+N31+O31+P31+Q31 -> 0
A32: 31 | B32: Корнієнко Віталій Олегович | R32: 0 | T32: =C32+D32+E32+F32+G32+H32+I32+J32+K32+L32+M32+N32+O32+P32+Q32 -> 0
A33: 32 | B33: Щербак Петро Іванович | R33: 0 | T33: =C33+D33+E33+F33+G33+H33+I33+J33+K33+L33+M33+N33+O33+P33+Q33 -> 0
A34: 33 | B34: Онучак Віктор Іванович | R34: 0 | T34: =C34+D34+E34+F34+G34+H34+I34+J34+K34+L34+M34+N34+O34+P34+Q34 -> 0
... A59: 58 | B59: Кузнецов Олексій Вікторович | R59: 0 | T59: =C59+D59+E59+F59+G59+H59+I59+J59+K59+L59+M59+N59+O59+P59+Q59 -> 0
A60: 59 | B60: Чернобров Олександр Миколайович | D60: 24 | R60: 24 | T60: =C60+D60+E60+F60+G60+H60+I60+J60+K60+L60+M60+N60+O60+P60+Q60 -> 24
A61: 60 | B61: Ткаченко Сергій Володимирович | D61: 24 | R61: 24 | T61: =C61+D61+E61+F61+G61+H61+I61+J61+K61+L61+M61+N61+O61+P61+Q61 -> 24
A62: 61 | B62: Ніколаєнко Олександр Сергійович | R62: 0 | T62: =C62+D62+E62+F62+G62+H62+I62+J62+K62+L62+M62+N62+O62+P62+Q62 -> 0
A63: 62 | B63: Циба Василь Олександрович | R63: 0 | T63: =C63+D63+E63+F63+G63+H63+I63+J63+K63+L63+M63+N63+O63+P63+Q63 -> 0
A64: 63 | B64: Осовіцький Ростислав Олександрович | R64: 0 | T64: =C64+D64+E64+F64+G64+H64+I64+J64+K64+L64+M64+N64+O64+P64+Q64 -> 0
R65: 96

Sheet ООН 37
A1: N | B1: Сотрудник | C1: 16 | D1: 17 | E1: 18 | F1: 19 | G1: 20 | H1: 21 | I1: 22 | J1: 23 | K1: 24 | L1: 25 | M1: 26 | N1: 27 | O1: 28 | P1: 29 | Q1: 30 | R1: Всего часов
A2: 1 | B2: Багацький Вадим Геннадійович | R2: 0 | T2: =C2+D2+E2+F2+G2+H2+I2+J2+K2+L2+M2+N2+O2+P2+Q2 -> 0
A3: 2 | B3: Васильєв Віталій Юрійович | R3: 0 | T3: =C3+D3+E3+F3+G3+H3+I3+J3+K3+L3+M3+N3+O3+P3+Q3 -> 0
A4: 3 | B4: Григоренко Олександр Миколайович | R4: 0 | T4: =C4+D4+E4+F4+G4+H4+I4+J4+K4+L4+M4+N4+O4+P4+Q4 -> 0
A5: 4 | B5: Григорьєв Микола Андрійович | R5: 0 | T5: =C5+D5+E5+F5+G5+H5+I5+J5+K5+L5+M5+N5+O5+P5+Q5 -> 0
A6: 5 | B6: Григор'єв Михайло Андрійович | R6: 0 | T6: =C6+D6+E6+F6+G6+H6+I6+J6+K6+L6+M6+N6+O6+P6+Q6 -> 0
A7: 6 | B7: Іванов Олексій Вікторович | R7: 0 | T7: =C7+D7+E7+F7+G7+H7+I7+J7+K7+L7+M7+N7+O7+P7+Q7 -> 0
A8: 7 | B8: Іскрицький Денис Русланович | R8: 0 | T8: =C8+D8+E8+F8+G8+H8+I8+J8+K8+L8+M8+N8+O8+P8+Q8 -> 0
A9: 8 | B9: Корнієнко Станіслав Володимирович | R9: 0 | T9: =C9+D9+E9+F9+G9+H9+I9+J9+K9+L9+M9+N9+O9+P9+Q9 -> 0
A10: 9 | B10: Масливець Ігор Валерійович | R10: 0 | T10: =C10+D10+E10+F10+G10+H10+I10+J10+K10+L10+M10+N10+O10+P10+Q10 -> 0
A11: 10 | B11: Скрипник Олександр Павлович | R11: 0 | T11: =C11+D11+E11+F11+G11+H11+I11+J11+K11+L11+M11+N11+O11+P11+Q11 -> 0
A12: 11 | B12: Паламарчук Вячеслав Володимирович | R12: 0 | T12: =C12+D12+E12+F12+G12+H12+I12+J12+K12+L12+M12+N12+O12+P12+Q12 -> 0
A13: 12 | B13: Дехтяр Владислав Олександрович | R13: 0 | T13: =C13+D13+E13+F13+G13+H13+I13+J13+K13+L13+M13+N13+O13+P13+Q13 -> 0
... A19: 18 | B19: Серебренніков Володимир Олександрович | R19: 0 | T19: =C19+D19+E19+F19+G19+H19+I19+J19+K19+L19+M19+N19+O19+P19+Q19 -> 0
A20: 19 | B20: Чешко Сергій Анатолійович | E20: 24 | R20: 24 | T20: =C20+D20+E20+F20+G20+H20+I20+J20+K20+L20+M20+N20+O20+P20+Q20 -> 24
A21: 20 | B21: Нерезенко Євгеній Віктоорович | R21: 0 | T21: =C21+D21+E21+F21+G21+H21+I21+J21+K21+L21+M21+N21+O21+P21+Q21 -> 0
A22: 21 | B22: Шавкун Максим Анатолійович | E22: 24 | R22: 24 | T22: =C22+D22+E22+F22+G22+H22+I22+J22+K22+L22+M22+N22+O22+P22+Q22 -> 24
A23: 22 | B23: Чуйко Олег Олегович | R23: 0 | T23: =C23+D23+E23+F23+G23+H23+I23+J23+K23+L23+M23+N23+O23+P23+Q23 -> 0
A24: 23 | B24: Салюк Дмитро Андрійович | R24: 0 | T24: =C24+D24+E24+F24+G24+H24+I24+J24+K24+L24+M24+N24+O24+P24+Q24 -> 0
A25: 24 | B25: Маковецький Юрій Миколайович | R25: 0 | T25: =C25+D25+E25+F25+G25+H25+I25+J25+K25+L25+M25+N25+O25+P25+Q25 -> 0
A26: 25 | B26: Міненко Олександр Андрійович | R26: 0 | T26: =C26+D26+E26+F26+G26+H26+I26+J26+K26+L26+M26+N26+O26+P26+Q26 -> 0
A27: 26 | B27: Салій Дмитро Миколайович | R27: 0 | T27: =C27+D27+E27+F27+G27+H27+I27+J27+K27+L27+M27+N27+O27+P27+Q27 -> 0
A28: 27 | B28: Різніченко Олег Олександрович | R28: 0 | T28: =C28+D28+E28+F28+G28+H28+I28+J28+K28+L28+M28+N28+O28+P28+Q28 -> 0
A29: 28 | B29: Рогозовець Андрій Вікторович | R29: 0 | T29: =C29+D29+E29+F29+G29+H29+I29+J29+K29+L29+M29+N29+O29+P29+Q29 -> 0
A30: 29 | B30: Старков Кирило Юрійович | R30: 0 | T30: =C30+D30+E30+F30+G30+H30+I30+J30+K30+L30+M30+N30+O30+P30+Q30 -> 0
A31: 30 | B31: Зубахін Сергій Александрович | R31: 0 | T31: =C31+D31+E31+F31+G31+H31+I31+J31+K31+L31+M31+N31+O31+P31+Q31 -> 0
A32: 31 | B32: Корнієнко Віталій Олегович | R32: 0 | T32: =C32+D32+E32+F32+G32+H32+I32+J32+K32+L32+M32+N32+O32+P32+Q32 -> 0
A33: 32 | B33: Щербак Петро Іванович | R33: 0 | T33: =C33+D33+E33+F33+G33+H33+I33+J33+K33+L33+M33+N33+O33+P33+Q33 -> 0
A34: 33 | B34: Онучак Віктор Іванович | R34: 0 | T34: =C34+D34+E34+F34+G34+H34+I34+J34+K34+L34+M34+N34+O34+P34+Q34 -> 0
... A59: 58 | B59: Кузнецов Олексій Вікторович | R59: 0 | T59: =C59+D59+E59+F59+G59+H59+I59+J59+K59+L59+M59+N59+O59+P59+Q59 -> 0
A60: 59 | B60: Чернобров Олександр Миколайович | E60: 24 | R60: 24 | T60: =C60+D60+E60+F60+G60+H60+I60+J60+K60+L60+M60+N60+O60+P60+Q60 -> 24
A61: 60 | B61: Ткаченко Сергій Володимирович | E61: 24 | R61: 24 | T61: =C61+D61+E61+F61+G61+H61+I61+J61+K61+L61+M61+N61+O61+P61+Q61 -> 24
A62: 61 | B62: Ніколаєнко Олександр Сергійович | R62: 0 | T62: =C62+D62+E62+F62+G62+H62+I62+J62+K62+L62+M62+N62+O62+P62+Q62 -> 0
A63: 62 | B63: Циба Василь Олександрович | R63: 0 | T63: =C63+D63+E63+F63+G63+H63+I63+J63+K63+L63+M63+N63+O63+P63+Q63 -> 0
A64: 63 | B64: Осовіцький Ростислав Олександрович | R64: 0 | T64: =C64+D64+E64+F64+G64+H64+I64+J64+K64+L64+M64+N64+O64+P64+Q64 -> 0
R65: 96

Sheet ООН 38
A1: N | B1: Сотрудник | C1: 16 | D1: 17 | E1: 18 | F1: 19 | G1: 20 | H1: 21 | I1: 22 | J1: 23 | K1: 24 | L1: 25 | M1: 26 | N1: 27 | O1: 28 | P1: 29 | Q1: 30 | R1: Всего часов
A2: 1 | B2: Багацький Вадим Геннадійович | R2: 0 | T2: =C2+D2+E2+F2+G2+H2+I2+J2+K2+L2+M2+N2+O2+P2+Q2 -> 0
A3: 2 | B3: Васильєв Віталій Юрійович | R3: 0 | T3: =C3+D3+E3+F3+G3+H3+I3+J3+K3+L3+M3+N3+O3+P3+Q3 -> 0
A4: 3 | B4: Григоренко Олександр Миколайович | R4: 0 | T4: =C4+D4+E4+F4+G4+H4+I4+J4+K4+L4+M4+N4+O4+P4+Q4 -> 0
A5: 4 | B5: Григорьєв Микола Андрійович | R5: 0 | T5: =C5+D5+E5+F5+G5+H5+I5+J5+K5+L5+M5+N5+O5+P5+Q5 -> 0
A6: 5 | B6: Григор'єв Михайло Андрійович | R6: 0 | T6: =C6+D6+E6+F6+G6+H6+I6+J6+K6+L6+M6+N6+O6+P6+Q6 -> 0
A7: 6 | B7: Іванов Олексій Вікторович | R7: 0 | T7: =C7+D7+E7+F7+G7+H7+I7+J7+K7+L7+M7+N7+O7+P7+Q7 -> 0
A8: 7 | B8: Іскрицький Денис Русланович | R8: 0 | T8: =C8+D8+E8+F8+G8+H8+I8+J8+K8+L8+M8+N8+O8+P8+Q8 -> 0
A9: 8 | B9: Корнієнко Станіслав Володимирович | R9: 0 | T9: =C9+D9+E9+F9+G9+H9+I9+J9+K9+L9+M9+N9+O9+P9+Q9 -> 0
A10: 9 | B10: Масливець Ігор Валерійович | R10: 0 | T10: =C10+D10+E10+F10+G10+H10+I10+J10+K10+L10+M10+N10+O10+P10+Q10 -> 0
A11: 10 | B11: Скрипник Олександр Павлович | R11: 0 | T11: =C11+D11+E11+F11+G11+H11+I11+J11+K11+L11+M11+N11+O11+P11+Q11 -> 0
A12: 11 | B12: Паламарчук Вячеслав Володимирович | R12: 0 | T12: =C12+D12+E12+F12+G12+H12+I12+J12+K12+L12+M12+N12+O12+P12+Q12 -> 0
A13: 12 | B13: Дехтяр Владислав Олександрович | R13: 0 | T13: =C13+D13+E13+F13+G13+H13+I13+J13+K13+L13+M13+N13+O13+P13+Q13 -> 0
... A19: 18 | B19: Серебренніков Володимир Олександрович | R19: 0 | T19: =C19+D19+E19+F19+G19+H19+I19+J19+K19+L19+M19+N19+O19+P19+Q19 -> 0
A20: 19 | B20: Чешко Сергій Анатолійович | J20: 24 | R20: 24 | T20: =C20+D20+E20+F20+G20+H20+I20+J20+K20+L20+M20+N20+O20+P20+Q20 -> 24
A21: 20 | B21: Нерезенко Євгеній Віктоорович | R21: 0 | T21: =C21+D21+E21+F21+G21+H21+I21+J21+K21+L21+M21+N21+O21+P21+Q21 -> 0
A22: 21 | B22: Шавкун Максим Анатолійович | J22: 24 | R22: 24 | T22: =C22+D22+E22+F22+G22+H22+I22+J22+K22+L22+M22+N22+O22+P22+Q22 -> 24
A23: 22 | B23: Чуйко Олег Олегович | R23: 0 | T23: =C23+D23+E23+F23+G23+H23+I23+J23+K23+L23+M23+N23+O23+P23+Q23 -> 0
A24: 23 | B24: Салюк Дмитро Андрійович | R24: 0 | T24: =C24+D24+E24+F24+G24+H24+I24+J24+K24+L24+M24+N24+O24+P24+Q24 -> 0
A25: 24 | B25: Маковецький Юрій Миколайович | R25: 0 | T25: =C25+D25+E25+F25+G25+H25+I25+J25+K25+L25+M25+N25+O25+P25+Q25 -> 0
A26: 25 | B26: Міненко Олександр Андрійович | R26: 0 | T26: =C26+D26+E26+F26+G26+H26+I26+J26+K26+L26+M26+N26+O26+P26+Q26 -> 0
A27: 26 | B27: Салій Дмитро Миколайович | R27: 0 | T27: =C27+D27+E27+F27+G27+H27+I27+J27+K27+L27+M27+N27+O27+P27+Q27 -> 0
A28: 27 | B28: Різніченко Олег Олександрович | R28: 0 | T28: =C28+D28+E28+F28+G28+H28+I28+J28+K28+L28+M28+N28+O28+P28+Q28 -> 0
A29: 28 | B29: Рогозовець Андрій Вікторович | R29: 0 | T29: =C29+D29+E29+F29+G29+H29+I29+J29+K29+L29+M29+N29+O29+P29+Q29 -> 0
A30: 29 | B30: Старков Кирило Юрійович | R30: 0 | T30: =C30+D30+E30+F30+G30+H30+I30+J30+K30+L30+M30+N30+O30+P30+Q30 -> 0
A31: 30 | B31: Зубахін Сергій Александрович | R31: 0 | T31: =C31+D31+E31+F31+G31+H31+I31+J31+K31+L31+M31+N31+O31+P31+Q31 -> 0
A32: 31 | B32: Корнієнко Віталій Олегович | R32: 0 | T32: =C32+D32+E32+F32+G32+H32+I32+J32+K32+L32+M32+N32+O32+P32+Q32 -> 0
A33: 32 | B33: Щербак Петро Іванович | R33: 0 | T33: =C33+D33+E33+F33+G33+H33+I33+J33+K33+L33+M33+N33+O33+P33+Q33 -> 0
A34: 33 | B34: Онучак Віктор Іванович | R34: 0 | T34: =C34+D34+E34+F34+G34+H34+I34+J34+K34+L34+M34+N34+O34+P34+Q34 -> 0
... A59: 58 | B59: Кузнецов Олексій Вікторович | R59: 0 | T59: =C59+D59+E59+F59+G59+H59+I59+J59+K59+L59+M59+N59+O59+P59+Q59 -> 0
A60: 59 | B60: Чернобров Олександр Миколайович | J60: 24 | R60: 24 | T60: =C60+D60+E60+F60+G60+H60+I60+J60+K60+L60+M60+N60+O60+P60+Q60 -> 24
A61: 60 | B61: Ткаченко Сергій Володимирович | J61: 24 | R61: 24 | T61: =C61+D61+E61+F61+G61+H61+I61+J61+K61+L61+M61+N61+O61+P61+Q61 -> 24
A62: 61 | B62: Ніколаєнко Олександр Сергійович | R62: 0 | T62: =C62+D62+E62+F62+G62+H62+I62+J62+K62+L62+M62+N62+O62+P62+Q62 -> 0
A63: 62 | B63: Циба Василь Олександрович | R63: 0 | T63: =C63+D63+E63+F63+G63+H63+I63+J63+K63+L63+M63+N63+O63+P63+Q63 -> 0
A64: 63 | B64: Осовіцький Ростислав Олександрович | R64: 0 | T64: =C64+D64+E64+F64+G64+H64+I64+J64+K64+L64+M64+N64+O64+P64+Q64 -> 0
R65: 96

Sheet ООН39
A1: N | B1: Сотрудник | C1: 16 | D1: 17 | E1: 18 | F1: 19 | G1: 20 | H1: 21 | I1: 22 | J1: 23 | K1: 24 | L1: 25 | M1: 26 | N1: 27 | O1: 28 | P1: 29 | Q1: 30 | R1: Всего часов
A2: 1 | B2: Багацький Вадим Геннадійович | R2: 0 | T2: =C2+D2+E2+F2+G2+H2+I2+J2+K2+L2+M2+N2+O2+P2+Q2 -> 0
A3: 2 | B3: Васильєв Віталій Юрійович | R3: 0 | T3: =C3+D3+E3+F3+G3+H3+I3+J3+K3+L3+M3+N3+O3+P3+Q3 -> 0
A4: 3 | B4: Григоренко Олександр Миколайович | R4: 0 | T4: =C4+D4+E4+F4+G4+H4+I4+J4+K4+L4+M4+N4+O4+P4+Q4 -> 0
A5: 4 | B5: Григорьєв Микола Андрійович | R5: 0 | T5: =C5+D5+E5+F5+G5+H5+I5+J5+K5+L5+M5+N5+O5+P5+Q5 -> 0
A6: 5 | B6: Григор'єв Михайло Андрійович | R6: 0 | T6: =C6+D6+E6+F6+G6+H6+I6+J6+K6+L6+M6+N6+O6+P6+Q6 -> 0
A7: 6 | B7: Іванов Олексій Вікторович | R7: 0 | T7: =C7+D7+E7+F7+G7+H7+I7+J7+K7+L7+M7+N7+O7+P7+Q7 -> 0
A8: 7 | B8: Іскрицький Денис Русланович | R8: 0 | T8: =C8+D8+E8+F8+G8+H8+I8+J8+K8+L8+M8+N8+O8+P8+Q8 -> 0
A9: 8 | B9: Корнієнко Станіслав Володимирович | R9: 0 | T9: =C9+D9+E9+F9+G9+H9+I9+J9+K9+L9+M9+N9+O9+P9+Q9 -> 0
A10: 9 | B10: Масливець Ігор Валерійович | R10: 0 | T10: =C10+D10+E10+F10+G10+H10+I10+J10+K10+L10+M10+N10+O10+P10+Q10 -> 0
A11: 10 | B11: Скрипник Олександр Павлович | R11: 0 | T11: =C11+D11+E11+F11+G11+H11+I11+J11+K11+L11+M11+N11+O11+P11+Q11 -> 0
A12: 11 | B12: Паламарчук Вячеслав Володимирович | R12: 0 | T12: =C12+D12+E12+F12+G12+H12+I12+J12+K12+L12+M12+N12+O12+P12+Q12 -> 0
A13: 12 | B13: Дехтяр Владислав Олександрович | R13: 0 | T13: =C13+D13+E13+F13+G13+H13+I13+J13+K13+L13+M13+N13+O13+P13+Q13 -> 0
... A19: 18 | B19: Серебренніков Володимир Олександрович | R19: 0 | T19: =C19+D19+E19+F19+G19+H19+I19+J19+K19+L19+M19+N19+O19+P19+Q19 -> 0
A20: 19 | B20: Чешко Сергій Анатолійович | M20: 24 | R20: 24 | T20: =C20+D20+E20+F20+G20+H20+I20+J20+K20+L20+M20+N20+O20+P20+Q20 -> 24
A21: 20 | B21: Нерезенко Євгеній Віктоорович | R21: 0 | T21: =C21+D21+E21+F21+G21+H21+I21+J21+K21+L21+M21+N21+O21+P21+Q21 -> 0
A22: 21 | B22: Шавкун Максим Анатолійович | M22: 24 | R22: 24 | T22: =C22+D22+E22+F22+G22+H22+I22+J22+K22+L22+M22+N22+O22+P22+Q22 -> 24
A23: 22 | B23: Чуйко Олег Олегович | R23: 0 | T23: =C23+D23+E23+F23+G23+H23+I23+J23+K23+L23+M23+N23+O23+P23+Q23 -> 0
A24: 23 | B24: Салюк Дмитро Андрійович | R24: 0 | T24: =C24+D24+E24+F24+G24+H24+I24+J24+K24+L24+M24+N24+O24+P24+Q24 -> 0
A25: 24 | B25: Маковецький Юрій Миколайович | R25: 0 | T25: =C25+D25+E25+F25+G25+H25+I25+J25+K25+L25+M25+N25+O25+P25+Q25 -> 0
A26: 25 | B26: Міненко Олександр Андрійович | R26: 0 | T26: =C26+D26+E26+F26+G26+H26+I26+J26+K26+L26+M26+N26+O26+P26+Q26 -> 0
A27: 26 | B27: Салій Дмитро Миколайович | R27: 0 | T27: =C27+D27+E27+F27+G27+H27+I27+J27+K27+L27+M27+N27+O27+P27+Q27 -> 0
A28: 27 | B28: Різніченко Олег Олександрович | R28: 0 | T28: =C28+D28+E28+F28+G28+H28+I28+J28+K28+L28+M28+N28+O28+P28+Q28 -> 0
A29: 28 | B29: Рогозовець Андрій Вікторович | R29: 0 | T29: =C29+D29+E29+F29+G29+H29+I29+J29+K29+L29+M29+N29+O29+P29+Q29 -> 0
A30: 29 | B30: Старков Кирило Юрійович | R30: 0 | T30: =C30+D30+E30+F30+G30+H30+I30+J30+K30+L30+M30+N30+O30+P30+Q30 -> 0
A31: 30 | B31: Зубахін Сергій Александрович | R31: 0 | T31: =C31+D31+E31+F31+G31+H31+I31+J31+K31+L31+M31+N31+O31+P31+Q31 -> 0
A32: 31 | B32: Корнієнко Віталій Олегович | R32: 0 | T32: =C32+D32+E32+F32+G32+H32+I32+J32+K32+L32+M32+N32+O32+P32+Q32 -> 0
A33: 32 | B33: Щербак Петро Іванович | R33: 0 | T33: =C33+D33+E33+F33+G33+H33+I33+J33+K33+L33+M33+N33+O33+P33+Q33 -> 0
A34: 33 | B34: Онучак Віктор Іванович | R34: 0 | T34: =C34+D34+E34+F34+G34+H34+I34+J34+K34+L34+M34+N34+O34+P34+Q34 -> 0
... A59: 58 | B59: Кузнецов Олексій Вікторович | R59: 0 | T59: =C59+D59+E59+F59+G59+H59+I59+J59+K59+L59+M59+N59+O59+P59+Q59 -> 0
A60: 59 | B60: Чернобров Олександр Миколайович | M60: 24 | R60: 24 | T60: =C60+D60+E60+F60+G60+H60+I60+J60+K60+L60+M60+N60+O60+P60+Q60 -> 24
A61: 60 | B61: Ткаченко Сергій Володимирович | M61: 24 | R61: 24 | T61: =C61+D61+E61+F61+G61+H61+I61+J61+K61+L61+M61+N61+O61+P61+Q61 -> 24
A62: 61 | B62: Ніколаєнко Олександр Сергійович | R62: 0 | T62: =C62+D62+E62+F62+G62+H62+I62+J62+K62+L62+M62+N62+O62+P62+Q62 -> 0
A63: 62 | B63: Циба Василь Олександрович | R63: 0 | T63: =C63+D63+E63+F63+G63+H63+I63+J63+K63+L63+M63+N63+O63+P63+Q63 -> 0
A64: 63 | B64: Осовіцький Ростислав Олександрович | R64: 0 | T64: =C64+D64+E64+F64+G64+H64+I64+J64+K64+L64+M64+N64+O64+P64+Q64 -> 0
R65: 96

Sheet ООН 40
A1: N | B1: Сотрудник | C1: 16 | D1: 17 | E1: 18 | F1: 19 | G1: 20 | H1: 21 | I1: 22 | J1: 23 | K1: 24 | L1: 25 | M1: 26 | N1: 27 | O1: 28 | P1: 29 | Q1: 30 | R1: Всего часов
A2: 1 | B2: Багацький Вадим Геннадійович | R2: 0 | T2: =C2+D2+E2+F2+G2+H2+I2+J2+K2+L2+M2+N2+O2+P2+Q2 -> 0
A3: 2 | B3: Васильєв Віталій Юрійович | R3: 0 | T3: =C3+D3+E3+F3+G3+H3+I3+J3+K3+L3+M3+N3+O3+P3+Q3 -> 0
A4: 3 | B4: Григоренко Олександр Миколайович | R4: 0 | T4: =C4+D4+E4+F4+G4+H4+I4+J4+K4+L4+M4+N4+O4+P4+Q4 -> 0
A5: 4 | B5: Григорьєв Микола Андрійович | R5: 0 | T5: =C5+D5+E5+F5+G5+H5+I5+J5+K5+L5+M5+N5+O5+P5+Q5 -> 0
A6: 5 | B6: Григор'єв Михайло Андрійович | R6: 0 | T6: =C6+D6+E6+F6+G6+H6+I6+J6+K6+L6+M6+N6+O6+P6+Q6 -> 0
A7: 6 | B7: Іванов Олексій Вікторович | R7: 0 | T7: =C7+D7+E7+F7+G7+H7+I7+J7+K7+L7+M7+N7+O7+P7+Q7 -> 0
A8: 7 | B8: Іскрицький Денис Русланович | R8: 0 | T8: =C8+D8+E8+F8+G8+H8+I8+J8+K8+L8+M8+N8+O8+P8+Q8 -> 0
A9: 8 | B9: Корнієнко Станіслав Володимирович | R9: 0 | T9: =C9+D9+E9+F9+G9+H9+I9+J9+K9+L9+M9+N9+O9+P9+Q9 -> 0
A10: 9 | B10: Масливець Ігор Валерійович | R10: 0 | T10: =C10+D10+E10+F10+G10+H10+I10+J10+K10+L10+M10+N10+O10+P10+Q10 -> 0
A11: 10 | B11: Скрипник Олександр Павлович | R11: 0 | T11: =C11+D11+E11+F11+G11+H11+I11+J11+K11+L11+M11+N11+O11+P11+Q11 -> 0
A12: 11 | B12: Паламарчук Вячеслав Володимирович | R12: 0 | T12: =C12+D12+E12+F12+G12+H12+I12+J12+K12+L12+M12+N12+O12+P12+Q12 -> 0
A13: 12 | B13: Дехтяр Владислав Олександрович | R13: 0 | T13: =C13+D13+E13+F13+G13+H13+I13+J13+K13+L13+M13+N13+O13+P13+Q13 -> 0
... A19: 18 | B19: Серебренніков Володимир Олександрович | R19: 0 | T19: =C19+D19+E19+F19+G19+H19+I19+J19+K19+L19+M19+N19+O19+P19+Q19 -> 0
A20: 19 | B20: Чешко Сергій Анатолійович | F20: 24 | I20: 24 | R20: 48 | T20: =C20+D20+E20+F20+G20+H20+I20+J20+K20+L20+M20+N20+O20+P20+Q20 -> 48
A21: 20 | B21: Нерезенко Євгеній Віктоорович | R21: 0 | T21: =C21+D21+E21+F21+G21+H21+I21+J21+K21+L21+M21+N21+O21+P21+Q21 -> 0
A22: 21 | B22: Шавкун Максим Анатолійович | F22: 24 | I22: 24 | R22: 48 | T22: =C22+D22+E22+F22+G22+H22+I22+J22+K22+L22+M22+N22+O22+P22+Q22 -> 48
A23: 22 | B23: Чуйко Олег Олегович | R23: 0 | T23: =C23+D23+E23+F23+G23+H23+I23+J23+K23+L23+M23+N23+O23+P23+Q23 -> 0
A24: 23 | B24: Салюк Дмитро Андрійович | R24: 0 | T24: =C24+D24+E24+F24+G24+H24+I24+J24+K24+L24+M24+N24+O24+P24+Q24 -> 0
A25: 24 | B25: Маковецький Юрій Миколайович | R25: 0 | T25: =C25+D25+E25+F25+G25+H25+I25+J25+K25+L25+M25+N25+O25+P25+Q25 -> 0
A26: 25 | B26: Міненко Олександр Андрійович | R26: 0 | T26: =C26+D26+E26+F26+G26+H26+I26+J26+K26+L26+M26+N26+O26+P26+Q26 -> 0
A27: 26 | B27: Салій Дмитро Миколайович | R27: 0 | T27: =C27+D27+E27+F27+G27+H27+I27+J27+K27+L27+M27+N27+O27+P27+Q27 -> 0
A28: 27 | B28: Різніченко Олег Олександрович | R28: 0 | T28: =C28+D28+E28+F28+G28+H28+I28+J28+K28+L28+M28+N28+O28+P28+Q28 -> 0
A29: 28 | B29: Рогозовець Андрій Вікторович | R29: 0 | T29: =C29+D29+E29+F29+G29+H29+I29+J29+K29+L29+M29+N29+O29+P29+Q29 -> 0
A30: 29 | B30: Старков Кирило Юрійович | R30: 0 | T30: =C30+D30+E30+F30+G30+H30+I30+J30+K30+L30+M30+N30+O30+P30+Q30 -> 0
A31: 30 | B31: Зубахін Сергій Александрович | R31: 0 | T31: =C31+D31+E31+F31+G31+H31+I31+J31+K31+L31+M31+N31+O31+P31+Q31 -> 0
A32: 31 | B32: Корнієнко Віталій Олегович | R32: 0 | T32: =C32+D32+E32+F32+G32+H32+I32+J32+K32+L32+M32+N32+O32+P32+Q32 -> 0
A33: 32 | B33: Щербак Петро Іванович | R33: 0 | T33: =C33+D33+E33+F33+G33+H33+I33+J33+K33+L33+M33+N33+O33+P33+Q33 -> 0
A34: 33 | B34: Онучак Віктор Іванович | R34: 0 | T34: =C34+D34+E34+F34+G34+H34+I34+J34+K34+L34+M34+N34+O34+P34+Q34 -> 0
... A59: 58 | B59: Кузнецов Олексій Вікторович | R59: 0 | T59: =C59+D59+E59+F59+G59+H59+I59+J59+K59+L59+M59+N59+O59+P59+Q59 -> 0
A60: 59 | B60: Чернобров Олександр Миколайович | F60: 24 | I60: 24 | R60: 48 | T60: =C60+D60+E60+F60+G60+H60+I60+J60+K60+L60+M60+N60+O60+P60+Q60 -> 48
A61: 60 | B61: Ткаченко Сергій Володимирович | F61: 24 | I61: 24 | R61: 48 | T61: =C61+D61+E61+F61+G61+H61+I61+J61+K61+L61+M61+N61+O61+P61+Q61 -> 48
A62: 61 | B62: Ніколаєнко Олександр Сергійович | R62: 0 | T62: =C62+D62+E62+F62+G62+H62+I62+J62+K62+L62+M62+N62+O62+P62+Q62 -> 0
A63: 62 | B63: Циба Василь Олександрович | R63: 0 | T63: =C63+D63+E63+F63+G63+H63+I63+J63+K63+L63+M63+N63+O63+P63+Q63 -> 0
A64: 63 | B64: Осовіцький Ростислав Олександрович | R64: 0 | T64: =C64+D64+E64+F64+G64+H64+I64+J64+K64+L64+M64+N64+O64+P64+Q64 -> 0
R65: 192

Sheet ООН №43
A1: N | B1: Сотрудник | C1: 16 | D1: 17 | E1: 18 | F1: 19 | G1: 20 | H1: 21 | I1: 22 | J1: 23 | K1: 24 | L1: 25 | M1: 26 | N1: 27 | O1: 28 | P1: 29 | Q1: 30 | R1: Всего часов
A2: 1 | B2: Багацький Вадим Геннадійович | R2: 0 | T2: =C2+D2+E2+F2+G2+H2+I2+J2+K2+L2+M2+N2+O2+P2+Q2 -> 0
A3: 2 | B3: Васильєв Віталій Юрійович | R3: 0 | T3: =C3+D3+E3+F3+G3+H3+I3+J3+K3+L3+M3+N3+O3+P3+Q3 -> 0
A4: 3 | B4: Григоренко Олександр Миколайович | R4: 0 | T4: =C4+D4+E4+F4+G4+H4+I4+J4+K4+L4+M4+N4+O4+P4+Q4 -> 0
A5: 4 | B5: Григорьєв Микола Андрійович | R5: 0 | T5: =C5+D5+E5+F5+G5+H5+I5+J5+K5+L5+M5+N5+O5+P5+Q5 -> 0
A6: 5 | B6: Григор'єв Михайло Андрійович | R6: 0 | T6: =C6+D6+E6+F6+G6+H6+I6+J6+K6+L6+M6+N6+O6+P6+Q6 -> 0
A7: 6 | B7: Іванов Олексій Вікторович | R7: 0 | T7: =C7+D7+E7+F7+G7+H7+I7+J7+K7+L7+M7+N7+O7+P7+Q7 -> 0
A8: 7 | B8: Іскрицький Денис Русланович | R8: 0 | T8: =C8+D8+E8+F8+G8+H8+I8+J8+K8+L8+M8+N8+O8+P8+Q8 -> 0
A9: 8 | B9: Корнієнко Станіслав Володимирович | R9: 0 | T9: =C9+D9+E9+F9+G9+H9+I9+J9+K9+L9+M9+N9+O9+P9+Q9 -> 0
A10: 9 | B10: Масливець Ігор Валерійович | R10: 0 | T10: =C10+D10+E10+F10+G10+H10+I10+J10+K10+L10+M10+N10+O10+P10+Q10 -> 0
A11: 10 | B11: Скрипник Олександр Павлович | R11: 0 | T11: =C11+D11+E11+F11+G11+H11+I11+J11+K11+L11+M11+N11+O11+P11+Q11 -> 0
A12: 11 | B12: Паламарчук Вячеслав Володимирович | R12: 0 | T12: =C12+D12+E12+F12+G12+H12+I12+J12+K12+L12+M12+N12+O12+P12+Q12 -> 0
A13: 12 | B13: Дехтяр Владислав Олександрович | R13: 0 | T13: =C13+D13+E13+F13+G13+H13+I13+J13+K13+L13+M13+N13+O13+P13+Q13 -> 0
... A19: 18 | B19: Серебренніков Володимир Олександрович | R19: 0 | T19: =C19+D19+E19+F19+G19+H19+I19+J19+K19+L19+M19+N19+O19+P19+Q19 -> 0
A20: 19 | B20: Чешко Сергій Анатолійович | H20: 24 | R20: 24 | T20: =C20+D20+E20+F20+G20+H20+I20+J20+K20+L20+M20+N20+O20+P20+Q20 -> 24
A21: 20 | B21: Нерезенко Євгеній Віктоорович | R21: 0 | T21: =C21+D21+E21+F21+G21+H21+I21+J21+K21+L21+M21+N21+O21+P21+Q21 -> 0
A22: 21 | B22: Шавкун Максим Анатолійович | H22: 24 | R22: 24 | T22: =C22+D22+E22+F22+G22+H22+I22+J22+K22+L22+M22+N22+O22+P22+Q22 -> 24
A23: 22 | B23: Чуйко Олег Олегович | C23: 11 | R23: 22 | T23: =C23+D23+E23+F23+G23+H23+I23+J23+K23+L23+M23+N23+O23+P23+Q23 -> 11
A24: 23 | B24: Салюк Дмитро Андрійович | C24: 11 | R24: 22 | T24: =C24+D24+E24+F24+G24+H24+I24+J24+K24+L24+M24+N24+O24+P24+Q24 -> 11
A25: 24 | B25: Маковецький Юрій Миколайович | R25: 0 | T25: =C25+D25+E25+F25+G25+H25+I25+J25+K25+L25+M25+N25+O25+P25+Q25 -> 0
A26: 25 | B26: Міненко Олександр Андрійович | R26: 0 | T26: =C26+D26+E26+F26+G26+H26+I26+J26+K26+L26+M26+N26+O26+P26+Q26 -> 0
A27: 26 | B27: Салій Дмитро Миколайович | R27: 0 | T27: =C27+D27+E27+F27+G27+H27+I27+J27+K27+L27+M27+N27+O27+P27+Q27 -> 0
A28: 27 | B28: Різніченко Олег Олександрович | R28: 0 | T28: =C28+D28+E28+F28+G28+H28+I28+J28+K28+L28+M28+N28+O28+P28+Q28 -> 0
A29: 28 | B29: Рогозовець Андрій Вікторович | R29: 0 | T29: =C29+D29+E29+F29+G29+H29+I29+J29+K29+L29+M29+N29+O29+P29+Q29 -> 0
A30: 29 | B30: Старков Кирило Юрійович | R30: 0 | T30: =C30+D30+E30+F30+G30+H30+I30+J30+K30+L30+M30+N30+O30+P30+Q30 -> 0
A31: 30 | B31: Зубахін Сергій Александрович | R31: 0 | T31: =C31+D31+E31+F31+G31+H31+I31+J31+K31+L31+M31+N31+O31+P31+Q31 -> 0
A32: 31 | B32: Корнієнко Віталій Олегович | R32: 0 | T32: =C32+D32+E32+F32+G32+H32+I32+J32+K32+L32+M32+N32+O32+P32+Q32 -> 0
A33: 32 | B33: Щербак Петро Іванович | R33: 0 | T33: =C33+D33+E33+F33+G33+H33+I33+J33+K33+L33+M33+N33+O33+P33+Q33 -> 0
A34: 33 | B34: Онучак Віктор Іванович | R34: 0 | T34: =C34+D34+E34+F34+G34+H34+I34+J34+K34+L34+M34+N34+O34+P34+Q34 -> 0
A35: 34 | B35: Батрак Віктор Володимирович | R35: 0 | T35: =C35+D35+E35+F35+G35+H35+I35+J35+K35+L35+M35+N35+O35+P35+Q35 -> 0
A36: 35 | B36: Бондаренко Іван Олександрович | R36: 0 | T36: =C36+D36+E36+F36+G36+H36+I36+J36+K36+L36+M36+N36+O36+P36+Q36 -> 0
... A59: 58 | B59: Кузнецов Олексій Вікторович | R59: 0 | T59: =C59+D59+E59+F59+G59+H59+I59+J59+K59+L59+M59+N59+O59+P59+Q59 -> 0
A60: 59 | B60: Чернобров Олександр Миколайович | H60: 24 | R60: 24 | T60: =C60+D60+E60+F60+G60+H60+I60+J60+K60+L60+M60+N60+O60+P60+Q60 -> 24
A61: 60 | B61: Ткаченко Сергій Володимирович | H61: 24 | R61: 24 | T61: =C61+D61+E61+F61+G61+H61+I61+J61+K61+L61+M61+N61+O61+P61+Q61 -> 24
A62: 61 | B62: Ніколаєнко Олександр Сергійович | R62: 0 | T62: =C62+D62+E62+F62+G62+H62+I62+J62+K62+L62+M62+N62+O62+P62+Q62 -> 0
A63: 62 | B63: Циба Василь Олександрович | R63: 0 | T63: =C63+D63+E63+F63+G63+H63+I63+J63+K63+L63+M63+N63+O63+P63+Q63 -> 0
A64: 63 | B64: Осовіцький Ростислав Олександрович | R64: 0 | T64: =C64+D64+E64+F64+G64+H64+I64+J64+K64+L64+M64+N64+O64+P64+Q64 -> 0
R65: 162

Sheet ООН 44
A1: N | B1: Сотрудник | C1: 16 | D1: 17 | E1: 18 | F1: 19 | G1: 20 | H1: 21 | I1: 22 | J1: 23 | K1: 24 | L1: 25 | M1: 26 | N1: 27 | O1: 28 | P1: 29 | Q1: 30 | R1: Всего часов
A2: 1 | B2: Багацький Вадим Геннадійович | R2: 0 | T2: =C2+D2+E2+F2+G2+H2+I2+J2+K2+L2+M2+N2+O2+P2+Q2 -> 0
A3: 2 | B3: Васильєв Віталій Юрійович | R3: 0 | T3: =C3+D3+E3+F3+G3+H3+I3+J3+K3+L3+M3+N3+O3+P3+Q3 -> 0
A4: 3 | B4: Григоренко Олександр Миколайович | R4: 0 | T4: =C4+D4+E4+F4+G4+H4+I4+J4+K4+L4+M4+N4+O4+P4+Q4 -> 0
A5: 4 | B5: Григорьєв Микола Андрійович | R5: 0 | T5: =C5+D5+E5+F5+G5+H5+I5+J5+K5+L5+M5+N5+O5+P5+Q5 -> 0
A6: 5 | B6: Григор'єв Михайло Андрійович | R6: 0 | T6: =C6+D6+E6+F6+G6+H6+I6+J6+K6+L6+M6+N6+O6+P6+Q6 -> 0
A7: 6 | B7: Іванов Олексій Вікторович | R7: 0 | T7: =C7+D7+E7+F7+G7+H7+I7+J7+K7+L7+M7+N7+O7+P7+Q7 -> 0
A8: 7 | B8: Іскрицький Денис Русланович | R8: 0 | T8: =C8+D8+E8+F8+G8+H8+I8+J8+K8+L8+M8+N8+O8+P8+Q8 -> 0
A9: 8 | B9: Корнієнко Станіслав Володимирович | R9: 0 | T9: =C9+D9+E9+F9+G9+H9+I9+J9+K9+L9+M9+N9+O9+P9+Q9 -> 0
A10: 9 | B10: Масливець Ігор Валерійович | C10: 11 | D10: 11 | R10: 22 | T10: =C10+D10+E10+F10+G10+H10+I10+J10+K10+L10+M10+N10+O10+P10+Q10 -> 22
A11: 10 | B11: Скрипник Олександр Павлович | C11: 11 | D11: 11 | R11: 33 | T11: =C11+D11+E11+F11+G11+H11+I11+J11+K11+L11+M11+N11+O11+P11+Q11 -> 22
A12: 11 | B12: Паламарчук Вячеслав Володимирович | R12: 11 | T12: =C12+D12+E12+F12+G12+H12+I12+J12+K12+L12+M12+N12+O12+P12+Q12 -> 0
A13: 12 | B13: Дехтяр Владислав Олександрович | R13: 0 | T13: =C13+D13+E13+F13+G13+H13+I13+J13+K13+L13+M13+N13+O13+P13+Q13 -> 0
A14: 13 | B14: Тужиков Валерій Владиславович | R14: 0 | T14: =C14+D14+E14+F14+G14+H14+I14+J14+K14+L14+M14+N14+O14+P14+Q14 -> 0
A15: 14 | B15: Сівов Євген Миколайович | R15: 0 | T15: =C15+D15+E15+F15+G15+H15+I15+J15+K15+L15+M15+N15+O15+P15+Q15 -> 0
A16: 15 | B16: Кіфор Юрій Михайлович | C16: 11 | D16: 11 | R16: 33 | T16: =C16+D16+E16+F16+G16+H16+I16+J16+K16+L16+M16+N16+O16+P16+Q16 -> 22
A17: 16 | B17: Петренко Микола Григорович | C17: 9 | D17: 9 | R17: 18 | T17: =C17+D17+E17+F17+G17+H17+I17+J17+K17+L17+M17+N17+O17+P17+Q17 -> 18
A18: 17 | B18: Рубленко Микола Іванович | C18: 11 | D18: 9 | R18: 31 | T18: =C18+D18+E18+F18+G18+H18+I18+J18+K18+L18+M18+N18+O18+P18+Q18 -> 20
A19: 18 | B19: Серебренніков Володимир Олександрович | C19: 11 | R19: 11 | T19: =C19+D19+E19+F19+G19+H19+I19+J19+K19+L19+M19+N19+O19+P19+Q19 -> 11
A20: 19 | B20: Чешко Сергій Анатолійович | R20: 0 | T20: =C20+D20+E20+F20+G20+H20+I20+J20+K20+L20+M20+N20+O20+P20+Q20 -> 0
A21: 20 | B21: Нерезенко Євгеній Віктоорович | R21: 0 | T21: =C21+D21+E21+F21+G21+H21+I21+J21+K21+L21+M21+N21+O21+P21+Q21 -> 0
A22: 21 | B22: Шавкун Максим Анатолійович | R22: 0 | T22: =C22+D22+E22+F22+G22+H22+I22+J22+K22+L22+M22+N22+O22+P22+Q22 -> 0
A23: 22 | B23: Чуйко Олег Олегович | D23: 11 | R23: 11 | T23: =C23+D23+E23+F23+G23+H23+I23+J23+K23+L23+M23+N23+O23+P23+Q23 -> 11
A24: 23 | B24: Салюк Дмитро Андрійович | D24: 11 | R24: 11 | T24: =C24+D24+E24+F24+G24+H24+I24+J24+K24+L24+M24+N24+O24+P24+Q24 -> 11
A25: 24 | B25: Маковецький Юрій Миколайович | R25: 0 | T25: =C25+D25+E25+F25+G25+H25+I25+J25+K25+L25+M25+N25+O25+P25+Q25 -> 0
A26: 25 | B26: Міненко Олександр Андрійович | R26: 0 | T26: =C26+D26+E26+F26+G26+H26+I26+J26+K26+L26+M26+N26+O26+P26+Q26 -> 0
A27: 26 | B27: Салій Дмитро Миколайович | R27: 0 | T27: =C27+D27+E27+F27+G27+H27+I27+J27+K27+L27+M27+N27+O27+P27+Q27 -> 0
A28: 27 | B28: Різніченко Олег Олександрович | R28: 0 | T28: =C28+D28+E28+F28+G28+H28+I28+J28+K28+L28+M28+N28+O28+P28+Q28 -> 0
A29: 28 | B29: Рогозовець Андрій Вікторович | R29: 0 | T29: =C29+D29+E29+F29+G29+H29+I29+J29+K29+L29+M29+N29+O29+P29+Q29 -> 0
A30: 29 | B30: Старков Кирило Юрійович | R30: 0 | T30: =C30+D30+E30+F30+G30+H30+I30+J30+K30+L30+M30+N30+O30+P30+Q30 -> 0
A31: 30 | B31: Зубахін Сергій Александрович | R31: 0 | T31: =C31+D31+E31+F31+G31+H31+I31+J31+K31+L31+M31+N31+O31+P31+Q31 -> 0
A32: 31 | B32: Корнієнко Віталій Олегович | R32: 0 | T32: =C32+D32+E32+F32+G32+H32+I32+J32+K32+L32+M32+N32+O32+P32+Q32 -> 0
A33: 32 | B33: Щербак Петро Іванович | R33: 0 | T33: =C33+D33+E33+F33+G33+H33+I33+J33+K33+L33+M33+N33+O33+P33+Q33 -> 0
A34: 33 | B34: Онучак Віктор Іванович | R34: 0 | T34: =C34+D34+E34+F34+G34+H34+I34+J34+K34+L34+M34+N34+O34+P34+Q34 -> 0
A35: 34 | B35: Батрак Віктор Володимирович | D35: 11 | R35: 11 | T35: =C35+D35+E35+F35+G35+H35+I35+J35+K35+L35+M35+N35+O35+P35+Q35 -> 11
A36: 35 | B36: Бондаренко Іван Олександрович | R36: 0 | T36: =C36+D36+E36+F36+G36+H36+I36+J36+K36+L36+M36+N36+O36+P36+Q36 -> 0
A37: 36 | B37: Підлісний Володимир Сергійович | R37: 0 | T37: =C37+D37+E37+F37+G37+H37+I37+J37+K37+L37+M37+N37+O37+P37+Q37 -> 0
A38: 37 | B38: Григоренко Ілля Олександрович | R38: 11 | T38: =C38+D38+E38+F38+G38+H38+I38+J38+K38+L38+M38+N38+O38+P38+Q38 -> 0
A39: 38 | B39: Зінченко Дмитро Володимирович | R39: 0 | T39: =C39+D39+E39+F39+G39+H39+I39+J39+K39+L39+M39+N39+O39+P39+Q39 -> 0
A40: 39 | B40: Гребінник Олексій Васильович | R40: 0 | T40: =C40+D40+E40+F40+G40+H40+I40+J40+K40+L40+M40+N40+O40+P40+Q40 -> 0
A41: 40 | B41: Ізюмець Олександр Евгенович | R41: 0 | T41: =C41+D41+E41+F41+G41+H41+I41+J41+K41+L41+M41+N41+O41+P41+Q41 -> 0
A42: 41 | B42: Маркевич Ігор Ігорьович | R42: 0 | T42: =C42+D42+E42+F42+G42+H42+I42+J42+K42+L42+M42+N42+O42+P42+Q42 -> 0
A43: 42 | B43: Раменюк Віталій Сергійович | R43: 0 | T43: =C43+D43+E43+F43+G43+H43+I43+J43+K43+L43+M43+N43+O43+P43+Q43 -> 0
A44: 43 | B44: Самогородський Ігор Віталійович | R44: 0 | T44: =C44+D44+E44+F44+G44+H44+I44+J44+K44+L44+M44+N44+O44+P44+Q44 -> 0
A45: 44 | B45: Іванова Світлана Юріївна | R45: 0 | T45: =C45+D45+E45+F45+G45+H45+I45+J45+K45+L45+M45+N45+O45+P45+Q45 -> 0
A46: 45 | B46: Ісайкіна Тетяна Іванівна | R46: 0 | T46: =C46+D46+E46+F46+G46+H46+I46+J46+K46+L46+M46+N46+O46+P46+Q46 -> 0
A47: 46 | B47: Деркс Сергій Анатолійович | R47: 0 | T47: =C47+D47+E47+F47+G47+H47+I47+J47+K47+L47+M47+N47+O47+P47+Q47 -> 0
... A54: 53 | B54: Туркевич Дмитро Миколайович | R54: 0 | T54: =C54+D54+E54+F54+G54+H54+I54+J54+K54+L54+M54+N54+O54+P54+Q54 -> 0
A55: 54 | B55: Петров Михайло Олександрович | C55: 11 | R55: 22 | T55: =C55+D55+E55+F55+G55+H55+I55+J55+K55+L55+M55+N55+O55+P55+Q55 -> 11
A56: 55 | B56: Кобяковский Іван Олександрович | R56: 0 | T56: =C56+D56+E56+F56+G56+H56+I56+J56+K56+L56+M56+N56+O56+P56+Q56 -> 0
A57: 56 | B57: Авжабаров Олексій Володимирович | R57: 0 | T57: =C57+D57+E57+F57+G57+H57+I57+J57+K57+L57+M57+N57+O57+P57+Q57 -> 0
A58: 57 | B58: Дубовий Роман Анатолійович | R58: 0 | T58: =C58+D58+E58+F58+G58+H58+I58+J58+K58+L58+M58+N58+O58+P58+Q58 -> 0
A59: 58 | B59: Кузнецов Олексій Вікторович | R59: 0 | T59: =C59+D59+E59+F59+G59+H59+I59+J59+K59+L59+M59+N59+O59+P59+Q59 -> 0
A60: 59 | B60: Чернобров Олександр Миколайович | R60: 0 | T60: =C60+D60+E60+F60+G60+H60+I60+J60+K60+L60+M60+N60+O60+P60+Q60 -> 0
A61: 60 | B61: Ткаченко Сергій Володимирович | R61: 0 | T61: =C61+D61+E61+F61+G61+H61+I61+J61+K61+L61+M61+N61+O61+P61+Q61 -> 0
A62: 61 | B62: Ніколаєнко Олександр Сергійович | R62: 0 | T62: =C62+D62+E62+F62+G62+H62+I62+J62+K62+L62+M62+N62+O62+P62+Q62 -> 0
A63: 62 | B63: Циба Василь Олександрович | R63: 0 | T63: =C63+D63+E63+F63+G63+H63+I63+J63+K63+L63+M63+N63+O63+P63+Q63 -> 0
A64: 63 | B64: Осовіцький Ростислав Олександрович | R64: 0 | T64: =C64+D64+E64+F64+G64+H64+I64+J64+K64+L64+M64+N64+O64+P64+Q64 -> 0
R65: 225

Sheet ООН 45
A1: N | B1: Сотрудник | C1: 14 | D1: 15 | E1: 16 | F1: 17 | G1: 18 | H1: 19 | I1: 20 | J1: 21 | K1: 22 | L1: 23 | M1: 24 | N1: 25 | O1: 26 | P1: 27 | Q1: 28 | R1: 29 | S1: 30 | T1: Всего часов
A2: 1 | B2: Багацький Вадим Геннадійович | T2: 0 | V2: =E2+F2+G2+H2+I2+J2+K2+L2+M2+N2+O2+P2+Q2+R2+S2 -> 0
A3: 2 | B3: Васильєв Віталій Юрійович | T3: 0 | V3: =E3+F3+G3+H3+I3+J3+K3+L3+M3+N3+O3+P3+Q3+R3+S3 -> 0
A4: 3 | B4: Григоренко Олександр Миколайович | T4: 0 | V4: =E4+F4+G4+H4+I4+J4+K4+L4+M4+N4+O4+P4+Q4+R4+S4 -> 0
A5: 4 | B5: Григорьєв Микола Андрійович | D5: 11 | E5: 11 | F5: 11 | T5: 33 | V5: =E5+F5+G5+H5+I5+J5+K5+L5+M5+N5+O5+P5+Q5+R5+S5 -> 22
A6: 5 | B6: Григор'єв Михайло Андрійович | D6: 11 | E6: 11 | F6: 11 | T6: 33 | V6: =E6+F6+G6+H6+I6+J6+K6+L6+M6+N6+O6+P6+Q6+R6+S6 -> 22
A7: 6 | B7: Іванов Олексій Вікторович | T7: 0 | V7: =E7+F7+G7+H7+I7+J7+K7+L7+M7+N7+O7+P7+Q7+R7+S7 -> 0
A8: 7 | B8: Іскрицький Денис Русланович | T8: 0 | V8: =E8+F8+G8+H8+I8+J8+K8+L8+M8+N8+O8+P8+Q8+R8+S8 -> 0
A9: 8 | B9: Корнієнко Станіслав Володимирович | T9: 0 | V9: =E9+F9+G9+H9+I9+J9+K9+L9+M9+N9+O9+P9+Q9+R9+S9 -> 0
A10: 9 | B10: Масливець Ігор Валерійович | T10: 0 | V10: =E10+F10+G10+H10+I10+J10+K10+L10+M10+N10+O10+P10+Q10+R10+S10 -> 0
A11: 10 | B11: Скрипник Олександр Павлович | G11: 11 | H11: 11 | T11: 22 | V11: =E11+F11+G11+H11+I11+J11+K11+L11+M11+N11+O11+P11+Q11+R11+S11 -> 22
A12: 11 | B12: Паламарчук Вячеслав Володимирович | E12: 11 | F12: 11 | T12: 22 | V12: =E12+F12+G12+H12+I12+J12+K12+L12+M12+N12+O12+P12+Q12+R12+S12 -> 22
A13: 12 | B13: Дехтяр Владислав Олександрович | T13: 0 | V13: =E13+F13+G13+H13+I13+J13+K13+L13+M13+N13+O13+P13+Q13+R13+S13 -> 0
A14: 13 | B14: Тужиков Валерій Владиславович | T14: 0 | V14: =E14+F14+G14+H14+I14+J14+K14+L14+M14+N14+O14+P14+Q14+R14+S14 -> 0
A15: 14 | B15: Сівов Євген Миколайович | T15: 0 | V15: =E15+F15+G15+H15+I15+J15+K15+L15+M15+N15+O15+P15+Q15+R15+S15 -> 0
A16: 15 | B16: Кіфор Юрій Михайлович | T16: 0 | V16: =E16+F16+G16+H16+I16+J16+K16+L16+M16+N16+O16+P16+Q16+R16+S16 -> 0
A17: 16 | B17: Петренко Микола Григорович | G17: 9 | H17: 9 | T17: 18 | V17: =E17+F17+G17+H17+I17+J17+K17+L17+M17+N17+O17+P17+Q17+R17+S17 -> 18
A18: 17 | B18: Рубленко Микола Іванович | G18: 11 | H18: 11 | T18: 22 | V18: =E18+F18+G18+H18+I18+J18+K18+L18+M18+N18+O18+P18+Q18+R18+S18 -> 22
A19: 18 | B19: Серебренніков Володимир Олександрович | F19: 11 | T19: 11 | V19: =E19+F19+G19+H19+I19+J19+K19+L19+M19+N19+O19+P19+Q19+R19+S19 -> 11
A20: 19 | B20: Чешко Сергій Анатолійович | T20: 0 | V20: =E20+F20+G20+H20+I20+J20+K20+L20+M20+N20+O20+P20+Q20+R20+S20 -> 0
A21: 20 | B21: Нерезенко Євгеній Віктоорович | T21: 0 | V21: =E21+F21+G21+H21+I21+J21+K21+L21+M21+N21+O21+P21+Q21+R21+S21 -> 0
A22: 21 | B22: Шавкун Максим Анатолійович | T22: 0 | V22: =E22+F22+G22+H22+I22+J22+K22+L22+M22+N22+O22+P22+Q22+R22+S22 -> 0
A23: 22 | B23: Чуйко Олег Олегович | T23: 0 | V23: =E23+F23+G23+H23+I23+J23+K23+L23+M23+N23+O23+P23+Q23+R23+S23 -> 0
A24: 23 | B24: Салюк Дмитро Андрійович | G24: 11 | H24: 11 | T24: 22 | V24: =E24+F24+G24+H24+I24+J24+K24+L24+M24+N24+O24+P24+Q24+R24+S24 -> 22
A25: 24 | B25: Маковецький Юрій Миколайович | T25: 0 | V25: =E25+F25+G25+H25+I25+J25+K25+L25+M25+N25+O25+P25+Q25+R25+S25 -> 0
A26: 25 | B26: Міненко Олександр Андрійович | T26: 0 | V26: =E26+F26+G26+H26+I26+J26+K26+L26+M26+N26+O26+P26+Q26+R26+S26 -> 0
A27: 26 | B27: Салій Дмитро Миколайович | T27: 0 | V27: =E27+F27+G27+H27+I27+J27+K27+L27+M27+N27+O27+P27+Q27+R27+S27 -> 0
A28: 27 | B28: Різніченко Олег Олександрович | T28: 0 | V28: =E28+F28+G28+H28+I28+J28+K28+L28+M28+N28+O28+P28+Q28+R28+S28 -> 0
A29: 28 | B29: Рогозовець Андрій Вікторович | G29: 11 | T29: 11 | V29: =E29+F29+G29+H29+I29+J29+K29+L29+M29+N29+O29+P29+Q29+R29+S29 -> 11
A30: 29 | B30: Старков Кирило Юрійович | T30: 0 | V30: =E30+F30+G30+H30+I30+J30+K30+L30+M30+N30+O30+P30+Q30+R30+S30 -> 0
A31: 30 | B31: Зубахін Сергій Александрович | T31: 0 | V31: =E31+F31+G31+H31+I31+J31+K31+L31+M31+N31+O31+P31+Q31+R31+S31 -> 0
A32: 31 | B32: Корнієнко Віталій Олегович | E32: 11 | T32: 11 | V32: =E32+F32+G32+H32+I32+J32+K32+L32+M32+N32+O32+P32+Q32+R32+S32 -> 11
A33: 32 | B33: Щербак Петро Іванович | T33: 0 | V33: =E33+F33+G33+H33+I33+J33+K33+L33+M33+N33+O33+P33+Q33+R33+S33 -> 0
A34: 33 | B34: Онучак Віктор Іванович | T34: 0 | V34: =E34+F34+G34+H34+I34+J34+K34+L34+M34+N34+O34+P34+Q34+R34+S34 -> 0
A35: 34 | B35: Батрак Віктор Володимирович | D35: 11 | E35: 11 | G35: 11 | T35: 33 | V35: =E35+F35+G35+H35+I35+J35+K35+L35+M35+N35+O35+P35+Q35+R35+S35 -> 22
A36: 35 | B36: Бондаренко Іван Олександрович | T36: 0 | V36: =E36+F36+G36+H36+I36+J36+K36+L36+M36+N36+O36+P36+Q36+R36+S36 -> 0
A37: 36 | B37: Підлісний Володимир Сергійович | D37: 11 | F37: 11 | T37: 22 | V37: =E37+F37+G37+H37+I37+J37+K37+L37+M37+N37+O37+P37+Q37+R37+S37 -> 11
A38: 37 | B38: Григоренко Ілля Олександрович | F38: 11 | G38: 11 | H38: 11 | T38: 33 | V38: =E38+F38+G38+H38+I38+J38+K38+L38+M38+N38+O38+P38+Q38+R38+S38 -> 33
A39: 38 | B39: Зінченко Дмитро Володимирович | T39: 0 | V39: =E39+F39+G39+H39+I39+J39+K39+L39+M39+N39+O39+P39+Q39+R39+S39 -> 0
A40: 39 | B40: Гребінник Олексій Васильович | T40: 0 | V40: =E40+F40+G40+H40+I40+J40+K40+L40+M40+N40+O40+P40+Q40+R40+S40 -> 0
A41: 40 | B41: Ізюмець Олександр Евгенович | E41: 11 | F41: 11 | T41: 22 | V41: =E41+F41+G41+H41+I41+J41+K41+L41+M41+N41+O41+P41+Q41+R41+S41 -> 22
A42: 41 | B42: Маркевич Ігор Ігорьович | T42: 0 | V42: =E42+F42+G42+H42+I42+J42+K42+L42+M42+N42+O42+P42+Q42+R42+S42 -> 0
A43: 42 | B43: Раменюк Віталій Сергійович | T43: 0 | V43: =E43+F43+G43+H43+I43+J43+K43+L43+M43+N43+O43+P43+Q43+R43+S43 -> 0
A44: 43 | B44: Самогородський Ігор Віталійович | T44: 0 | V44: =E44+F44+G44+H44+I44+J44+K44+L44+M44+N44+O44+P44+Q44+R44+S44 -> 0
A45: 44 | B45: Іванова Світлана Юріївна | T45: 0 | V45: =E45+F45+G45+H45+I45+J45+K45+L45+M45+N45+O45+P45+Q45+R45+S45 -> 0
A46: 45 | B46: Ісайкіна Тетяна Іванівна | T46: 0 | V46: =E46+F46+G46+H46+I46+J46+K46+L46+M46+N46+O46+P46+Q46+R46+S46 -> 0
A47: 46 | B47: Деркс Сергій Анатолійович | T47: 0 | V47: =E47+F47+G47+H47+I47+J47+K47+L47+M47+N47+O47+P47+Q47+R47+S47 -> 0
A48: 47 | B48: Гусаков Роман Давидович | T48: 0 | V48: =E48+F48+G48+H48+I48+J48+K48+L48+M48+N48+O48+P48+Q48+R48+S48 -> 0
A49: 48 | B49: Гусаков Давид Давидович | T49: 0 | V49: =E49+F49+G49+H49+I49+J49+K49+L49+M49+N49+O49+P49+Q49+R49+S49 -> 0
A50: 49 | B50: Тужиков Артем Денисович | T50: 0 | V50: =E50+F50+G50+H50+I50+J50+K50+L50+M50+N50+O50+P50+Q50+R50+S50 -> 0
A51: 50 | B51: Ластовка Андрій Михайлович | T51: 0 | V51: =E51+F51+G51+H51+I51+J51+K51+L51+M51+N51+O51+P51+Q51+R51+S51 -> 0
A52: 51 | B52: Шомін Вадим Сергійович | T52: 0 | V52: =E52+F52+G52+H52+I52+J52+K52+L52+M52+N52+O52+P52+Q52+R52+S52 -> 0
A53: 52 | B53: Дзюба Едуард Іванович | T53: 0 | V53: =E53+F53+G53+H53+I53+J53+K53+L53+M53+N53+O53+P53+Q53+R53+S53 -> 0
A54: 53 | B54: Туркевич Дмитро Миколайович | D54: 11 | F54: 11 | T54: 22 | V54: =E54+F54+G54+H54+I54+J54+K54+L54+M54+N54+O54+P54+Q54+R54+S54 -> 11
A55: 54 | B55: Петров Михайло Олександрович | F55: 11 | G55: 11 | H55: 11 | T55: 33 | V55: =E55+F55+G55+H55+I55+J55+K55+L55+M55+N55+O55+P55+Q55+R55+S55 -> 33
A56: 55 | B56: Кобяковский Іван Олександрович | T56: 0 | V56: =E56+F56+G56+H56+I56+J56+K56+L56+M56+N56+O56+P56+Q56+R56+S56 -> 0
A57: 56 | B57: Авжабаров Олексій Володимирович | T57: 0 | V57: =E57+F57+G57+H57+I57+J57+K57+L57+M57+N57+O57+P57+Q57+R57+S57 -> 0
A58: 57 | B58: Дубовий Роман Анатолійович | T58: 0 | V58: =E58+F58+G58+H58+I58+J58+K58+L58+M58+N58+O58+P58+Q58+R58+S58 -> 0
A59: 58 | B59: Кузнецов Олексій Вікторович | T59: 0 | V59: =E59+F59+G59+H59+I59+J59+K59+L59+M59+N59+O59+P59+Q59+R59+S59 -> 0
A60: 59 | B60: Чернобров Олександр Миколайович | T60: 0 | V60: =E60+F60+G60+H60+I60+J60+K60+L60+M60+N60+O60+P60+Q60+R60+S60 -> 0
A61: 60 | B61: Ткаченко Сергій Володимирович | T61: 0 | V61: =E61+F61+G61+H61+I61+J61+K61+L61+M61+N61+O61+P61+Q61+R61+S61 -> 0
A62: 61 | B62: Ніколаєнко Олександр Сергійович | T62: 0 | V62: =E62+F62+G62+H62+I62+J62+K62+L62+M62+N62+O62+P62+Q62+R62+S62 -> 0
A63: 62 | B63: Циба Василь Олександрович | T63: 0 | V63: =E63+F63+G63+H63+I63+J63+K63+L63+M63+N63+O63+P63+Q63+R63+S63 -> 0
A64: 63 | B64: Осовіцький Ростислав Олександрович | T64: 0 | V64: =E64+F64+G64+H64+I64+J64+K64+L64+M64+N64+O64+P64+Q64+R64+S64 -> 0
T65: 370

Sheet ООН46
A1: N | B1: Сотрудник | C1: 16 | D1: 17 | E1: 18 | F1: 19 | G1: 20 | H1: 21 | I1: 22 | J1: 23 | K1: 24 | L1: 25 | M1: 26 | N1: 27 | O1: 28 | P1: 29 | Q1: 30 | R1: Всего часов
A2: 1 | B2: Багацький Вадим Геннадійович | F2: 11 | R2: 11 | T2: =C2+D2+E2+F2+G2+H2+I2+J2+K2+L2+M2+N2+O2+P2+Q2 -> 11
A3: 2 | B3: Васильєв Віталій Юрійович | R3: 0 | T3: =C3+D3+E3+F3+G3+H3+I3+J3+K3+L3+M3+N3+O3+P3+Q3 -> 0
A4: 3 | B4: Григоренко Олександр Миколайович | R4: 0 | T4: =C4+D4+E4+F4+G4+H4+I4+J4+K4+L4+M4+N4+O4+P4+Q4 -> 0
A5: 4 | B5: Григорьєв Микола Андрійович | I5: 11 | J5: 11 | K5: 11 | L5: 11 | R5: 44 | T5: =C5+D5+E5+F5+G5+H5+I5+J5+K5+L5+M5+N5+O5+P5+Q5 -> 44
A6: 5 | B6: Григор'єв Михайло Андрійович | I6: 11 | J6: 11 | K6: 11 | L6: 11 | R6: 44 | T6: =C6+D6+E6+F6+G6+H6+I6+J6+K6+L6+M6+N6+O6+P6+Q6 -> 44
A7: 6 | B7: Іванов Олексій Вікторович | R7: 0 | T7: =C7+D7+E7+F7+G7+H7+I7+J7+K7+L7+M7+N7+O7+P7+Q7 -> 0
A8: 7 | B8: Іскрицький Денис Русланович | R8: 0 | T8: =C8+D8+E8+F8+G8+H8+I8+J8+K8+L8+M8+N8+O8+P8+Q8 -> 0
A9: 8 | B9: Корнієнко Станіслав Володимирович | R9: 0 | T9: =C9+D9+E9+F9+G9+H9+I9+J9+K9+L9+M9+N9+O9+P9+Q9 -> 0
A10: 9 | B10: Масливець Ігор Валерійович | I10: 11 | J10: 11 | P10: 11 | Q10: 11 | R10: 44 | T10: =C10+D10+E10+F10+G10+H10+I10+J10+K10+L10+M10+N10+O10+P10+Q10 -> 44
A11: 10 | B11: Скрипник Олександр Павлович | R11: 0 | T11: =C11+D11+E11+F11+G11+H11+I11+J11+K11+L11+M11+N11+O11+P11+Q11 -> 0
A12: 11 | B12: Паламарчук Вячеслав Володимирович | G12: 6 | I12: 11 | P12: 11 | Q12: 11 | R12: 39 | T12: =C12+D12+E12+F12+G12+H12+I12+J12+K12+L12+M12+N12+O12+P12+Q12 -> 39
A13: 12 | B13: Дехтяр Владислав Олександрович | R13: 0 | T13: =C13+D13+E13+F13+G13+H13+I13+J13+K13+L13+M13+N13+O13+P13+Q13 -> 0
A14: 13 | B14: Тужиков Валерій Владиславович | F14: 11 | R14: 11 | T14: =C14+D14+E14+F14+G14+H14+I14+J14+K14+L14+M14+N14+O14+P14+Q14 -> 11
A15: 14 | B15: Сівов Євген Миколайович | R15: 0 | T15: =C15+D15+E15+F15+G15+H15+I15+J15+K15+L15+M15+N15+O15+P15+Q15 -> 0
A16: 15 | B16: Кіфор Юрій Михайлович | I16: 11 | J16: 11 | P16: 11 | Q16: 11 | R16: 44 | T16: =C16+D16+E16+F16+G16+H16+I16+J16+K16+L16+M16+N16+O16+P16+Q16 -> 44
A17: 16 | B17: Петренко Микола Григорович | I17: 9 | P17: 9 | R17: 18 | T17: =C17+D17+E17+F17+G17+H17+I17+J17+K17+L17+M17+N17+O17+P17+Q17 -> 18
A18: 17 | B18: Рубленко Микола Іванович | R18: 0 | T18: =C18+D18+E18+F18+G18+H18+I18+J18+K18+L18+M18+N18+O18+P18+Q18 -> 0
A19: 18 | B19: Серебренніков Володимир Олександрович | I19: 9 | L19: 11 | R19: 20 | T19: =C19+D19+E19+F19+G19+H19+I19+J19+K19+L19+M19+N19+O19+P19+Q19 -> 20
A20: 19 | B20: Чешко Сергій Анатолійович | R20: 0 | T20: =C20+D20+E20+F20+G20+H20+I20+J20+K20+L20+M20+N20+O20+P20+Q20 -> 0
A21: 20 | B21: Нерезенко Євгеній Віктоорович | R21: 0 | T21: =C21+D21+E21+F21+G21+H21+I21+J21+K21+L21+M21+N21+O21+P21+Q21 -> 0
A22: 21 | B22: Шавкун Максим Анатолійович | R22: 0 | T22: =C22+D22+E22+F22+G22+H22+I22+J22+K22+L22+M22+N22+O22+P22+Q22 -> 0
A23: 22 | B23: Чуйко Олег Олегович | G23: 7 | I23: 11 | J23: 11 | L23: 11 | P23: 11 | Q23: 11 | R23: 62 | T23: =C23+D23+E23+F23+G23+H23+I23+J23+K23+L23+M23+N23+O23+P23+Q23 -> 62
A24: 23 | B24: Салюк Дмитро Андрійович | L24: 11 | P24: 11 | Q24: 11 | R24: 33 | T24: =C24+D24+E24+F24+G24+H24+I24+J24+K24+L24+M24+N24+O24+P24+Q24 -> 33
A25: 24 | B25: Маковецький Юрій Миколайович | R25: 0 | T25: =C25+D25+E25+F25+G25+H25+I25+J25+K25+L25+M25+N25+O25+P25+Q25 -> 0
A26: 25 | B26: Міненко Олександр Андрійович | R26: 0 | T26: =C26+D26+E26+F26+G26+H26+I26+J26+K26+L26+M26+N26+O26+P26+Q26 -> 0
A27: 26 | B27: Салій Дмитро Миколайович | R27: 0 | T27: =C27+D27+E27+F27+G27+H27+I27+J27+K27+L27+M27+N27+O27+P27+Q27 -> 0
A28: 27 | B28: Різніченко Олег Олександрович | F28: 9 | R28: 9 | T28: =C28+D28+E28+F28+G28+H28+I28+J28+K28+L28+M28+N28+O28+P28+Q28 -> 9
A29: 28 | B29: Рогозовець Андрій Вікторович | R29: 0 | T29: =C29+D29+E29+F29+G29+H29+I29+J29+K29+L29+M29+N29+O29+P29+Q29 -> 0
A30: 29 | B30: Старков Кирило Юрійович | R30: 0 | T30: =C30+D30+E30+F30+G30+H30+I30+J30+K30+L30+M30+N30+O30+P30+Q30 -> 0
A31: 30 | B31: Зубахін Сергій Александрович | R31: 0 | T31: =C31+D31+E31+F31+G31+H31+I31+J31+K31+L31+M31+N31+O31+P31+Q31 -> 0
A32: 31 | B32: Корнієнко Віталій Олегович | R32: 0 | T32: =C32+D32+E32+F32+G32+H32+I32+J32+K32+L32+M32+N32+O32+P32+Q32 -> 0
A33: 32 | B33: Щербак Петро Іванович | R33: 0 | T33: =C33+D33+E33+F33+G33+H33+I33+J33+K33+L33+M33+N33+O33+P33+Q33 -> 0
A34: 33 | B34: Онучак Віктор Іванович | R34: 0 | T34: =C34+D34+E34+F34+G34+H34+I34+J34+K34+L34+M34+N34+O34+P34+Q34 -> 0
A35: 34 | B35: Батрак Віктор Володимирович | G35: 7 | I35: 11 | J35: 11 | P35: 11 | R35: 40 | T35: =C35+D35+E35+F35+G35+H35+I35+J35+K35+L35+M35+N35+O35+P35+Q35 -> 40
A36: 35 | B36: Бондаренко Іван Олександрович | R36: 0 | T36: =C36+D36+E36+F36+G36+H36+I36+J36+K36+L36+M36+N36+O36+P36+Q36 -> 0
A37: 36 | B37: Підлісний Володимир Сергійович | I37: 11 | R37: 11 | T37: =C37+D37+E37+F37+G37+H37+I37+J37+K37+L37+M37+N37+O37+P37+Q37 -> 11
A38: 37 | B38: Григоренко Ілля Олександрович | C38: 11 | R38: 11 | T38: =C38+D38+E38+F38+G38+H38+I38+J38+K38+L38+M38+N38+O38+P38+Q38 -> 11
A39: 38 | B39: Зінченко Дмитро Володимирович | F39: 11 | R39: 11 | T39: =C39+D39+E39+F39+G39+H39+I39+J39+K39+L39+M39+N39+O39+P39+Q39 -> 11
A40: 39 | B40: Гребінник Олексій Васильович | F40: 11 | R40: 11 | T40: =C40+D40+E40+F40+G40+H40+I40+J40+K40+L40+M40+N40+O40+P40+Q40 -> 11
A41: 40 | B41: Ізюмець Олександр Евгенович | I41: 11 | R41: 11 | T41: =C41+D41+E41+F41+G41+H41+I41+J41+K41+L41+M41+N41+O41+P41+Q41 -> 11
A42: 41 | B42: Маркевич Ігор Ігорьович | F42: 11 | I42: 11 | R42: 22 | T42: =C42+D42+E42+F42+G42+H42+I42+J42+K42+L42+M42+N42+O42+P42+Q42 -> 22
A43: 42 | B43: Раменюк Віталій Сергійович | R43: 0 | T43: =C43+D43+E43+F43+G43+H43+I43+J43+K43+L43+M43+N43+O43+P43+Q43 -> 0
A44: 43 | B44: Самогородський Ігор Віталійович | R44: 0 | T44: =C44+D44+E44+F44+G44+H44+I44+J44+K44+L44+M44+N44+O44+P44+Q44 -> 0
A45: 44 | B45: Іванова Світлана Юріївна | R45: 0 | T45: =C45+D45+E45+F45+G45+H45+I45+J45+K45+L45+M45+N45+O45+P45+Q45 -> 0
A46: 45 | B46: Ісайкіна Тетяна Іванівна | R46: 0 | T46: =C46+D46+E46+F46+G46+H46+I46+J46+K46+L46+M46+N46+O46+P46+Q46 -> 0
A47: 46 | B47: Деркс Сергій Анатолійович | R47: 0 | T47: =C47+D47+E47+F47+G47+H47+I47+J47+K47+L47+M47+N47+O47+P47+Q47 -> 0
A48: 47 | B48: Гусаков Роман Давидович | R48: 0 | T48: =C48+D48+E48+F48+G48+H48+I48+J48+K48+L48+M48+N48+O48+P48+Q48 -> 0
A49: 48 | B49: Гусаков Давид Давидович | R49: 0 | T49: =C49+D49+E49+F49+G49+H49+I49+J49+K49+L49+M49+N49+O49+P49+Q49 -> 0
A50: 49 | B50: Тужиков Артем Денисович | J50: 11 | R50: 11 | T50: =C50+D50+E50+F50+G50+H50+I50+J50+K50+L50+M50+N50+O50+P50+Q50 -> 11
A51: 50 | B51: Ластовка Андрій Михайлович | R51: 0 | T51: =C51+D51+E51+F51+G51+H51+I51+J51+K51+L51+M51+N51+O51+P51+Q51 -> 0
A52: 51 | B52: Шомін Вадим Сергійович | R52: 0 | T52: =C52+D52+E52+F52+G52+H52+I52+J52+K52+L52+M52+N52+O52+P52+Q52 -> 0
A53: 52 | B53: Дзюба Едуард Іванович | R53: 0 | T53: =C53+D53+E53+F53+G53+H53+I53+J53+K53+L53+M53+N53+O53+P53+Q53 -> 0
A54: 53 | B54: Туркевич Дмитро Миколайович | R54: 0 | T54: =C54+D54+E54+F54+G54+H54+I54+J54+K54+L54+M54+N54+O54+P54+Q54 -> 0
A55: 54 | B55: Петров Михайло Олександрович | R55: 0 | T55: =C55+D55+E55+F55+G55+H55+I55+J55+K55+L55+M55+N55+O55+P55+Q55 -> 0
A56: 55 | B56: Кобяковский Іван Олександрович | R56: 0 | T56: =C56+D56+E56+F56+G56+H56+I56+J56+K56+L56+M56+N56+O56+P56+Q56 -> 0
A57: 56 | B57: Авжабаров Олексій Володимирович | R57: 0 | T57: =C57+D57+E57+F57+G57+H57+I57+J57+K57+L57+M57+N57+O57+P57+Q57 -> 0
A58: 57 | B58: Дубовий Роман Анатолійович | R58: 0 | T58: =C58+D58+E58+F58+G58+H58+I58+J58+K58+L58+M58+N58+O58+P58+Q58 -> 0
A59: 58 | B59: Кузнецов Олексій Вікторович | R59: 0 | T59: =C59+D59+E59+F59+G59+H59+I59+J59+K59+L59+M59+N59+O59+P59+Q59 -> 0
A60: 59 | B60: Чернобров Олександр Миколайович | R60: 0 | T60: =C60+D60+E60+F60+G60+H60+I60+J60+K60+L60+M60+N60+O60+P60+Q60 -> 0
A61: 60 | B61: Ткаченко Сергій Володимирович | R61: 0 | T61: =C61+D61+E61+F61+G61+H61+I61+J61+K61+L61+M61+N61+O61+P61+Q61 -> 0
A62: 61 | B62: Ніколаєнко Олександр Сергійович | R62: 0 | T62: =C62+D62+E62+F62+G62+H62+I62+J62+K62+L62+M62+N62+O62+P62+Q62 -> 0
A63: 62 | B63: Циба Василь Олександрович | G63: 7 | Q63: 11 | R63: 18 | T63: =C63+D63+E63+F63+G63+H63+I63+J63+K63+L63+M63+N63+O63+P63+Q63 -> 18
A64: 63 | B64: Осовіцький Ростислав Олександрович | R64: 0 | T64: =C64+D64+E64+F64+G64+H64+I64+J64+K64+L64+M64+N64+O64+P64+Q64 -> 0
R65: 525

Sheet ООН47
A1: N | B1: Сотрудник | C1: 16 | D1: 17 | E1: 18 | F1: 19 | G1: 20 | H1: 21 | I1: 22 | J1: 23 | K1: 24 | L1: 25 | M1: 26 | N1: 27 | O1: 28 | P1: 29 | Q1: 30 | R1: Всего часов
A2: 1 | B2: Багацький Вадим Геннадійович | R2: 0 | T2: =C2+D2+E2+F2+G2+H2+I2+J2+K2+L2+M2+N2+O2+P2+Q2 -> 0
A3: 2 | B3: Васильєв Віталій Юрійович | R3: 0 | T3: =C3+D3+E3+F3+G3+H3+I3+J3+K3+L3+M3+N3+O3+P3+Q3 -> 0
A4: 3 | B4: Григоренко Олександр Миколайович | R4: 0 | T4: =C4+D4+E4+F4+G4+H4+I4+J4+K4+L4+M4+N4+O4+P4+Q4 -> 0
A5: 4 | B5: Григорьєв Микола Андрійович | E5: 11 | F5: 11 | P5: 11 | Q5: 11 | R5: 44 | T5: =C5+D5+E5+F5+G5+H5+I5+J5+K5+L5+M5+N5+O5+P5+Q5 -> 44
A6: 5 | B6: Григор'єв Михайло Андрійович | E6: 11 | F6: 11 | P6: 11 | Q6: 11 | R6: 44 | T6: =C6+D6+E6+F6+G6+H6+I6+J6+K6+L6+M6+N6+O6+P6+Q6 -> 44
A7: 6 | B7: Іванов Олексій Вікторович | R7: 0 | T7: =C7+D7+E7+F7+G7+H7+I7+J7+K7+L7+M7+N7+O7+P7+Q7 -> 0
A8: 7 | B8: Іскрицький Денис Русланович | R8: 0 | T8: =C8+D8+E8+F8+G8+H8+I8+J8+K8+L8+M8+N8+O8+P8+Q8 -> 0
A9: 8 | B9: Корнієнко Станіслав Володимирович | R9: 0 | T9: =C9+D9+E9+F9+G9+H9+I9+J9+K9+L9+M9+N9+O9+P9+Q9 -> 0
A10: 9 | B10: Масливець Ігор Валерійович | E10: 11 | F10: 11 | K10: 11 | L10: 11 | M10: 11 | N10: 6 | R10: 61 | T10: =C10+D10+E10+F10+G10+H10+I10+J10+K10+L10+M10+N10+O10+P10+Q10 -> 61
A11: 10 | B11: Скрипник Олександр Павлович | R11: 0 | T11: =C11+D11+E11+F11+G11+H11+I11+J11+K11+L11+M11+N11+O11+P11+Q11 -> 0
A12: 11 | B12: Паламарчук Вячеслав Володимирович | E12: 11 | F12: 11 | J12: 11 | K12: 11 | L12: 11 | R12: 55 | T12: =C12+D12+E12+F12+G12+H12+I12+J12+K12+L12+M12+N12+O12+P12+Q12 -> 55
A13: 12 | B13: Дехтяр Владислав Олександрович | R13: 0 | T13: =C13+D13+E13+F13+G13+H13+I13+J13+K13+L13+M13+N13+O13+P13+Q13 -> 0
A14: 13 | B14: Тужиков Валерій Владиславович | R14: 0 | T14: =C14+D14+E14+F14+G14+H14+I14+J14+K14+L14+M14+N14+O14+P14+Q14 -> 0
A15: 14 | B15: Сівов Євген Миколайович | R15: 0 | T15: =C15+D15+E15+F15+G15+H15+I15+J15+K15+L15+M15+N15+O15+P15+Q15 -> 0
A16: 15 | B16: Кіфор Юрій Михайлович | E16: 11 | F16: 11 | R16: 22 | T16: =C16+D16+E16+F16+G16+H16+I16+J16+K16+L16+M16+N16+O16+P16+Q16 -> 22
A17: 16 | B17: Петренко Микола Григорович | J17: 9 | R17: 9 | T17: =C17+D17+E17+F17+G17+H17+I17+J17+K17+L17+M17+N17+O17+P17+Q17 -> 9
A18: 17 | B18: Рубленко Микола Іванович | R18: 0 | T18: =C18+D18+E18+F18+G18+H18+I18+J18+K18+L18+M18+N18+O18+P18+Q18 -> 0
A19: 18 | B19: Серебренніков Володимир Олександрович | E19: 11 | J19: 4 | K19: 11 | R19: 26 | T19: =C19+D19+E19+F19+G19+H19+I19+J19+K19+L19+M19+N19+O19+P19+Q19 -> 26
A20: 19 | B20: Чешко Сергій Анатолійович | R20: 0 | T20: =C20+D20+E20+F20+G20+H20+I20+J20+K20+L20+M20+N20+O20+P20+Q20 -> 0
A21: 20 | B21: Нерезенко Євгеній Віктоорович | R21: 0 | T21: =C21+D21+E21+F21+G21+H21+I21+J21+K21+L21+M21+N21+O21+P21+Q21 -> 0
A22: 21 | B22: Шавкун Максим Анатолійович | R22: 0 | T22: =C22+D22+E22+F22+G22+H22+I22+J22+K22+L22+M22+N22+O22+P22+Q22 -> 0
A23: 22 | B23: Чуйко Олег Олегович | E23: 11 | F23: 11 | K23: 11 | M23: 11 | N23: 6 | R23: 50 | T23: =C23+D23+E23+F23+G23+H23+I23+J23+K23+L23+M23+N23+O23+P23+Q23 -> 50
A24: 23 | B24: Салюк Дмитро Андрійович | J24: 11 | K24: 11 | R24: 22 | T24: =C24+D24+E24+F24+G24+H24+I24+J24+K24+L24+M24+N24+O24+P24+Q24 -> 22
A25: 24 | B25: Маковецький Юрій Миколайович | R25: 0 | T25: =C25+D25+E25+F25+G25+H25+I25+J25+K25+L25+M25+N25+O25+P25+Q25 -> 0
A26: 25 | B26: Міненко Олександр Андрійович | R26: 0 | T26: =C26+D26+E26+F26+G26+H26+I26+J26+K26+L26+M26+N26+O26+P26+Q26 -> 0
A27: 26 | B27: Салій Дмитро Миколайович | R27: 0 | T27: =C27+D27+E27+F27+G27+H27+I27+J27+K27+L27+M27+N27+O27+P27+Q27 -> 0
A28: 27 | B28: Різніченко Олег Олександрович | R28: 0 | T28: =C28+D28+E28+F28+G28+H28+I28+J28+K28+L28+M28+N28+O28+P28+Q28 -> 0
A29: 28 | B29: Рогозовець Андрій Вікторович | R29: 0 | T29: =C29+D29+E29+F29+G29+H29+I29+J29+K29+L29+M29+N29+O29+P29+Q29 -> 0
A30: 29 | B30: Старков Кирило Юрійович | R30: 0 | T30: =C30+D30+E30+F30+G30+H30+I30+J30+K30+L30+M30+N30+O30+P30+Q30 -> 0
A31: 30 | B31: Зубахін Сергій Александрович | R31: 0 | T31: =C31+D31+E31+F31+G31+H31+I31+J31+K31+L31+M31+N31+O31+P31+Q31 -> 0
A32: 31 | B32: Корнієнко Віталій Олегович | R32: 0 | T32: =C32+D32+E32+F32+G32+H32+I32+J32+K32+L32+M32+N32+O32+P32+Q32 -> 0
A33: 32 | B33: Щербак Петро Іванович | E33: 11 | R33: 11 | T33: =C33+D33+E33+F33+G33+H33+I33+J33+K33+L33+M33+N33+O33+P33+Q33 -> 11
A34: 33 | B34: Онучак Віктор Іванович | R34: 0 | T34: =C34+D34+E34+F34+G34+H34+I34+J34+K34+L34+M34+N34+O34+P34+Q34 -> 0
A35: 34 | B35: Батрак Віктор Володимирович | F35: 11 | K35: 10 | L35: 11 | M35: 10 | N35: 6 | Q35: 11 | R35: 59 | T35: =C35+D35+E35+F35+G35+H35+I35+J35+K35+L35+M35+N35+O35+P35+Q35 -> 59
A36: 35 | B36: Бондаренко Іван Олександрович | R36: 0 | T36: =C36+D36+E36+F36+G36+H36+I36+J36+K36+L36+M36+N36+O36+P36+Q36 -> 0
A37: 36 | B37: Підлісний Володимир Сергійович | C37: 11 | E37: 11 | R37: 22 | T37: =C37+D37+E37+F37+G37+H37+I37+J37+K37+L37+M37+N37+O37+P37+Q37 -> 22
A38: 37 | B38: Григоренко Ілля Олександрович | J38: 7 | K38: 11 | L38: 11 | M38: 10 | R38: 39 | T38: =C38+D38+E38+F38+G38+H38+I38+J38+K38+L38+M38+N38+O38+P38+Q38 -> 39
A39: 38 | B39: Зінченко Дмитро Володимирович | R39: 0 | T39: =C39+D39+E39+F39+G39+H39+I39+J39+K39+L39+M39+N39+O39+P39+Q39 -> 0
A40: 39 | B40: Гребінник Олексій Васильович | R40: 0 | T40: =C40+D40+E40+F40+G40+H40+I40+J40+K40+L40+M40+N40+O40+P40+Q40 -> 0
A41: 40 | B41: Ізюмець Олександр Евгенович | E41: 11 | J41: 11 | L41: 11 | R41: 33 | T41: =C41+D41+E41+F41+G41+H41+I41+J41+K41+L41+M41+N41+O41+P41+Q41 -> 33
A42: 41 | B42: Маркевич Ігор Ігорьович | D42: 11 | R42: 11 | T42: =C42+D42+E42+F42+G42+H42+I42+J42+K42+L42+M42+N42+O42+P42+Q42 -> 11
A43: 42 | B43: Раменюк Віталій Сергійович | R43: 0 | T43: =C43+D43+E43+F43+G43+H43+I43+J43+K43+L43+M43+N43+O43+P43+Q43 -> 0
A44: 43 | B44: Самогородський Ігор Віталійович | R44: 0 | T44: =C44+D44+E44+F44+G44+H44+I44+J44+K44+L44+M44+N44+O44+P44+Q44 -> 0
A45: 44 | B45: Іванова Світлана Юріївна | R45: 0 | T45: =C45+D45+E45+F45+G45+H45+I45+J45+K45+L45+M45+N45+O45+P45+Q45 -> 0
A46: 45 | B46: Ісайкіна Тетяна Іванівна | R46: 0 | T46: =C46+D46+E46+F46+G46+H46+I46+J46+K46+L46+M46+N46+O46+P46+Q46 -> 0
A47: 46 | B47: Деркс Сергій Анатолійович | R47: 0 | T47: =C47+D47+E47+F47+G47+H47+I47+J47+K47+L47+M47+N47+O47+P47+Q47 -> 0
A48: 47 | B48: Гусаков Роман Давидович | R48: 0 | T48: =C48+D48+E48+F48+G48+H48+I48+J48+K48+L48+M48+N48+O48+P48+Q48 -> 0
A49: 48 | B49: Гусаков Давид Давидович | R49: 0 | T49: =C49+D49+E49+F49+G49+H49+I49+J49+K49+L49+M49+N49+O49+P49+Q49 -> 0
A50: 49 | B50: Тужиков Артем Денисович | K50: 4 | L50: 11 | R50: 15 | T50: =C50+D50+E50+F50+G50+H50+I50+J50+K50+L50+M50+N50+O50+P50+Q50 -> 15
A51: 50 | B51: Ластовка Андрій Михайлович | R51: 0 | T51: =C51+D51+E51+F51+G51+H51+I51+J51+K51+L51+M51+N51+O51+P51+Q51 -> 0
A52: 51 | B52: Шомін Вадим Сергійович | R52: 0 | T52: =C52+D52+E52+F52+G52+H52+I52+J52+K52+L52+M52+N52+O52+P52+Q52 -> 0
A53: 52 | B53: Дзюба Едуард Іванович | D53: 12 | J53: 12 | R53: 24 | T53: =C53+D53+E53+F53+G53+H53+I53+J53+K53+L53+M53+N53+O53+P53+Q53 -> 24
A54: 53 | B54: Туркевич Дмитро Миколайович | C54: 11 | E54: 11 | R54: 22 | T54: =C54+D54+E54+F54+G54+H54+I54+J54+K54+L54+M54+N54+O54+P54+Q54 -> 22
A55: 54 | B55: Петров Михайло Олександрович | R55: 0 | T55: =C55+D55+E55+F55+G55+H55+I55+J55+K55+L55+M55+N55+O55+P55+Q55 -> 0
A56: 55 | B56: Кобяковский Іван Олександрович | J56: 11 | R56: 11 | T56: =C56+D56+E56+F56+G56+H56+I56+J56+K56+L56+M56+N56+O56+P56+Q56 -> 11
A57: 56 | B57: Авжабаров Олексій Володимирович | R57: 0 | T57: =C57+D57+E57+F57+G57+H57+I57+J57+K57+L57+M57+N57+O57+P57+Q57 -> 0
A58: 57 | B58: Дубовий Роман Анатолійович | R58: 0 | T58: =C58+D58+E58+F58+G58+H58+I58+J58+K58+L58+M58+N58+O58+P58+Q58 -> 0
A59: 58 | B59: Кузнецов Олексій Вікторович | R59: 0 | T59: =C59+D59+E59+F59+G59+H59+I59+J59+K59+L59+M59+N59+O59+P59+Q59 -> 0
A60: 59 | B60: Чернобров Олександр Миколайович | R60: 0 | T60: =C60+D60+E60+F60+G60+H60+I60+J60+K60+L60+M60+N60+O60+P60+Q60 -> 0
A61: 60 | B61: Ткаченко Сергій Володимирович | R61: 0 | T61: =C61+D61+E61+F61+G61+H61+I61+J61+K61+L61+M61+N61+O61+P61+Q61 -> 0
A62: 61 | B62: Ніколаєнко Олександр Сергійович | J62: 11 | R62: 11 | T62: =C62+D62+E62+F62+G62+H62+I62+J62+K62+L62+M62+N62+O62+P62+Q62 -> 11
A63: 62 | B63: Циба Василь Олександрович | F63: 11 | J63: 11 | K63: 11 | L63: 11 | R63: 44 | T63: =C63+D63+E63+F63+G63+H63+I63+J63+K63+L63+M63+N63+O63+P63+Q63 -> 44
A64: 63 | B64: Осовіцький Ростислав Олександрович | L64: 11 | R64: 11 | T64: =C64+D64+E64+F64+G64+H64+I64+J64+K64+L64+M64+N64+O64+P64+Q64 -> 11
R65: 646

Sheet ООН48
A1: N | B1: Сотрудник | C1: 16 | D1: 17 | E1: 18 | F1: 19 | G1: 20 | H1: 21 | I1: 22 | J1: 23 | K1: 24 | L1: 25 | M1: 26 | N1: 27 | O1: 28 | P1: 29 | Q1: 30 | R1: Всего часов
A2: 1 | B2: Багацький Вадим Геннадійович | R2: 0 | T2: =C2+D2+E2+F2+G2+H2+I2+J2+K2+L2+M2+N2+O2+P2+Q2 -> 0
A3: 2 | B3: Васильєв Віталій Юрійович | R3: 0 | T3: =C3+D3+E3+F3+G3+H3+I3+J3+K3+L3+M3+N3+O3+P3+Q3 -> 0
A4: 3 | B4: Григоренко Олександр Миколайович | R4: 0 | T4: =C4+D4+E4+F4+G4+H4+I4+J4+K4+L4+M4+N4+O4+P4+Q4 -> 0
A5: 4 | B5: Григорьєв Микола Андрійович | M5: 11 | R5: 11 | T5: =C5+D5+E5+F5+G5+H5+I5+J5+K5+L5+M5+N5+O5+P5+Q5 -> 11
A6: 5 | B6: Григор'єв Михайло Андрійович | M6: 11 | N6: 6 | R6: 17 | T6: =C6+D6+E6+F6+G6+H6+I6+J6+K6+L6+M6+N6+O6+P6+Q6 -> 17
A7: 6 | B7: Іванов Олексій Вікторович | R7: 0 | T7: =C7+D7+E7+F7+G7+H7+I7+J7+K7+L7+M7+N7+O7+P7+Q7 -> 0
A8: 7 | B8: Іскрицький Денис Русланович | R8: 0 | T8: =C8+D8+E8+F8+G8+H8+I8+J8+K8+L8+M8+N8+O8+P8+Q8 -> 0
A9: 8 | B9: Корнієнко Станіслав Володимирович | R9: 0 | T9: =C9+D9+E9+F9+G9+H9+I9+J9+K9+L9+M9+N9+O9+P9+Q9 -> 0
A10: 9 | B10: Масливець Ігор Валерійович | R10: 0 | T10: =C10+D10+E10+F10+G10+H10+I10+J10+K10+L10+M10+N10+O10+P10+Q10 -> 0
A11: 10 | B11: Скрипник Олександр Павлович | R11: 0 | T11: =C11+D11+E11+F11+G11+H11+I11+J11+K11+L11+M11+N11+O11+P11+Q11 -> 0
A12: 11 | B12: Паламарчук Вячеслав Володимирович | M12: 10 | N12: 6 | R12: 16 | T12: =C12+D12+E12+F12+G12+H12+I12+J12+K12+L12+M12+N12+O12+P12+Q12 -> 16
A13: 12 | B13: Дехтяр Владислав Олександрович | R13: 0 | T13: =C13+D13+E13+F13+G13+H13+I13+J13+K13+L13+M13+N13+O13+P13+Q13 -> 0
A14: 13 | B14: Тужиков Валерій Владиславович | R14: 0 | T14: =C14+D14+E14+F14+G14+H14+I14+J14+K14+L14+M14+N14+O14+P14+Q14 -> 0
A15: 14 | B15: Сівов Євген Миколайович | R15: 0 | T15: =C15+D15+E15+F15+G15+H15+I15+J15+K15+L15+M15+N15+O15+P15+Q15 -> 0
A16: 15 | B16: Кіфор Юрій Михайлович | M16: 11 | N16: 6 | R16: 17 | T16: =C16+D16+E16+F16+G16+H16+I16+J16+K16+L16+M16+N16+O16+P16+Q16 -> 17
A17: 16 | B17: Петренко Микола Григорович | M17: 9 | N17: 6 | R17: 15 | T17: =C17+D17+E17+F17+G17+H17+I17+J17+K17+L17+M17+N17+O17+P17+Q17 -> 15
A18: 17 | B18: Рубленко Микола Іванович | R18: 0 | T18: =C18+D18+E18+F18+G18+H18+I18+J18+K18+L18+M18+N18+O18+P18+Q18 -> 0
A19: 18 | B19: Серебренніков Володимир Олександрович | R19: 0 | T19: =C19+D19+E19+F19+G19+H19+I19+J19+K19+L19+M19+N19+O19+P19+Q19 -> 0
A20: 19 | B20: Чешко Сергій Анатолійович | R20: 0 | T20: =C20+D20+E20+F20+G20+H20+I20+J20+K20+L20+M20+N20+O20+P20+Q20 -> 0
A21: 20 | B21: Нерезенко Євгеній Віктоорович | R21: 0 | T21: =C21+D21+E21+F21+G21+H21+I21+J21+K21+L21+M21+N21+O21+P21+Q21 -> 0
A22: 21 | B22: Шавкун Максим Анатолійович | R22: 0 | T22: =C22+D22+E22+F22+G22+H22+I22+J22+K22+L22+M22+N22+O22+P22+Q22 -> 0
A23: 22 | B23: Чуйко Олег Олегович | R23: 0 | T23: =C23+D23+E23+F23+G23+H23+I23+J23+K23+L23+M23+N23+O23+P23+Q23 -> 0
A24: 23 | B24: Салюк Дмитро Андрійович | R24: 0 | T24: =C24+D24+E24+F24+G24+H24+I24+J24+K24+L24+M24+N24+O24+P24+Q24 -> 0
A25: 24 | B25: Маковецький Юрій Миколайович | R25: 0 | T25: =C25+D25+E25+F25+G25+H25+I25+J25+K25+L25+M25+N25+O25+P25+Q25 -> 0
A26: 25 | B26: Міненко Олександр Андрійович | R26: 0 | T26: =C26+D26+E26+F26+G26+H26+I26+J26+K26+L26+M26+N26+O26+P26+Q26 -> 0
A27: 26 | B27: Салій Дмитро Миколайович | R27: 0 | T27: =C27+D27+E27+F27+G27+H27+I27+J27+K27+L27+M27+N27+O27+P27+Q27 -> 0
A28: 27 | B28: Різніченко Олег Олександрович | R28: 0 | T28: =C28+D28+E28+F28+G28+H28+I28+J28+K28+L28+M28+N28+O28+P28+Q28 -> 0
A29: 28 | B29: Рогозовець Андрій Вікторович | R29: 0 | T29: =C29+D29+E29+F29+G29+H29+I29+J29+K29+L29+M29+N29+O29+P29+Q29 -> 0
... A36: 35 | B36: Бондаренко Іван Олександрович | R36: 0 | T36: =C36+D36+E36+F36+G36+H36+I36+J36+K36+L36+M36+N36+O36+P36+Q36 -> 0
A37: 36 | B37: Підлісний Володимир Сергійович | F37: 11 | R37: 11 | T37: =C37+D37+E37+F37+G37+H37+I37+J37+K37+L37+M37+N37+O37+P37+Q37 -> 11
A38: 37 | B38: Григоренко Ілля Олександрович | R38: 0 | T38: =C38+D38+E38+F38+G38+H38+I38+J38+K38+L38+M38+N38+O38+P38+Q38 -> 0
A39: 38 | B39: Зінченко Дмитро Володимирович | R39: 0 | T39: =C39+D39+E39+F39+G39+H39+I39+J39+K39+L39+M39+N39+O39+P39+Q39 -> 0
A40: 39 | B40: Гребінник Олексій Васильович | K40: 11 | R40: 11 | T40: =C40+D40+E40+F40+G40+H40+I40+J40+K40+L40+M40+N40+O40+P40+Q40 -> 11
A41: 40 | B41: Ізюмець Олександр Евгенович | F41: 11 | M41: 11 | R41: 22 | T41: =C41+D41+E41+F41+G41+H41+I41+J41+K41+L41+M41+N41+O41+P41+Q41 -> 22
A42: 41 | B42: Маркевич Ігор Ігорьович | K42: 11 | R42: 11 | T42: =C42+D42+E42+F42+G42+H42+I42+J42+K42+L42+M42+N42+O42+P42+Q42 -> 11
A43: 42 | B43: Раменюк Віталій Сергійович | R43: 0 | T43: =C43+D43+E43+F43+G43+H43+I43+J43+K43+L43+M43+N43+O43+P43+Q43 -> 0
A44: 43 | B44: Самогородський Ігор Віталійович | R44: 0 | T44: =C44+D44+E44+F44+G44+H44+I44+J44+K44+L44+M44+N44+O44+P44+Q44 -> 0
A45: 44 | B45: Іванова Світлана Юріївна | R45: 0 | T45: =C45+D45+E45+F45+G45+H45+I45+J45+K45+L45+M45+N45+O45+P45+Q45 -> 0
A46: 45 | B46: Ісайкіна Тетяна Іванівна | R46: 0 | T46: =C46+D46+E46+F46+G46+H46+I46+J46+K46+L46+M46+N46+O46+P46+Q46 -> 0
A47: 46 | B47: Деркс Сергій Анатолійович | R47: 0 | T47: =C47+D47+E47+F47+G47+H47+I47+J47+K47+L47+M47+N47+O47+P47+Q47 -> 0
A48: 47 | B48: Гусаков Роман Давидович | P48: 11 | Q48: 11 | R48: 22 | T48: =C48+D48+E48+F48+G48+H48+I48+J48+K48+L48+M48+N48+O48+P48+Q48 -> 22
A49: 48 | B49: Гусаков Давид Давидович | P49: 11 | Q49: 11 | R49: 22 | T49: =C49+D49+E49+F49+G49+H49+I49+J49+K49+L49+M49+N49+O49+P49+Q49 -> 22
A50: 49 | B50: Тужиков Артем Денисович | M50: 11 | N50: 6 | P50: 11 | Q50: 11 | R50: 39 | T50: =C50+D50+E50+F50+G50+H50+I50+J50+K50+L50+M50+N50+O50+P50+Q50 -> 39
A51: 50 | B51: Ластовка Андрій Михайлович | R51: 0 | T51: =C51+D51+E51+F51+G51+H51+I51+J51+K51+L51+M51+N51+O51+P51+Q51 -> 0
A52: 51 | B52: Шомін Вадим Сергійович | R52: 0 | T52: =C52+D52+E52+F52+G52+H52+I52+J52+K52+L52+M52+N52+O52+P52+Q52 -> 0
A53: 52 | B53: Дзюба Едуард Іванович | R53: 0 | T53: =C53+D53+E53+F53+G53+H53+I53+J53+K53+L53+M53+N53+O53+P53+Q53 -> 0
A54: 53 | B54: Туркевич Дмитро Миколайович | F54: 11 | R54: 11 | T54: =C54+D54+E54+F54+G54+H54+I54+J54+K54+L54+M54+N54+O54+P54+Q54 -> 11
A55: 54 | B55: Петров Михайло Олександрович | R55: 0 | T55: =C55+D55+E55+F55+G55+H55+I55+J55+K55+L55+M55+N55+O55+P55+Q55 -> 0
A56: 55 | B56: Кобяковский Іван Олександрович | R56: 0 | T56: =C56+D56+E56+F56+G56+H56+I56+J56+K56+L56+M56+N56+O56+P56+Q56 -> 0
A57: 56 | B57: Авжабаров Олексій Володимирович | R57: 0 | T57: =C57+D57+E57+F57+G57+H57+I57+J57+K57+L57+M57+N57+O57+P57+Q57 -> 0
A58: 57 | B58: Дубовий Роман Анатолійович | R58: 0 | T58: =C58+D58+E58+F58+G58+H58+I58+J58+K58+L58+M58+N58+O58+P58+Q58 -> 0
A59: 58 | B59: Кузнецов Олексій Вікторович | R59: 0 | T59: =C59+D59+E59+F59+G59+H59+I59+J59+K59+L59+M59+N59+O59+P59+Q59 -> 0
A60: 59 | B60: Чернобров Олександр Миколайович | R60: 0 | T60: =C60+D60+E60+F60+G60+H60+I60+J60+K60+L60+M60+N60+O60+P60+Q60 -> 0
A61: 60 | B61: Ткаченко Сергій Володимирович | R61: 0 | T61: =C61+D61+E61+F61+G61+H61+I61+J61+K61+L61+M61+N61+O61+P61+Q61 -> 0
A62: 61 | B62: Ніколаєнко Олександр Сергійович | R62: 0 | T62: =C62+D62+E62+F62+G62+H62+I62+J62+K62+L62+M62+N62+O62+P62+Q62 -> 0
A63: 62 | B63: Циба Василь Олександрович | M63: 11 | N63: 6 | P63: 11 | R63: 28 | T63: =C63+D63+E63+F63+G63+H63+I63+J63+K63+L63+M63+N63+O63+P63+Q63 -> 28
A64: 63 | B64: Осовіцький Ростислав Олександрович | M64: 10 | N64: 6 | P64: 11 | Q64: 11 | R64: 38 | T64: =C64+D64+E64+F64+G64+H64+I64+J64+K64+L64+M64+N64+O64+P64+Q64 -> 38
R65: 291

Sheet ООН49
A1: N | B1: Сотрудник | C1: 16 | D1: 17 | E1: 18 | F1: 19 | G1: 20 | H1: 21 | I1: 22 | J1: 23 | K1: 24 | L1: 25 | M1: 26 | N1: 27 | O1: 28 | P1: 29 | Q1: 30 | R1: Всего часов
A2: 1 | B2: Багацький Вадим Геннадійович | R2: 0 | T2: =C2+D2+E2+F2+G2+H2+I2+J2+K2+L2+M2+N2+O2+P2+Q2 -> 0
A3: 2 | B3: Васильєв Віталій Юрійович | R3: 0 | T3: =C3+D3+E3+F3+G3+H3+I3+J3+K3+L3+M3+N3+O3+P3+Q3 -> 0
A4: 3 | B4: Григоренко Олександр Миколайович | R4: 0 | T4: =C4+D4+E4+F4+G4+H4+I4+J4+K4+L4+M4+N4+O4+P4+Q4 -> 0
A5: 4 | B5: Григорьєв Микола Андрійович | R5: 0 | T5: =C5+D5+E5+F5+G5+H5+I5+J5+K5+L5+M5+N5+O5+P5+Q5 -> 0
A6: 5 | B6: Григор'єв Михайло Андрійович | R6: 0 | T6: =C6+D6+E6+F6+G6+H6+I6+J6+K6+L6+M6+N6+O6+P6+Q6 -> 0
A7: 6 | B7: Іванов Олексій Вікторович | R7: 0 | T7: =C7+D7+E7+F7+G7+H7+I7+J7+K7+L7+M7+N7+O7+P7+Q7 -> 0
A8: 7 | B8: Іскрицький Денис Русланович | R8: 0 | T8: =C8+D8+E8+F8+G8+H8+I8+J8+K8+L8+M8+N8+O8+P8+Q8 -> 0
A9: 8 | B9: Корнієнко Станіслав Володимирович | R9: 0 | T9: =C9+D9+E9+F9+G9+H9+I9+J9+K9+L9+M9+N9+O9+P9+Q9 -> 0
A10: 9 | B10: Масливець Ігор Валерійович | R10: 0 | T10: =C10+D10+E10+F10+G10+H10+I10+J10+K10+L10+M10+N10+O10+P10+Q10 -> 0
A11: 10 | B11: Скрипник Олександр Павлович | R11: 0 | T11: =C11+D11+E11+F11+G11+H11+I11+J11+K11+L11+M11+N11+O11+P11+Q11 -> 0
A12: 11 | B12: Паламарчук Вячеслав Володимирович | R12: 0 | T12: =C12+D12+E12+F12+G12+H12+I12+J12+K12+L12+M12+N12+O12+P12+Q12 -> 0
A13: 12 | B13: Дехтяр Владислав Олександрович | R13: 0 | T13: =C13+D13+E13+F13+G13+H13+I13+J13+K13+L13+M13+N13+O13+P13+Q13 -> 0
... A33: 32 | B33: Щербак Петро Іванович | R33: 0 | T33: =C33+D33+E33+F33+G33+H33+I33+J33+K33+L33+M33+N33+O33+P33+Q33 -> 0
A34: 33 | B34: Онучак Віктор Іванович | L34: 11 | R34: 11 | T34: =C34+D34+E34+F34+G34+H34+I34+J34+K34+L34+M34+N34+O34+P34+Q34 -> 11
A35: 34 | B35: Батрак Віктор Володимирович | R35: 0 | T35: =C35+D35+E35+F35+G35+H35+I35+J35+K35+L35+M35+N35+O35+P35+Q35 -> 0
A36: 35 | B36: Бондаренко Іван Олександрович | R36: 0 | T36: =C36+D36+E36+F36+G36+H36+I36+J36+K36+L36+M36+N36+O36+P36+Q36 -> 0
A37: 36 | B37: Підлісний Володимир Сергійович | R37: 0 | T37: =C37+D37+E37+F37+G37+H37+I37+J37+K37+L37+M37+N37+O37+P37+Q37 -> 0
A38: 37 | B38: Григоренко Ілля Олександрович | R38: 0 | T38: =C38+D38+E38+F38+G38+H38+I38+J38+K38+L38+M38+N38+O38+P38+Q38 -> 0
A39: 38 | B39: Зінченко Дмитро Володимирович | R39: 0 | T39: =C39+D39+E39+F39+G39+H39+I39+J39+K39+L39+M39+N39+O39+P39+Q39 -> 0
A40: 39 | B40: Гребінник Олексій Васильович | L40: 11 | R40: 11 | T40: =C40+D40+E40+F40+G40+H40+I40+J40+K40+L40+M40+N40+O40+P40+Q40 -> 11
A41: 40 | B41: Ізюмець Олександр Евгенович | R41: 0 | T41: =C41+D41+E41+F41+G41+H41+I41+J41+K41+L41+M41+N41+O41+P41+Q41 -> 0
A42: 41 | B42: Маркевич Ігор Ігорьович | R42: 0 | T42: =C42+D42+E42+F42+G42+H42+I42+J42+K42+L42+M42+N42+O42+P42+Q42 -> 0
A43: 42 | B43: Раменюк Віталій Сергійович | R43: 0 | T43: =C43+D43+E43+F43+G43+H43+I43+J43+K43+L43+M43+N43+O43+P43+Q43 -> 0
A44: 43 | B44: Самогородський Ігор Віталійович | R44: 0 | T44: =C44+D44+E44+F44+G44+H44+I44+J44+K44+L44+M44+N44+O44+P44+Q44 -> 0
A45: 44 | B45: Іванова Світлана Юріївна | R45: 0 | T45: =C45+D45+E45+F45+G45+H45+I45+J45+K45+L45+M45+N45+O45+P45+Q45 -> 0
A46: 45 | B46: Ісайкіна Тетяна Іванівна | R46: 0 | T46: =C46+D46+E46+F46+G46+H46+I46+J46+K46+L46+M46+N46+O46+P46+Q46 -> 0
A47: 46 | B47: Деркс Сергій Анатолійович | R47: 0 | T47: =C47+D47+E47+F47+G47+H47+I47+J47+K47+L47+M47+N47+O47+P47+Q47 -> 0
A48: 47 | B48: Гусаков Роман Давидович | R48: 0 | T48: =C48+D48+E48+F48+G48+H48+I48+J48+K48+L48+M48+N48+O48+P48+Q48 -> 0
A49: 48 | B49: Гусаков Давид Давидович | R49: 0 | T49: =C49+D49+E49+F49+G49+H49+I49+J49+K49+L49+M49+N49+O49+P49+Q49 -> 0
A50: 49 | B50: Тужиков Артем Денисович | R50: 0 | T50: =C50+D50+E50+F50+G50+H50+I50+J50+K50+L50+M50+N50+O50+P50+Q50 -> 0
A51: 50 | B51: Ластовка Андрій Михайлович | R51: 0 | T51: =C51+D51+E51+F51+G51+H51+I51+J51+K51+L51+M51+N51+O51+P51+Q51 -> 0
A52: 51 | B52: Шомін Вадим Сергійович | R52: 0 | T52: =C52+D52+E52+F52+G52+H52+I52+J52+K52+L52+M52+N52+O52+P52+Q52 -> 0
A53: 52 | B53: Дзюба Едуард Іванович | K53: 12 | R53: 12 | T53: =C53+D53+E53+F53+G53+H53+I53+J53+K53+L53+M53+N53+O53+P53+Q53 -> 12
A54: 53 | B54: Туркевич Дмитро Миколайович | R54: 0 | T54: =C54+D54+E54+F54+G54+H54+I54+J54+K54+L54+M54+N54+O54+P54+Q54 -> 0
A55: 54 | B55: Петров Михайло Олександрович | R55: 0 | T55: =C55+D55+E55+F55+G55+H55+I55+J55+K55+L55+M55+N55+O55+P55+Q55 -> 0
A56: 55 | B56: Кобяковский Іван Олександрович | R56: 0 | T56: =C56+D56+E56+F56+G56+H56+I56+J56+K56+L56+M56+N56+O56+P56+Q56 -> 0
A57: 56 | B57: Авжабаров Олексій Володимирович | R57: 0 | T57: =C57+D57+E57+F57+G57+H57+I57+J57+K57+L57+M57+N57+O57+P57+Q57 -> 0
A58: 57 | B58: Дубовий Роман Анатолійович | R58: 0 | T58: =C58+D58+E58+F58+G58+H58+I58+J58+K58+L58+M58+N58+O58+P58+Q58 -> 0
A59: 58 | B59: Кузнецов Олексій Вікторович | R59: 0 | T59: =C59+D59+E59+F59+G59+H59+I59+J59+K59+L59+M59+N59+O59+P59+Q59 -> 0
A60: 59 | B60: Чернобров Олександр Миколайович | R60: 0 | T60: =C60+D60+E60+F60+G60+H60+I60+J60+K60+L60+M60+N60+O60+P60+Q60 -> 0
A61: 60 | B61: Ткаченко Сергій Володимирович | R61: 0 | T61: =C61+D61+E61+F61+G61+H61+I61+J61+K61+L61+M61+N61+O61+P61+Q61 -> 0
A62: 61 | B62: Ніколаєнко Олександр Сергійович | R62: 0 | T62: =C62+D62+E62+F62+G62+H62+I62+J62+K62+L62+M62+N62+O62+P62+Q62 -> 0
A63: 62 | B63: Циба Василь Олександрович | R63: 0 | T63: =C63+D63+E63+F63+G63+H63+I63+J63+K63+L63+M63+N63+O63+P63+Q63 -> 0
A64: 63 | B64: Осовіцький Ростислав Олександрович | R64: 0 | T64: =C64+D64+E64+F64+G64+H64+I64+J64+K64+L64+M64+N64+O64+P64+Q64 -> 0
R65: 34

Sheet ООн50
A1: N | B1: Сотрудник | C1: 16 | D1: 17 | E1: 18 | F1: 19 | G1: 20 | H1: 21 | I1: 22 | J1: 23 | K1: 24 | L1: 25 | M1: 26 | N1: 27 | O1: 28 | P1: 29 | Q1: 30 | R1: Всего часов
A2: 1 | B2: Багацький Вадим Геннадійович | R2: 0 | T2: =C2+D2+E2+F2+G2+H2+I2+J2+K2+L2+M2+N2+O2+P2+Q2 -> 0
A3: 2 | B3: Васильєв Віталій Юрійович | R3: 0 | T3: =C3+D3+E3+F3+G3+H3+I3+J3+K3+L3+M3+N3+O3+P3+Q3 -> 0
A4: 3 | B4: Григоренко Олександр Миколайович | R4: 0 | T4: =C4+D4+E4+F4+G4+H4+I4+J4+K4+L4+M4+N4+O4+P4+Q4 -> 0
A5: 4 | B5: Григорьєв Микола Андрійович | R5: 0 | T5: =C5+D5+E5+F5+G5+H5+I5+J5+K5+L5+M5+N5+O5+P5+Q5 -> 0
A6: 5 | B6: Григор'єв Михайло Андрійович | R6: 0 | T6: =C6+D6+E6+F6+G6+H6+I6+J6+K6+L6+M6+N6+O6+P6+Q6 -> 0
A7: 6 | B7: Іванов Олексій Вікторович | R7: 0 | T7: =C7+D7+E7+F7+G7+H7+I7+J7+K7+L7+M7+N7+O7+P7+Q7 -> 0
A8: 7 | B8: Іскрицький Денис Русланович | R8: 0 | T8: =C8+D8+E8+F8+G8+H8+I8+J8+K8+L8+M8+N8+O8+P8+Q8 -> 0
A9: 8 | B9: Корнієнко Станіслав Володимирович | R9: 0 | T9: =C9+D9+E9+F9+G9+H9+I9+J9+K9+L9+M9+N9+O9+P9+Q9 -> 0
A10: 9 | B10: Масливець Ігор Валерійович | R10: 0 | T10: =C10+D10+E10+F10+G10+H10+I10+J10+K10+L10+M10+N10+O10+P10+Q10 -> 0
A11: 10 | B11: Скрипник Олександр Павлович | R11: 0 | T11: =C11+D11+E11+F11+G11+H11+I11+J11+K11+L11+M11+N11+O11+P11+Q11 -> 0
A12: 11 | B12: Паламарчук Вячеслав Володимирович | R12: 0 | T12: =C12+D12+E12+F12+G12+H12+I12+J12+K12+L12+M12+N12+O12+P12+Q12 -> 0
A13: 12 | B13: Дехтяр Владислав Олександрович | R13: 0 | T13: =C13+D13+E13+F13+G13+H13+I13+J13+K13+L13+M13+N13+O13+P13+Q13 -> 0
... A39: 38 | B39: Зінченко Дмитро Володимирович | R39: 0 | T39: =C39+D39+E39+F39+G39+H39+I39+J39+K39+L39+M39+N39+O39+P39+Q39 -> 0
A40: 39 | B40: Гребінник Олексій Васильович | M40: 11 | N40: 6 | Q40: 11 | R40: 28 | T40: =C40+D40+E40+F40+G40+H40+I40+J40+K40+L40+M40+N40+O40+P40+Q40 -> 28
A41: 40 | B41: Ізюмець Олександр Евгенович | R41: 0 | T41: =C41+D41+E41+F41+G41+H41+I41+J41+K41+L41+M41+N41+O41+P41+Q41 -> 0
A42: 41 | B42: Маркевич Ігор Ігорьович | R42: 0 | T42: =C42+D42+E42+F42+G42+H42+I42+J42+K42+L42+M42+N42+O42+P42+Q42 -> 0
A43: 42 | B43: Раменюк Віталій Сергійович | R43: 0 | T43: =C43+D43+E43+F43+G43+H43+I43+J43+K43+L43+M43+N43+O43+P43+Q43 -> 0
A44: 43 | B44: Самогородський Ігор Віталійович | R44: 0 | T44: =C44+D44+E44+F44+G44+H44+I44+J44+K44+L44+M44+N44+O44+P44+Q44 -> 0
A45: 44 | B45: Іванова Світлана Юріївна | R45: 0 | T45: =C45+D45+E45+F45+G45+H45+I45+J45+K45+L45+M45+N45+O45+P45+Q45 -> 0
A46: 45 | B46: Ісайкіна Тетяна Іванівна | R46: 0 | T46: =C46+D46+E46+F46+G46+H46+I46+J46+K46+L46+M46+N46+O46+P46+Q46 -> 0
A47: 46 | B47: Деркс Сергій Анатолійович | R47: 0 | T47: =C47+D47+E47+F47+G47+H47+I47+J47+K47+L47+M47+N47+O47+P47+Q47 -> 0
A48: 47 | B48: Гусаков Роман Давидович | R48: 0 | T48: =C48+D48+E48+F48+G48+H48+I48+J48+K48+L48+M48+N48+O48+P48+Q48 -> 0
A49: 48 | B49: Гусаков Давид Давидович | R49: 0 | T49: =C49+D49+E49+F49+G49+H49+I49+J49+K49+L49+M49+N49+O49+P49+Q49 -> 0
A50: 49 | B50: Тужиков Артем Денисович | R50: 0 | T50: =C50+D50+E50+F50+G50+H50+I50+J50+K50+L50+M50+N50+O50+P50+Q50 -> 0
A51: 50 | B51: Ластовка Андрій Михайлович | R51: 0 | T51: =C51+D51+E51+F51+G51+H51+I51+J51+K51+L51+M51+N51+O51+P51+Q51 -> 0
A52: 51 | B52: Шомін Вадим Сергійович | R52: 0 | T52: =C52+D52+E52+F52+G52+H52+I52+J52+K52+L52+M52+N52+O52+P52+Q52 -> 0
... A64: 63 | B64: Осовіцький Ростислав Олександрович | R64: 0 | T64: =C64+D64+E64+F64+G64+H64+I64+J64+K64+L64+M64+N64+O64+P64+Q64 -> 0
R65: 28

Sheet ООН51
A1: N | B1: Сотрудник | C1: 16 | D1: 17 | E1: 18 | F1: 19 | G1: 20 | H1: 21 | I1: 22 | J1: 23 | K1: 24 | L1: 25 | M1: 26 | N1: 27 | O1: 28 | P1: 29 | Q1: 30 | R1: Всего часов
A2: 1 | B2: Багацький Вадим Геннадійович | R2: 0 | T2: =C2+D2+E2+F2+G2+H2+I2+J2+K2+L2+M2+N2+O2+P2+Q2 -> 0
A3: 2 | B3: Васильєв Віталій Юрійович | R3: 0 | T3: =C3+D3+E3+F3+G3+H3+I3+J3+K3+L3+M3+N3+O3+P3+Q3 -> 0
A4: 3 | B4: Григоренко Олександр Миколайович | R4: 0 | T4: =C4+D4+E4+F4+G4+H4+I4+J4+K4+L4+M4+N4+O4+P4+Q4 -> 0
A5: 4 | B5: Григорьєв Микола Андрійович | R5: 0 | T5: =C5+D5+E5+F5+G5+H5+I5+J5+K5+L5+M5+N5+O5+P5+Q5 -> 0
A6: 5 | B6: Григор'єв Михайло Андрійович | R6: 0 | T6: =C6+D6+E6+F6+G6+H6+I6+J6+K6+L6+M6+N6+O6+P6+Q6 -> 0
A7: 6 | B7: Іванов Олексій Вікторович | R7: 0 | T7: =C7+D7+E7+F7+G7+H7+I7+J7+K7+L7+M7+N7+O7+P7+Q7 -> 0
A8: 7 | B8: Іскрицький Денис Русланович | R8: 0 | T8: =C8+D8+E8+F8+G8+H8+I8+J8+K8+L8+M8+N8+O8+P8+Q8 -> 0
A9: 8 | B9: Корнієнко Станіслав Володимирович | R9: 0 | T9: =C9+D9+E9+F9+G9+H9+I9+J9+K9+L9+M9+N9+O9+P9+Q9 -> 0
A10: 9 | B10: Масливець Ігор Валерійович | R10: 0 | T10: =C10+D10+E10+F10+G10+H10+I10+J10+K10+L10+M10+N10+O10+P10+Q10 -> 0
A11: 10 | B11: Скрипник Олександр Павлович | R11: 0 | T11: =C11+D11+E11+F11+G11+H11+I11+J11+K11+L11+M11+N11+O11+P11+Q11 -> 0
A12: 11 | B12: Паламарчук Вячеслав Володимирович | R12: 0 | T12: =C12+D12+E12+F12+G12+H12+I12+J12+K12+L12+M12+N12+O12+P12+Q12 -> 0
A13: 12 | B13: Дехтяр Владислав Олександрович | R13: 0 | T13: =C13+D13+E13+F13+G13+H13+I13+J13+K13+L13+M13+N13+O13+P13+Q13 -> 0
... A41: 40 | B41: Ізюмець Олександр Евгенович | R41: 0 | T41: =C41+D41+E41+F41+G41+H41+I41+J41+K41+L41+M41+N41+O41+P41+Q41 -> 0
A42: 41 | B42: Маркевич Ігор Ігорьович | M42: 11 | R42: 11 | T42: =C42+D42+E42+F42+G42+H42+I42+J42+K42+L42+M42+N42+O42+P42+Q42 -> 11
A43: 42 | B43: Раменюк Віталій Сергійович | R43: 0 | T43: =C43+D43+E43+F43+G43+H43+I43+J43+K43+L43+M43+N43+O43+P43+Q43 -> 0
A44: 43 | B44: Самогородський Ігор Віталійович | R44: 0 | T44: =C44+D44+E44+F44+G44+H44+I44+J44+K44+L44+M44+N44+O44+P44+Q44 -> 0
A45: 44 | B45: Іванова Світлана Юріївна | R45: 0 | T45: =C45+D45+E45+F45+G45+H45+I45+J45+K45+L45+M45+N45+O45+P45+Q45 -> 0
A46: 45 | B46: Ісайкіна Тетяна Іванівна | R46: 0 | T46: =C46+D46+E46+F46+G46+H46+I46+J46+K46+L46+M46+N46+O46+P46+Q46 -> 0
A47: 46 | B47: Деркс Сергій Анатолійович | R47: 0 | T47: =C47+D47+E47+F47+G47+H47+I47+J47+K47+L47+M47+N47+O47+P47+Q47 -> 0
A48: 47 | B48: Гусаков Роман Давидович | R48: 0 | T48: =C48+D48+E48+F48+G48+H48+I48+J48+K48+L48+M48+N48+O48+P48+Q48 -> 0
A49: 48 | B49: Гусаков Давид Давидович | R49: 0 | T49: =C49+D49+E49+F49+G49+H49+I49+J49+K49+L49+M49+N49+O49+P49+Q49 -> 0
A50: 49 | B50: Тужиков Артем Денисович | R50: 0 | T50: =C50+D50+E50+F50+G50+H50+I50+J50+K50+L50+M50+N50+O50+P50+Q50 -> 0
A51: 50 | B51: Ластовка Андрій Михайлович | R51: 0 | T51: =C51+D51+E51+F51+G51+H51+I51+J51+K51+L51+M51+N51+O51+P51+Q51 -> 0
A52: 51 | B52: Шомін Вадим Сергійович | R52: 0 | T52: =C52+D52+E52+F52+G52+H52+I52+J52+K52+L52+M52+N52+O52+P52+Q52 -> 0
A53: 52 | B53: Дзюба Едуард Іванович | R53: 0 | T53: =C53+D53+E53+F53+G53+H53+I53+J53+K53+L53+M53+N53+O53+P53+Q53 -> 0
A54: 53 | B54: Туркевич Дмитро Миколайович | R54: 0 | T54: =C54+D54+E54+F54+G54+H54+I54+J54+K54+L54+M54+N54+O54+P54+Q54 -> 0
... A64: 63 | B64: Осовіцький Ростислав Олександрович | R64: 0 | T64: =C64+D64+E64+F64+G64+H64+I64+J64+K64+L64+M64+N64+O64+P64+Q64 -> 0
R65: 11

Sheet Форшахта
A1: N | B1: Сотрудник | C1: 16 | D1: 17 | E1: 18 | F1: 19 | G1: 20 | H1: 21 | I1: 22 | J1: 23 | K1: 24 | L1: 25 | M1: 26 | N1: 27 | O1: 28 | P1: 29 | Q1: 30 | R1: Всего часов
A2: 1 | B2: Багацький Вадим Геннадійович | R2: 0 | T2: =C2+D2+E2+F2+G2+H2+I2+J2+K2+L2+M2+N2+O2+P2+Q2 -> 0
A3: 2 | B3: Васильєв Віталій Юрійович | R3: 0 | T3: =C3+D3+E3+F3+G3+H3+I3+J3+K3+L3+M3+N3+O3+P3+Q3 -> 0
A4: 3 | B4: Григоренко Олександр Миколайович | R4: 0 | T4: =C4+D4+E4+F4+G4+H4+I4+J4+K4+L4+M4+N4+O4+P4+Q4 -> 0
A5: 4 | B5: Григорьєв Микола Андрійович | R5: 0 | T5: =C5+D5+E5+F5+G5+H5+I5+J5+K5+L5+M5+N5+O5+P5+Q5 -> 0
A6: 5 | B6: Григор'єв Михайло Андрійович | R6: 0 | T6: =C6+D6+E6+F6+G6+H6+I6+J6+K6+L6+M6+N6+O6+P6+Q6 -> 0
A7: 6 | B7: Іванов Олексій Вікторович | E7: 11 | R7: 11 | T7: =C7+D7+E7+F7+G7+H7+I7+J7+K7+L7+M7+N7+O7+P7+Q7 -> 11
A8: 7 | B8: Іскрицький Денис Русланович | C8: 11 | E8: 11 | R8: 33 | T8: =C8+D8+E8+F8+G8+H8+I8+J8+K8+L8+M8+N8+O8+P8+Q8 -> 22
A9: 8 | B9: Корнієнко Станіслав Володимирович | R9: 0 | T9: =C9+D9+E9+F9+G9+H9+I9+J9+K9+L9+M9+N9+O9+P9+Q9 -> 0
A10: 9 | B10: Масливець Ігор Валерійович | R10: 0 | T10: =C10+D10+E10+F10+G10+H10+I10+J10+K10+L10+M10+N10+O10+P10+Q10 -> 0
A11: 10 | B11: Скрипник Олександр Павлович | R11: 0 | T11: =C11+D11+E11+F11+G11+H11+I11+J11+K11+L11+M11+N11+O11+P11+Q11 -> 0
A12: 11 | B12: Паламарчук Вячеслав Володимирович | R12: 0 | T12: =C12+D12+E12+F12+G12+H12+I12+J12+K12+L12+M12+N12+O12+P12+Q12 -> 0
A13: 12 | B13: Дехтяр Владислав Олександрович | R13: 0 | T13: =C13+D13+E13+F13+G13+H13+I13+J13+K13+L13+M13+N13+O13+P13+Q13 -> 0
A14: 13 | B14: Тужиков Валерій Владиславович | R14: 0 | T14: =C14+D14+E14+F14+G14+H14+I14+J14+K14+L14+M14+N14+O14+P14+Q14 -> 0
A15: 14 | B15: Сівов Євген Миколайович | E15: 11 | R15: 11 | T15: =C15+D15+E15+F15+G15+H15+I15+J15+K15+L15+M15+N15+O15+P15+Q15 -> 11
A16: 15 | B16: Кіфор Юрій Михайлович | R16: 0 | T16: =C16+D16+E16+F16+G16+H16+I16+J16+K16+L16+M16+N16+O16+P16+Q16 -> 0
A17: 16 | B17: Петренко Микола Григорович | R17: 0 | T17: =C17+D17+E17+F17+G17+H17+I17+J17+K17+L17+M17+N17+O17+P17+Q17 -> 0
A18: 17 | B18: Рубленко Микола Іванович | R18: 0 | T18: =C18+D18+E18+F18+G18+H18+I18+J18+K18+L18+M18+N18+O18+P18+Q18 -> 0
A19: 18 | B19: Серебренніков Володимир Олександрович | R19: 0 | T19: =C19+D19+E19+F19+G19+H19+I19+J19+K19+L19+M19+N19+O19+P19+Q19 -> 0
A20: 19 | B20: Чешко Сергій Анатолійович | R20: 0 | T20: =C20+D20+E20+F20+G20+H20+I20+J20+K20+L20+M20+N20+O20+P20+Q20 -> 0
A21: 20 | B21: Нерезенко Євгеній Віктоорович | R21: 0 | T21: =C21+D21+E21+F21+G21+H21+I21+J21+K21+L21+M21+N21+O21+P21+Q21 -> 0
A22: 21 | B22: Шавкун Максим Анатолійович | R22: 0 | T22: =C22+D22+E22+F22+G22+H22+I22+J22+K22+L22+M22+N22+O22+P22+Q22 -> 0
A23: 22 | B23: Чуйко Олег Олегович | R23: 0 | T23: =C23+D23+E23+F23+G23+H23+I23+J23+K23+L23+M23+N23+O23+P23+Q23 -> 0
A24: 23 | B24: Салюк Дмитро Андрійович | R24: 0 | T24: =C24+D24+E24+F24+G24+H24+I24+J24+K24+L24+M24+N24+O24+P24+Q24 -> 0
A25: 24 | B25: Маковецький Юрій Миколайович | R25: 0 | T25: =C25+D25+E25+F25+G25+H25+I25+J25+K25+L25+M25+N25+O25+P25+Q25 -> 0
A26: 25 | B26: Міненко Олександр Андрійович | R26: 0 | T26: =C26+D26+E26+F26+G26+H26+I26+J26+K26+L26+M26+N26+O26+P26+Q26 -> 0
A27: 26 | B27: Салій Дмитро Миколайович | R27: 0 | T27: =C27+D27+E27+F27+G27+H27+I27+J27+K27+L27+M27+N27+O27+P27+Q27 -> 0
... A41: 40 | B41: Ізюмець Олександр Евгенович | R41: 0 | T41: =C41+D41+E41+F41+G41+H41+I41+J41+K41+L41+M41+N41+O41+P41+Q41 -> 0
A42: 41 | B42: Маркевич Ігор Ігорьович | E42: 11 | R42: 11 | T42: =C42+D42+E42+F42+G42+H42+I42+J42+K42+L42+M42+N42+O42+P42+Q42 -> 11
A43: 42 | B43: Раменюк Віталій Сергійович | R43: 0 | T43: =C43+D43+E43+F43+G43+H43+I43+J43+K43+L43+M43+N43+O43+P43+Q43 -> 0
A44: 43 | B44: Самогородський Ігор Віталійович | R44: 0 | T44: =C44+D44+E44+F44+G44+H44+I44+J44+K44+L44+M44+N44+O44+P44+Q44 -> 0
A45: 44 | B45: Іванова Світлана Юріївна | R45: 0 | T45: =C45+D45+E45+F45+G45+H45+I45+J45+K45+L45+M45+N45+O45+P45+Q45 -> 0
A46: 45 | B46: Ісайкіна Тетяна Іванівна | R46: 0 | T46: =C46+D46+E46+F46+G46+H46+I46+J46+K46+L46+M46+N46+O46+P46+Q46 -> 0
A47: 46 | B47: Деркс Сергій Анатолійович | R47: 0 | T47: =C47+D47+E47+F47+G47+H47+I47+J47+K47+L47+M47+N47+O47+P47+Q47 -> 0
A48: 47 | B48: Гусаков Роман Давидович | R48: 0 | T48: =C48+D48+E48+F48+G48+H48+I48+J48+K48+L48+M48+N48+O48+P48+Q48 -> 0
A49: 48 | B49: Гусаков Давид Давидович | R49: 0 | T49: =C49+D49+E49+F49+G49+H49+I49+J49+K49+L49+M49+N49+O49+P49+Q49 -> 0
A50: 49 | B50: Тужиков Артем Денисович | R50: 0 | T50: =C50+D50+E50+F50+G50+H50+I50+J50+K50+L50+M50+N50+O50+P50+Q50 -> 0
A51: 50 | B51: Ластовка Андрій Михайлович | R51: 0 | T51: =C51+D51+E51+F51+G51+H51+I51+J51+K51+L51+M51+N51+O51+P51+Q51 -> 0
A52: 51 | B52: Шомін Вадим Сергійович | C52: 11 | D52: 11 | R52: 22 | T52: =C52+D52+E52+F52+G52+H52+I52+J52+K52+L52+M52+N52+O52+P52+Q52 -> 22
A53: 52 | B53: Дзюба Едуард Іванович | E53: 12 | R53: 12 | T53: =C53+D53+E53+F53+G53+H53+I53+J53+K53+L53+M53+N53+O53+P53+Q53 -> 12
A54: 53 | B54: Туркевич Дмитро Миколайович | R54: 0 | T54: =C54+D54+E54+F54+G54+H54+I54+J54+K54+L54+M54+N54+O54+P54+Q54 -> 0
A55: 54 | B55: Петров Михайло Олександрович | R55: 0 | T55: =C55+D55+E55+F55+G55+H55+I55+J55+K55+L55+M55+N55+O55+P55+Q55 -> 0
A56: 55 | B56: Кобяковский Іван Олександрович | R56: 0 | T56: =C56+D56+E56+F56+G56+H56+I56+J56+K56+L56+M56+N56+O56+P56+Q56 -> 0
A57: 56 | B57: Авжабаров Олексій Володимирович | R57: 0 | T57: =C57+D57+E57+F57+G57+H57+I57+J57+K57+L57+M57+N57+O57+P57+Q57 -> 0
A58: 57 | B58: Дубовий Роман Анатолійович | R58: 0 | T58: =C58+D58+E58+F58+G58+H58+I58+J58+K58+L58+M58+N58+O58+P58+Q58 -> 0
A59: 58 | B59: Кузнецов Олексій Вікторович | R59: 0 | T59: =C59+D59+E59+F59+G59+H59+I59+J59+K59+L59+M59+N59+O59+P59+Q59 -> 0
A60: 59 | B60: Чернобров Олександр Миколайович | R60: 0 | T60: =C60+D60+E60+F60+G60+H60+I60+J60+K60+L60+M60+N60+O60+P60+Q60 -> 0
A61: 60 | B61: Ткаченко Сергій Володимирович | R61: 0 | T61: =C61+D61+E61+F61+G61+H61+I61+J61+K61+L61+M61+N61+O61+P61+Q61 -> 0
A62: 61 | B62: Ніколаєнко Олександр Сергійович | R62: 0 | T62: =C62+D62+E62+F62+G62+H62+I62+J62+K62+L62+M62+N62+O62+P62+Q62 -> 0
A63: 62 | B63: Циба Василь Олександрович | R63: 0 | T63: =C63+D63+E63+F63+G63+H63+I63+J63+K63+L63+M63+N63+O63+P63+Q63 -> 0
A64: 63 | B64: Осовіцький Ростислав Олександрович | R64: 0 | T64: =C64+D64+E64+F64+G64+H64+I64+J64+K64+L64+M64+N64+O64+P64+Q64 -> 0
R65: 100

Sheet ГАлерея 25.6
A1: N | B1: Сотрудник | C1: 16 | D1: 17 | E1: 18 | F1: 19 | G1: 20 | H1: 21 | I1: 22 | J1: 23 | K1: 24 | L1: 25 | M1: 26 | N1: 27 | O1: 28 | P1: 29 | Q1: 30 | R1: Всего часов
A2: 1 | B2: Багацький Вадим Геннадійович | R2: 0 | T2: =C2+D2+E2+F2+G2+H2+I2+J2+K2+L2+M2+N2+O2+P2+Q2 -> 0
A3: 2 | B3: Васильєв Віталій Юрійович | R3: 0 | T3: =C3+D3+E3+F3+G3+H3+I3+J3+K3+L3+M3+N3+O3+P3+Q3 -> 0
A4: 3 | B4: Григоренко Олександр Миколайович | R4: 0 | T4: =C4+D4+E4+F4+G4+H4+I4+J4+K4+L4+M4+N4+O4+P4+Q4 -> 0
A5: 4 | B5: Григорьєв Микола Андрійович | R5: 0 | T5: =C5+D5+E5+F5+G5+H5+I5+J5+K5+L5+M5+N5+O5+P5+Q5 -> 0
A6: 5 | B6: Григор'єв Михайло Андрійович | R6: 0 | T6: =C6+D6+E6+F6+G6+H6+I6+J6+K6+L6+M6+N6+O6+P6+Q6 -> 0
A7: 6 | B7: Іванов Олексій Вікторович | C7: 11 | D7: 11 | R7: 33 | T7: =C7+D7+E7+F7+G7+H7+I7+J7+K7+L7+M7+N7+O7+P7+Q7 -> 22
A8: 7 | B8: Іскрицький Денис Русланович | D8: 11 | F8: 11 | R8: 22 | T8: =C8+D8+E8+F8+G8+H8+I8+J8+K8+L8+M8+N8+O8+P8+Q8 -> 22
A9: 8 | B9: Корнієнко Станіслав Володимирович | R9: 0 | T9: =C9+D9+E9+F9+G9+H9+I9+J9+K9+L9+M9+N9+O9+P9+Q9 -> 0
A10: 9 | B10: Масливець Ігор Валерійович | R10: 0 | T10: =C10+D10+E10+F10+G10+H10+I10+J10+K10+L10+M10+N10+O10+P10+Q10 -> 0
A11: 10 | B11: Скрипник Олександр Павлович | R11: 0 | T11: =C11+D11+E11+F11+G11+H11+I11+J11+K11+L11+M11+N11+O11+P11+Q11 -> 0
A12: 11 | B12: Паламарчук Вячеслав Володимирович | R12: 0 | T12: =C12+D12+E12+F12+G12+H12+I12+J12+K12+L12+M12+N12+O12+P12+Q12 -> 0
A13: 12 | B13: Дехтяр Владислав Олександрович | R13: 0 | T13: =C13+D13+E13+F13+G13+H13+I13+J13+K13+L13+M13+N13+O13+P13+Q13 -> 0
A14: 13 | B14: Тужиков Валерій Владиславович | R14: 0 | T14: =C14+D14+E14+F14+G14+H14+I14+J14+K14+L14+M14+N14+O14+P14+Q14 -> 0
A15: 14 | B15: Сівов Євген Миколайович | C15: 11 | D15: 11 | F15: 11 | I15: 11 | J15: 11 | L15: 11 | M15: 11 | N15: 6 | Q15: 11 | R15: 105 | T15: =C15+D15+E15+F15+G15+H15+I15+J15+K15+L15+M15+N15+O15+P15+Q15 -> 94
A16: 15 | B16: Кіфор Юрій Михайлович | R16: 0 | T16: =C16+D16+E16+F16+G16+H16+I16+J16+K16+L16+M16+N16+O16+P16+Q16 -> 0
A17: 16 | B17: Петренко Микола Григорович | R17: 0 | T17: =C17+D17+E17+F17+G17+H17+I17+J17+K17+L17+M17+N17+O17+P17+Q17 -> 0
A18: 17 | B18: Рубленко Микола Іванович | R18: 0 | T18: =C18+D18+E18+F18+G18+H18+I18+J18+K18+L18+M18+N18+O18+P18+Q18 -> 0
A19: 18 | B19: Серебренніков Володимир Олександрович | R19: 0 | T19: =C19+D19+E19+F19+G19+H19+I19+J19+K19+L19+M19+N19+O19+P19+Q19 -> 0
A20: 19 | B20: Чешко Сергій Анатолійович | R20: 0 | T20: =C20+D20+E20+F20+G20+H20+I20+J20+K20+L20+M20+N20+O20+P20+Q20 -> 0
A21: 20 | B21: Нерезенко Євгеній Віктоорович | R21: 0 | T21: =C21+D21+E21+F21+G21+H21+I21+J21+K21+L21+M21+N21+O21+P21+Q21 -> 0
A22: 21 | B22: Шавкун Максим Анатолійович | R22: 0 | T22: =C22+D22+E22+F22+G22+H22+I22+J22+K22+L22+M22+N22+O22+P22+Q22 -> 0
A23: 22 | B23: Чуйко Олег Олегович | R23: 0 | T23: =C23+D23+E23+F23+G23+H23+I23+J23+K23+L23+M23+N23+O23+P23+Q23 -> 0
A24: 23 | B24: Салюк Дмитро Андрійович | R24: 0 | T24: =C24+D24+E24+F24+G24+H24+I24+J24+K24+L24+M24+N24+O24+P24+Q24 -> 0
A25: 24 | B25: Маковецький Юрій Миколайович | C25: 11 | M25: 11 | N25: 6 | P25: 11 | R25: 50 | T25: =C25+D25+E25+F25+G25+H25+I25+J25+K25+L25+M25+N25+O25+P25+Q25 -> 39
A26: 25 | B26: Міненко Олександр Андрійович | R26: 0 | T26: =C26+D26+E26+F26+G26+H26+I26+J26+K26+L26+M26+N26+O26+P26+Q26 -> 0
A27: 26 | B27: Салій Дмитро Миколайович | R27: 0 | T27: =C27+D27+E27+F27+G27+H27+I27+J27+K27+L27+M27+N27+O27+P27+Q27 -> 0
