Workbook

Sheet Лист2
B1: Код (Таб. №) | C1: Наименование | D1: Код по ДРФО | E1: Вид договора | F1: Вид занятости | G1: Подразделение организации | H1: Должность организации | I1: Дата приема
B2: 1 | C2: Оренда авто
B3: д000000007 | C3: Воронцов Олександр Володимирович (оренда авто) | D3: 3244112838 | E3: Договор подряда (выполнение работ, оказание услуг)
B4: д000000023 | C4: Гавриченко Тетяна Василівна (оренда авто) | D4: 2890614789 | E4: Договор подряда (выполнение работ, оказание услуг)
B5: д000000010 | C5: Гриценко Олександр Вікторович (оренда авто) | D5: 2751711415 | E5: Договор подряда (выполнение работ, оказание услуг)
B6: д000000001 | C6: Гриценко Сергій Миколайович (дг.) | D6: 3382914593 | E6: Договор подряда (выполнение работ, оказание услуг)
B7: д000000013 | C7: Гриценко Сергій Миколайович (оренда авто) | D7: 3382914593 | E7: Договор подряда (выполнение работ, оказание услуг)
B8: д000000019 | C8: Гуняга Олег Володимирович (оренда авто) | D8: 2711822114 | E8: Договор подряда (выполнение работ, оказание услуг)
B9: д000000008 | C9: Манжула Максим Анатолійович (оренда авто) | D9: 3281710375 | E9: Договор подряда (выполнение работ, оказание услуг)
B10: д000000014 | C10: Огоновський Дмитро Анатолійович (оренда авто) | D10: 2866215672 | E10: Договор подряда (выполнение работ, оказание услуг)
B11: д000000015 | C11: Потьомко Михайло Володимирович (оренда авто) | D11: 3575508457 | E11: Договор подряда (выполнение работ, оказание услуг)
B12: д000000016 | C12: Сикал Павло Анатолійович (оренда авто) | D12: 3306506991 | E12: Договор подряда (выполнение работ, оказание услуг)
B13: д000000012 | C13: Старіков Сергій Вікторович (оренда авто) | D13: 2899410750 | E13: Договор подряда (выполнение работ, оказание услуг)
B14: д000000020 | C14: Шевченко Євген Анатолійович (оренда авто) | D14: 3194113635 | E14: Договор подряда (выполнение работ, оказание услуг)
B15: д000000009 | C15: Ширшов Олександр Леонідович (оренда авто) | D15: 2234022693 | E15: Договор подряда (выполнение работ, оказание услуг)
B16: 23 | C16: Адаменко Віталій Вікторович | D16: 3153900053 | E16: Трудовой договор | F16: Основное место работы | G16: Виробничий (Цех металоконструкцій) | H16: Монтажник будівельний | I16: 05.10.2022
B17: 4 | C17: Аксенчіков Сергій Олександрович | D17: 3457309598 | E17: Трудовой договор | F17: Основное место работы | G17: Адміністративний відділ | H17: Майстер будівельних та монтажних робіт | I17: 01.07.2022
B18: д000000001 | C18: Аксенчіков Сергій Олександрович (оренда авто) | D18: 3457309598 | E18: Договор подряда (выполнение работ, оказание услуг)
B19: 48 | C19: Александров Артем Анатолійович | D19: 2618119132 | E19: Трудовой договор | F19: Основное место работы | G19: Адміністративний відділ | H19: Діловод | I19: 25.09.2018
B20: 203 | C20: Александров Денис Анатолійович | D20: 2765913876 | E20: Трудовой договор | F20: Основное место работы | G20: Адміністративний відділ | H20: Помічник економіста | I20: 01.02.2021
B21: 156 | C21: Александрова Жанна Валентинівна | D21: 2693717247 | E21: Трудовой договор | F21: Основное место работы | G21: Адміністративний відділ | H21: Прибиральник службових приміщень | I21: 01.07.2020
B22: 2289516770 | C22: Антонович Тетяна Сергіївна | D22: 2894801342 | E22: Трудовой договор | F22: Основное место работы | G22: Адміністративний відділ | H22: Директор фінансовий | I22: 22.12.2022
B23: 16 | C23: Антонович Тетяна Сергіївна (сум.) | D23: 2894801342 | E23: Трудовой договор | F23: Внешнее совместительство | G23: Адміністративний відділ | H23: Директор фінансовий | I23: 26.05.2023
B24: 17 | C24: Аулова Маргарита Володимирівна | D24: 3036417408 | E24: Трудовой договор | F24: Внешнее совместительство | G24: Адміністративний відділ | H24: Головний бухгалтер | I24: 01.04.2024
B25: 2289516882 | C25: Аулова Маргарита Володимирівна (осн.) | D25: 3036417408 | E25: Трудовой договор | F25: Основное место работы | G25: Адміністративний відділ | H25: Головний бухгалтер | I25: 27.03.2024
B26: 2289516833 | C26: Ахмедов Тавакгюль Сардар огли | D26: 2358421934 | E26: Трудовой договор | F26: Основное место работы | G26: Виробничий (Ладижин-3) | H26: Маляр | I26: 08.09.2023
B27: 37 | C27: Бабіленко Микола Олександрович | D27: 2564424513 | E27: Трудовой договор | F27: Основное место работы | G27: Виробничий (Цех металоконструкцій) | H27: Слюсар із складання металевих конструкцій | I27: 01.12.2022
B28: 11 | C28: Багацький Вадим Геннадійович | D28: 3247506159 | E28: Трудовой договор | F28: Основное место работы | G28: Виробничий (Цех металоконструкцій) | H28: Електрозварник ручного зварювання | I28: 05.08.2022
B29: 2289516701 | C29: Безкоровайний Дмитро Миколайович | D29: 3358009052 | E29: Трудовой договор | F29: Основное место работы | G29: Виробничий (Підгірці) | H29: Водій автотранспортних засобів | I29: 04.02.2022
B30: 62 | C30: Білоусов Євген Вікторович | D30: 3421002151 | E30: Трудовой договор | F30: Основное место работы | G30: Виробничий (Старокостянтинів) | H30: Арматурник (будівельні, монтажні й ремонтно-будівельні роботи) | I30: 01.02.2019
B31: д000000006 | C31: Бічковський Максим Петрович | D31: 2922419813 | E31: Договор подряда (выполнение работ, оказание услуг)
B32: 2289516746 | C32: Блоха Євген Валерійович | D32: 2919308010 | E32: Трудовой договор | F32: Основное место работы | G32: Виробничий (Старокостянтинів) | H32: Бетоняр | I32: 27.09.2022
B33: 2289516849 | C33: Богданюк Дмитро Леонтійович | D33: 3036408418 | E33: Трудовой договор | F33: Основное место работы | G33: Адміністративний відділ | H33: Інженер з проєктно-кошторисної роботи | I33: 02.11.2023
B34: 19 | C34: Богун Олена Миколаївна | D34: 3813305164 | E34: Трудовой договор | F34: Основное место работы | G34: Виробничій цех | H34: Лаборант | I34: 02.07.2024
B35: 2289516863 | C35: Божков Валерій Вікторович | D35: 2753702532 | E35: Трудовой договор | F35: Основное место работы | G35: Виробничий (Крушинка) | H35: Водій автотранспортних засобів | I35: 19.12.2023
B36: 46 | C36: Бокоч Галина Михайлівна (осн.) | D36: 3018718189 | E36: Трудовой договор | F36: Основное место работы | G36: Адміністративний відділ | H36: Діловод | I36: 24.11.2023
B37: 157 | C37: Болох Володимир Васильович | D37: 2794610037 | E37: Трудовой договор | F37: Основное место работы | G37: Виробничий (Старокостянтинів) | H37: Машиніст крана автомобільного | I37: 03.08.2020
B38: 71 | C38: Борецька Людмила Сергіївна | D38: 3280710149 | E38: Трудовой договор | F38: Основное место работы | G38: Адміністративний відділ | H38: Економіст | I38: 08.04.2019
B39: 2289516756 | C39: Борисенко Олексій Миколайович | D39: 2957816213 | E39: Трудовой договор | F39: Основное место работы | G39: Виробничий (Крушинка) | H39: Машиніст крана автомобільного | I39: 01.11.2022
B40: 49 | C40: Бреус Віталій Григорович | D40: 3143007035 | E40: Трудовой договор | F40: Основное место работы | G40: Адміністративний відділ | H40: Менеджер (управитель) з постачання | I40: 18.07.2023
B41: 2289516819 | C41: Буднік Євгеній Костянтинович | D41: 3834606498 | E41: Трудовой договор | F41: Основное место работы | G41: Виробничий (Крушинка) | H41: Монтажник з монтажу сталевих та залізобетонних конструкцій | I41: 02.08.2023
B42: 2289516804 | C42: Буднік Костянтин Вікторович | D42: 2857318359 | E42: Трудовой договор | F42: Основное место работы | G42: Виробничий (Крушинка) | H42: Монтажник з монтажу сталевих та залізобетонних конструкцій | I42: 21.06.2023
B43: 217 | C43: Бунтило Віталій Іванович | D43: 3000412772 | E43: Трудовой договор | F43: Основное место работы | G43: Виробничий (Старокостянтинів) | H43: Водій автотранспортних засобів | I43: 18.03.2021
... B57: 2289516750 | C57: Гайворонський Владислав Вікторович | D57: 3624204536 | E57: Трудовой договор | F57: Основное место работы | G57: Виробничий (Ретал) | H57: Маляр | I57: 25.10.2022
B58: 2289516773 | C58: Гайдай Віктор Григорович | D58: 2623706617 | E58: Трудовой договор | F58: Основное место работы
B59: 2289516696 | C59: Геворкян Вануш Геворгович | D59: 3173022999 | E59: Трудовой договор | F59: Основное место работы | G59: Виробничий (Придніпровський ОЕЗ) | H59: Маляр | I59: 20.01.2022
B60: 2289516759 | C60: Гладун Дмитро Михайлович | D60: 3188300613 | E60: Трудовой договор | F60: Основное место работы | G60: Виробничий (Ніжин-3) | H60: Бетоняр | I60: 16.11.2022
B61: 2289516816 | C61: Глузд Дмитро Михайлович | D61: 3255109619 | E61: Трудовой договор | F61: Основное место работы | G61: Адміністративний відділ | H61: Начальник вiддiлу матерiально-технiчного постачання | I61: 31.07.2023
B62: 2289516817 | C62: Голіков Сергій Анатолійович | D62: 2985420914 | E62: Трудовой договор | F62: Основное место работы | G62: Виробничий (ООН) | H62: Монтажник з монтажу сталевих та залізобетонних конструкцій | I62: 02.08.2023
B63: 50 | C63: Голуб Ігор Леонідович | D63: 2273121637 | E63: Трудовой договор | F63: Основное место работы | G63: Транспортний відділ | H63: Водій автотранспортних засобів | I63: 09.04.2024
B64: 2289516854 | C64: Гончар Ольга Анатоліївна | D64: 2470006146 | E64: Трудовой договор | F64: Основное место работы | G64: Адміністративний відділ | H64: Бухгалтер | I64: 20.11.2023
B65: 57 | C65: Гончар Ольга Анатоліївна | D65: 2470006146 | E65: Трудовой договор | F65: Внешнее совместительство | G65: Адміністративний відділ | H65: Бухгалтер | I65: 04.12.2023
B66: 100 | C66: Гончаренко Анатолій Олексійович | D66: 3302818011 | E66: Трудовой договор | F66: Основное место работы | G66: Виробничий (Старокостянтинів) | H66: Монтажник з монтажу сталевих та залізобетонних конструкцій | I66: 09.08.2019
B67: 2289516876 | C67: Горбачова Лариса Борисівна | D67: 3016814180 | E67: Трудовой договор | F67: Основное место работы | G67: Адміністративний відділ | H67: Інженер з проєктно-кошторисної роботи | I67: 15.02.2024
B68: 75 | C68: Горєлов Микита Євгенович | D68: 3596200395 | E68: Трудовой договор | F68: Основное место работы | G68: Виробничий (Цех металоконструкцій) | H68: Електрозварник ручного зварювання | I68: 22.07.2024
B69: 189 | C69: Горячий Іван Васильович | D69: 3013807931 | E69: Трудовой договор | F69: Основное место работы | G69: Виробничий (Придніпровський ОЕЗ) | H69: Тракторист | I69: 17.11.2020
B70: 2289516901 | C70: Гребенюк Олександр Миколайович | D70: 2375803431 | E70: Трудовой договор | F70: Основное место работы | G70: Виробничий (Крушинка) | H70: Тракторист | I70: 19.06.2024
... B94: 274 | C94: Жорж Олександр Сергійович | D94: 3207413416 | E94: Трудовой договор | F94: Основное место работы | G94: Адміністративний відділ | H94: Керівник проєктів та програм | I94: 15.11.2021
B95: д000000011 | C95: Жорж Олександр Сергійович (оренда авто) | D95: 3207413416 | E95: Договор подряда (выполнение работ, оказание услуг)
B96: 12 | C96: Завіша Ігор Степанович | D96: 3694604010 | E96: Трудовой договор | F96: Основное место работы | G96: Виробничій цех | H96: Лаборант | I96: 01.05.2024
B97: 48 | C97: Заєць Олексій Олександрович | D97: 2958309437 | E97: Трудовой договор | F97: Основное место работы | G97: Адміністративний відділ | H97: Менеджер (управитель) з логістики | I97: 26.01.2024
B98: 2289516883 | C98: Здоровик Олександр Олександрович | D98: 3601207735 | E98: Трудовой договор | F98: Основное место работы | G98: Виробничий (Ніжин-3) | H98: Машиніст екскаватора | I98: 01.04.2024
B99: 2289516735 | C99: Зеленков Антон Михайлович | D99: 3053422190 | E99: Трудовой договор | F99: Основное место работы | G99: Адміністративний відділ | H99: Менеджер (управитель) з постачання | I99: 20.09.2022
B100: 197 | C100: Зоря Руслан Леонідович | D100: 3293018293 | E100: Трудовой договор | F100: Основное место работы
B101: 162 | C101: Зубов Олександр В'ячеславович | D101: 3119810293 | E101: Трудовой договор | F101: Основное место работы | G101: Виробничий (Ніжин-3) | H101: Бетоняр | I101: 01.09.2020
B102: 42 | C102: Іванов Олексій Вікторович | D102: 3705902230 | E102: Трудовой договор | F102: Основное место работы | G102: Виробничий (Цех металоконструкцій) | H102: Слюсар із складання металевих конструкцій | I102: 01.12.2022
B103: 8 | C103: Іскрицький Денис Русланович | D103: 3779110293 | E103: Трудовой договор | F103: Основное место работы | G103: Виробничий (Цех металоконструкцій) | H103: Електрозварник на автоматичних та напівавтоматичних машинах | I103: 10.08.2022
B104: 137 | C104: Карбунар Ярослав Дмитрович | D104: 3166313137 | E104: Трудовой договор | F104: Основное место работы | G104: Виробничий (Старокостянтинів) | H104: Машиніст екскаватора | I104: 08.04.2020
B105: 2289516888 | C105: Карпенко Михайло Григорович | D105: 2492508275 | E105: Трудовой договор | F105: Основное место работы | G105: Виробничий (Крушинка) | H105: Машиніст крана автомобільного | I105: 23.04.2024
B106: 2289516890 | C106: Катеринчук Сергій Володимирович | D106: 2345601097 | E106: Трудовой договор | F106: Внешнее совместительство | G106: Виробничий (Ніжин-3) | H106: Машиніст крана (кранівник) | I106: 02.05.2024
B107: 2289516878 | C107: Кісіль Євген Вікторович | D107: 3568405559 | E107: Трудовой договор | F107: Основное место работы | G107: Виробничий (Крушинка) | H107: Геодезист | I107: 01.03.2024
B108: 68 | C108: Кіфор Юрій Михайлович | D108: 2521518612 | E108: Трудовой договор | F108: Основное место работы | G108: Виробничий (Цех металоконструкцій) | H108: Монтажник будівельний | I108: 02.07.2024
B109: 2289516697 | C109: Клименко Олександр Сергійович | D109: 3073110819 | E109: Трудовой договор | F109: Основное место работы | G109: Виробничий (Придніпровський ОЕЗ) | H109: Маляр | I109: 20.01.2022
B110: 2289516708 | C110: Климович Олена Олександрівна | D110: 3503711344 | E110: Трудовой договор | F110: Основное место работы | G110: Адміністративний відділ | H110: Бухгалтер | I110: 22.07.2022
B111: 2289516895 | C111: Ковальов Ілля Миколайович | D111: 3220619518 | E111: Трудовой договор | F111: Основное место работы | G111: Виробничий (Крушинка) | H111: Виконавець робіт | I111: 01.06.2024
B112: 2289516703 | C112: Ковальчук Валентин Вікторович | D112: 3132604831 | E112: Трудовой договор | F112: Основное место работы | G112: Виробничий (Крушинка) | H112: Тракторист | I112: 04.02.2022
... B130: 3 | C130: Кушнір Тарас Анатолійович | D130: 3458003578 | E130: Трудовой договор | F130: Основное место работы | G130: Виробничій цех | H130: Начальник зміни | I130: 17.11.2023
B131: 18 | C131: Кушнір Тарас Анатолійович | D131: 3458003578 | E131: Трудовой договор | F131: Внешнее совместительство
B132: 2289516737 | C132: Лисенко Артем Ігорович | D132: 3662602531 | E132: Трудовой договор | F132: Основное место работы | G132: Виробничий (Ніжин-3) | H132: Бетоняр | I132: 20.09.2022
B133: 2289516893 | C133: Лисенко Ігор Сергійович | D133: 2855420394 | E133: Трудовой договор | F133: Основное место работы | G133: Виробничий (Ніжин-3) | H133: Бетоняр | I133: 16.05.2024
B134: 2289516898 | C134: Лобода Руслан Володимирович | D134: 2777600676 | E134: Трудовой договор | F134: Основное место работы | G134: Виробничий (Ніжин-3) | H134: Бетоняр | I134: 05.06.2024
B135: 2289516837 | C135: Лохматов Анатолій Станіславович | D135: 3108202652 | E135: Трудовой договор | F135: Основное место работы | G135: Виробничий (Ніжин-3) | H135: Бетоняр | I135: 20.09.2023
B136: 2289516873 | C136: Ляшко Сергій Миколайович | D136: 2850902050 | E136: Трудовой договор | F136: Основное место работы | G136: Виробничий (Крушинка) | H136: Машиніст екскаватора | I136: 10.02.2024
B137: 2289516802 | C137: Манжула Максим Анатолійович | D137: 3281710375 | E137: Трудовой договор | F137: Внешнее совместительство | G137: Адміністративний відділ | H137: Директор виконавчий | I137: 01.06.2023
B138: 12 | C138: Манжула Максим Анатолійович | D138: 3281710375 | E138: Трудовой договор | F138: Основное место работы | G138: Адміністративний відділ | H138: Директор | I138: 06.08.2022
B139: 2289516874 | C139: Марков Олександр Михайлович | D139: 2572519716 | E139: Трудовой договор | F139: Основное место работы | G139: Виробничий (Крушинка) | H139: Виконавець робіт | I139: 15.02.2024
B140: 2289516836 | C140: Марков Олексій Віталійович | D140: 2773311771 | E140: Трудовой договор | F140: Основное место работы | G140: Виробничий (Крушинка) | H140: Бетоняр | I140: 20.09.2023
B141: 27 | C141: Масливець Ігор Валерійович | D141: 2880313812 | E141: Трудовой договор | F141: Основное место работы | G141: Виробничий (Цех металоконструкцій) | H141: Підсобний робочий | I141: 05.10.2022
B142: 2289516879 | C142: Матейченко Володимир Іванович | D142: 2783317959 | E142: Трудовой договор | F142: Основное место работы | G142: Виробничий (Ніжин-3) | H142: Бетоняр | I142: 18.03.2024
B143: 2289516853 | C143: Мацанек В'ячеслав Дмитрович | D143: 2034207638 | E143: Трудовой договор | F143: Основное место работы | G143: Виробничий (Крушинка) | H143: Підсобний робочий | I143: 20.11.2023
... B161: 218 | C161: Олійник Валерій Миколайович | D161: 2559518617 | E161: Трудовой договор | F161: Основное место работы | G161: Виробничий (Старокостянтинів) | H161: Виконавець робіт | I161: 29.03.2021
B162: д000000017 | C162: Олійник Валерій Миколайович (оренда авто) | D162: 2559518617 | E162: Договор подряда (выполнение работ, оказание услуг)
B163: 2289516827 | C163: Павленко Владислав Володимирович | D163: 3771107310 | E163: Трудовой договор | F163: Основное место работы | G163: Виробничий (ООН) | H163: Монтажник з монтажу сталевих та залізобетонних конструкцій | I163: 01.09.2023
B164: 2289516805 | C164: Павленко Володимир Федорович | D164: 2218422874 | E164: Трудовой договор | F164: Основное место работы | G164: Виробничий (Крушинка) | H164: Монтажник з монтажу сталевих та залізобетонних конструкцій | I164: 21.06.2023
B165: 56 | C165: Павлов Олег Євгенович | D165: 2583617833 | E165: Трудовой договор | F165: Основное место работы | G165: Адміністративний відділ | H165: Завідувач господарством | I165: 23.11.2018
B166: 2289516843 | C166: Паламарчук Віталій Олександрович | D166: 3525016911 | E166: Трудовой договор | F166: Основное место работы | G166: Виробничий (Крушинка) | H166: Бетоняр | I166: 04.10.2023
B167: 59 | C167: Паламарчук Вячеслав Володимирович | D167: 3230316597 | E167: Трудовой договор | F167: Основное место работы | G167: Виробничий (Цех металоконструкцій) | H167: Електрозварник ручного зварювання | I167: 22.12.2023
B168: 2289516839 | C168: Пальчик Олена Валентинівна | D168: 2710222868 | E168: Трудовой договор | F168: Основное место работы | G168: Адміністративний відділ | H168: Бухгалтер | I168: 01.10.2023
B169: 61 | C169: Парнєва Олена Вікторівна | D169: 2938511042 | E169: Трудовой договор | F169: Основное место работы | G169: Адміністративний відділ | H169: Діловод | I169: 09.02.2024
B170: д000000004 | C170: Пасічник Андрій Сергійович | D170: 2983015610 | E170: Договор подряда (выполнение работ, оказание услуг)
...

Sheet Лист1
B2: N | C2: Работник (основное назначение) | D2: Период взаиморасчетов | E2: Счет учета | F2: Сумма | G2: Сумма (окр.) | J2: Админ
B3: 1 | C3: Аксенчіков Сергій Олександрович | D3: 01.07.2024 | E3: 661 | F3: 4326 | H3: =MATCH(I3,#REF!,0) -> #REF! | I3: =TRIM(C3) -> Аксенчіков Сергій Олександрович | J3: 1
B4: 2 | C4: Бабіленко Микола Олександрович | D4: 01.07.2024 | E4: 661 | F4: 3990 | H4: =MATCH(I4,#REF!,0) -> #REF! | I4: =TRIM(C4) -> Бабіленко Микола Олександрович | K4: =INDEX(Лист2!D:D,MATCH(C4,Лист2!C:C,0)) -> 2564424513
B5: 3 | C5: Багацький Вадим Геннадійович | D5: 01.07.2024 | E5: 661 | F5: 3990 | H5: =MATCH(I5,#REF!,0) -> #REF! | I5: =TRIM(C5) -> Багацький Вадим Геннадійович | K5: =INDEX(Лист2!D:D,MATCH(C5,Лист2!C:C,0)) -> 3247506159
B6: 4 | C6: Бреус Віталій Григорович | D6: 01.07.2024 | E6: 661 | F6: 5417.99 | H6: =MATCH(I6,#REF!,0) -> #REF! | I6: =TRIM(C6) -> Бреус Віталій Григорович | J6: 1
B7: 5 | C7: Бутенко Матвій Анатолійович | D7: 01.07.2024 | E7: 661 | F7: 4326 | H7: =MATCH(I7,#REF!,0) -> #REF! | I7: =TRIM(C7) -> Бутенко Матвій Анатолійович | J7: 1
B8: 6 | C8: Васильєв Віталій Юрійович | D8: 01.07.2024 | E8: 661 | F8: 3990 | H8: =MATCH(I8,#REF!,0) -> #REF! | I8: =TRIM(C8) -> Васильєв Віталій Юрійович | K8: =INDEX(Лист2!D:D,MATCH(C8,Лист2!C:C,0)) -> 3746304158
B9: 7 | C9: Власенко В'ячеслав Валентинович | D9: 01.07.2024 | E9: 661 | F9: 3990 | H9: =MATCH(I9,#REF!,0) -> #REF! | I9: =TRIM(C9) -> Власенко В'ячеслав Валентинович | K9: =INDEX(Лист2!D:D,MATCH(C9,Лист2!C:C,0)) -> 2831710277
B10: 8 | C10: Горєлов Микита Євгенович | D10: 01.07.2024 | E10: 661 | F10: 2660 | H10: =MATCH(I10,#REF!,0) -> #REF! | I10: =TRIM(C10) -> Горєлов Микита Євгенович | K10: =INDEX(Лист2!D:D,MATCH(C10,Лист2!C:C,0)) -> 3596200395
B11: 9 | C11: Григор'єв Микола Андрійович | D11: 01.07.2024 | E11: 661 | F11: 1662.5 | H11: =MATCH(I11,#REF!,0) -> #REF! | I11: =TRIM(C11) -> Григор'єв Микола Андрійович | K11: =INDEX(Лист2!D:D,MATCH(C11,Лист2!C:C,0)) -> 3422005391
B12: 10 | C12: Григор'єв Михайло Андрійович | D12: 01.07.2024 | E12: 661 | F12: 3990 | H12: =MATCH(I12,#REF!,0) -> #REF! | I12: =TRIM(C12) -> Григор'єв Михайло Андрійович | K12: =INDEX(Лист2!D:D,MATCH(C12,Лист2!C:C,0)) -> 3720407672
B13: 11 | C13: Григоренко Олександр Миколайович | D13: 01.07.2024 | E13: 661 | F13: 3990 | H13: =MATCH(I13,#REF!,0) -> #REF! | I13: =TRIM(C13) -> Григоренко Олександр Миколайович | K13: =INDEX(Лист2!D:D,MATCH(C13,Лист2!C:C,0)) -> 2436600937
B14: 12 | C14: Гриценко Олександр Вікторович | D14: 01.07.2024 | E14: 661 | F14: 5197.5 | H14: =MATCH(I14,#REF!,0) -> #REF! | I14: =TRIM(C14) -> Гриценко Олександр Вікторович | J14: 1
B15: 13 | C15: Грушко Лариса Вікторівна | D15: 01.07.2024 | E15: 661 | F15: 4427.5 | H15: =MATCH(I15,#REF!,0) -> #REF! | I15: =TRIM(C15) -> Грушко Лариса Вікторівна | J15: 1
B16: 14 | C16: Дехтяр Владислав Олександрович | D16: 01.07.2024 | E16: 661 | F16: 3990 | H16: =MATCH(I16,#REF!,0) -> #REF! | I16: =#REF! -> #REF! | K16: =INDEX(Лист2!D:D,MATCH(C16,Лист2!C:C,0)) -> 3374502899
B17: 15 | C17: Желтяков Ігор Юрійович | D17: 01.07.2024 | E17: 661 | F17: 3990 | H17: =MATCH(I17,#REF!,0) -> #REF! | I17: =TRIM(C17) -> Желтяков Ігор Юрійович | K17: =INDEX(Лист2!D:D,MATCH(C17,Лист2!C:C,0)) -> 2637303953
B18: 16 | C18: Іванов Олексій Вікторович | D18: 01.07.2024 | E18: 661 | F18: 3990 | H18: =MATCH(I18,#REF!,0) -> #REF! | I18: =TRIM(C18) -> Іванов Олексій Вікторович | K18: =INDEX(Лист2!D:D,MATCH(C18,Лист2!C:C,0)) -> 3705902230
B19: 17 | C19: Іскрицький Денис Русланович | D19: 01.07.2024 | E19: 661 | F19: 3990 | H19: =MATCH(I19,#REF!,0) -> #REF! | I19: =TRIM(C19) -> Іскрицький Денис Русланович | K19: =INDEX(Лист2!D:D,MATCH(C19,Лист2!C:C,0)) -> 3779110293
B20: 18 | C20: Кіфор Юрій Михайлович | D20: 01.07.2024 | E20: 661 | F20: 3990.02 | H20: =MATCH(I20,#REF!,0) -> #REF! | I20: =TRIM(C20) -> Кіфор Юрій Михайлович | K20: =INDEX(Лист2!D:D,MATCH(C20,Лист2!C:C,0)) -> 2521518612
B21: 19 | C21: Корнієнко Станіслав Володимирович | D21: 01.07.2024 | E21: 661 | F21: 3428.01 | H21: =MATCH(I21,#REF!,0) -> #REF! | I21: =C21 -> Корнієнко Станіслав Володимирович | K21: =INDEX(Лист2!D:D,MATCH(C21,Лист2!C:C,0)) -> 2579305831
B22: 20 | C22: Масливець Ігор Валерійович | D22: 01.07.2024 | E22: 661 | F22: 3990 | H22: =MATCH(I22,#REF!,0) -> #REF! | I22: =TRIM(C22) -> Масливець Ігор Валерійович | K22: =INDEX(Лист2!D:D,MATCH(C22,Лист2!C:C,0)) -> 2880313812
B23: 21 | C23: Мельниченко Максим Вікторович | D23: 01.07.2024 | E23: 661 | F23: 6650 | H23: =MATCH(I23,#REF!,0) -> #REF! | I23: =TRIM(C23) -> Мельниченко Максим Вікторович | K23: =INDEX(Лист2!D:D,MATCH(C23,Лист2!C:C,0)) -> 3348501613
B24: 22 | C24: Мороз Віталій Миколайович | D24: 01.07.2024 | E24: 661 | F24: 6650 | H24: =MATCH(I24,#REF!,0) -> #REF! | I24: =TRIM(C24) -> Мороз Віталій Миколайович | K24: =INDEX(Лист2!D:D,MATCH(C24,Лист2!C:C,0)) -> 3216804294
B25: 23 | C25: Нестерук Сергій Петрович | D25: 01.07.2024 | E25: 661 | F25: 3990.02 | H25: =MATCH(I25,#REF!,0) -> #REF! | I25: =TRIM(C25) -> Нестерук Сергій Петрович | K25: =INDEX(Лист2!D:D,MATCH(C25,Лист2!C:C,0)) -> 3283102618
B26: 24 | C26: Паламарчук Вячеслав Володимирович | D26: 01.07.2024 | E26: 661 | F26: 3990 | H26: =MATCH(I26,#REF!,0) -> #REF! | I26: =TRIM(C26) -> Паламарчук Вячеслав Володимирович | K26: =INDEX(Лист2!D:D,MATCH(C26,Лист2!C:C,0)) -> 3230316597
B27: 25 | C27: Парнєва Олена Вікторівна | D27: 01.07.2024 | E27: 661 | F27: 840 | H27: =MATCH(I27,#REF!,0) -> #REF! | I27: =TRIM(C27) -> Парнєва Олена Вікторівна | K27: =INDEX(Лист2!D:D,MATCH(C27,Лист2!C:C,0)) -> 2938511042
B28: 26 | C28: Пилипчук Олександр Анатолійович | D28: 01.07.2024 | E28: 661 | F28: 3990 | H28: =MATCH(I28,#REF!,0) -> #REF! | I28: =TRIM(C28) -> Пилипчук Олександр Анатолійович | K28: =INDEX(Лист2!D:D,MATCH(C28,Лист2!C:C,0)) -> 3067218612
B29: 27 | C29: Поліщук Олександр Олександрович | D29: 01.07.2024 | E29: 661 | F29: 3990 | H29: =MATCH(I29,#REF!,0) -> #REF! | I29: =TRIM(C29) -> Поліщук Олександр Олександрович | K29: =INDEX(Лист2!D:D,MATCH(C29,Лист2!C:C,0)) -> 3289716153
B30: 28 | C30: Пономаренко Віталій Вікторович | D30: 01.07.2024 | E30: 661 | F30: 3990 | H30: =MATCH(I30,#REF!,0) -> #REF! | I30: =TRIM(C30) -> Пономаренко Віталій Вікторович | K30: =INDEX(Лист2!D:D,MATCH(C30,Лист2!C:C,0)) -> 3185119514
B31: 29 | C31: Пономаренко Олександр Вікторович | D31: 01.07.2024 | E31: 661 | F31: 5460 | H31: =MATCH(I31,#REF!,0) -> #REF! | I31: =TRIM(C31) -> Пономаренко Олександр Вікторович | K31: =INDEX(Лист2!D:D,MATCH(C31,Лист2!C:C,0)) -> 2944519172
B32: 30 | C32: Пономарьов Микола Вікторович | D32: 01.07.2024 | E32: 661 | F32: 3990 | H32: =MATCH(I32,#REF!,0) -> #REF! | I32: =TRIM(C32) -> Пономарьов Микола Вікторович | K32: =INDEX(Лист2!D:D,MATCH(C32,Лист2!C:C,0)) -> 3008300898
B33: 31 | C33: Понуркін Євген Григорович | D33: 01.07.2024 | E33: 661 | F33: 3990 | H33: =MATCH(I33,#REF!,0) -> #REF! | I33: =TRIM(C33) -> Понуркін Євген Григорович | K33: =INDEX(Лист2!D:D,MATCH(C33,Лист2!C:C,0)) -> 3005702873
... B38: 36 | C38: Скрипник Сергій Павлович | D38: 01.07.2024 | E38: 661 | F38: 5460 | H38: =MATCH(I38,#REF!,0) -> #REF! | I38: =TRIM(C38) -> Скрипник Сергій Павлович | K38: =INDEX(Лист2!D:D,MATCH(C38,Лист2!C:C,0)) -> 3219619831
B39: 37 | C39: Стецюк Тетяна Леонідівна | D39: 01.07.2024 | E39: 661 | F39: 5460 | H39: =MATCH(I39,#REF!,0) -> #REF! | I39: =TRIM(C39) -> Стецюк Тетяна Леонідівна | J39: 1
B40: 38 | C40: Тужиков Валерій Владиславович (осн.) | D40: 01.07.2024 | E40: 661 | F40: 3990 | H40: =MATCH(I40,#REF!,0) -> #REF! | I40: =#REF! -> #REF! | K40: =INDEX(Лист2!D:D,MATCH(C40,Лист2!C:C,0)) -> 3233009756
B41: 39 | C41: Тужиков Юрій Владиславович | D41: 01.07.2024 | E41: 661 | F41: 3324.99 | H41: =MATCH(I41,#REF!,0) -> #REF! | I41: =TRIM(C41) -> Тужиков Юрій Владиславович | K41: =INDEX(Лист2!D:D,MATCH(C41,Лист2!C:C,0)) -> 3153508799
B42: 40 | C42: Федорчук Денис Сергійович | D42: 01.07.2024 | E42: 661 | F42: 1995 | H42: =MATCH(I42,#REF!,0) -> #REF! | I42: =TRIM(C42) -> Федорчук Денис Сергійович | K42: =INDEX(Лист2!D:D,MATCH(C42,Лист2!C:C,0)) -> 3428705315
B43: 41 | C43: Чілібін Микола Євгенович | D43: 01.07.2024 | E43: 661 | F43: 5460 | H43: =MATCH(I43,#REF!,0) -> #REF! | I43: =TRIM(C43) -> Чілібін Микола Євгенович | J43: 1
B44: 42 | C44: Чуб Владислав Володимирович | D44: 01.07.2024 | E44: 661 | F44: 840 | H44: =MATCH(I44,#REF!,0) -> #REF! | I44: =TRIM(C44) -> Чуб Владислав Володимирович | K44: =INDEX(Лист2!D:D,MATCH(C44,Лист2!C:C,0)) -> 2858519154
B45: 43 | C45: Щербак Петро Іванович | D45: 01.07.2024 | E45: 661 | F45: 4620 | H45: =MATCH(I45,#REF!,0) -> #REF! | I45: =C45 -> Щербак Петро Іванович | K45: =INDEX(Лист2!D:D,MATCH(C45,Лист2!C:C,0)) -> 2537500655
E46: Итого: | F46: 172635.53

Sheet Табель цех 16 по 30 вересня
A1: N | B1: Сотрудник | C1: Удержание за обеды на объекте | D1: виплати на картку за період 16-30.09.25 | E1: ЗП 16-30.09.25 | F1: Сальдо на -15.09.2025 | G1: до виплати | H1: Сальдо на 30.09.2025 | I1: Відпрацьовано годин | J1: ставка | K1: ИТР | L1: ЦО | M1: МХП лазня | N1: катеринопіль | O1: МД ВООЗ ЕМС | P1: кернел | Q1: глобино | R1: Вооз ЕМС | S1: ООН 36 | T1: ООН 37 | U1: ООН 38 | V1: ООН 39 | W1: ООН 40 | X1: ООН 43 | Y1: ООН 44 | Z1: ООН 45 | AA1: ООН 46 | AB1: ООН 47 | AC1: ООН 48 | AD1: ООН 49 | AE1: ООН 50 | AF1: ООН 51 | AG1: Форшахта | AH1: галерея 25,6 | AI1: ГРП | AJ1: Парк меляси | AK1: ООН42 | AL1: перевірка | AM1: ИТР | AN1: ЦО | AO1: МХП лазня | AP1: катеринопіль | AQ1: МД ВООЗ ЕМС | AR1: кернел | AS1: глобино | AT1: Вооз ЕМС | AU1: ООН 36 | AV1: ООН 37 | AW1: ООН 38 | AX1: ООН 39 | AY1: ООН 40 | AZ1: ООН 43 | BA1: ООН 44 | BB1: ООН 45 | BC1: ООН 46 | BD1: ООН 47 | BE1: ООН 48 | BF1: ООН 49 | BG1: ООН 50 | BH1: ООН 51 | BI1: Форшахта | BJ1: галерея 25,6 | BK1: ГРП | BL1: Парк меляси | BM1: ООН42 | BN1: перевірка
B2: Пономаренко Віталій Вікторович | D2: 8662.5 | E2: =I2*J2 -> 20880 | F2: 29.98 | G2: =IF(ROUND(E2+F2-C2-D2,-2)<0,0,ROUND(E2+F2-C2-D2,-2)) -> 12200 | H2: =E2+F2-G2-C2-D2 -> 47.48 | I2: 116 | J2: 180 | K2: =SUMIF(ИТР!B:B,B2,ИТР!R:R) -> 116 | L2: =SUMIF(_ЦО!$B:$B,B2,_ЦО!T:T) -> 0 | M2: =SUMIF('МХП лазня'!B:B,B2,'МХП лазня'!T:T) -> 0 | N2: =SUMIF(Катеринополь!$B:$B,B2,Катеринополь!$T:$T) -> 0 | O2: =SUMIF(ВООЗ!B:B,B2,ВООЗ!T:T) -> 0 | P2: =SUMIF(Кернел!B:B,B2,Кернел!T:T) -> 0 | Q2: =SUMIF('Глобино Мк'!B:B,B2,'Глобино Мк'!T:T) -> 0 | R2: =SUMIF('ВООЗ ЕМС'!B:B,B2,'ВООЗ ЕМС'!T:T) -> 0 | S2: =SUMIF('ООН 36'!B:B,B2,'ООН 36'!T:T) -> 0 | T2: =SUMIF('ООН 37'!B:B,B2,'ООН 37'!T:T) -> 0 | U2: =SUMIF('ООН 38'!B:B,B2,'ООН 38'!T:T) -> 0 | V2: =SUMIF(ООН39!B:B,B2,ООН39!T:T) -> 0 | W2: =SUMIF('ООН 40'!B:B,B2,'ООН 40'!T:T) -> 0 | X2: =SUMIF('ООН 43'!B:B,B2,'ООН 43'!T:T) -> 0 | Y2: =SUMIF('ООН 44'!B:B,B2,'ООН 44'!T:T) -> 0 | Z2: =SUMIF('ООН 45'!B:B,B2,'ООН 45'!V:V) -> 0 | AA2: =SUMIF(ООН46!B:B,B2,ООН46!T:T) -> 0 | AB2: =SUMIF(ООН47!B:B,B2,ООН47!T:T) -> 0 | AC2: =SUMIF(ООН48!B:B,B2,ООН48!T:T) -> 0 | AD2: =SUMIF(ООН49!B:B,B2,ООН49!T:T) -> 0 | AE2: =SUMIF(ООн50!B:B,B2,ООн50!T:T) -> 0 | AF2: =SUMIF(ООН51!B:B,B2,ООН51!T:T) -> 0 | AG2: =SUMIF(Форшахта!B:B,B2,Форшахта!T:T) -> 0 | AH2: =SUMIF('ГАлерея 25.6'!B:B,B2,'ГАлерея 25.6'!T:T) -> 0 | AI2: =SUMIF(ГРП!B:B,B2,ГРП!AI:AI) -> 0 | AJ2: =SUMIF('Парк меляси'!B:B,B2,'Парк меляси'!T:T) -> 0 | AK2: =SUMIF('ООН 42'!B:B,B2,'ООН 42'!T:T) -> 0 | AL2: =SUM(K2:AK2)-I2 -> 0 | AM2: =IFERROR($G2/$I2*K2,0) -> 12200 | AN2: =IFERROR($G2/$I2*L2,0) -> 0 | AO2: =IFERROR($G2/$I2*M2,0) -> 0 | AP2: =IFERROR($G2/$I2*N2,0) -> 0 | AQ2: =IFERROR($G2/$I2*O2,0) -> 0 | AR2: =IFERROR($G2/$I2*P2,0) -> 0 | AS2: =IFERROR($G2/$I2*Q2,0) -> 0 | AT2: =IFERROR($G2/$I2*R2,0) -> 0 | ... BM2: =IFERROR($G2/$I2*AK2,0) -> 0 | BN2: =SUM(AM2:BM2) -> 12200 | BO2: =BN2-G2 -> 0
B3: Скрипник Сергій Павлович | D3: 8610 | E3: =I3*J3 -> 14940 | F3: -2423.56 | G3: =IF(ROUND(E3+F3-C3-D3,-2)<0,0,ROUND(E3+F3-C3-D3,-2)) -> 3900 | H3: =E3+F3-G3-C3-D3 -> 6.44 | I3: 83 | J3: 180 | K3: =SUMIF(ИТР!B:B,B3,ИТР!R:R) -> 83 | L3: =SUMIF(_ЦО!$B:$B,B3,_ЦО!T:T) -> 0 | M3: =SUMIF('МХП лазня'!B:B,B3,'МХП лазня'!T:T) -> 0 | N3: =SUMIF(Катеринополь!$B:$B,B3,Катеринополь!$T:$T) -> 0 | O3: =SUMIF(ВООЗ!B:B,B3,ВООЗ!T:T) -> 0 | P3: =SUMIF(Кернел!B:B,B3,Кернел!T:T) -> 0 | Q3: =SUMIF('Глобино Мк'!B:B,B3,'Глобино Мк'!T:T) -> 0 | R3: =SUMIF('ВООЗ ЕМС'!B:B,B3,'ВООЗ ЕМС'!T:T) -> 0 | S3: =SUMIF('ООН 36'!B:B,B3,'ООН 36'!T:T) -> 0 | T3: =SUMIF('ООН 37'!B:B,B3,'ООН 37'!T:T) -> 0 | U3: =SUMIF('ООН 38'!B:B,B3,'ООН 38'!T:T) -> 0 | V3: =SUMIF(ООН39!B:B,B3,ООН39!T:T) -> 0 | W3: =SUMIF('ООН 40'!B:B,B3,'ООН 40'!T:T) -> 0 | X3: =SUMIF('ООН 43'!B:B,B3,'ООН 43'!T:T) -> 0 | Y3: =SUMIF('ООН 44'!B:B,B3,'ООН 44'!T:T) -> 0 | Z3: =SUMIF('ООН 45'!B:B,B3,'ООН 45'!V:V) -> 0 | AA3: =SUMIF(ООН46!B:B,B3,ООН46!T:T) -> 0 | AB3: =SUMIF(ООН47!B:B,B3,ООН47!T:T) -> 0 | AC3: =SUMIF(ООН48!B:B,B3,ООН48!T:T) -> 0 | AD3: =SUMIF(ООН49!B:B,B3,ООН49!T:T) -> 0 | AE3: =SUMIF(ООн50!B:B,B3,ООн50!T:T) -> 0 | AF3: =SUMIF(ООН51!B:B,B3,ООН51!T:T) -> 0 | AG3: =SUMIF(Форшахта!B:B,B3,Форшахта!T:T) -> 0 | AH3: =SUMIF('ГАлерея 25.6'!B:B,B3,'ГАлерея 25.6'!T:T) -> 0 | AI3: =SUMIF(ГРП!B:B,B3,ГРП!AI:AI) -> 0 | AJ3: =SUMIF('Парк меляси'!B:B,B3,'Парк меляси'!T:T) -> 0 | AK3: =SUMIF('ООН 42'!B:B,B3,'ООН 42'!T:T) -> 0 | AL3: =SUM(K3:AK3)-I3 -> 0 | AM3: =IFERROR($G3/$I3*K3,0) -> 3900 | AN3: =IFERROR($G3/$I3*L3,0) -> 0 | AO3: =IFERROR($G3/$I3*M3,0) -> 0 | AP3: =IFERROR($G3/$I3*N3,0) -> 0 | AQ3: =IFERROR($G3/$I3*O3,0) -> 0 | AR3: =IFERROR($G3/$I3*P3,0) -> 0 | AS3: =IFERROR($G3/$I3*Q3,0) -> 0 | AT3: =IFERROR($G3/$I3*R3,0) -> 0 | ... BM3: =IFERROR($G3/$I3*AK3,0) -> 0 | BN3: =SUM(AM3:BM3) -> 3900 | BO3: =BN3-G3 -> 0
A4: 1 | B4: Багацький Вадим Геннадійович | D4: 3927 | E4: =I4*J4 -> 24150 | F4: -14.75 | G4: =IF(ROUND(E4+F4-C4-D4,-2)<0,0,ROUND(E4+F4-C4-D4,-2)) -> 20200 | H4: =E4+F4-G4-C4-D4 -> 8.25 | I4: =_ЦО!T2+'МХП лазня'!T2+Катеринополь!T2+ВООЗ!T2+Кернел!T2+'Глобино Мк'!T2+'ВООЗ ЕМС'!T2+'ООН 36'!T2+'ООН 37'!T2+'ООН 38'!T2+ООН39!T2+'ООН 40'!T2+'ООН 43'!T2+'ООН 44'!T2+'ООН 45'!V2+ООН46!T2+ООН47!T2+ООН48!T2+ООН49!T2+ООн50!T2+ООН51!T2+Форшахта!T2+'ГАлерея 25.6'!T2+ГРП!AI2+'Парк меляси'!T2+'ООН 42'!T2 -> 161 | J4: 150 | K4: =SUMIF(ИТР!B:B,B4,ИТР!R:R) -> 0 | L4: =SUMIF(_ЦО!$B:$B,B4,_ЦО!T:T) -> 0 | M4: =SUMIF('МХП лазня'!B:B,B4,'МХП лазня'!T:T) -> 0 | N4: =SUMIF(Катеринополь!$B:$B,B4,Катеринополь!$T:$T) -> 33 | O4: =SUMIF(ВООЗ!B:B,B4,ВООЗ!T:T) -> 0 | P4: =SUMIF(Кернел!B:B,B4,Кернел!T:T) -> 0 | Q4: =SUMIF('Глобино Мк'!B:B,B4,'Глобино Мк'!T:T) -> 28 | R4: =SUMIF('ВООЗ ЕМС'!B:B,B4,'ВООЗ ЕМС'!T:T) -> 0 | S4: =SUMIF('ООН 36'!B:B,B4,'ООН 36'!T:T) -> 0 | T4: =SUMIF('ООН 37'!B:B,B4,'ООН 37'!T:T) -> 0 | U4: =SUMIF('ООН 38'!B:B,B4,'ООН 38'!T:T) -> 0 | V4: =SUMIF(ООН39!B:B,B4,ООН39!T:T) -> 0 | W4: =SUMIF('ООН 40'!B:B,B4,'ООН 40'!T:T) -> 0 | X4: =SUMIF('ООН 43'!B:B,B4,'ООН 43'!T:T) -> 0 | Y4: =SUMIF('ООН 44'!B:B,B4,'ООН 44'!T:T) -> 0 | Z4: =SUMIF('ООН 45'!B:B,B4,'ООН 45'!V:V) -> 0 | AA4: =SUMIF(ООН46!B:B,B4,ООН46!T:T) -> 11 | AB4: =SUMIF(ООН47!B:B,B4,ООН47!T:T) -> 0 | AC4: =SUMIF(ООН48!B:B,B4,ООН48!T:T) -> 0 | AD4: =SUMIF(ООН49!B:B,B4,ООН49!T:T) -> 0 | AE4: =SUMIF(ООн50!B:B,B4,ООн50!T:T) -> 0 | AF4: =SUMIF(ООН51!B:B,B4,ООН51!T:T) -> 0 | AG4: =SUMIF(Форшахта!B:B,B4,Форшахта!T:T) -> 0 | AH4: =SUMIF('ГАлерея 25.6'!B:B,B4,'ГАлерея 25.6'!T:T) -> 0 | AI4: =SUMIF(ГРП!B:B,B4,ГРП!AI:AI) -> 39 | AJ4: =SUMIF('Парк меляси'!B:B,B4,'Парк меляси'!T:T) -> 50 | AK4: =SUMIF('ООН 42'!B:B,B4,'ООН 42'!T:T) -> 0 | AL4: =SUM(K4:AK4)-I4 -> 0 | AM4: =IFERROR($G4/$I4*K4,0) -> 0 | AN4: =IFERROR($G4/$I4*L4,0) -> 0 | AO4: =IFERROR($G4/$I4*M4,0) -> 0 | AP4: =IFERROR($G4/$I4*N4,0) -> 4140.3727 | AQ4: =IFERROR($G4/$I4*O4,0) -> 0 | AR4: =IFERROR($G4/$I4*P4,0) -> 0 | AS4: =IFERROR($G4/$I4*Q4,0) -> 3513.0435 | AT4: =IFERROR($G4/$I4*R4,0) -> 0 | ... BM4: =IFERROR($G4/$I4*AK4,0) -> 0 | BN4: =SUM(AM4:BM4) -> 20200 | BO4: =BN4-G4 -> 0
A5: 2 | B5: Васильєв Віталій Юрійович | D5: 3927 | E5: =I5*J5 -> 17850 | F5: 2.26 | G5: =IF(ROUND(E5+F5-C5-D5,-2)<0,0,ROUND(E5+F5-C5-D5,-2)) -> 13900 | H5: =E5+F5-G5-C5-D5 -> 25.26 | I5: =_ЦО!T3+'МХП лазня'!T3+Катеринополь!T3+ВООЗ!T3+Кернел!T3+'Глобино Мк'!T3+'ВООЗ ЕМС'!T3+'ООН 36'!T3+'ООН 37'!T3+'ООН 38'!T3+ООН39!T3+'ООН 40'!T3+'ООН 43'!T3+'ООН 44'!T3+'ООН 45'!V3+ООН46!T3+ООН47!T3+ООН48!T3+ООН49!T3+ООн50!T3+ООН51!T3+Форшахта!T3+'ГАлерея 25.6'!T3+ГРП!AI3+'Парк меляси'!T3+'ООН 42'!T3 -> 119 | J5: 150 | K5: =SUMIF(ИТР!B:B,B5,ИТР!R:R) -> 0 | L5: =SUMIF(_ЦО!$B:$B,B5,_ЦО!T:T) -> 119 | M5: =SUMIF('МХП лазня'!B:B,B5,'МХП лазня'!T:T) -> 0 | N5: =SUMIF(Катеринополь!$B:$B,B5,Катеринополь!$T:$T) -> 0 | O5: =SUMIF(ВООЗ!B:B,B5,ВООЗ!T:T) -> 0 | P5: =SUMIF(Кернел!B:B,B5,Кернел!T:T) -> 0 | Q5: =SUMIF('Глобино Мк'!B:B,B5,'Глобино Мк'!T:T) -> 0 | R5: =SUMIF('ВООЗ ЕМС'!B:B,B5,'ВООЗ ЕМС'!T:T) -> 0 | S5: =SUMIF('ООН 36'!B:B,B5,'ООН 36'!T:T) -> 0 | T5: =SUMIF('ООН 37'!B:B,B5,'ООН 37'!T:T) -> 0 | U5: =SUMIF('ООН 38'!B:B,B5,'ООН 38'!T:T) -> 0 | V5: =SUMIF(ООН39!B:B,B5,ООН39!T:T) -> 0 | W5: =SUMIF('ООН 40'!B:B,B5,'ООН 40'!T:T) -> 0 | X5: =SUMIF('ООН 43'!B:B,B5,'ООН 43'!T:T) -> 0 | Y5: =SUMIF('ООН 44'!B:B,B5,'ООН 44'!T:T) -> 0 | Z5: =SUMIF('ООН 45'!B:B,B5,'ООН 45'!V:V) -> 0 | AA5: =SUMIF(ООН46!B:B,B5,ООН46!T:T) -> 0 | AB5: =SUMIF(ООН47!B:B,B5,ООН47!T:T) -> 0 | AC5: =SUMIF(ООН48!B:B,B5,ООН48!T:T) -> 0 | AD5: =SUMIF(ООН49!B:B,B5,ООН49!T:T) -> 0 | AE5: =SUMIF(ООн50!B:B,B5,ООн50!T:T) -> 0 | AF5: =SUMIF(ООН51!B:B,B5,ООН51!T:T) -> 0 | AG5: =SUMIF(Форшахта!B:B,B5,Форшахта!T:T) -> 0 | AH5: =SUMIF('ГАлерея 25.6'!B:B,B5,'ГАлерея 25.6'!T:T) -> 0 | AI5: =SUMIF(ГРП!B:B,B5,ГРП!AI:AI) -> 0 | AJ5: =SUMIF('Парк меляси'!B:B,B5,'Парк меляси'!T:T) -> 0 | AK5: =SUMIF('ООН 42'!B:B,B5,'ООН 42'!T:T) -> 0 | AL5: =SUM(K5:AK5)-I5 -> 0 | AM5: =IFERROR($G5/$I5*K5,0) -> 0 | AN5: =IFERROR($G5/$I5*L5,0) -> 13900 | AO5: =IFERROR($G5/$I5*M5,0) -> 0 | AP5: =IFERROR($G5/$I5*N5,0) -> 0 | AQ5: =IFERROR($G5/$I5*O5,0) -> 0 | AR5: =IFERROR($G5/$I5*P5,0) -> 0 | AS5: =IFERROR($G5/$I5*Q5,0) -> 0 | AT5: =IFERROR($G5/$I5*R5,0) -> 0 | ... BM5: =IFERROR($G5/$I5*AK5,0) -> 0 | BN5: =SUM(AM5:BM5) -> 13900 | BO5: =BN5-G5 -> 0
A6: 3 | B6: Григоренко Олександр Миколайович | C6: 10324.25 | D6: 3927 | E6: =I6*J6 -> 54000 | F6: 39.75 | G6: =IF(ROUND(E6+F6-C6-D6,-2)<0,0,ROUND(E6+F6-C6-D6,-2)) -> 39800 | H6: =E6+F6-G6-C6-D6 -> -11.5 | I6: =_ЦО!T4+'МХП лазня'!T4+Катеринополь!T4+ВООЗ!T4+Кернел!T4+'Глобино Мк'!T4+'ВООЗ ЕМС'!T4+'ООН 36'!T4+'ООН 37'!T4+'ООН 38'!T4+ООН39!T4+'ООН 40'!T4+'ООН 43'!T4+'ООН 44'!T4+'ООН 45'!V4+ООН46!T4+ООН47!T4+ООН48!T4+ООН49!T4+ООн50!T4+ООН51!T4+Форшахта!T4+'ГАлерея 25.6'!T4+ГРП!AI4+'Парк меляси'!T4+'ООН 42'!T4 -> 360 | J6: 150 | K6: =SUMIF(ИТР!B:B,B6,ИТР!R:R) -> 0 | L6: =SUMIF(_ЦО!$B:$B,B6,_ЦО!T:T) -> 0 | M6: =SUMIF('МХП лазня'!B:B,B6,'МХП лазня'!T:T) -> 0 | N6: =SUMIF(Катеринополь!$B:$B,B6,Катеринополь!$T:$T) -> 0 | O6: =SUMIF(ВООЗ!B:B,B6,ВООЗ!T:T) -> 0 | P6: =SUMIF(Кернел!B:B,B6,Кернел!T:T) -> 360 | Q6: =SUMIF('Глобино Мк'!B:B,B6,'Глобино Мк'!T:T) -> 0 | R6: =SUMIF('ВООЗ ЕМС'!B:B,B6,'ВООЗ ЕМС'!T:T) -> 0 | S6: =SUMIF('ООН 36'!B:B,B6,'ООН 36'!T:T) -> 0 | T6: =SUMIF('ООН 37'!B:B,B6,'ООН 37'!T:T) -> 0 | U6: =SUMIF('ООН 38'!B:B,B6,'ООН 38'!T:T) -> 0 | V6: =SUMIF(ООН39!B:B,B6,ООН39!T:T) -> 0 | W6: =SUMIF('ООН 40'!B:B,B6,'ООН 40'!T:T) -> 0 | X6: =SUMIF('ООН 43'!B:B,B6,'ООН 43'!T:T) -> 0 | Y6: =SUMIF('ООН 44'!B:B,B6,'ООН 44'!T:T) -> 0 | Z6: =SUMIF('ООН 45'!B:B,B6,'ООН 45'!V:V) -> 0 | AA6: =SUMIF(ООН46!B:B,B6,ООН46!T:T) -> 0 | AB6: =SUMIF(ООН47!B:B,B6,ООН47!T:T) -> 0 | AC6: =SUMIF(ООН48!B:B,B6,ООН48!T:T) -> 0 | AD6: =SUMIF(ООН49!B:B,B6,ООН49!T:T) -> 0 | AE6: =SUMIF(ООн50!B:B,B6,ООн50!T:T) -> 0 | AF6: =SUMIF(ООН51!B:B,B6,ООН51!T:T) -> 0 | AG6: =SUMIF(Форшахта!B:B,B6,Форшахта!T:T) -> 0 | AH6: =SUMIF('ГАлерея 25.6'!B:B,B6,'ГАлерея 25.6'!T:T) -> 0 | AI6: =SUMIF(ГРП!B:B,B6,ГРП!AI:AI) -> 0 | AJ6: =SUMIF('Парк меляси'!B:B,B6,'Парк меляси'!T:T) -> 0 | AK6: =SUMIF('ООН 42'!B:B,B6,'ООН 42'!T:T) -> 0 | AL6: =SUM(K6:AK6)-I6 -> 0 | AM6: =IFERROR($G6/$I6*K6,0) -> 0 | AN6: =IFERROR($G6/$I6*L6,0) -> 0 | AO6: =IFERROR($G6/$I6*M6,0) -> 0 | AP6: =IFERROR($G6/$I6*N6,0) -> 0 | AQ6: =IFERROR($G6/$I6*O6,0) -> 0 | AR6: =IFERROR($G6/$I6*P6,0) -> 39800 | AS6: =IFERROR($G6/$I6*Q6,0) -> 0 | AT6: =IFERROR($G6/$I6*R6,0) -> 0 | ... BM6: =IFERROR($G6/$I6*AK6,0) -> 0 | BN6: =SUM(AM6:BM6) -> 39800 | BO6: =BN6-G6 -> 0
A7: 4 | B7: Григорьєв Микола Андрійович | D7: 3927 | E7: =I7*J7 -> 18150 | F7: -28.74 | G7: =IF(ROUND(E7+F7-C7-D7,-2)<0,0,ROUND(E7+F7-C7-D7,-2)) -> 14200 | H7: =E7+F7-G7-C7-D7 -> -5.74 | I7: =_ЦО!T5+'МХП лазня'!T5+Катеринополь!T5+ВООЗ!T5+Кернел!T5+'Глобино Мк'!T5+'ВООЗ ЕМС'!T5+'ООН 36'!T5+'ООН 37'!T5+'ООН 38'!T5+ООН39!T5+'ООН 40'!T5+'ООН 43'!T5+'ООН 44'!T5+'ООН 45'!V5+ООН46!T5+ООН47!T5+ООН48!T5+ООН49!T5+ООн50!T5+ООН51!T5+Форшахта!T5+'ГАлерея 25.6'!T5+ГРП!AI5+'Парк меляси'!T5+'ООН 42'!T5 -> 121 | J7: 150 | K7: =SUMIF(ИТР!B:B,B7,ИТР!R:R) -> 0 | L7: =SUMIF(_ЦО!$B:$B,B7,_ЦО!T:T) -> 0 | M7: =SUMIF('МХП лазня'!B:B,B7,'МХП лазня'!T:T) -> 0 | N7: =SUMIF(Катеринополь!$B:$B,B7,Катеринополь!$T:$T) -> 0 | O7: =SUMIF(ВООЗ!B:B,B7,ВООЗ!T:T) -> 0 | P7: =SUMIF(Кернел!B:B,B7,Кернел!T:T) -> 0 | Q7: =SUMIF('Глобино Мк'!B:B,B7,'Глобино Мк'!T:T) -> 0 | R7: =SUMIF('ВООЗ ЕМС'!B:B,B7,'ВООЗ ЕМС'!T:T) -> 0 | S7: =SUMIF('ООН 36'!B:B,B7,'ООН 36'!T:T) -> 0 | T7: =SUMIF('ООН 37'!B:B,B7,'ООН 37'!T:T) -> 0 | U7: =SUMIF('ООН 38'!B:B,B7,'ООН 38'!T:T) -> 0 | V7: =SUMIF(ООН39!B:B,B7,ООН39!T:T) -> 0 | W7: =SUMIF('ООН 40'!B:B,B7,'ООН 40'!T:T) -> 0 | X7: =SUMIF('ООН 43'!B:B,B7,'ООН 43'!T:T) -> 0 | Y7: =SUMIF('ООН 44'!B:B,B7,'ООН 44'!T:T) -> 0 | Z7: =SUMIF('ООН 45'!B:B,B7,'ООН 45'!V:V) -> 22 | AA7: =SUMIF(ООН46!B:B,B7,ООН46!T:T) -> 44 | AB7: =SUMIF(ООН47!B:B,B7,ООН47!T:T) -> 44 | AC7: =SUMIF(ООН48!B:B,B7,ООН48!T:T) -> 11 | AD7: =SUMIF(ООН49!B:B,B7,ООН49!T:T) -> 0 | AE7: =SUMIF(ООн50!B:B,B7,ООн50!T:T) -> 0 | AF7: =SUMIF(ООН51!B:B,B7,ООН51!T:T) -> 0 | AG7: =SUMIF(Форшахта!B:B,B7,Форшахта!T:T) -> 0 | AH7: =SUMIF('ГАлерея 25.6'!B:B,B7,'ГАлерея 25.6'!T:T) -> 0 | AI7: =SUMIF(ГРП!B:B,B7,ГРП!AI:AI) -> 0 | AJ7: =SUMIF('Парк меляси'!B:B,B7,'Парк меляси'!T:T) -> 0 | AK7: =SUMIF('ООН 42'!B:B,B7,'ООН 42'!T:T) -> 0 | AL7: =SUM(K7:AK7)-I7 -> 0 | AM7: =IFERROR($G7/$I7*K7,0) -> 0 | AN7: =IFERROR($G7/$I7*L7,0) -> 0 | AO7: =IFERROR($G7/$I7*M7,0) -> 0 | AP7: =IFERROR($G7/$I7*N7,0) -> 0 | AQ7: =IFERROR($G7/$I7*O7,0) -> 0 | AR7: =IFERROR($G7/$I7*P7,0) -> 0 | AS7: =IFERROR($G7/$I7*Q7,0) -> 0 | AT7: =IFERROR($G7/$I7*R7,0) -> 0 | ... BM7: =IFERROR($G7/$I7*AK7,0) -> 0 | BN7: =SUM(AM7:BM7) -> 14200 | BO7: =BN7-G7 -> 0
A8: 5 | B8: Григор'єв Михайло Андрійович | D8: 3927 | E8: =I8*J8 -> 19050 | F8: 6.17 | G8: =IF(ROUND(E8+F8-C8-D8,-2)<0,0,ROUND(E8+F8-C8-D8,-2)) -> 15100 | H8: =E8+F8-G8-C8-D8 -> 29.17 | I8: =_ЦО!T6+'МХП лазня'!T6+Катеринополь!T6+ВООЗ!T6+Кернел!T6+'Глобино Мк'!T6+'ВООЗ ЕМС'!T6+'ООН 36'!T6+'ООН 37'!T6+'ООН 38'!T6+ООН39!T6+'ООН 40'!T6+'ООН 43'!T6+'ООН 44'!T6+'ООН 45'!V6+ООН46!T6+ООН47!T6+ООН48!T6+ООН49!T6+ООн50!T6+ООН51!T6+Форшахта!T6+'ГАлерея 25.6'!T6+ГРП!AI6+'Парк меляси'!T6+'ООН 42'!T6 -> 127 | J8: 150 | K8: =SUMIF(ИТР!B:B,B8,ИТР!R:R) -> 0 | L8: =SUMIF(_ЦО!$B:$B,B8,_ЦО!T:T) -> 0 | M8: =SUMIF('МХП лазня'!B:B,B8,'МХП лазня'!T:T) -> 0 | N8: =SUMIF(Катеринополь!$B:$B,B8,Катеринополь!$T:$T) -> 0 | O8: =SUMIF(ВООЗ!B:B,B8,ВООЗ!T:T) -> 0 | P8: =SUMIF(Кернел!B:B,B8,Кернел!T:T) -> 0 | Q8: =SUMIF('Глобино Мк'!B:B,B8,'Глобино Мк'!T:T) -> 0 | R8: =SUMIF('ВООЗ ЕМС'!B:B,B8,'ВООЗ ЕМС'!T:T) -> 0 | S8: =SUMIF('ООН 36'!B:B,B8,'ООН 36'!T:T) -> 0 | T8: =SUMIF('ООН 37'!B:B,B8,'ООН 37'!T:T) -> 0 | U8: =SUMIF('ООН 38'!B:B,B8,'ООН 38'!T:T) -> 0 | V8: =SUMIF(ООН39!B:B,B8,ООН39!T:T) -> 0 | W8: =SUMIF('ООН 40'!B:B,B8,'ООН 40'!T:T) -> 0 | X8: =SUMIF('ООН 43'!B:B,B8,'ООН 43'!T:T) -> 0 | Y8: =SUMIF('ООН 44'!B:B,B8,'ООН 44'!T:T) -> 0 | Z8: =SUMIF('ООН 45'!B:B,B8,'ООН 45'!V:V) -> 22 | AA8: =SUMIF(ООН46!B:B,B8,ООН46!T:T) -> 44 | AB8: =SUMIF(ООН47!B:B,B8,ООН47!T:T) -> 44 | AC8: =SUMIF(ООН48!B:B,B8,ООН48!T:T) -> 17 | AD8: =SUMIF(ООН49!B:B,B8,ООН49!T:T) -> 0 | AE8: =SUMIF(ООн50!B:B,B8,ООн50!T:T) -> 0 | AF8: =SUMIF(ООН51!B:B,B8,ООН51!T:T) -> 0 | AG8: =SUMIF(Форшахта!B:B,B8,Форшахта!T:T) -> 0 | AH8: =SUMIF('ГАлерея 25.6'!B:B,B8,'ГАлерея 25.6'!T:T) -> 0 | AI8: =SUMIF(ГРП!B:B,B8,ГРП!AI:AI) -> 0 | AJ8: =SUMIF('Парк меляси'!B:B,B8,'Парк меляси'!T:T) -> 0 | AK8: =SUMIF('ООН 42'!B:B,B8,'ООН 42'!T:T) -> 0 | AL8: =SUM(K8:AK8)-I8 -> 0 | AM8: =IFERROR($G8/$I8*K8,0) -> 0 | AN8: =IFERROR($G8/$I8*L8,0) -> 0 | AO8: =IFERROR($G8/$I8*M8,0) -> 0 | AP8: =IFERROR($G8/$I8*N8,0) -> 0 | AQ8: =IFERROR($G8/$I8*O8,0) -> 0 | AR8: =IFERROR($G8/$I8*P8,0) -> 0 | AS8: =IFERROR($G8/$I8*Q8,0) -> 0 | AT8: =IFERROR($G8/$I8*R8,0) -> 0 | ... BM8: =IFERROR($G8/$I8*AK8,0) -> 0 | BN8: =SUM(AM8:BM8) -> 15100 | BO8: =BN8-G8 -> 0
A9: 6 | B9: Іванов Олексій Вікторович | D9: 3927 | E9: =I9*J9 -> 19050 | F9: -18.45 | G9: =IF(ROUND(E9+F9-C9-D9,-2)<0,0,ROUND(E9+F9-C9-D9,-2)) -> 15100 | H9: =E9+F9-G9-C9-D9 -> 4.55 | I9: =_ЦО!T7+'МХП лазня'!T7+Катеринополь!T7+ВООЗ!T7+Кернел!T7+'Глобино Мк'!T7+'ВООЗ ЕМС'!T7+'ООН 36'!T7+'ООН 37'!T7+'ООН 38'!T7+ООН39!T7+'ООН 40'!T7+'ООН 43'!T7+'ООН 44'!T7+'ООН 45'!V7+ООН46!T7+ООН47!T7+ООН48!T7+ООН49!T7+ООн50!T7+ООН51!T7+Форшахта!T7+'ГАлерея 25.6'!T7+ГРП!AI7+'Парк меляси'!T7+'ООН 42'!T7 -> 127 | J9: 150 | K9: =SUMIF(ИТР!B:B,B9,ИТР!R:R) -> 0 | L9: =SUMIF(_ЦО!$B:$B,B9,_ЦО!T:T) -> 0 | M9: =SUMIF('МХП лазня'!B:B,B9,'МХП лазня'!T:T) -> 0 | N9: =SUMIF(Катеринополь!$B:$B,B9,Катеринополь!$T:$T) -> 0 | O9: =SUMIF(ВООЗ!B:B,B9,ВООЗ!T:T) -> 0 | P9: =SUMIF(Кернел!B:B,B9,Кернел!T:T) -> 0 | Q9: =SUMIF('Глобино Мк'!B:B,B9,'Глобино Мк'!T:T) -> 33 | R9: =SUMIF('ВООЗ ЕМС'!B:B,B9,'ВООЗ ЕМС'!T:T) -> 0 | S9: =SUMIF('ООН 36'!B:B,B9,'ООН 36'!T:T) -> 0 | T9: =SUMIF('ООН 37'!B:B,B9,'ООН 37'!T:T) -> 0 | U9: =SUMIF('ООН 38'!B:B,B9,'ООН 38'!T:T) -> 0 | V9: =SUMIF(ООН39!B:B,B9,ООН39!T:T) -> 0 | W9: =SUMIF('ООН 40'!B:B,B9,'ООН 40'!T:T) -> 0 | X9: =SUMIF('ООН 43'!B:B,B9,'ООН 43'!T:T) -> 0 | Y9: =SUMIF('ООН 44'!B:B,B9,'ООН 44'!T:T) -> 0 | Z9: =SUMIF('ООН 45'!B:B,B9,'ООН 45'!V:V) -> 0 | AA9: =SUMIF(ООН46!B:B,B9,ООН46!T:T) -> 0 | AB9: =SUMIF(ООН47!B:B,B9,ООН47!T:T) -> 0 | AC9: =SUMIF(ООН48!B:B,B9,ООН48!T:T) -> 0 | AD9: =SUMIF(ООН49!B:B,B9,ООН49!T:T) -> 0 | AE9: =SUMIF(ООн50!B:B,B9,ООн50!T:T) -> 0 | AF9: =SUMIF(ООН51!B:B,B9,ООН51!T:T) -> 0 | AG9: =SUMIF(Форшахта!B:B,B9,Форшахта!T:T) -> 11 | AH9: =SUMIF('ГАлерея 25.6'!B:B,B9,'ГАлерея 25.6'!T:T) -> 22 | AI9: =SUMIF(ГРП!B:B,B9,ГРП!AI:AI) -> 11 | AJ9: =SUMIF('Парк меляси'!B:B,B9,'Парк меляси'!T:T) -> 50 | AK9: =SUMIF('ООН 42'!B:B,B9,'ООН 42'!T:T) -> 0 | AL9: =SUM(K9:AK9)-I9 -> 0 | AM9: =IFERROR($G9/$I9*K9,0) -> 0 | AN9: =IFERROR($G9/$I9*L9,0) -> 0 | AO9: =IFERROR($G9/$I9*M9,0) -> 0 | AP9: =IFERROR($G9/$I9*N9,0) -> 0 | AQ9: =IFERROR($G9/$I9*O9,0) -> 0 | AR9: =IFERROR($G9/$I9*P9,0) -> 0 | AS9: =IFERROR($G9/$I9*Q9,0) -> 3923.622 | AT9: =IFERROR($G9/$I9*R9,0) -> 0 | ... BM9: =IFERROR($G9/$I9*AK9,0) -> 0 | BN9: =SUM(AM9:BM9) -> 15100 | BO9: =BN9-G9 -> 0
A10: 7 | B10: Іскрицький Денис Русланович | D10: 18640.48 | E10: =I10*J10 -> 23400 | F10: -10.24 | G10: =IF(ROUND(E10+F10-C10-D10,-2)<0,0,ROUND(E10+F10-C10-D10,-2)) -> 4700 | H10: =E10+F10-G10-C10-D10 -> 49.28 | I10: =_ЦО!T8+'МХП лазня'!T8+Катеринополь!T8+ВООЗ!T8+Кернел!T8+'Глобино Мк'!T8+'ВООЗ ЕМС'!T8+'ООН 36'!T8+'ООН 37'!T8+'ООН 38'!T8+ООН39!T8+'ООН 40'!T8+'ООН 43'!T8+'ООН 44'!T8+'ООН 45'!V8+ООН46!T8+ООН47!T8+ООН48!T8+ООН49!T8+ООн50!T8+ООН51!T8+Форшахта!T8+'ГАлерея 25.6'!T8+ГРП!AI8+'Парк меляси'!T8+'ООН 42'!T8 -> 156 | J10: 150 | K10: =SUMIF(ИТР!B:B,B10,ИТР!R:R) -> 0 | L10: =SUMIF(_ЦО!$B:$B,B10,_ЦО!T:T) -> 0 | M10: =SUMIF('МХП лазня'!B:B,B10,'МХП лазня'!T:T) -> 0 | N10: =SUMIF(Катеринополь!$B:$B,B10,Катеринополь!$T:$T) -> 0 | O10: =SUMIF(ВООЗ!B:B,B10,ВООЗ!T:T) -> 0 | P10: =SUMIF(Кернел!B:B,B10,Кернел!T:T) -> 0 | Q10: =SUMIF('Глобино Мк'!B:B,B10,'Глобино Мк'!T:T) -> 44 | R10: =SUMIF('ВООЗ ЕМС'!B:B,B10,'ВООЗ ЕМС'!T:T) -> 0 | S10: =SUMIF('ООН 36'!B:B,B10,'ООН 36'!T:T) -> 0 | T10: =SUMIF('ООН 37'!B:B,B10,'ООН 37'!T:T) -> 0 | U10: =SUMIF('ООН 38'!B:B,B10,'ООН 38'!T:T) -> 0 | V10: =SUMIF(ООН39!B:B,B10,ООН39!T:T) -> 0 | W10: =SUMIF('ООН 40'!B:B,B10,'ООН 40'!T:T) -> 0 | X10: =SUMIF('ООН 43'!B:B,B10,'ООН 43'!T:T) -> 0 | Y10: =SUMIF('ООН 44'!B:B,B10,'ООН 44'!T:T) -> 0 | Z10: =SUMIF('ООН 45'!B:B,B10,'ООН 45'!V:V) -> 0 | AA10: =SUMIF(ООН46!B:B,B10,ООН46!T:T) -> 0 | AB10: =SUMIF(ООН47!B:B,B10,ООН47!T:T) -> 0 | AC10: =SUMIF(ООН48!B:B,B10,ООН48!T:T) -> 0 | AD10: =SUMIF(ООН49!B:B,B10,ООН49!T:T) -> 0 | AE10: =SUMIF(ООн50!B:B,B10,ООн50!T:T) -> 0 | AF10: =SUMIF(ООН51!B:B,B10,ООН51!T:T) -> 0 | AG10: =SUMIF(Форшахта!B:B,B10,Форшахта!T:T) -> 22 | AH10: =SUMIF('ГАлерея 25.6'!B:B,B10,'ГАлерея 25.6'!T:T) -> 22 | AI10: =SUMIF(ГРП!B:B,B10,ГРП!AI:AI) -> 22 | AJ10: =SUMIF('Парк меляси'!B:B,B10,'Парк меляси'!T:T) -> 46 | AK10: =SUMIF('ООН 42'!B:B,B10,'ООН 42'!T:T) -> 0 | AL10: =SUM(K10:AK10)-I10 -> 0 | AM10: =IFERROR($G10/$I10*K10,0) -> 0 | AN10: =IFERROR($G10/$I10*L10,0) -> 0 | AO10: =IFERROR($G10/$I10*M10,0) -> 0 | AP10: =IFERROR($G10/$I10*N10,0) -> 0 | AQ10: =IFERROR($G10/$I10*O10,0) -> 0 | AR10: =IFERROR($G10/$I10*P10,0) -> 0 | AS10: =IFERROR($G10/$I10*Q10,0) -> 1325.641 | AT10: =IFERROR($G10/$I10*R10,0) -> 0 | ... BM10: =IFERROR($G10/$I10*AK10,0) -> 0 | BN10: =SUM(AM10:BM10) -> 4700 | BO10: =BN10-G10 -> 0
A11: 8 | B11: Корнієнко Станіслав Володимирович | C11: 10324.25 | D11: 3927 | E11: =I11*J11 -> 54000 | F11: 32.54 | G11: =IF(ROUND(E11+F11-C11-D11,-2)<0,0,ROUND(E11+F11-C11-D11,-2)) -> 39800 | H11: =E11+F11-G11-C11-D11 -> -18.71 | I11: =_ЦО!T9+'МХП лазня'!T9+Катеринополь!T9+ВООЗ!T9+Кернел!T9+'Глобино Мк'!T9+'ВООЗ ЕМС'!T9+'ООН 36'!T9+'ООН 37'!T9+'ООН 38'!T9+ООН39!T9+'ООН 40'!T9+'ООН 43'!T9+'ООН 44'!T9+'ООН 45'!V9+ООН46!T9+ООН47!T9+ООН48!T9+ООН49!T9+ООн50!T9+ООН51!T9+Форшахта!T9+'ГАлерея 25.6'!T9+ГРП!AI9+'Парк меляси'!T9+'ООН 42'!T9 -> 360 | J11: 150 | K11: =SUMIF(ИТР!B:B,B11,ИТР!R:R) -> 0 | L11: =SUMIF(_ЦО!$B:$B,B11,_ЦО!T:T) -> 0 | M11: =SUMIF('МХП лазня'!B:B,B11,'МХП лазня'!T:T) -> 0 | N11: =SUMIF(Катеринополь!$B:$B,B11,Катеринополь!$T:$T) -> 0 | O11: =SUMIF(ВООЗ!B:B,B11,ВООЗ!T:T) -> 0 | P11: =SUMIF(Кернел!B:B,B11,Кернел!T:T) -> 360 | Q11: =SUMIF('Глобино Мк'!B:B,B11,'Глобино Мк'!T:T) -> 0 | R11: =SUMIF('ВООЗ ЕМС'!B:B,B11,'ВООЗ ЕМС'!T:T) -> 0 | S11: =SUMIF('ООН 36'!B:B,B11,'ООН 36'!T:T) -> 0 | T11: =SUMIF('ООН 37'!B:B,B11,'ООН 37'!T:T) -> 0 | U11: =SUMIF('ООН 38'!B:B,B11,'ООН 38'!T:T) -> 0 | V11: =SUMIF(ООН39!B:B,B11,ООН39!T:T) -> 0 | W11: =SUMIF('ООН 40'!B:B,B11,'ООН 40'!T:T) -> 0 | X11: =SUMIF('ООН 43'!B:B,B11,'ООН 43'!T:T) -> 0 | Y11: =SUMIF('ООН 44'!B:B,B11,'ООН 44'!T:T) -> 0 | Z11: =SUMIF('ООН 45'!B:B,B11,'ООН 45'!V:V) -> 0 | AA11: =SUMIF(ООН46!B:B,B11,ООН46!T:T) -> 0 | AB11: =SUMIF(ООН47!B:B,B11,ООН47!T:T) -> 0 | AC11: =SUMIF(ООН48!B:B,B11,ООН48!T:T) -> 0 | AD11: =SUMIF(ООН49!B:B,B11,ООН49!T:T) -> 0 | AE11: =SUMIF(ООн50!B:B,B11,ООн50!T:T) -> 0 | AF11: =SUMIF(ООН51!B:B,B11,ООН51!T:T) -> 0 | AG11: =SUMIF(Форшахта!B:B,B11,Форшахта!T:T) -> 0 | AH11: =SUMIF('ГАлерея 25.6'!B:B,B11,'ГАлерея 25.6'!T:T) -> 0 | AI11: =SUMIF(ГРП!B:B,B11,ГРП!AI:AI) -> 0 | AJ11: =SUMIF('Парк меляси'!B:B,B11,'Парк меляси'!T:T) -> 0 | AK11: =SUMIF('ООН 42'!B:B,B11,'ООН 42'!T:T) -> 0 | AL11: =SUM(K11:AK11)-I11 -> 0 | AM11: =IFERROR($G11/$I11*K11,0) -> 0 | AN11: =IFERROR($G11/$I11*L11,0) -> 0 | AO11: =IFERROR($G11/$I11*M11,0) -> 0 | AP11: =IFERROR($G11/$I11*N11,0) -> 0 | AQ11: =IFERROR($G11/$I11*O11,0) -> 0 | AR11: =IFERROR($G11/$I11*P11,0) -> 39800 | AS11: =IFERROR($G11/$I11*Q11,0) -> 0 | AT11: =IFERROR($G11/$I11*R11,0) -> 0 | ... BM11: =IFERROR($G11/$I11*AK11,0) -> 0 | BN11: =SUM(AM11:BM11) -> 39800 | BO11: =BN11-G11 -> 0
A12: 9 | B12: Масливець Ігор Валерійович | D12: 3927 | E12: =I12*J12 -> 20700 | F12: 34.95 | G12: =IF(ROUND(E12+F12-C12-D12,-2)<0,0,ROUND(E12+F12-C12-D12,-2)) -> 16800 | H12: =E12+F12-G12-C12-D12 -> 7.95 | I12: =_ЦО!T10+'МХП лазня'!T10+Катеринополь!T10+ВООЗ!T10+Кернел!T10+'Глобино Мк'!T10+'ВООЗ ЕМС'!T10+'ООН 36'!T10+'ООН 37'!T10+'ООН 38'!T10+ООН39!T10+'ООН 40'!T10+'ООН 43'!T10+'ООН 44'!T10+'ООН 45'!V10+ООН46!T10+ООН47!T10+ООН48!T10+ООН49!T10+ООн50!T10+ООН51!T10+Форшахта!T10+'ГАлерея 25.6'!T10+ГРП!AI10+'Парк меляси'!T10+'ООН 42'!T10 -> 138 | J12: 150 | K12: =SUMIF(ИТР!B:B,B12,ИТР!R:R) -> 0 | L12: =SUMIF(_ЦО!$B:$B,B12,_ЦО!T:T) -> 0 | M12: =SUMIF('МХП лазня'!B:B,B12,'МХП лазня'!T:T) -> 0 | N12: =SUMIF(Катеринополь!$B:$B,B12,Катеринополь!$T:$T) -> 11 | O12: =SUMIF(ВООЗ!B:B,B12,ВООЗ!T:T) -> 0 | P12: =SUMIF(Кернел!B:B,B12,Кернел!T:T) -> 0 | Q12: =SUMIF('Глобино Мк'!B:B,B12,'Глобино Мк'!T:T) -> 0 | R12: =SUMIF('ВООЗ ЕМС'!B:B,B12,'ВООЗ ЕМС'!T:T) -> 0 | S12: =SUMIF('ООН 36'!B:B,B12,'ООН 36'!T:T) -> 0 | T12: =SUMIF('ООН 37'!B:B,B12,'ООН 37'!T:T) -> 0 | U12: =SUMIF('ООН 38'!B:B,B12,'ООН 38'!T:T) -> 0 | V12: =SUMIF(ООН39!B:B,B12,ООН39!T:T) -> 0 | W12: =SUMIF('ООН 40'!B:B,B12,'ООН 40'!T:T) -> 0 | X12: =SUMIF('ООН 43'!B:B,B12,'ООН 43'!T:T) -> 0 | Y12: =SUMIF('ООН 44'!B:B,B12,'ООН 44'!T:T) -> 22 | Z12: =SUMIF('ООН 45'!B:B,B12,'ООН 45'!V:V) -> 0 | AA12: =SUMIF(ООН46!B:B,B12,ООН46!T:T) -> 44 | AB12: =SUMIF(ООН47!B:B,B12,ООН47!T:T) -> 61 | AC12: =SUMIF(ООН48!B:B,B12,ООН48!T:T) -> 0 | AD12: =SUMIF(ООН49!B:B,B12,ООН49!T:T) -> 0 | AE12: =SUMIF(ООн50!B:B,B12,ООн50!T:T) -> 0 | AF12: =SUMIF(ООН51!B:B,B12,ООН51!T:T) -> 0 | AG12: =SUMIF(Форшахта!B:B,B12,Форшахта!T:T) -> 0 | AH12: =SUMIF('ГАлерея 25.6'!B:B,B12,'ГАлерея 25.6'!T:T) -> 0 | AI12: =SUMIF(ГРП!B:B,B12,ГРП!AI:AI) -> 0 | AJ12: =SUMIF('Парк меляси'!B:B,B12,'Парк меляси'!T:T) -> 0 | AK12: =SUMIF('ООН 42'!B:B,B12,'ООН 42'!T:T) -> 0 | AL12: =SUM(K12:AK12)-I12 -> 0 | AM12: =IFERROR($G12/$I12*K12,0) -> 0 | AN12: =IFERROR($G12/$I12*L12,0) -> 0 | AO12: =IFERROR($G12/$I12*M12,0) -> 0 | AP12: =IFERROR($G12/$I12*N12,0) -> 1339.1304 | AQ12: =IFERROR($G12/$I12*O12,0) -> 0 | AR12: =IFERROR($G12/$I12*P12,0) -> 0 | AS12: =IFERROR($G12/$I12*Q12,0) -> 0 | AT12: =IFERROR($G12/$I12*R12,0) -> 0 | ... BM12: =IFERROR($G12/$I12*AK12,0) -> 0 | BN12: =SUM(AM12:BM12) -> 16800 | BO12: =BN12-G12 -> 0
A13: 10 | B13: Скрипник Олександр Павлович | D13: 3927 | E13: =I13*J13 -> 19050 | F13: -25 | G13: =IF(ROUND(E13+F13-C13-D13,-2)<0,0,ROUND(E13+F13-C13-D13,-2)) -> 15100 | H13: =E13+F13-G13-C13-D13 -> -2 | I13: =_ЦО!T11+'МХП лазня'!T11+Катеринополь!T11+ВООЗ!T11+Кернел!T11+'Глобино Мк'!T11+'ВООЗ ЕМС'!T11+'ООН 36'!T11+'ООН 37'!T11+'ООН 38'!T11+ООН39!T11+'ООН 40'!T11+'ООН 43'!T11+'ООН 44'!T11+'ООН 45'!V11+ООН46!T11+ООН47!T11+ООН48!T11+ООН49!T11+ООн50!T11+ООН51!T11+Форшахта!T11+'ГАлерея 25.6'!T11+ГРП!AI11+'Парк меляси'!T11+'ООН 42'!T11 -> 127 | J13: 150 | K13: =SUMIF(ИТР!B:B,B13,ИТР!R:R) -> 0 | L13: =SUMIF(_ЦО!$B:$B,B13,_ЦО!T:T) -> 0 | M13: =SUMIF('МХП лазня'!B:B,B13,'МХП лазня'!T:T) -> 83 | N13: =SUMIF(Катеринополь!$B:$B,B13,Катеринополь!$T:$T) -> 0 | O13: =SUMIF(ВООЗ!B:B,B13,ВООЗ!T:T) -> 0 | P13: =SUMIF(Кернел!B:B,B13,Кернел!T:T) -> 0 | Q13: =SUMIF('Глобино Мк'!B:B,B13,'Глобино Мк'!T:T) -> 0 | R13: =SUMIF('ВООЗ ЕМС'!B:B,B13,'ВООЗ ЕМС'!T:T) -> 0 | S13: =SUMIF('ООН 36'!B:B,B13,'ООН 36'!T:T) -> 0 | T13: =SUMIF('ООН 37'!B:B,B13,'ООН 37'!T:T) -> 0 | U13: =SUMIF('ООН 38'!B:B,B13,'ООН 38'!T:T) -> 0 | V13: =SUMIF(ООН39!B:B,B13,ООН39!T:T) -> 0 | W13: =SUMIF('ООН 40'!B:B,B13,'ООН 40'!T:T) -> 0 | X13: =SUMIF('ООН 43'!B:B,B13,'ООН 43'!T:T) -> 0 | Y13: =SUMIF('ООН 44'!B:B,B13,'ООН 44'!T:T) -> 22 | Z13: =SUMIF('ООН 45'!B:B,B13,'ООН 45'!V:V) -> 22 | AA13: =SUMIF(ООН46!B:B,B13,ООН46!T:T) -> 0 | AB13: =SUMIF(ООН47!B:B,B13,ООН47!T:T) -> 0 | AC13: =SUMIF(ООН48!B:B,B13,ООН48!T:T) -> 0 | AD13: =SUMIF(ООН49!B:B,B13,ООН49!T:T) -> 0 | AE13: =SUMIF(ООн50!B:B,B13,ООн50!T:T) -> 0 | AF13: =SUMIF(ООН51!B:B,B13,ООН51!T:T) -> 0 | AG13: =SUMIF(Форшахта!B:B,B13,Форшахта!T:T) -> 0 | AH13: =SUMIF('ГАлерея 25.6'!B:B,B13,'ГАлерея 25.6'!T:T) -> 0 | AI13: =SUMIF(ГРП!B:B,B13,ГРП!AI:AI) -> 0 | AJ13: =SUMIF('Парк меляси'!B:B,B13,'Парк меляси'!T:T) -> 0 | AK13: =SUMIF('ООН 42'!B:B,B13,'ООН 42'!T:T) -> 0 | AL13: =SUM(K13:AK13)-I13 -> 0 | AM13: =IFERROR($G13/$I13*K13,0) -> 0 | AN13: =IFERROR($G13/$I13*L13,0) -> 0 | AO13: =IFERROR($G13/$I13*M13,0) -> 9868.5039 | AP13: =IFERROR($G13/$I13*N13,0) -> 0 | AQ13: =IFERROR($G13/$I13*O13,0) -> 0 | AR13: =IFERROR($G13/$I13*P13,0) -> 0 | AS13: =IFERROR($G13/$I13*Q13,0) -> 0 | AT13: =IFERROR($G13/$I13*R13,0) -> 0 | ... BM13: =IFERROR($G13/$I13*AK13,0) -> 0 | BN13: =SUM(AM13:BM13) -> 15100 | BO13: =BN13-G13 -> 0
A14: 11 | B14: Паламарчук Вячеслав Володимирович | D14: 14676.63 | E14: =I14*J14 -> 19800 | F14: -36.63 | G14: =IF(ROUND(E14+F14-C14-D14,-2)<0,0,ROUND(E14+F14-C14-D14,-2)) -> 5100 | H14: =E14+F14-G14-C14-D14 -> -13.26 | I14: =_ЦО!T12+'МХП лазня'!T12+Катеринополь!T12+ВООЗ!T12+Кернел!T12+'Глобино Мк'!T12+'ВООЗ ЕМС'!T12+'ООН 36'!T12+'ООН 37'!T12+'ООН 38'!T12+ООН39!T12+'ООН 40'!T12+'ООН 43'!T12+'ООН 44'!T12+'ООН 45'!V12+ООН46!T12+ООН47!T12+ООН48!T12+ООН49!T12+ООн50!T12+ООН51!T12+Форшахта!T12+'ГАлерея 25.6'!T12+ГРП!AI12+'Парк меляси'!T12+'ООН 42'!T12 -> 132 | J14: 150 | K14: =SUMIF(ИТР!B:B,B14,ИТР!R:R) -> 0 | L14: =SUMIF(_ЦО!$B:$B,B14,_ЦО!T:T) -> 0 | M14: =SUMIF('МХП лазня'!B:B,B14,'МХП лазня'!T:T) -> 0 | N14: =SUMIF(Катеринополь!$B:$B,B14,Катеринополь!$T:$T) -> 0 | O14: =SUMIF(ВООЗ!B:B,B14,ВООЗ!T:T) -> 0 | P14: =SUMIF(Кернел!B:B,B14,Кернел!T:T) -> 0 | Q14: =SUMIF('Глобино Мк'!B:B,B14,'Глобино Мк'!T:T) -> 0 | R14: =SUMIF('ВООЗ ЕМС'!B:B,B14,'ВООЗ ЕМС'!T:T) -> 0 | S14: =SUMIF('ООН 36'!B:B,B14,'ООН 36'!T:T) -> 0 | T14: =SUMIF('ООН 37'!B:B,B14,'ООН 37'!T:T) -> 0 | U14: =SUMIF('ООН 38'!B:B,B14,'ООН 38'!T:T) -> 0 | V14: =SUMIF(ООН39!B:B,B14,ООН39!T:T) -> 0 | W14: =SUMIF('ООН 40'!B:B,B14,'ООН 40'!T:T) -> 0 | X14: =SUMIF('ООН 43'!B:B,B14,'ООН 43'!T:T) -> 0 | Y14: =SUMIF('ООН 44'!B:B,B14,'ООН 44'!T:T) -> 0 | Z14: =SUMIF('ООН 45'!B:B,B14,'ООН 45'!V:V) -> 22 | AA14: =SUMIF(ООН46!B:B,B14,ООН46!T:T) -> 39 | AB14: =SUMIF(ООН47!B:B,B14,ООН47!T:T) -> 55 | AC14: =SUMIF(ООН48!B:B,B14,ООН48!T:T) -> 16 | AD14: =SUMIF(ООН49!B:B,B14,ООН49!T:T) -> 0 | AE14: =SUMIF(ООн50!B:B,B14,ООн50!T:T) -> 0 | AF14: =SUMIF(ООН51!B:B,B14,ООН51!T:T) -> 0 | AG14: =SUMIF(Форшахта!B:B,B14,Форшахта!T:T) -> 0 | AH14: =SUMIF('ГАлерея 25.6'!B:B,B14,'ГАлерея 25.6'!T:T) -> 0 | AI14: =SUMIF(ГРП!B:B,B14,ГРП!AI:AI) -> 0 | AJ14: =SUMIF('Парк меляси'!B:B,B14,'Парк меляси'!T:T) -> 0 | AK14: =SUMIF('ООН 42'!B:B,B14,'ООН 42'!T:T) -> 0 | AL14: =SUM(K14:AK14)-I14 -> 0 | AM14: =IFERROR($G14/$I14*K14,0) -> 0 | AN14: =IFERROR($G14/$I14*L14,0) -> 0 | AO14: =IFERROR($G14/$I14*M14,0) -> 0 | AP14: =IFERROR($G14/$I14*N14,0) -> 0 | AQ14: =IFERROR($G14/$I14*O14,0) -> 0 | AR14: =IFERROR($G14/$I14*P14,0) -> 0 | AS14: =IFERROR($G14/$I14*Q14,0) -> 0 | AT14: =IFERROR($G14/$I14*R14,0) -> 0 | ... BM14: =IFERROR($G14/$I14*AK14,0) -> 0 | BN14: =SUM(AM14:BM14) -> 5100 | BO14: =BN14-G14 -> 0
A15: 12 | B15: Дехтяр Владислав Олександрович | C15: 10324.25 | D15: 3927 | E15: =I15*J15 -> 54000 | F15: -21.27 | G15: =IF(ROUND(E15+F15-C15-D15,-2)<0,0,ROUND(E15+F15-C15-D15,-2)) -> 39700 | H15: =E15+F15-G15-C15-D15 -> 27.48 | I15: =_ЦО!T13+'МХП лазня'!T13+Катеринополь!T13+ВООЗ!T13+Кернел!T13+'Глобино Мк'!T13+'ВООЗ ЕМС'!T13+'ООН 36'!T13+'ООН 37'!T13+'ООН 38'!T13+ООН39!T13+'ООН 40'!T13+'ООН 43'!T13+'ООН 44'!T13+'ООН 45'!V13+ООН46!T13+ООН47!T13+ООН48!T13+ООН49!T13+ООн50!T13+ООН51!T13+Форшахта!T13+'ГАлерея 25.6'!T13+ГРП!AI13+'Парк меляси'!T13+'ООН 42'!T13 -> 360 | J15: 150 | K15: =SUMIF(ИТР!B:B,B15,ИТР!R:R) -> 0 | L15: =SUMIF(_ЦО!$B:$B,B15,_ЦО!T:T) -> 0 | M15: =SUMIF('МХП лазня'!B:B,B15,'МХП лазня'!T:T) -> 0 | N15: =SUMIF(Катеринополь!$B:$B,B15,Катеринополь!$T:$T) -> 0 | O15: =SUMIF(ВООЗ!B:B,B15,ВООЗ!T:T) -> 0 | P15: =SUMIF(Кернел!B:B,B15,Кернел!T:T) -> 360 | Q15: =SUMIF('Глобино Мк'!B:B,B15,'Глобино Мк'!T:T) -> 0 | R15: =SUMIF('ВООЗ ЕМС'!B:B,B15,'ВООЗ ЕМС'!T:T) -> 0 | S15: =SUMIF('ООН 36'!B:B,B15,'ООН 36'!T:T) -> 0 | T15: =SUMIF('ООН 37'!B:B,B15,'ООН 37'!T:T) -> 0 | U15: =SUMIF('ООН 38'!B:B,B15,'ООН 38'!T:T) -> 0 | V15: =SUMIF(ООН39!B:B,B15,ООН39!T:T) -> 0 | W15: =SUMIF('ООН 40'!B:B,B15,'ООН 40'!T:T) -> 0 | X15: =SUMIF('ООН 43'!B:B,B15,'ООН 43'!T:T) -> 0 | Y15: =SUMIF('ООН 44'!B:B,B15,'ООН 44'!T:T) -> 0 | Z15: =SUMIF('ООН 45'!B:B,B15,'ООН 45'!V:V) -> 0 | AA15: =SUMIF(ООН46!B:B,B15,ООН46!T:T) -> 0 | AB15: =SUMIF(ООН47!B:B,B15,ООН47!T:T) -> 0 | AC15: =SUMIF(ООН48!B:B,B15,ООН48!T:T) -> 0 | AD15: =SUMIF(ООН49!B:B,B15,ООН49!T:T) -> 0 | AE15: =SUMIF(ООн50!B:B,B15,ООн50!T:T) -> 0 | AF15: =SUMIF(ООН51!B:B,B15,ООН51!T:T) -> 0 | AG15: =SUMIF(Форшахта!B:B,B15,Форшахта!T:T) -> 0 | AH15: =SUMIF('ГАлерея 25.6'!B:B,B15,'ГАлерея 25.6'!T:T) -> 0 | AI15: =SUMIF(ГРП!B:B,B15,ГРП!AI:AI) -> 0 | AJ15: =SUMIF('Парк меляси'!B:B,B15,'Парк меляси'!T:T) -> 0 | AK15: =SUMIF('ООН 42'!B:B,B15,'ООН 42'!T:T) -> 0 | AL15: =SUM(K15:AK15)-I15 -> 0 | AM15: =IFERROR($G15/$I15*K15,0) -> 0 | AN15: =IFERROR($G15/$I15*L15,0) -> 0 | AO15: =IFERROR($G15/$I15*M15,0) -> 0 | AP15: =IFERROR($G15/$I15*N15,0) -> 0 | AQ15: =IFERROR($G15/$I15*O15,0) -> 0 | AR15: =IFERROR($G15/$I15*P15,0) -> 39700 | AS15: =IFERROR($G15/$I15*Q15,0) -> 0 | AT15: =IFERROR($G15/$I15*R15,0) -> 0 | ... BM15: =IFERROR($G15/$I15*AK15,0) -> 0 | BN15: =SUM(AM15:BM15) -> 39700 | BO15: =BN15-G15 -> 0
A16: 13 | B16: Тужиков Валерій Владиславович | D16: 4575.09 | E16: =I16*J16 -> 17400 | F16: -40.34 | G16: =IF(ROUND(E16+F16-C16-D16,-2)<0,0,ROUND(E16+F16-C16-D16,-2)) -> 12800 | H16: =E16+F16-G16-C16-D16 -> -15.43 | I16: =_ЦО!T14+'МХП лазня'!T14+Катеринополь!T14+ВООЗ!T14+Кернел!T14+'Глобино Мк'!T14+'ВООЗ ЕМС'!T14+'ООН 36'!T14+'ООН 37'!T14+'ООН 38'!T14+ООН39!T14+'ООН 40'!T14+'ООН 43'!T14+'ООН 44'!T14+'ООН 45'!V14+ООН46!T14+ООН47!T14+ООН48!T14+ООН49!T14+ООн50!T14+ООН51!T14+Форшахта!T14+'ГАлерея 25.6'!T14+ГРП!AI14+'Парк меляси'!T14+'ООН 42'!T14 -> 116 | J16: 150 | K16: =SUMIF(ИТР!B:B,B16,ИТР!R:R) -> 0 | L16: =SUMIF(_ЦО!$B:$B,B16,_ЦО!T:T) -> 0 | M16: =SUMIF('МХП лазня'!B:B,B16,'МХП лазня'!T:T) -> 0 | N16: =SUMIF(Катеринополь!$B:$B,B16,Катеринополь!$T:$T) -> 0 | O16: =SUMIF(ВООЗ!B:B,B16,ВООЗ!T:T) -> 0 | P16: =SUMIF(Кернел!B:B,B16,Кернел!T:T) -> 0 | Q16: =SUMIF('Глобино Мк'!B:B,B16,'Глобино Мк'!T:T) -> 22 | R16: =SUMIF('ВООЗ ЕМС'!B:B,B16,'ВООЗ ЕМС'!T:T) -> 0 | S16: =SUMIF('ООН 36'!B:B,B16,'ООН 36'!T:T) -> 0 | T16: =SUMIF('ООН 37'!B:B,B16,'ООН 37'!T:T) -> 0 | U16: =SUMIF('ООН 38'!B:B,B16,'ООН 38'!T:T) -> 0 | V16: =SUMIF(ООН39!B:B,B16,ООН39!T:T) -> 0 | W16: =SUMIF('ООН 40'!B:B,B16,'ООН 40'!T:T) -> 0 | X16: =SUMIF('ООН 43'!B:B,B16,'ООН 43'!T:T) -> 0 | Y16: =SUMIF('ООН 44'!B:B,B16,'ООН 44'!T:T) -> 0 | Z16: =SUMIF('ООН 45'!B:B,B16,'ООН 45'!V:V) -> 0 | AA16: =SUMIF(ООН46!B:B,B16,ООН46!T:T) -> 11 | AB16: =SUMIF(ООН47!B:B,B16,ООН47!T:T) -> 0 | AC16: =SUMIF(ООН48!B:B,B16,ООН48!T:T) -> 0 | AD16: =SUMIF(ООН49!B:B,B16,ООН49!T:T) -> 0 | AE16: =SUMIF(ООн50!B:B,B16,ООн50!T:T) -> 0 | AF16: =SUMIF(ООН51!B:B,B16,ООН51!T:T) -> 0 | AG16: =SUMIF(Форшахта!B:B,B16,Форшахта!T:T) -> 0 | AH16: =SUMIF('ГАлерея 25.6'!B:B,B16,'ГАлерея 25.6'!T:T) -> 0 | AI16: =SUMIF(ГРП!B:B,B16,ГРП!AI:AI) -> 22 | AJ16: =SUMIF('Парк меляси'!B:B,B16,'Парк меляси'!T:T) -> 61 | AK16: =SUMIF('ООН 42'!B:B,B16,'ООН 42'!T:T) -> 0 | AL16: =SUM(K16:AK16)-I16 -> 0 | AM16: =IFERROR($G16/$I16*K16,0) -> 0 | AN16: =IFERROR($G16/$I16*L16,0) -> 0 | AO16: =IFERROR($G16/$I16*M16,0) -> 0 | AP16: =IFERROR($G16/$I16*N16,0) -> 0 | AQ16: =IFERROR($G16/$I16*O16,0) -> 0 | AR16: =IFERROR($G16/$I16*P16,0) -> 0 | AS16: =IFERROR($G16/$I16*Q16,0) -> 2427.5862 | AT16: =IFERROR($G16/$I16*R16,0) -> 0 | ... BM16: =IFERROR($G16/$I16*AK16,0) -> 0 | BN16: =SUM(AM16:BM16) -> 12800 | BO16: =BN16-G16 -> 0
A17: 14 | B17: Сівов Євген Миколайович | D17: 3927 | E17: =I17*J17 -> 27300 | F17: 37.77 | G17: =IF(ROUND(E17+F17-C17-D17,-2)<0,0,ROUND(E17+F17-C17-D17,-2)) -> 23400 | H17: =E17+F17-G17-C17-D17 -> 10.77 | I17: =_ЦО!T15+'МХП лазня'!T15+Катеринополь!T15+ВООЗ!T15+Кернел!T15+'Глобино Мк'!T15+'ВООЗ ЕМС'!T15+'ООН 36'!T15+'ООН 37'!T15+'ООН 38'!T15+ООН39!T15+'ООН 40'!T15+'ООН 43'!T15+'ООН 44'!T15+'ООН 45'!V15+ООН46!T15+ООН47!T15+ООН48!T15+ООН49!T15+ООн50!T15+ООН51!T15+Форшахта!T15+'ГАлерея 25.6'!T15+ГРП!AI15+'Парк меляси'!T15+'ООН 42'!T15 -> 182 | J17: 150 | K17: =SUMIF(ИТР!B:B,B17,ИТР!R:R) -> 0 | L17: =SUMIF(_ЦО!$B:$B,B17,_ЦО!T:T) -> 0 | M17: =SUMIF('МХП лазня'!B:B,B17,'МХП лазня'!T:T) -> 0 | N17: =SUMIF(Катеринополь!$B:$B,B17,Катеринополь!$T:$T) -> 0 | O17: =SUMIF(ВООЗ!B:B,B17,ВООЗ!T:T) -> 0 | P17: =SUMIF(Кернел!B:B,B17,Кернел!T:T) -> 0 | Q17: =SUMIF('Глобино Мк'!B:B,B17,'Глобино Мк'!T:T) -> 55 | R17: =SUMIF('ВООЗ ЕМС'!B:B,B17,'ВООЗ ЕМС'!T:T) -> 0 | S17: =SUMIF('ООН 36'!B:B,B17,'ООН 36'!T:T) -> 0 | T17: =SUMIF('ООН 37'!B:B,B17,'ООН 37'!T:T) -> 0 | U17: =SUMIF('ООН 38'!B:B,B17,'ООН 38'!T:T) -> 0 | V17: =SUMIF(ООН39!B:B,B17,ООН39!T:T) -> 0 | W17: =SUMIF('ООН 40'!B:B,B17,'ООН 40'!T:T) -> 0 | X17: =SUMIF('ООН 43'!B:B,B17,'ООН 43'!T:T) -> 0 | Y17: =SUMIF('ООН 44'!B:B,B17,'ООН 44'!T:T) -> 0 | Z17: =SUMIF('ООН 45'!B:B,B17,'ООН 45'!V:V) -> 0 | AA17: =SUMIF(ООН46!B:B,B17,ООН46!T:T) -> 0 | AB17: =SUMIF(ООН47!B:B,B17,ООН47!T:T) -> 0 | AC17: =SUMIF(ООН48!B:B,B17,ООН48!T:T) -> 0 | AD17: =SUMIF(ООН49!B:B,B17,ООН49!T:T) -> 0 | AE17: =SUMIF(ООн50!B:B,B17,ООн50!T:T) -> 0 | AF17: =SUMIF(ООН51!B:B,B17,ООН51!T:T) -> 0 | AG17: =SUMIF(Форшахта!B:B,B17,Форшахта!T:T) -> 11 | AH17: =SUMIF('ГАлерея 25.6'!B:B,B17,'ГАлерея 25.6'!T:T) -> 94 | AI17: =SUMIF(ГРП!B:B,B17,ГРП!AI:AI) -> 0 | AJ17: =SUMIF('Парк меляси'!B:B,B17,'Парк меляси'!T:T) -> 22 | AK17: =SUMIF('ООН 42'!B:B,B17,'ООН 42'!T:T) -> 0 | AL17: =SUM(K17:AK17)-I17 -> 0 | AM17: =IFERROR($G17/$I17*K17,0) -> 0 | AN17: =IFERROR($G17/$I17*L17,0) -> 0 | AO17: =IFERROR($G17/$I17*M17,0) -> 0 | AP17: =IFERROR($G17/$I17*N17,0) -> 0 | AQ17: =IFERROR($G17/$I17*O17,0) -> 0 | AR17: =IFERROR($G17/$I17*P17,0) -> 0 | AS17: =IFERROR($G17/$I17*Q17,0) -> 7071.4286 | AT17: =IFERROR($G17/$I17*R17,0) -> 0 | ... BM17: =IFERROR($G17/$I17*AK17,0) -> 0 | BN17: =SUM(AM17:BM17) -> 23400 | BO17: =BN17-G17 -> 0
A18: 15 | B18: Кіфор Юрій Михайлович | D18: 3927 | E18: =I18*J18 -> 19050 | F18: -15.5 | G18: =IF(ROUND(E18+F18-C18-D18,-2)<0,0,ROUND(E18+F18-C18-D18,-2)) -> 15100 | H18: =E18+F18-G18-C18-D18 -> 7.5 | I18: =_ЦО!T16+'МХП лазня'!T16+Катеринополь!T16+ВООЗ!T16+Кернел!T16+'Глобино Мк'!T16+'ВООЗ ЕМС'!T16+'ООН 36'!T16+'ООН 37'!T16+'ООН 38'!T16+ООН39!T16+'ООН 40'!T16+'ООН 43'!T16+'ООН 44'!T16+'ООН 45'!V16+ООН46!T16+ООН47!T16+ООН48!T16+ООН49!T16+ООн50!T16+ООН51!T16+Форшахта!T16+'ГАлерея 25.6'!T16+ГРП!AI16+'Парк меляси'!T16+'ООН 42'!T16 -> 127 | J18: 150 | K18: =SUMIF(ИТР!B:B,B18,ИТР!R:R) -> 0 | L18: =SUMIF(_ЦО!$B:$B,B18,_ЦО!T:T) -> 0 | M18: =SUMIF('МХП лазня'!B:B,B18,'МХП лазня'!T:T) -> 22 | N18: =SUMIF(Катеринополь!$B:$B,B18,Катеринополь!$T:$T) -> 0 | O18: =SUMIF(ВООЗ!B:B,B18,ВООЗ!T:T) -> 0 | P18: =SUMIF(Кернел!B:B,B18,Кернел!T:T) -> 0 | Q18: =SUMIF('Глобино Мк'!B:B,B18,'Глобино Мк'!T:T) -> 0 | R18: =SUMIF('ВООЗ ЕМС'!B:B,B18,'ВООЗ ЕМС'!T:T) -> 0 | S18: =SUMIF('ООН 36'!B:B,B18,'ООН 36'!T:T) -> 0 | T18: =SUMIF('ООН 37'!B:B,B18,'ООН 37'!T:T) -> 0 | U18: =SUMIF('ООН 38'!B:B,B18,'ООН 38'!T:T) -> 0 | V18: =SUMIF(ООН39!B:B,B18,ООН39!T:T) -> 0 | W18: =SUMIF('ООН 40'!B:B,B18,'ООН 40'!T:T) -> 0 | X18: =SUMIF('ООН 43'!B:B,B18,'ООН 43'!T:T) -> 0 | Y18: =SUMIF('ООН 44'!B:B,B18,'ООН 44'!T:T) -> 22 | Z18: =SUMIF('ООН 45'!B:B,B18,'ООН 45'!V:V) -> 0 | AA18: =SUMIF(ООН46!B:B,B18,ООН46!T:T) -> 44 | AB18: =SUMIF(ООН47!B:B,B18,ООН47!T:T) -> 22 | AC18: =SUMIF(ООН48!B:B,B18,ООН48!T:T) -> 17 | AD18: =SUMIF(ООН49!B:B,B18,ООН49!T:T) -> 0 | AE18: =SUMIF(ООн50!B:B,B18,ООн50!T:T) -> 0 | AF18: =SUMIF(ООН51!B:B,B18,ООН51!T:T) -> 0 | AG18: =SUMIF(Форшахта!B:B,B18,Форшахта!T:T) -> 0 | AH18: =SUMIF('ГАлерея 25.6'!B:B,B18,'ГАлерея 25.6'!T:T) -> 0 | AI18: =SUMIF(ГРП!B:B,B18,ГРП!AI:AI) -> 0 | AJ18: =SUMIF('Парк меляси'!B:B,B18,'Парк меляси'!T:T) -> 0 | AK18: =SUMIF('ООН 42'!B:B,B18,'ООН 42'!T:T) -> 0 | AL18: =SUM(K18:AK18)-I18 -> 0 | AM18: =IFERROR($G18/$I18*K18,0) -> 0 | AN18: =IFERROR($G18/$I18*L18,0) -> 0 | AO18: =IFERROR($G18/$I18*M18,0) -> 2615.748 | AP18: =IFERROR($G18/$I18*N18,0) -> 0 | AQ18: =IFERROR($G18/$I18*O18,0) -> 0 | AR18: =IFERROR($G18/$I18*P18,0) -> 0 | AS18: =IFERROR($G18/$I18*Q18,0) -> 0 | AT18: =IFERROR($G18/$I18*R18,0) -> 0 | ... BM18: =IFERROR($G18/$I18*AK18,0) -> 0 | BN18: =SUM(AM18:BM18) -> 15100 | BO18: =BN18-G18 -> 0
A19: 16 | B19: Петренко Микола Григорович | D19: 9625 | E19: =I19*J19 -> 14700 | F19: -41.49 | G19: =IF(ROUND(E19+F19-C19-D19,-2)<0,0,ROUND(E19+F19-C19-D19,-2)) -> 5000 | H19: =E19+F19-G19-C19-D19 -> 33.51 | I19: =_ЦО!T17+'МХП лазня'!T17+Катеринополь!T17+ВООЗ!T17+Кернел!T17+'Глобино Мк'!T17+'ВООЗ ЕМС'!T17+'ООН 36'!T17+'ООН 37'!T17+'ООН 38'!T17+ООН39!T17+'ООН 40'!T17+'ООН 43'!T17+'ООН 44'!T17+'ООН 45'!V17+ООН46!T17+ООН47!T17+ООН48!T17+ООН49!T17+ООн50!T17+ООН51!T17+Форшахта!T17+'ГАлерея 25.6'!T17+ГРП!AI17+'Парк меляси'!T17+'ООН 42'!T17 -> 98 | J19: 150 | K19: =SUMIF(ИТР!B:B,B19,ИТР!R:R) -> 0 | L19: =SUMIF(_ЦО!$B:$B,B19,_ЦО!T:T) -> 0 | M19: =SUMIF('МХП лазня'!B:B,B19,'МХП лазня'!T:T) -> 20 | N19: =SUMIF(Катеринополь!$B:$B,B19,Катеринополь!$T:$T) -> 0 | O19: =SUMIF(ВООЗ!B:B,B19,ВООЗ!T:T) -> 0 | P19: =SUMIF(Кернел!B:B,B19,Кернел!T:T) -> 0 | Q19: =SUMIF('Глобино Мк'!B:B,B19,'Глобино Мк'!T:T) -> 0 | R19: =SUMIF('ВООЗ ЕМС'!B:B,B19,'ВООЗ ЕМС'!T:T) -> 0 | S19: =SUMIF('ООН 36'!B:B,B19,'ООН 36'!T:T) -> 0 | T19: =SUMIF('ООН 37'!B:B,B19,'ООН 37'!T:T) -> 0 | U19: =SUMIF('ООН 38'!B:B,B19,'ООН 38'!T:T) -> 0 | V19: =SUMIF(ООН39!B:B,B19,ООН39!T:T) -> 0 | W19: =SUMIF('ООН 40'!B:B,B19,'ООН 40'!T:T) -> 0 | X19: =SUMIF('ООН 43'!B:B,B19,'ООН 43'!T:T) -> 0 | Y19: =SUMIF('ООН 44'!B:B,B19,'ООН 44'!T:T) -> 18 | Z19: =SUMIF('ООН 45'!B:B,B19,'ООН 45'!V:V) -> 18 | AA19: =SUMIF(ООН46!B:B,B19,ООН46!T:T) -> 18 | AB19: =SUMIF(ООН47!B:B,B19,ООН47!T:T) -> 9 | AC19: =SUMIF(ООН48!B:B,B19,ООН48!T:T) -> 15 | AD19: =SUMIF(ООН49!B:B,B19,ООН49!T:T) -> 0 | AE19: =SUMIF(ООн50!B:B,B19,ООн50!T:T) -> 0 | AF19: =SUMIF(ООН51!B:B,B19,ООН51!T:T) -> 0 | AG19: =SUMIF(Форшахта!B:B,B19,Форшахта!T:T) -> 0 | AH19: =SUMIF('ГАлерея 25.6'!B:B,B19,'ГАлерея 25.6'!T:T) -> 0 | AI19: =SUMIF(ГРП!B:B,B19,ГРП!AI:AI) -> 0 | AJ19: =SUMIF('Парк меляси'!B:B,B19,'Парк меляси'!T:T) -> 0 | AK19: =SUMIF('ООН 42'!B:B,B19,'ООН 42'!T:T) -> 0 | AL19: =SUM(K19:AK19)-I19 -> 0 | AM19: =IFERROR($G19/$I19*K19,0) -> 0 | AN19: =IFERROR($G19/$I19*L19,0) -> 0 | AO19: =IFERROR($G19/$I19*M19,0) -> 1020.4082 | AP19: =IFERROR($G19/$I19*N19,0) -> 0 | AQ19: =IFERROR($G19/$I19*O19,0) -> 0 | AR19: =IFERROR($G19/$I19*P19,0) -> 0 | AS19: =IFERROR($G19/$I19*Q19,0) -> 0 | AT19: =IFERROR($G19/$I19*R19,0) -> 0 | ... BM19: =IFERROR($G19/$I19*AK19,0) -> 0 | BN19: =SUM(AM19:BM19) -> 5000 | BO19: =BN19-G19 -> 0
A20: 17 | B20: Рубленко Микола Іванович | D20: 3927 | E20: =I20*J20 -> 17850 | F20: 34.5 | G20: =IF(ROUND(E20+F20-C20-D20,-2)<0,0,ROUND(E20+F20-C20-D20,-2)) -> 14000 | H20: =E20+F20-G20-C20-D20 -> -42.5 | I20: =_ЦО!T18+'МХП лазня'!T18+Катеринополь!T18+ВООЗ!T18+Кернел!T18+'Глобино Мк'!T18+'ВООЗ ЕМС'!T18+'ООН 36'!T18+'ООН 37'!T18+'ООН 38'!T18+ООН39!T18+'ООН 40'!T18+'ООН 43'!T18+'ООН 44'!T18+'ООН 45'!V18+ООН46!T18+ООН47!T18+ООН48!T18+ООН49!T18+ООн50!T18+ООН51!T18+Форшахта!T18+'ГАлерея 25.6'!T18+ГРП!AI18+'Парк меляси'!T18+'ООН 42'!T18 -> 119 | J20: 150 | K20: =SUMIF(ИТР!B:B,B20,ИТР!R:R) -> 0 | L20: =SUMIF(_ЦО!$B:$B,B20,_ЦО!T:T) -> 0 | M20: =SUMIF('МХП лазня'!B:B,B20,'МХП лазня'!T:T) -> 77 | N20: =SUMIF(Катеринополь!$B:$B,B20,Катеринополь!$T:$T) -> 0 | O20: =SUMIF(ВООЗ!B:B,B20,ВООЗ!T:T) -> 0 | P20: =SUMIF(Кернел!B:B,B20,Кернел!T:T) -> 0 | Q20: =SUMIF('Глобино Мк'!B:B,B20,'Глобино Мк'!T:T) -> 0 | R20: =SUMIF('ВООЗ ЕМС'!B:B,B20,'ВООЗ ЕМС'!T:T) -> 0 | S20: =SUMIF('ООН 36'!B:B,B20,'ООН 36'!T:T) -> 0 | T20: =SUMIF('ООН 37'!B:B,B20,'ООН 37'!T:T) -> 0 | U20: =SUMIF('ООН 38'!B:B,B20,'ООН 38'!T:T) -> 0 | V20: =SUMIF(ООН39!B:B,B20,ООН39!T:T) -> 0 | W20: =SUMIF('ООН 40'!B:B,B20,'ООН 40'!T:T) -> 0 | X20: =SUMIF('ООН 43'!B:B,B20,'ООН 43'!T:T) -> 0 | Y20: =SUMIF('ООН 44'!B:B,B20,'ООН 44'!T:T) -> 20 | Z20: =SUMIF('ООН 45'!B:B,B20,'ООН 45'!V:V) -> 22 | AA20: =SUMIF(ООН46!B:B,B20,ООН46!T:T) -> 0 | AB20: =SUMIF(ООН47!B:B,B20,ООН47!T:T) -> 0 | AC20: =SUMIF(ООН48!B:B,B20,ООН48!T:T) -> 0 | AD20: =SUMIF(ООН49!B:B,B20,ООН49!T:T) -> 0 | AE20: =SUMIF(ООн50!B:B,B20,ООн50!T:T) -> 0 | AF20: =SUMIF(ООН51!B:B,B20,ООН51!T:T) -> 0 | AG20: =SUMIF(Форшахта!B:B,B20,Форшахта!T:T) -> 0 | AH20: =SUMIF('ГАлерея 25.6'!B:B,B20,'ГАлерея 25.6'!T:T) -> 0 | AI20: =SUMIF(ГРП!B:B,B20,ГРП!AI:AI) -> 0 | AJ20: =SUMIF('Парк меляси'!B:B,B20,'Парк меляси'!T:T) -> 0 | AK20: =SUMIF('ООН 42'!B:B,B20,'ООН 42'!T:T) -> 0 | AL20: =SUM(K20:AK20)-I20 -> 0 | AM20: =IFERROR($G20/$I20*K20,0) -> 0 | AN20: =IFERROR($G20/$I20*L20,0) -> 0 | AO20: =IFERROR($G20/$I20*M20,0) -> 9058.8235 | AP20: =IFERROR($G20/$I20*N20,0) -> 0 | AQ20: =IFERROR($G20/$I20*O20,0) -> 0 | AR20: =IFERROR($G20/$I20*P20,0) -> 0 | AS20: =IFERROR($G20/$I20*Q20,0) -> 0 | AT20: =IFERROR($G20/$I20*R20,0) -> 0 | ... BM20: =IFERROR($G20/$I20*AK20,0) -> 0 | BN20: =SUM(AM20:BM20) -> 14000 | BO20: =BN20-G20 -> 0
A21: 18 | B21: Серебренніков Володимир Олександрович | D21: 3927 | E21: =I21*J21 -> 10200 | F21: 10.52 | G21: =IF(ROUND(E21+F21-C21-D21,-2)<0,0,ROUND(E21+F21-C21-D21,-2)) -> 6300 | H21: =E21+F21-G21-C21-D21 -> -16.48 | I21: =_ЦО!T19+'МХП лазня'!T19+Катеринополь!T19+ВООЗ!T19+Кернел!T19+'Глобино Мк'!T19+'ВООЗ ЕМС'!T19+'ООН 36'!T19+'ООН 37'!T19+'ООН 38'!T19+ООН39!T19+'ООН 40'!T19+'ООН 43'!T19+'ООН 44'!T19+'ООН 45'!V19+ООН46!T19+ООН47!T19+ООН48!T19+ООН49!T19+ООн50!T19+ООН51!T19+Форшахта!T19+'ГАлерея 25.6'!T19+ГРП!AI19+'Парк меляси'!T19+'ООН 42'!T19 -> 68 | J21: 150 | K21: =SUMIF(ИТР!B:B,B21,ИТР!R:R) -> 0 | L21: =SUMIF(_ЦО!$B:$B,B21,_ЦО!T:T) -> 0 | M21: =SUMIF('МХП лазня'!B:B,B21,'МХП лазня'!T:T) -> 0 | N21: =SUMIF(Катеринополь!$B:$B,B21,Катеринополь!$T:$T) -> 0 | O21: =SUMIF(ВООЗ!B:B,B21,ВООЗ!T:T) -> 0 | P21: =SUMIF(Кернел!B:B,B21,Кернел!T:T) -> 0 | Q21: =SUMIF('Глобино Мк'!B:B,B21,'Глобино Мк'!T:T) -> 0 | R21: =SUMIF('ВООЗ ЕМС'!B:B,B21,'ВООЗ ЕМС'!T:T) -> 0 | S21: =SUMIF('ООН 36'!B:B,B21,'ООН 36'!T:T) -> 0 | T21: =SUMIF('ООН 37'!B:B,B21,'ООН 37'!T:T) -> 0 | U21: =SUMIF('ООН 38'!B:B,B21,'ООН 38'!T:T) -> 0 | V21: =SUMIF(ООН39!B:B,B21,ООН39!T:T) -> 0 | W21: =SUMIF('ООН 40'!B:B,B21,'ООН 40'!T:T) -> 0 | X21: =SUMIF('ООН 43'!B:B,B21,'ООН 43'!T:T) -> 0 | Y21: =SUMIF('ООН 44'!B:B,B21,'ООН 44'!T:T) -> 11 | Z21: =SUMIF('ООН 45'!B:B,B21,'ООН 45'!V:V) -> 11 | AA21: =SUMIF(ООН46!B:B,B21,ООН46!T:T) -> 20 | AB21: =SUMIF(ООН47!B:B,B21,ООН47!T:T) -> 26 | AC21: =SUMIF(ООН48!B:B,B21,ООН48!T:T) -> 0 | AD21: =SUMIF(ООН49!B:B,B21,ООН49!T:T) -> 0 | AE21: =SUMIF(ООн50!B:B,B21,ООн50!T:T) -> 0 | AF21: =SUMIF(ООН51!B:B,B21,ООН51!T:T) -> 0 | AG21: =SUMIF(Форшахта!B:B,B21,Форшахта!T:T) -> 0 | AH21: =SUMIF('ГАлерея 25.6'!B:B,B21,'ГАлерея 25.6'!T:T) -> 0 | AI21: =SUMIF(ГРП!B:B,B21,ГРП!AI:AI) -> 0 | AJ21: =SUMIF('Парк меляси'!B:B,B21,'Парк меляси'!T:T) -> 0 | AK21: =SUMIF('ООН 42'!B:B,B21,'ООН 42'!T:T) -> 0 | AL21: =SUM(K21:AK21)-I21 -> 0 | AM21: =IFERROR($G21/$I21*K21,0) -> 0 | AN21: =IFERROR($G21/$I21*L21,0) -> 0 | AO21: =IFERROR($G21/$I21*M21,0) -> 0 | AP21: =IFERROR($G21/$I21*N21,0) -> 0 | AQ21: =IFERROR($G21/$I21*O21,0) -> 0 | AR21: =IFERROR($G21/$I21*P21,0) -> 0 | AS21: =IFERROR($G21/$I21*Q21,0) -> 0 | AT21: =IFERROR($G21/$I21*R21,0) -> 0 | ... BM21: =IFERROR($G21/$I21*AK21,0) -> 0 | BN21: =SUM(AM21:BM21) -> 6300 | BO21: =BN21-G21 -> 0
A22: 19 | B22: Чешко Сергій Анатолійович | D22: 8662.5 | E22: =I22*J22 -> 50400 | F22: -4239.34 | G22: =IF(ROUND(E22+F22-C22-D22,-2)<0,0,ROUND(E22+F22-C22-D22,-2)) -> 37500 | H22: =E22+F22-G22-C22-D22 -> -1.84 | I22: =_ЦО!T20+'МХП лазня'!T20+Катеринополь!T20+ВООЗ!T20+Кернел!T20+'Глобино Мк'!T20+'ВООЗ ЕМС'!T20+'ООН 36'!T20+'ООН 37'!T20+'ООН 38'!T20+ООН39!T20+'ООН 40'!T20+'ООН 43'!T20+'ООН 44'!T20+'ООН 45'!V20+ООН46!T20+ООН47!T20+ООН48!T20+ООН49!T20+ООн50!T20+ООН51!T20+Форшахта!T20+'ГАлерея 25.6'!T20+ГРП!AI20+'Парк меляси'!T20+'ООН 42'!T20 -> 336 | J22: 150 | K22: =SUMIF(ИТР!B:B,B22,ИТР!R:R) -> 0 | L22: =SUMIF(_ЦО!$B:$B,B22,_ЦО!T:T) -> 0 | M22: =SUMIF('МХП лазня'!B:B,B22,'МХП лазня'!T:T) -> 0 | N22: =SUMIF(Катеринополь!$B:$B,B22,Катеринополь!$T:$T) -> 0 | O22: =SUMIF(ВООЗ!B:B,B22,ВООЗ!T:T) -> 0 | P22: =SUMIF(Кернел!B:B,B22,Кернел!T:T) -> 0 | Q22: =SUMIF('Глобино Мк'!B:B,B22,'Глобино Мк'!T:T) -> 0 | R22: =SUMIF('ВООЗ ЕМС'!B:B,B22,'ВООЗ ЕМС'!T:T) -> 0 | S22: =SUMIF('ООН 36'!B:B,B22,'ООН 36'!T:T) -> 24 | T22: =SUMIF('ООН 37'!B:B,B22,'ООН 37'!T:T) -> 24 | U22: =SUMIF('ООН 38'!B:B,B22,'ООН 38'!T:T) -> 24 | V22: =SUMIF(ООН39!B:B,B22,ООН39!T:T) -> 24 | W22: =SUMIF('ООН 40'!B:B,B22,'ООН 40'!T:T) -> 48 | X22: =SUMIF('ООН 43'!B:B,B22,'ООН 43'!T:T) -> 24 | Y22: =SUMIF('ООН 44'!B:B,B22,'ООН 44'!T:T) -> 0 | Z22: =SUMIF('ООН 45'!B:B,B22,'ООН 45'!V:V) -> 0 | AA22: =SUMIF(ООН46!B:B,B22,ООН46!T:T) -> 0 | AB22: =SUMIF(ООН47!B:B,B22,ООН47!T:T) -> 0 | AC22: =SUMIF(ООН48!B:B,B22,ООН48!T:T) -> 0 | AD22: =SUMIF(ООН49!B:B,B22,ООН49!T:T) -> 0 | AE22: =SUMIF(ООн50!B:B,B22,ООн50!T:T) -> 0 | AF22: =SUMIF(ООН51!B:B,B22,ООН51!T:T) -> 0 | AG22: =SUMIF(Форшахта!B:B,B22,Форшахта!T:T) -> 0 | AH22: =SUMIF('ГАлерея 25.6'!B:B,B22,'ГАлерея 25.6'!T:T) -> 0 | AI22: =SUMIF(ГРП!B:B,B22,ГРП!AI:AI) -> 0 | AJ22: =SUMIF('Парк меляси'!B:B,B22,'Парк меляси'!T:T) -> 0 | AK22: =SUMIF('ООН 42'!B:B,B22,'ООН 42'!T:T) -> 168 | AL22: =SUM(K22:AK22)-I22 -> 0 | AM22: =IFERROR($G22/$I22*K22,0) -> 0 | AN22: =IFERROR($G22/$I22*L22,0) -> 0 | AO22: =IFERROR($G22/$I22*M22,0) -> 0 | AP22: =IFERROR($G22/$I22*N22,0) -> 0 | AQ22: =IFERROR($G22/$I22*O22,0) -> 0 | AR22: =IFERROR($G22/$I22*P22,0) -> 0 | AS22: =IFERROR($G22/$I22*Q22,0) -> 0 | AT22: =IFERROR($G22/$I22*R22,0) -> 0 | ... BM22: =IFERROR($G22/$I22*AK22,0) -> 18750 | BN22: =SUM(AM22:BM22) -> 37500 | BO22: =BN22-G22 -> 0
A23: 20 | B23: Нерезенко Євгеній Віктоорович | D23: 0 | E23: =I23*J23 -> 0 | F23: 46 | G23: =IF(ROUND(E23+F23-C23-D23,-2)<0,0,ROUND(E23+F23-C23-D23,-2)) -> 0 | H23: =E23+F23-G23-C23-D23 -> 46 | I23: =_ЦО!T21+'МХП лазня'!T21+Катеринополь!T21+ВООЗ!T21+Кернел!T21+'Глобино Мк'!T21+'ВООЗ ЕМС'!T21+'ООН 36'!T21+'ООН 37'!T21+'ООН 38'!T21+ООН39!T21+'ООН 40'!T21+'ООН 43'!T21+'ООН 44'!T21+'ООН 45'!V21+ООН46!T21+ООН47!T21+ООН48!T21+ООН49!T21+ООн50!T21+ООН51!T21+Форшахта!T21+'ГАлерея 25.6'!T21+ГРП!AI21+'Парк меляси'!T21+'ООН 42'!T21 -> 0 | J23: 150 | K23: =SUMIF(ИТР!B:B,B23,ИТР!R:R) -> 0 | L23: =SUMIF(_ЦО!$B:$B,B23,_ЦО!T:T) -> 0 | M23: =SUMIF('МХП лазня'!B:B,B23,'МХП лазня'!T:T) -> 0 | N23: =SUMIF(Катеринополь!$B:$B,B23,Катеринополь!$T:$T) -> 0 | O23: =SUMIF(ВООЗ!B:B,B23,ВООЗ!T:T) -> 0 | P23: =SUMIF(Кернел!B:B,B23,Кернел!T:T) -> 0 | Q23: =SUMIF('Глобино Мк'!B:B,B23,'Глобино Мк'!T:T) -> 0 | R23: =SUMIF('ВООЗ ЕМС'!B:B,B23,'ВООЗ ЕМС'!T:T) -> 0 | S23: =SUMIF('ООН 36'!B:B,B23,'ООН 36'!T:T) -> 0 | T23: =SUMIF('ООН 37'!B:B,B23,'ООН 37'!T:T) -> 0 | U23: =SUMIF('ООН 38'!B:B,B23,'ООН 38'!T:T) -> 0 | V23: =SUMIF(ООН39!B:B,B23,ООН39!T:T) -> 0 | W23: =SUMIF('ООН 40'!B:B,B23,'ООН 40'!T:T) -> 0 | X23: =SUMIF('ООН 43'!B:B,B23,'ООН 43'!T:T) -> 0 | Y23: =SUMIF('ООН 44'!B:B,B23,'ООН 44'!T:T) -> 0 | Z23: =SUMIF('ООН 45'!B:B,B23,'ООН 45'!V:V) -> 0 | AA23: =SUMIF(ООН46!B:B,B23,ООН46!T:T) -> 0 | AB23: =SUMIF(ООН47!B:B,B23,ООН47!T:T) -> 0 | AC23: =SUMIF(ООН48!B:B,B23,ООН48!T:T) -> 0 | AD23: =SUMIF(ООН49!B:B,B23,ООН49!T:T) -> 0 | AE23: =SUMIF(ООн50!B:B,B23,ООн50!T:T) -> 0 | AF23: =SUMIF(ООН51!B:B,B23,ООН51!T:T) -> 0 | AG23: =SUMIF(Форшахта!B:B,B23,Форшахта!T:T) -> 0 | AH23: =SUMIF('ГАлерея 25.6'!B:B,B23,'ГАлерея 25.6'!T:T) -> 0 | AI23: =SUMIF(ГРП!B:B,B23,ГРП!AI:AI) -> 0 | AJ23: =SUMIF('Парк меляси'!B:B,B23,'Парк меляси'!T:T) -> 0 | AK23: =SUMIF('ООН 42'!B:B,B23,'ООН 42'!T:T) -> 0 | AL23: =SUM(K23:AK23)-I23 -> 0 | AM23: =IFERROR($G23/$I23*K23,0) -> 0 | AN23: =IFERROR($G23/$I23*L23,0) -> 0 | AO23: =IFERROR($G23/$I23*M23,0) -> 0 | AP23: =IFERROR($G23/$I23*N23,0) -> 0 | AQ23: =IFERROR($G23/$I23*O23,0) -> 0 | AR23: =IFERROR($G23/$I23*P23,0) -> 0 | AS23: =IFERROR($G23/$I23*Q23,0) -> 0 | AT23: =IFERROR($G23/$I23*R23,0) -> 0 | ... BM23: =IFERROR($G23/$I23*AK23,0) -> 0 | BN23: =SUM(AM23:BM23) -> 0 | BO23: =BN23-G23 -> 0
A24: 21 | B24: Шавкун Максим Анатолійович | D24: 9625 | E24: =I24*J24 -> 50400 | F24: -2224.26 | G24: =IF(ROUND(E24+F24-C24-D24,-2)<0,0,ROUND(E24+F24-C24-D24,-2)) -> 38600 | H24: =E24+F24-G24-C24-D24 -> -49.26 | I24: =_ЦО!T22+'МХП лазня'!T22+Катеринополь!T22+ВООЗ!T22+Кернел!T22+'Глобино Мк'!T22+'ВООЗ ЕМС'!T22+'ООН 36'!T22+'ООН 37'!T22+'ООН 38'!T22+ООН39!T22+'ООН 40'!T22+'ООН 43'!T22+'ООН 44'!T22+'ООН 45'!V22+ООН46!T22+ООН47!T22+ООН48!T22+ООН49!T22+ООн50!T22+ООН51!T22+Форшахта!T22+'ГАлерея 25.6'!T22+ГРП!AI22+'Парк меляси'!T22+'ООН 42'!T22 -> 336 | J24: 150 | K24: =SUMIF(ИТР!B:B,B24,ИТР!R:R) -> 0 | L24: =SUMIF(_ЦО!$B:$B,B24,_ЦО!T:T) -> 0 | M24: =SUMIF('МХП лазня'!B:B,B24,'МХП лазня'!T:T) -> 0 | N24: =SUMIF(Катеринополь!$B:$B,B24,Катеринополь!$T:$T) -> 0 | O24: =SUMIF(ВООЗ!B:B,B24,ВООЗ!T:T) -> 0 | P24: =SUMIF(Кернел!B:B,B24,Кернел!T:T) -> 0 | Q24: =SUMIF('Глобино Мк'!B:B,B24,'Глобино Мк'!T:T) -> 0 | R24: =SUMIF('ВООЗ ЕМС'!B:B,B24,'ВООЗ ЕМС'!T:T) -> 0 | S24: =SUMIF('ООН 36'!B:B,B24,'ООН 36'!T:T) -> 24 | T24: =SUMIF('ООН 37'!B:B,B24,'ООН 37'!T:T) -> 24 | U24: =SUMIF('ООН 38'!B:B,B24,'ООН 38'!T:T) -> 24 | V24: =SUMIF(ООН39!B:B,B24,ООН39!T:T) -> 24 | W24: =SUMIF('ООН 40'!B:B,B24,'ООН 40'!T:T) -> 48 | X24: =SUMIF('ООН 43'!B:B,B24,'ООН 43'!T:T) -> 24 | Y24: =SUMIF('ООН 44'!B:B,B24,'ООН 44'!T:T) -> 0 | Z24: =SUMIF('ООН 45'!B:B,B24,'ООН 45'!V:V) -> 0 | AA24: =SUMIF(ООН46!B:B,B24,ООН46!T:T) -> 0 | AB24: =SUMIF(ООН47!B:B,B24,ООН47!T:T) -> 0 | AC24: =SUMIF(ООН48!B:B,B24,ООН48!T:T) -> 0 | AD24: =SUMIF(ООН49!B:B,B24,ООН49!T:T) -> 0 | AE24: =SUMIF(ООн50!B:B,B24,ООн50!T:T) -> 0 | AF24: =SUMIF(ООН51!B:B,B24,ООН51!T:T) -> 0 | AG24: =SUMIF(Форшахта!B:B,B24,Форшахта!T:T) -> 0 | AH24: =SUMIF('ГАлерея 25.6'!B:B,B24,'ГАлерея 25.6'!T:T) -> 0 | AI24: =SUMIF(ГРП!B:B,B24,ГРП!AI:AI) -> 0 | AJ24: =SUMIF('Парк меляси'!B:B,B24,'Парк меляси'!T:T) -> 0 | AK24: =SUMIF('ООН 42'!B:B,B24,'ООН 42'!T:T) -> 168 | AL24: =SUM(K24:AK24)-I24 -> 0 | AM24: =IFERROR($G24/$I24*K24,0) -> 0 | AN24: =IFERROR($G24/$I24*L24,0) -> 0 | AO24: =IFERROR($G24/$I24*M24,0) -> 0 | AP24: =IFERROR($G24/$I24*N24,0) -> 0 | AQ24: =IFERROR($G24/$I24*O24,0) -> 0 | AR24: =IFERROR($G24/$I24*P24,0) -> 0 | AS24: =IFERROR($G24/$I24*Q24,0) -> 0 | AT24: =IFERROR($G24/$I24*R24,0) -> 0 | ... BM24: =IFERROR($G24/$I24*AK24,0) -> 19300 | BN24: =SUM(AM24:BM24) -> 38600 | BO24: =BN24-G24 -> 0
A25: 22 | B25: Чуйко Олег Олегович | D25: 3927 | E25: =I25*J25 -> 20100 | F25: -15 | G25: =IF(ROUND(E25+F25-C25-D25,-2)<0,0,ROUND(E25+F25-C25-D25,-2)) -> 16200 | H25: =E25+F25-G25-C25-D25 -> -42 | I25: =_ЦО!T23+'МХП лазня'!T23+Катеринополь!T23+ВООЗ!T23+Кернел!T23+'Глобино Мк'!T23+'ВООЗ ЕМС'!T23+'ООН 36'!T23+'ООН 37'!T23+'ООН 38'!T23+ООН39!T23+'ООН 40'!T23+'ООН 43'!T23+'ООН 44'!T23+'ООН 45'!V23+ООН46!T23+ООН47!T23+ООН48!T23+ООН49!T23+ООн50!T23+ООН51!T23+Форшахта!T23+'ГАлерея 25.6'!T23+ГРП!AI23+'Парк меляси'!T23+'ООН 42'!T23 -> 134 | J25: 150 | K25: =SUMIF(ИТР!B:B,B25,ИТР!R:R) -> 0 | L25: =SUMIF(_ЦО!$B:$B,B25,_ЦО!T:T) -> 0 | M25: =SUMIF('МХП лазня'!B:B,B25,'МХП лазня'!T:T) -> 0 | N25: =SUMIF(Катеринополь!$B:$B,B25,Катеринополь!$T:$T) -> 0 | O25: =SUMIF(ВООЗ!B:B,B25,ВООЗ!T:T) -> 0 | P25: =SUMIF(Кернел!B:B,B25,Кернел!T:T) -> 0 | Q25: =SUMIF('Глобино Мк'!B:B,B25,'Глобино Мк'!T:T) -> 0 | R25: =SUMIF('ВООЗ ЕМС'!B:B,B25,'ВООЗ ЕМС'!T:T) -> 0 | S25: =SUMIF('ООН 36'!B:B,B25,'ООН 36'!T:T) -> 0 | T25: =SUMIF('ООН 37'!B:B,B25,'ООН 37'!T:T) -> 0 | U25: =SUMIF('ООН 38'!B:B,B25,'ООН 38'!T:T) -> 0 | V25: =SUMIF(ООН39!B:B,B25,ООН39!T:T) -> 0 | W25: =SUMIF('ООН 40'!B:B,B25,'ООН 40'!T:T) -> 0 | X25: =SUMIF('ООН 43'!B:B,B25,'ООН 43'!T:T) -> 11 | Y25: =SUMIF('ООН 44'!B:B,B25,'ООН 44'!T:T) -> 11 | Z25: =SUMIF('ООН 45'!B:B,B25,'ООН 45'!V:V) -> 0 | AA25: =SUMIF(ООН46!B:B,B25,ООН46!T:T) -> 62 | AB25: =SUMIF(ООН47!B:B,B25,ООН47!T:T) -> 50 | AC25: =SUMIF(ООН48!B:B,B25,ООН48!T:T) -> 0 | AD25: =SUMIF(ООН49!B:B,B25,ООН49!T:T) -> 0 | AE25: =SUMIF(ООн50!B:B,B25,ООн50!T:T) -> 0 | AF25: =SUMIF(ООН51!B:B,B25,ООН51!T:T) -> 0 | AG25: =SUMIF(Форшахта!B:B,B25,Форшахта!T:T) -> 0 | AH25: =SUMIF('ГАлерея 25.6'!B:B,B25,'ГАлерея 25.6'!T:T) -> 0 | AI25: =SUMIF(ГРП!B:B,B25,ГРП!AI:AI) -> 0 | AJ25: =SUMIF('Парк меляси'!B:B,B25,'Парк меляси'!T:T) -> 0 | AK25: =SUMIF('ООН 42'!B:B,B25,'ООН 42'!T:T) -> 0 | AL25: =SUM(K25:AK25)-I25 -> 0 | AM25: =IFERROR($G25/$I25*K25,0) -> 0 | AN25: =IFERROR($G25/$I25*L25,0) -> 0 | AO25: =IFERROR($G25/$I25*M25,0) -> 0 | AP25: =IFERROR($G25/$I25*N25,0) -> 0 | AQ25: =IFERROR($G25/$I25*O25,0) -> 0 | AR25: =IFERROR($G25/$I25*P25,0) -> 0 | AS25: =IFERROR($G25/$I25*Q25,0) -> 0 | AT25: =IFERROR($G25/$I25*R25,0) -> 0 | ... BM25: =IFERROR($G25/$I25*AK25,0) -> 0 | BN25: =SUM(AM25:BM25) -> 16200 | BO25: =BN25-G25 -> 0
A26: 23 | B26: Салюк Дмитро Андрійович | E26: =I26*J26 -> 14850 | F26: 20 | G26: =IF(ROUND(E26+F26-C26-D26,-2)<0,0,ROUND(E26+F26-C26-D26,-2)) -> 14900 | H26: =E26+F26-G26-C26-D26 -> -30 | I26: =_ЦО!T24+'МХП лазня'!T24+Катеринополь!T24+ВООЗ!T24+Кернел!T24+'Глобино Мк'!T24+'ВООЗ ЕМС'!T24+'ООН 36'!T24+'ООН 37'!T24+'ООН 38'!T24+ООН39!T24+'ООН 40'!T24+'ООН 43'!T24+'ООН 44'!T24+'ООН 45'!V24+ООН46!T24+ООН47!T24+ООН48!T24+ООН49!T24+ООн50!T24+ООН51!T24+Форшахта!T24+'ГАлерея 25.6'!T24+ГРП!AI24+'Парк меляси'!T24+'ООН 42'!T24 -> 99 | J26: 150 | K26: =SUMIF(ИТР!B:B,B26,ИТР!R:R) -> 0 | L26: =SUMIF(_ЦО!$B:$B,B26,_ЦО!T:T) -> 0 | M26: =SUMIF('МХП лазня'!B:B,B26,'МХП лазня'!T:T) -> 0 | N26: =SUMIF(Катеринополь!$B:$B,B26,Катеринополь!$T:$T) -> 0 | O26: =SUMIF(ВООЗ!B:B,B26,ВООЗ!T:T) -> 0 | P26: =SUMIF(Кернел!B:B,B26,Кернел!T:T) -> 0 | Q26: =SUMIF('Глобино Мк'!B:B,B26,'Глобино Мк'!T:T) -> 0 | R26: =SUMIF('ВООЗ ЕМС'!B:B,B26,'ВООЗ ЕМС'!T:T) -> 0 | S26: =SUMIF('ООН 36'!B:B,B26,'ООН 36'!T:T) -> 0 | T26: =SUMIF('ООН 37'!B:B,B26,'ООН 37'!T:T) -> 0 | U26: =SUMIF('ООН 38'!B:B,B26,'ООН 38'!T:T) -> 0 | V26: =SUMIF(ООН39!B:B,B26,ООН39!T:T) -> 0 | W26: =SUMIF('ООН 40'!B:B,B26,'ООН 40'!T:T) -> 0 | X26: =SUMIF('ООН 43'!B:B,B26,'ООН 43'!T:T) -> 11 | Y26: =SUMIF('ООН 44'!B:B,B26,'ООН 44'!T:T) -> 11 | Z26: =SUMIF('ООН 45'!B:B,B26,'ООН 45'!V:V) -> 22 | AA26: =SUMIF(ООН46!B:B,B26,ООН46!T:T) -> 33 | AB26: =SUMIF(ООН47!B:B,B26,ООН47!T:T) -> 22 | AC26: =SUMIF(ООН48!B:B,B26,ООН48!T:T) -> 0 | AD26: =SUMIF(ООН49!B:B,B26,ООН49!T:T) -> 0 | AE26: =SUMIF(ООн50!B:B,B26,ООн50!T:T) -> 0 | AF26: =SUMIF(ООН51!B:B,B26,ООН51!T:T) -> 0 | AG26: =SUMIF(Форшахта!B:B,B26,Форшахта!T:T) -> 0 | AH26: =SUMIF('ГАлерея 25.6'!B:B,B26,'ГАлерея 25.6'!T:T) -> 0 | AI26: =SUMIF(ГРП!B:B,B26,ГРП!AI:AI) -> 0 | AJ26: =SUMIF('Парк меляси'!B:B,B26,'Парк меляси'!T:T) -> 0 | AK26: =SUMIF('ООН 42'!B:B,B26,'ООН 42'!T:T) -> 0 | AL26: =SUM(K26:AK26)-I26 -> 0 | AM26: =IFERROR($G26/$I26*K26,0) -> 0 | AN26: =IFERROR($G26/$I26*L26,0) -> 0 | AO26: =IFERROR($G26/$I26*M26,0) -> 0 | AP26: =IFERROR($G26/$I26*N26,0) -> 0 | AQ26: =IFERROR($G26/$I26*O26,0) -> 0 | AR26: =IFERROR($G26/$I26*P26,0) -> 0 | AS26: =IFERROR($G26/$I26*Q26,0) -> 0 | AT26: =IFERROR($G26/$I26*R26,0) -> 0 | ... BM26: =IFERROR($G26/$I26*AK26,0) -> 0 | BN26: =SUM(AM26:BM26) -> 14900 | BO26: =BN26-G26 -> 0
A27: 24 | B27: Маковецький Юрій Миколайович | D27: 2887.5 | E27: =I27*J27 -> 25800 | F27: -40.18 | G27: =IF(ROUND(E27+F27-C27-D27,-2)<0,0,ROUND(E27+F27-C27-D27,-2)) -> 22900 | H27: =E27+F27-G27-C27-D27 -> -27.68 | I27: =_ЦО!T25+'МХП лазня'!T25+Катеринополь!T25+ВООЗ!T25+Кернел!T25+'Глобино Мк'!T25+'ВООЗ ЕМС'!T25+'ООН 36'!T25+'ООН 37'!T25+'ООН 38'!T25+ООН39!T25+'ООН 40'!T25+'ООН 43'!T25+'ООН 44'!T25+'ООН 45'!V25+ООН46!T25+ООН47!T25+ООН48!T25+ООН49!T25+ООн50!T25+ООН51!T25+Форшахта!T25+'ГАлерея 25.6'!T25+ГРП!AI25+'Парк меляси'!T25+'ООН 42'!T25 -> 172 | J27: 150 | K27: =SUMIF(ИТР!B:B,B27,ИТР!R:R) -> 0 | L27: =SUMIF(_ЦО!$B:$B,B27,_ЦО!T:T) -> 0 | M27: =SUMIF('МХП лазня'!B:B,B27,'МХП лазня'!T:T) -> 0 | N27: =SUMIF(Катеринополь!$B:$B,B27,Катеринополь!$T:$T) -> 11 | O27: =SUMIF(ВООЗ!B:B,B27,ВООЗ!T:T) -> 0 | P27: =SUMIF(Кернел!B:B,B27,Кернел!T:T) -> 0 | Q27: =SUMIF('Глобино Мк'!B:B,B27,'Глобино Мк'!T:T) -> 50 | R27: =SUMIF('ВООЗ ЕМС'!B:B,B27,'ВООЗ ЕМС'!T:T) -> 0 | S27: =SUMIF('ООН 36'!B:B,B27,'ООН 36'!T:T) -> 0 | T27: =SUMIF('ООН 37'!B:B,B27,'ООН 37'!T:T) -> 0 | U27: =SUMIF('ООН 38'!B:B,B27,'ООН 38'!T:T) -> 0 | V27: =SUMIF(ООН39!B:B,B27,ООН39!T:T) -> 0 | W27: =SUMIF('ООН 40'!B:B,B27,'ООН 40'!T:T) -> 0 | X27: =SUMIF('ООН 43'!B:B,B27,'ООН 43'!T:T) -> 0 | Y27: =SUMIF('ООН 44'!B:B,B27,'ООН 44'!T:T) -> 0 | Z27: =SUMIF('ООН 45'!B:B,B27,'ООН 45'!V:V) -> 0 | AA27: =SUMIF(ООН46!B:B,B27,ООН46!T:T) -> 0 | AB27: =SUMIF(ООН47!B:B,B27,ООН47!T:T) -> 0 | AC27: =SUMIF(ООН48!B:B,B27,ООН48!T:T) -> 0 | AD27: =SUMIF(ООН49!B:B,B27,ООН49!T:T) -> 0 | AE27: =SUMIF(ООн50!B:B,B27,ООн50!T:T) -> 0 | AF27: =SUMIF(ООН51!B:B,B27,ООН51!T:T) -> 0 | AG27: =SUMIF(Форшахта!B:B,B27,Форшахта!T:T) -> 0 | AH27: =SUMIF('ГАлерея 25.6'!B:B,B27,'ГАлерея 25.6'!T:T) -> 39 | AI27: =SUMIF(ГРП!B:B,B27,ГРП!AI:AI) -> 28 | AJ27: =SUMIF('Парк меляси'!B:B,B27,'Парк меляси'!T:T) -> 44 | AK27: =SUMIF('ООН 42'!B:B,B27,'ООН 42'!T:T) -> 0 | AL27: =SUM(K27:AK27)-I27 -> 0 | AM27: =IFERROR($G27/$I27*K27,0) -> 0 | AN27: =IFERROR($G27/$I27*L27,0) -> 0 | AO27: =IFERROR($G27/$I27*M27,0) -> 0 | AP27: =IFERROR($G27/$I27*N27,0) -> 1464.5349 | AQ27: =IFERROR($G27/$I27*O27,0) -> 0 | AR27: =IFERROR($G27/$I27*P27,0) -> 0 | AS27: =IFERROR($G27/$I27*Q27,0) -> 6656.9767 | AT27: =IFERROR($G27/$I27*R27,0) -> 0 | ... BM27: =IFERROR($G27/$I27*AK27,0) -> 0 | BN27: =SUM(AM27:BM27) -> 22900 | BO27: =BN27-G27 -> 0
A28: 25 | B28: Міненко Олександр Андрійович | E28: =I28*J28 -> 16200 | F28: 0 | G28: =IF(ROUND(E28+F28-C28-D28,-2)<0,0,ROUND(E28+F28-C28-D28,-2)) -> 16200 | H28: =E28+F28-G28-C28-D28 -> 0 | I28: =_ЦО!T26+'МХП лазня'!T26+Катеринополь!T26+ВООЗ!T26+Кернел!T26+'Глобино Мк'!T26+'ВООЗ ЕМС'!T26+'ООН 36'!T26+'ООН 37'!T26+'ООН 38'!T26+ООН39!T26+'ООН 40'!T26+'ООН 43'!T26+'ООН 44'!T26+'ООН 45'!V26+ООН46!T26+ООН47!T26+ООН48!T26+ООН49!T26+ООн50!T26+ООН51!T26+Форшахта!T26+'ГАлерея 25.6'!T26+ГРП!AI26+'Парк меляси'!T26+'ООН 42'!T26 -> 108 | J28: 150 | K28: =SUMIF(ИТР!B:B,B28,ИТР!R:R) -> 0 | L28: =SUMIF(_ЦО!$B:$B,B28,_ЦО!T:T) -> 0 | M28: =SUMIF('МХП лазня'!B:B,B28,'МХП лазня'!T:T) -> 0 | N28: =SUMIF(Катеринополь!$B:$B,B28,Катеринополь!$T:$T) -> 0 | O28: =SUMIF(ВООЗ!B:B,B28,ВООЗ!T:T) -> 48 | P28: =SUMIF(Кернел!B:B,B28,Кернел!T:T) -> 0 | Q28: =SUMIF('Глобино Мк'!B:B,B28,'Глобино Мк'!T:T) -> 0 | R28: =SUMIF('ВООЗ ЕМС'!B:B,B28,'ВООЗ ЕМС'!T:T) -> 60 | S28: =SUMIF('ООН 36'!B:B,B28,'ООН 36'!T:T) -> 0 | T28: =SUMIF('ООН 37'!B:B,B28,'ООН 37'!T:T) -> 0 | U28: =SUMIF('ООН 38'!B:B,B28,'ООН 38'!T:T) -> 0 | V28: =SUMIF(ООН39!B:B,B28,ООН39!T:T) -> 0 | W28: =SUMIF('ООН 40'!B:B,B28,'ООН 40'!T:T) -> 0 | X28: =SUMIF('ООН 43'!B:B,B28,'ООН 43'!T:T) -> 0 | Y28: =SUMIF('ООН 44'!B:B,B28,'ООН 44'!T:T) -> 0 | Z28: =SUMIF('ООН 45'!B:B,B28,'ООН 45'!V:V) -> 0 | AA28: =SUMIF(ООН46!B:B,B28,ООН46!T:T) -> 0 | AB28: =SUMIF(ООН47!B:B,B28,ООН47!T:T) -> 0 | AC28: =SUMIF(ООН48!B:B,B28,ООН48!T:T) -> 0 | AD28: =SUMIF(ООН49!B:B,B28,ООН49!T:T) -> 0 | AE28: =SUMIF(ООн50!B:B,B28,ООн50!T:T) -> 0 | AF28: =SUMIF(ООН51!B:B,B28,ООН51!T:T) -> 0 | AG28: =SUMIF(Форшахта!B:B,B28,Форшахта!T:T) -> 0 | AH28: =SUMIF('ГАлерея 25.6'!B:B,B28,'ГАлерея 25.6'!T:T) -> 0 | AI28: =SUMIF(ГРП!B:B,B28,ГРП!AI:AI) -> 0 | AJ28: =SUMIF('Парк меляси'!B:B,B28,'Парк меляси'!T:T) -> 0 | AK28: =SUMIF('ООН 42'!B:B,B28,'ООН 42'!T:T) -> 0 | AL28: =SUM(K28:AK28)-I28 -> 0 | AM28: =IFERROR($G28/$I28*K28,0) -> 0 | AN28: =IFERROR($G28/$I28*L28,0) -> 0 | AO28: =IFERROR($G28/$I28*M28,0) -> 0 | AP28: =IFERROR($G28/$I28*N28,0) -> 0 | AQ28: =IFERROR($G28/$I28*O28,0) -> 7200 | AR28: =IFERROR($G28/$I28*P28,0) -> 0 | AS28: =IFERROR($G28/$I28*Q28,0) -> 0 | AT28: =IFERROR($G28/$I28*R28,0) -> 9000 | ... BM28: =IFERROR($G28/$I28*AK28,0) -> 0 | BN28: =SUM(AM28:BM28) -> 16200 | BO28: =BN28-G28 -> 0
A29: 26 | B29: Салій Дмитро Миколайович | E29: =I29*J29 -> 16200 | F29: 0 | G29: =IF(ROUND(E29+F29-C29-D29,-2)<0,0,ROUND(E29+F29-C29-D29,-2)) -> 16200 | H29: =E29+F29-G29-C29-D29 -> 0 | I29: =_ЦО!T27+'МХП лазня'!T27+Катеринополь!T27+ВООЗ!T27+Кернел!T27+'Глобино Мк'!T27+'ВООЗ ЕМС'!T27+'ООН 36'!T27+'ООН 37'!T27+'ООН 38'!T27+ООН39!T27+'ООН 40'!T27+'ООН 43'!T27+'ООН 44'!T27+'ООН 45'!V27+ООН46!T27+ООН47!T27+ООН48!T27+ООН49!T27+ООн50!T27+ООН51!T27+Форшахта!T27+'ГАлерея 25.6'!T27+ГРП!AI27+'Парк меляси'!T27+'ООН 42'!T27 -> 108 | J29: 150 | K29: =SUMIF(ИТР!B:B,B29,ИТР!R:R) -> 0 | L29: =SUMIF(_ЦО!$B:$B,B29,_ЦО!T:T) -> 0 | M29: =SUMIF('МХП лазня'!B:B,B29,'МХП лазня'!T:T) -> 0 | N29: =SUMIF(Катеринополь!$B:$B,B29,Катеринополь!$T:$T) -> 0 | O29: =SUMIF(ВООЗ!B:B,B29,ВООЗ!T:T) -> 48 | P29: =SUMIF(Кернел!B:B,B29,Кернел!T:T) -> 0 | Q29: =SUMIF('Глобино Мк'!B:B,B29,'Глобино Мк'!T:T) -> 0 | R29: =SUMIF('ВООЗ ЕМС'!B:B,B29,'ВООЗ ЕМС'!T:T) -> 60 | S29: =SUMIF('ООН 36'!B:B,B29,'ООН 36'!T:T) -> 0 | T29: =SUMIF('ООН 37'!B:B,B29,'ООН 37'!T:T) -> 0 | U29: =SUMIF('ООН 38'!B:B,B29,'ООН 38'!T:T) -> 0 | V29: =SUMIF(ООН39!B:B,B29,ООН39!T:T) -> 0 | W29: =SUMIF('ООН 40'!B:B,B29,'ООН 40'!T:T) -> 0 | X29: =SUMIF('ООН 43'!B:B,B29,'ООН 43'!T:T) -> 0 | Y29: =SUMIF('ООН 44'!B:B,B29,'ООН 44'!T:T) -> 0 | Z29: =SUMIF('ООН 45'!B:B,B29,'ООН 45'!V:V) -> 0 | AA29: =SUMIF(ООН46!B:B,B29,ООН46!T:T) -> 0 | AB29: =SUMIF(ООН47!B:B,B29,ООН47!T:T) -> 0 | AC29: =SUMIF(ООН48!B:B,B29,ООН48!T:T) -> 0 | AD29: =SUMIF(ООН49!B:B,B29,ООН49!T:T) -> 0 | AE29: =SUMIF(ООн50!B:B,B29,ООн50!T:T) -> 0 | AF29: =SUMIF(ООН51!B:B,B29,ООН51!T:T) -> 0 | AG29: =SUMIF(Форшахта!B:B,B29,Форшахта!T:T) -> 0 | AH29: =SUMIF('ГАлерея 25.6'!B:B,B29,'ГАлерея 25.6'!T:T) -> 0 | AI29: =SUMIF(ГРП!B:B,B29,ГРП!AI:AI) -> 0 | AJ29: =SUMIF('Парк меляси'!B:B,B29,'Парк меляси'!T:T) -> 0 | AK29: =SUMIF('ООН 42'!B:B,B29,'ООН 42'!T:T) -> 0 | AL29: =SUM(K29:AK29)-I29 -> 0 | AM29: =IFERROR($G29/$I29*K29,0) -> 0 | AN29: =IFERROR($G29/$I29*L29,0) -> 0 | AO29: =IFERROR($G29/$I29*M29,0) -> 0 | AP29: =IFERROR($G29/$I29*N29,0) -> 0 | AQ29: =IFERROR($G29/$I29*O29,0) -> 7200 | AR29: =IFERROR($G29/$I29*P29,0) -> 0 | AS29: =IFERROR($G29/$I29*Q29,0) -> 0 | AT29: =IFERROR($G29/$I29*R29,0) -> 9000 | ... BM29: =IFERROR($G29/$I29*AK29,0) -> 0 | BN29: =SUM(AM29:BM29) -> 16200 | BO29: =BN29-G29 -> 0
A30: 27 | B30: Різніченко Олег Олександрович | E30: =I30*J30 -> 23400 | F30: -30 | G30: =IF(ROUND(E30+F30-C30-D30,-2)<0,0,ROUND(E30+F30-C30-D30,-2)) -> 23400 | H30: =E30+F30-G30-C30-D30 -> -30 | I30: =_ЦО!T28+'МХП лазня'!T28+Катеринополь!T28+ВООЗ!T28+Кернел!T28+'Глобино Мк'!T28+'ВООЗ ЕМС'!T28+'ООН 36'!T28+'ООН 37'!T28+'ООН 38'!T28+ООН39!T28+'ООН 40'!T28+'ООН 43'!T28+'ООН 44'!T28+'ООН 45'!V28+ООН46!T28+ООН47!T28+ООН48!T28+ООН49!T28+ООн50!T28+ООН51!T28+Форшахта!T28+'ГАлерея 25.6'!T28+ГРП!AI28+'Парк меляси'!T28+'ООН 42'!T28 -> 156 | J30: 150 | K30: =SUMIF(ИТР!B:B,B30,ИТР!R:R) -> 0 | L30: =SUMIF(_ЦО!$B:$B,B30,_ЦО!T:T) -> 9 | M30: =SUMIF('МХП лазня'!B:B,B30,'МХП лазня'!T:T) -> 0 | N30: =SUMIF(Катеринополь!$B:$B,B30,Катеринополь!$T:$T) -> 20 | O30: =SUMIF(ВООЗ!B:B,B30,ВООЗ!T:T) -> 0 | P30: =SUMIF(Кернел!B:B,B30,Кернел!T:T) -> 0 | Q30: =SUMIF('Глобино Мк'!B:B,B30,'Глобино Мк'!T:T) -> 22 | R30: =SUMIF('ВООЗ ЕМС'!B:B,B30,'ВООЗ ЕМС'!T:T) -> 0 | S30: =SUMIF('ООН 36'!B:B,B30,'ООН 36'!T:T) -> 0 | T30: =SUMIF('ООН 37'!B:B,B30,'ООН 37'!T:T) -> 0 | U30: =SUMIF('ООН 38'!B:B,B30,'ООН 38'!T:T) -> 0 | V30: =SUMIF(ООН39!B:B,B30,ООН39!T:T) -> 0 | W30: =SUMIF('ООН 40'!B:B,B30,'ООН 40'!T:T) -> 0 | X30: =SUMIF('ООН 43'!B:B,B30,'ООН 43'!T:T) -> 0 | Y30: =SUMIF('ООН 44'!B:B,B30,'ООН 44'!T:T) -> 0 | Z30: =SUMIF('ООН 45'!B:B,B30,'ООН 45'!V:V) -> 0 | AA30: =SUMIF(ООН46!B:B,B30,ООН46!T:T) -> 9 | AB30: =SUMIF(ООН47!B:B,B30,ООН47!T:T) -> 0 | AC30: =SUMIF(ООН48!B:B,B30,ООН48!T:T) -> 0 | AD30: =SUMIF(ООН49!B:B,B30,ООН49!T:T) -> 0 | AE30: =SUMIF(ООн50!B:B,B30,ООн50!T:T) -> 0 | AF30: =SUMIF(ООН51!B:B,B30,ООН51!T:T) -> 0 | AG30: =SUMIF(Форшахта!B:B,B30,Форшахта!T:T) -> 0 | AH30: =SUMIF('ГАлерея 25.6'!B:B,B30,'ГАлерея 25.6'!T:T) -> 22 | AI30: =SUMIF(ГРП!B:B,B30,ГРП!AI:AI) -> 22 | AJ30: =SUMIF('Парк меляси'!B:B,B30,'Парк меляси'!T:T) -> 52 | AK30: =SUMIF('ООН 42'!B:B,B30,'ООН 42'!T:T) -> 0 | AL30: =SUM(K30:AK30)-I30 -> 0 | AM30: =IFERROR($G30/$I30*K30,0) -> 0 | AN30: =IFERROR($G30/$I30*L30,0) -> 1350 | AO30: =IFERROR($G30/$I30*M30,0) -> 0 | AP30: =IFERROR($G30/$I30*N30,0) -> 3000 | AQ30: =IFERROR($G30/$I30*O30,0) -> 0 | AR30: =IFERROR($G30/$I30*P30,0) -> 0 | AS30: =IFERROR($G30/$I30*Q30,0) -> 3300 | AT30: =IFERROR($G30/$I30*R30,0) -> 0 | ... BM30: =IFERROR($G30/$I30*AK30,0) -> 0 | BN30: =SUM(AM30:BM30) -> 23400 | BO30: =BN30-G30 -> 0
A31: 28 | B31: Рогозовець Андрій Вікторович | D31: 3927 | E31: =I31*J31 -> 29250 | F31: -15 | G31: =IF(ROUND(E31+F31-C31-D31,-2)<0,0,ROUND(E31+F31-C31-D31,-2)) -> 25300 | H31: =E31+F31-G31-C31-D31 -> 8 | I31: =_ЦО!T29+'МХП лазня'!T29+Катеринополь!T29+ВООЗ!T29+Кернел!T29+'Глобино Мк'!T29+'ВООЗ ЕМС'!T29+'ООН 36'!T29+'ООН 37'!T29+'ООН 38'!T29+ООН39!T29+'ООН 40'!T29+'ООН 43'!T29+'ООН 44'!T29+'ООН 45'!V29+ООН46!T29+ООН47!T29+ООН48!T29+ООН49!T29+ООн50!T29+ООН51!T29+Форшахта!T29+'ГАлерея 25.6'!T29+ГРП!AI29+'Парк меляси'!T29+'ООН 42'!T29 -> 195 | J31: 150 | K31: =SUMIF(ИТР!B:B,B31,ИТР!R:R) -> 0 | L31: =SUMIF(_ЦО!$B:$B,B31,_ЦО!T:T) -> 0 | M31: =SUMIF('МХП лазня'!B:B,B31,'МХП лазня'!T:T) -> 0 | N31: =SUMIF(Катеринополь!$B:$B,B31,Катеринополь!$T:$T) -> 11 | O31: =SUMIF(ВООЗ!B:B,B31,ВООЗ!T:T) -> 0 | P31: =SUMIF(Кернел!B:B,B31,Кернел!T:T) -> 0 | Q31: =SUMIF('Глобино Мк'!B:B,B31,'Глобино Мк'!T:T) -> 50 | R31: =SUMIF('ВООЗ ЕМС'!B:B,B31,'ВООЗ ЕМС'!T:T) -> 0 | S31: =SUMIF('ООН 36'!B:B,B31,'ООН 36'!T:T) -> 0 | T31: =SUMIF('ООН 37'!B:B,B31,'ООН 37'!T:T) -> 0 | U31: =SUMIF('ООН 38'!B:B,B31,'ООН 38'!T:T) -> 0 | V31: =SUMIF(ООН39!B:B,B31,ООН39!T:T) -> 0 | W31: =SUMIF('ООН 40'!B:B,B31,'ООН 40'!T:T) -> 0 | X31: =SUMIF('ООН 43'!B:B,B31,'ООН 43'!T:T) -> 0 | Y31: =SUMIF('ООН 44'!B:B,B31,'ООН 44'!T:T) -> 0 | Z31: =SUMIF('ООН 45'!B:B,B31,'ООН 45'!V:V) -> 11 | AA31: =SUMIF(ООН46!B:B,B31,ООН46!T:T) -> 0 | AB31: =SUMIF(ООН47!B:B,B31,ООН47!T:T) -> 0 | AC31: =SUMIF(ООН48!B:B,B31,ООН48!T:T) -> 0 | AD31: =SUMIF(ООН49!B:B,B31,ООН49!T:T) -> 0 | AE31: =SUMIF(ООн50!B:B,B31,ООн50!T:T) -> 0 | AF31: =SUMIF(ООН51!B:B,B31,ООН51!T:T) -> 0 | AG31: =SUMIF(Форшахта!B:B,B31,Форшахта!T:T) -> 0 | AH31: =SUMIF('ГАлерея 25.6'!B:B,B31,'ГАлерея 25.6'!T:T) -> 112 | AI31: =SUMIF(ГРП!B:B,B31,ГРП!AI:AI) -> 0 | AJ31: =SUMIF('Парк меляси'!B:B,B31,'Парк меляси'!T:T) -> 11 | AK31: =SUMIF('ООН 42'!B:B,B31,'ООН 42'!T:T) -> 0 | AL31: =SUM(K31:AK31)-I31 -> 0 | AM31: =IFERROR($G31/$I31*K31,0) -> 0 | AN31: =IFERROR($G31/$I31*L31,0) -> 0 | AO31: =IFERROR($G31/$I31*M31,0) -> 0 | AP31: =IFERROR($G31/$I31*N31,0) -> 1427.1795 | AQ31: =IFERROR($G31/$I31*O31,0) -> 0 | AR31: =IFERROR($G31/$I31*P31,0) -> 0 | AS31: =IFERROR($G31/$I31*Q31,0) -> 6487.1795 | AT31: =IFERROR($G31/$I31*R31,0) -> 0 | ... BM31: =IFERROR($G31/$I31*AK31,0) -> 0 | BN31: =SUM(AM31:BM31) -> 25300 | BO31: =BN31-G31 -> 0
A32: 29 | B32: Старков Кирило Юрійович | E32: =I32*J32 -> 0 | F32: 0 | G32: =IF(ROUND(E32+F32-C32-D32,-2)<0,0,ROUND(E32+F32-C32-D32,-2)) -> 0 | H32: =E32+F32-G32-C32-D32 -> 0 | I32: =_ЦО!T30+'МХП лазня'!T30+Катеринополь!T30+ВООЗ!T30+Кернел!T30+'Глобино Мк'!T30+'ВООЗ ЕМС'!T30+'ООН 36'!T30+'ООН 37'!T30+'ООН 38'!T30+ООН39!T30+'ООН 40'!T30+'ООН 43'!T30+'ООН 44'!T30+'ООН 45'!V30+ООН46!T30+ООН47!T30+ООН48!T30+ООН49!T30+ООн50!T30+ООН51!T30+Форшахта!T30+'ГАлерея 25.6'!T30+ГРП!AI30+'Парк меляси'!T30+'ООН 42'!T30 -> 0 | J32: 150 | K32: =SUMIF(ИТР!B:B,B32,ИТР!R:R) -> 0 | L32: =SUMIF(_ЦО!$B:$B,B32,_ЦО!T:T) -> 0 | M32: =SUMIF('МХП лазня'!B:B,B32,'МХП лазня'!T:T) -> 0 | N32: =SUMIF(Катеринополь!$B:$B,B32,Катеринополь!$T:$T) -> 0 | O32: =SUMIF(ВООЗ!B:B,B32,ВООЗ!T:T) -> 0 | P32: =SUMIF(Кернел!B:B,B32,Кернел!T:T) -> 0 | Q32: =SUMIF('Глобино Мк'!B:B,B32,'Глобино Мк'!T:T) -> 0 | R32: =SUMIF('ВООЗ ЕМС'!B:B,B32,'ВООЗ ЕМС'!T:T) -> 0 | S32: =SUMIF('ООН 36'!B:B,B32,'ООН 36'!T:T) -> 0 | T32: =SUMIF('ООН 37'!B:B,B32,'ООН 37'!T:T) -> 0 | U32: =SUMIF('ООН 38'!B:B,B32,'ООН 38'!T:T) -> 0 | V32: =SUMIF(ООН39!B:B,B32,ООН39!T:T) -> 0 | W32: =SUMIF('ООН 40'!B:B,B32,'ООН 40'!T:T) -> 0 | X32: =SUMIF('ООН 43'!B:B,B32,'ООН 43'!T:T) -> 0 | Y32: =SUMIF('ООН 44'!B:B,B32,'ООН 44'!T:T) -> 0 | Z32: =SUMIF('ООН 45'!B:B,B32,'ООН 45'!V:V) -> 0 | AA32: =SUMIF(ООН46!B:B,B32,ООН46!T:T) -> 0 | AB32: =SUMIF(ООН47!B:B,B32,ООН47!T:T) -> 0 | AC32: =SUMIF(ООН48!B:B,B32,ООН48!T:T) -> 0 | AD32: =SUMIF(ООН49!B:B,B32,ООН49!T:T) -> 0 | AE32: =SUMIF(ООн50!B:B,B32,ООн50!T:T) -> 0 | AF32: =SUMIF(ООН51!B:B,B32,ООН51!T:T) -> 0 | AG32: =SUMIF(Форшахта!B:B,B32,Форшахта!T:T) -> 0 | AH32: =SUMIF('ГАлерея 25.6'!B:B,B32,'ГАлерея 25.6'!T:T) -> 0 | AI32: =SUMIF(ГРП!B:B,B32,ГРП!AI:AI) -> 0 | AJ32: =SUMIF('Парк меляси'!B:B,B32,'Парк меляси'!T:T) -> 0 | AK32: =SUMIF('ООН 42'!B:B,B32,'ООН 42'!T:T) -> 0 | AL32: =SUM(K32:AK32)-I32 -> 0 | AM32: =IFERROR($G32/$I32*K32,0) -> 0 | AN32: =IFERROR($G32/$I32*L32,0) -> 0 | AO32: =IFERROR($G32/$I32*M32,0) -> 0 | AP32: =IFERROR($G32/$I32*N32,0) -> 0 | AQ32: =IFERROR($G32/$I32*O32,0) -> 0 | AR32: =IFERROR($G32/$I32*P32,0) -> 0 | AS32: =IFERROR($G32/$I32*Q32,0) -> 0 | AT32: =IFERROR($G32/$I32*R32,0) -> 0 | ... BM32: =IFERROR($G32/$I32*AK32,0) -> 0 | BN32: =SUM(AM32:BM32) -> 0 | BO32: =BN32-G32 -> 0
A33: 30 | B33: Зубахін Сергій Александрович | E33: =I33*J33 -> 0 | F33: 0 | G33: =IF(ROUND(E33+F33-C33-D33,-2)<0,0,ROUND(E33+F33-C33-D33,-2)) -> 0 | H33: =E33+F33-G33-C33-D33 -> 0 | I33: =_ЦО!T31+'МХП лазня'!T31+Катеринополь!T31+ВООЗ!T31+Кернел!T31+'Глобино Мк'!T31+'ВООЗ ЕМС'!T31+'ООН 36'!T31+'ООН 37'!T31+'ООН 38'!T31+ООН39!T31+'ООН 40'!T31+'ООН 43'!T31+'ООН 44'!T31+'ООН 45'!V31+ООН46!T31+ООН47!T31+ООН48!T31+ООН49!T31+ООн50!T31+ООН51!T31+Форшахта!T31+'ГАлерея 25.6'!T31+ГРП!AI31+'Парк меляси'!T31+'ООН 42'!T31 -> 0 | J33: 150 | K33: =SUMIF(ИТР!B:B,B33,ИТР!R:R) -> 0 | L33: =SUMIF(_ЦО!$B:$B,B33,_ЦО!T:T) -> 0 | M33: =SUMIF('МХП лазня'!B:B,B33,'МХП лазня'!T:T) -> 0 | N33: =SUMIF(Катеринополь!$B:$B,B33,Катеринополь!$T:$T) -> 0 | O33: =SUMIF(ВООЗ!B:B,B33,ВООЗ!T:T) -> 0 | P33: =SUMIF(Кернел!B:B,B33,Кернел!T:T) -> 0 | Q33: =SUMIF('Глобино Мк'!B:B,B33,'Глобино Мк'!T:T) -> 0 | R33: =SUMIF('ВООЗ ЕМС'!B:B,B33,'ВООЗ ЕМС'!T:T) -> 0 | S33: =SUMIF('ООН 36'!B:B,B33,'ООН 36'!T:T) -> 0 | T33: =SUMIF('ООН 37'!B:B,B33,'ООН 37'!T:T) -> 0 | U33: =SUMIF('ООН 38'!B:B,B33,'ООН 38'!T:T) -> 0 | V33: =SUMIF(ООН39!B:B,B33,ООН39!T:T) -> 0 | W33: =SUMIF('ООН 40'!B:B,B33,'ООН 40'!T:T) -> 0 | X33: =SUMIF('ООН 43'!B:B,B33,'ООН 43'!T:T) -> 0 | Y33: =SUMIF('ООН 44'!B:B,B33,'ООН 44'!T:T) -> 0 | Z33: =SUMIF('ООН 45'!B:B,B33,'ООН 45'!V:V) -> 0 | AA33: =SUMIF(ООН46!B:B,B33,ООН46!T:T) -> 0 | AB33: =SUMIF(ООН47!B:B,B33,ООН47!T:T) -> 0 | AC33: =SUMIF(ООН48!B:B,B33,ООН48!T:T) -> 0 | AD33: =SUMIF(ООН49!B:B,B33,ООН49!T:T) -> 0 | AE33: =SUMIF(ООн50!B:B,B33,ООн50!T:T) -> 0 | AF33: =SUMIF(ООН51!B:B,B33,ООН51!T:T) -> 0 | AG33: =SUMIF(Форшахта!B:B,B33,Форшахта!T:T) -> 0 | AH33: =SUMIF('ГАлерея 25.6'!B:B,B33,'ГАлерея 25.6'!T:T) -> 0 | AI33: =SUMIF(ГРП!B:B,B33,ГРП!AI:AI) -> 0 | AJ33: =SUMIF('Парк меляси'!B:B,B33,'Парк меляси'!T:T) -> 0 | AK33: =SUMIF('ООН 42'!B:B,B33,'ООН 42'!T:T) -> 0 | AL33: =SUM(K33:AK33)-I33 -> 0 | AM33: =IFERROR($G33/$I33*K33,0) -> 0 | AN33: =IFERROR($G33/$I33*L33,0) -> 0 | AO33: =IFERROR($G33/$I33*M33,0) -> 0 | AP33: =IFERROR($G33/$I33*N33,0) -> 0 | AQ33: =IFERROR($G33/$I33*O33,0) -> 0 | AR33: =IFERROR($G33/$I33*P33,0) -> 0 | AS33: =IFERROR($G33/$I33*Q33,0) -> 0 | AT33: =IFERROR($G33/$I33*R33,0) -> 0 | ... BM33: =IFERROR($G33/$I33*AK33,0) -> 0 | BN33: =SUM(AM33:BM33) -> 0 | BO33: =BN33-G33 -> 0
A34: 31 | B34: Корнієнко Віталій Олегович | D34: 9625 | E34: =I34*J34 -> 14550 | F34: -4.8 | G34: =IF(ROUND(E34+F34-C34-D34,-2)<0,0,ROUND(E34+F34-C34-D34,-2)) -> 4900 | H34: =E34+F34-G34-C34-D34 -> 20.2 | I34: =_ЦО!T32+'МХП лазня'!T32+Катеринополь!T32+ВООЗ!T32+Кернел!T32+'Глобино Мк'!T32+'ВООЗ ЕМС'!T32+'ООН 36'!T32+'ООН 37'!T32+'ООН 38'!T32+ООН39!T32+'ООН 40'!T32+'ООН 43'!T32+'ООН 44'!T32+'ООН 45'!V32+ООН46!T32+ООН47!T32+ООН48!T32+ООН49!T32+ООн50!T32+ООН51!T32+Форшахта!T32+'ГАлерея 25.6'!T32+ГРП!AI32+'Парк меляси'!T32+'ООН 42'!T32 -> 97 | J34: 150 | K34: =SUMIF(ИТР!B:B,B34,ИТР!R:R) -> 0 | L34: =SUMIF(_ЦО!$B:$B,B34,_ЦО!T:T) -> 0 | M34: =SUMIF('МХП лазня'!B:B,B34,'МХП лазня'!T:T) -> 78 | N34: =SUMIF(Катеринополь!$B:$B,B34,Катеринополь!$T:$T) -> 8 | O34: =SUMIF(ВООЗ!B:B,B34,ВООЗ!T:T) -> 0 | P34: =SUMIF(Кернел!B:B,B34,Кернел!T:T) -> 0 | Q34: =SUMIF('Глобино Мк'!B:B,B34,'Глобино Мк'!T:T) -> 0 | R34: =SUMIF('ВООЗ ЕМС'!B:B,B34,'ВООЗ ЕМС'!T:T) -> 0 | S34: =SUMIF('ООН 36'!B:B,B34,'ООН 36'!T:T) -> 0 | T34: =SUMIF('ООН 37'!B:B,B34,'ООН 37'!T:T) -> 0 | U34: =SUMIF('ООН 38'!B:B,B34,'ООН 38'!T:T) -> 0 | V34: =SUMIF(ООН39!B:B,B34,ООН39!T:T) -> 0 | W34: =SUMIF('ООН 40'!B:B,B34,'ООН 40'!T:T) -> 0 | X34: =SUMIF('ООН 43'!B:B,B34,'ООН 43'!T:T) -> 0 | Y34: =SUMIF('ООН 44'!B:B,B34,'ООН 44'!T:T) -> 0 | Z34: =SUMIF('ООН 45'!B:B,B34,'ООН 45'!V:V) -> 11 | AA34: =SUMIF(ООН46!B:B,B34,ООН46!T:T) -> 0 | AB34: =SUMIF(ООН47!B:B,B34,ООН47!T:T) -> 0 | AC34: =SUMIF(ООН48!B:B,B34,ООН48!T:T) -> 0 | AD34: =SUMIF(ООН49!B:B,B34,ООН49!T:T) -> 0 | AE34: =SUMIF(ООн50!B:B,B34,ООн50!T:T) -> 0 | AF34: =SUMIF(ООН51!B:B,B34,ООН51!T:T) -> 0 | AG34: =SUMIF(Форшахта!B:B,B34,Форшахта!T:T) -> 0 | AH34: =SUMIF('ГАлерея 25.6'!B:B,B34,'ГАлерея 25.6'!T:T) -> 0 | AI34: =SUMIF(ГРП!B:B,B34,ГРП!AI:AI) -> 0 | AJ34: =SUMIF('Парк меляси'!B:B,B34,'Парк меляси'!T:T) -> 0 | AK34: =SUMIF('ООН 42'!B:B,B34,'ООН 42'!T:T) -> 0 | AL34: =SUM(K34:AK34)-I34 -> 0 | AM34: =IFERROR($G34/$I34*K34,0) -> 0 | AN34: =IFERROR($G34/$I34*L34,0) -> 0 | AO34: =IFERROR($G34/$I34*M34,0) -> 3940.2062 | AP34: =IFERROR($G34/$I34*N34,0) -> 404.12371 | AQ34: =IFERROR($G34/$I34*O34,0) -> 0 | AR34: =IFERROR($G34/$I34*P34,0) -> 0 | AS34: =IFERROR($G34/$I34*Q34,0) -> 0 | AT34: =IFERROR($G34/$I34*R34,0) -> 0 | ... BM34: =IFERROR($G34/$I34*AK34,0) -> 0 | BN34: =SUM(AM34:BM34) -> 4900 | BO34: =BN34-G34 -> 0
A35: 32 | B35: Щербак Петро Іванович | E35: =I35*J35 -> 19800 | F35: 0 | G35: =IF(ROUND(E35+F35-C35-D35,-2)<0,0,ROUND(E35+F35-C35-D35,-2)) -> 19800 | H35: =E35+F35-G35-C35-D35 -> 0 | I35: =_ЦО!T33+'МХП лазня'!T33+Катеринополь!T33+ВООЗ!T33+Кернел!T33+'Глобино Мк'!T33+'ВООЗ ЕМС'!T33+'ООН 36'!T33+'ООН 37'!T33+'ООН 38'!T33+ООН39!T33+'ООН 40'!T33+'ООН 43'!T33+'ООН 44'!T33+'ООН 45'!V33+ООН46!T33+ООН47!T33+ООН48!T33+ООН49!T33+ООн50!T33+ООН51!T33+Форшахта!T33+'ГАлерея 25.6'!T33+ГРП!AI33+'Парк меляси'!T33+'ООН 42'!T33 -> 132 | J35: 150 | K35: =SUMIF(ИТР!B:B,B35,ИТР!R:R) -> 0 | L35: =SUMIF(_ЦО!$B:$B,B35,_ЦО!T:T) -> 0 | M35: =SUMIF('МХП лазня'!B:B,B35,'МХП лазня'!T:T) -> 0 | N35: =SUMIF(Катеринополь!$B:$B,B35,Катеринополь!$T:$T) -> 0 | O35: =SUMIF(ВООЗ!B:B,B35,ВООЗ!T:T) -> 0 | P35: =SUMIF(Кернел!B:B,B35,Кернел!T:T) -> 0 | Q35: =SUMIF('Глобино Мк'!B:B,B35,'Глобино Мк'!T:T) -> 44 | R35: =SUMIF('ВООЗ ЕМС'!B:B,B35,'ВООЗ ЕМС'!T:T) -> 0 | S35: =SUMIF('ООН 36'!B:B,B35,'ООН 36'!T:T) -> 0 | T35: =SUMIF('ООН 37'!B:B,B35,'ООН 37'!T:T) -> 0 | U35: =SUMIF('ООН 38'!B:B,B35,'ООН 38'!T:T) -> 0 | V35: =SUMIF(ООН39!B:B,B35,ООН39!T:T) -> 0 | W35: =SUMIF('ООН 40'!B:B,B35,'ООН 40'!T:T) -> 0 | X35: =SUMIF('ООН 43'!B:B,B35,'ООН 43'!T:T) -> 0 | Y35: =SUMIF('ООН 44'!B:B,B35,'ООН 44'!T:T) -> 0 | Z35: =SUMIF('ООН 45'!B:B,B35,'ООН 45'!V:V) -> 0 | AA35: =SUMIF(ООН46!B:B,B35,ООН46!T:T) -> 0 | AB35: =SUMIF(ООН47!B:B,B35,ООН47!T:T) -> 11 | AC35: =SUMIF(ООН48!B:B,B35,ООН48!T:T) -> 0 | AD35: =SUMIF(ООН49!B:B,B35,ООН49!T:T) -> 0 | AE35: =SUMIF(ООн50!B:B,B35,ООн50!T:T) -> 0 | AF35: =SUMIF(ООН51!B:B,B35,ООН51!T:T) -> 0 | AG35: =SUMIF(Форшахта!B:B,B35,Форшахта!T:T) -> 0 | AH35: =SUMIF('ГАлерея 25.6'!B:B,B35,'ГАлерея 25.6'!T:T) -> 22 | AI35: =SUMIF(ГРП!B:B,B35,ГРП!AI:AI) -> 22 | AJ35: =SUMIF('Парк меляси'!B:B,B35,'Парк меляси'!T:T) -> 33 | AK35: =SUMIF('ООН 42'!B:B,B35,'ООН 42'!T:T) -> 0 | AL35: =SUM(K35:AK35)-I35 -> 0 | AM35: =IFERROR($G35/$I35*K35,0) -> 0 | AN35: =IFERROR($G35/$I35*L35,0) -> 0 | AO35: =IFERROR($G35/$I35*M35,0) -> 0 | AP35: =IFERROR($G35/$I35*N35,0) -> 0 | AQ35: =IFERROR($G35/$I35*O35,0) -> 0 | AR35: =IFERROR($G35/$I35*P35,0) -> 0 | AS35: =IFERROR($G35/$I35*Q35,0) -> 6600 | AT35: =IFERROR($G35/$I35*R35,0) -> 0 | ... BM35: =IFERROR($G35/$I35*AK35,0) -> 0 | BN35: =SUM(AM35:BM35) -> 19800 | BO35: =BN35-G35 -> 0
A36: 33 | B36: Онучак Віктор Іванович | D36: 3927 | E36: =I36*J36 -> 22350 | F36: 15 | G36: =IF(ROUND(E36+F36-C36-D36,-2)<0,0,ROUND(E36+F36-C36-D36,-2)) -> 18400 | H36: =E36+F36-G36-C36-D36 -> 38 | I36: =_ЦО!T34+'МХП лазня'!T34+Катеринополь!T34+ВООЗ!T34+Кернел!T34+'Глобино Мк'!T34+'ВООЗ ЕМС'!T34+'ООН 36'!T34+'ООН 37'!T34+'ООН 38'!T34+ООН39!T34+'ООН 40'!T34+'ООН 43'!T34+'ООН 44'!T34+'ООН 45'!V34+ООН46!T34+ООН47!T34+ООН48!T34+ООН49!T34+ООн50!T34+ООН51!T34+Форшахта!T34+'ГАлерея 25.6'!T34+ГРП!AI34+'Парк меляси'!T34+'ООН 42'!T34 -> 149 | J36: 150 | K36: =SUMIF(ИТР!B:B,B36,ИТР!R:R) -> 0 | L36: =SUMIF(_ЦО!$B:$B,B36,_ЦО!T:T) -> 0 | M36: =SUMIF('МХП лазня'!B:B,B36,'МХП лазня'!T:T) -> 0 | N36: =SUMIF(Катеринополь!$B:$B,B36,Катеринополь!$T:$T) -> 22 | O36: =SUMIF(ВООЗ!B:B,B36,ВООЗ!T:T) -> 0 | P36: =SUMIF(Кернел!B:B,B36,Кернел!T:T) -> 0 | Q36: =SUMIF('Глобино Мк'!B:B,B36,'Глобино Мк'!T:T) -> 33 | R36: =SUMIF('ВООЗ ЕМС'!B:B,B36,'ВООЗ ЕМС'!T:T) -> 0 | S36: =SUMIF('ООН 36'!B:B,B36,'ООН 36'!T:T) -> 0 | T36: =SUMIF('ООН 37'!B:B,B36,'ООН 37'!T:T) -> 0 | U36: =SUMIF('ООН 38'!B:B,B36,'ООН 38'!T:T) -> 0 | V36: =SUMIF(ООН39!B:B,B36,ООН39!T:T) -> 0 | W36: =SUMIF('ООН 40'!B:B,B36,'ООН 40'!T:T) -> 0 | X36: =SUMIF('ООН 43'!B:B,B36,'ООН 43'!T:T) -> 0 | Y36: =SUMIF('ООН 44'!B:B,B36,'ООН 44'!T:T) -> 0 | Z36: =SUMIF('ООН 45'!B:B,B36,'ООН 45'!V:V) -> 0 | AA36: =SUMIF(ООН46!B:B,B36,ООН46!T:T) -> 0 | AB36: =SUMIF(ООН47!B:B,B36,ООН47!T:T) -> 0 | AC36: =SUMIF(ООН48!B:B,B36,ООН48!T:T) -> 0 | AD36: =SUMIF(ООН49!B:B,B36,ООН49!T:T) -> 11 | AE36: =SUMIF(ООн50!B:B,B36,ООн50!T:T) -> 0 | AF36: =SUMIF(ООН51!B:B,B36,ООН51!T:T) -> 0 | AG36: =SUMIF(Форшахта!B:B,B36,Форшахта!T:T) -> 0 | AH36: =SUMIF('ГАлерея 25.6'!B:B,B36,'ГАлерея 25.6'!T:T) -> 11 | AI36: =SUMIF(ГРП!B:B,B36,ГРП!AI:AI) -> 22 | AJ36: =SUMIF('Парк меляси'!B:B,B36,'Парк меляси'!T:T) -> 50 | AK36: =SUMIF('ООН 42'!B:B,B36,'ООН 42'!T:T) -> 0 | AL36: =SUM(K36:AK36)-I36 -> 0 | AM36: =IFERROR($G36/$I36*K36,0) -> 0 | AN36: =IFERROR($G36/$I36*L36,0) -> 0 | AO36: =IFERROR($G36/$I36*M36,0) -> 0 | AP36: =IFERROR($G36/$I36*N36,0) -> 2716.7785 | AQ36: =IFERROR($G36/$I36*O36,0) -> 0 | AR36: =IFERROR($G36/$I36*P36,0) -> 0 | AS36: =IFERROR($G36/$I36*Q36,0) -> 4075.1678 | AT36: =IFERROR($G36/$I36*R36,0) -> 0 | ... BM36: =IFERROR($G36/$I36*AK36,0) -> 0 | BN36: =SUM(AM36:BM36) -> 18400 | BO36: =BN36-G36 -> 0
A37: 34 | B37: Батрак Віктор Володимирович | D37: 9624.99 | E37: =I37*J37 -> 19800 | F37: 22.06 | G37: =IF(ROUND(E37+F37-C37-D37,-2)<0,0,ROUND(E37+F37-C37-D37,-2)) -> 10200 | H37: =E37+F37-G37-C37-D37 -> -2.93 | I37: =_ЦО!T35+'МХП лазня'!T35+Катеринополь!T35+ВООЗ!T35+Кернел!T35+'Глобино Мк'!T35+'ВООЗ ЕМС'!T35+'ООН 36'!T35+'ООН 37'!T35+'ООН 38'!T35+ООН39!T35+'ООН 40'!T35+'ООН 43'!T35+'ООН 44'!T35+'ООН 45'!V35+ООН46!T35+ООН47!T35+ООН48!T35+ООН49!T35+ООн50!T35+ООН51!T35+Форшахта!T35+'ГАлерея 25.6'!T35+ГРП!AI35+'Парк меляси'!T35+'ООН 42'!T35 -> 132 | J37: 150 | K37: =SUMIF(ИТР!B:B,B37,ИТР!R:R) -> 0 | L37: =SUMIF(_ЦО!$B:$B,B37,_ЦО!T:T) -> 0 | M37: =SUMIF('МХП лазня'!B:B,B37,'МХП лазня'!T:T) -> 0 | N37: =SUMIF(Катеринополь!$B:$B,B37,Катеринополь!$T:$T) -> 0 | O37: =SUMIF(ВООЗ!B:B,B37,ВООЗ!T:T) -> 0 | P37: =SUMIF(Кернел!B:B,B37,Кернел!T:T) -> 0 | Q37: =SUMIF('Глобино Мк'!B:B,B37,'Глобино Мк'!T:T) -> 0 | R37: =SUMIF('ВООЗ ЕМС'!B:B,B37,'ВООЗ ЕМС'!T:T) -> 0 | S37: =SUMIF('ООН 36'!B:B,B37,'ООН 36'!T:T) -> 0 | T37: =SUMIF('ООН 37'!B:B,B37,'ООН 37'!T:T) -> 0 | U37: =SUMIF('ООН 38'!B:B,B37,'ООН 38'!T:T) -> 0 | V37: =SUMIF(ООН39!B:B,B37,ООН39!T:T) -> 0 | W37: =SUMIF('ООН 40'!B:B,B37,'ООН 40'!T:T) -> 0 | X37: =SUMIF('ООН 43'!B:B,B37,'ООН 43'!T:T) -> 0 | Y37: =SUMIF('ООН 44'!B:B,B37,'ООН 44'!T:T) -> 11 | Z37: =SUMIF('ООН 45'!B:B,B37,'ООН 45'!V:V) -> 22 | AA37: =SUMIF(ООН46!B:B,B37,ООН46!T:T) -> 40 | AB37: =SUMIF(ООН47!B:B,B37,ООН47!T:T) -> 59 | AC37: =SUMIF(ООН48!B:B,B37,ООН48!T:T) -> 0 | AD37: =SUMIF(ООН49!B:B,B37,ООН49!T:T) -> 0 | AE37: =SUMIF(ООн50!B:B,B37,ООн50!T:T) -> 0 | AF37: =SUMIF(ООН51!B:B,B37,ООН51!T:T) -> 0 | AG37: =SUMIF(Форшахта!B:B,B37,Форшахта!T:T) -> 0 | AH37: =SUMIF('ГАлерея 25.6'!B:B,B37,'ГАлерея 25.6'!T:T) -> 0 | AI37: =SUMIF(ГРП!B:B,B37,ГРП!AI:AI) -> 0 | AJ37: =SUMIF('Парк меляси'!B:B,B37,'Парк меляси'!T:T) -> 0 | AK37: =SUMIF('ООН 42'!B:B,B37,'ООН 42'!T:T) -> 0 | AL37: =SUM(K37:AK37)-I37 -> 0 | AM37: =IFERROR($G37/$I37*K37,0) -> 0 | AN37: =IFERROR($G37/$I37*L37,0) -> 0 | AO37: =IFERROR($G37/$I37*M37,0) -> 0 | AP37: =IFERROR($G37/$I37*N37,0) -> 0 | AQ37: =IFERROR($G37/$I37*O37,0) -> 0 | AR37: =IFERROR($G37/$I37*P37,0) -> 0 | AS37: =IFERROR($G37/$I37*Q37,0) -> 0 | AT37: =IFERROR($G37/$I37*R37,0) -> 0 | ... BM37: =IFERROR($G37/$I37*AK37,0) -> 0 | BN37: =SUM(AM37:BM37) -> 10200 | BO37: =BN37-G37 -> 0
A38: 35 | B38: Бондаренко Іван Олександрович | D38: 0 | E38: =I38*J38 -> 0 | F38: -44 | G38: =IF(ROUND(E38+F38-C38-D38,-2)<0,0,ROUND(E38+F38-C38-D38,-2)) -> 0 | H38: =E38+F38-G38-C38-D38 -> -44 | I38: =_ЦО!T36+'МХП лазня'!T36+Катеринополь!T36+ВООЗ!T36+Кернел!T36+'Глобино Мк'!T36+'ВООЗ ЕМС'!T36+'ООН 36'!T36+'ООН 37'!T36+'ООН 38'!T36+ООН39!T36+'ООН 40'!T36+'ООН 43'!T36+'ООН 44'!T36+'ООН 45'!V36+ООН46!T36+ООН47!T36+ООН48!T36+ООН49!T36+ООн50!T36+ООН51!T36+Форшахта!T36+'ГАлерея 25.6'!T36+ГРП!AI36+'Парк меляси'!T36+'ООН 42'!T36 -> 0 | J38: 150 | K38: =SUMIF(ИТР!B:B,B38,ИТР!R:R) -> 0 | L38: =SUMIF(_ЦО!$B:$B,B38,_ЦО!T:T) -> 0 | M38: =SUMIF('МХП лазня'!B:B,B38,'МХП лазня'!T:T) -> 0 | N38: =SUMIF(Катеринополь!$B:$B,B38,Катеринополь!$T:$T) -> 0 | O38: =SUMIF(ВООЗ!B:B,B38,ВООЗ!T:T) -> 0 | P38: =SUMIF(Кернел!B:B,B38,Кернел!T:T) -> 0 | Q38: =SUMIF('Глобино Мк'!B:B,B38,'Глобино Мк'!T:T) -> 0 | R38: =SUMIF('ВООЗ ЕМС'!B:B,B38,'ВООЗ ЕМС'!T:T) -> 0 | S38: =SUMIF('ООН 36'!B:B,B38,'ООН 36'!T:T) -> 0 | T38: =SUMIF('ООН 37'!B:B,B38,'ООН 37'!T:T) -> 0 | U38: =SUMIF('ООН 38'!B:B,B38,'ООН 38'!T:T) -> 0 | V38: =SUMIF(ООН39!B:B,B38,ООН39!T:T) -> 0 | W38: =SUMIF('ООН 40'!B:B,B38,'ООН 40'!T:T) -> 0 | X38: =SUMIF('ООН 43'!B:B,B38,'ООН 43'!T:T) -> 0 | Y38: =SUMIF('ООН 44'!B:B,B38,'ООН 44'!T:T) -> 0 | Z38: =SUMIF('ООН 45'!B:B,B38,'ООН 45'!V:V) -> 0 | AA38: =SUMIF(ООН46!B:B,B38,ООН46!T:T) -> 0 | AB38: =SUMIF(ООН47!B:B,B38,ООН47!T:T) -> 0 | AC38: =SUMIF(ООН48!B:B,B38,ООН48!T:T) -> 0 | AD38: =SUMIF(ООН49!B:B,B38,ООН49!T:T) -> 0 | AE38: =SUMIF(ООн50!B:B,B38,ООн50!T:T) -> 0 | AF38: =SUMIF(ООН51!B:B,B38,ООН51!T:T) -> 0 | AG38: =SUMIF(Форшахта!B:B,B38,Форшахта!T:T) -> 0 | AH38: =SUMIF('ГАлерея 25.6'!B:B,B38,'ГАлерея 25.6'!T:T) -> 0 | AI38: =SUMIF(ГРП!B:B,B38,ГРП!AI:AI) -> 0 | AJ38: =SUMIF('Парк меляси'!B:B,B38,'Парк меляси'!T:T) -> 0 | AK38: =SUMIF('ООН 42'!B:B,B38,'ООН 42'!T:T) -> 0 | AL38: =SUM(K38:AK38)-I38 -> 0 | AM38: =IFERROR($G38/$I38*K38,0) -> 0 | AN38: =IFERROR($G38/$I38*L38,0) -> 0 | AO38: =IFERROR($G38/$I38*M38,0) -> 0 | AP38: =IFERROR($G38/$I38*N38,0) -> 0 | AQ38: =IFERROR($G38/$I38*O38,0) -> 0 | AR38: =IFERROR($G38/$I38*P38,0) -> 0 | AS38: =IFERROR($G38/$I38*Q38,0) -> 0 | AT38: =IFERROR($G38/$I38*R38,0) -> 0 | ... BM38: =IFERROR($G38/$I38*AK38,0) -> 0 | BN38: =SUM(AM38:BM38) -> 0 | BO38: =BN38-G38 -> 0
A39: 36 | B39: Підлісний Володимир Сергійович | D39: 3927 | E39: =I39*J39 -> 18900 | F39: 15 | G39: =IF(ROUND(E39+F39-C39-D39,-2)<0,0,ROUND(E39+F39-C39-D39,-2)) -> 15000 | H39: =E39+F39-G39-C39-D39 -> -12 | I39: =_ЦО!T37+'МХП лазня'!T37+Катеринополь!T37+ВООЗ!T37+Кернел!T37+'Глобино Мк'!T37+'ВООЗ ЕМС'!T37+'ООН 36'!T37+'ООН 37'!T37+'ООН 38'!T37+ООН39!T37+'ООН 40'!T37+'ООН 43'!T37+'ООН 44'!T37+'ООН 45'!V37+ООН46!T37+ООН47!T37+ООН48!T37+ООН49!T37+ООн50!T37+ООН51!T37+Форшахта!T37+'ГАлерея 25.6'!T37+ГРП!AI37+'Парк меляси'!T37+'ООН 42'!T37 -> 126 | J39: 150 | K39: =SUMIF(ИТР!B:B,B39,ИТР!R:R) -> 0 | L39: =SUMIF(_ЦО!$B:$B,B39,_ЦО!T:T) -> 0 | M39: =SUMIF('МХП лазня'!B:B,B39,'МХП лазня'!T:T) -> 0 | N39: =SUMIF(Катеринополь!$B:$B,B39,Катеринополь!$T:$T) -> 0 | O39: =SUMIF(ВООЗ!B:B,B39,ВООЗ!T:T) -> 0 | P39: =SUMIF(Кернел!B:B,B39,Кернел!T:T) -> 0 | Q39: =SUMIF('Глобино Мк'!B:B,B39,'Глобино Мк'!T:T) -> 11 | R39: =SUMIF('ВООЗ ЕМС'!B:B,B39,'ВООЗ ЕМС'!T:T) -> 0 | S39: =SUMIF('ООН 36'!B:B,B39,'ООН 36'!T:T) -> 0 | T39: =SUMIF('ООН 37'!B:B,B39,'ООН 37'!T:T) -> 0 | U39: =SUMIF('ООН 38'!B:B,B39,'ООН 38'!T:T) -> 0 | V39: =SUMIF(ООН39!B:B,B39,ООН39!T:T) -> 0 | W39: =SUMIF('ООН 40'!B:B,B39,'ООН 40'!T:T) -> 0 | X39: =SUMIF('ООН 43'!B:B,B39,'ООН 43'!T:T) -> 0 | Y39: =SUMIF('ООН 44'!B:B,B39,'ООН 44'!T:T) -> 0 | Z39: =SUMIF('ООН 45'!B:B,B39,'ООН 45'!V:V) -> 11 | AA39: =SUMIF(ООН46!B:B,B39,ООН46!T:T) -> 11 | AB39: =SUMIF(ООН47!B:B,B39,ООН47!T:T) -> 22 | AC39: =SUMIF(ООН48!B:B,B39,ООН48!T:T) -> 11 | AD39: =SUMIF(ООН49!B:B,B39,ООН49!T:T) -> 0 | AE39: =SUMIF(ООн50!B:B,B39,ООн50!T:T) -> 0 | AF39: =SUMIF(ООН51!B:B,B39,ООН51!T:T) -> 0 | AG39: =SUMIF(Форшахта!B:B,B39,Форшахта!T:T) -> 0 | AH39: =SUMIF('ГАлерея 25.6'!B:B,B39,'ГАлерея 25.6'!T:T) -> 0 | AI39: =SUMIF(ГРП!B:B,B39,ГРП!AI:AI) -> 11 | AJ39: =SUMIF('Парк меляси'!B:B,B39,'Парк меляси'!T:T) -> 49 | AK39: =SUMIF('ООН 42'!B:B,B39,'ООН 42'!T:T) -> 0 | AL39: =SUM(K39:AK39)-I39 -> 0 | AM39: =IFERROR($G39/$I39*K39,0) -> 0 | AN39: =IFERROR($G39/$I39*L39,0) -> 0 | AO39: =IFERROR($G39/$I39*M39,0) -> 0 | AP39: =IFERROR($G39/$I39*N39,0) -> 0 | AQ39: =IFERROR($G39/$I39*O39,0) -> 0 | AR39: =IFERROR($G39/$I39*P39,0) -> 0 | AS39: =IFERROR($G39/$I39*Q39,0) -> 1309.5238 | AT39: =IFERROR($G39/$I39*R39,0) -> 0 | ... BM39: =IFERROR($G39/$I39*AK39,0) -> 0 | BN39: =SUM(AM39:BM39) -> 15000 | BO39: =BN39-G39 -> 0
A40: 37 | B40: Григоренко Ілля Олександрович | D40: 3141.6 | E40: =I40*J40 -> 12450 | F40: 32.01 | G40: =IF(ROUND(E40+F40-C40-D40,-2)<0,0,ROUND(E40+F40-C40-D40,-2)) -> 9300 | H40: =E40+F40-G40-C40-D40 -> 40.41 | I40: =_ЦО!T38+'МХП лазня'!T38+Катеринополь!T38+ВООЗ!T38+Кернел!T38+'Глобино Мк'!T38+'ВООЗ ЕМС'!T38+'ООН 36'!T38+'ООН 37'!T38+'ООН 38'!T38+ООН39!T38+'ООН 40'!T38+'ООН 43'!T38+'ООН 44'!T38+'ООН 45'!V38+ООН46!T38+ООН47!T38+ООН48!T38+ООН49!T38+ООн50!T38+ООН51!T38+Форшахта!T38+'ГАлерея 25.6'!T38+ГРП!AI38+'Парк меляси'!T38+'ООН 42'!T38 -> 83 | J40: 150 | K40: =SUMIF(ИТР!B:B,B40,ИТР!R:R) -> 0 | L40: =SUMIF(_ЦО!$B:$B,B40,_ЦО!T:T) -> 0 | M40: =SUMIF('МХП лазня'!B:B,B40,'МХП лазня'!T:T) -> 0 | N40: =SUMIF(Катеринополь!$B:$B,B40,Катеринополь!$T:$T) -> 0 | O40: =SUMIF(ВООЗ!B:B,B40,ВООЗ!T:T) -> 0 | P40: =SUMIF(Кернел!B:B,B40,Кернел!T:T) -> 0 | Q40: =SUMIF('Глобино Мк'!B:B,B40,'Глобино Мк'!T:T) -> 0 | R40: =SUMIF('ВООЗ ЕМС'!B:B,B40,'ВООЗ ЕМС'!T:T) -> 0 | S40: =SUMIF('ООН 36'!B:B,B40,'ООН 36'!T:T) -> 0 | T40: =SUMIF('ООН 37'!B:B,B40,'ООН 37'!T:T) -> 0 | U40: =SUMIF('ООН 38'!B:B,B40,'ООН 38'!T:T) -> 0 | V40: =SUMIF(ООН39!B:B,B40,ООН39!T:T) -> 0 | W40: =SUMIF('ООН 40'!B:B,B40,'ООН 40'!T:T) -> 0 | X40: =SUMIF('ООН 43'!B:B,B40,'ООН 43'!T:T) -> 0 | Y40: =SUMIF('ООН 44'!B:B,B40,'ООН 44'!T:T) -> 0 | Z40: =SUMIF('ООН 45'!B:B,B40,'ООН 45'!V:V) -> 33 | AA40: =SUMIF(ООН46!B:B,B40,ООН46!T:T) -> 11 | AB40: =SUMIF(ООН47!B:B,B40,ООН47!T:T) -> 39 | AC40: =SUMIF(ООН48!B:B,B40,ООН48!T:T) -> 0 | AD40: =SUMIF(ООН49!B:B,B40,ООН49!T:T) -> 0 | AE40: =SUMIF(ООн50!B:B,B40,ООн50!T:T) -> 0 | AF40: =SUMIF(ООН51!B:B,B40,ООН51!T:T) -> 0 | AG40: =SUMIF(Форшахта!B:B,B40,Форшахта!T:T) -> 0 | AH40: =SUMIF('ГАлерея 25.6'!B:B,B40,'ГАлерея 25.6'!T:T) -> 0 | AI40: =SUMIF(ГРП!B:B,B40,ГРП!AI:AI) -> 0 | AJ40: =SUMIF('Парк меляси'!B:B,B40,'Парк меляси'!T:T) -> 0 | AK40: =SUMIF('ООН 42'!B:B,B40,'ООН 42'!T:T) -> 0 | AL40: =SUM(K40:AK40)-I40 -> 0 | AM40: =IFERROR($G40/$I40*K40,0) -> 0 | AN40: =IFERROR($G40/$I40*L40,0) -> 0 | AO40: =IFERROR($G40/$I40*M40,0) -> 0 | AP40: =IFERROR($G40/$I40*N40,0) -> 0 | AQ40: =IFERROR($G40/$I40*O40,0) -> 0 | AR40: =IFERROR($G40/$I40*P40,0) -> 0 | AS40: =IFERROR($G40/$I40*Q40,0) -> 0 | AT40: =IFERROR($G40/$I40*R40,0) -> 0 | ... BM40: =IFERROR($G40/$I40*AK40,0) -> 0 | BN40: =SUM(AM40:BM40) -> 9300 | BO40: =BN40-G40 -> 0
A41: 38 | B41: Зінченко Дмитро Володимирович | E41: =I41*J41 -> 18300 | F41: 0 | G41: =IF(ROUND(E41+F41-C41-D41,-2)<0,0,ROUND(E41+F41-C41-D41,-2)) -> 18300 | H41: =E41+F41-G41-C41-D41 -> 0 | I41: =_ЦО!T39+'МХП лазня'!T39+Катеринополь!T39+ВООЗ!T39+Кернел!T39+'Глобино Мк'!T39+'ВООЗ ЕМС'!T39+'ООН 36'!T39+'ООН 37'!T39+'ООН 38'!T39+ООН39!T39+'ООН 40'!T39+'ООН 43'!T39+'ООН 44'!T39+'ООН 45'!V39+ООН46!T39+ООН47!T39+ООН48!T39+ООН49!T39+ООн50!T39+ООН51!T39+Форшахта!T39+'ГАлерея 25.6'!T39+ГРП!AI39+'Парк меляси'!T39+'ООН 42'!T39 -> 122 | J41: 150 | K41: =SUMIF(ИТР!B:B,B41,ИТР!R:R) -> 0 | L41: =SUMIF(_ЦО!$B:$B,B41,_ЦО!T:T) -> 0 | M41: =SUMIF('МХП лазня'!B:B,B41,'МХП лазня'!T:T) -> 0 | N41: =SUMIF(Катеринополь!$B:$B,B41,Катеринополь!$T:$T) -> 22 | O41: =SUMIF(ВООЗ!B:B,B41,ВООЗ!T:T) -> 0 | P41: =SUMIF(Кернел!B:B,B41,Кернел!T:T) -> 0 | Q41: =SUMIF('Глобино Мк'!B:B,B41,'Глобино Мк'!T:T) -> 39 | R41: =SUMIF('ВООЗ ЕМС'!B:B,B41,'ВООЗ ЕМС'!T:T) -> 0 | S41: =SUMIF('ООН 36'!B:B,B41,'ООН 36'!T:T) -> 0 | T41: =SUMIF('ООН 37'!B:B,B41,'ООН 37'!T:T) -> 0 | U41: =SUMIF('ООН 38'!B:B,B41,'ООН 38'!T:T) -> 0 | V41: =SUMIF(ООН39!B:B,B41,ООН39!T:T) -> 0 | W41: =SUMIF('ООН 40'!B:B,B41,'ООН 40'!T:T) -> 0 | X41: =SUMIF('ООН 43'!B:B,B41,'ООН 43'!T:T) -> 0 | Y41: =SUMIF('ООН 44'!B:B,B41,'ООН 44'!T:T) -> 0 | Z41: =SUMIF('ООН 45'!B:B,B41,'ООН 45'!V:V) -> 0 | AA41: =SUMIF(ООН46!B:B,B41,ООН46!T:T) -> 11 | AB41: =SUMIF(ООН47!B:B,B41,ООН47!T:T) -> 0 | AC41: =SUMIF(ООН48!B:B,B41,ООН48!T:T) -> 0 | AD41: =SUMIF(ООН49!B:B,B41,ООН49!T:T) -> 0 | AE41: =SUMIF(ООн50!B:B,B41,ООн50!T:T) -> 0 | AF41: =SUMIF(ООН51!B:B,B41,ООН51!T:T) -> 0 | AG41: =SUMIF(Форшахта!B:B,B41,Форшахта!T:T) -> 0 | AH41: =SUMIF('ГАлерея 25.6'!B:B,B41,'ГАлерея 25.6'!T:T) -> 22 | AI41: =SUMIF(ГРП!B:B,B41,ГРП!AI:AI) -> 6 | AJ41: =SUMIF('Парк меляси'!B:B,B41,'Парк меляси'!T:T) -> 22 | AK41: =SUMIF('ООН 42'!B:B,B41,'ООН 42'!T:T) -> 0 | AL41: =SUM(K41:AK41)-I41 -> 0 | AM41: =IFERROR($G41/$I41*K41,0) -> 0 | AN41: =IFERROR($G41/$I41*L41,0) -> 0 | AO41: =IFERROR($G41/$I41*M41,0) -> 0 | AP41: =IFERROR($G41/$I41*N41,0) -> 3300 | AQ41: =IFERROR($G41/$I41*O41,0) -> 0 | AR41: =IFERROR($G41/$I41*P41,0) -> 0 | AS41: =IFERROR($G41/$I41*Q41,0) -> 5850 | AT41: =IFERROR($G41/$I41*R41,0) -> 0 | ... BM41: =IFERROR($G41/$I41*AK41,0) -> 0 | BN41: =SUM(AM41:BM41) -> 18300 | BO41: =BN41-G41 -> 0
A42: 39 | B42: Гребінник Олексій Васильович | E42: =I42*J42 -> 27450 | F42: 0 | G42: =IF(ROUND(E42+F42-C42-D42,-2)<0,0,ROUND(E42+F42-C42-D42,-2)) -> 27500 | H42: =E42+F42-G42-C42-D42 -> -50 | I42: =_ЦО!T40+'МХП лазня'!T40+Катеринополь!T40+ВООЗ!T40+Кернел!T40+'Глобино Мк'!T40+'ВООЗ ЕМС'!T40+'ООН 36'!T40+'ООН 37'!T40+'ООН 38'!T40+ООН39!T40+'ООН 40'!T40+'ООН 43'!T40+'ООН 44'!T40+'ООН 45'!V40+ООН46!T40+ООН47!T40+ООН48!T40+ООН49!T40+ООн50!T40+ООН51!T40+Форшахта!T40+'ГАлерея 25.6'!T40+ГРП!AI40+'Парк меляси'!T40+'ООН 42'!T40 -> 183 | J42: 150 | K42: =SUMIF(ИТР!B:B,B42,ИТР!R:R) -> 0 | L42: =SUMIF(_ЦО!$B:$B,B42,_ЦО!T:T) -> 0 | M42: =SUMIF('МХП лазня'!B:B,B42,'МХП лазня'!T:T) -> 0 | N42: =SUMIF(Катеринополь!$B:$B,B42,Катеринополь!$T:$T) -> 11 | O42: =SUMIF(ВООЗ!B:B,B42,ВООЗ!T:T) -> 0 | P42: =SUMIF(Кернел!B:B,B42,Кернел!T:T) -> 0 | Q42: =SUMIF('Глобино Мк'!B:B,B42,'Глобино Мк'!T:T) -> 50 | R42: =SUMIF('ВООЗ ЕМС'!B:B,B42,'ВООЗ ЕМС'!T:T) -> 0 | S42: =SUMIF('ООН 36'!B:B,B42,'ООН 36'!T:T) -> 0 | T42: =SUMIF('ООН 37'!B:B,B42,'ООН 37'!T:T) -> 0 | U42: =SUMIF('ООН 38'!B:B,B42,'ООН 38'!T:T) -> 0 | V42: =SUMIF(ООН39!B:B,B42,ООН39!T:T) -> 0 | W42: =SUMIF('ООН 40'!B:B,B42,'ООН 40'!T:T) -> 0 | X42: =SUMIF('ООН 43'!B:B,B42,'ООН 43'!T:T) -> 0 | Y42: =SUMIF('ООН 44'!B:B,B42,'ООН 44'!T:T) -> 0 | Z42: =SUMIF('ООН 45'!B:B,B42,'ООН 45'!V:V) -> 0 | AA42: =SUMIF(ООН46!B:B,B42,ООН46!T:T) -> 11 | AB42: =SUMIF(ООН47!B:B,B42,ООН47!T:T) -> 0 | AC42: =SUMIF(ООН48!B:B,B42,ООН48!T:T) -> 11 | AD42: =SUMIF(ООН49!B:B,B42,ООН49!T:T) -> 11 | AE42: =SUMIF(ООн50!B:B,B42,ООн50!T:T) -> 28 | AF42: =SUMIF(ООН51!B:B,B42,ООН51!T:T) -> 0 | AG42: =SUMIF(Форшахта!B:B,B42,Форшахта!T:T) -> 0 | AH42: =SUMIF('ГАлерея 25.6'!B:B,B42,'ГАлерея 25.6'!T:T) -> 50 | AI42: =SUMIF(ГРП!B:B,B42,ГРП!AI:AI) -> 0 | AJ42: =SUMIF('Парк меляси'!B:B,B42,'Парк меляси'!T:T) -> 11 | AK42: =SUMIF('ООН 42'!B:B,B42,'ООН 42'!T:T) -> 0 | AL42: =SUM(K42:AK42)-I42 -> 0 | AM42: =IFERROR($G42/$I42*K42,0) -> 0 | AN42: =IFERROR($G42/$I42*L42,0) -> 0 | AO42: =IFERROR($G42/$I42*M42,0) -> 0 | AP42: =IFERROR($G42/$I42*N42,0) -> 1653.0055 | AQ42: =IFERROR($G42/$I42*O42,0) -> 0 | AR42: =IFERROR($G42/$I42*P42,0) -> 0 | AS42: =IFERROR($G42/$I42*Q42,0) -> 7513.6612 | AT42: =IFERROR($G42/$I42*R42,0) -> 0 | ... BM42: =IFERROR($G42/$I42*AK42,0) -> 0 | BN42: =SUM(AM42:BM42) -> 27500 | BO42: =BN42-G42 -> 0
A43: 40 | B43: Ізюмець Олександр Евгенович | E43: =I43*J43 -> 13200 | F43: 0 | G43: =IF(ROUND(E43+F43-C43-D43,-2)<0,0,ROUND(E43+F43-C43-D43,-2)) -> 13200 | H43: =E43+F43-G43-C43-D43 -> 0 | I43: =_ЦО!T41+'МХП лазня'!T41+Катеринополь!T41+ВООЗ!T41+Кернел!T41+'Глобино Мк'!T41+'ВООЗ ЕМС'!T41+'ООН 36'!T41+'ООН 37'!T41+'ООН 38'!T41+ООН39!T41+'ООН 40'!T41+'ООН 43'!T41+'ООН 44'!T41+'ООН 45'!V41+ООН46!T41+ООН47!T41+ООН48!T41+ООН49!T41+ООн50!T41+ООН51!T41+Форшахта!T41+'ГАлерея 25.6'!T41+ГРП!AI41+'Парк меляси'!T41+'ООН 42'!T41 -> 88 | J43: 150 | K43: =SUMIF(ИТР!B:B,B43,ИТР!R:R) -> 0 | L43: =SUMIF(_ЦО!$B:$B,B43,_ЦО!T:T) -> 0 | M43: =SUMIF('МХП лазня'!B:B,B43,'МХП лазня'!T:T) -> 0 | N43: =SUMIF(Катеринополь!$B:$B,B43,Катеринополь!$T:$T) -> 0 | O43: =SUMIF(ВООЗ!B:B,B43,ВООЗ!T:T) -> 0 | P43: =SUMIF(Кернел!B:B,B43,Кернел!T:T) -> 0 | Q43: =SUMIF('Глобино Мк'!B:B,B43,'Глобино Мк'!T:T) -> 0 | R43: =SUMIF('ВООЗ ЕМС'!B:B,B43,'ВООЗ ЕМС'!T:T) -> 0 | S43: =SUMIF('ООН 36'!B:B,B43,'ООН 36'!T:T) -> 0 | T43: =SUMIF('ООН 37'!B:B,B43,'ООН 37'!T:T) -> 0 | U43: =SUMIF('ООН 38'!B:B,B43,'ООН 38'!T:T) -> 0 | V43: =SUMIF(ООН39!B:B,B43,ООН39!T:T) -> 0 | W43: =SUMIF('ООН 40'!B:B,B43,'ООН 40'!T:T) -> 0 | X43: =SUMIF('ООН 43'!B:B,B43,'ООН 43'!T:T) -> 0 | Y43: =SUMIF('ООН 44'!B:B,B43,'ООН 44'!T:T) -> 0 | Z43: =SUMIF('ООН 45'!B:B,B43,'ООН 45'!V:V) -> 22 | AA43: =SUMIF(ООН46!B:B,B43,ООН46!T:T) -> 11 | AB43: =SUMIF(ООН47!B:B,B43,ООН47!T:T) -> 33 | AC43: =SUMIF(ООН48!B:B,B43,ООН48!T:T) -> 22 | AD43: =SUMIF(ООН49!B:B,B43,ООН49!T:T) -> 0 | AE43: =SUMIF(ООн50!B:B,B43,ООн50!T:T) -> 0 | AF43: =SUMIF(ООН51!B:B,B43,ООН51!T:T) -> 0 | AG43: =SUMIF(Форшахта!B:B,B43,Форшахта!T:T) -> 0 | AH43: =SUMIF('ГАлерея 25.6'!B:B,B43,'ГАлерея 25.6'!T:T) -> 0 | AI43: =SUMIF(ГРП!B:B,B43,ГРП!AI:AI) -> 0 | AJ43: =SUMIF('Парк меляси'!B:B,B43,'Парк меляси'!T:T) -> 0 | AK43: =SUMIF('ООН 42'!B:B,B43,'ООН 42'!T:T) -> 0 | AL43: =SUM(K43:AK43)-I43 -> 0 | AM43: =IFERROR($G43/$I43*K43,0) -> 0 | AN43: =IFERROR($G43/$I43*L43,0) -> 0 | AO43: =IFERROR($G43/$I43*M43,0) -> 0 | AP43: =IFERROR($G43/$I43*N43,0) -> 0 | AQ43: =IFERROR($G43/$I43*O43,0) -> 0 | AR43: =IFERROR($G43/$I43*P43,0) -> 0 | AS43: =IFERROR($G43/$I43*Q43,0) -> 0 | AT43: =IFERROR($G43/$I43*R43,0) -> 0 | ... BM43: =IFERROR($G43/$I43*AK43,0) -> 0 | BN43: =SUM(AM43:BM43) -> 13200 | BO43: =BN43-G43 -> 0
A44: 41 | B44: Маркевич Ігор Ігорьович | E44: =I44*J44 -> 13200 | F44: 0 | G44: =IF(ROUND(E44+F44-C44-D44,-2)<0,0,ROUND(E44+F44-C44-D44,-2)) -> 13200 | H44: =E44+F44-G44-C44-D44 -> 0 | I44: =_ЦО!T42+'МХП лазня'!T42+Катеринополь!T42+ВООЗ!T42+Кернел!T42+'Глобино Мк'!T42+'ВООЗ ЕМС'!T42+'ООН 36'!T42+'ООН 37'!T42+'ООН 38'!T42+ООН39!T42+'ООН 40'!T42+'ООН 43'!T42+'ООН 44'!T42+'ООН 45'!V42+ООН46!T42+ООН47!T42+ООН48!T42+ООН49!T42+ООн50!T42+ООН51!T42+Форшахта!T42+'ГАлерея 25.6'!T42+ГРП!AI42+'Парк меляси'!T42+'ООН 42'!T42 -> 88 | J44: 150 | K44: =SUMIF(ИТР!B:B,B44,ИТР!R:R) -> 0 | L44: =SUMIF(_ЦО!$B:$B,B44,_ЦО!T:T) -> 0 | M44: =SUMIF('МХП лазня'!B:B,B44,'МХП лазня'!T:T) -> 0 | N44: =SUMIF(Катеринополь!$B:$B,B44,Катеринополь!$T:$T) -> 11 | O44: =SUMIF(ВООЗ!B:B,B44,ВООЗ!T:T) -> 0 | P44: =SUMIF(Кернел!B:B,B44,Кернел!T:T) -> 0 | Q44: =SUMIF('Глобино Мк'!B:B,B44,'Глобино Мк'!T:T) -> 0 | R44: =SUMIF('ВООЗ ЕМС'!B:B,B44,'ВООЗ ЕМС'!T:T) -> 0 | S44: =SUMIF('ООН 36'!B:B,B44,'ООН 36'!T:T) -> 0 | T44: =SUMIF('ООН 37'!B:B,B44,'ООН 37'!T:T) -> 0 | U44: =SUMIF('ООН 38'!B:B,B44,'ООН 38'!T:T) -> 0 | V44: =SUMIF(ООН39!B:B,B44,ООН39!T:T) -> 0 | W44: =SUMIF('ООН 40'!B:B,B44,'ООН 40'!T:T) -> 0 | X44: =SUMIF('ООН 43'!B:B,B44,'ООН 43'!T:T) -> 0 | Y44: =SUMIF('ООН 44'!B:B,B44,'ООН 44'!T:T) -> 0 | Z44: =SUMIF('ООН 45'!B:B,B44,'ООН 45'!V:V) -> 0 | AA44: =SUMIF(ООН46!B:B,B44,ООН46!T:T) -> 22 | AB44: =SUMIF(ООН47!B:B,B44,ООН47!T:T) -> 11 | AC44: =SUMIF(ООН48!B:B,B44,ООН48!T:T) -> 11 | AD44: =SUMIF(ООН49!B:B,B44,ООН49!T:T) -> 0 | AE44: =SUMIF(ООн50!B:B,B44,ООн50!T:T) -> 0 | AF44: =SUMIF(ООН51!B:B,B44,ООН51!T:T) -> 11 | AG44: =SUMIF(Форшахта!B:B,B44,Форшахта!T:T) -> 11 | AH44: =SUMIF('ГАлерея 25.6'!B:B,B44,'ГАлерея 25.6'!T:T) -> 11 | AI44: =SUMIF(ГРП!B:B,B44,ГРП!AI:AI) -> 0 | AJ44: =SUMIF('Парк меляси'!B:B,B44,'Парк меляси'!T:T) -> 0 | AK44: =SUMIF('ООН 42'!B:B,B44,'ООН 42'!T:T) -> 0 | AL44: =SUM(K44:AK44)-I44 -> 0 | AM44: =IFERROR($G44/$I44*K44,0) -> 0 | AN44: =IFERROR($G44/$I44*L44,0) -> 0 | AO44: =IFERROR($G44/$I44*M44,0) -> 0 | AP44: =IFERROR($G44/$I44*N44,0) -> 1650 | AQ44: =IFERROR($G44/$I44*O44,0) -> 0 | AR44: =IFERROR($G44/$I44*P44,0) -> 0 | AS44: =IFERROR($G44/$I44*Q44,0) -> 0 | AT44: =IFERROR($G44/$I44*R44,0) -> 0 | ... BM44: =IFERROR($G44/$I44*AK44,0) -> 0 | BN44: =SUM(AM44:BM44) -> 13200 | BO44: =BN44-G44 -> 0
A45: 42 | B45: Раменюк Віталій Сергійович | C45: 10324.25 | D45: 3927 | E45: =I45*J45 -> 54000 | F45: -3.05 | G45: =IF(ROUND(E45+F45-C45-D45,-2)<0,0,ROUND(E45+F45-C45-D45,-2)) -> 39700 | H45: =E45+F45-G45-C45-D45 -> 45.7 | I45: =_ЦО!T43+'МХП лазня'!T43+Катеринополь!T43+ВООЗ!T43+Кернел!T43+'Глобино Мк'!T43+'ВООЗ ЕМС'!T43+'ООН 36'!T43+'ООН 37'!T43+'ООН 38'!T43+ООН39!T43+'ООН 40'!T43+'ООН 43'!T43+'ООН 44'!T43+'ООН 45'!V43+ООН46!T43+ООН47!T43+ООН48!T43+ООН49!T43+ООн50!T43+ООН51!T43+Форшахта!T43+'ГАлерея 25.6'!T43+ГРП!AI43+'Парк меляси'!T43+'ООН 42'!T43 -> 360 | J45: 150 | K45: =SUMIF(ИТР!B:B,B45,ИТР!R:R) -> 0 | L45: =SUMIF(_ЦО!$B:$B,B45,_ЦО!T:T) -> 0 | M45: =SUMIF('МХП лазня'!B:B,B45,'МХП лазня'!T:T) -> 0 | N45: =SUMIF(Катеринополь!$B:$B,B45,Катеринополь!$T:$T) -> 0 | O45: =SUMIF(ВООЗ!B:B,B45,ВООЗ!T:T) -> 0 | P45: =SUMIF(Кернел!B:B,B45,Кернел!T:T) -> 360 | Q45: =SUMIF('Глобино Мк'!B:B,B45,'Глобино Мк'!T:T) -> 0 | R45: =SUMIF('ВООЗ ЕМС'!B:B,B45,'ВООЗ ЕМС'!T:T) -> 0 | S45: =SUMIF('ООН 36'!B:B,B45,'ООН 36'!T:T) -> 0 | T45: =SUMIF('ООН 37'!B:B,B45,'ООН 37'!T:T) -> 0 | U45: =SUMIF('ООН 38'!B:B,B45,'ООН 38'!T:T) -> 0 | V45: =SUMIF(ООН39!B:B,B45,ООН39!T:T) -> 0 | W45: =SUMIF('ООН 40'!B:B,B45,'ООН 40'!T:T) -> 0 | X45: =SUMIF('ООН 43'!B:B,B45,'ООН 43'!T:T) -> 0 | Y45: =SUMIF('ООН 44'!B:B,B45,'ООН 44'!T:T) -> 0 | Z45: =SUMIF('ООН 45'!B:B,B45,'ООН 45'!V:V) -> 0 | AA45: =SUMIF(ООН46!B:B,B45,ООН46!T:T) -> 0 | AB45: =SUMIF(ООН47!B:B,B45,ООН47!T:T) -> 0 | AC45: =SUMIF(ООН48!B:B,B45,ООН48!T:T) -> 0 | AD45: =SUMIF(ООН49!B:B,B45,ООН49!T:T) -> 0 | AE45: =SUMIF(ООн50!B:B,B45,ООн50!T:T) -> 0 | AF45: =SUMIF(ООН51!B:B,B45,ООН51!T:T) -> 0 | AG45: =SUMIF(Форшахта!B:B,B45,Форшахта!T:T) -> 0 | AH45: =SUMIF('ГАлерея 25.6'!B:B,B45,'ГАлерея 25.6'!T:T) -> 0 | AI45: =SUMIF(ГРП!B:B,B45,ГРП!AI:AI) -> 0 | AJ45: =SUMIF('Парк меляси'!B:B,B45,'Парк меляси'!T:T) -> 0 | AK45: =SUMIF('ООН 42'!B:B,B45,'ООН 42'!T:T) -> 0 | AL45: =SUM(K45:AK45)-I45 -> 0 | AM45: =IFERROR($G45/$I45*K45,0) -> 0 | AN45: =IFERROR($G45/$I45*L45,0) -> 0 | AO45: =IFERROR($G45/$I45*M45,0) -> 0 | AP45: =IFERROR($G45/$I45*N45,0) -> 0 | AQ45: =IFERROR($G45/$I45*O45,0) -> 0 | AR45: =IFERROR($G45/$I45*P45,0) -> 39700 | AS45: =IFERROR($G45/$I45*Q45,0) -> 0 | AT45: =IFERROR($G45/$I45*R45,0) -> 0 | ... BM45: =IFERROR($G45/$I45*AK45,0) -> 0 | BN45: =SUM(AM45:BM45) -> 39700 | BO45: =BN45-G45 -> 0
A46: 43 | B46: Самогородський Ігор Віталійович | E46: =I46*J46 -> 27150 | F46: 0 | G46: =IF(ROUND(E46+F46-C46-D46,-2)<0,0,ROUND(E46+F46-C46-D46,-2)) -> 27200 | H46: =E46+F46-G46-C46-D46 -> -50 | I46: =_ЦО!T44+'МХП лазня'!T44+Катеринополь!T44+ВООЗ!T44+Кернел!T44+'Глобино Мк'!T44+'ВООЗ ЕМС'!T44+'ООН 36'!T44+'ООН 37'!T44+'ООН 38'!T44+ООН39!T44+'ООН 40'!T44+'ООН 43'!T44+'ООН 44'!T44+'ООН 45'!V44+ООН46!T44+ООН47!T44+ООН48!T44+ООН49!T44+ООн50!T44+ООН51!T44+Форшахта!T44+'ГАлерея 25.6'!T44+ГРП!AI44+'Парк меляси'!T44+'ООН 42'!T44 -> 181 | J46: 150 | K46: =SUMIF(ИТР!B:B,B46,ИТР!R:R) -> 0 | L46: =SUMIF(_ЦО!$B:$B,B46,_ЦО!T:T) -> 0 | M46: =SUMIF('МХП лазня'!B:B,B46,'МХП лазня'!T:T) -> 0 | N46: =SUMIF(Катеринополь!$B:$B,B46,Катеринополь!$T:$T) -> 9 | O46: =SUMIF(ВООЗ!B:B,B46,ВООЗ!T:T) -> 0 | P46: =SUMIF(Кернел!B:B,B46,Кернел!T:T) -> 0 | Q46: =SUMIF('Глобино Мк'!B:B,B46,'Глобино Мк'!T:T) -> 61 | R46: =SUMIF('ВООЗ ЕМС'!B:B,B46,'ВООЗ ЕМС'!T:T) -> 0 | S46: =SUMIF('ООН 36'!B:B,B46,'ООН 36'!T:T) -> 0 | T46: =SUMIF('ООН 37'!B:B,B46,'ООН 37'!T:T) -> 0 | U46: =SUMIF('ООН 38'!B:B,B46,'ООН 38'!T:T) -> 0 | V46: =SUMIF(ООН39!B:B,B46,ООН39!T:T) -> 0 | W46: =SUMIF('ООН 40'!B:B,B46,'ООН 40'!T:T) -> 0 | X46: =SUMIF('ООН 43'!B:B,B46,'ООН 43'!T:T) -> 0 | Y46: =SUMIF('ООН 44'!B:B,B46,'ООН 44'!T:T) -> 0 | Z46: =SUMIF('ООН 45'!B:B,B46,'ООН 45'!V:V) -> 0 | AA46: =SUMIF(ООН46!B:B,B46,ООН46!T:T) -> 0 | AB46: =SUMIF(ООН47!B:B,B46,ООН47!T:T) -> 0 | AC46: =SUMIF(ООН48!B:B,B46,ООН48!T:T) -> 0 | AD46: =SUMIF(ООН49!B:B,B46,ООН49!T:T) -> 0 | AE46: =SUMIF(ООн50!B:B,B46,ООн50!T:T) -> 0 | AF46: =SUMIF(ООН51!B:B,B46,ООН51!T:T) -> 0 | AG46: =SUMIF(Форшахта!B:B,B46,Форшахта!T:T) -> 0 | AH46: =SUMIF('ГАлерея 25.6'!B:B,B46,'ГАлерея 25.6'!T:T) -> 33 | AI46: =SUMIF(ГРП!B:B,B46,ГРП!AI:AI) -> 11 | AJ46: =SUMIF('Парк меляси'!B:B,B46,'Парк меляси'!T:T) -> 67 | AK46: =SUMIF('ООН 42'!B:B,B46,'ООН 42'!T:T) -> 0 | AL46: =SUM(K46:AK46)-I46 -> 0 | AM46: =IFERROR($G46/$I46*K46,0) -> 0 | AN46: =IFERROR($G46/$I46*L46,0) -> 0 | AO46: =IFERROR($G46/$I46*M46,0) -> 0 | AP46: =IFERROR($G46/$I46*N46,0) -> 1352.4862 | AQ46: =IFERROR($G46/$I46*O46,0) -> 0 | AR46: =IFERROR($G46/$I46*P46,0) -> 0 | AS46: =IFERROR($G46/$I46*Q46,0) -> 9166.8508 | AT46: =IFERROR($G46/$I46*R46,0) -> 0 | ... BM46: =IFERROR($G46/$I46*AK46,0) -> 0 | BN46: =SUM(AM46:BM46) -> 27200 | BO46: =BN46-G46 -> 0
A47: 44 | B47: Іванова Світлана Юріївна | D47: 3927 | E47: =I47*J47 -> 10350 | F47: 15 | G47: =IF(ROUND(E47+F47-C47-D47,-2)<0,0,ROUND(E47+F47-C47-D47,-2)) -> 6400 | H47: =E47+F47-G47-C47-D47 -> 38 | I47: =_ЦО!T45+'МХП лазня'!T45+Катеринополь!T45+ВООЗ!T45+Кернел!T45+'Глобино Мк'!T45+'ВООЗ ЕМС'!T45+'ООН 36'!T45+'ООН 37'!T45+'ООН 38'!T45+ООН39!T45+'ООН 40'!T45+'ООН 43'!T45+'ООН 44'!T45+'ООН 45'!V45+ООН46!T45+ООН47!T45+ООН48!T45+ООН49!T45+ООн50!T45+ООН51!T45+Форшахта!T45+'ГАлерея 25.6'!T45+ГРП!AI45+'Парк меляси'!T45+'ООН 42'!T45 -> 69 | J47: 150 | K47: =SUMIF(ИТР!B:B,B47,ИТР!R:R) -> 0 | L47: =SUMIF(_ЦО!$B:$B,B47,_ЦО!T:T) -> 69 | M47: =SUMIF('МХП лазня'!B:B,B47,'МХП лазня'!T:T) -> 0 | N47: =SUMIF(Катеринополь!$B:$B,B47,Катеринополь!$T:$T) -> 0 | O47: =SUMIF(ВООЗ!B:B,B47,ВООЗ!T:T) -> 0 | P47: =SUMIF(Кернел!B:B,B47,Кернел!T:T) -> 0 | Q47: =SUMIF('Глобино Мк'!B:B,B47,'Глобино Мк'!T:T) -> 0 | R47: =SUMIF('ВООЗ ЕМС'!B:B,B47,'ВООЗ ЕМС'!T:T) -> 0 | S47: =SUMIF('ООН 36'!B:B,B47,'ООН 36'!T:T) -> 0 | T47: =SUMIF('ООН 37'!B:B,B47,'ООН 37'!T:T) -> 0 | U47: =SUMIF('ООН 38'!B:B,B47,'ООН 38'!T:T) -> 0 | V47: =SUMIF(ООН39!B:B,B47,ООН39!T:T) -> 0 | W47: =SUMIF('ООН 40'!B:B,B47,'ООН 40'!T:T) -> 0 | X47: =SUMIF('ООН 43'!B:B,B47,'ООН 43'!T:T) -> 0 | Y47: =SUMIF('ООН 44'!B:B,B47,'ООН 44'!T:T) -> 0 | Z47: =SUMIF('ООН 45'!B:B,B47,'ООН 45'!V:V) -> 0 | AA47: =SUMIF(ООН46!B:B,B47,ООН46!T:T) -> 0 | AB47: =SUMIF(ООН47!B:B,B47,ООН47!T:T) -> 0 | AC47: =SUMIF(ООН48!B:B,B47,ООН48!T:T) -> 0 | AD47: =SUMIF(ООН49!B:B,B47,ООН49!T:T) -> 0 | AE47: =SUMIF(ООн50!B:B,B47,ООн50!T:T) -> 0 | AF47: =SUMIF(ООН51!B:B,B47,ООН51!T:T) -> 0 | AG47: =SUMIF(Форшахта!B:B,B47,Форшахта!T:T) -> 0 | AH47: =SUMIF('ГАлерея 25.6'!B:B,B47,'ГАлерея 25.6'!T:T) -> 0 | AI47: =SUMIF(ГРП!B:B,B47,ГРП!AI:AI) -> 0 | AJ47: =SUMIF('Парк меляси'!B:B,B47,'Парк меляси'!T:T) -> 0 | AK47: =SUMIF('ООН 42'!B:B,B47,'ООН 42'!T:T) -> 0 | AL47: =SUM(K47:AK47)-I47 -> 0 | AM47: =IFERROR($G47/$I47*K47,0) -> 0 | AN47: =IFERROR($G47/$I47*L47,0) -> 6400 | AO47: =IFERROR($G47/$I47*M47,0) -> 0 | AP47: =IFERROR($G47/$I47*N47,0) -> 0 | AQ47: =IFERROR($G47/$I47*O47,0) -> 0 | AR47: =IFERROR($G47/$I47*P47,0) -> 0 | AS47: =IFERROR($G47/$I47*Q47,0) -> 0 | AT47: =IFERROR($G47/$I47*R47,0) -> 0 | ... BM47: =IFERROR($G47/$I47*AK47,0) -> 0 | BN47: =SUM(AM47:BM47) -> 6400 | BO47: =BN47-G47 -> 0
A48: 45 | B48: Ісайкіна Тетяна Іванівна | E48: =I48*J48 -> 18750 | F48: -50 | G48: =IF(ROUND(E48+F48-C48-D48,-2)<0,0,ROUND(E48+F48-C48-D48,-2)) -> 18700 | H48: =E48+F48-G48-C48-D48 -> 0 | I48: =_ЦО!T46+'МХП лазня'!T46+Катеринополь!T46+ВООЗ!T46+Кернел!T46+'Глобино Мк'!T46+'ВООЗ ЕМС'!T46+'ООН 36'!T46+'ООН 37'!T46+'ООН 38'!T46+ООН39!T46+'ООН 40'!T46+'ООН 43'!T46+'ООН 44'!T46+'ООН 45'!V46+ООН46!T46+ООН47!T46+ООН48!T46+ООН49!T46+ООн50!T46+ООН51!T46+Форшахта!T46+'ГАлерея 25.6'!T46+ГРП!AI46+'Парк меляси'!T46+'ООН 42'!T46 -> 125 | J48: 150 | K48: =SUMIF(ИТР!B:B,B48,ИТР!R:R) -> 0 | L48: =SUMIF(_ЦО!$B:$B,B48,_ЦО!T:T) -> 125 | M48: =SUMIF('МХП лазня'!B:B,B48,'МХП лазня'!T:T) -> 0 | N48: =SUMIF(Катеринополь!$B:$B,B48,Катеринополь!$T:$T) -> 0 | O48: =SUMIF(ВООЗ!B:B,B48,ВООЗ!T:T) -> 0 | P48: =SUMIF(Кернел!B:B,B48,Кернел!T:T) -> 0 | Q48: =SUMIF('Глобино Мк'!B:B,B48,'Глобино Мк'!T:T) -> 0 | R48: =SUMIF('ВООЗ ЕМС'!B:B,B48,'ВООЗ ЕМС'!T:T) -> 0 | S48: =SUMIF('ООН 36'!B:B,B48,'ООН 36'!T:T) -> 0 | T48: =SUMIF('ООН 37'!B:B,B48,'ООН 37'!T:T) -> 0 | U48: =SUMIF('ООН 38'!B:B,B48,'ООН 38'!T:T) -> 0 | V48: =SUMIF(ООН39!B:B,B48,ООН39!T:T) -> 0 | W48: =SUMIF('ООН 40'!B:B,B48,'ООН 40'!T:T) -> 0 | X48: =SUMIF('ООН 43'!B:B,B48,'ООН 43'!T:T) -> 0 | Y48: =SUMIF('ООН 44'!B:B,B48,'ООН 44'!T:T) -> 0 | Z48: =SUMIF('ООН 45'!B:B,B48,'ООН 45'!V:V) -> 0 | AA48: =SUMIF(ООН46!B:B,B48,ООН46!T:T) -> 0 | AB48: =SUMIF(ООН47!B:B,B48,ООН47!T:T) -> 0 | AC48: =SUMIF(ООН48!B:B,B48,ООН48!T:T) -> 0 | AD48: =SUMIF(ООН49!B:B,B48,ООН49!T:T) -> 0 | AE48: =SUMIF(ООн50!B:B,B48,ООн50!T:T) -> 0 | AF48: =SUMIF(ООН51!B:B,B48,ООН51!T:T) -> 0 | AG48: =SUMIF(Форшахта!B:B,B48,Форшахта!T:T) -> 0 | AH48: =SUMIF('ГАлерея 25.6'!B:B,B48,'ГАлерея 25.6'!T:T) -> 0 | AI48: =SUMIF(ГРП!B:B,B48,ГРП!AI:AI) -> 0 | AJ48: =SUMIF('Парк меляси'!B:B,B48,'Парк меляси'!T:T) -> 0 | AK48: =SUMIF('ООН 42'!B:B,B48,'ООН 42'!T:T) -> 0 | AL48: =SUM(K48:AK48)-I48 -> 0 | AM48: =IFERROR($G48/$I48*K48,0) -> 0 | AN48: =IFERROR($G48/$I48*L48,0) -> 18700 | AO48: =IFERROR($G48/$I48*M48,0) -> 0 | AP48: =IFERROR($G48/$I48*N48,0) -> 0 | AQ48: =IFERROR($G48/$I48*O48,0) -> 0 | AR48: =IFERROR($G48/$I48*P48,0) -> 0 | AS48: =IFERROR($G48/$I48*Q48,0) -> 0 | AT48: =IFERROR($G48/$I48*R48,0) -> 0 | ... BM48: =IFERROR($G48/$I48*AK48,0) -> 0 | BN48: =SUM(AM48:BM48) -> 18700 | BO48: =BN48-G48 -> 0
A49: 46 | B49: Деркс Сергій Анатолійович | E49: =I49*J49 -> 1650 | F49: -100 | G49: =IF(ROUND(E49+F49-C49-D49,-2)<0,0,ROUND(E49+F49-C49-D49,-2)) -> 1600 | H49: =E49+F49-G49-C49-D49 -> -50 | I49: =_ЦО!T47+'МХП лазня'!T47+Катеринополь!T47+ВООЗ!T47+Кернел!T47+'Глобино Мк'!T47+'ВООЗ ЕМС'!T47+'ООН 36'!T47+'ООН 37'!T47+'ООН 38'!T47+ООН39!T47+'ООН 40'!T47+'ООН 43'!T47+'ООН 44'!T47+'ООН 45'!V47+ООН46!T47+ООН47!T47+ООН48!T47+ООН49!T47+ООн50!T47+ООН51!T47+Форшахта!T47+'ГАлерея 25.6'!T47+ГРП!AI47+'Парк меляси'!T47+'ООН 42'!T47 -> 11 | J49: 150 | K49: =SUMIF(ИТР!B:B,B49,ИТР!R:R) -> 0 | L49: =SUMIF(_ЦО!$B:$B,B49,_ЦО!T:T) -> 0 | M49: =SUMIF('МХП лазня'!B:B,B49,'МХП лазня'!T:T) -> 0 | N49: =SUMIF(Катеринополь!$B:$B,B49,Катеринополь!$T:$T) -> 0 | O49: =SUMIF(ВООЗ!B:B,B49,ВООЗ!T:T) -> 0 | P49: =SUMIF(Кернел!B:B,B49,Кернел!T:T) -> 0 | Q49: =SUMIF('Глобино Мк'!B:B,B49,'Глобино Мк'!T:T) -> 0 | R49: =SUMIF('ВООЗ ЕМС'!B:B,B49,'ВООЗ ЕМС'!T:T) -> 0 | S49: =SUMIF('ООН 36'!B:B,B49,'ООН 36'!T:T) -> 0 | T49: =SUMIF('ООН 37'!B:B,B49,'ООН 37'!T:T) -> 0 | U49: =SUMIF('ООН 38'!B:B,B49,'ООН 38'!T:T) -> 0 | V49: =SUMIF(ООН39!B:B,B49,ООН39!T:T) -> 0 | W49: =SUMIF('ООН 40'!B:B,B49,'ООН 40'!T:T) -> 0 | X49: =SUMIF('ООН 43'!B:B,B49,'ООН 43'!T:T) -> 0 | Y49: =SUMIF('ООН 44'!B:B,B49,'ООН 44'!T:T) -> 0 | Z49: =SUMIF('ООН 45'!B:B,B49,'ООН 45'!V:V) -> 0 | AA49: =SUMIF(ООН46!B:B,B49,ООН46!T:T) -> 0 | AB49: =SUMIF(ООН47!B:B,B49,ООН47!T:T) -> 0 | AC49: =SUMIF(ООН48!B:B,B49,ООН48!T:T) -> 0 | AD49: =SUMIF(ООН49!B:B,B49,ООН49!T:T) -> 0 | AE49: =SUMIF(ООн50!B:B,B49,ООн50!T:T) -> 0 | AF49: =SUMIF(ООН51!B:B,B49,ООН51!T:T) -> 0 | AG49: =SUMIF(Форшахта!B:B,B49,Форшахта!T:T) -> 0 | AH49: =SUMIF('ГАлерея 25.6'!B:B,B49,'ГАлерея 25.6'!T:T) -> 0 | AI49: =SUMIF(ГРП!B:B,B49,ГРП!AI:AI) -> 11 | AJ49: =SUMIF('Парк меляси'!B:B,B49,'Парк меляси'!T:T) -> 0 | AK49: =SUMIF('ООН 42'!B:B,B49,'ООН 42'!T:T) -> 0 | AL49: =SUM(K49:AK49)-I49 -> 0 | AM49: =IFERROR($G49/$I49*K49,0) -> 0 | AN49: =IFERROR($G49/$I49*L49,0) -> 0 | AO49: =IFERROR($G49/$I49*M49,0) -> 0 | AP49: =IFERROR($G49/$I49*N49,0) -> 0 | AQ49: =IFERROR($G49/$I49*O49,0) -> 0 | AR49: =IFERROR($G49/$I49*P49,0) -> 0 | AS49: =IFERROR($G49/$I49*Q49,0) -> 0 | AT49: =IFERROR($G49/$I49*R49,0) -> 0 | ... BM49: =IFERROR($G49/$I49*AK49,0) -> 0 | BN49: =SUM(AM49:BM49) -> 1600 | BO49: =BN49-G49 -> 0
A50: 47 | B50: Гусаков Роман Давидович | E50: =I50*J50 -> 3300 | F50: -50 | G50: =IF(ROUND(E50+F50-C50-D50,-2)<0,0,ROUND(E50+F50-C50-D50,-2)) -> 3300 | H50: =E50+F50-G50-C50-D50 -> -50 | I50: =_ЦО!T48+'МХП лазня'!T48+Катеринополь!T48+ВООЗ!T48+Кернел!T48+'Глобино Мк'!T48+'ВООЗ ЕМС'!T48+'ООН 36'!T48+'ООН 37'!T48+'ООН 38'!T48+ООН39!T48+'ООН 40'!T48+'ООН 43'!T48+'ООН 44'!T48+'ООН 45'!V48+ООН46!T48+ООН47!T48+ООН48!T48+ООН49!T48+ООн50!T48+ООН51!T48+Форшахта!T48+'ГАлерея 25.6'!T48+ГРП!AI48+'Парк меляси'!T48+'ООН 42'!T48 -> 22 | J50: 150 | K50: =SUMIF(ИТР!B:B,B50,ИТР!R:R) -> 0 | L50: =SUMIF(_ЦО!$B:$B,B50,_ЦО!T:T) -> 0 | M50: =SUMIF('МХП лазня'!B:B,B50,'МХП лазня'!T:T) -> 0 | N50: =SUMIF(Катеринополь!$B:$B,B50,Катеринополь!$T:$T) -> 0 | O50: =SUMIF(ВООЗ!B:B,B50,ВООЗ!T:T) -> 0 | P50: =SUMIF(Кернел!B:B,B50,Кернел!T:T) -> 0 | Q50: =SUMIF('Глобино Мк'!B:B,B50,'Глобино Мк'!T:T) -> 0 | R50: =SUMIF('ВООЗ ЕМС'!B:B,B50,'ВООЗ ЕМС'!T:T) -> 0 | S50: =SUMIF('ООН 36'!B:B,B50,'ООН 36'!T:T) -> 0 | T50: =SUMIF('ООН 37'!B:B,B50,'ООН 37'!T:T) -> 0 | U50: =SUMIF('ООН 38'!B:B,B50,'ООН 38'!T:T) -> 0 | V50: =SUMIF(ООН39!B:B,B50,ООН39!T:T) -> 0 | W50: =SUMIF('ООН 40'!B:B,B50,'ООН 40'!T:T) -> 0 | X50: =SUMIF('ООН 43'!B:B,B50,'ООН 43'!T:T) -> 0 | Y50: =SUMIF('ООН 44'!B:B,B50,'ООН 44'!T:T) -> 0 | Z50: =SUMIF('ООН 45'!B:B,B50,'ООН 45'!V:V) -> 0 | AA50: =SUMIF(ООН46!B:B,B50,ООН46!T:T) -> 0 | AB50: =SUMIF(ООН47!B:B,B50,ООН47!T:T) -> 0 | AC50: =SUMIF(ООН48!B:B,B50,ООН48!T:T) -> 22 | AD50: =SUMIF(ООН49!B:B,B50,ООН49!T:T) -> 0 | AE50: =SUMIF(ООн50!B:B,B50,ООн50!T:T) -> 0 | AF50: =SUMIF(ООН51!B:B,B50,ООН51!T:T) -> 0 | AG50: =SUMIF(Форшахта!B:B,B50,Форшахта!T:T) -> 0 | AH50: =SUMIF('ГАлерея 25.6'!B:B,B50,'ГАлерея 25.6'!T:T) -> 0 | AI50: =SUMIF(ГРП!B:B,B50,ГРП!AI:AI) -> 0 | AJ50: =SUMIF('Парк меляси'!B:B,B50,'Парк меляси'!T:T) -> 0 | AK50: =SUMIF('ООН 42'!B:B,B50,'ООН 42'!T:T) -> 0 | AL50: =SUM(K50:AK50)-I50 -> 0 | AM50: =IFERROR($G50/$I50*K50,0) -> 0 | AN50: =IFERROR($G50/$I50*L50,0) -> 0 | AO50: =IFERROR($G50/$I50*M50,0) -> 0 | AP50: =IFERROR($G50/$I50*N50,0) -> 0 | AQ50: =IFERROR($G50/$I50*O50,0) -> 0 | AR50: =IFERROR($G50/$I50*P50,0) -> 0 | AS50: =IFERROR($G50/$I50*Q50,0) -> 0 | AT50: =IFERROR($G50/$I50*R50,0) -> 0 | ... BM50: =IFERROR($G50/$I50*AK50,0) -> 0 | BN50: =SUM(AM50:BM50) -> 3300 | BO50: =BN50-G50 -> 0
A51: 48 | B51: Гусаков Давид Давидович | E51: =I51*J51 -> 3300 | F51: -50 | G51: =IF(ROUND(E51+F51-C51-D51,-2)<0,0,ROUND(E51+F51-C51-D51,-2)) -> 3300 | H51: =E51+F51-G51-C51-D51 -> -50 | I51: =_ЦО!T49+'МХП лазня'!T49+Катеринополь!T49+ВООЗ!T49+Кернел!T49+'Глобино Мк'!T49+'ВООЗ ЕМС'!T49+'ООН 36'!T49+'ООН 37'!T49+'ООН 38'!T49+ООН39!T49+'ООН 40'!T49+'ООН 43'!T49+'ООН 44'!T49+'ООН 45'!V49+ООН46!T49+ООН47!T49+ООН48!T49+ООН49!T49+ООн50!T49+ООН51!T49+Форшахта!T49+'ГАлерея 25.6'!T49+ГРП!AI49+'Парк меляси'!T49+'ООН 42'!T49 -> 22 | J51: 150 | K51: =SUMIF(ИТР!B:B,B51,ИТР!R:R) -> 0 | L51: =SUMIF(_ЦО!$B:$B,B51,_ЦО!T:T) -> 0 | M51: =SUMIF('МХП лазня'!B:B,B51,'МХП лазня'!T:T) -> 0 | N51: =SUMIF(Катеринополь!$B:$B,B51,Катеринополь!$T:$T) -> 0 | O51: =SUMIF(ВООЗ!B:B,B51,ВООЗ!T:T) -> 0 | P51: =SUMIF(Кернел!B:B,B51,Кернел!T:T) -> 0 | Q51: =SUMIF('Глобино Мк'!B:B,B51,'Глобино Мк'!T:T) -> 0 | R51: =SUMIF('ВООЗ ЕМС'!B:B,B51,'ВООЗ ЕМС'!T:T) -> 0 | S51: =SUMIF('ООН 36'!B:B,B51,'ООН 36'!T:T) -> 0 | T51: =SUMIF('ООН 37'!B:B,B51,'ООН 37'!T:T) -> 0 | U51: =SUMIF('ООН 38'!B:B,B51,'ООН 38'!T:T) -> 0 | V51: =SUMIF(ООН39!B:B,B51,ООН39!T:T) -> 0 | W51: =SUMIF('ООН 40'!B:B,B51,'ООН 40'!T:T) -> 0 | X51: =SUMIF('ООН 43'!B:B,B51,'ООН 43'!T:T) -> 0 | Y51: =SUMIF('ООН 44'!B:B,B51,'ООН 44'!T:T) -> 0 | Z51: =SUMIF('ООН 45'!B:B,B51,'ООН 45'!V:V) -> 0 | AA51: =SUMIF(ООН46!B:B,B51,ООН46!T:T) -> 0 | AB51: =SUMIF(ООН47!B:B,B51,ООН47!T:T) -> 0 | AC51: =SUMIF(ООН48!B:B,B51,ООН48!T:T) -> 22 | AD51: =SUMIF(ООН49!B:B,B51,ООН49!T:T) -> 0 | AE51: =SUMIF(ООн50!B:B,B51,ООн50!T:T) -> 0 | AF51: =SUMIF(ООН51!B:B,B51,ООН51!T:T) -> 0 | AG51: =SUMIF(Форшахта!B:B,B51,Форшахта!T:T) -> 0 | AH51: =SUMIF('ГАлерея 25.6'!B:B,B51,'ГАлерея 25.6'!T:T) -> 0 | AI51: =SUMIF(ГРП!B:B,B51,ГРП!AI:AI) -> 0 | AJ51: =SUMIF('Парк меляси'!B:B,B51,'Парк меляси'!T:T) -> 0 | AK51: =SUMIF('ООН 42'!B:B,B51,'ООН 42'!T:T) -> 0 | AL51: =SUM(K51:AK51)-I51 -> 0 | AM51: =IFERROR($G51/$I51*K51,0) -> 0 | AN51: =IFERROR($G51/$I51*L51,0) -> 0 | AO51: =IFERROR($G51/$I51*M51,0) -> 0 | AP51: =IFERROR($G51/$I51*N51,0) -> 0 | AQ51: =IFERROR($G51/$I51*O51,0) -> 0 | AR51: =IFERROR($G51/$I51*P51,0) -> 0 | AS51: =IFERROR($G51/$I51*Q51,0) -> 0 | AT51: =IFERROR($G51/$I51*R51,0) -> 0 | ... BM51: =IFERROR($G51/$I51*AK51,0) -> 0 | BN51: =SUM(AM51:BM51) -> 3300 | BO51: =BN51-G51 -> 0
A52: 49 | B52: Тужиков Артем Денисович | E52: =I52*J52 -> 9750 | F52: -50 | G52: =IF(ROUND(E52+F52-C52-D52,-2)<0,0,ROUND(E52+F52-C52-D52,-2)) -> 9700 | H52: =E52+F52-G52-C52-D52 -> 0 | I52: =_ЦО!T50+'МХП лазня'!T50+Катеринополь!T50+ВООЗ!T50+Кернел!T50+'Глобино Мк'!T50+'ВООЗ ЕМС'!T50+'ООН 36'!T50+'ООН 37'!T50+'ООН 38'!T50+ООН39!T50+'ООН 40'!T50+'ООН 43'!T50+'ООН 44'!T50+'ООН 45'!V50+ООН46!T50+ООН47!T50+ООН48!T50+ООН49!T50+ООн50!T50+ООН51!T50+Форшахта!T50+'ГАлерея 25.6'!T50+ГРП!AI50+'Парк меляси'!T50+'ООН 42'!T50 -> 65 | J52: 150 | K52: =SUMIF(ИТР!B:B,B52,ИТР!R:R) -> 0 | L52: =SUMIF(_ЦО!$B:$B,B52,_ЦО!T:T) -> 0 | M52: =SUMIF('МХП лазня'!B:B,B52,'МХП лазня'!T:T) -> 0 | N52: =SUMIF(Катеринополь!$B:$B,B52,Катеринополь!$T:$T) -> 0 | O52: =SUMIF(ВООЗ!B:B,B52,ВООЗ!T:T) -> 0 | P52: =SUMIF(Кернел!B:B,B52,Кернел!T:T) -> 0 | Q52: =SUMIF('Глобино Мк'!B:B,B52,'Глобино Мк'!T:T) -> 0 | R52: =SUMIF('ВООЗ ЕМС'!B:B,B52,'ВООЗ ЕМС'!T:T) -> 0 | S52: =SUMIF('ООН 36'!B:B,B52,'ООН 36'!T:T) -> 0 | T52: =SUMIF('ООН 37'!B:B,B52,'ООН 37'!T:T) -> 0 | U52: =SUMIF('ООН 38'!B:B,B52,'ООН 38'!T:T) -> 0 | V52: =SUMIF(ООН39!B:B,B52,ООН39!T:T) -> 0 | W52: =SUMIF('ООН 40'!B:B,B52,'ООН 40'!T:T) -> 0 | X52: =SUMIF('ООН 43'!B:B,B52,'ООН 43'!T:T) -> 0 | Y52: =SUMIF('ООН 44'!B:B,B52,'ООН 44'!T:T) -> 0 | Z52: =SUMIF('ООН 45'!B:B,B52,'ООН 45'!V:V) -> 0 | AA52: =SUMIF(ООН46!B:B,B52,ООН46!T:T) -> 11 | AB52: =SUMIF(ООН47!B:B,B52,ООН47!T:T) -> 15 | AC52: =SUMIF(ООН48!B:B,B52,ООН48!T:T) -> 39 | AD52: =SUMIF(ООН49!B:B,B52,ООН49!T:T) -> 0 | AE52: =SUMIF(ООн50!B:B,B52,ООн50!T:T) -> 0 | AF52: =SUMIF(ООН51!B:B,B52,ООН51!T:T) -> 0 | AG52: =SUMIF(Форшахта!B:B,B52,Форшахта!T:T) -> 0 | AH52: =SUMIF('ГАлерея 25.6'!B:B,B52,'ГАлерея 25.6'!T:T) -> 0 | AI52: =SUMIF(ГРП!B:B,B52,ГРП!AI:AI) -> 0 | AJ52: =SUMIF('Парк меляси'!B:B,B52,'Парк меляси'!T:T) -> 0 | AK52: =SUMIF('ООН 42'!B:B,B52,'ООН 42'!T:T) -> 0 | AL52: =SUM(K52:AK52)-I52 -> 0 | AM52: =IFERROR($G52/$I52*K52,0) -> 0 | AN52: =IFERROR($G52/$I52*L52,0) -> 0 | AO52: =IFERROR($G52/$I52*M52,0) -> 0 | AP52: =IFERROR($G52/$I52*N52,0) -> 0 | AQ52: =IFERROR($G52/$I52*O52,0) -> 0 | AR52: =IFERROR($G52/$I52*P52,0) -> 0 | AS52: =IFERROR($G52/$I52*Q52,0) -> 0 | AT52: =IFERROR($G52/$I52*R52,0) -> 0 | ... BM52: =IFERROR($G52/$I52*AK52,0) -> 0 | BN52: =SUM(AM52:BM52) -> 9700 | BO52: =BN52-G52 -> 0
A53: 50 | B53: Ластовка Андрій Михайлович | E53: =I53*J53 -> 0 | F53: 0 | G53: =IF(ROUND(E53+F53-C53-D53,-2)<0,0,ROUND(E53+F53-C53-D53,-2)) -> 0 | H53: =E53+F53-G53-C53-D53 -> 0 | I53: =_ЦО!T51+'МХП лазня'!T51+Катеринополь!T51+ВООЗ!T51+Кернел!T51+'Глобино Мк'!T51+'ВООЗ ЕМС'!T51+'ООН 36'!T51+'ООН 37'!T51+'ООН 38'!T51+ООН39!T51+'ООН 40'!T51+'ООН 43'!T51+'ООН 44'!T51+'ООН 45'!V51+ООН46!T51+ООН47!T51+ООН48!T51+ООН49!T51+ООн50!T51+ООН51!T51+Форшахта!T51+'ГАлерея 25.6'!T51+ГРП!AI51+'Парк меляси'!T51+'ООН 42'!T51 -> 0 | J53: 150 | K53: =SUMIF(ИТР!B:B,B53,ИТР!R:R) -> 0 | L53: =SUMIF(_ЦО!$B:$B,B53,_ЦО!T:T) -> 0 | M53: =SUMIF('МХП лазня'!B:B,B53,'МХП лазня'!T:T) -> 0 | N53: =SUMIF(Катеринополь!$B:$B,B53,Катеринополь!$T:$T) -> 0 | O53: =SUMIF(ВООЗ!B:B,B53,ВООЗ!T:T) -> 0 | P53: =SUMIF(Кернел!B:B,B53,Кернел!T:T) -> 0 | Q53: =SUMIF('Глобино Мк'!B:B,B53,'Глобино Мк'!T:T) -> 0 | R53: =SUMIF('ВООЗ ЕМС'!B:B,B53,'ВООЗ ЕМС'!T:T) -> 0 | S53: =SUMIF('ООН 36'!B:B,B53,'ООН 36'!T:T) -> 0 | T53: =SUMIF('ООН 37'!B:B,B53,'ООН 37'!T:T) -> 0 | U53: =SUMIF('ООН 38'!B:B,B53,'ООН 38'!T:T) -> 0 | V53: =SUMIF(ООН39!B:B,B53,ООН39!T:T) -> 0 | W53: =SUMIF('ООН 40'!B:B,B53,'ООН 40'!T:T) -> 0 | X53: =SUMIF('ООН 43'!B:B,B53,'ООН 43'!T:T) -> 0 | Y53: =SUMIF('ООН 44'!B:B,B53,'ООН 44'!T:T) -> 0 | Z53: =SUMIF('ООН 45'!B:B,B53,'ООН 45'!V:V) -> 0 | AA53: =SUMIF(ООН46!B:B,B53,ООН46!T:T) -> 0 | AB53: =SUMIF(ООН47!B:B,B53,ООН47!T:T) -> 0 | AC53: =SUMIF(ООН48!B:B,B53,ООН48!T:T) -> 0 | AD53: =SUMIF(ООН49!B:B,B53,ООН49!T:T) -> 0 | AE53: =SUMIF(ООн50!B:B,B53,ООн50!T:T) -> 0 | AF53: =SUMIF(ООН51!B:B,B53,ООН51!T:T) -> 0 | AG53: =SUMIF(Форшахта!B:B,B53,Форшахта!T:T) -> 0 | AH53: =SUMIF('ГАлерея 25.6'!B:B,B53,'ГАлерея 25.6'!T:T) -> 0 | AI53: =SUMIF(ГРП!B:B,B53,ГРП!AI:AI) -> 0 | AJ53: =SUMIF('Парк меляси'!B:B,B53,'Парк меляси'!T:T) -> 0 | AK53: =SUMIF('ООН 42'!B:B,B53,'ООН 42'!T:T) -> 0 | AL53: =SUM(K53:AK53)-I53 -> 0 | AM53: =IFERROR($G53/$I53*K53,0) -> 0 | AN53: =IFERROR($G53/$I53*L53,0) -> 0 | AO53: =IFERROR($G53/$I53*M53,0) -> 0 | AP53: =IFERROR($G53/$I53*N53,0) -> 0 | AQ53: =IFERROR($G53/$I53*O53,0) -> 0 | AR53: =IFERROR($G53/$I53*P53,0) -> 0 | AS53: =IFERROR($G53/$I53*Q53,0) -> 0 | AT53: =IFERROR($G53/$I53*R53,0) -> 0 | ... BM53: =IFERROR($G53/$I53*AK53,0) -> 0 | BN53: =SUM(AM53:BM53) -> 0 | BO53: =BN53-G53 -> 0
A54: 51 | B54: Шомін Вадим Сергійович | D54: 3927 | E54: =I54*J54 -> 22200 | F54: -48.99 | G54: =IF(ROUND(E54+F54-C54-D54,-2)<0,0,ROUND(E54+F54-C54-D54,-2)) -> 18200 | H54: =E54+F54-G54-C54-D54 -> 24.01 | I54: =_ЦО!T52+'МХП лазня'!T52+Катеринополь!T52+ВООЗ!T52+Кернел!T52+'Глобино Мк'!T52+'ВООЗ ЕМС'!T52+'ООН 36'!T52+'ООН 37'!T52+'ООН 38'!T52+ООН39!T52+'ООН 40'!T52+'ООН 43'!T52+'ООН 44'!T52+'ООН 45'!V52+ООН46!T52+ООН47!T52+ООН48!T52+ООН49!T52+ООн50!T52+ООН51!T52+Форшахта!T52+'ГАлерея 25.6'!T52+ГРП!AI52+'Парк меляси'!T52+'ООН 42'!T52 -> 148 | J54: 150 | K54: =SUMIF(ИТР!B:B,B54,ИТР!R:R) -> 0 | L54: =SUMIF(_ЦО!$B:$B,B54,_ЦО!T:T) -> 0 | M54: =SUMIF('МХП лазня'!B:B,B54,'МХП лазня'!T:T) -> 0 | N54: =SUMIF(Катеринополь!$B:$B,B54,Катеринополь!$T:$T) -> 0 | O54: =SUMIF(ВООЗ!B:B,B54,ВООЗ!T:T) -> 0 | P54: =SUMIF(Кернел!B:B,B54,Кернел!T:T) -> 0 | Q54: =SUMIF('Глобино Мк'!B:B,B54,'Глобино Мк'!T:T) -> 39 | R54: =SUMIF('ВООЗ ЕМС'!B:B,B54,'ВООЗ ЕМС'!T:T) -> 0 | S54: =SUMIF('ООН 36'!B:B,B54,'ООН 36'!T:T) -> 0 | T54: =SUMIF('ООН 37'!B:B,B54,'ООН 37'!T:T) -> 0 | U54: =SUMIF('ООН 38'!B:B,B54,'ООН 38'!T:T) -> 0 | V54: =SUMIF(ООН39!B:B,B54,ООН39!T:T) -> 0 | W54: =SUMIF('ООН 40'!B:B,B54,'ООН 40'!T:T) -> 0 | X54: =SUMIF('ООН 43'!B:B,B54,'ООН 43'!T:T) -> 0 | Y54: =SUMIF('ООН 44'!B:B,B54,'ООН 44'!T:T) -> 0 | Z54: =SUMIF('ООН 45'!B:B,B54,'ООН 45'!V:V) -> 0 | AA54: =SUMIF(ООН46!B:B,B54,ООН46!T:T) -> 0 | AB54: =SUMIF(ООН47!B:B,B54,ООН47!T:T) -> 0 | AC54: =SUMIF(ООН48!B:B,B54,ООН48!T:T) -> 0 | AD54: =SUMIF(ООН49!B:B,B54,ООН49!T:T) -> 0 | AE54: =SUMIF(ООн50!B:B,B54,ООн50!T:T) -> 0 | AF54: =SUMIF(ООН51!B:B,B54,ООН51!T:T) -> 0 | AG54: =SUMIF(Форшахта!B:B,B54,Форшахта!T:T) -> 22 | AH54: =SUMIF('ГАлерея 25.6'!B:B,B54,'ГАлерея 25.6'!T:T) -> 0 | AI54: =SUMIF(ГРП!B:B,B54,ГРП!AI:AI) -> 39 | AJ54: =SUMIF('Парк меляси'!B:B,B54,'Парк меляси'!T:T) -> 48 | AK54: =SUMIF('ООН 42'!B:B,B54,'ООН 42'!T:T) -> 0 | AL54: =SUM(K54:AK54)-I54 -> 0 | AM54: =IFERROR($G54/$I54*K54,0) -> 0 | AN54: =IFERROR($G54/$I54*L54,0) -> 0 | AO54: =IFERROR($G54/$I54*M54,0) -> 0 | AP54: =IFERROR($G54/$I54*N54,0) -> 0 | AQ54: =IFERROR($G54/$I54*O54,0) -> 0 | AR54: =IFERROR($G54/$I54*P54,0) -> 0 | AS54: =IFERROR($G54/$I54*Q54,0) -> 4795.9459 | AT54: =IFERROR($G54/$I54*R54,0) -> 0 | ... BM54: =IFERROR($G54/$I54*AK54,0) -> 0 | BN54: =SUM(AM54:BM54) -> 18200 | BO54: =BN54-G54 -> 0
A55: 52 | B55: Дзюба Едуард Іванович | D55: 3927 | E55: =I55*J55 -> 23400 | F55: 19 | G55: =IF(ROUND(E55+F55-C55-D55,-2)<0,0,ROUND(E55+F55-C55-D55,-2)) -> 19500 | H55: =E55+F55-G55-C55-D55 -> -8 | I55: =_ЦО!T53+'МХП лазня'!T53+Катеринополь!T53+ВООЗ!T53+Кернел!T53+'Глобино Мк'!T53+'ВООЗ ЕМС'!T53+'ООН 36'!T53+'ООН 37'!T53+'ООН 38'!T53+ООН39!T53+'ООН 40'!T53+'ООН 43'!T53+'ООН 44'!T53+'ООН 45'!V53+ООН46!T53+ООН47!T53+ООН48!T53+ООН49!T53+ООн50!T53+ООН51!T53+Форшахта!T53+'ГАлерея 25.6'!T53+ГРП!AI53+'Парк меляси'!T53+'ООН 42'!T53 -> 156 | J55: 150 | K55: =SUMIF(ИТР!B:B,B55,ИТР!R:R) -> 0 | L55: =SUMIF(_ЦО!$B:$B,B55,_ЦО!T:T) -> 0 | M55: =SUMIF('МХП лазня'!B:B,B55,'МХП лазня'!T:T) -> 0 | N55: =SUMIF(Катеринополь!$B:$B,B55,Катеринополь!$T:$T) -> 12 | O55: =SUMIF(ВООЗ!B:B,B55,ВООЗ!T:T) -> 0 | P55: =SUMIF(Кернел!B:B,B55,Кернел!T:T) -> 0 | Q55: =SUMIF('Глобино Мк'!B:B,B55,'Глобино Мк'!T:T) -> 20 | R55: =SUMIF('ВООЗ ЕМС'!B:B,B55,'ВООЗ ЕМС'!T:T) -> 0 | S55: =SUMIF('ООН 36'!B:B,B55,'ООН 36'!T:T) -> 0 | T55: =SUMIF('ООН 37'!B:B,B55,'ООН 37'!T:T) -> 0 | U55: =SUMIF('ООН 38'!B:B,B55,'ООН 38'!T:T) -> 0 | V55: =SUMIF(ООН39!B:B,B55,ООН39!T:T) -> 0 | W55: =SUMIF('ООН 40'!B:B,B55,'ООН 40'!T:T) -> 0 | X55: =SUMIF('ООН 43'!B:B,B55,'ООН 43'!T:T) -> 0 | Y55: =SUMIF('ООН 44'!B:B,B55,'ООН 44'!T:T) -> 0 | Z55: =SUMIF('ООН 45'!B:B,B55,'ООН 45'!V:V) -> 0 | AA55: =SUMIF(ООН46!B:B,B55,ООН46!T:T) -> 0 | AB55: =SUMIF(ООН47!B:B,B55,ООН47!T:T) -> 24 | AC55: =SUMIF(ООН48!B:B,B55,ООН48!T:T) -> 0 | AD55: =SUMIF(ООН49!B:B,B55,ООН49!T:T) -> 12 | AE55: =SUMIF(ООн50!B:B,B55,ООн50!T:T) -> 0 | AF55: =SUMIF(ООН51!B:B,B55,ООН51!T:T) -> 0 | AG55: =SUMIF(Форшахта!B:B,B55,Форшахта!T:T) -> 12 | AH55: =SUMIF('ГАлерея 25.6'!B:B,B55,'ГАлерея 25.6'!T:T) -> 0 | AI55: =SUMIF(ГРП!B:B,B55,ГРП!AI:AI) -> 20 | AJ55: =SUMIF('Парк меляси'!B:B,B55,'Парк меляси'!T:T) -> 56 | AK55: =SUMIF('ООН 42'!B:B,B55,'ООН 42'!T:T) -> 0 | AL55: =SUM(K55:AK55)-I55 -> 0 | AM55: =IFERROR($G55/$I55*K55,0) -> 0 | AN55: =IFERROR($G55/$I55*L55,0) -> 0 | AO55: =IFERROR($G55/$I55*M55,0) -> 0 | AP55: =IFERROR($G55/$I55*N55,0) -> 1500 | AQ55: =IFERROR($G55/$I55*O55,0) -> 0 | AR55: =IFERROR($G55/$I55*P55,0) -> 0 | AS55: =IFERROR($G55/$I55*Q55,0) -> 2500 | AT55: =IFERROR($G55/$I55*R55,0) -> 0 | ... BM55: =IFERROR($G55/$I55*AK55,0) -> 0 | BN55: =SUM(AM55:BM55) -> 19500 | BO55: =BN55-G55 -> 0
A56: 53 | B56: Туркевич Дмитро Миколайович | E56: =I56*J56 -> 8400 | F56: 0 | G56: =IF(ROUND(E56+F56-C56-D56,-2)<0,0,ROUND(E56+F56-C56-D56,-2)) -> 8400 | H56: =E56+F56-G56-C56-D56 -> 0 | I56: =_ЦО!T54+'МХП лазня'!T54+Катеринополь!T54+ВООЗ!T54+Кернел!T54+'Глобино Мк'!T54+'ВООЗ ЕМС'!T54+'ООН 36'!T54+'ООН 37'!T54+'ООН 38'!T54+ООН39!T54+'ООН 40'!T54+'ООН 43'!T54+'ООН 44'!T54+'ООН 45'!V54+ООН46!T54+ООН47!T54+ООН48!T54+ООН49!T54+ООн50!T54+ООН51!T54+Форшахта!T54+'ГАлерея 25.6'!T54+ГРП!AI54+'Парк меляси'!T54+'ООН 42'!T54 -> 56 | J56: 150 | K56: =SUMIF(ИТР!B:B,B56,ИТР!R:R) -> 0 | L56: =SUMIF(_ЦО!$B:$B,B56,_ЦО!T:T) -> 0 | M56: =SUMIF('МХП лазня'!B:B,B56,'МХП лазня'!T:T) -> 0 | N56: =SUMIF(Катеринополь!$B:$B,B56,Катеринополь!$T:$T) -> 0 | O56: =SUMIF(ВООЗ!B:B,B56,ВООЗ!T:T) -> 0 | P56: =SUMIF(Кернел!B:B,B56,Кернел!T:T) -> 0 | Q56: =SUMIF('Глобино Мк'!B:B,B56,'Глобино Мк'!T:T) -> 0 | R56: =SUMIF('ВООЗ ЕМС'!B:B,B56,'ВООЗ ЕМС'!T:T) -> 0 | S56: =SUMIF('ООН 36'!B:B,B56,'ООН 36'!T:T) -> 0 | T56: =SUMIF('ООН 37'!B:B,B56,'ООН 37'!T:T) -> 0 | U56: =SUMIF('ООН 38'!B:B,B56,'ООН 38'!T:T) -> 0 | V56: =SUMIF(ООН39!B:B,B56,ООН39!T:T) -> 0 | W56: =SUMIF('ООН 40'!B:B,B56,'ООН 40'!T:T) -> 0 | X56: =SUMIF('ООН 43'!B:B,B56,'ООН 43'!T:T) -> 0 | Y56: =SUMIF('ООН 44'!B:B,B56,'ООН 44'!T:T) -> 0 | Z56: =SUMIF('ООН 45'!B:B,B56,'ООН 45'!V:V) -> 11 | AA56: =SUMIF(ООН46!B:B,B56,ООН46!T:T) -> 0 | AB56: =SUMIF(ООН47!B:B,B56,ООН47!T:T) -> 22 | AC56: =SUMIF(ООН48!B:B,B56,ООН48!T:T) -> 11 | AD56: =SUMIF(ООН49!B:B,B56,ООН49!T:T) -> 0 | AE56: =SUMIF(ООн50!B:B,B56,ООн50!T:T) -> 0 | AF56: =SUMIF(ООН51!B:B,B56,ООН51!T:T) -> 0 | AG56: =SUMIF(Форшахта!B:B,B56,Форшахта!T:T) -> 0 | AH56: =SUMIF('ГАлерея 25.6'!B:B,B56,'ГАлерея 25.6'!T:T) -> 0 | AI56: =SUMIF(ГРП!B:B,B56,ГРП!AI:AI) -> 0 | AJ56: =SUMIF('Парк меляси'!B:B,B56,'Парк меляси'!T:T) -> 12 | AK56: =SUMIF('ООН 42'!B:B,B56,'ООН 42'!T:T) -> 0 | AL56: =SUM(K56:AK56)-I56 -> 0 | AM56: =IFERROR($G56/$I56*K56,0) -> 0 | AN56: =IFERROR($G56/$I56*L56,0) -> 0 | AO56: =IFERROR($G56/$I56*M56,0) -> 0 | AP56: =IFERROR($G56/$I56*N56,0) -> 0 | AQ56: =IFERROR($G56/$I56*O56,0) -> 0 | AR56: =IFERROR($G56/$I56*P56,0) -> 0 | AS56: =IFERROR($G56/$I56*Q56,0) -> 0 | AT56: =IFERROR($G56/$I56*R56,0) -> 0 | ... BM56: =IFERROR($G56/$I56*AK56,0) -> 0 | BN56: =SUM(AM56:BM56) -> 8400 | BO56: =BN56-G56 -> 0
A57: 54 | B57: Петров Михайло Олександрович | D57: 9625 | E57: =I57*J57 -> 19050 | F57: -25 | G57: =IF(ROUND(E57+F57-C57-D57,-2)<0,0,ROUND(E57+F57-C57-D57,-2)) -> 9400 | H57: =E57+F57-G57-C57-D57 -> 0 | I57: =_ЦО!T55+'МХП лазня'!T55+Катеринополь!T55+ВООЗ!T55+Кернел!T55+'Глобино Мк'!T55+'ВООЗ ЕМС'!T55+'ООН 36'!T55+'ООН 37'!T55+'ООН 38'!T55+ООН39!T55+'ООН 40'!T55+'ООН 43'!T55+'ООН 44'!T55+'ООН 45'!V55+ООН46!T55+ООН47!T55+ООН48!T55+ООН49!T55+ООн50!T55+ООН51!T55+Форшахта!T55+'ГАлерея 25.6'!T55+ГРП!AI55+'Парк меляси'!T55+'ООН 42'!T55 -> 127 | J57: 150 | K57: =SUMIF(ИТР!B:B,B57,ИТР!R:R) -> 0 | L57: =SUMIF(_ЦО!$B:$B,B57,_ЦО!T:T) -> 0 | M57: =SUMIF('МХП лазня'!B:B,B57,'МХП лазня'!T:T) -> 83 | N57: =SUMIF(Катеринополь!$B:$B,B57,Катеринополь!$T:$T) -> 0 | O57: =SUMIF(ВООЗ!B:B,B57,ВООЗ!T:T) -> 0 | P57: =SUMIF(Кернел!B:B,B57,Кернел!T:T) -> 0 | Q57: =SUMIF('Глобино Мк'!B:B,B57,'Глобино Мк'!T:T) -> 0 | R57: =SUMIF('ВООЗ ЕМС'!B:B,B57,'ВООЗ ЕМС'!T:T) -> 0 | S57: =SUMIF('ООН 36'!B:B,B57,'ООН 36'!T:T) -> 0 | T57: =SUMIF('ООН 37'!B:B,B57,'ООН 37'!T:T) -> 0 | U57: =SUMIF('ООН 38'!B:B,B57,'ООН 38'!T:T) -> 0 | V57: =SUMIF(ООН39!B:B,B57,ООН39!T:T) -> 0 | W57: =SUMIF('ООН 40'!B:B,B57,'ООН 40'!T:T) -> 0 | X57: =SUMIF('ООН 43'!B:B,B57,'ООН 43'!T:T) -> 0 | Y57: =SUMIF('ООН 44'!B:B,B57,'ООН 44'!T:T) -> 11 | Z57: =SUMIF('ООН 45'!B:B,B57,'ООН 45'!V:V) -> 33 | AA57: =SUMIF(ООН46!B:B,B57,ООН46!T:T) -> 0 | AB57: =SUMIF(ООН47!B:B,B57,ООН47!T:T) -> 0 | AC57: =SUMIF(ООН48!B:B,B57,ООН48!T:T) -> 0 | AD57: =SUMIF(ООН49!B:B,B57,ООН49!T:T) -> 0 | AE57: =SUMIF(ООн50!B:B,B57,ООн50!T:T) -> 0 | AF57: =SUMIF(ООН51!B:B,B57,ООН51!T:T) -> 0 | AG57: =SUMIF(Форшахта!B:B,B57,Форшахта!T:T) -> 0 | AH57: =SUMIF('ГАлерея 25.6'!B:B,B57,'ГАлерея 25.6'!T:T) -> 0 | AI57: =SUMIF(ГРП!B:B,B57,ГРП!AI:AI) -> 0 | AJ57: =SUMIF('Парк меляси'!B:B,B57,'Парк меляси'!T:T) -> 0 | AK57: =SUMIF('ООН 42'!B:B,B57,'ООН 42'!T:T) -> 0 | AL57: =SUM(K57:AK57)-I57 -> 0 | AM57: =IFERROR($G57/$I57*K57,0) -> 0 | AN57: =IFERROR($G57/$I57*L57,0) -> 0 | AO57: =IFERROR($G57/$I57*M57,0) -> 6143.3071 | AP57: =IFERROR($G57/$I57*N57,0) -> 0 | AQ57: =IFERROR($G57/$I57*O57,0) -> 0 | AR57: =IFERROR($G57/$I57*P57,0) -> 0 | AS57: =IFERROR($G57/$I57*Q57,0) -> 0 | AT57: =IFERROR($G57/$I57*R57,0) -> 0 | ... BM57: =IFERROR($G57/$I57*AK57,0) -> 0 | BN57: =SUM(AM57:BM57) -> 9400 | BO57: =BN57-G57 -> 0
A58: 55 | B58: Кобяковский Іван Олександрович | E58: =I58*J58 -> 24300 | F58: 0 | G58: =IF(ROUND(E58+F58-C58-D58,-2)<0,0,ROUND(E58+F58-C58-D58,-2)) -> 24300 | H58: =E58+F58-G58-C58-D58 -> 0 | I58: =_ЦО!T56+'МХП лазня'!T56+Катеринополь!T56+ВООЗ!T56+Кернел!T56+'Глобино Мк'!T56+'ВООЗ ЕМС'!T56+'ООН 36'!T56+'ООН 37'!T56+'ООН 38'!T56+ООН39!T56+'ООН 40'!T56+'ООН 43'!T56+'ООН 44'!T56+'ООН 45'!V56+ООН46!T56+ООН47!T56+ООН48!T56+ООН49!T56+ООн50!T56+ООН51!T56+Форшахта!T56+'ГАлерея 25.6'!T56+ГРП!AI56+'Парк меляси'!T56+'ООН 42'!T56 -> 162 | J58: 150 | K58: =SUMIF(ИТР!B:B,B58,ИТР!R:R) -> 0 | L58: =SUMIF(_ЦО!$B:$B,B58,_ЦО!T:T) -> 0 | M58: =SUMIF('МХП лазня'!B:B,B58,'МХП лазня'!T:T) -> 0 | N58: =SUMIF(Катеринополь!$B:$B,B58,Катеринополь!$T:$T) -> 22 | O58: =SUMIF(ВООЗ!B:B,B58,ВООЗ!T:T) -> 0 | P58: =SUMIF(Кернел!B:B,B58,Кернел!T:T) -> 0 | Q58: =SUMIF('Глобино Мк'!B:B,B58,'Глобино Мк'!T:T) -> 39 | R58: =SUMIF('ВООЗ ЕМС'!B:B,B58,'ВООЗ ЕМС'!T:T) -> 0 | S58: =SUMIF('ООН 36'!B:B,B58,'ООН 36'!T:T) -> 0 | T58: =SUMIF('ООН 37'!B:B,B58,'ООН 37'!T:T) -> 0 | U58: =SUMIF('ООН 38'!B:B,B58,'ООН 38'!T:T) -> 0 | V58: =SUMIF(ООН39!B:B,B58,ООН39!T:T) -> 0 | W58: =SUMIF('ООН 40'!B:B,B58,'ООН 40'!T:T) -> 0 | X58: =SUMIF('ООН 43'!B:B,B58,'ООН 43'!T:T) -> 0 | Y58: =SUMIF('ООН 44'!B:B,B58,'ООН 44'!T:T) -> 0 | Z58: =SUMIF('ООН 45'!B:B,B58,'ООН 45'!V:V) -> 0 | AA58: =SUMIF(ООН46!B:B,B58,ООН46!T:T) -> 0 | AB58: =SUMIF(ООН47!B:B,B58,ООН47!T:T) -> 11 | AC58: =SUMIF(ООН48!B:B,B58,ООН48!T:T) -> 0 | AD58: =SUMIF(ООН49!B:B,B58,ООН49!T:T) -> 0 | AE58: =SUMIF(ООн50!B:B,B58,ООн50!T:T) -> 0 | AF58: =SUMIF(ООН51!B:B,B58,ООН51!T:T) -> 0 | AG58: =SUMIF(Форшахта!B:B,B58,Форшахта!T:T) -> 0 | AH58: =SUMIF('ГАлерея 25.6'!B:B,B58,'ГАлерея 25.6'!T:T) -> 22 | AI58: =SUMIF(ГРП!B:B,B58,ГРП!AI:AI) -> 39 | AJ58: =SUMIF('Парк меляси'!B:B,B58,'Парк меляси'!T:T) -> 29 | AK58: =SUMIF('ООН 42'!B:B,B58,'ООН 42'!T:T) -> 0 | AL58: =SUM(K58:AK58)-I58 -> 0 | AM58: =IFERROR($G58/$I58*K58,0) -> 0 | AN58: =IFERROR($G58/$I58*L58,0) -> 0 | AO58: =IFERROR($G58/$I58*M58,0) -> 0 | AP58: =IFERROR($G58/$I58*N58,0) -> 3300 | AQ58: =IFERROR($G58/$I58*O58,0) -> 0 | AR58: =IFERROR($G58/$I58*P58,0) -> 0 | AS58: =IFERROR($G58/$I58*Q58,0) -> 5850 | AT58: =IFERROR($G58/$I58*R58,0) -> 0 | ... BM58: =IFERROR($G58/$I58*AK58,0) -> 0 | BN58: =SUM(AM58:BM58) -> 24300 | BO58: =BN58-G58 -> 0
A59: 56 | B59: Авжабаров Олексій Володимирович | E59: =I59*J59 -> 21300 | F59: -50 | G59: =IF(ROUND(E59+F59-C59-D59,-2)<0,0,ROUND(E59+F59-C59-D59,-2)) -> 21300 | H59: =E59+F59-G59-C59-D59 -> -50 | I59: =_ЦО!T57+'МХП лазня'!T57+Катеринополь!T57+ВООЗ!T57+Кернел!T57+'Глобино Мк'!T57+'ВООЗ ЕМС'!T57+'ООН 36'!T57+'ООН 37'!T57+'ООН 38'!T57+ООН39!T57+'ООН 40'!T57+'ООН 43'!T57+'ООН 44'!T57+'ООН 45'!V57+ООН46!T57+ООН47!T57+ООН48!T57+ООН49!T57+ООн50!T57+ООН51!T57+Форшахта!T57+'ГАлерея 25.6'!T57+ГРП!AI57+'Парк меляси'!T57+'ООН 42'!T57 -> 142 | J59: 150 | K59: =SUMIF(ИТР!B:B,B59,ИТР!R:R) -> 0 | L59: =SUMIF(_ЦО!$B:$B,B59,_ЦО!T:T) -> 0 | M59: =SUMIF('МХП лазня'!B:B,B59,'МХП лазня'!T:T) -> 0 | N59: =SUMIF(Катеринополь!$B:$B,B59,Катеринополь!$T:$T) -> 0 | O59: =SUMIF(ВООЗ!B:B,B59,ВООЗ!T:T) -> 0 | P59: =SUMIF(Кернел!B:B,B59,Кернел!T:T) -> 0 | Q59: =SUMIF('Глобино Мк'!B:B,B59,'Глобино Мк'!T:T) -> 42 | R59: =SUMIF('ВООЗ ЕМС'!B:B,B59,'ВООЗ ЕМС'!T:T) -> 0 | S59: =SUMIF('ООН 36'!B:B,B59,'ООН 36'!T:T) -> 0 | T59: =SUMIF('ООН 37'!B:B,B59,'ООН 37'!T:T) -> 0 | U59: =SUMIF('ООН 38'!B:B,B59,'ООН 38'!T:T) -> 0 | V59: =SUMIF(ООН39!B:B,B59,ООН39!T:T) -> 0 | W59: =SUMIF('ООН 40'!B:B,B59,'ООН 40'!T:T) -> 0 | X59: =SUMIF('ООН 43'!B:B,B59,'ООН 43'!T:T) -> 0 | Y59: =SUMIF('ООН 44'!B:B,B59,'ООН 44'!T:T) -> 0 | Z59: =SUMIF('ООН 45'!B:B,B59,'ООН 45'!V:V) -> 0 | AA59: =SUMIF(ООН46!B:B,B59,ООН46!T:T) -> 0 | AB59: =SUMIF(ООН47!B:B,B59,ООН47!T:T) -> 0 | AC59: =SUMIF(ООН48!B:B,B59,ООН48!T:T) -> 0 | AD59: =SUMIF(ООН49!B:B,B59,ООН49!T:T) -> 0 | AE59: =SUMIF(ООн50!B:B,B59,ООн50!T:T) -> 0 | AF59: =SUMIF(ООН51!B:B,B59,ООН51!T:T) -> 0 | AG59: =SUMIF(Форшахта!B:B,B59,Форшахта!T:T) -> 0 | AH59: =SUMIF('ГАлерея 25.6'!B:B,B59,'ГАлерея 25.6'!T:T) -> 42 | AI59: =SUMIF(ГРП!B:B,B59,ГРП!AI:AI) -> 11 | AJ59: =SUMIF('Парк меляси'!B:B,B59,'Парк меляси'!T:T) -> 47 | AK59: =SUMIF('ООН 42'!B:B,B59,'ООН 42'!T:T) -> 0 | AL59: =SUM(K59:AK59)-I59 -> 0 | AM59: =IFERROR($G59/$I59*K59,0) -> 0 | AN59: =IFERROR($G59/$I59*L59,0) -> 0 | AO59: =IFERROR($G59/$I59*M59,0) -> 0 | AP59: =IFERROR($G59/$I59*N59,0) -> 0 | AQ59: =IFERROR($G59/$I59*O59,0) -> 0 | AR59: =IFERROR($G59/$I59*P59,0) -> 0 | AS59: =IFERROR($G59/$I59*Q59,0) -> 6300 | AT59: =IFERROR($G59/$I59*R59,0) -> 0 | ... BM59: =IFERROR($G59/$I59*AK59,0) -> 0 | BN59: =SUM(AM59:BM59) -> 21300 | BO59: =BN59-G59 -> 0
A60: 57 | B60: Дубовий Роман Анатолійович | E60: =I60*J60 -> 25650 | F60: -50 | G60: =IF(ROUND(E60+F60-C60-D60,-2)<0,0,ROUND(E60+F60-C60-D60,-2)) -> 25600 | H60: =E60+F60-G60-C60-D60 -> 0 | I60: =_ЦО!T58+'МХП лазня'!T58+Катеринополь!T58+ВООЗ!T58+Кернел!T58+'Глобино Мк'!T58+'ВООЗ ЕМС'!T58+'ООН 36'!T58+'ООН 37'!T58+'ООН 38'!T58+ООН39!T58+'ООН 40'!T58+'ООН 43'!T58+'ООН 44'!T58+'ООН 45'!V58+ООН46!T58+ООН47!T58+ООН48!T58+ООН49!T58+ООн50!T58+ООН51!T58+Форшахта!T58+'ГАлерея 25.6'!T58+ГРП!AI58+'Парк меляси'!T58+'ООН 42'!T58 -> 171 | J60: 150 | K60: =SUMIF(ИТР!B:B,B60,ИТР!R:R) -> 0 | L60: =SUMIF(_ЦО!$B:$B,B60,_ЦО!T:T) -> 0 | M60: =SUMIF('МХП лазня'!B:B,B60,'МХП лазня'!T:T) -> 0 | N60: =SUMIF(Катеринополь!$B:$B,B60,Катеринополь!$T:$T) -> 11 | O60: =SUMIF(ВООЗ!B:B,B60,ВООЗ!T:T) -> 0 | P60: =SUMIF(Кернел!B:B,B60,Кернел!T:T) -> 0 | Q60: =SUMIF('Глобино Мк'!B:B,B60,'Глобино Мк'!T:T) -> 55 | R60: =SUMIF('ВООЗ ЕМС'!B:B,B60,'ВООЗ ЕМС'!T:T) -> 0 | S60: =SUMIF('ООН 36'!B:B,B60,'ООН 36'!T:T) -> 0 | T60: =SUMIF('ООН 37'!B:B,B60,'ООН 37'!T:T) -> 0 | U60: =SUMIF('ООН 38'!B:B,B60,'ООН 38'!T:T) -> 0 | V60: =SUMIF(ООН39!B:B,B60,ООН39!T:T) -> 0 | W60: =SUMIF('ООН 40'!B:B,B60,'ООН 40'!T:T) -> 0 | X60: =SUMIF('ООН 43'!B:B,B60,'ООН 43'!T:T) -> 0 | Y60: =SUMIF('ООН 44'!B:B,B60,'ООН 44'!T:T) -> 0 | Z60: =SUMIF('ООН 45'!B:B,B60,'ООН 45'!V:V) -> 0 | AA60: =SUMIF(ООН46!B:B,B60,ООН46!T:T) -> 0 | AB60: =SUMIF(ООН47!B:B,B60,ООН47!T:T) -> 0 | AC60: =SUMIF(ООН48!B:B,B60,ООН48!T:T) -> 0 | AD60: =SUMIF(ООН49!B:B,B60,ООН49!T:T) -> 0 | AE60: =SUMIF(ООн50!B:B,B60,ООн50!T:T) -> 0 | AF60: =SUMIF(ООН51!B:B,B60,ООН51!T:T) -> 0 | AG60: =SUMIF(Форшахта!B:B,B60,Форшахта!T:T) -> 0 | AH60: =SUMIF('ГАлерея 25.6'!B:B,B60,'ГАлерея 25.6'!T:T) -> 50 | AI60: =SUMIF(ГРП!B:B,B60,ГРП!AI:AI) -> 22 | AJ60: =SUMIF('Парк меляси'!B:B,B60,'Парк меляси'!T:T) -> 33 | AK60: =SUMIF('ООН 42'!B:B,B60,'ООН 42'!T:T) -> 0 | AL60: =SUM(K60:AK60)-I60 -> 0 | AM60: =IFERROR($G60/$I60*K60,0) -> 0 | AN60: =IFERROR($G60/$I60*L60,0) -> 0 | AO60: =IFERROR($G60/$I60*M60,0) -> 0 | AP60: =IFERROR($G60/$I60*N60,0) -> 1646.7836 | AQ60: =IFERROR($G60/$I60*O60,0) -> 0 | AR60: =IFERROR($G60/$I60*P60,0) -> 0 | AS60: =IFERROR($G60/$I60*Q60,0) -> 8233.9181 | AT60: =IFERROR($G60/$I60*R60,0) -> 0 | ... BM60: =IFERROR($G60/$I60*AK60,0) -> 0 | BN60: =SUM(AM60:BM60) -> 25600 | BO60: =BN60-G60 -> 0
A61: 58 | B61: Кузнецов Олексій Вікторович | E61: =I61*J61 -> 25800 | F61: 0 | G61: =IF(ROUND(E61+F61-C61-D61,-2)<0,0,ROUND(E61+F61-C61-D61,-2)) -> 25800 | H61: =E61+F61-G61-C61-D61 -> 0 | I61: =_ЦО!T59+'МХП лазня'!T59+Катеринополь!T59+ВООЗ!T59+Кернел!T59+'Глобино Мк'!T59+'ВООЗ ЕМС'!T59+'ООН 36'!T59+'ООН 37'!T59+'ООН 38'!T59+ООН39!T59+'ООН 40'!T59+'ООН 43'!T59+'ООН 44'!T59+'ООН 45'!V59+ООН46!T59+ООН47!T59+ООН48!T59+ООН49!T59+ООн50!T59+ООН51!T59+Форшахта!T59+'ГАлерея 25.6'!T59+ГРП!AI59+'Парк меляси'!T59+'ООН 42'!T59 -> 172 | J61: 150 | K61: =SUMIF(ИТР!B:B,B61,ИТР!R:R) -> 0 | L61: =SUMIF(_ЦО!$B:$B,B61,_ЦО!T:T) -> 0 | M61: =SUMIF('МХП лазня'!B:B,B61,'МХП лазня'!T:T) -> 0 | N61: =SUMIF(Катеринополь!$B:$B,B61,Катеринополь!$T:$T) -> 33 | O61: =SUMIF(ВООЗ!B:B,B61,ВООЗ!T:T) -> 0 | P61: =SUMIF(Кернел!B:B,B61,Кернел!T:T) -> 0 | Q61: =SUMIF('Глобино Мк'!B:B,B61,'Глобино Мк'!T:T) -> 39 | R61: =SUMIF('ВООЗ ЕМС'!B:B,B61,'ВООЗ ЕМС'!T:T) -> 0 | S61: =SUMIF('ООН 36'!B:B,B61,'ООН 36'!T:T) -> 0 | T61: =SUMIF('ООН 37'!B:B,B61,'ООН 37'!T:T) -> 0 | U61: =SUMIF('ООН 38'!B:B,B61,'ООН 38'!T:T) -> 0 | V61: =SUMIF(ООН39!B:B,B61,ООН39!T:T) -> 0 | W61: =SUMIF('ООН 40'!B:B,B61,'ООН 40'!T:T) -> 0 | X61: =SUMIF('ООН 43'!B:B,B61,'ООН 43'!T:T) -> 0 | Y61: =SUMIF('ООН 44'!B:B,B61,'ООН 44'!T:T) -> 0 | Z61: =SUMIF('ООН 45'!B:B,B61,'ООН 45'!V:V) -> 0 | AA61: =SUMIF(ООН46!B:B,B61,ООН46!T:T) -> 0 | AB61: =SUMIF(ООН47!B:B,B61,ООН47!T:T) -> 0 | AC61: =SUMIF(ООН48!B:B,B61,ООН48!T:T) -> 0 | AD61: =SUMIF(ООН49!B:B,B61,ООН49!T:T) -> 0 | AE61: =SUMIF(ООн50!B:B,B61,ООн50!T:T) -> 0 | AF61: =SUMIF(ООН51!B:B,B61,ООН51!T:T) -> 0 | AG61: =SUMIF(Форшахта!B:B,B61,Форшахта!T:T) -> 0 | AH61: =SUMIF('ГАлерея 25.6'!B:B,B61,'ГАлерея 25.6'!T:T) -> 33 | AI61: =SUMIF(ГРП!B:B,B61,ГРП!AI:AI) -> 17 | AJ61: =SUMIF('Парк меляси'!B:B,B61,'Парк меляси'!T:T) -> 50 | AK61: =SUMIF('ООН 42'!B:B,B61,'ООН 42'!T:T) -> 0 | AL61: =SUM(K61:AK61)-I61 -> 0 | AM61: =IFERROR($G61/$I61*K61,0) -> 0 | AN61: =IFERROR($G61/$I61*L61,0) -> 0 | AO61: =IFERROR($G61/$I61*M61,0) -> 0 | AP61: =IFERROR($G61/$I61*N61,0) -> 4950 | AQ61: =IFERROR($G61/$I61*O61,0) -> 0 | AR61: =IFERROR($G61/$I61*P61,0) -> 0 | AS61: =IFERROR($G61/$I61*Q61,0) -> 5850 | AT61: =IFERROR($G61/$I61*R61,0) -> 0 | ... BM61: =IFERROR($G61/$I61*AK61,0) -> 0 | BN61: =SUM(AM61:BM61) -> 25800 | BO61: =BN61-G61 -> 0
A62: 59 | B62: Чернобров Олександр Миколайович | E62: =I62*J62 -> 50400 | F62: 0 | G62: =IF(ROUND(E62+F62-C62-D62,-2)<0,0,ROUND(E62+F62-C62-D62,-2)) -> 50400 | H62: =E62+F62-G62-C62-D62 -> 0 | I62: =_ЦО!T60+'МХП лазня'!T60+Катеринополь!T60+ВООЗ!T60+Кернел!T60+'Глобино Мк'!T60+'ВООЗ ЕМС'!T60+'ООН 36'!T60+'ООН 37'!T60+'ООН 38'!T60+ООН39!T60+'ООН 40'!T60+'ООН 43'!T60+'ООН 44'!T60+'ООН 45'!V60+ООН46!T60+ООН47!T60+ООН48!T60+ООН49!T60+ООн50!T60+ООН51!T60+Форшахта!T60+'ГАлерея 25.6'!T60+ГРП!AI60+'Парк меляси'!T60+'ООН 42'!T60 -> 336 | J62: 150 | K62: =SUMIF(ИТР!B:B,B62,ИТР!R:R) -> 0 | L62: =SUMIF(_ЦО!$B:$B,B62,_ЦО!T:T) -> 0 | M62: =SUMIF('МХП лазня'!B:B,B62,'МХП лазня'!T:T) -> 0 | N62: =SUMIF(Катеринополь!$B:$B,B62,Катеринополь!$T:$T) -> 0 | O62: =SUMIF(ВООЗ!B:B,B62,ВООЗ!T:T) -> 0 | P62: =SUMIF(Кернел!B:B,B62,Кернел!T:T) -> 0 | Q62: =SUMIF('Глобино Мк'!B:B,B62,'Глобино Мк'!T:T) -> 0 | R62: =SUMIF('ВООЗ ЕМС'!B:B,B62,'ВООЗ ЕМС'!T:T) -> 0 | S62: =SUMIF('ООН 36'!B:B,B62,'ООН 36'!T:T) -> 24 | T62: =SUMIF('ООН 37'!B:B,B62,'ООН 37'!T:T) -> 24 | U62: =SUMIF('ООН 38'!B:B,B62,'ООН 38'!T:T) -> 24 | V62: =SUMIF(ООН39!B:B,B62,ООН39!T:T) -> 24 | W62: =SUMIF('ООН 40'!B:B,B62,'ООН 40'!T:T) -> 48 | X62: =SUMIF('ООН 43'!B:B,B62,'ООН 43'!T:T) -> 24 | Y62: =SUMIF('ООН 44'!B:B,B62,'ООН 44'!T:T) -> 0 | Z62: =SUMIF('ООН 45'!B:B,B62,'ООН 45'!V:V) -> 0 | AA62: =SUMIF(ООН46!B:B,B62,ООН46!T:T) -> 0 | AB62: =SUMIF(ООН47!B:B,B62,ООН47!T:T) -> 0 | AC62: =SUMIF(ООН48!B:B,B62,ООН48!T:T) -> 0 | AD62: =SUMIF(ООН49!B:B,B62,ООН49!T:T) -> 0 | AE62: =SUMIF(ООн50!B:B,B62,ООн50!T:T) -> 0 | AF62: =SUMIF(ООН51!B:B,B62,ООН51!T:T) -> 0 | AG62: =SUMIF(Форшахта!B:B,B62,Форшахта!T:T) -> 0 | AH62: =SUMIF('ГАлерея 25.6'!B:B,B62,'ГАлерея 25.6'!T:T) -> 0 | AI62: =SUMIF(ГРП!B:B,B62,ГРП!AI:AI) -> 0 | AJ62: =SUMIF('Парк меляси'!B:B,B62,'Парк меляси'!T:T) -> 0 | AK62: =SUMIF('ООН 42'!B:B,B62,'ООН 42'!T:T) -> 168 | AL62: =SUM(K62:AK62)-I62 -> 0 | AM62: =IFERROR($G62/$I62*K62,0) -> 0 | AN62: =IFERROR($G62/$I62*L62,0) -> 0 | AO62: =IFERROR($G62/$I62*M62,0) -> 0 | AP62: =IFERROR($G62/$I62*N62,0) -> 0 | AQ62: =IFERROR($G62/$I62*O62,0) -> 0 | AR62: =IFERROR($G62/$I62*P62,0) -> 0 | AS62: =IFERROR($G62/$I62*Q62,0) -> 0 | AT62: =IFERROR($G62/$I62*R62,0) -> 0 | ... BM62: =IFERROR($G62/$I62*AK62,0) -> 25200 | BN62: =SUM(AM62:BM62) -> 50400 | BO62: =BN62-G62 -> 0
A63: 60 | B63: Ткаченко Сергій Володимирович | E63: =I63*J63 -> 50400 | F63: 0 | G63: =IF(ROUND(E63+F63-C63-D63,-2)<0,0,ROUND(E63+F63-C63-D63,-2)) -> 50400 | H63: =E63+F63-G63-C63-D63 -> 0 | I63: =_ЦО!T61+'МХП лазня'!T61+Катеринополь!T61+ВООЗ!T61+Кернел!T61+'Глобино Мк'!T61+'ВООЗ ЕМС'!T61+'ООН 36'!T61+'ООН 37'!T61+'ООН 38'!T61+ООН39!T61+'ООН 40'!T61+'ООН 43'!T61+'ООН 44'!T61+'ООН 45'!V61+ООН46!T61+ООН47!T61+ООН48!T61+ООН49!T61+ООн50!T61+ООН51!T61+Форшахта!T61+'ГАлерея 25.6'!T61+ГРП!AI61+'Парк меляси'!T61+'ООН 42'!T61 -> 336 | J63: 150 | K63: =SUMIF(ИТР!B:B,B63,ИТР!R:R) -> 0 | L63: =SUMIF(_ЦО!$B:$B,B63,_ЦО!T:T) -> 0 | M63: =SUMIF('МХП лазня'!B:B,B63,'МХП лазня'!T:T) -> 0 | N63: =SUMIF(Катеринополь!$B:$B,B63,Катеринополь!$T:$T) -> 0 | O63: =SUMIF(ВООЗ!B:B,B63,ВООЗ!T:T) -> 0 | P63: =SUMIF(Кернел!B:B,B63,Кернел!T:T) -> 0 | Q63: =SUMIF('Глобино Мк'!B:B,B63,'Глобино Мк'!T:T) -> 0 | R63: =SUMIF('ВООЗ ЕМС'!B:B,B63,'ВООЗ ЕМС'!T:T) -> 0 | S63: =SUMIF('ООН 36'!B:B,B63,'ООН 36'!T:T) -> 24 | T63: =SUMIF('ООН 37'!B:B,B63,'ООН 37'!T:T) -> 24 | U63: =SUMIF('ООН 38'!B:B,B63,'ООН 38'!T:T) -> 24 | V63: =SUMIF(ООН39!B:B,B63,ООН39!T:T) -> 24 | W63: =SUMIF('ООН 40'!B:B,B63,'ООН 40'!T:T) -> 48 | X63: =SUMIF('ООН 43'!B:B,B63,'ООН 43'!T:T) -> 24 | Y63: =SUMIF('ООН 44'!B:B,B63,'ООН 44'!T:T) -> 0 | Z63: =SUMIF('ООН 45'!B:B,B63,'ООН 45'!V:V) -> 0 | AA63: =SUMIF(ООН46!B:B,B63,ООН46!T:T) -> 0 | AB63: =SUMIF(ООН47!B:B,B63,ООН47!T:T) -> 0 | AC63: =SUMIF(ООН48!B:B,B63,ООН48!T:T) -> 0 | AD63: =SUMIF(ООН49!B:B,B63,ООН49!T:T) -> 0 | AE63: =SUMIF(ООн50!B:B,B63,ООн50!T:T) -> 0 | AF63: =SUMIF(ООН51!B:B,B63,ООН51!T:T) -> 0 | AG63: =SUMIF(Форшахта!B:B,B63,Форшахта!T:T) -> 0 | AH63: =SUMIF('ГАлерея 25.6'!B:B,B63,'ГАлерея 25.6'!T:T) -> 0 | AI63: =SUMIF(ГРП!B:B,B63,ГРП!AI:AI) -> 0 | AJ63: =SUMIF('Парк меляси'!B:B,B63,'Парк меляси'!T:T) -> 0 | AK63: =SUMIF('ООН 42'!B:B,B63,'ООН 42'!T:T) -> 168 | AL63: =SUM(K63:AK63)-I63 -> 0 | AM63: =IFERROR($G63/$I63*K63,0) -> 0 | AN63: =IFERROR($G63/$I63*L63,0) -> 0 | AO63: =IFERROR($G63/$I63*M63,0) -> 0 | AP63: =IFERROR($G63/$I63*N63,0) -> 0 | AQ63: =IFERROR($G63/$I63*O63,0) -> 0 | AR63: =IFERROR($G63/$I63*P63,0) -> 0 | AS63: =IFERROR($G63/$I63*Q63,0) -> 0 | AT63: =IFERROR($G63/$I63*R63,0) -> 0 | ... BM63: =IFERROR($G63/$I63*AK63,0) -> 25200 | BN63: =SUM(AM63:BM63) -> 50400 | BO63: =BN63-G63 -> 0
A64: 61 | B64: Ніколаєнко Олександр Сергійович | E64: =I64*J64 -> 23400 | F64: 0 | G64: =IF(ROUND(E64+F64-C64-D64,-2)<0,0,ROUND(E64+F64-C64-D64,-2)) -> 23400 | H64: =E64+F64-G64-C64-D64 -> 0 | I64: =_ЦО!T62+'МХП лазня'!T62+Катеринополь!T62+ВООЗ!T62+Кернел!T62+'Глобино Мк'!T62+'ВООЗ ЕМС'!T62+'ООН 36'!T62+'ООН 37'!T62+'ООН 38'!T62+ООН39!T62+'ООН 40'!T62+'ООН 43'!T62+'ООН 44'!T62+'ООН 45'!V62+ООН46!T62+ООН47!T62+ООН48!T62+ООН49!T62+ООн50!T62+ООН51!T62+Форшахта!T62+'ГАлерея 25.6'!T62+ГРП!AI62+'Парк меляси'!T62+'ООН 42'!T62 -> 156 | J64: 150 | K64: =SUMIF(ИТР!B:B,B64,ИТР!R:R) -> 0 | L64: =SUMIF(_ЦО!$B:$B,B64,_ЦО!T:T) -> 0 | M64: =SUMIF('МХП лазня'!B:B,B64,'МХП лазня'!T:T) -> 0 | N64: =SUMIF(Катеринополь!$B:$B,B64,Катеринополь!$T:$T) -> 0 | O64: =SUMIF(ВООЗ!B:B,B64,ВООЗ!T:T) -> 0 | P64: =SUMIF(Кернел!B:B,B64,Кернел!T:T) -> 0 | Q64: =SUMIF('Глобино Мк'!B:B,B64,'Глобино Мк'!T:T) -> 42 | R64: =SUMIF('ВООЗ ЕМС'!B:B,B64,'ВООЗ ЕМС'!T:T) -> 0 | S64: =SUMIF('ООН 36'!B:B,B64,'ООН 36'!T:T) -> 0 | T64: =SUMIF('ООН 37'!B:B,B64,'ООН 37'!T:T) -> 0 | U64: =SUMIF('ООН 38'!B:B,B64,'ООН 38'!T:T) -> 0 | V64: =SUMIF(ООН39!B:B,B64,ООН39!T:T) -> 0 | W64: =SUMIF('ООН 40'!B:B,B64,'ООН 40'!T:T) -> 0 | X64: =SUMIF('ООН 43'!B:B,B64,'ООН 43'!T:T) -> 0 | Y64: =SUMIF('ООН 44'!B:B,B64,'ООН 44'!T:T) -> 0 | Z64: =SUMIF('ООН 45'!B:B,B64,'ООН 45'!V:V) -> 0 | AA64: =SUMIF(ООН46!B:B,B64,ООН46!T:T) -> 0 | AB64: =SUMIF(ООН47!B:B,B64,ООН47!T:T) -> 11 | AC64: =SUMIF(ООН48!B:B,B64,ООН48!T:T) -> 0 | AD64: =SUMIF(ООН49!B:B,B64,ООН49!T:T) -> 0 | AE64: =SUMIF(ООн50!B:B,B64,ООн50!T:T) -> 0 | AF64: =SUMIF(ООН51!B:B,B64,ООН51!T:T) -> 0 | AG64: =SUMIF(Форшахта!B:B,B64,Форшахта!T:T) -> 0 | AH64: =SUMIF('ГАлерея 25.6'!B:B,B64,'ГАлерея 25.6'!T:T) -> 0 | AI64: =SUMIF(ГРП!B:B,B64,ГРП!AI:AI) -> 42 | AJ64: =SUMIF('Парк меляси'!B:B,B64,'Парк меляси'!T:T) -> 61 | AK64: =SUMIF('ООН 42'!B:B,B64,'ООН 42'!T:T) -> 0 | AL64: =SUM(K64:AK64)-I64 -> 0 | AM64: =IFERROR($G64/$I64*K64,0) -> 0 | AN64: =IFERROR($G64/$I64*L64,0) -> 0 | AO64: =IFERROR($G64/$I64*M64,0) -> 0 | AP64: =IFERROR($G64/$I64*N64,0) -> 0 | AQ64: =IFERROR($G64/$I64*O64,0) -> 0 | AR64: =IFERROR($G64/$I64*P64,0) -> 0 | AS64: =IFERROR($G64/$I64*Q64,0) -> 6300 | AT64: =IFERROR($G64/$I64*R64,0) -> 0 | ... BM64: =IFERROR($G64/$I64*AK64,0) -> 0 | BN64: =SUM(AM64:BM64) -> 23400 | BO64: =BN64-G64 -> 0
A65: 62 | B65: Циба Василь Олександрович | D65: 1071 | E65: =I65*J65 -> 16800 | F65: 0 | G65: =IF(ROUND(E65+F65-C65-D65,-2)<0,0,ROUND(E65+F65-C65-D65,-2)) -> 15700 | H65: =E65+F65-G65-C65-D65 -> 29 | I65: =_ЦО!T63+'МХП лазня'!T63+Катеринополь!T63+ВООЗ!T63+Кернел!T63+'Глобино Мк'!T63+'ВООЗ ЕМС'!T63+'ООН 36'!T63+'ООН 37'!T63+'ООН 38'!T63+ООН39!T63+'ООН 40'!T63+'ООН 43'!T63+'ООН 44'!T63+'ООН 45'!V63+ООН46!T63+ООН47!T63+ООН48!T63+ООН49!T63+ООн50!T63+ООН51!T63+Форшахта!T63+'ГАлерея 25.6'!T63+ГРП!AI63+'Парк меляси'!T63+'ООН 42'!T63 -> 112 | J65: 150 | K65: =SUMIF(ИТР!B:B,B65,ИТР!R:R) -> 0 | L65: =SUMIF(_ЦО!$B:$B,B65,_ЦО!T:T) -> 0 | M65: =SUMIF('МХП лазня'!B:B,B65,'МХП лазня'!T:T) -> 0 | N65: =SUMIF(Катеринополь!$B:$B,B65,Катеринополь!$T:$T) -> 0 | O65: =SUMIF(ВООЗ!B:B,B65,ВООЗ!T:T) -> 0 | P65: =SUMIF(Кернел!B:B,B65,Кернел!T:T) -> 0 | Q65: =SUMIF('Глобино Мк'!B:B,B65,'Глобино Мк'!T:T) -> 11 | R65: =SUMIF('ВООЗ ЕМС'!B:B,B65,'ВООЗ ЕМС'!T:T) -> 0 | S65: =SUMIF('ООН 36'!B:B,B65,'ООН 36'!T:T) -> 0 | T65: =SUMIF('ООН 37'!B:B,B65,'ООН 37'!T:T) -> 0 | U65: =SUMIF('ООН 38'!B:B,B65,'ООН 38'!T:T) -> 0 | V65: =SUMIF(ООН39!B:B,B65,ООН39!T:T) -> 0 | W65: =SUMIF('ООН 40'!B:B,B65,'ООН 40'!T:T) -> 0 | X65: =SUMIF('ООН 43'!B:B,B65,'ООН 43'!T:T) -> 0 | Y65: =SUMIF('ООН 44'!B:B,B65,'ООН 44'!T:T) -> 0 | Z65: =SUMIF('ООН 45'!B:B,B65,'ООН 45'!V:V) -> 0 | AA65: =SUMIF(ООН46!B:B,B65,ООН46!T:T) -> 18 | AB65: =SUMIF(ООН47!B:B,B65,ООН47!T:T) -> 44 | AC65: =SUMIF(ООН48!B:B,B65,ООН48!T:T) -> 28 | AD65: =SUMIF(ООН49!B:B,B65,ООН49!T:T) -> 0 | AE65: =SUMIF(ООн50!B:B,B65,ООн50!T:T) -> 0 | AF65: =SUMIF(ООН51!B:B,B65,ООН51!T:T) -> 0 | AG65: =SUMIF(Форшахта!B:B,B65,Форшахта!T:T) -> 0 | AH65: =SUMIF('ГАлерея 25.6'!B:B,B65,'ГАлерея 25.6'!T:T) -> 11 | AI65: =SUMIF(ГРП!B:B,B65,ГРП!AI:AI) -> 0 | AJ65: =SUMIF('Парк меляси'!B:B,B65,'Парк меляси'!T:T) -> 0 | AK65: =SUMIF('ООН 42'!B:B,B65,'ООН 42'!T:T) -> 0 | AL65: =SUM(K65:AK65)-I65 -> 0 | AM65: =IFERROR($G65/$I65*K65,0) -> 0 | AN65: =IFERROR($G65/$I65*L65,0) -> 0 | AO65: =IFERROR($G65/$I65*M65,0) -> 0 | AP65: =IFERROR($G65/$I65*N65,0) -> 0 | AQ65: =IFERROR($G65/$I65*O65,0) -> 0 | AR65: =IFERROR($G65/$I65*P65,0) -> 0 | AS65: =IFERROR($G65/$I65*Q65,0) -> 1541.9643 | AT65: =IFERROR($G65/$I65*R65,0) -> 0 | ... BM65: =IFERROR($G65/$I65*AK65,0) -> 0 | BN65: =SUM(AM65:BM65) -> 15700 | BO65: =BN65-G65 -> 0
A66: 63 | B66: Осовіцький Ростислав Олександрович | E66: =I66*J66 -> 7350 | F66: 0 | G66: =IF(ROUND(E66+F66-C66-D66,-2)<0,0,ROUND(E66+F66-C66-D66,-2)) -> 7400 | H66: =E66+F66-G66-C66-D66 -> -50 | I66: =_ЦО!T64+'МХП лазня'!T64+Катеринополь!T64+ВООЗ!T64+Кернел!T64+'Глобино Мк'!T64+'ВООЗ ЕМС'!T64+'ООН 36'!T64+'ООН 37'!T64+'ООН 38'!T64+ООН39!T64+'ООН 40'!T64+'ООН 43'!T64+'ООН 44'!T64+'ООН 45'!V64+ООН46!T64+ООН47!T64+ООН48!T64+ООН49!T64+ООн50!T64+ООН51!T64+Форшахта!T64+'ГАлерея 25.6'!T64+ГРП!AI64+'Парк меляси'!T64+'ООН 42'!T64 -> 49 | J66: 150 | K66: =SUMIF(ИТР!B:B,B66,ИТР!R:R) -> 0 | L66: =SUMIF(_ЦО!$B:$B,B66,_ЦО!T:T) -> 0 | M66: =SUMIF('МХП лазня'!B:B,B66,'МХП лазня'!T:T) -> 0 | N66: =SUMIF(Катеринополь!$B:$B,B66,Катеринополь!$T:$T) -> 0 | O66: =SUMIF(ВООЗ!B:B,B66,ВООЗ!T:T) -> 0 | P66: =SUMIF(Кернел!B:B,B66,Кернел!T:T) -> 0 | Q66: =SUMIF('Глобино Мк'!B:B,B66,'Глобино Мк'!T:T) -> 0 | R66: =SUMIF('ВООЗ ЕМС'!B:B,B66,'ВООЗ ЕМС'!T:T) -> 0 | S66: =SUMIF('ООН 36'!B:B,B66,'ООН 36'!T:T) -> 0 | T66: =SUMIF('ООН 37'!B:B,B66,'ООН 37'!T:T) -> 0 | U66: =SUMIF('ООН 38'!B:B,B66,'ООН 38'!T:T) -> 0 | V66: =SUMIF(ООН39!B:B,B66,ООН39!T:T) -> 0 | W66: =SUMIF('ООН 40'!B:B,B66,'ООН 40'!T:T) -> 0 | X66: =SUMIF('ООН 43'!B:B,B66,'ООН 43'!T:T) -> 0 | Y66: =SUMIF('ООН 44'!B:B,B66,'ООН 44'!T:T) -> 0 | Z66: =SUMIF('ООН 45'!B:B,B66,'ООН 45'!V:V) -> 0 | AA66: =SUMIF(ООН46!B:B,B66,ООН46!T:T) -> 0 | AB66: =SUMIF(ООН47!B:B,B66,ООН47!T:T) -> 11 | AC66: =SUMIF(ООН48!B:B,B66,ООН48!T:T) -> 38 | AD66: =SUMIF(ООН49!B:B,B66,ООН49!T:T) -> 0 | AE66: =SUMIF(ООн50!B:B,B66,ООн50!T:T) -> 0 | AF66: =SUMIF(ООН51!B:B,B66,ООН51!T:T) -> 0 | AG66: =SUMIF(Форшахта!B:B,B66,Форшахта!T:T) -> 0 | AH66: =SUMIF('ГАлерея 25.6'!B:B,B66,'ГАлерея 25.6'!T:T) -> 0 | AI66: =SUMIF(ГРП!B:B,B66,ГРП!AI:AI) -> 0 | AJ66: =SUMIF('Парк меляси'!B:B,B66,'Парк меляси'!T:T) -> 0 | AK66: =SUMIF('ООН 42'!B:B,B66,'ООН 42'!T:T) -> 0 | AL66: =SUM(K66:AK66)-I66 -> 0 | AM66: =IFERROR($G66/$I66*K66,0) -> 0 | AN66: =IFERROR($G66/$I66*L66,0) -> 0 | AO66: =IFERROR($G66/$I66*M66,0) -> 0 | AP66: =IFERROR($G66/$I66*N66,0) -> 0 | AQ66: =IFERROR($G66/$I66*O66,0) -> 0 | AR66: =IFERROR($G66/$I66*P66,0) -> 0 | AS66: =IFERROR($G66/$I66*Q66,0) -> 0 | AT66: =IFERROR($G66/$I66*R66,0) -> 0 | ... BM66: =IFERROR($G66/$I66*AK66,0) -> 0 | BN66: =SUM(AM66:BM66) -> 7400 | BO66: =BN66-G66 -> 0
I67: =_ЦО!T65+'МХП лазня'!T65+Катеринополь!T65+ВООЗ!T65+Кернел!T65+'Глобино Мк'!T65+'ВООЗ ЕМС'!T65+'ООН 36'!T65+'ООН 37'!T65+'ООН 38'!T65+ООН39!T65+'ООН 40'!T65+'ООН 43'!T65+'ООН 44'!T65+'ООН 45'!V65+ООН46!T65+ООН47!T65+ООН48!T65+ООН49!T65+ООн50!T65+ООН51!T65+Форшахта!T65+'ГАлерея 25.6'!T65+ГРП!AI65+'Парк меляси'!T65+'ООН 42'!T65 -> 0 | AL67: =SUM(AL2:AL66) -> 0 | AM67: =SUM(AM2:AM66) -> 16100 | AN67: =SUM(AN2:AN66) -> 40350 | AO67: =SUM(AO2:AO66) -> 32646.997 | AP67: =SUM(AP2:AP66) -> 33844.395 | AQ67: =SUM(AQ2:AQ66) -> 14400 | AR67: =SUM(AR2:AR66) -> 159000 | AS67: =SUM(AS2:AS66) -> 110592.51 | ... BO67: =SUM(BO2:BO66) -> 0
H68: =SUM(H5:H67) -> -238.54
D69: =SUM(D2:D68) -> 205446.29 | E69: =SUM(E2:E68) -> 1358820 | F69: =SUM(F2:F68) -> -9353.08 | G69: =SUM(G2:G68) -> 1102900 | H69: =SUM(H2:H68) -> -414.91

Sheet ИТР
A1: N | B1: Сотрудник | C1: 16 | D1: 17 | E1: 18 | F1: 19 | G1: 20 | H1: 21 | I1: 22 | J1: 23 | K1: 24 | L1: 25 | M1: 26 | N1: 27 | O1: 28 | P1: 29 | Q1: 30
A2: 9 | B2: Скрипник Сергій Павлович | I2: 11 | J2: 11 | K2: 11 | L2: 11 | M2: 11 | N2: 6 | P2: 11 | Q2: 11 | R2: =C2+D2+E2+F2+G2+H2+I2+J2+K2+L2+M2+N2+O2+P2+Q2 -> 83
A3: 10 | B3: Пономаренко Віталій Вікторович | C3: 11 | D3: 11 | E3: 11 | F3: 11 | G3: 11 | K3: 11 | L3: 11 | M3: 11 | N3: 6 | P3: 11 | Q3: 11 | R3: =C3+D3+E3+F3+G3+H3+I3+J3+K3+L3+M3+N3+O3+P3+Q3 -> 116

Sheet _ЦО
A1: N | B1: Сотрудник | C1: 16 | D1: 17 | E1: 18 | F1: 19 | G1: 20 | H1: 21 | I1: 22 | J1: 23 | K1: 24 | L1: 25 | M1: 26 | N1: 27 | O1: 28 | P1: 29 | Q1: 30
A2: 1 | B2: Багацький Вадим Геннадійович | T2: =C2+D2+E2+F2+G2+H2+I2+J2+K2+L2+M2+N2+O2+P2+Q2 -> 0
A3: 2 | B3: Васильєв Віталій Юрійович | D3: 11 | E3: 11 | F3: 11 | G3: 9 | I3: 11 | J3: 9 | K3: 9 | L3: 11 | M3: 11 | N3: 6 | P3: 11 | Q3: 9 | T3: =C3+D3+E3+F3+G3+H3+I3+J3+K3+L3+M3+N3+O3+P3+Q3 -> 119
A4: 3 | B4: Григоренко Олександр Миколайович | T4: =C4+D4+E4+F4+G4+H4+I4+J4+K4+L4+M4+N4+O4+P4+Q4 -> 0
A5: 4 | B5: Григорьєв Микола Андрійович | T5: =C5+D5+E5+F5+G5+H5+I5+J5+K5+L5+M5+N5+O5+P5+Q5 -> 0
A6: 5 | B6: Григор'єв Михайло Андрійович | T6: =C6+D6+E6+F6+G6+H6+I6+J6+K6+L6+M6+N6+O6+P6+Q6 -> 0
A7: 6 | B7: Іванов Олексій Вікторович | T7: =C7+D7+E7+F7+G7+H7+I7+J7+K7+L7+M7+N7+O7+P7+Q7 -> 0
A8: 7 | B8: Іскрицький Денис Русланович | T8: =C8+D8+E8+F8+G8+H8+I8+J8+K8+L8+M8+N8+O8+P8+Q8 -> 0
A9: 8 | B9: Корнієнко Станіслав Володимирович | T9: =C9+D9+E9+F9+G9+H9+I9+J9+K9+L9+M9+N9+O9+P9+Q9 -> 0
A10: 9 | B10: Масливець Ігор Валерійович | T10: =C10+D10+E10+F10+G10+H10+I10+J10+K10+L10+M10+N10+O10+P10+Q10 -> 0
A11: 10 | B11: Скрипник Олександр Павлович | T11: =C11+D11+E11+F11+G11+H11+I11+J11+K11+L11+M11+N11+O11+P11+Q11 -> 0
A12: 11 | B12: Паламарчук Вячеслав Володимирович | T12: =C12+D12+E12+F12+G12+H12+I12+J12+K12+L12+M12+N12+O12+P12+Q12 -> 0
A13: 12 | B13: Дехтяр Владислав Олександрович | T13: =C13+D13+E13+F13+G13+H13+I13+J13+K13+L13+M13+N13+O13+P13+Q13 -> 0
A14: 13 | B14: Тужиков Валерій Владиславович | T14: =C14+D14+E14+F14+G14+H14+I14+J14+K14+L14+M14+N14+O14+P14+Q14 -> 0
A15: 14 | B15: Сівов Євген Миколайович | T15: =C15+D15+E15+F15+G15+H15+I15+J15+K15+L15+M15+N15+O15+P15+Q15 -> 0
... A27: 26 | B27: Салій Дмитро Миколайович | T27: =C27+D27+E27+F27+G27+H27+I27+J27+K27+L27+M27+N27+O27+P27+Q27 -> 0
A28: 27 | B28: Різніченко Олег Олександрович | D28: 9 | T28: =C28+D28+E28+F28+G28+H28+I28+J28+K28+L28+M28+N28+O28+P28+Q28 -> 9
A29: 28 | B29: Рогозовець Андрій Вікторович | T29: =C29+D29+E29+F29+G29+H29+I29+J29+K29+L29+M29+N29+O29+P29+Q29 -> 0
A30: 29 | B30: Старков Кирило Юрійович | T30: =C30+D30+E30+F30+G30+H30+I30+J30+K30+L30+M30+N30+O30+P30+Q30 -> 0
A31: 30 | B31: Зубахін Сергій Александрович | T31: =C31+D31+E31+F31+G31+H31+I31+J31+K31+L31+M31+N31+O31+P31+Q31 -> 0
A32: 31 | B32: Корнієнко Віталій Олегович | T32: =C32+D32+E32+F32+G32+H32+I32+J32+K32+L32+M32+N32+O32+P32+Q32 -> 0
A33: 32 | B33: Щербак Петро Іванович | T33: =C33+D33+E33+F33+G33+H33+I33+J33+K33+L33+M33+N33+O33+P33+Q33 -> 0
A34: 33 | B34: Онучак Віктор Іванович | T34: =C34+D34+E34+F34+G34+H34+I34+J34+K34+L34+M34+N34+O34+P34+Q34 -> 0
A35: 34 | B35: Батрак Віктор Володимирович | T35: =C35+D35+E35+F35+G35+H35+I35+J35+K35+L35+M35+N35+O35+P35+Q35 -> 0
A36: 35 | B36: Бондаренко Іван Олександрович | T36: =C36+D36+E36+F36+G36+H36+I36+J36+K36+L36+M36+N36+O36+P36+Q36 -> 0
A37: 36 | B37: Підлісний Володимир Сергійович | T37: =C37+D37+E37+F37+G37+H37+I37+J37+K37+L37+M37+N37+O37+P37+Q37 -> 0
A38: 37 | B38: Григоренко Ілля Олександрович | T38: =C38+D38+E38+F38+G38+H38+I38+J38+K38+L38+M38+N38+O38+P38+Q38 -> 0
A39: 38 | B39: Зінченко Дмитро Володимирович | T39: =C39+D39+E39+F39+G39+H39+I39+J39+K39+L39+M39+N39+O39+P39+Q39 -> 0
A40: 39 | B40: Гребінник Олексій Васильович | T40: =C40+D40+E40+F40+G40+H40+I40+J40+K40+L40+M40+N40+O40+P40+Q40 -> 0
... A44: 43 | B44: Самогородський Ігор Віталійович | T44: =C44+D44+E44+F44+G44+H44+I44+J44+K44+L44+M44+N44+O44+P44+Q44 -> 0
A45: 44 | B45: Іванова Світлана Юріївна | C45: 11 | D45: 11 | K45: 11 | L45: 11 | M45: 11 | N45: 3 | P45: 11 | T45: =C45+D45+E45+F45+G45+H45+I45+J45+K45+L45+M45+N45+O45+P45+Q45 -> 69
A46: 45 | B46: Ісайкіна Тетяна Іванівна | C46: 11 | D46: 9 | E46: 11 | F46: 11 | G46: 6 | I46: 11 | J46: 11 | K46: 11 | L46: 11 | M46: 11 | P46: 11 | Q46: 11 | T46: =C46+D46+E46+F46+G46+H46+I46+J46+K46+L46+M46+N46+O46+P46+Q46 -> 125
A47: 46 | B47: Деркс Сергій Анатолійович | T47: =C47+D47+E47+F47+G47+H47+I47+J47+K47+L47+M47+N47+O47+P47+Q47 -> 0
A48: 47 | B48: Гусаков Роман Давидович | T48: =C48+D48+E48+F48+G48+H48+I48+J48+K48+L48+M48+N48+O48+P48+Q48 -> 0
A49: 48 | B49: Гусаков Давид Давидович | T49: =C49+D49+E49+F49+G49+H49+I49+J49+K49+L49+M49+N49+O49+P49+Q49 -> 0
A50: 49 | B50: Тужиков Артем Денисович | T50: =C50+D50+E50+F50+G50+H50+I50+J50+K50+L50+M50+N50+O50+P50+Q50 -> 0
A51: 50 | B51: Ластовка Андрій Михайлович | T51: =C51+D51+E51+F51+G51+H51+I51+J51+K51+L51+M51+N51+O51+P51+Q51 -> 0
A52: 51 | B52: Шомін Вадим Сергійович | T52: =C52+D52+E52+F52+G52+H52+I52+J52+K52+L52+M52+N52+O52+P52+Q52 -> 0
A53: 52 | B53: Дзюба Едуард Іванович | T53: =C53+D53+E53+F53+G53+H53+I53+J53+K53+L53+M53+N53+O53+P53+Q53 -> 0
A54: 53 | B54: Туркевич Дмитро Миколайович | T54: =C54+D54+E54+F54+G54+H54+I54+J54+K54+L54+M54+N54+O54+P54+Q54 -> 0
A55: 54 | B55: Петров Михайло Олександрович | T55: =C55+D55+E55+F55+G55+H55+I55+J55+K55+L55+M55+N55+O55+P55+Q55 -> 0
A56: 55 | B56: Кобяковский Іван Олександрович | T56: =C56+D56+E56+F56+G56+H56+I56+J56+K56+L56+M56+N56+O56+P56+Q56 -> 0
A57: 56 | B57: Авжабаров Олексій Володимирович | T57: =C57+D57+E57+F57+G57+H57+I57+J57+K57+L57+M57+N57+O57+P57+Q57 -> 0
A58: 57 | B58: Дубовий Роман Анатолійович | T58: =C58+D58+E58+F58+G58+H58+I58+J58+K58+L58+M58+N58+O58+P58+Q58 -> 0
... A64: 63 | B64: Осовіцький Ростислав Олександрович | T64: =C64+D64+E64+F64+G64+H64+I64+J64+K64+L64+M64+N64+O64+P64+Q64 -> 0
T65: =C65+D65+E65+F65+G65+H65+I65+J65+K65+L65+M65+N65+O65+P65+Q65 -> 0

Sheet МХП лазня
A1: N | B1: Сотрудник | C1: 16 | D1: 17 | E1: 18 | F1: 19 | G1: 20 | H1: 21 | I1: 22 | J1: 23 | K1: 24 | L1: 25 | M1: 26 | N1: 27 | O1: 28 | P1: 29 | Q1: 30
A2: 1 | B2: Багацький Вадим Геннадійович | T2: =C2+D2+E2+F2+G2+H2+I2+J2+K2+L2+M2+N2+O2+P2+Q2 -> 0
A3: 2 | B3: Васильєв Віталій Юрійович | T3: =C3+D3+E3+F3+G3+H3+I3+J3+K3+L3+M3+N3+O3+P3+Q3 -> 0
A4: 3 | B4: Григоренко Олександр Миколайович | T4: =C4+D4+E4+F4+G4+H4+I4+J4+K4+L4+M4+N4+O4+P4+Q4 -> 0
A5: 4 | B5: Григорьєв Микола Андрійович | T5: =C5+D5+E5+F5+G5+H5+I5+J5+K5+L5+M5+N5+O5+P5+Q5 -> 0
A6: 5 | B6: Григор'єв Михайло Андрійович | T6: =C6+D6+E6+F6+G6+H6+I6+J6+K6+L6+M6+N6+O6+P6+Q6 -> 0
A7: 6 | B7: Іванов Олексій Вікторович | T7: =C7+D7+E7+F7+G7+H7+I7+J7+K7+L7+M7+N7+O7+P7+Q7 -> 0
A8: 7 | B8: Іскрицький Денис Русланович | T8: =C8+D8+E8+F8+G8+H8+I8+J8+K8+L8+M8+N8+O8+P8+Q8 -> 0
A9: 8 | B9: Корнієнко Станіслав Володимирович | T9: =C9+D9+E9+F9+G9+H9+I9+J9+K9+L9+M9+N9+O9+P9+Q9 -> 0
A10: 9 | B10: Масливець Ігор Валерійович | T10: =C10+D10+E10+F10+G10+H10+I10+J10+K10+L10+M10+N10+O10+P10+Q10 -> 0
A11: 10 | B11: Скрипник Олександр Павлович | I11: 11 | J11: 11 | K11: 11 | L11: 11 | M11: 11 | N11: 6 | P11: 11 | Q11: 11 | T11: =C11+D11+E11+F11+G11+H11+I11+J11+K11+L11+M11+N11+O11+P11+Q11 -> 83
A12: 11 | B12: Паламарчук Вячеслав Володимирович | T12: =C12+D12+E12+F12+G12+H12+I12+J12+K12+L12+M12+N12+O12+P12+Q12 -> 0
A13: 12 | B13: Дехтяр Владислав Олександрович | T13: =C13+D13+E13+F13+G13+H13+I13+J13+K13+L13+M13+N13+O13+P13+Q13 -> 0
A14: 13 | B14: Тужиков Валерій Владиславович | T14: =C14+D14+E14+F14+G14+H14+I14+J14+K14+L14+M14+N14+O14+P14+Q14 -> 0
A15: 14 | B15: Сівов Євген Миколайович | T15: =C15+D15+E15+F15+G15+H15+I15+J15+K15+L15+M15+N15+O15+P15+Q15 -> 0
A16: 15 | B16: Кіфор Юрій Михайлович | K16: 11 | L16: 11 | T16: =C16+D16+E16+F16+G16+H16+I16+J16+K16+L16+M16+N16+O16+P16+Q16 -> 22
A17: 16 | B17: Петренко Микола Григорович | K17: 11 | L17: 9 | T17: =C17+D17+E17+F17+G17+H17+I17+J17+K17+L17+M17+N17+O17+P17+Q17 -> 20
A18: 17 | B18: Рубленко Микола Іванович | I18: 11 | J18: 11 | K18: 11 | L18: 11 | M18: 11 | P18: 11 | Q18: 11 | T18: =C18+D18+E18+F18+G18+H18+I18+J18+K18+L18+M18+N18+O18+P18+Q18 -> 77
A19: 18 | B19: Серебренніков Володимир Олександрович | T19: =C19+D19+E19+F19+G19+H19+I19+J19+K19+L19+M19+N19+O19+P19+Q19 -> 0
A20: 19 | B20: Чешко Сергій Анатолійович | T20: =C20+D20+E20+F20+G20+H20+I20+J20+K20+L20+M20+N20+O20+P20+Q20 -> 0
A21: 20 | B21: Нерезенко Євгеній Віктоорович | T21: =C21+D21+E21+F21+G21+H21+I21+J21+K21+L21+M21+N21+O21+P21+Q21 -> 0
A22: 21 | B22: Шавкун Максим Анатолійович | T22: =C22+D22+E22+F22+G22+H22+I22+J22+K22+L22+M22+N22+O22+P22+Q22 -> 0
A23: 22 | B23: Чуйко Олег Олегович | T23: =C23+D23+E23+F23+G23+H23+I23+J23+K23+L23+M23+N23+O23+P23+Q23 -> 0
A24: 23 | B24: Салюк Дмитро Андрійович | T24: =C24+D24+E24+F24+G24+H24+I24+J24+K24+L24+M24+N24+O24+P24+Q24 -> 0
A25: 24 | B25: Маковецький Юрій Миколайович | T25: =C25+D25+E25+F25+G25+H25+I25+J25+K25+L25+M25+N25+O25+P25+Q25 -> 0
A26: 25 | B26: Міненко Олександр Андрійович | T26: =C26+D26+E26+F26+G26+H26+I26+J26+K26+L26+M26+N26+O26+P26+Q26 -> 0
A27: 26 | B27: Салій Дмитро Миколайович | T27: =C27+D27+E27+F27+G27+H27+I27+J27+K27+L27+M27+N27+O27+P27+Q27 -> 0
A28: 27 | B28: Різніченко Олег Олександрович | T28: =C28+D28+E28+F28+G28+H28+I28+J28+K28+L28+M28+N28+O28+P28+Q28 -> 0
A29: 28 | B29: Рогозовець Андрій Вікторович | T29: =C29+D29+E29+F29+G29+H29+I29+J29+K29+L29+M29+N29+O29+P29+Q29 -> 0
A30: 29 | B30: Старков Кирило Юрійович | T30: =C30+D30+E30+F30+G30+H30+I30+J30+K30+L30+M30+N30+O30+P30+Q30 -> 0
A31: 30 | B31: Зубахін Сергій Александрович | T31: =C31+D31+E31+F31+G31+H31+I31+J31+K31+L31+M31+N31+O31+P31+Q31 -> 0
A32: 31 | B32: Корнієнко Віталій Олегович | I32: 11 | J32: 11 | K32: 11 | L32: 11 | M32: 11 | N32: 6 | P32: 9 | Q32: 8 | T32: =C32+D32+E32+F32+G32+H32+I32+J32+K32+L32+M32+N32+O32+P32+Q32 -> 78
A33: 32 | B33: Щербак Петро Іванович | T33: =C33+D33+E33+F33+G33+H33+I33+J33+K33+L33+M33+N33+O33+P33+Q33 -> 0
A34: 33 | B34: Онучак Віктор Іванович | T34: =C34+D34+E34+F34+G34+H34+I34+J34+K34+L34+M34+N34+O34+P34+Q34 -> 0
A35: 34 | B35: Батрак Віктор Володимирович | T35: =C35+D35+E35+F35+G35+H35+I35+J35+K35+L35+M35+N35+O35+P35+Q35 -> 0
A36: 35 | B36: Бондаренко Іван Олександрович | T36: =C36+D36+E36+F36+G36+H36+I36+J36+K36+L36+M36+N36+O36+P36+Q36 -> 0
A37: 36 | B37: Підлісний Володимир Сергійович | T37: =C37+D37+E37+F37+G37+H37+I37+J37+K37+L37+M37+N37+O37+P37+Q37 -> 0
A38: 37 | B38: Григоренко Ілля Олександрович | T38: =C38+D38+E38+F38+G38+H38+I38+J38+K38+L38+M38+N38+O38+P38+Q38 -> 0
A39: 38 | B39: Зінченко Дмитро Володимирович | T39: =C39+D39+E39+F39+G39+H39+I39+J39+K39+L39+M39+N39+O39+P39+Q39 -> 0
A40: 39 | B40: Гребінник Олексій Васильович | T40: =C40+D40+E40+F40+G40+H40+I40+J40+K40+L40+M40+N40+O40+P40+Q40 -> 0
A41: 40 | B41: Ізюмець Олександр Евгенович | T41: =C41+D41+E41+F41+G41+H41+I41+J41+K41+L41+M41+N41+O41+P41+Q41 -> 0
A42: 41 | B42: Маркевич Ігор Ігорьович | T42: =C42+D42+E42+F42+G42+H42+I42+J42+K42+L42+M42+N42+O42+P42+Q42 -> 0
A43: 42 | B43: Раменюк Віталій Сергійович | T43: =C43+D43+E43+F43+G43+H43+I43+J43+K43+L43+M43+N43+O43+P43+Q43 -> 0
A44: 43 | B44: Самогородський Ігор Віталійович | T44: =C44+D44+E44+F44+G44+H44+I44+J44+K44+L44+M44+N44+O44+P44+Q44 -> 0
... A54: 53 | B54: Туркевич Дмитро Миколайович | T54: =C54+D54+E54+F54+G54+H54+I54+J54+K54+L54+M54+N54+O54+P54+Q54 -> 0
A55: 54 | B55: Петров Михайло Олександрович | I55: 11 | J55: 11 | K55: 11 | L55: 11 | M55: 11 | N55: 6 | P55: 11 | Q55: 11 | T55: =C55+D55+E55+F55+G55+H55+I55+J55+K55+L55+M55+N55+O55+P55+Q55 -> 83
A56: 55 | B56: Кобяковский Іван Олександрович | T56: =C56+D56+E56+F56+G56+H56+I56+J56+K56+L56+M56+N56+O56+P56+Q56 -> 0
A57: 56 | B57: Авжабаров Олексій Володимирович | T57: =C57+D57+E57+F57+G57+H57+I57+J57+K57+L57+M57+N57+O57+P57+Q57 -> 0
A58: 57 | B58: Дубовий Роман Анатолійович | T58: =C58+D58+E58+F58+G58+H58+I58+J58+K58+L58+M58+N58+O58+P58+Q58 -> 0
A59: 58 | B59: Кузнецов Олексій Вікторович | T59: =C59+D59+E59+F59+G59+H59+I59+J59+K59+L59+M59+N59+O59+P59+Q59 -> 0
A60: 59 | B60: Чернобров Олександр Миколайович | T60: =C60+D60+E60+F60+G60+H60+I60+J60+K60+L60+M60+N60+O60+P60+Q60 -> 0
A61: 60 | B61: Ткаченко Сергій Володимирович | T61: =C61+D61+E61+F61+G61+H61+I61+J61+K61+L61+M61+N61+O61+P61+Q61 -> 0
A62: 61 | B62: Ніколаєнко Олександр Сергійович | T62: =C62+D62+E62+F62+G62+H62+I62+J62+K62+L62+M62+N62+O62+P62+Q62 -> 0
A63: 62 | B63: Циба Василь Олександрович | T63: =C63+D63+E63+F63+G63+H63+I63+J63+K63+L63+M63+N63+O63+P63+Q63 -> 0
A64: 63 | B64: Осовіцький Ростислав Олександрович | T64: =C64+D64+E64+F64+G64+H64+I64+J64+K64+L64+M64+N64+O64+P64+Q64 -> 0
T65: =C65+D65+E65+F65+G65+H65+I65+J65+K65+L65+M65+N65+O65+P65+Q65 -> 0

Sheet Катеринополь
A1: N | B1: Сотрудник | C1: 16 | D1: 17 | E1: 18 | F1: 19 | G1: 20 | H1: 21 | I1: 22 | J1: 23 | K1: 24 | L1: 25 | M1: 26 | N1: 27 | O1: 28 | P1: 29 | Q1: 30 | R1: Всего часов
A2: 1 | B2: Багацький Вадим Геннадійович | C2: 11 | D2: 11 | E2: 11 | R2: 83 | T2: =C2+D2+E2+F2+G2+H2+I2+J2+K2+L2+M2+N2+O2+P2+Q2 -> 33
A3: 2 | B3: Васильєв Віталій Юрійович | R3: 0 | T3: =C3+D3+E3+F3+G3+H3+I3+J3+K3+L3+M3+N3+O3+P3+Q3 -> 0
A4: 3 | B4: Григоренко Олександр Миколайович | R4: 0 | T4: =C4+D4+E4+F4+G4+H4+I4+J4+K4+L4+M4+N4+O4+P4+Q4 -> 0
A5: 4 | B5: Григорьєв Микола Андрійович | R5: 0 | T5: =C5+D5+E5+F5+G5+H5+I5+J5+K5+L5+M5+N5+O5+P5+Q5 -> 0
A6: 5 | B6: Григор'єв Михайло Андрійович | R6: 0 | T6: =C6+D6+E6+F6+G6+H6+I6+J6+K6+L6+M6+N6+O6+P6+Q6 -> 0
A7: 6 | B7: Іванов Олексій Вікторович | R7: 76 | T7: =C7+D7+E7+F7+G7+H7+I7+J7+K7+L7+M7+N7+O7+P7+Q7 -> 0
A8: 7 | B8: Іскрицький Денис Русланович | R8: 11 | T8: =C8+D8+E8+F8+G8+H8+I8+J8+K8+L8+M8+N8+O8+P8+Q8 -> 0
A9: 8 | B9: Корнієнко Станіслав Володимирович | R9: 0 | T9: =C9+D9+E9+F9+G9+H9+I9+J9+K9+L9+M9+N9+O9+P9+Q9 -> 0
A10: 9 | B10: Масливець Ігор Валерійович | D10: 11 | R10: 11 | T10: =C10+D10+E10+F10+G10+H10+I10+J10+K10+L10+M10+N10+O10+P10+Q10 -> 11
A11: 10 | B11: Скрипник Олександр Павлович | R11: 0 | T11: =C11+D11+E11+F11+G11+H11+I11+J11+K11+L11+M11+N11+O11+P11+Q11 -> 0
A12: 11 | B12: Паламарчук Вячеслав Володимирович | R12: 0 | T12: =C12+D12+E12+F12+G12+H12+I12+J12+K12+L12+M12+N12+O12+P12+Q12 -> 0
A13: 12 | B13: Дехтяр Владислав Олександрович | R13: 0 | T13: =C13+D13+E13+F13+G13+H13+I13+J13+K13+L13+M13+N13+O13+P13+Q13 -> 0
A14: 13 | B14: Тужиков Валерій Владиславович | R14: 33 | T14: =C14+D14+E14+F14+G14+H14+I14+J14+K14+L14+M14+N14+O14+P14+Q14 -> 0
A15: 14 | B15: Сівов Євген Миколайович | R15: 57 | T15: =C15+D15+E15+F15+G15+H15+I15+J15+K15+L15+M15+N15+O15+P15+Q15 -> 0
A16: 15 | B16: Кіфор Юрій Михайлович | R16: 0 | T16: =C16+D16+E16+F16+G16+H16+I16+J16+K16+L16+M16+N16+O16+P16+Q16 -> 0
A17: 16 | B17: Петренко Микола Григорович | R17: 0 | T17: =C17+D17+E17+F17+G17+H17+I17+J17+K17+L17+M17+N17+O17+P17+Q17 -> 0
A18: 17 | B18: Рубленко Микола Іванович | R18: 0 | T18: =C18+D18+E18+F18+G18+H18+I18+J18+K18+L18+M18+N18+O18+P18+Q18 -> 0
A19: 18 | B19: Серебренніков Володимир Олександрович | R19: 0 | T19: =C19+D19+E19+F19+G19+H19+I19+J19+K19+L19+M19+N19+O19+P19+Q19 -> 0
A20: 19 | B20: Чешко Сергій Анатолійович | R20: 0 | T20: =C20+D20+E20+F20+G20+H20+I20+J20+K20+L20+M20+N20+O20+P20+Q20 -> 0
A21: 20 | B21: Нерезенко Євгеній Віктоорович | R21: 0 | T21: =C21+D21+E21+F21+G21+H21+I21+J21+K21+L21+M21+N21+O21+P21+Q21 -> 0
A22: 21 | B22: Шавкун Максим Анатолійович | R22: 0 | T22: =C22+D22+E22+F22+G22+H22+I22+J22+K22+L22+M22+N22+O22+P22+Q22 -> 0
... A24: 23 | B24: Салюк Дмитро Андрійович | R24: 0 | T24: =C24+D24+E24+F24+G24+H24+I24+J24+K24+L24+M24+N24+O24+P24+Q24 -> 0
A25: 24 | B25: Маковецький Юрій Миколайович | E25: 11 | R25: 39 | T25: =C25+D25+E25+F25+G25+H25+I25+J25+K25+L25+M25+N25+O25+P25+Q25 -> 11
A26: 25 | B26: Міненко Олександр Андрійович | R26: 0 | T26: =C26+D26+E26+F26+G26+H26+I26+J26+K26+L26+M26+N26+O26+P26+Q26 -> 0
A27: 26 | B27: Салій Дмитро Миколайович | R27: 0 | T27: =C27+D27+E27+F27+G27+H27+I27+J27+K27+L27+M27+N27+O27+P27+Q27 -> 0
A28: 27 | B28: Різніченко Олег Олександрович | C28: 11 | E28: 9 | R28: 58 | T28: =C28+D28+E28+F28+G28+H28+I28+J28+K28+L28+M28+N28+O28+P28+Q28 -> 20
A29: 28 | B29: Рогозовець Андрій Вікторович | D29: 11 | R29: 33 | T29: =C29+D29+E29+F29+G29+H29+I29+J29+K29+L29+M29+N29+O29+P29+Q29 -> 11
A30: 29 | B30: Старков Кирило Юрійович | R30: 0 | T30: =C30+D30+E30+F30+G30+H30+I30+J30+K30+L30+M30+N30+O30+P30+Q30 -> 0
A31: 30 | B31: Зубахін Сергій Александрович | R31: 0 | T31: =C31+D31+E31+F31+G31+H31+I31+J31+K31+L31+M31+N31+O31+P31+Q31 -> 0
A32: 31 | B32: Корнієнко Віталій Олегович | E32: 8 | R32: 8 | T32: =C32+D32+E32+F32+G32+H32+I32+J32+K32+L32+M32+N32+O32+P32+Q32 -> 8
A33: 32 | B33: Щербак Петро Іванович | R33: 0 | T33: =C33+D33+E33+F33+G33+H33+I33+J33+K33+L33+M33+N33+O33+P33+Q33 -> 0
A34: 33 | B34: Онучак Віктор Іванович | D34: 11 | E34: 11 | R34: 50 | T34: =C34+D34+E34+F34+G34+H34+I34+J34+K34+L34+M34+N34+O34+P34+Q34 -> 22
A35: 34 | B35: Батрак Віктор Володимирович | R35: 0 | T35: =C35+D35+E35+F35+G35+H35+I35+J35+K35+L35+M35+N35+O35+P35+Q35 -> 0
A36: 35 | B36: Бондаренко Іван Олександрович | R36: 0 | T36: =C36+D36+E36+F36+G36+H36+I36+J36+K36+L36+M36+N36+O36+P36+Q36 -> 0
A37: 36 | B37: Підлісний Володимир Сергійович | R37: 0 | T37: =C37+D37+E37+F37+G37+H37+I37+J37+K37+L37+M37+N37+O37+P37+Q37 -> 0
A38: 37 | B38: Григоренко Ілля Олександрович | R38: 0 | T38: =C38+D38+E38+F38+G38+H38+I38+J38+K38+L38+M38+N38+O38+P38+Q38 -> 0
A39: 38 | B39: Зінченко Дмитро Володимирович | D39: 11 | E39: 11 | R39: 66 | T39: =C39+D39+E39+F39+G39+H39+I39+J39+K39+L39+M39+N39+O39+P39+Q39 -> 22
A40: 39 | B40: Гребінник Олексій Васильович | D40: 11 | R40: 22 | T40: =C40+D40+E40+F40+G40+H40+I40+J40+K40+L40+M40+N40+O40+P40+Q40 -> 11
A41: 40 | B41: Ізюмець Олександр Евгенович | R41: 0 | T41: =C41+D41+E41+F41+G41+H41+I41+J41+K41+L41+M41+N41+O41+P41+Q41 -> 0
A42: 41 | B42: Маркевич Ігор Ігорьович | C42: 11 | R42: 61 | T42: =C42+D42+E42+F42+G42+H42+I42+J42+K42+L42+M42+N42+O42+P42+Q42 -> 11
A43: 42 | B43: Раменюк Віталій Сергійович | R43: 0 | T43: =C43+D43+E43+F43+G43+H43+I43+J43+K43+L43+M43+N43+O43+P43+Q43 -> 0
A44: 43 | B44: Самогородський Ігор Віталійович | D44: 9 | R44: 31 | T44: =C44+D44+E44+F44+G44+H44+I44+J44+K44+L44+M44+N44+O44+P44+Q44 -> 9
A45: 44 | B45: Іванова Світлана Юріївна | R45: 0 | T45: =C45+D45+E45+F45+G45+H45+I45+J45+K45+L45+M45+N45+O45+P45+Q45 -> 0
A46: 45 | B46: Ісайкіна Тетяна Іванівна | R46: 0 | T46: =C46+D46+E46+F46+G46+H46+I46+J46+K46+L46+M46+N46+O46+P46+Q46 -> 0
A47: 46 | B47: Деркс Сергій Анатолійович | R47: 0 | T47: =C47+D47+E47+F47+G47+H47+I47+J47+K47+L47+M47+N47+O47+P47+Q47 -> 0
A48: 47 | B48: Гусаков Роман Давидович | R48: 0 | T48: =C48+D48+E48+F48+G48+H48+I48+J48+K48+L48+M48+N48+O48+P48+Q48 -> 0
A49: 48 | B49: Гусаков Давид Давидович | R49: 0 | T49: =C49+D49+E49+F49+G49+H49+I49+J49+K49+L49+M49+N49+O49+P49+Q49 -> 0
A50: 49 | B50: Тужиков Артем Денисович | R50: 0 | T50: =C50+D50+E50+F50+G50+H50+I50+J50+K50+L50+M50+N50+O50+P50+Q50 -> 0
A51: 50 | B51: Ластовка Андрій Михайлович | R51: 0 | T51: =C51+D51+E51+F51+G51+H51+I51+J51+K51+L51+M51+N51+O51+P51+Q51 -> 0
A52: 51 | B52: Шомін Вадим Сергійович | R52: 31 | T52: =C52+D52+E52+F52+G52+H52+I52+J52+K52+L52+M52+N52+O52+P52+Q52 -> 0
A53: 52 | B53: Дзюба Едуард Іванович | C53: 12 | R53: 23 | T53: =C53+D53+E53+F53+G53+H53+I53+J53+K53+L53+M53+N53+O53+P53+Q53 -> 12
A54: 53 | B54: Туркевич Дмитро Миколайович | R54: 0 | T54: =C54+D54+E54+F54+G54+H54+I54+J54+K54+L54+M54+N54+O54+P54+Q54 -> 0
A55: 54 | B55: Петров Михайло Олександрович | R55: 0 | T55: =C55+D55+E55+F55+G55+H55+I55+J55+K55+L55+M55+N55+O55+P55+Q55 -> 0
A56: 55 | B56: Кобяковский Іван Олександрович | D56: 11 | E56: 11 | R56: 41 | T56: =C56+D56+E56+F56+G56+H56+I56+J56+K56+L56+M56+N56+O56+P56+Q56 -> 22
A57: 56 | B57: Авжабаров Олексій Володимирович | R57: 31 | T57: =C57+D57+E57+F57+G57+H57+I57+J57+K57+L57+M57+N57+O57+P57+Q57 -> 0
A58: 57 | B58: Дубовий Роман Анатолійович | D58: 11 | R58: 33 | T58: =C58+D58+E58+F58+G58+H58+I58+J58+K58+L58+M58+N58+O58+P58+Q58 -> 11
A59: 58 | B59: Кузнецов Олексій Вікторович | C59: 11 | D59: 11 | E59: 11 | R59: 50 | T59: =C59+D59+E59+F59+G59+H59+I59+J59+K59+L59+M59+N59+O59+P59+Q59 -> 33
A60: 59 | B60: Чернобров Олександр Миколайович | R60: 0 | T60: =C60+D60+E60+F60+G60+H60+I60+J60+K60+L60+M60+N60+O60+P60+Q60 -> 0
A61: 60 | B61: Ткаченко Сергій Володимирович | R61: 0 | T61: =C61+D61+E61+F61+G61+H61+I61+J61+K61+L61+M61+N61+O61+P61+Q61 -> 0
A62: 61 | B62: Ніколаєнко Олександр Сергійович | R62: 0 | T62: =C62+D62+E62+F62+G62+H62+I62+J62+K62+L62+M62+N62+O62+P62+Q62 -> 0
A63: 62 | B63: Циба Василь Олександрович | R63: 0 | T63: =C63+D63+E63+F63+G63+H63+I63+J63+K63+L63+M63+N63+O63+P63+Q63 -> 0
