Workbook
Name spec_values: [1]BOQ_Шаблон!$A$6:$A$275

Sheet МК Нежин 2025
A1: CF | D1: PnL
A2: ='МД Червоний Хрест'!A2 -> - 31.01.2026 | D2: =A2 -> - 31.01.2026
A3: ДОХОД, грн | B3: =SUM(B4:B6) -> 812173.9 | D3: ДОХОД, грн | E3: 1147374.3
A4: Поступление от заказчика | B4: 812173.9
A5: Получение финансовой помощи
A6: Кредитная линия
A8: РАСХОД, грн | B8: =SUM(B9:B14) -> 978326.24 | D8: РАСХОД, грн | E8: ='[2]МК Нежин 2025'!$BR$89 -> 925781.43
A9: 1.Операционная деятельность | B9: 914293.09
A10: 2.Инвестиционная деятельность
A11: 3.Финансовая деятельность
A12: Комиссия по Фин агенту | B12: 64033.15
A13: %% по кредиту
A14: Внутригрупповые
A15: Итого: | B15: =B3-B8 -> -166152.34 | E15: =E3-E8 -> 221592.87
A17: Diff | E17: =E15-B15 -> 387745.21
A19: Задолженность Заказчика | B19: =B20+B21 -> 335200.4
A20: ДТ | B20: =E3-B3 -> 335200.4 | E20: =B20 -> 335200.4
A21: КТ | E21: =B21 -> 0
A23: Взаиморасчеты с Поставщиками, грн | B23: =B24+B25 -> 49363.6
A24: КТ Поставщиков, грн | B24: =17700+31663.6 -> 49363.6 | E24: =-B24 -> -49363.6
A25: ДТ Поставщиков,грн | E25: =B25 -> 0
A26: КТ Спецтехника, грн | E26: =-B26 -> 0
A27: КТ Логистика, грн | E27: =-B27 -> 0
A28: Задолженность по ЗП | B28: =B29+B30 -> 0
A29: ЗП | B29: 0 | E29: =-B29 -> 0
A30: ЗП Акты | E30: =-B30 -> 0
A33: Остатки на складах , грн | B33: =SUM(B34:B37)*1.2 -> 56224.38 | E33: =--B33 -> 56224.38
A34: МШП: СТІЛ Склад Ніжин, грн | B34: 45878.65 | D34: Коректировка по ФА( PnL-CF): | E34: =-73255+B12 -> -9221.85
A35: МШП: СТІЛ Склад Ніжин(Вироб), грн | B35: 975 | D35: Итого DIFF с учетом Остатков и Задолженностей: | E35: =SUM(E20:E34) -> 332839.33
A39: Окончательное CF, грн | B39: =B15+E35 -> 166686.99 | E39: =E15 -> 221592.87
A40: DIFF, грн | B40: =B39-E39 -> -54905.882 | C40: =B40/E3 -> -0.047853505
A43: Цех_МШП (ТОВ "ІНДАСТРІАЛБУД") | B43: 870288.96

Sheet МД МХП Туалетный блок
A1: CF | D1: PnL
A2: ='МД ООН 2025'!A2 -> - 31.01.2026 | D2: =A2 -> - 31.01.2026
A3: ДОХОД, грн | B3: =SUM(B4:B6) -> 297600 | D3: ДОХОД, грн | E3: 297600
A4: Поступление от заказчика | B4: 297600
A5: Получение финансовой помощи
A6: Кредитная линия
A8: РАСХОД, грн | B8: =SUM(B9:B14) -> 243399.11 | D8: РАСХОД, грн | E8: 273488
A9: 1.Операционная деятельность | B9: 242053.11
A10: 2.Инвестиционная деятельность
A11: 3.Финансовая деятельность
A12: Комиссия по Фин агенту | B12: 1346
A13: %% по кредиту
A14: Внутригрупповые
A15: Итого: | B15: =B3-B8 -> 54200.89 | E15: =E3-E8 -> 24112
A17: Diff | E17: =E15-B15 -> -30088.89
A19: Задолженность Заказчика | B19: =B20+B21 -> 0
A20: ДТ | E20: =-B20 -> 0
A21: КТ | E21: =B21 -> 0
A23: Взаиморасчеты с Поставщиками, грн | B23: =B24+B25 -> 0
A24: КТ Поставщиков, грн | B24: 0 | E24: =-B24 -> 0
A25: ДТ Поставщиков,грн | E25: =B25 -> 0
A26: КТ Спецтехника, грн | E26: =-B26 -> 0
A27: КТ Логистика, грн | E27: =-B27 -> 0
A28: Задолженность по ЗП | B28: =B29+B30 -> 0
A29: ЗП | E29: =-B29 -> 0
A30: ЗП Акты | E30: =-B30 -> 0
A33: Остатки на складах , грн | B33: =SUM(B34:B37)*1.2 -> 1233.588 | E33: =-B33 -> -1233.588
A34: Склады Цех_ | B34: 1027.99 | D34: Коректировка по ФА( PnL-CF): | E34: =-5281+B12 -> -3935
D35: Итого DIFF с учетом Остатков и Задолженностей: | E35: =SUM(E20:E34) -> -5168.588
A39: Окончательное CF, грн | B39: =B15+E35 -> 49032.302 | E39: =E15 -> 24112
A40: DIFF, грн | B40: =B39-E39 -> 24920.302 | C40: =B40/E3 -> 0.083737574
A43: Цех_МШП (ТОВ "ІНДАСТРІАЛБУД") | B43: 870288.96

Sheet МД Лазня
A1: CF | D1: PnL
A2: - 31.10.2025 | D2: =A2 -> - 31.10.2025
A3: ДОХОД, грн | B3: =SUM(B4:B6) -> 681000 | D3: ДОХОД, грн | E3: 681000
A4: Поступление от заказчика | B4: 681000
A5: Получение финансовой помощи
A6: Кредитная линия | B6: 0
A8: РАСХОД, грн | B8: =SUM(B9:B14) -> 601570.27 | D8: РАСХОД, грн | E8: ='[2]МД МХП Лазня'!$BR$89 -> 630384.82
A9: 1.Операционная деятельность | B9: 595385.95
A10: 2.Инвестиционная деятельность
A11: 3.Финансовая деятельность
A12: Комиссия по Фин агенту | B12: 6184.32
A13: %% по кредиту | B13: 0
A14: Внутригрупповые
A15: Итого: | B15: =B3-B8 -> 79429.73 | E15: =E3-E8 -> 50615.178
A17: Diff | E17: =E15-B15 -> -28814.552
A19: Задолженность Заказчика | B19: =B20+B21 -> 0
A20: ДТ | E20: =-B20 -> 0
A21: КТ | E21: =B21 -> 0
A23: Взаиморасчеты с Поставщиками, грн | B23: =B24+B25 -> 6000
A24: КТ Поставщиков, грн | B24: 6000 | E24: =-B24 -> -6000
A25: ДТ Поставщиков,грн | E25: =B25 -> 0
A26: КТ Логистика, грн | B26: 0 | E26: =-B26 -> 0
A27: Кредит (на повернення) | B27: 0 | E27: =-B27 -> 0
A28: Задолженность по ЗП, %% | B28: =B29+B30+B31 -> 0
A29: ЗП | B29: 0 | E29: =-B29 -> 0
A30: ЗП Акты | E30: =-B30 -> 0
A31: %% | B31: 0 | E31: =-B31 -> 0
A33: Остатки на складах , грн | B33: =SUM(B34:B37)*1.2 -> 41011.08 | E33: =--B33 -> 41011.08
A34: Стіл МХП лазня | B34: 19460.73 | D34: Коректировка по ФА( PnL-CF): | E34: =-12071+B12 -> -5886.68
A35: Стіл МХП лазня виробничій | B35: 14715.17 | D35: Итого DIFF с учетом Остатков и Задолженностей: | E35: =SUM(E20:E34) -> 29124.4
A39: Окончательное CF, грн | B39: =B15+E35 -> 108554.13 | E39: =E15 -> 50615.178
A40: DIFF, грн | B40: =B39-E39 -> 57938.952 | C40: =IFERROR(B40/E3,0) -> 0.085079224

Sheet МД Червоний Хрест
A1: CF | D1: PnL
A2: ='МД МХП Туалетный блок'!A2 -> - 31.01.2026 | D2: =A2 -> - 31.01.2026
A3: ДОХОД, грн | B3: =SUM(B4:B6) -> 4535000 | D3: ДОХОД, грн | E3: 4535000
A4: Поступление от заказчика | B4: 4535000
A5: Получение финансовой помощи
A6: Кредитная линия
A8: РАСХОД, грн | B8: =SUM(B9:B14) -> 3273271.4 | D8: РАСХОД, грн | E8: ='[2]МД Червоний хрест'!$BR$89 -> 3437652.5
A9: 1.Операционная деятельность | B9: 3217364.4
A10: 2.Инвестиционная деятельность
A11: 3.Финансовая деятельность
A12: Комиссия по Фин агенту | B12: 55907
A13: %% по кредиту
A14: Внутригрупповые
A15: Итого: | B15: =B3-B8 -> 1261728.6 | E15: =E3-E8 -> 1097347.5
A17: Diff | E17: =E15-B15 -> -164381.16
A19: Задолженность Заказчика | B19: =B20+B21 -> 0
A20: ДТ | E20: =B20 -> 0
A21: КТ | E21: =B21 -> 0
A23: Взаиморасчеты с Поставщиками, грн | B23: =B24+B25 -> 20471.7
A24: КТ Поставщиков, грн | E24: =-B24 -> 0
A25: ДТ Поставщиков,грн | B25: 20471.7 | E25: =B25 -> 20471.7
A26: КТ Логистика, грн | B26: 0 | E26: =-B26 -> 0
A27: Кредит (на повернення) | E27: =-B27 -> 0
A28: Задолженность по ЗП | B28: =B29+B30 -> 0
A29: ЗП | B29: 0 | E29: =-B29 -> 0
A30: ЗП Акты | E30: =-B30 -> 0
A31: %% | E31: =-B31 -> 0
A33: Остатки на складах , грн | B33: =SUM(B34:B37)*1.2 -> 16810.632 | E33: =--B33 -> 16810.632
A34: Склад Цех_Червоний хрест, грн | B34: 2822.66 | D34: Коректировка по ФА( PnL-CF): | E34: =-54393+B12 -> 1514
A35: Склад МШП: Цех_Червоний хрест, грн | B35: 11186.2 | D35: Итого DIFF с учетом Остатков и Задолженностей: | E35: =SUM(E20:E34) -> 38796.332
A39: Окончательное CF, грн | B39: =B15+E35 -> 1300525 | E39: =E15 -> 1097347.5
A40: DIFF, грн | B40: =B39-E39 -> 203177.49 | C40: =B40/E3 -> 0.044802093
A43: Цех_МШП (ТОВ "ІНДАСТРІАЛБУД") | B43: 870288.96

Sheet МД IRS
A1: CF | D1: PnL
A2: ='МД Укрнафта контейнер 3 на 4'!A2 -> - 31.01.2026 | D2: =A2 -> - 31.01.2026
A3: ДОХОД, грн | B3: =SUM(B4:B6) -> 12946866 | D3: ДОХОД, грн | E3: 10758540
A4: Поступление от заказчика | B4: 10758540
A5: Получение финансовой помощи
A6: Кредитная линия | B6: 2188326
A8: РАСХОД, грн | B8: =SUM(B9:B14) -> 10002488 | D8: РАСХОД, грн | E8: ='[2]МД IRS'!$BR$89 -> 8543708.8
A9: 1.Операционная деятельность | B9: 7615837.3
A10: 2.Инвестиционная деятельность
A11: 3.Финансовая деятельность | B11: 2188326
A12: Комиссия по Фин агенту | B12: 198325
A13: %% по кредиту | B13: 0
A15: Итого: | B15: =B3-B8 -> 2944377.7 | E15: =E3-E8 -> 2214830.8
A17: Diff | E17: =E15-B15 -> -729546.89
A19: Задолженность Заказчика | B19: =B20+B21 -> 0
A20: ДТ | E20: =-B20 -> 0
A21: КТ | E21: =B21 -> 0
A23: Взаиморасчеты с Поставщиками, грн | B23: =B24+B25 -> 187651.56
A24: КТ Поставщиков, грн | B24: 187651.56 | E24: =-B24 -> -187651.56
A25: ДТ Поставщиков,грн | E25: =B25 -> 0
A26: КТ Логистика, грн | E26: =-B26 -> 0
A27: Кредит (на повернення) | B27: 0 | E27: =-B27 -> 0
A28: Задолженность по ЗП, %% | B28: =B29+B30+B31 -> 0
A29: ЗП | B29: 0 | E29: =-B29 -> 0
A30: ЗП Акты | E30: =-B30 -> 0
A31: %% | B31: 0 | E31: =-B31 -> 0
A33: Остатки на складах , грн | B33: =SUM(B34:B37)*1.2 -> 6748.488 | E33: =--B33 -> 6748.488
A34: Склад Цех МД IRS, грн | B34: 5623.74 | D34: Коректировка по ФА( PnL-CF): | E34: =-151541+B12 -> 46784
D35: Итого DIFF с учетом Остатков и Задолженностей: | E35: =SUM(E20:E34) -> -134119.07
A39: Окончательное CF, грн | B39: =B15+E35 -> 2810258.6 | E39: =E15 -> 2214830.8
A40: DIFF, грн | B40: =B39-E39 -> 595427.82 | C40: =B40/E3 -> 0.05534467
A43: Цех_МШП (ТОВ "ІНДАСТРІАЛБУД") | B43: 870288.96

Sheet МД Укрнафта контейнер 3 на 4
A1: CF | D1: PnL
A2: ='МК Нежин 2025'!A2 -> - 31.01.2026 | D2: =A2 -> - 31.01.2026
A3: ДОХОД, грн | B3: =SUM(B4:B6) -> 704247.91 | D3: ДОХОД, грн | E3: 1418328
A4: Поступление от заказчика
A5: Получение финансовой помощи | B5: 704247.91
A6: Кредитная линия
A8: РАСХОД, грн | B8: =SUM(B9:B14) -> 1821115.7 | D8: РАСХОД, грн | E8: ='[2]МД Укрнафта контейнер 3 на 4'!$BR$89 -> 1789237.8
A9: 1.Операционная деятельность | B9: 1783046.8
A10: 2.Инвестиционная деятельность
A11: 3.Финансовая деятельность
A12: Комиссия по Фин агенту | B12: 38068.93
A13: %% по кредиту
A14: Внутригрупповые
A15: Итого: | B15: =B3-B8 -> -1116867.8 | E15: =E3-E8 -> -370909.84
A17: Diff | E17: =E15-B15 -> 745957.96
A19: Задолженность Заказчика | B19: =B20+B21 -> 1418328
A20: ДТ | B20: 1418328 | E20: =B20 -> 1418328
A21: КТ | E21: =-B21 -> 0
A23: Взаиморасчеты с Поставщиками, грн | B23: =B24+B25 -> 0
A24: КТ Поставщиков, грн | B24: 0 | E24: =-B24 -> 0
A25: ДТ Поставщиков,грн | E25: =B25 -> 0
A26: КТ Логистика, грн | E26: =-B26 -> 0
A27: Кредит (на повернення) | B27: 704247.91 | E27: =-B27 -> -704247.91
A28: Задолженность по ЗП, %% | B28: =B29+B30+B31 -> 0
A29: ЗП | E29: =-B29 -> 0
A30: ЗП Акты | E30: =-B30 -> 0
A31: %% | E31: =-B31 -> 0
A33: Остатки на складах , грн | B33: =SUM(B34:B37)*1.2 -> 31227.336 | E33: =--B33 -> 31227.336
A34: Склад Стіл Укрнафта, грн | B34: 26022.78 | D34: Коректировка по ФА( PnL-CF): | E34: =-42822+B12 -> -4753.07
A35: Склад МШП: Стіл Укрнафта виробничий, грн | D35: Итого DIFF с учетом Остатков и Задолженностей: | E35: =SUM(E20:E34) -> 740554.36
A39: Окончательное CF, грн | B39: =B15+E35 -> -376313.44 | E39: =E15 -> -370909.84
A40: DIFF, грн | B40: =B39-E39 -> -5403.6061 | C40: =B40/E3 -> -0.0038098423
A43: Цех_МШП (ТОВ "ІНДАСТРІАЛБУД") | B43: 870288.96

Sheet МД МХП Франковск 
A1: CF | D1: PnL
A2: ='МД Укрнафта контейнер 3 на 4'!A2 -> - 31.01.2026 | D2: =A2 -> - 31.01.2026
A3: ДОХОД, грн | B3: =SUM(B4:B6) -> 2033883.4 | D3: ДОХОД, грн | E3: 2033883.4
A4: Поступление от заказчика | B4: 2033883.4
A5: Получение финансовой помощи
A6: Кредитная линия
A8: РАСХОД, грн | B8: =SUM(B9:B14) -> 1653431.4 | D8: РАСХОД, грн | E8: 1712119
A9: 1.Операционная деятельность | B9: 1603083
A10: 2.Инвестиционная деятельность
A11: 3.Финансовая деятельность
A12: Комиссия по Фин агенту | B12: 50348.41
A13: %% по кредиту
A14: Внутригрупповые
A15: Итого: | B15: =B3-B8 -> 380451.94 | E15: =E3-E8 -> 321764.37
A17: Diff | E17: =E15-B15 -> -58687.566
A19: Задолженность Заказчика | B19: =B20+B21 -> 0
A20: ДТ | E20: =-B20 -> 0
A21: КТ | B21: 0 | E21: =B21 -> 0
A23: Взаиморасчеты с Поставщиками, грн | B23: =B24+B25 -> 0
A24: КТ Поставщиков, грн | B24: 0 | E24: =-B24 -> 0
A25: ДТ Поставщиков,грн | B25: 0 | E25: =B25 -> 0
A26: КТ Спецтехника, грн | E26: =-B26 -> 0
A27: КТ Логистика, грн | B27: 0 | E27: =-B27 -> 0
A28: Задолженность по ЗП | B28: =B29+B30 -> 0
A29: ЗП | B29: 0 | E29: =-B29 -> 0
A30: ЗП Акты | E30: =-B30 -> 0
A33: Остатки на складах , грн | B33: =SUM(B34:B37)*1.2 -> 0 | E33: =--B33 -> 0
A34: Склад Цех_МД МХП Франковск, грн | B34: 0 | D34: Коректировка по ФА( PnL-CF): | E34: =-49458+B12 -> 890.41
D35: Итого DIFF с учетом Остатков и Задолженностей: | E35: =SUM(E20:E34) -> 890.41
A39: Окончательное CF, грн | B39: =B15+E35 -> 381342.35 | E39: =E15 -> 321764.37
A40: DIFF, грн | B40: =B39-E39 -> 59577.976 | C40: =B40/E3 -> 0.02929272
A43: Цех_МШП (ТОВ "ІНДАСТРІАЛБУД") | B43: 870288.96

Sheet МД ВООЗ ЕМС
A1: CF | D1: PnL
A2: - 31.10.2025 | D2: =A2 -> - 31.10.2025
A3: ДОХОД, грн | B3: =SUM(B4:B6) -> 40373992 | D3: ДОХОД, грн | E3: 37201893
A4: Поступление от заказчика | B4: =37235089.45 -> 37235089
A5: Получение финансовой помощи
A6: Кредитная линия | B6: 3138902.1
A8: РАСХОД, грн | B8: =SUM(B9:B14) -> 31536284 | D8: РАСХОД, грн | E8: ='[2]МД ВООЗ ЕМС'!$BR$89 -> 29265675
A9: 1.Операционная деятельность | B9: 28521544
A10: 2.Инвестиционная деятельность
A11: 3.Финансовая деятельность | B11: 2786786.2
A12: Комиссия по Фин агенту | B12: 227953.86
A13: %% по кредиту
A14: Внутригрупповые
A15: Итого: | B15: =B3-B8 -> 8837707.5 | E15: =E3-E8 -> 7936217.8
A17: Diff | E17: =E15-B15 -> -901489.74
A19: Задолженность Заказчика | B19: =B20+B21 -> 0
A20: ДТ | E20: =-B20 -> 0
A21: КТ | E21: =-B21 -> 0
A23: Взаиморасчеты с Поставщиками, грн | B23: =B24+B25 -> 1410003.2
A24: КТ Поставщиков, грн | B24: 1275503.2 | E24: =-B24 -> -1275503.2
A25: ДТ Поставщиков,грн | B25: 134500 | E25: =B25 -> 134500
A26: КТ Спецтехника, грн | E26: =-B26 -> 0
A27: КТ Логистика, грн | B27: 12600 | E27: =-B27 -> -12600
A28: Задолженность по ЗП | B28: =B29+B30 -> 0
A29: ЗП | B29: 0 | E29: =-B29 -> 0
A30: ЗП Акты | E30: =-B30 -> 0
A33: Остатки на складах , грн | B33: =SUM(B34:B37)*1.2 -> 0 | E33: =--B33 -> 0
A34: Склады Цех_ВООЗ(ЕМС) | B34: 0 | D34: Коректировка по ФА( PnL-CF): | E34: =-946497+B12 -> -718543.14
D35: Итого DIFF с учетом Остатков и Задолженностей: | E35: =SUM(E20:E34) -> -1872146.4
A39: Окончательное CF, грн | B39: =B15+E35 -> 6965561.1 | E39: =E15 -> 7936217.8
A40: DIFF, грн | B40: =B39-E39 -> -970656.63 | C40: =B40/E3 -> -0.026091593
A43: Цех_МШП (ТОВ "ІНДАСТРІАЛБУД") | B43: 870288.96

Sheet МД ВООЗ 2025
A1: CF | D1: PnL
A2: - 31.01.2026 | D2: =A2 -> - 31.01.2026
A3: ДОХОД, грн | B3: =SUM(B4:B6) -> 17088747 | D3: ДОХОД, грн
A4: Поступление от заказчика | B4: 17088747
A5: Получение финансовой помощи
A6: Кредитная линия
A8: РАСХОД, грн | B8: =SUM(B9:B14) -> 11951193 | D8: РАСХОД, грн | E8: =E9 -> 3566845
A9: 1.Операционная деятельность | B9: 11814920 | E9: 3566845
A10: 2.Инвестиционная деятельность
A11: 3.Финансовая деятельность
A12: Комиссия по Фин агенту | B12: 136273
A13: %% по кредиту | B13: 0
A14: Внутригрупповые
A15: Итого: | B15: =B3-B8 -> 5137554 | E15: =E3-E8 -> -3566845
A17: Diff | E17: =E15-B15 -> -8704399
A19: Задолженность Заказчика | B19: =B20+B21 -> 17088747
A20: ДТ | E20: =B20 -> 0
A21: КТ | B21: 17088747 | E21: =-B21 -> -17088747
A23: Взаиморасчеты с Поставщиками, грн | B23: =B24+B25 -> 620775
A24: КТ Поставщиков, грн | B24: 464575 | E24: =-B24 -> -464575
A25: ДТ Поставщиков,грн | B25: 156200 | E25: =B25 -> 156200
A26: КТ Логистика, грн | E26: =-B26 -> 0
A27: Кредит (на повернення) | B27: =B6 -> 0 | E27: =-B27 -> 0
A28: Задолженность по ЗП, %% | B28: =B29+B30+B31 -> 95090
A29: ЗП | E29: =-B29 -> 0
A30: ЗП Акты | B30: 95090 | E30: =-B30 -> -95090
A31: %% | B31: 0 | E31: =-B31 -> 0
A33: Остатки на складах , грн | B33: =SUM(B34:B37)*1.2 -> 8523386.4 | E33: =--B33 -> 8523386.4
A34: Стіл ВООЗ 2025, грн | B34: =2754652+848033+243465 -> 3846150 | D34: Коректировка по ФА( PnL-CF): | E34: =-265570+B12 -> -129297
B35: 3256672 | D35: Итого DIFF с учетом Остатков и Задолженностей: | E35: =SUM(E20:E34) -> -9098122.6
A39: Окончательное CF, грн | B39: =B15+E35 -> -3960568.6 | E39: =E15 -> -3566845
A40: DIFF, грн | B40: =B39-E39 -> -393723.6 | C40: =IFERROR(B40/E3,0) -> 0

Sheet МД ООН 2025
A1: CF | D1: PnL
A2: ='МД ВООЗ 2025'!A2 -> - 31.01.2026 | D2: =A2 -> - 31.01.2026
A3: ДОХОД, грн | B3: =SUM(B4:B6) -> 25789280 | D3: ДОХОД, грн | E3: =E4 -> 21456041
A4: Поступление от заказчика | B4: 25789280 | E4: 21456041
A5: Получение финансовой помощи
A6: Кредитная линия
A8: РАСХОД, грн | B8: =SUM(B9:B14) -> 29669633 | D8: РАСХОД, грн | E8: =E9 -> 23361809
A9: 1.Операционная деятельность | B9: 29341346 | E9: 23361809
A10: 2.Инвестиционная деятельность
A11: 3.Финансовая деятельность
A12: Комиссия по Фин агенту | B12: 328287
A13: %% по кредиту
A14: Внутригрупповые
A15: Итого: | B15: =B3-B8 -> -3880353 | E15: =E3-E8 -> -1905768
A17: Diff | E17: =E15-B15 -> 1974585
A19: Задолженность Заказчика | B19: =B20+B21 -> 4333239.4
A20: ДТ | E20: =B20 -> 0
A21: КТ | B21: 4333239.4 | E21: =-B21 -> -4333239.4
A23: Взаиморасчеты с Поставщиками, грн | B23: =B24+B25 -> 1247220
A24: КТ Поставщиков, грн | B24: 1059871 | E24: =-B24 -> -1059871
A25: ДТ Поставщиков,грн | B25: 187349 | E25: =B25 -> 187349
A26: КТ Спецтехника, грн | E26: =-B26 -> 0
A27: КТ Логистика, грн | E27: =-B27 -> 0
A28: Задолженность по ЗП | B28: =B29+B30 -> 338261
A29: ЗП | E29: =-B29 -> 0
A30: ЗП Акты | B30: 338261 | E30: =-B30 -> -338261
A33: Остатки на складах , грн | B33: =SUM(B34:B37)*1.2 -> 8629879.2 | E33: =--B33 -> 8629879.2
A34: Склад Цех МД ООН, грн | B34: =2949561+540640+1125950 -> 4616151 | D34: Коректировка по ФА( PnL-CF): | E34: =-714105+B12 -> -385818
A35: Склад МШП: Цех МД ООН, грн | B35: 2575415 | D35: Итого DIFF с учетом Остатков и Задолженностей: | E35: =SUM(E20:E34) -> 2700038.8
A39: Окончательное CF, грн | B39: =B15+E35 -> -1180314.2 | E39: =E15 -> -1905768
A40: DIFF, грн | B40: =B39-E39 -> 725453.79 | C40: =B40/B3 -> 0.028130052

Sheet МК Глобино
A1: CF | D1: PnL
A2: ='МД ООН 2025'!A2 -> - 31.01.2026 | D2: =A2 -> - 31.01.2026
A3: ДОХОД, грн | B3: =SUM(B4:B6) -> 10787182 | D3: ДОХОД, грн | E3: =E4 -> 10089531
A4: Поступление от заказчика | B4: 10787182 | E4: 10089531
A5: Получение финансовой помощи
A6: Кредитная линия
A8: РАСХОД, грн | B8: =SUM(B9:B14) -> 6641280 | D8: РАСХОД, грн | E8: =E9 -> 7100488
A9: 1.Операционная деятельность | B9: 6513413 | E9: 7100488
A10: 2.Инвестиционная деятельность
A11: 3.Финансовая деятельность
A12: Комиссия по Фин агенту | B12: 127866.98
A13: %% по кредиту
A14: Внутригрупповые
A15: Итого: | B15: =B3-B8 -> 4145902 | E15: =E3-E8 -> 2989043
A17: Diff | E17: =E15-B15 -> -1156859
A19: Задолженность Заказчика | B19: =B20+B21 -> 953224.07
A20: ДТ | B20: 127786.1 | E20: =B20 -> 127786.1
A21: КТ | B21: 825437.97 | E21: =-B21 -> -825437.97
A23: Взаиморасчеты с Поставщиками, грн | B23: =B24+B25 -> 145771.86
A24: КТ Поставщиков, грн | B24: 145771.86 | E24: =-B24 -> -145771.86
A25: ДТ Поставщиков,грн | E25: =B25 -> 0
A26: КТ Спецтехника, грн | E26: =-B26 -> 0
A27: КТ Логистика, грн | E27: =-B27 -> 0
A28: Задолженность по ЗП | B28: =B29+B30 -> 248664.99
A29: ЗП | E29: =-B29 -> 0
A30: ЗП Акты | B30: 248664.99 | E30: =-B30 -> -248664.99
A33: Остатки на складах , грн | B33: =SUM(B34:B37)*1.2 -> 347235.95 | E33: =--B33 -> 347235.95
A34: СТІЛ Глобино | B34: =176248.03+113115.26 -> 289363.29 | D34: Коректировка по ФА( PnL-CF): | E34: =-482046+B12 -> -354179.02
A35: СТІЛ ЦЕХ Глобино | D35: Итого DIFF с учетом Остатков и Задолженностей: | E35: =SUM(E20:E34) -> -1099031.8
A39: Окончательное CF, грн | B39: =B15+E35 -> 3046870.2 | E39: =E15 -> 2989043
A40: DIFF, грн | B40: =B39-E39 -> 57827.228 | C40: =B40/E3 -> 0.0057314089

Sheet МК МХП Катеринополь
A1: CF | D1: PnL
A2: 46022 | D2: 46022
A3: ДОХОД, грн | B3: =SUM(B4:B6) -> 5338863 | D3: ДОХОД, грн | E3: 5983963
A4: Поступление от заказчика | B4: 5338863
A5: Получение финансовой помощи
A6: Кредитная линия
A8: РАСХОД, грн | B8: =SUM(B9:B14) -> 5326802.8 | D8: РАСХОД, грн | E8: 5206634
A9: 1.Операционная деятельность | B9: 5231459
A10: 2.Инвестиционная деятельность
A11: 3.Финансовая деятельность
A12: Комиссия по Фин агенту | B12: 95343.85
A13: %% по кредиту
A14: Внутригрупповые
A15: Итого: | B15: =B3-B8 -> 12060.15 | E15: =E3-E8 -> 777329
A17: Diff | E17: =E15-B15 -> 765268.85
A19: Задолженность Заказчика | B19: =B20+B21 -> 645099
A20: ДТ | B20: 645099 | E20: =B20 -> 645099
A21: КТ | E21: =-B21 -> 0
A23: Взаиморасчеты с Поставщиками, грн | B23: =B24+B25 -> 12077
A24: КТ Поставщиков, грн | B24: 12077 | E24: =-B24 -> -12077
A25: ДТ Поставщиков,грн | E25: =B25 -> 0
A26: КТ Спецтехника, грн | E26: =-B26 -> 0
A27: КТ Логистика, грн | E27: =-B27 -> 0
A28: Задолженность по ЗП | B28: =B29+B30 -> 0
A29: ЗП | E29: =-B29 -> 0
A30: ЗП Акты | E30: =-B30 -> 0
A33: Остатки на складах , грн | B33: =SUM(B34:B37)*1.2 -> 221592 | E33: =--B33 -> 221592
A34: 201 Склад МШП - СТІЛ МХП | B34: 184660 | D34: Коректировка по ФА( PnL-CF): | E34: =-472130+B12 -> -376786.15
D35: Итого DIFF с учетом Остатков и Задолженностей: | E35: =SUM(E20:E34) -> 477827.85
A39: Окончательное CF, грн | B39: =B15+E35 -> 489888 | E39: =E15 -> 777329
A40: DIFF, грн | B40: =B39-E39 -> -287441 | C40: =B40/E3 -> -0.048035223

Sheet Кернел Кухня
A1: CF | D1: PnL
A2: ='МК Глобино'!A2 -> - 31.01.2026 | D2: =A2 -> - 31.01.2026
A3: ДОХОД, грн | B3: =SUM(B4:B6) -> 9278240.1 | D3: ДОХОД, грн | E3: 0
A4: Поступление от заказчика | B4: 9278240.1
A5: Получение финансовой помощи
A6: Кредитная линия
A8: РАСХОД, грн | B8: =SUM(B9:B14) -> 11076751 | D8: РАСХОД, грн | E8: =E9 -> 4674401
A9: 1.Операционная деятельность | B9: 10901766 | E9: 4674401
A10: 2.Инвестиционная деятельность
A11: 3.Финансовая деятельность
A12: Комиссия по Фин агенту | B12: 174984.91
A13: %% по кредиту
A14: Внутригрупповые
A15: Итого: | B15: =B3-B8 -> -1798511 | E15: =E3-E8 -> -4674401
A17: Diff | E17: =E15-B15 -> -2875890
A19: Задолженность Заказчика | B19: =B20+B21 -> 9278240.1
A20: ДТ | E20: =B20 -> 0
A21: КТ | B21: 9278240.1 | E21: =-B21 -> -9278240.1
A23: Взаиморасчеты с Поставщиками, грн | B23: =B24+B25 -> 672334.83
A24: КТ Поставщиков, грн | B24: 664173.91 | E24: =-B24 -> -664173.91
A25: ДТ Поставщиков,грн | B25: 8160.92 | E25: =B25 -> 8160.92
A26: КТ Логистика, грн | E26: =-B26 -> 0
A27: Кредит (на повернення) | E27: =-B27 -> 0
A28: Задолженность по ЗП, %% | B28: =B29+B30 -> 0
A29: ЗП | B29: 0 | E29: =-B29 -> 0
A30: ЗП Акты | E30: =-B30 -> 0
A31: %% | B31: 0 | E31: =-B31 -> 0
A33: Остатки на складах , грн | B33: =SUM(B34:B37)*1.2 -> 7058827.9 | E33: =--B33 -> 7058827.9
A34: Цех_Кернел кухня, грн | B34: =91523.09+5782401.85+8431.68 -> 5882356.6 | D34: Коректировка по ФА( PnL-CF): | E34: =-477019+B12 -> -302034.09
D35: Итого DIFF с учетом Остатков и Задолженностей: | E35: =SUM(E20:E34) -> -3177459.2
A39: Окончательное CF, грн | B39: =B15+E35 -> -4975970.2 | E39: =E15 -> -4674401
A40: DIFF, грн | B40: =B39-E39 -> -301569.25 | C40: =B40/B3 -> -0.03250285

Sheet Укрнафта1модуль
A1: CF | D1: PnL
A2: ='МК Глобино'!A2 -> - 31.01.2026 | D2: =A2 -> - 31.01.2026
A3: ДОХОД, грн | B3: =SUM(B4:B6) -> 0 | D3: ДОХОД, грн | E3: 0
A4: Поступление от заказчика | B4: 0
A5: Получение финансовой помощи
A6: Кредитная линия
A8: РАСХОД, грн | B8: =SUM(B9:B14) -> 561942.12 | D8: РАСХОД, грн | E8: =E9 -> 88007
A9: 1.Операционная деятельность | B9: 561772.01 | E9: 88007
A10: 2.Инвестиционная деятельность
A11: 3.Финансовая деятельность
A12: Комиссия по Фин агенту | B12: 170.11
A13: %% по кредиту
A14: Внутригрупповые
A15: Итого: | B15: =B3-B8 -> -561942.12 | E15: =E3-E8 -> -88007
A17: Diff | E17: =E15-B15 -> 473935.12
A19: Задолженность Заказчика | B19: =B20+B21 -> 0
A20: ДТ | E20: =B20 -> 0
A21: КТ | B21: 0 | E21: =-B21 -> 0
A23: Взаиморасчеты с Поставщиками, грн | B23: =B24+B25 -> 15869
A24: КТ Поставщиков, грн | B24: 15543 | E24: =-B24 -> -15543
A25: ДТ Поставщиков,грн | B25: 326 | E25: =B25 -> 326
A26: КТ Логистика, грн | E26: =-B26 -> 0
A27: Кредит (на повернення) | E27: =-B27 -> 0
A28: Задолженность по ЗП, %% | B28: =B29+B30 -> 83703.12
A29: ЗП | B29: 0 | E29: =-B29 -> 0
A30: ЗП Акты | B30: 83703.12 | E30: =-B30 -> -83703.12
A31: %% | B31: 0 | E31: =-B31 -> 0
A33: Остатки на складах , грн | B33: =SUM(B34:B37)*1.2 -> 534904.34 | E33: =--B33 -> 534904.34
A34: Стіл Укрнафта, грн | B34: =292818.72+26022.78+126912.12 -> 445753.62 | D34: Коректировка по ФА( PnL-CF): | E34: =-8692+B12 -> -8521.89
D35: Итого DIFF с учетом Остатков и Задолженностей: | E35: =SUM(E20:E34) -> 427462.33
A39: Окончательное CF, грн | B39: =B15+E35 -> -134479.79 | E39: =E15 -> -88007
A40: DIFF, грн | B40: =B39-E39 -> -46472.786 | C40: =B40/B3 -> #DIV/0!

Sheet КПП Червоний хрест 
A1: CF | D1: PnL
A2: ='МК Глобино'!A2 -> - 31.01.2026 | D2: =A2 -> - 31.01.2026
A3: ДОХОД, грн | B3: =SUM(B4:B6) -> 0 | D3: ДОХОД, грн | E3: 0
A4: Поступление от заказчика | B4: 0
A5: Получение финансовой помощи
A6: Кредитная линия
A8: РАСХОД, грн | B8: =SUM(B9:B14) -> 815373.07 | D8: РАСХОД, грн | E8: =E9 -> 97239
A9: 1.Операционная деятельность | B9: 815373.07 | E9: 97239
A10: 2.Инвестиционная деятельность
A11: 3.Финансовая деятельность
A12: Комиссия по Фин агенту | B12: 0
A13: %% по кредиту
A14: Внутригрупповые
A15: Итого: | B15: =B3-B8 -> -815373.07 | E15: =E3-E8 -> -97239
A17: Diff | E17: =E15-B15 -> 718134.07
A19: Задолженность Заказчика | B19: =B20+B21 -> 0
A20: ДТ | E20: =B20 -> 0
A21: КТ | B21: 0 | E21: =-B21 -> 0
A23: Взаиморасчеты с Поставщиками, грн | B23: =B24+B25 -> 112887.14
A24: КТ Поставщиков, грн | B24: =46256.9+6471.7 -> 52728.6 | E24: =-B24 -> -52728.6
A25: ДТ Поставщиков,грн | B25: 60158.54 | E25: =B25 -> 60158.54
A26: КТ Логистика, грн | E26: =-B26 -> 0
A27: Кредит (на повернення) | E27: =-B27 -> 0
A28: Задолженность по ЗП, %% | B28: =B29+B30 -> 106858.89
A29: ЗП | B29: 0 | E29: =-B29 -> 0
A30: ЗП Акты | B30: 106858.89 | E30: =-B30 -> -106858.89
A31: %% | B31: 0 | E31: =-B31 -> 0
A33: Остатки на складах , грн | B33: =SUM(B34:B37)*1.2 -> 806511.53 | E33: =--B33 -> 806511.53
A34: Стіл Укрнафта, грн | B34: =8056.5+664036.44 -> 672092.94 | D34: Коректировка по ФА( PnL-CF): | E34: =-5849+B12 -> -5849
D35: Итого DIFF с учетом Остатков и Задолженностей: | E35: =SUM(E20:E34) -> 701233.58
A39: Окончательное CF, грн | B39: =B15+E35 -> -114139.49 | E39: =E15 -> -97239
A40: DIFF, грн | B40: =B39-E39 -> -16900.492 | C40: =B40/B3 -> #DIV/0!

Sheet МК Астарта.Тищенки
A1: CF | D1: PnL
A2: ='МД Укрнафта контейнер 3 на 4'!A2 -> - 31.01.2026 | D2: =A2 -> - 31.01.2026
A3: ДОХОД, грн | B3: =SUM(B4:B6) -> 1716539 | D3: ДОХОД, грн | E3: 1757371
A4: Поступление от заказчика | B4: 1716539
A5: Получение финансовой помощи
A6: Кредитная линия | B6: 0
A8: РАСХОД, грн | B8: 633731 | D8: РАСХОД, грн | E8: 718192
A9: 1.Операционная деятельность
A10: 2.Инвестиционная деятельность
A11: 3.Финансовая деятельность
A12: Комиссия по Фин агенту
A13: %% по кредиту | B13: 0
A14: Внутригрупповые
A15: Итого: | B15: =B3-B8 -> 1082808 | E15: =E3-E8 -> 1039179
A17: Diff | E17: =E15-B15 -> -43629
A19: Задолженность Заказчика | B19: =B20+B21 -> 40832
A20: ДТ | B20: 40832 | E20: =B20 -> 40832
A21: КТ | B21: 0 | E21: =-B21 -> 0
A23: Взаиморасчеты с Поставщиками, грн | B23: =B24+B25 -> 168584
A24: КТ Поставщиков, грн | B24: 168584 | E24: =-B24 -> -168584
A25: ДТ Поставщиков,грн | E25: =B25 -> 0
A26: КТ Логистика, грн | E26: =-B26 -> 0
A27: Кредит (на повернення) | B27: 0 | E27: =-B27 -> 0
A28: Задолженность по ЗП, %% | B28: =B29+B30+B31 -> 0
A29: ЗП | E29: =-B29 -> 0
A30: ЗП Акты | E30: =-B30 -> 0
A31: %% | B31: 0 | E31: =-B31 -> 0
A33: Остатки на складах , грн | B33: =SUM(B34:B37)*1.2 -> 83731.2 | E33: =--B33 -> 83731.2
A34: Склад Цех МК Астарта.Тищенки, грн | B34: =57508+12268 -> 69776 | D34: Коректировка по ФА( PnL-CF): | E34: =-66181+B12 -> -66181
D35: Итого DIFF с учетом Остатков и Задолженностей: | E35: =SUM(E20:E34) -> -110201.8
A39: Окончательное CF, грн | B39: =B15+E35 -> 972606.2 | E39: =E15 -> 1039179
A40: DIFF, грн | B40: =B39-E39 -> -66572.8 | C40: =IFERROR(B40/E3,0) -> -0.037882041

Sheet МКБориспільська
A1: CF | D1: PnL
A2: ='МД Укрнафта контейнер 3 на 4'!A2 -> - 31.01.2026 | D2: =A2 -> - 31.01.2026
A3: ДОХОД, грн | B3: =SUM(B4:B6) -> 3120996 | D3: ДОХОД, грн | E3: 3120996
A4: Поступление от заказчика | B4: 3120996 | E4: 3120996
A5: Получение финансовой помощи
A6: Кредитная линия | B6: 0
A8: РАСХОД, грн | B8: =SUM(B9:B14) -> 2295664 | D8: РАСХОД, грн | E8: 2567909
A9: 1.Операционная деятельность | B9: 2295664
A10: 2.Инвестиционная деятельность
A11: 3.Финансовая деятельность
A12: Комиссия по Фин агенту
A13: %% по кредиту | B13: 0
A14: Внутригрупповые
A15: Итого: | B15: =B3-B8 -> 825332 | E15: =E3-E8 -> 553087
A17: Diff | E17: =E15-B15 -> -272245
A19: Задолженность Заказчика | B19: =B20+B21 -> 0
A20: ДТ | B20: 0 | E20: =B20 -> 0
A21: КТ | B21: 0 | E21: =-B21 -> 0
A23: Взаиморасчеты с Поставщиками, грн | B23: =B24+B25 -> 389538
A24: КТ Поставщиков, грн | B24: 389538 | E24: =-B24 -> -389538
A25: ДТ Поставщиков,грн | E25: =B25 -> 0
A26: КТ Логистика, грн | E26: =-B26 -> 0
A27: Кредит (на повернення) | B27: 0 | E27: =-B27 -> 0
A28: Задолженность по ЗП, %% | B28: =B29+B30+B31 -> 172816
A29: ЗП | B29: 172816 | E29: =-B29 -> -172816
A30: ЗП Акты | E30: =-B30 -> 0
A31: %% | B31: 0 | E31: =-B31 -> 0
A33: Остатки на складах , грн | B33: =SUM(B34:B37)*1.2 -> 259780.8 | E33: =--B33 -> 259780.8
A34: Склад Цех МКБориспільська, грн | B34: 216484 | D34: Коректировка по ФА( PnL-CF): | E34: =-52482+B12 -> -52482
D35: Итого DIFF с учетом Остатков и Задолженностей: | E35: =SUM(E20:E34) -> -355055.2
A39: Окончательное CF, грн | B39: =B15+E35 -> 470276.8 | E39: =E15 -> 553087
A40: DIFF, грн | B40: =B39-E39 -> -82810.2 | C40: =IFERROR(B40/E3,0) -> -0.026533261

Sheet Производство
A1: CF | D1: PnL
A2: ='МД Укрнафта контейнер 3 на 4'!A2 -> - 31.01.2026 | D2: ='МД Укрнафта контейнер 3 на 4'!D2 -> - 31.01.2026
A3: ДОХОД, грн | B3: =SUM(B4:B7) -> 69998851 | D3: ДОХОД, грн | E3: =SUM(E4) -> 31545572
A4: Поступление от заказчика | B4: ='МД ВООЗ 2025'!B4+'МД ООН 2025'!B4+'МК Глобино'!B4+'МК МХП Катеринополь'!B4+'Кернел Кухня'!B4+'МК Астарта.Тищенки'!B4 -> 69998851 | E4: ='МД ВООЗ 2025'!E4+'МД ООН 2025'!E4+'МК Глобино'!E4+'МК МХП Катеринополь'!E4+'Кернел Кухня'!E4+'МК Астарта.Тищенки'!E4 -> 31545572
A5: Получение финансовой помощи | B5: ='МД ВООЗ 2025'!B5+'МД ООН 2025'!B5+'МК Глобино'!B5+'МК МХП Катеринополь'!B5+'Кернел Кухня'!B5+'МК Астарта.Тищенки'!B5 -> 0 | E5: ='МД ВООЗ 2025'!E5+'МД ООН 2025'!E5+'МК Глобино'!E5+'МК МХП Катеринополь'!E5+'Кернел Кухня'!E5+'МК Астарта.Тищенки'!E5 -> 0
A6: Кредитная линия | B6: ='МД ВООЗ 2025'!B6+'МД ООН 2025'!B6+'МК Глобино'!B6+'МК МХП Катеринополь'!B6+'Кернел Кухня'!B6+'МК Астарта.Тищенки'!B6 -> 0
B7: ='МД ВООЗ 2025'!B7+'МД ООН 2025'!B7+'МК Глобино'!B7+'МК МХП Катеринополь'!B7+'Кернел Кухня'!B7+'МК Астарта.Тищенки'!B7 -> 0
A8: РАСХОД, грн | B8: =SUM(B9:B14) -> 64665660 | D8: РАСХОД, грн | E8: ='МД ВООЗ 2025'!E8+'МД ООН 2025'!E8+'МК Глобино'!E8+'МК МХП Катеринополь'!E8+'Кернел Кухня'!E8+'МК Астарта.Тищенки'!E8 -> 44628369
A9: 1.Операционная деятельность | B9: ='МД ВООЗ 2025'!B9+'МД ООН 2025'!B9+'МК Глобино'!B9+'МК МХП Катеринополь'!B9+'Кернел Кухня'!B9+'МК Астарта.Тищенки'!B9 -> 63802904
A10: 2.Инвестиционная деятельность | B10: ='МД ВООЗ 2025'!B10+'МД ООН 2025'!B10+'МК Глобино'!B10+'МК МХП Катеринополь'!B10+'Кернел Кухня'!B10+'МК Астарта.Тищенки'!B10 -> 0
A11: 3.Финансовая деятельность | B11: ='МД ВООЗ 2025'!B11+'МД ООН 2025'!B11+'МК Глобино'!B11+'МК МХП Катеринополь'!B11+'Кернел Кухня'!B11+'МК Астарта.Тищенки'!B11 -> 0
A12: Комиссия по Фин агенту | B12: ='МД ВООЗ 2025'!B12+'МД ООН 2025'!B12+'МК Глобино'!B12+'МК МХП Катеринополь'!B12+'Кернел Кухня'!B12+'МК Астарта.Тищенки'!B12 -> 862755.74
A13: %% по кредиту | B13: ='МД ВООЗ 2025'!B13+'МД ООН 2025'!B13+'МК Глобино'!B13+'МК МХП Катеринополь'!B13+'Кернел Кухня'!B13+'МК Астарта.Тищенки'!B13 -> 0
A14: Внутригрупповые
A15: Итого: | B15: =B3-B8 -> 5333191.2 | D15: Итого: | E15: =E3-E8 -> -13082797
A17: Diff | E17: =E15-B15 -> -18415988
A19: Задолженность Заказчика | B19: =B20-B21 -> -30711947
A20: ДТ | B20: ='МД ВООЗ 2025'!B20+'МД ООН 2025'!B20+'МК Глобино'!B20+'МК МХП Катеринополь'!B20+'Кернел Кухня'!B20+'МК Астарта.Тищенки'!B20 -> 813717.1 | E20: =B20 -> 813717.1
A21: КТ | B21: ='МД ВООЗ 2025'!B21+'МД ООН 2025'!B21+'МК Глобино'!B21+'МК МХП Катеринополь'!B21+'Кернел Кухня'!B21+'МК Астарта.Тищенки'!B21 -> 31525664 | E21: =-B21 -> -31525664
A23: Взаиморасчеты с Поставщиками, грн
A24: КТ Поставщиков, грн | B24: ='МД ВООЗ 2025'!B24+'МД ООН 2025'!B24+'МК Глобино'!B24+'МК МХП Катеринополь'!B24+'Кернел Кухня'!B24+'МК Астарта.Тищенки'!B24 -> 2515052.8 | E24: =-B24 -> -2515052.8
A25: ДТ Поставщиков,грн | B25: ='МД ВООЗ 2025'!B25+'МД ООН 2025'!B25+'МК Глобино'!B25+'МК МХП Катеринополь'!B25+'Кернел Кухня'!B25+'МК Астарта.Тищенки'!B25 -> 351709.92 | E25: =B25 -> 351709.92
A26: КТ Логистика, грн | B26: ='МД ВООЗ 2025'!B26+'МД ООН 2025'!B26+'МК Глобино'!B26+'МК МХП Катеринополь'!B26+'Кернел Кухня'!B26+'МК Астарта.Тищенки'!B26 -> 0 | E26: =-B26 -> 0
A27: Кредит (на повернення) | B27: ='Кернел Кухня'!B27+'МД Червоний Хрест'!B27+'МД Укрнафта контейнер 3 на 4'!B27+'МД IRS'!B27+'МД ВООЗ 2025'!B27 -> 704247.91 | E27: =-B27 -> -704247.91
A28: Задолженность по ЗП | B28: =B29+B30 -> 682015.99
A29: ЗП | B29: ='МД ВООЗ 2025'!B29+'МД ООН 2025'!B29+'МК Глобино'!B29+'МК МХП Катеринополь'!B29+'Кернел Кухня'!B29+'МК Астарта.Тищенки'!B29 -> 0 | E29: =-B29 -> 0
A30: ЗП Акты | B30: ='МД ВООЗ 2025'!B30+'МД ООН 2025'!B30+'МК Глобино'!B30+'МК МХП Катеринополь'!B30+'Кернел Кухня'!B30+'МК Астарта.Тищенки'!B30 -> 682015.99 | E30: =-B30 -> -682015.99
B31: ='МД ВООЗ 2025'!B31+'МД ООН 2025'!B31+'МК Глобино'!B31+'МК МХП Катеринополь'!B31+'Кернел Кухня'!B31+'МК Астарта.Тищенки'!B31 -> 0 | E31: =-B31 -> 0
A33: Остатки на складах , грн | B33: =SUM(B34:B36)*1.2 -> 24864653 | E33: =--B33 -> 24864653
A34: Залишки | B34: ='МД ВООЗ 2025'!B34+'МД ООН 2025'!B34+'МК Глобино'!B34+'МК МХП Катеринополь'!B34+'Кернел Кухня'!B34+'МК Астарта.Тищенки'!B34 -> 14888457 | D34: Коректировка по ФА( PnL-CF): | E34: ='МД ВООЗ ЕМС'!E34+'Кернел Кухня'!E34+'МК МХП Катеринополь'!E34+'МК Глобино'!E34+'МД ООН 2025'!E34+'МД МХП Туалетный блок'!E34+'МД Червоний Хрест'!E34+'МК Нежин 2025'!E34+'МД Укрнафта контейнер 3 на 4'!E34+'МД МХП Франковск '!E34+'МД IRS'!E34+'МД Лазня'!E34+'МК Астарта.Тищенки'!E34+'МД ВООЗ 2025'!E34 -> -2307446.6
A35: МШП | B35: ='МД ВООЗ 2025'!B35+'МД ООН 2025'!B35+'МК Глобино'!B35+'МК МХП Катеринополь'!B35+'Кернел Кухня'!B35+'МК Астарта.Тищенки'!B35 -> 5832087 | D35: Итого DIFF с учетом Остатков и Задолженностей: | E35: =SUM(E20:E34) -> -11704348
A39: Окончательное CF, грн | B39: =B15+E35 -> -6371156.9 | E39: =E15 -> -13082797
A40: DIFF, грн | B40: ='МД ВООЗ ЕМС'!B40+'Кернел Кухня'!B40+'МК МХП Катеринополь'!B40+'МК Глобино'!B40+'МД ООН 2025'!B40+'МД МХП Туалетный блок'!B40+'МД Червоний Хрест'!B40+'МК Нежин 2025'!B40+'МД Укрнафта контейнер 3 на 4'!B40+'МД МХП Франковск '!B40+'МД IRS'!B40+'МД Лазня'!B40+'МК Астарта.Тищенки'!B40+'МД ВООЗ 2025'!B40 -> -355949.2 | C40: =B40/E3 -> -0.01128365
A44: Цех_МШП (ТОВ "ІНДАСТРІАЛБУД") | B44: =454854+71625 -> 526479
