Workbook

Sheet СВОД
F1: ГРН без НДС
B2: Наименование склада | C2: Списание, грн. без НДС | D2: Списание, грн. с НДС | F2: Октябрь 24 | G2: Ноябрь 24 | H2: Декабрь 24
B3: Глобине-2 | C3: ='Глобине-2'!J362 -> 21742.48 | D3: =C3*1.2 -> 26090.976 | G3: ='Глобине-2'!M273 -> 1000 | H3: ='Глобине-2'!M359 -> 20742.48 | I3: =C3-F3-G3-H3 -> 0
B4: Котельна (Глобине) | C4: ='Котельна (Глобине)'!J297 -> 2562806.8 | D4: =C4*1.2 -> 3075368.1 | F4: ='Котельна (Глобине)'!M26 -> 529703.6 | G4: ='Котельна (Глобине)'!M216 -> 1376069.7 | H4: ='Котельна (Глобине)'!M292 -> 657033.43 | I4: =C4-F4-G4-H4 -> 0
B5: Насосна Градирня (Глобине) | C5: ='Насосна Градирня (Глобине)'!J51 -> 982966.73 | D5: =C5*1.2 -> 1179560.1 | F5: ='Насосна Градирня (Глобине)'!M15 -> 225602.62 | G5: ='Насосна Градирня (Глобине)'!M27 -> 202007.62 | H5: ='Насосна Градирня (Глобине)'!M47 -> 555356.49 | I5: =C5-F5-G5-H5 -> 0
B6: Резервуар для зберігання розчинника(Глобине) | C6: ='Р-р для зб. розч.(Глобине)'!J43 -> 670974.92 | D6: =C6*1.2 -> 805169.9 | G6: ='Р-р для зб. розч.(Глобине)'!M40 -> 670974.92 | I6: =C6-F6-G6-H6 -> 0
B7: СПК (Глобине) | C7: ='СПК (Глобине)'!J146 -> 1364638.2 | D7: =C7*1.2 -> 1637565.8 | G7: ='СПК (Глобине)'!M47 -> 245996.95 | H7: ='СПК (Глобине)'!M143 -> 1118641.2 | I7: =C7-F7-G7-H7 -> 0
B8: Цех екстракції (Глобине) | C8: ='Цех екстракції (Глобине)'!J618 -> 12423243 | D8: =C8*1.2 -> 14907892 | F8: ='Цех екстракції (Глобине)'!M26 -> 1652430.8 | G8: ='Цех екстракції (Глобине)'!M254 -> 2104295.9 | H8: ='Цех екстракції (Глобине)'!M615 -> 8666516.4 | I8: =C8-F8-G8-H8 -> 0
B9: Цех_Глобино | C9: =Цех_Глобино!J179 -> 4480857.2 | D9: =C9*1.2 -> 5377028.7 | H9: =Цех_Глобино!M176 -> 4480857.2 | I9: =C9-F9-G9-H9 -> 0
B10: ВСЕГО | C10: =SUM(C3:C9) -> 22507229 | D10: =SUM(D3:D9) -> 27008675 | F10: =SUM(F3:F9) -> 2407737 | G10: =SUM(G3:G9) -> 4600345.1 | H10: =SUM(H3:H9) -> 15499147
F12: =F10*1.2 -> 2889284.4 | G12: =G10*1.2 -> 5520414.1 | H12: =H10*1.2 -> 18598977 | I12: * ГРН С НДС
F14: 2901051.2 | G14: 5520874.1 | H14: 18599292 | I14: * в отчете PL
F15: =F14-F12 -> 11766.84 | G15: =G14-G12 -> 459.998 | H15: =H14-H12 -> 315.004 | I15: НП

Sheet Глобине-2
A1: ТОВ "ІНДАСТРІАЛБУД"
A2: Картка рахунку 205 за ... - 2024 р.
A4: Виведені дані: | B4: БО (дані бухгалтерського обліку)
A6: Відбір: | B6: Склади Дорівнює "Глобине-2" и Склади.Найменування містить "гло"
A8: Період | B8: Документ | C8: Аналітика Дт | D8: Аналітика Кт | E8: Дебет | H8: Кредит | K8: Поточне сальдо
E9: Рахунок | H9: Рахунок
A10: 20.09.2024 | B10: Надходження товарів і послуг ІБ00-004375 від 20.09.2024 18:19:18 Оприходованы ТМЦ | C10: Обл. НДС Дріт 1,2 мм Н-О-Ч Надходження товарів і послуг ІБ00-004375 від 20.09.2024 18:19:18 Глобине-2 | D10: МЕТІНВЕСТ-СМЦ ТОВ №1778403/01/2023-С от 11.01.2023 РАХУНКИ_Глобино-2 Рахунок на оплату постачальника ІБ00-003425 від 19.09.2024 00:00:00 | E10: 205 | F10: 13720 | H10: 631 | K10: Д | L10: 13720
A11: 20.09.2024 | B11: Надходження товарів і послуг ІБ00-004380 від 20.09.2024 18:19:30 Оприходованы ТМЦ | C11: Обл. НДС Провід ПВ-1нгLs 6 білий Надходження товарів і послуг ІБ00-004380 від 20.09.2024 18:19:30 Глобине-2 | D11: ЕЛЕКТРОКОМПЛЕКТ ЕК ТОВ РАХУНКИ_Глобине 2 Рахунок на оплату постачальника ІБ00-003600 від 20.09.2024 18:19:21 | E11: 205 | F11: 699.79 | H11: 631 | K11: Д | L11: 14419.79
A12: 21.09.2024 | B12: Надходження товарів і послуг ІБ00-004377 від 21.09.2024 23:45:37 Оприходованы ТМЦ | C12: Обл. НДС Арматура №14 А500С L=12000 мм Надходження товарів і послуг ІБ00-004377 від 21.09.2024 23:45:37 Глобине-2 | D12: МЕТІНВЕСТ-СМЦ ТОВ №1778403/01/2023-С от 11.01.2023 РАХУНКИ_Глобино-2 Рахунок на оплату постачальника ІБ00-003425 від 19.09.2024 00:00:00 | E12: 205 | F12: 24320 | H12: 631 | K12: Д | L12: 38739.79
A13: 21.09.2024 | B13: Надходження товарів і послуг ІБ00-004378 від 21.09.2024 23:45:38 Оприходованы ТМЦ | C13: Обл. НДС Арматура №10 А240С L=6000 мм Надходження товарів і послуг ІБ00-004378 від 21.09.2024 23:45:38 Глобине-2 | D13: МЕТІНВЕСТ-СМЦ ТОВ №1778403/01/2023-С от 11.01.2023 РАХУНКИ_Глобино-2 Рахунок на оплату постачальника ІБ00-003425 від 19.09.2024 00:00:00 | E13: 205 | F13: 48979.99 | H13: 631 | K13: Д | L13: 87719.78
A14: 21.09.2024 | B14: Надходження товарів і послуг ІБ00-004378 від 21.09.2024 23:45:38 Оприходованы ТМЦ | C14: Обл. НДС Арматура №12 А240С L=6000 мм Надходження товарів і послуг ІБ00-004378 від 21.09.2024 23:45:38 Глобине-2 | D14: МЕТІНВЕСТ-СМЦ ТОВ №1778403/01/2023-С от 11.01.2023 РАХУНКИ_Глобино-2 Рахунок на оплату постачальника ІБ00-003425 від 19.09.2024 00:00:00 | E14: 205 | F14: 124556.65 | H14: 631 | K14: Д | L14: 212276.43
A15: 21.09.2024 | B15: Надходження товарів і послуг ІБ00-004378 від 21.09.2024 23:45:38 Оприходованы ТМЦ | C15: Обл. НДС Арматура №12 А500С L=12000 мм Надходження товарів і послуг ІБ00-004378 від 21.09.2024 23:45:38 Глобине-2 | D15: МЕТІНВЕСТ-СМЦ ТОВ №1778403/01/2023-С от 11.01.2023 РАХУНКИ_Глобино-2 Рахунок на оплату постачальника ІБ00-003425 від 19.09.2024 00:00:00 | E15: 205 | F15: 208746.64 | H15: 631 | K15: Д | L15: 421023.07
A16: 21.09.2024 | B16: Надходження товарів і послуг ІБ00-004378 від 21.09.2024 23:45:38 Оприходованы ТМЦ | C16: Обл. НДС Арматура №16 А500С L=12000 мм Надходження товарів і послуг ІБ00-004378 від 21.09.2024 23:45:38 Глобине-2 | D16: МЕТІНВЕСТ-СМЦ ТОВ №1778403/01/2023-С от 11.01.2023 РАХУНКИ_Глобино-2 Рахунок на оплату постачальника ІБ00-003425 від 19.09.2024 00:00:00 | E16: 205 | F16: 118306.65 | H16: 631 | K16: Д | L16: 539329.72
A17: 24.09.2024 | B17: Надходження товарів і послуг ІБ00-004740 від 24.09.2024 23:00:02 Оприходованы ТМЦ | C17: Обл. НДС Шафа тимчас ел/забезпеч ЯРП ІР54 Надходження товарів і послуг ІБ00-004740 від 24.09.2024 23:00:02 Глобине-2 | D17: ТЕХЕЛЕКТРОМОНТАЖ ТОВ Договір 29/04-1 від 29.04.2024_Глобине 2 Рахунок на оплату постачальника ІБ00-003717 від 06.09.2024 17:46:24 | E17: 205 | F17: 10519.1 | H17: 631 | K17: Д | L17: 549848.82
A18: 25.09.2024 | B18: Надходження товарів і послуг ІБ00-004376 від 25.09.2024 18:38:35 Оприходованы ТМЦ | C18: Обл. НДС Арматура №12 А500С L=12000 мм Надходження товарів і послуг ІБ00-004376 від 25.09.2024 18:38:35 Глобине-2 | D18: МЕТІНВЕСТ-СМЦ ТОВ №1778403/01/2023-С от 11.01.2023 РАХУНКИ_Глобино-2 Рахунок на оплату постачальника ІБ00-003425 від 19.09.2024 00:00:00 | E18: 205 | F18: 511606.6 | H18: 631 | K18: Д | L18: 1061455.4
A19: 25.09.2024 | B19: Надходження товарів і послуг ІБ00-004397 від 25.09.2024 18:38:36 Оприходованы ТМЦ | C19: Обл. НДС Арматура №12 А500С L=12000 мм Надходження товарів і послуг ІБ00-004397 від 25.09.2024 18:38:36 Глобине-2 | D19: МЕТІНВЕСТ-СМЦ ТОВ №1778403/01/2023-С от 11.01.2023 РАХУНКИ_Глобино-2 Рахунок на оплату постачальника ІБ00-003425 від 19.09.2024 00:00:00 | E19: 205 | F19: 551506.59 | H19: 631 | K19: Д | L19: 1612962
A20: 25.09.2024 | B20: Надходження товарів і послуг ІБ00-004600 від 25.09.2024 23:00:14 Оприходованы ТМЦ | C20: Обл. НДС Брус 50х40 4м Надходження товарів і послуг ІБ00-004600 від 25.09.2024 23:00:14 Глобине-2 | D20: Мошинець Ю.П. ФОП Рахунки_Глобине-2 Рахунок на оплату постачальника ІБ00-003808 від 25.09.2024 23:00:13 | E20: 205 | F20: 14212 | H20: 631 | K20: Д | L20: 1627174
A21: 25.09.2024 | B21: Надходження товарів і послуг ІБ00-004600 від 25.09.2024 23:00:14 Оприходованы ТМЦ | C21: Обл. НДС Брус 75*50 мм 6,0 м Надходження товарів і послуг ІБ00-004600 від 25.09.2024 23:00:14 Глобине-2 | D21: Мошинець Ю.П. ФОП Рахунки_Глобине-2 Рахунок на оплату постачальника ІБ00-003808 від 25.09.2024 23:00:13 | E21: 205 | F21: 3424 | H21: 631 | K21: Д | L21: 1630598
... A26: 01.10.2024 | B26: Надходження товарів і послуг ІБ00-004643 від 01.10.2024 18:35:04 Оприходованы ТМЦ | C26: Обл. НДС Арматура №14 А500С L=12000 мм Надходження товарів і послуг ІБ00-004643 від 01.10.2024 18:35:04 Глобине-2 | D26: МЕТІНВЕСТ-СМЦ ТОВ №1778403/01/2023-С от 11.01.2023 РАХУНКИ_Глобино-2 Рахунок на оплату постачальника ІБ00-003425 від 19.09.2024 00:00:00 | E26: 205 | F26: 516039.93 | H26: 631 | K26: Д | L26: 2179395.9
A27: 01.10.2024 | B27: Переміщення товарів ІБ00-000070 від 01.10.2024 18:35:33 Перемещение ТМЦ | C27: Обл. НДС Арматура №10 А240С L=6000 мм Надходження товарів і послуг ІБ00-004378 від 21.09.2024 23:45:38 Цех екстракції (Глобине) | D27: Обл. НДС Арматура №10 А240С L=6000 мм Надходження товарів і послуг ІБ00-004378 від 21.09.2024 23:45:38 Глобине-2 | E27: 205 | H27: 205 | I27: 20566.33 | K27: Д | L27: 2158829.6
A28: 01.10.2024 | B28: Переміщення товарів ІБ00-000070 від 01.10.2024 18:35:33 Перемещение ТМЦ | C28: Обл. НДС Арматура №12 А500С L=12000 мм Надходження товарів і послуг ІБ00-004378 від 21.09.2024 23:45:38 Цех екстракції (Глобине) | D28: Обл. НДС Арматура №12 А500С L=12000 мм Надходження товарів і послуг ІБ00-004378 від 21.09.2024 23:45:38 Глобине-2 | E28: 205 | H28: 205 | I28: 77190.66 | K28: Д | L28: 2081638.9
A29: 01.10.2024 | B29: Переміщення товарів ІБ00-000071 від 01.10.2024 18:35:34 Перемещение ТМЦ | C29: Обл. НДС Арматура №10 А240С L=6000 мм Надходження товарів і послуг ІБ00-004378 від 21.09.2024 23:45:38 Резервуар для зберігання розчинника(Глобине) | D29: Обл. НДС Арматура №10 А240С L=6000 мм Надходження товарів і послуг ІБ00-004378 від 21.09.2024 23:45:38 Глобине-2 | E29: 205 | H29: 205 | I29: 3686.67 | K29: Д | L29: 2077952.3
A30: 01.10.2024 | B30: Переміщення товарів ІБ00-000071 від 01.10.2024 18:35:34 Перемещение ТМЦ | C30: Обл. НДС Арматура №12 А500С L=12000 мм Надходження товарів і послуг ІБ00-004378 від 21.09.2024 23:45:38 Резервуар для зберігання розчинника(Глобине) | D30: Обл. НДС Арматура №12 А500С L=12000 мм Надходження товарів і послуг ІБ00-004378 від 21.09.2024 23:45:38 Глобине-2 | E30: 205 | H30: 205 | I30: 43623.99 | K30: Д | L30: 2034328.3
A31: 01.10.2024 | B31: Переміщення товарів ІБ00-000071 від 01.10.2024 18:35:34 Перемещение ТМЦ | C31: Обл. НДС Арматура №14 А500С L=12000 мм Надходження товарів і послуг ІБ00-004377 від 21.09.2024 23:45:37 Резервуар для зберігання розчинника(Глобине) | D31: Обл. НДС Арматура №14 А500С L=12000 мм Надходження товарів і послуг ІБ00-004377 від 21.09.2024 23:45:37 Глобине-2 | E31: 205 | H31: 205 | I31: 24320 | K31: Д | L31: 2010008.3
A32: 01.10.2024 | B32: Переміщення товарів ІБ00-000071 від 01.10.2024 18:35:34 Перемещение ТМЦ | C32: Обл. НДС Арматура №16 А500С L=12000 мм Надходження товарів і послуг ІБ00-004378 від 21.09.2024 23:45:38 Резервуар для зберігання розчинника(Глобине) | D32: Обл. НДС Арматура №16 А500С L=12000 мм Надходження товарів і послуг ІБ00-004378 від 21.09.2024 23:45:38 Глобине-2 | E32: 205 | H32: 205 | I32: 6586.67 | K32: Д | L32: 2003421.6
A33: 01.10.2024 | B33: Переміщення товарів ІБ00-000072 від 01.10.2024 18:35:35 Перемещение ТМЦ | C33: Обл. НДС Арматура №10 А240С L=6000 мм Надходження товарів і послуг ІБ00-004378 від 21.09.2024 23:45:38 Котельна (Глобине) | D33: Обл. НДС Арматура №10 А240С L=6000 мм Надходження товарів і послуг ІБ00-004378 від 21.09.2024 23:45:38 Глобине-2 | E33: 205 | H33: 205 | I33: 24726.99 | K33: Д | L33: 1978694.6
A34: 01.10.2024 | B34: Переміщення товарів ІБ00-000072 від 01.10.2024 18:35:35 Перемещение ТМЦ | C34: Обл. НДС Арматура №12 А500С L=12000 мм Надходження товарів і послуг ІБ00-004378 від 21.09.2024 23:45:38 Котельна (Глобине) | D34: Обл. НДС Арматура №12 А500С L=12000 мм Надходження товарів і послуг ІБ00-004378 від 21.09.2024 23:45:38 Глобине-2 | E34: 205 | H34: 205 | I34: 83498.66 | K34: Д | L34: 1895196
A35: 01.10.2024 | B35: Переміщення товарів ІБ00-000073 від 01.10.2024 18:35:36 Перемещение ТМЦ | C35: Обл. НДС Арматура №16 А500С L=12000 мм Надходження товарів і послуг ІБ00-004378 від 21.09.2024 23:45:38 Насосна Градирня (Глобине) | D35: Обл. НДС Арматура №16 А500С L=12000 мм Надходження товарів і послуг ІБ00-004378 від 21.09.2024 23:45:38 Глобине-2 | E35: 205 | H35: 205 | I35: 111719.98 | K35: Д | L35: 1783476
A36: 01.10.2024 | B36: Переміщення товарів ІБ00-000076 від 01.10.2024 18:35:53 Перемещение ТМЦ | C36: Обл. НДС дошка 25*150 4,5 шт Надходження товарів і послуг ІБ00-004600 від 25.09.2024 23:00:14 Цех екстракції (Глобине) | D36: Обл. НДС дошка 25*150 4,5 шт Надходження товарів і послуг ІБ00-004600 від 25.09.2024 23:00:14 Глобине-2 | E36: 205 | H36: 205 | I36: 19668 | K36: Д | L36: 1763808
A37: 01.10.2024 | B37: Переміщення товарів ІБ00-000077 від 01.10.2024 18:35:54 Перемещение ТМЦ | C37: Обл. НДС дошка 25*120 4,5 м шт Надходження товарів і послуг ІБ00-004600 від 25.09.2024 23:00:14 Котельна (Глобине) | D37: Обл. НДС дошка 25*120 4,5 м шт Надходження товарів і послуг ІБ00-004600 від 25.09.2024 23:00:14 Глобине-2 | E37: 205 | H37: 205 | I37: 8260 | K37: Д | L37: 1755548
A38: 01.10.2024 | B38: Переміщення товарів ІБ00-000078 від 01.10.2024 18:35:55 Перемещение ТМЦ | C38: Обл. НДС Арматура №12 А500С L=12000 мм Надходження товарів і послуг ІБ00-004378 від 21.09.2024 23:45:38 Цех екстракції (Глобине) | D38: Обл. НДС Арматура №12 А500С L=12000 мм Надходження товарів і послуг ІБ00-004378 від 21.09.2024 23:45:38 Глобине-2 | E38: 205 | H38: 205 | I38: 4433.33 | K38: Д | L38: 1751114.7
... A44: 02.10.2024 | B44: Переміщення товарів ІБ00-000086 від 02.10.2024 00:00:00 Перемещение ТМЦ | C44: Обл. НДС Арматура №14 А500С L=12000 мм Надходження товарів і послуг ІБ00-004643 від 01.10.2024 18:35:04 Цех екстракції (Глобине) | D44: Обл. НДС Арматура №14 А500С L=12000 мм Надходження товарів і послуг ІБ00-004643 від 01.10.2024 18:35:04 Глобине-2 | E44: 205 | H44: 205 | I44: 399253.28 | K44: Д | L44: 64682.22
A45: 02.10.2024 | B45: Надходження товарів і послуг ІБ00-004644 від 02.10.2024 17:19:53 Оприходованы ТМЦ | C45: Обл. НДС Арматура №14 А500С L=12000 мм Надходження товарів і послуг ІБ00-004644 від 02.10.2024 17:19:53 Глобине-2 | D45: МЕТІНВЕСТ-СМЦ ТОВ №1778403/01/2023-С от 11.01.2023 РАХУНКИ_Глобино-2 Рахунок на оплату постачальника ІБ00-003425 від 19.09.2024 00:00:00 | E45: 205 | F45: 564426.59 | H45: 631 | K45: Д | L45: 629108.81
A46: 02.10.2024 | B46: Надходження товарів і послуг ІБ00-004646 від 02.10.2024 17:19:54 Оприходованы ТМЦ | C46: Обл. НДС Арматура №12 А240С L=6000 мм Надходження товарів і послуг ІБ00-004646 від 02.10.2024 17:19:54 Глобине-2 | D46: МЕТІНВЕСТ-СМЦ ТОВ №1778403/01/2023-С от 11.01.2023 РАХУНКИ_Глобино-2 Рахунок на оплату постачальника ІБ00-003425 від 19.09.2024 00:00:00 | E46: 205 | F46: 75313.32 | H46: 631 | K46: Д | L46: 704422.13
A47: 02.10.2024 | B47: Надходження товарів і послуг ІБ00-004646 від 02.10.2024 17:19:54 Оприходованы ТМЦ | C47: Обл. НДС Арматура №12 А500С L=12000 мм Надходження товарів і послуг ІБ00-004646 від 02.10.2024 17:19:54 Глобине-2 | D47: МЕТІНВЕСТ-СМЦ ТОВ №1778403/01/2023-С от 11.01.2023 РАХУНКИ_Глобино-2 Рахунок на оплату постачальника ІБ00-003425 від 19.09.2024 00:00:00 | E47: 205 | F47: 270559.96 | H47: 631 | K47: Д | L47: 974982.09
A48: 02.10.2024 | B48: Надходження товарів і послуг ІБ00-004646 від 02.10.2024 17:19:54 Оприходованы ТМЦ | C48: Обл. НДС Арматура №14 А500С L=12000 мм Надходження товарів і послуг ІБ00-004646 від 02.10.2024 17:19:54 Глобине-2 | D48: МЕТІНВЕСТ-СМЦ ТОВ №1778403/01/2023-С от 11.01.2023 РАХУНКИ_Глобино-2 Рахунок на оплату постачальника ІБ00-003425 від 19.09.2024 00:00:00 | E48: 205 | F48: 186199.98 | H48: 631 | K48: Д | L48: 1161182.1
A49: 02.10.2024 | B49: Надходження товарів і послуг ІБ00-004646 від 02.10.2024 17:19:54 Оприходованы ТМЦ | C49: Обл. НДС Арматура №16 А500С L=12000 мм Надходження товарів і послуг ІБ00-004646 від 02.10.2024 17:19:54 Глобине-2 | D49: МЕТІНВЕСТ-СМЦ ТОВ №1778403/01/2023-С от 11.01.2023 РАХУНКИ_Глобино-2 Рахунок на оплату постачальника ІБ00-003425 від 19.09.2024 00:00:00 | E49: 205 | F49: 22546.66 | H49: 631 | K49: Д | L49: 1183728.7
A50: 02.10.2024 | B50: Переміщення товарів ІБ00-000085 від 02.10.2024 17:20:12 Перемещение ТМЦ | C50: Обл. НДС Арматура №14 А500С L=12000 мм Надходження товарів і послуг ІБ00-004643 від 01.10.2024 18:35:04 Резервуар для зберігання розчинника(Глобине) | D50: Обл. НДС Арматура №14 А500С L=12000 мм Надходження товарів і послуг ІБ00-004643 від 01.10.2024 18:35:04 Глобине-2 | E50: 205 | H50: 205 | I50: 12844 | K50: Д | L50: 1170884.7
A51: 03.10.2024 | B51: Переміщення товарів ІБ00-000080 від 03.10.2024 17:50:17 Перемещение ТМЦ | C51: Обл. НДС Арматура №14 А500С L=12000 мм Надходження товарів і послуг ІБ00-004644 від 02.10.2024 17:19:53 Резервуар для зберігання розчинника(Глобине) | D51: Обл. НДС Арматура №14 А500С L=12000 мм Надходження товарів і послуг ІБ00-004644 від 02.10.2024 17:19:53 Глобине-2 | E51: 205 | H51: 205 | I51: 564426.59 | K51: Д | L51: 606458.14
A52: 03.10.2024 | B52: Переміщення товарів ІБ00-000081 від 03.10.2024 17:50:18 Перемещение ТМЦ | C52: Обл. НДС Арматура №16 А500С L=12000 мм Надходження товарів і послуг ІБ00-004646 від 02.10.2024 17:19:54 Резервуар для зберігання розчинника(Глобине) | D52: Обл. НДС Арматура №16 А500С L=12000 мм Надходження товарів і послуг ІБ00-004646 від 02.10.2024 17:19:54 Глобине-2 | E52: 205 | H52: 205 | I52: 22546.66 | K52: Д | L52: 583911.48
A53: 03.10.2024 | B53: Переміщення товарів ІБ00-000082 від 03.10.2024 17:50:19 Перемещение ТМЦ | C53: Обл. НДС Арматура №12 А240С L=6000 мм Надходження товарів і послуг ІБ00-004646 від 02.10.2024 17:19:54 Котельна (Глобине) | D53: Обл. НДС Арматура №12 А240С L=6000 мм Надходження товарів і послуг ІБ00-004646 від 02.10.2024 17:19:54 Глобине-2 | E53: 205 | H53: 205 | I53: 18565 | K53: Д | L53: 565346.48
A54: 03.10.2024 | B54: Переміщення товарів ІБ00-000082 від 03.10.2024 17:50:19 Перемещение ТМЦ | C54: Обл. НДС Арматура №12 А500С L=12000 мм Надходження товарів і послуг ІБ00-004397 від 25.09.2024 18:38:36 Котельна (Глобине) | D54: Обл. НДС Арматура №12 А500С L=12000 мм Надходження товарів і послуг ІБ00-004397 від 25.09.2024 18:38:36 Глобине-2 | E54: 205 | H54: 205 | I54: 4433.33 | K54: Д | L54: 560913.15
A55: 03.10.2024 | B55: Переміщення товарів ІБ00-000082 від 03.10.2024 17:50:19 Перемещение ТМЦ | C55: Обл. НДС Арматура №12 А500С L=12000 мм Надходження товарів і послуг ІБ00-004646 від 02.10.2024 17:19:54 Котельна (Глобине) | D55: Обл. НДС Арматура №12 А500С L=12000 мм Надходження товарів і послуг ІБ00-004646 від 02.10.2024 17:19:54 Глобине-2 | E55: 205 | H55: 205 | I55: 266126.63 | K55: Д | L55: 294786.52
A56: 03.10.2024 | B56: Переміщення товарів ІБ00-000082 від 03.10.2024 17:50:19 Перемещение ТМЦ | C56: Обл. НДС Арматура №14 А500С L=12000 мм Надходження товарів і послуг ІБ00-004646 від 02.10.2024 17:19:54 Котельна (Глобине) | D56: Обл. НДС Арматура №14 А500С L=12000 мм Надходження товарів і послуг ІБ00-004646 від 02.10.2024 17:19:54 Глобине-2 | E56: 205 | H56: 205 | I56: 186199.98 | K56: Д | L56: 108586.54
A57: 03.10.2024 | B57: Переміщення товарів ІБ00-000083 від 03.10.2024 17:50:20 Перемещение ТМЦ | C57: Обл. НДС Арматура №12 А240С L=6000 мм Надходження товарів і послуг ІБ00-004646 від 02.10.2024 17:19:54 Резервуар для зберігання розчинника(Глобине) | D57: Обл. НДС Арматура №12 А240С L=6000 мм Надходження товарів і послуг ІБ00-004646 від 02.10.2024 17:19:54 Глобине-2 | E57: 205 | H57: 205 | I57: 36155.66 | K57: Д | L57: 72430.88
A58: 03.10.2024 | B58: Переміщення товарів ІБ00-000084 від 03.10.2024 17:50:21 Перемещение ТМЦ | C58: Обл. НДС Арматура №12 А240С L=6000 мм Надходження товарів і послуг ІБ00-004646 від 02.10.2024 17:19:54 Насосна Градирня (Глобине) | D58: Обл. НДС Арматура №12 А240С L=6000 мм Надходження товарів і послуг ІБ00-004646 від 02.10.2024 17:19:54 Глобине-2 | E58: 205 | H58: 205 | I58: 20592.66 | K58: Д | L58: 51838.22
A59: 04.10.2024 | B59: Надходження товарів і послуг ІБ00-004709 від 04.10.2024 18:40:29 Оприходованы ТМЦ | C59: Обл. НДС Піна монтажна 750 мл Надходження товарів і послуг ІБ00-004709 від 04.10.2024 18:40:29 Глобине-2 | D59: Лук'ян Михайло Федорович ФОП 22/08-24-1 от 22.08.2024 (РАХУНКИ)_Глобине-2 Рахунок на оплату постачальника ІБ00-003884 від 04.10.2024 18:40:28 | E59: 205 | F59: 1620 | H59: 631 | K59: Д | L59: 53458.22
A60: 04.10.2024 | B60: Надходження товарів і послуг ІБ00-004709 від 04.10.2024 18:40:29 Оприходованы ТМЦ | C60: Обл. НДС Очисник для піни С45 450 мл укр Надходження товарів і послуг ІБ00-004709 від 04.10.2024 18:40:29 Глобине-2 | D60: Лук'ян Михайло Федорович ФОП 22/08-24-1 от 22.08.2024 (РАХУНКИ)_Глобине-2 Рахунок на оплату постачальника ІБ00-003884 від 04.10.2024 18:40:28 | E60: 205 | F60: 224.4 | H60: 631 | K60: Д | L60: 53682.62
A61: 04.10.2024 | B61: Надходження товарів і послуг ІБ00-004709 від 04.10.2024 18:40:29 Оприходованы ТМЦ | C61: Обл. НДС Розчинник УС Нефрас 0,94 л/ 0,70 кг Надходження товарів і послуг ІБ00-004709 від 04.10.2024 18:40:29 Глобине-2 | D61: Лук'ян Михайло Федорович ФОП 22/08-24-1 от 22.08.2024 (РАХУНКИ)_Глобине-2 Рахунок на оплату постачальника ІБ00-003884 від 04.10.2024 18:40:28 | E61: 205 | F61: 600.5 | H61: 631 | K61: Д | L61: 54283.12
A62: 04.10.2024 | B62: Переміщення товарів ІБ00-000074 від 04.10.2024 18:40:54 Перемещение ТМЦ | C62: Обл. НДС Пароніт ПОН-Б 3 мм Надходження товарів і послуг ІБ00-001500 від 22.04.2024 16:54:29 Глобине-2 | D62: Обл. НДС Пароніт ПОН-Б 3 мм Надходження товарів і послуг ІБ00-001500 від 22.04.2024 16:54:29 Молоко Вітчизни | E62: 205 | F62: 875 | H62: 205 | K62: Д | L62: 55158.12
A63: 04.10.2024 | B63: Переміщення товарів ІБ00-000074 від 04.10.2024 18:40:54 Перемещение ТМЦ | C63: Обл. НДС Анкер М 20х160/45 цб одноконус Надходження товарів і послуг ІБ00-001481 від 19.04.2024 18:43:45 Глобине-2 | D63: Обл. НДС Анкер М 20х160/45 цб одноконус Надходження товарів і послуг ІБ00-001481 від 19.04.2024 18:43:45 Молоко Вітчизни | E63: 205 | F63: 1417 | H63: 205 | K63: Д | L63: 56575.12
A64: 04.10.2024 | B64: Переміщення товарів ІБ00-000074 від 04.10.2024 18:40:54 Перемещение ТМЦ | C64: Обл. НДС Анкер хімічний 585 мл EРОХ Надходження товарів і послуг ІБ00-000723 від 29.02.2024 23:00:01 Глобине-2 | D64: Обл. НДС Анкер хімічний 585 мл EРОХ Надходження товарів і послуг ІБ00-000723 від 29.02.2024 23:00:01 Молоко Вітчизни | E64: 205 | F64: 5857 | H64: 205 | K64: Д | L64: 62432.12
A65: 04.10.2024 | B65: Переміщення товарів ІБ00-000074 від 04.10.2024 18:40:54 Перемещение ТМЦ | C65: Обл. НДС Піна монтаж SOMAFIX 750 мл Надходження товарів і послуг ІБ00-001328 від 04.04.2024 18:24:33 Глобине-2 | D65: Обл. НДС Піна монтаж SOMAFIX 750 мл Надходження товарів і послуг ІБ00-001328 від 04.04.2024 18:24:33 Молоко Вітчизни | E65: 205 | F65: 390.15 | H65: 205 | K65: Д | L65: 62822.27
A66: 04.10.2024 | B66: Переміщення товарів ІБ00-000074 від 04.10.2024 18:40:54 Перемещение ТМЦ | C66: Обл. НДС Шпилька М10х1000 Надходження товарів і послуг ІБ00-002265 від 26.12.2023 18:15:16 Глобине-2 | D66: Обл. НДС Шпилька М10х1000 Надходження товарів і послуг ІБ00-002265 від 26.12.2023 18:15:16 Молоко Вітчизни | E66: 205 | F66: 281.05 | H66: 205 | K66: Д | L66: 63103.32
A67: 04.10.2024 | B67: Переміщення товарів ІБ00-000074 від 04.10.2024 18:40:54 Перемещение ТМЦ | C67: Обл. НДС Шпонка гідроізоляційна ВР 200 20м п Надходження товарів і послуг ІБ00-002091 від 21.12.2023 18:14:00 Глобине-2 | D67: Обл. НДС Шпонка гідроізоляційна ВР 200 20м п Надходження товарів і послуг ІБ00-002091 від 21.12.2023 18:14:00 Молоко Вітчизни | E67: 205 | F67: 18250 | H67: 205 | K67: Д | L67: 81353.32
A68: 04.10.2024 | B68: Переміщення товарів ІБ00-000074 від 04.10.2024 18:40:54 Перемещение ТМЦ | C68: Обл. НДС Стрічка ущільнювальна 150мм рулон 10м сірий Надходження товарів і послуг ІБ00-000001 від 04.01.2024 16:47:01 Глобине-2 | D68: Обл. НДС Стрічка ущільнювальна 150мм рулон 10м сірий Надходження товарів і послуг ІБ00-000001 від 04.01.2024 16:47:01 Молоко Вітчизни | E68: 205 | F68: 1974.9 | H68: 205 | K68: Д | L68: 83328.22
A69: 04.10.2024 | B69: Переміщення товарів ІБ00-000074 від 04.10.2024 18:40:54 Перемещение ТМЦ | C69: Обл. НДС Стрічка ущільнювальна 150мм рулон 10м сірий Надходження товарів і послуг ІБ00-000184 від 15.01.2024 17:10:38 Глобине-2 | D69: Обл. НДС Стрічка ущільнювальна 150мм рулон 10м сірий Надходження товарів і послуг ІБ00-000184 від 15.01.2024 17:10:38 Молоко Вітчизни | E69: 205 | F69: 1974.9 | H69: 205 | K69: Д | L69: 85303.12
A70: 04.10.2024 | B70: Переміщення товарів ІБ00-000074 від 04.10.2024 18:40:54 Перемещение ТМЦ | C70: Обл. НДС Рідке скло 7кг/5л Надходження товарів і послуг ІБ00-000348 від 08.01.2024 20:00:04 Глобине-2 | D70: Обл. НДС Рідке скло 7кг/5л Надходження товарів і послуг ІБ00-000348 від 08.01.2024 20:00:04 Молоко Вітчизни | E70: 205 | F70: 1518 | H70: 205 | K70: Д | L70: 86821.12
... A72: 04.10.2024 | B72: Надходження товарів і послуг ІБ00-005012 від 04.10.2024 18:41:13 Оприходованы ТМЦ | C72: Обл. НДС Бетон М-150 (Р-3) Надходження товарів і послуг ІБ00-005012 від 04.10.2024 18:41:13 Глобине-2 | D72: Завод Залізобетонних Виробів №1 ПП Договір №30/08-24-2 від 30.08.2024_Глобине 2 Рахунок на оплату постачальника ІБ00-004043 від 04.10.2024 18:41:04 | E72: 205 | F72: 14859 | H72: 631 | K72: Д | L72: 102842.87
A73: 04.10.2024 | B73: Переміщення товарів ІБ00-000094 від 04.10.2024 20:00:00 Перемещение ТМЦ | C73: Обл. НДС Бетон М-150 (Р-3) Надходження товарів і послуг ІБ00-005012 від 04.10.2024 18:41:13 Котельна (Глобине) | D73: Обл. НДС Бетон М-150 (Р-3) Надходження товарів і послуг ІБ00-005012 від 04.10.2024 18:41:13 Глобине-2 | E73: 205 | H73: 205 | I73: 9525 | K73: Д | L73: 93317.87
A74: 04.10.2024 | B74: Переміщення товарів ІБ00-000095 від 04.10.2024 20:00:00 Перемещение ТМЦ | C74: Обл. НДС Бетон М-150 (Р-3) Надходження товарів і послуг ІБ00-005012 від 04.10.2024 18:41:13 Котельна (Глобине) | D74: Обл. НДС Бетон М-150 (Р-3) Надходження товарів і послуг ІБ00-005012 від 04.10.2024 18:41:13 Глобине-2 | E74: 205 | H74: 205 | I74: 5334 | K74: Д | L74: 87983.87
A75: 09.10.2024 | B75: Надходження товарів і послуг ІБ00-005013 від 09.10.2024 18:37:38 Оприходованы ТМЦ (Зачет аванса поставщику) | C75: Обл. НДС Бетон М-350 (Р-4) Надходження товарів і послуг ІБ00-005013 від 09.10.2024 18:37:38 Глобине-2 | D75: Завод Залізобетонних Виробів №1 ПП Договір №30/08-24-2 від 30.08.2024_Глобине 2 Рахунок на оплату постачальника ІБ00-003973 від 08.10.2024 18:03:23 | E75: 205 | F75: 28245 | H75: 631 | K75: Д | L75: 116228.87
A76: 09.10.2024 | B76: Переміщення товарів ІБ00-000096 від 09.10.2024 19:00:00 Перемещение ТМЦ | C76: Обл. НДС Бетон М-350 (Р-4) Надходження товарів і послуг ІБ00-005013 від 09.10.2024 18:37:38 Цех екстракції (Глобине) | D76: Обл. НДС Бетон М-350 (Р-4) Надходження товарів і послуг ІБ00-005013 від 09.10.2024 18:37:38 Глобине-2 | E76: 205 | H76: 205 | I76: 27976 | K76: Д | L76: 88252.87
A77: 09.10.2024 | B77: Переміщення товарів ІБ00-000097 від 09.10.2024 19:00:00 Перемещение ТМЦ | C77: Обл. НДС Бетон М-350 (Р-4) Надходження товарів і послуг ІБ00-005013 від 09.10.2024 18:37:38 Котельна (Глобине) | D77: Обл. НДС Бетон М-350 (Р-4) Надходження товарів і послуг ІБ00-005013 від 09.10.2024 18:37:38 Глобине-2 | E77: 205 | H77: 205 | I77: 269 | K77: Д | L77: 87983.87
A78: 10.10.2024 | B78: Надходження товарів і послуг ІБ00-005014 від 10.10.2024 18:57:57 Оприходованы ТМЦ (Зачет аванса поставщику) | C78: Обл. НДС Бетон М-150 (Р-4) Надходження товарів і послуг ІБ00-005014 від 10.10.2024 18:57:57 Глобине-2 | D78: Завод Залізобетонних Виробів №1 ПП Договір №30/08-24-2 від 30.08.2024_Глобине 2 Рахунок на оплату постачальника ІБ00-003973 від 08.10.2024 18:03:23 | E78: 205 | F78: 9625 | H78: 631 | K78: Д | L78: 97608.87
A79: 10.10.2024 | B79: Надходження товарів і послуг ІБ00-005014 від 10.10.2024 18:57:57 Оприходованы ТМЦ (Зачет аванса поставщику) | C79: Обл. НДС Бетон М-350 (Р-4) Надходження товарів і послуг ІБ00-005014 від 10.10.2024 18:57:57 Глобине-2 | D79: Завод Залізобетонних Виробів №1 ПП Договір №30/08-24-2 від 30.08.2024_Глобине 2 Рахунок на оплату постачальника ІБ00-003973 від 08.10.2024 18:03:23 | E79: 205 | F79: 18830 | H79: 631 | K79: Д | L79: 116438.87
A80: 11.10.2024 | B80: Переміщення товарів ІБ00-000098 від 11.10.2024 18:06:38 Перемещение ТМЦ | C80: Обл. НДС Бетон М-350 (Р-4) Надходження товарів і послуг ІБ00-005014 від 10.10.2024 18:57:57 Цех екстракції (Глобине) | D80: Обл. НДС Бетон М-350 (Р-4) Надходження товарів і послуг ІБ00-005014 від 10.10.2024 18:57:57 Глобине-2 | E80: 205 | H80: 205 | I80: 18830 | K80: Д | L80: 97608.87
A81: 11.10.2024 | B81: Переміщення товарів ІБ00-000099 від 11.10.2024 18:06:39 Перемещение ТМЦ | C81: Обл. НДС Бетон М-150 (Р-4) Надходження товарів і послуг ІБ00-005014 від 10.10.2024 18:57:57 Цех екстракції (Глобине) | D81: Обл. НДС Бетон М-150 (Р-4) Надходження товарів і послуг ІБ00-005014 від 10.10.2024 18:57:57 Глобине-2 | E81: 205 | H81: 205 | I81: 1732.5 | K81: Д | L81: 95876.37
A82: 11.10.2024 | B82: Переміщення товарів ІБ00-000100 від 11.10.2024 18:06:40 Перемещение ТМЦ | C82: Обл. НДС Бетон М-150 (Р-4) Надходження товарів і послуг ІБ00-005014 від 10.10.2024 18:57:57 Котельна (Глобине) | D82: Обл. НДС Бетон М-150 (Р-4) Надходження товарів і послуг ІБ00-005014 від 10.10.2024 18:57:57 Глобине-2 | E82: 205 | H82: 205 | I82: 7892.5 | K82: Д | L82: 87983.87
A83: 15.10.2024 | B83: Надходження товарів і послуг ІБ00-005226 від 15.10.2024 18:37:02 Оприходованы ТМЦ (Зачет аванса поставщику) | C83: Обл. НДС Бетон С 20/25 F75 W6 Р4 Надходження товарів і послуг ІБ00-005226 від 15.10.2024 18:37:02 Глобине-2 | D83: Кременчуцький річковий порт ПРАТ Договір 112/Б від 15.10.2024_Глобине-2 Списання з банківського рахунку 00000018830 від 15.10.2024 12:42:42 | E83: 205 | F83: 17257.5 | H83: 631 | K83: Д | L83: 105241.37
A84: 15.10.2024 | B84: Надходження дод. витрат ІБ00-000437 від 15.10.2024 18:37:03 Доп. расходы при поступлении товаров (Зачет аванса поставщику) | C84: Обл. НДС Бетон С 20/25 F75 W6 Р4 Надходження товарів і послуг ІБ00-005226 від 15.10.2024 18:37:02 Глобине-2 | D84: Кременчуцький річковий порт ПРАТ Договір 112/Б від 15.10.2024_Глобине-2 Списання з банківського рахунку 00000018830 від 15.10.2024 12:42:42 | E84: 205 | F84: 8028.75 | H84: 631 | K84: Д | L84: 113270.12
A85: 15.10.2024 | B85: Переміщення товарів ІБ00-000108 від 15.10.2024 18:37:04 Перемещение ТМЦ | C85: Обл. НДС Бетон С 20/25 F75 W6 Р4 Надходження товарів і послуг ІБ00-005226 від 15.10.2024 18:37:02 Котельна (Глобине) | D85: Обл. НДС Бетон С 20/25 F75 W6 Р4 Надходження товарів і послуг ІБ00-005226 від 15.10.2024 18:37:02 Глобине-2 | E85: 205 | H85: 205 | I85: 17505.87 | K85: Д | L85: 95764.25
A86: 15.10.2024 | B86: Переміщення товарів ІБ00-000109 від 15.10.2024 18:37:05 Перемещение ТМЦ | C86: Обл. НДС Бетон С 20/25 F75 W6 Р4 Надходження товарів і послуг ІБ00-005226 від 15.10.2024 18:37:02 Цех екстракції (Глобине) | D86: Обл. НДС Бетон С 20/25 F75 W6 Р4 Надходження товарів і послуг ІБ00-005226 від 15.10.2024 18:37:02 Глобине-2 | E86: 205 | H86: 205 | I86: 7780.38 | K86: Д | L86: 87983.87
A87: 16.10.2024 | B87: Надходження товарів і послуг ІБ00-005211 від 16.10.2024 18:38:24 Оприходованы ТМЦ | C87: Обл. НДС Шуруп г/к по дереву 3,5*45 мм Надходження товарів і послуг ІБ00-005211 від 16.10.2024 18:38:24 Глобине-2 | D87: Лук'ян Михайло Федорович ФОП 22/08-24-1 от 22.08.2024 (РАХУНКИ)_Глобине-2 Рахунок на оплату постачальника ІБ00-004303 від 15.10.2024 18:37:00 | E87: 205 | F87: 143.55 | H87: 631 | K87: Д | L87: 88127.42
A88: 16.10.2024 | B88: Переміщення товарів ІБ00-000133 від 16.10.2024 18:38:44 Перемещение ТМЦ | C88: Обл. НДС Шуруп г/к по дереву 3,5*45 мм Надходження товарів і послуг ІБ00-005211 від 16.10.2024 18:38:24 Цех екстракції (Глобине) | D88: Обл. НДС Шуруп г/к по дереву 3,5*45 мм Надходження товарів і послуг ІБ00-005211 від 16.10.2024 18:38:24 Глобине-2 | E88: 205 | H88: 205 | I88: 143.55 | K88: Д | L88: 87983.87
A89: 17.10.2024 | B89: Надходження товарів і послуг ІБ00-005227 від 17.10.2024 18:07:52 Оприходованы ТМЦ | C89: Обл. НДС Бетон С 8/10 Р4 Надходження товарів і послуг ІБ00-005227 від 17.10.2024 18:07:52 Глобине-2 | D89: Кременчуцький річковий порт ПРАТ Договір 112/Б від 15.10.2024_Глобине-2 Надходження товарів і послуг ІБ00-005227 від 17.10.2024 18:07:52 | E89: 205 | F89: 19250 | H89: 631 | K89: Д | L89: 107233.87
A90: 17.10.2024 | B90: Надходження товарів і послуг ІБ00-005227 від 17.10.2024 18:07:52 Оприходованы ТМЦ | C90: Обл. НДС Бетон С 20/25 F75 W6 Р4 Надходження товарів і послуг ІБ00-005227 від 17.10.2024 18:07:52 Глобине-2 | D90: Кременчуцький річковий порт ПРАТ Договір 112/Б від 15.10.2024_Глобине-2 Надходження товарів і послуг ІБ00-005227 від 17.10.2024 18:07:52 | E90: 205 | F90: 29205 | H90: 631 | K90: Д | L90: 136438.87
A91: 17.10.2024 | B91: Надходження дод. витрат ІБ00-000438 від 17.10.2024 18:07:53 Доп. расходы при поступлении товаров | C91: Обл. НДС Бетон С 8/10 Р4 Надходження товарів і послуг ІБ00-005227 від 17.10.2024 18:07:52 Глобине-2 | D91: Кременчуцький річковий порт ПРАТ Договір 112/Б від 15.10.2024_Глобине-2 Надходження дод. витрат ІБ00-000438 від 17.10.2024 18:07:53 | E91: 205 | F91: 9526.78 | H91: 631 | K91: Д | L91: 145965.65
A92: 17.10.2024 | B92: Надходження дод. витрат ІБ00-000438 від 17.10.2024 18:07:53 Доп. расходы при поступлении товаров | C92: Обл. НДС Бетон С 20/25 F75 W6 Р4 Надходження товарів і послуг ІБ00-005227 від 17.10.2024 18:07:52 Глобине-2 | D92: Кременчуцький річковий порт ПРАТ Договір 112/Б від 15.10.2024_Глобине-2 Надходження дод. витрат ІБ00-000438 від 17.10.2024 18:07:53 | E92: 205 | F92: 14453.47 | H92: 631 | K92: Д | L92: 160419.12
A93: 17.10.2024 | B93: Переміщення товарів ІБ00-000110 від 17.10.2024 18:07:54 Перемещение ТМЦ | C93: Обл. НДС Бетон С 8/10 Р4 Надходження товарів і послуг ІБ00-005227 від 17.10.2024 18:07:52 Котельна (Глобине) | D93: Обл. НДС Бетон С 8/10 Р4 Надходження товарів і послуг ІБ00-005227 від 17.10.2024 18:07:52 Глобине-2 | E93: 205 | H93: 205 | I93: 8633.03 | K93: Д | L93: 151786.09
A94: 17.10.2024 | B94: Переміщення товарів ІБ00-000110 від 17.10.2024 18:07:54 Перемещение ТМЦ | C94: Обл. НДС Бетон С 20/25 F75 W6 Р4 Надходження товарів і послуг ІБ00-005227 від 17.10.2024 18:07:52 Котельна (Глобине) | D94: Обл. НДС Бетон С 20/25 F75 W6 Р4 Надходження товарів і послуг ІБ00-005227 від 17.10.2024 18:07:52 Глобине-2 | E94: 205 | H94: 205 | I94: 19844.76 | K94: Д | L94: 131941.33
A95: 17.10.2024 | B95: Переміщення товарів ІБ00-000111 від 17.10.2024 18:07:55 Перемещение ТМЦ | C95: Обл. НДС Бетон С 8/10 Р4 Надходження товарів і послуг ІБ00-005227 від 17.10.2024 18:07:52 Цех екстракції (Глобине) | D95: Обл. НДС Бетон С 8/10 Р4 Надходження товарів і послуг ІБ00-005227 від 17.10.2024 18:07:52 Глобине-2 | E95: 205 | H95: 205 | I95: 20143.75 | K95: Д | L95: 111797.58
A96: 17.10.2024 | B96: Переміщення товарів ІБ00-000111 від 17.10.2024 18:07:55 Перемещение ТМЦ | C96: Обл. НДС Бетон С 20/25 F75 W6 Р4 Надходження товарів і послуг ІБ00-005227 від 17.10.2024 18:07:52 Цех екстракції (Глобине) | D96: Обл. НДС Бетон С 20/25 F75 W6 Р4 Надходження товарів і послуг ІБ00-005227 від 17.10.2024 18:07:52 Глобине-2 | E96: 205 | H96: 205 | I96: 23813.71 | K96: Д | L96: 87983.87
A97: 19.10.2024 | B97: Надходження товарів і послуг ІБ00-005228 від 19.10.2024 14:00:03 Оприходованы ТМЦ (Зачет аванса поставщику) | C97: Обл. НДС Бетон С 20/25 F75 W6 Р4 Надходження товарів і послуг ІБ00-005228 від 19.10.2024 14:00:03 Глобине-2 | D97: Кременчуцький річковий порт ПРАТ Договір 112/Б від 15.10.2024_Глобине-2 Списання з банківського рахунку 00000019096 від 17.10.2024 19:38:31 | E97: 205 | F97: 45135 | H97: 631 | K97: Д | L97: 133118.87
A98: 19.10.2024 | B98: Надходження дод. витрат ІБ00-000439 від 19.10.2024 14:00:04 Доп. расходы при поступлении товаров (Зачет аванса поставщику) | C98: Обл. НДС Бетон С 20/25 F75 W6 Р4 Надходження товарів і послуг ІБ00-005228 від 19.10.2024 14:00:03 Глобине-2 | D98: Кременчуцький річковий порт ПРАТ Договір 112/Б від 15.10.2024_Глобине-2 Списання з банківського рахунку 00000019096 від 17.10.2024 19:38:31 | E98: 205 | F98: 16494.75 | H98: 631 | K98: Д | L98: 149613.62
A99: 19.10.2024 | B99: Переміщення товарів ІБ00-000112 від 19.10.2024 14:00:05 Перемещение ТМЦ | C99: Обл. НДС Бетон С 20/25 F75 W6 Р4 Надходження товарів і послуг ІБ00-005228 від 19.10.2024 14:00:03 Котельна (Глобине) | D99: Обл. НДС Бетон С 20/25 F75 W6 Р4 Надходження товарів і послуг ІБ00-005228 від 19.10.2024 14:00:03 Глобине-2 | E99: 205 | H99: 205 | I99: 27189.6 | K99: Д | L99: 122424.02
A100: 19.10.2024 | B100: Переміщення товарів ІБ00-000113 від 19.10.2024 14:00:06 Перемещение ТМЦ | C100: Обл. НДС Бетон С 20/25 F75 W6 Р4 Надходження товарів і послуг ІБ00-005228 від 19.10.2024 14:00:03 Цех екстракції (Глобине) | D100: Обл. НДС Бетон С 20/25 F75 W6 Р4 Надходження товарів і послуг ІБ00-005228 від 19.10.2024 14:00:03 Глобине-2 | E100: 205 | H100: 205 | I100: 34440.15 | K100: Д | L100: 87983.87
A101: 21.10.2024 | B101: Надходження товарів і послуг ІБ00-005229 від 21.10.2024 17:44:06 Оприходованы ТМЦ (Зачет аванса поставщику) | C101: Обл. НДС Бетон С 20/25 F75 W6 Р4 Надходження товарів і послуг ІБ00-005229 від 21.10.2024 17:44:06 Глобине-2 | D101: Кременчуцький річковий порт ПРАТ Договір 112/Б від 15.10.2024_Глобине-2 Списання з банківського рахунку 00000019096 від 17.10.2024 19:38:31 | E101: 205 | F101: 21240 | H101: 631 | K101: Д | L101: 109223.87
A102: 21.10.2024 | B102: Надходження товарів і послуг ІБ00-005229 від 21.10.2024 17:44:06 Оприходованы ТМЦ (Зачет аванса поставщику) | C102: Обл. НДС Бетон С 8/10 Р4 Надходження товарів і послуг ІБ00-005229 від 21.10.2024 17:44:06 Глобине-2 | D102: Кременчуцький річковий порт ПРАТ Договір 112/Б від 15.10.2024_Глобине-2 Списання з банківського рахунку 00000019096 від 17.10.2024 19:38:31 | E102: 205 | F102: 7700 | H102: 631 | K102: Д | L102: 116923.87
A103: 21.10.2024 | B103: Надходження дод. витрат ІБ00-000440 від 21.10.2024 17:44:07 Доп. расходы при поступлении товаров (Зачет аванса поставщику) | C103: Обл. НДС Бетон С 20/25 F75 W6 Р4 Надходження товарів і послуг ІБ00-005229 від 21.10.2024 17:44:06 Глобине-2 | D103: Кременчуцький річковий порт ПРАТ Договір 112/Б від 15.10.2024_Глобине-2 Списання з банківського рахунку 00000019096 від 17.10.2024 19:38:31 | E103: 205 | F103: 12028.23 | H103: 631 | K103: Д | L103: 128952.1
A104: 21.10.2024 | B104: Надходження дод. витрат ІБ00-000440 від 21.10.2024 17:44:07 Доп. расходы при поступлении товаров (Зачет аванса поставщику) | C104: Обл. НДС Бетон С 8/10 Р4 Надходження товарів і послуг ІБ00-005229 від 21.10.2024 17:44:06 Глобине-2 | D104: Кременчуцький річковий порт ПРАТ Договір 112/Б від 15.10.2024_Глобине-2 Списання з банківського рахунку 00000019096 від 17.10.2024 19:38:31 | E104: 205 | F104: 4360.52 | H104: 631 | K104: Д | L104: 133312.62
A105: 21.10.2024 | B105: Переміщення товарів ІБ00-000114 від 21.10.2024 17:44:08 Перемещение ТМЦ | C105: Обл. НДС Бетон С 8/10 Р4 Надходження товарів і послуг ІБ00-005229 від 21.10.2024 17:44:06 Котельна (Глобине) | D105: Обл. НДС Бетон С 8/10 Р4 Надходження товарів і послуг ІБ00-005229 від 21.10.2024 17:44:06 Глобине-2 | E105: 205 | H105: 205 | I105: 1507.57 | K105: Д | L105: 131805.05
A106: 21.10.2024 | B106: Переміщення товарів ІБ00-000115 від 21.10.2024 17:44:09 Перемещение ТМЦ | C106: Обл. НДС Бетон С 20/25 F75 W6 Р4 Надходження товарів і послуг ІБ00-005229 від 21.10.2024 17:44:06 Цех екстракції (Глобине) | D106: Обл. НДС Бетон С 20/25 F75 W6 Р4 Надходження товарів і послуг ІБ00-005229 від 21.10.2024 17:44:06 Глобине-2 | E106: 205 | H106: 205 | I106: 33268.23 | K106: Д | L106: 98536.82
A107: 21.10.2024 | B107: Переміщення товарів ІБ00-000115 від 21.10.2024 17:44:09 Перемещение ТМЦ | C107: Обл. НДС Бетон С 8/10 Р4 Надходження товарів і послуг ІБ00-005229 від 21.10.2024 17:44:06 Цех екстракції (Глобине) | D107: Обл. НДС Бетон С 8/10 Р4 Надходження товарів і послуг ІБ00-005229 від 21.10.2024 17:44:06 Глобине-2 | E107: 205 | H107: 205 | I107: 10552.95 | K107: Д | L107: 87983.87
A108: 23.10.2024 | B108: Надходження товарів і послуг ІБ00-005221 від 23.10.2024 18:16:38 Оприходованы ТМЦ (Зачет аванса поставщику) | C108: Обл. НДС Бетон С 20/25 F75 W6 Р4 Надходження товарів і послуг ІБ00-005221 від 23.10.2024 18:16:38 Глобине-2 | D108: Кременчуцький річковий порт ПРАТ Договір 112/Б від 15.10.2024_Глобине-2 Списання з банківського рахунку 00000019361 від 22.10.2024 15:57:29 | E108: 205 | F108: 106949.3 | H108: 631 | K108: Д | L108: 194933.17
A109: 23.10.2024 | B109: Надходження товарів і послуг ІБ00-005221 від 23.10.2024 18:16:38 Оприходованы ТМЦ (Зачет аванса поставщику) | C109: Обл. НДС Бетон С 20/25 F75 W6 Р4 Надходження товарів і послуг ІБ00-005221 від 23.10.2024 18:16:38 Глобине-2 | D109: Кременчуцький річковий порт ПРАТ Договір 112/Б від 15.10.2024_Глобине-2 Списання з банківського рахунку 00000019096 від 17.10.2024 19:38:31 | E109: 205 | F109: 15180.7 | H109: 631 | K109: Д | L109: 210113.87
A110: 23.10.2024 | B110: Надходження дод. витрат ІБ00-000436 від 23.10.2024 18:16:39 Доп. расходы при поступлении товаров (Зачет аванса поставщику) | C110: Обл. НДС Бетон С 20/25 F75 W6 Р4 Надходження товарів і послуг ІБ00-005221 від 23.10.2024 18:16:38 Глобине-2 | D110: Кременчуцький річковий порт ПРАТ Договір 112/Б від 15.10.2024_Глобине-2 Списання з банківського рахунку 00000019361 від 22.10.2024 15:57:29 | E110: 205 | F110: 40475 | H110: 631 | K110: Д | L110: 250588.87
A111: 23.10.2024 | B111: Переміщення товарів ІБ00-000106 від 23.10.2024 18:16:41 Перемещение ТМЦ | C111: Обл. НДС Бетон С 20/25 F75 W6 Р4 Надходження товарів і послуг ІБ00-005221 від 23.10.2024 18:16:38 Цех екстракції (Глобине) | D111: Обл. НДС Бетон С 20/25 F75 W6 Р4 Надходження товарів і послуг ІБ00-005221 від 23.10.2024 18:16:38 Глобине-2 | E111: 205 | H111: 205 | I111: 14139.57 | K111: Д | L111: 236449.3
A112: 23.10.2024 | B112: Переміщення товарів ІБ00-000107 від 23.10.2024 18:16:42 Перемещение ТМЦ | C112: Обл. НДС Бетон С 20/25 F75 W6 Р4 Надходження товарів і послуг ІБ00-005221 від 23.10.2024 18:16:38 Котельна (Глобине) | D112: Обл. НДС Бетон С 20/25 F75 W6 Р4 Надходження товарів і послуг ІБ00-005221 від 23.10.2024 18:16:38 Глобине-2 | E112: 205 | H112: 205 | I112: 148465.43 | K112: Д | L112: 87983.87
A113: 24.10.2024 | B113: Надходження товарів і послуг ІБ00-005295 від 24.10.2024 17:54:50 Оприходованы ТМЦ (Зачет аванса поставщику) | C113: Обл. НДС Бетон С 20/25 F75 W6 Р4 Надходження товарів і послуг ІБ00-005295 від 24.10.2024 17:54:50 Глобине-2 | D113: Кременчуцький річковий порт ПРАТ Договір 112/Б від 15.10.2024_Глобине-2 Списання з банківського рахунку 00000019361 від 22.10.2024 15:57:29 | E113: 205 | F113: 37170 | H113: 631 | K113: Д | L113: 125153.87
...

Sheet Котельна (Глобине)
A1: ТОВ "ІНДАСТРІАЛБУД"
A2: Картка рахунку 205 за ... - 2024 р.
A4: Виведені дані: | B4: БО (дані бухгалтерського обліку)
A6: Відбір: | B6: Склади Дорівнює "Котельна (Глобине)" и Склади.Найменування містить "гло"
A8: Період | B8: Документ | C8: Аналітика Дт | D8: Аналітика Кт | E8: Дебет | H8: Кредит | K8: Поточне сальдо
E9: Рахунок | H9: Рахунок
A10: 01.10.2024 | B10: Переміщення товарів ІБ00-000072 від 01.10.2024 18:35:35 Перемещение ТМЦ | C10: Обл. НДС Арматура №10 А240С L=6000 мм Надходження товарів і послуг ІБ00-004378 від 21.09.2024 23:45:38 Котельна (Глобине) | D10: Обл. НДС Арматура №10 А240С L=6000 мм Надходження товарів і послуг ІБ00-004378 від 21.09.2024 23:45:38 Глобине-2 | E10: 205 | F10: 24726.99 | H10: 205 | K10: Д | L10: 24726.99
A11: 01.10.2024 | B11: Переміщення товарів ІБ00-000072 від 01.10.2024 18:35:35 Перемещение ТМЦ | C11: Обл. НДС Арматура №12 А500С L=12000 мм Надходження товарів і послуг ІБ00-004378 від 21.09.2024 23:45:38 Котельна (Глобине) | D11: Обл. НДС Арматура №12 А500С L=12000 мм Надходження товарів і послуг ІБ00-004378 від 21.09.2024 23:45:38 Глобине-2 | E11: 205 | F11: 83498.66 | H11: 205 | K11: Д | L11: 108225.65
A12: 01.10.2024 | B12: Переміщення товарів ІБ00-000077 від 01.10.2024 18:35:54 Перемещение ТМЦ | C12: Обл. НДС дошка 25*120 4,5 м шт Надходження товарів і послуг ІБ00-004600 від 25.09.2024 23:00:14 Котельна (Глобине) | D12: Обл. НДС дошка 25*120 4,5 м шт Надходження товарів і послуг ІБ00-004600 від 25.09.2024 23:00:14 Глобине-2 | E12: 205 | F12: 8260 | H12: 205 | K12: Д | L12: 116485.65
A13: 03.10.2024 | B13: Переміщення товарів ІБ00-000082 від 03.10.2024 17:50:19 Перемещение ТМЦ | C13: Обл. НДС Арматура №12 А240С L=6000 мм Надходження товарів і послуг ІБ00-004646 від 02.10.2024 17:19:54 Котельна (Глобине) | D13: Обл. НДС Арматура №12 А240С L=6000 мм Надходження товарів і послуг ІБ00-004646 від 02.10.2024 17:19:54 Глобине-2 | E13: 205 | F13: 18565 | H13: 205 | K13: Д | L13: 135050.65
A14: 03.10.2024 | B14: Переміщення товарів ІБ00-000082 від 03.10.2024 17:50:19 Перемещение ТМЦ | C14: Обл. НДС Арматура №12 А500С L=12000 мм Надходження товарів і послуг ІБ00-004397 від 25.09.2024 18:38:36 Котельна (Глобине) | D14: Обл. НДС Арматура №12 А500С L=12000 мм Надходження товарів і послуг ІБ00-004397 від 25.09.2024 18:38:36 Глобине-2 | E14: 205 | F14: 4433.33 | H14: 205 | K14: Д | L14: 139483.98
A15: 03.10.2024 | B15: Переміщення товарів ІБ00-000082 від 03.10.2024 17:50:19 Перемещение ТМЦ | C15: Обл. НДС Арматура №12 А500С L=12000 мм Надходження товарів і послуг ІБ00-004646 від 02.10.2024 17:19:54 Котельна (Глобине) | D15: Обл. НДС Арматура №12 А500С L=12000 мм Надходження товарів і послуг ІБ00-004646 від 02.10.2024 17:19:54 Глобине-2 | E15: 205 | F15: 266126.63 | H15: 205 | K15: Д | L15: 405610.61
A16: 03.10.2024 | B16: Переміщення товарів ІБ00-000082 від 03.10.2024 17:50:19 Перемещение ТМЦ | C16: Обл. НДС Арматура №14 А500С L=12000 мм Надходження товарів і послуг ІБ00-004646 від 02.10.2024 17:19:54 Котельна (Глобине) | D16: Обл. НДС Арматура №14 А500С L=12000 мм Надходження товарів і послуг ІБ00-004646 від 02.10.2024 17:19:54 Глобине-2 | E16: 205 | F16: 186199.98 | H16: 205 | K16: Д | L16: 591810.59
A17: 03.10.2024 | B17: Надходження товарів і послуг ІБ00-005299 від 03.10.2024 17:50:40 Оприходованы ТМЦ | C17: Обл. НДС Бетон М-150 Надходження товарів і послуг ІБ00-005299 від 03.10.2024 17:50:40 Котельна (Глобине) | D17: Глобинський свинокомплекс НВП ТОВ Глобіне2_рахунки Рахунок на оплату постачальника ІБ00-004352 від 03.10.2024 17:50:39 | E17: 205 | F17: 4511.8 | H17: 631 | K17: Д | L17: 596322.39
A18: 04.10.2024 | B18: Переміщення товарів ІБ00-000094 від 04.10.2024 20:00:00 Перемещение ТМЦ | C18: Обл. НДС Бетон М-150 (Р-3) Надходження товарів і послуг ІБ00-005012 від 04.10.2024 18:41:13 Котельна (Глобине) | D18: Обл. НДС Бетон М-150 (Р-3) Надходження товарів і послуг ІБ00-005012 від 04.10.2024 18:41:13 Глобине-2 | E18: 205 | F18: 9525 | H18: 205 | K18: Д | L18: 605847.39
A19: 04.10.2024 | B19: Переміщення товарів ІБ00-000095 від 04.10.2024 20:00:00 Перемещение ТМЦ | C19: Обл. НДС Бетон М-150 (Р-3) Надходження товарів і послуг ІБ00-005012 від 04.10.2024 18:41:13 Котельна (Глобине) | D19: Обл. НДС Бетон М-150 (Р-3) Надходження товарів і послуг ІБ00-005012 від 04.10.2024 18:41:13 Глобине-2 | E19: 205 | F19: 5334 | H19: 205 | K19: Д | L19: 611181.39
A20: 08.10.2024 | B20: Вимога-накладна ІБ00-000535 від 08.10.2024 22:00:14 Списаны ТМЦ | C20: Обл. НДС Виробничий (Глобине-2) Глобине-2 Прямі материальні виробничі витрати крім зворотніх відходів | D20: Обл. НДС Арматура №10 А240С L=6000 мм Надходження товарів і послуг ІБ00-004378 від 21.09.2024 23:45:38 Котельна (Глобине) | E20: 231 | H20: 205 | I20: 24726.99 | K20: Д | L20: 586454.4
A21: 08.10.2024 | B21: Вимога-накладна ІБ00-000535 від 08.10.2024 22:00:14 Списаны ТМЦ | C21: Обл. НДС Виробничий (Глобине-2) Глобине-2 Прямі материальні виробничі витрати крім зворотніх відходів | D21: Обл. НДС Арматура №12 А240С L=6000 мм Надходження товарів і послуг ІБ00-004646 від 02.10.2024 17:19:54 Котельна (Глобине) | E21: 231 | H21: 205 | I21: 15536.67 | K21: Д | L21: 570917.73
A22: 08.10.2024 | B22: Вимога-накладна ІБ00-000535 від 08.10.2024 22:00:14 Списаны ТМЦ | C22: Обл. НДС Виробничий (Глобине-2) Глобине-2 Прямі материальні виробничі витрати крім зворотніх відходів | D22: Обл. НДС Арматура №12 А500С L=12000 мм Надходження товарів і послуг ІБ00-004378 від 21.09.2024 23:45:38 Котельна (Глобине) | E22: 231 | H22: 205 | I22: 83498.66 | K22: Д | L22: 487419.07
A23: 08.10.2024 | B23: Вимога-накладна ІБ00-000535 від 08.10.2024 22:00:14 Списаны ТМЦ | C23: Обл. НДС Виробничий (Глобине-2) Глобине-2 Прямі материальні виробничі витрати крім зворотніх відходів | D23: Обл. НДС Арматура №12 А500С L=12000 мм Надходження товарів і послуг ІБ00-004397 від 25.09.2024 18:38:36 Котельна (Глобине) | E23: 231 | H23: 205 | I23: 4433.33 | K23: Д | L23: 482985.74
A24: 08.10.2024 | B24: Вимога-накладна ІБ00-000535 від 08.10.2024 22:00:14 Списаны ТМЦ | C24: Обл. НДС Виробничий (Глобине-2) Глобине-2 Прямі материальні виробничі витрати крім зворотніх відходів | D24: Обл. НДС Арматура №12 А500С L=12000 мм Надходження товарів і послуг ІБ00-004646 від 02.10.2024 17:19:54 Котельна (Глобине) | E24: 231 | H24: 205 | I24: 178194.64 | K24: Д | L24: 304791.1
A25: 08.10.2024 | B25: Вимога-накладна ІБ00-000535 від 08.10.2024 22:00:14 Списаны ТМЦ | C25: Обл. НДС Виробничий (Глобине-2) Глобине-2 Прямі материальні виробничі витрати крім зворотніх відходів | D25: Обл. НДС Арматура №12 А500С L=12000 мм Надходження товарів і послуг ІБ00-004646 від 02.10.2024 17:19:54 Котельна (Глобине) | E25: 231 | H25: 205 | I25: 58646.66 | K25: Д | L25: 246144.44
A26: 08.10.2024 | B26: Вимога-накладна ІБ00-000535 від 08.10.2024 22:00:14 Списаны ТМЦ | C26: Обл. НДС Виробничий (Глобине-2) Глобине-2 Прямі материальні виробничі витрати крім зворотніх відходів | D26: Обл. НДС Арматура №14 А500С L=12000 мм Надходження товарів і послуг ІБ00-004646 від 02.10.2024 17:19:54 Котельна (Глобине) | E26: 231 | H26: 205 | I26: 164666.65 | K26: Д | L26: 81477.79 | M26: =SUBTOTAL(9,I20:J26) -> 529703.6 | N26: октябрь
A27: 09.10.2024 | B27: Переміщення товарів ІБ00-000097 від 09.10.2024 19:00:00 Перемещение ТМЦ | C27: Обл. НДС Бетон М-350 (Р-4) Надходження товарів і послуг ІБ00-005013 від 09.10.2024 18:37:38 Котельна (Глобине) | D27: Обл. НДС Бетон М-350 (Р-4) Надходження товарів і послуг ІБ00-005013 від 09.10.2024 18:37:38 Глобине-2 | E27: 205 | F27: 269 | H27: 205 | K27: Д | L27: 81746.79
A28: 09.10.2024 | B28: Надходження товарів і послуг ІБ00-005265 від 09.10.2024 22:00:04 Оприходованы ТМЦ (Зачет аванса поставщику) | C28: Обл. НДС Анкерний блок БФБ-1 Надходження товарів і послуг ІБ00-005265 від 09.10.2024 22:00:04 Котельна (Глобине) | D28: МАЛИН МЕТАЛ ТОВ 2709-П от 27.09.2023від 27.09.2023_Глобине 2 Рахунок на оплату постачальника ІБ00-003594 від 19.09.2024 18:10:28 | E28: 205 | F28: 19500 | H28: 631 | K28: Д | L28: 101246.79
A29: 09.10.2024 | B29: Надходження товарів і послуг ІБ00-005265 від 09.10.2024 22:00:04 Оприходованы ТМЦ (Зачет аванса поставщику) | C29: Обл. НДС Анкерний блок БФБ-2 Надходження товарів і послуг ІБ00-005265 від 09.10.2024 22:00:04 Котельна (Глобине) | D29: МАЛИН МЕТАЛ ТОВ 2709-П от 27.09.2023від 27.09.2023_Глобине 2 Рахунок на оплату постачальника ІБ00-003594 від 19.09.2024 18:10:28 | E29: 205 | F29: 11424.99 | H29: 631 | K29: Д | L29: 112671.78
A30: 11.10.2024 | B30: Переміщення товарів ІБ00-000100 від 11.10.2024 18:06:40 Перемещение ТМЦ | C30: Обл. НДС Бетон М-150 (Р-4) Надходження товарів і послуг ІБ00-005014 від 10.10.2024 18:57:57 Котельна (Глобине) | D30: Обл. НДС Бетон М-150 (Р-4) Надходження товарів і послуг ІБ00-005014 від 10.10.2024 18:57:57 Глобине-2 | E30: 205 | F30: 7892.5 | H30: 205 | K30: Д | L30: 120564.28
A31: 15.10.2024 | B31: Переміщення товарів ІБ00-000108 від 15.10.2024 18:37:04 Перемещение ТМЦ | C31: Обл. НДС Бетон С 20/25 F75 W6 Р4 Надходження товарів і послуг ІБ00-005226 від 15.10.2024 18:37:02 Котельна (Глобине) | D31: Обл. НДС Бетон С 20/25 F75 W6 Р4 Надходження товарів і послуг ІБ00-005226 від 15.10.2024 18:37:02 Глобине-2 | E31: 205 | F31: 17505.87 | H31: 205 | K31: Д | L31: 138070.15
A32: 16.10.2024 | B32: Надходження товарів і послуг ІБ00-005216 від 16.10.2024 18:38:25 Оприходованы ТМЦ | C32: Обл. НДС Бетон С 20/25 F75 W6 Р4 Надходження товарів і послуг ІБ00-005216 від 16.10.2024 18:38:25 Котельна (Глобине) | D32: Кременчуцький річковий порт ПРАТ Договір 112/Б від 15.10.2024_Глобине-2 Надходження товарів і послуг ІБ00-005216 від 16.10.2024 18:38:25 | E32: 205 | F32: 30532.5 | H32: 631 | K32: Д | L32: 168602.65
A33: 16.10.2024 | B33: Надходження дод. витрат ІБ00-000435 від 16.10.2024 18:38:26 Доп. расходы при поступлении товаров | C33: Обл. НДС Бетон С 20/25 F75 W6 Р4 Надходження товарів і послуг ІБ00-005216 від 16.10.2024 18:38:25 Котельна (Глобине) | D33: Кременчуцький річковий порт ПРАТ Договір 112/Б від 15.10.2024_Глобине-2 Надходження дод. витрат ІБ00-000435 від 16.10.2024 18:38:26 | E33: 205 | F33: 14626.5 | H33: 631 | K33: Д | L33: 183229.15
A34: 17.10.2024 | B34: Надходження товарів і послуг ІБ00-005215 від 17.10.2024 18:07:50 Оприходованы ТМЦ | C34: Обл. НДС Анкерний блок БФБ-1 Надходження товарів і послуг ІБ00-005215 від 17.10.2024 18:07:50 Котельна (Глобине) | D34: МАЛИН МЕТАЛ ТОВ 2709-П от 27.09.2023від 27.09.2023_Глобине 2 Рахунок на оплату постачальника ІБ00-003594 від 19.09.2024 18:10:28 | E34: 205 | F34: 10386 | H34: 631 | K34: Д | L34: 193615.15
A35: 17.10.2024 | B35: Надходження товарів і послуг ІБ00-005215 від 17.10.2024 18:07:50 Оприходованы ТМЦ (Зачет аванса поставщику) | C35: Обл. НДС Анкерний блок БФБ-1 Надходження товарів і послуг ІБ00-005215 від 17.10.2024 18:07:50 Котельна (Глобине) | D35: МАЛИН МЕТАЛ ТОВ 2709-П от 27.09.2023від 27.09.2023_Глобине 2 Рахунок на оплату постачальника ІБ00-003594 від 19.09.2024 18:10:28 | E35: 205 | F35: 63714 | H35: 631 | K35: Д | L35: 257329.15
A36: 17.10.2024 | B36: Переміщення товарів ІБ00-000110 від 17.10.2024 18:07:54 Перемещение ТМЦ | C36: Обл. НДС Бетон С 8/10 Р4 Надходження товарів і послуг ІБ00-005227 від 17.10.2024 18:07:52 Котельна (Глобине) | D36: Обл. НДС Бетон С 8/10 Р4 Надходження товарів і послуг ІБ00-005227 від 17.10.2024 18:07:52 Глобине-2 | E36: 205 | F36: 8633.03 | H36: 205 | K36: Д | L36: 265962.18
A37: 17.10.2024 | B37: Переміщення товарів ІБ00-000110 від 17.10.2024 18:07:54 Перемещение ТМЦ | C37: Обл. НДС Бетон С 20/25 F75 W6 Р4 Надходження товарів і послуг ІБ00-005227 від 17.10.2024 18:07:52 Котельна (Глобине) | D37: Обл. НДС Бетон С 20/25 F75 W6 Р4 Надходження товарів і послуг ІБ00-005227 від 17.10.2024 18:07:52 Глобине-2 | E37: 205 | F37: 19844.76 | H37: 205 | K37: Д | L37: 285806.94
A38: 17.10.2024 | B38: Надходження товарів і послуг ІБ00-005682 від 17.10.2024 19:38:55 Оприходованы ТМЦ | C38: Обл. НДС Анкерний блок БФБ-1 Надходження товарів і послуг ІБ00-005682 від 17.10.2024 19:38:55 Котельна (Глобине) | D38: МАЛИН МЕТАЛ ТОВ 2709-П от 27.09.2023від 27.09.2023_Глобине 2 Рахунок на оплату постачальника ІБ00-004544 від 01.11.2024 19:56:51 | E38: 205 | F38: 46800 | H38: 631 | K38: Д | L38: 332606.94
... A133: 29.11.2024 | B133: Переміщення товарів ІБ00-000229 від 29.11.2024 14:58:38 Перемещение ТМЦ | C133: Обл. НДС Бетон С 8/10 Р4 (-5*) Надходження товарів і послуг ІБ00-005917 від 29.11.2024 12:58:33 Котельна (Глобине) | D133: Обл. НДС Бетон С 8/10 Р4 (-5*) Надходження товарів і послуг ІБ00-005917 від 29.11.2024 12:58:33 Глобине-2 | E133: 205 | F133: 16331.59 | H133: 205 | K133: Д | L133: 2016851.3
A134: 30.11.2024 | B134: Списання товарів ІБ00-000728 від 30.11.2024 00:00:00 Списаны ТМЦ | C134: Обл. НДС Виробничий (Глобине-2) Глобине-2 Прямі материальні виробничі витрати крім зворотніх відходів | D134: Обл. НДС Фіксатор зірочка 50 Надходження товарів і послуг ІБ00-005520 від 30.10.2024 21:00:06 Котельна (Глобине) | E134: 231 | H134: 205 | I134: 982.5 | K134: Д | L134: 2015868.8
A135: 30.11.2024 | B135: Списання товарів ІБ00-000728 від 30.11.2024 00:00:00 Списаны ТМЦ | C135: Обл. НДС Виробничий (Глобине-2) Глобине-2 Прямі материальні виробничі витрати крім зворотніх відходів | D135: Обл. НДС дошка 25*120 4,5 м шт Надходження товарів і послуг ІБ00-004600 від 25.09.2024 23:00:14 Котельна (Глобине) | E135: 231 | H135: 205 | I135: 4602 | K135: Д | L135: 2011266.8
A136: 30.11.2024 | B136: Списання товарів ІБ00-000649 від 30.11.2024 20:00:00 Списаны ТМЦ | C136: Обл. НДС Виробничий (Глобине-2) Глобине-2 Прямі материальні виробничі витрати крім зворотніх відходів | D136: Обл. НДС Шуруп г/к по дереву 3,5*45 мм Надходження товарів і послуг ІБ00-005405 від 30.10.2024 00:00:00 Котельна (Глобине) | E136: 231 | H136: 205 | I136: 146.8 | K136: Д | L136: 2011120
A137: 30.11.2024 | B137: Списання товарів ІБ00-000649 від 30.11.2024 20:00:00 Списаны ТМЦ | C137: Обл. НДС Виробничий (Глобине-2) Глобине-2 Прямі материальні виробничі витрати крім зворотніх відходів | D137: Обл. НДС Шуруп г/к по дереву 4,2*76 мм Надходження товарів і послуг ІБ00-005521 від 04.11.2024 17:13:08 Котельна (Глобине) | E137: 231 | H137: 205 | I137: 182.5 | K137: Д | L137: 2010937.5
A138: 30.11.2024 | B138: Списання товарів ІБ00-000649 від 30.11.2024 20:00:00 Списаны ТМЦ | C138: Обл. НДС Виробничий (Глобине-2) Глобине-2 Прямі материальні виробничі витрати крім зворотніх відходів | D138: Обл. НДС Шуруп для г/к по дереву 3,9*75 мм Надходження товарів і послуг ІБ00-005405 від 30.10.2024 00:00:00 Котельна (Глобине) | E138: 231 | H138: 205 | I138: 232.8 | K138: Д | L138: 2010704.7
A139: 30.11.2024 | B139: Списання товарів ІБ00-000649 від 30.11.2024 20:00:00 Списаны ТМЦ | C139: Обл. НДС Виробничий (Глобине-2) Глобине-2 Прямі материальні виробничі витрати крім зворотніх відходів | D139: Обл. НДС Цвяхи будівельні 3,0*70 Надходження товарів і послуг ІБ00-005521 від 04.11.2024 17:13:08 Котельна (Глобине) | E139: 231 | H139: 205 | I139: 47.75 | K139: Д | L139: 2010657
A140: 30.11.2024 | B140: Вимога-накладна ІБ00-000576 від 30.11.2024 20:00:00 Списаны ТМЦ | C140: Обл. НДС Виробничий (Глобине-2) Глобине-2 Прямі материальні виробничі витрати крім зворотніх відходів | D140: Обл. НДС Бетон М-150 (Р-3) Надходження товарів і послуг ІБ00-005012 від 04.10.2024 18:41:13 Котельна (Глобине) | E140: 231 | H140: 205 | I140: 5334 | K140: Д | L140: 2005323
A141: 30.11.2024 | B141: Вимога-накладна ІБ00-000576 від 30.11.2024 20:00:00 Списаны ТМЦ | C141: Обл. НДС Виробничий (Глобине-2) Глобине-2 Прямі материальні виробничі витрати крім зворотніх відходів | D141: Обл. НДС Бетон М-150 (Р-4) Надходження товарів і послуг ІБ00-005014 від 10.10.2024 18:57:57 Котельна (Глобине) | E141: 231 | H141: 205 | I141: 7892.5 | K141: Д | L141: 1997430.5
A142: 30.11.2024 | B142: Вимога-накладна ІБ00-000576 від 30.11.2024 20:00:00 Списаны ТМЦ | C142: Обл. НДС Виробничий (Глобине-2) Глобине-2 Прямі материальні виробничі витрати крім зворотніх відходів | D142: Обл. НДС Анкерний блок БФБ-1 Надходження товарів і послуг ІБ00-005265 від 09.10.2024 22:00:04 Котельна (Глобине) | E142: 231 | H142: 205 | I142: 19500 | K142: Д | L142: 1977930.5
A143: 30.11.2024 | B143: Вимога-накладна ІБ00-000576 від 30.11.2024 20:00:00 Списаны ТМЦ | C143: Обл. НДС Виробничий (Глобине-2) Глобине-2 Прямі материальні виробничі витрати крім зворотніх відходів | D143: Обл. НДС Анкерний блок БФБ-2 Надходження товарів і послуг ІБ00-005265 від 09.10.2024 22:00:04 Котельна (Глобине) | E143: 231 | H143: 205 | I143: 11424.99 | K143: Д | L143: 1966505.5
A144: 30.11.2024 | B144: Вимога-накладна ІБ00-000576 від 30.11.2024 20:00:00 Списаны ТМЦ | C144: Обл. НДС Виробничий (Глобине-2) Глобине-2 Прямі материальні виробничі витрати крім зворотніх відходів | D144: Обл. НДС Бетон М-150 Надходження товарів і послуг ІБ00-005299 від 03.10.2024 17:50:40 Котельна (Глобине) | E144: 231 | H144: 205 | I144: 4511.8 | K144: Д | L144: 1961993.7
A145: 30.11.2024 | B145: Вимога-накладна ІБ00-000576 від 30.11.2024 20:00:00 Списаны ТМЦ | C145: Обл. НДС Виробничий (Глобине-2) Глобине-2 Прямі материальні виробничі витрати крім зворотніх відходів | D145: Обл. НДС Арматура №12 А240С L=6000 мм Надходження товарів і послуг ІБ00-004646 від 02.10.2024 17:19:54 Котельна (Глобине) | E145: 231 | H145: 205 | I145: 790 | K145: Д | L145: 1961203.7
... A215: 30.11.2024 | B215: Вимога-накладна ІБ00-000661 від 30.11.2024 23:52:00 Списаны ТМЦ | C215: Обл. НДС Виробничий (Глобине-2) Глобине-2 Прямі материальні виробничі витрати крім зворотніх відходів | D215: Обл. НДС Пісок з відсіву дроблення щебеню фр. 0-5мм. Надходження товарів і послуг ІБ00-005857 від 06.11.2024 20:00:26 Котельна (Глобине) | E215: 231 | H215: 205 | I215: 65511.99 | K215: Д | L215: 646986.95
A216: 30.11.2024 | B216: Вимога-накладна ІБ00-000661 від 30.11.2024 23:52:00 Списаны ТМЦ | C216: Обл. НДС Виробничий (Глобине-2) Глобине-2 Прямі материальні виробничі витрати крім зворотніх відходів | D216: Обл. НДС Пісок з відсіву дроблення щебеню фр. 0-5мм. Надходження товарів і послуг ІБ00-005857 від 06.11.2024 20:00:26 Котельна (Глобине) | E216: 231 | H216: 205 | I216: 6205.33 | K216: Д | L216: 640781.62 | M216: =SUBTOTAL(9,I134:J216) -> 1376069.7 | N216: ноябрь
A217: 02.12.2024 | B217: Переміщення товарів ІБ00-000254 від 02.12.2024 18:39:30 Перемещение ТМЦ | C217: Обл. НДС Бетон С20/25 W6 F75 P4 доб-5 Надходження товарів і послуг ІБ00-006122 від 02.12.2024 18:39:27 Котельна (Глобине) | D217: Обл. НДС Бетон С20/25 W6 F75 P4 доб-5 Надходження товарів і послуг ІБ00-006122 від 02.12.2024 18:39:27 Глобине-2 | E217: 205 | F217: 67854.27 | H217: 205 | K217: Д | L217: 708635.89
A218: 03.12.2024 | B218: Надходження товарів і послуг ІБ00-006080 від 03.12.2024 17:24:19 Оприходованы ТМЦ | C218: Обл. НДС Пісок з відсіву дроблення щебеню фр. 0-5мм. Надходження товарів і послуг ІБ00-006080 від 03.12.2024 17:24:19 Котельна (Глобине) | D218: Енергія Логістик ТОВ №28/10-2024 ВІД 28/10/24_Глобине-2 Рахунок на оплату постачальника ІБ00-004972 від 03.12.2024 17:24:18 | E218: 205 | F218: 3324 | H218: 631 | K218: Д | L218: 711959.89
A219: 03.12.2024 | B219: Надходження товарів і послуг ІБ00-006081 від 03.12.2024 17:24:21 Оприходованы ТМЦ | C219: Обл. НДС Пісок з відсіву дроблення щебеню фр. 0-5мм. Надходження товарів і послуг ІБ00-006081 від 03.12.2024 17:24:21 Котельна (Глобине) | D219: Енергія Логістик ТОВ №28/10-2024 ВІД 28/10/24_Глобине-2 Рахунок на оплату постачальника ІБ00-004973 від 03.12.2024 17:24:20 | E219: 205 | F219: 21813 | H219: 631 | K219: Д | L219: 733772.89
A220: 03.12.2024 | B220: Надходження дод. витрат ІБ00-000571 від 03.12.2024 17:24:22 Доп. расходы при поступлении товаров | C220: Обл. НДС Пісок з відсіву дроблення щебеню фр. 0-5мм. Надходження товарів і послуг ІБ00-006081 від 03.12.2024 17:24:21 Котельна (Глобине) | D220: Енергія Логістик ТОВ №28/10-2024 ВІД 28/10/24_Глобине-2 Рахунок на оплату постачальника ІБ00-004973 від 03.12.2024 17:24:20 | E220: 205 | F220: 50897 | H220: 631 | K220: Д | L220: 784669.89
A221: 04.12.2024 | B221: Переміщення товарів ІБ00-000251 від 04.12.2024 18:00:23 Перемещение ТМЦ | C221: Обл. НДС Бетон С20/25 W6 F75 P4 доб-5 Надходження товарів і послуг ІБ00-006121 від 04.12.2024 18:00:20 Котельна (Глобине) | D221: Обл. НДС Бетон С20/25 W6 F75 P4 доб-5 Надходження товарів і послуг ІБ00-006121 від 04.12.2024 18:00:20 Глобине-2 | E221: 205 | F221: 8635.47 | H221: 205 | K221: Д | L221: 793305.36
A222: 04.12.2024 | B222: Переміщення товарів ІБ00-000251 від 04.12.2024 18:00:23 Перемещение ТМЦ | C222: Обл. НДС Бетон С 8/10 Р4 (-5*) Надходження товарів і послуг ІБ00-006121 від 04.12.2024 18:00:20 Котельна (Глобине) | D222: Обл. НДС Бетон С 8/10 Р4 (-5*) Надходження товарів і послуг ІБ00-006121 від 04.12.2024 18:00:20 Глобине-2 | E222: 205 | F222: 4495.85 | H222: 205 | K222: Д | L222: 797801.21
A223: 04.12.2024 | B223: Списання товарів ІБ00-000729 від 04.12.2024 20:00:00 Списаны ТМЦ | C223: Обл. НДС Виробничий (Глобине-2) Глобине-2 Прямі материальні виробничі витрати крім зворотніх відходів | D223: Обл. НДС дошка 25*120 4,5 м шт Надходження товарів і послуг ІБ00-004600 від 25.09.2024 23:00:14 Котельна (Глобине) | E223: 231 | H223: 205 | I223: 944 | K223: Д | L223: 796857.21
A224: 04.12.2024 | B224: Вимога-накладна ІБ00-000662 від 04.12.2024 20:00:00 Списаны ТМЦ | C224: Обл. НДС Виробничий (Глобине-2) Глобине-2 Прямі материальні виробничі витрати крім зворотніх відходів | D224: Обл. НДС Бетон С 8/10 Р4 Надходження товарів і послуг ІБ00-005599 від 09.11.2024 12:00:00 Котельна (Глобине) | E224: 231 | H224: 205 | I224: 2457.31 | K224: Д | L224: 794399.9
A225: 04.12.2024 | B225: Вимога-накладна ІБ00-000662 від 04.12.2024 20:00:00 Списаны ТМЦ | C225: Обл. НДС Виробничий (Глобине-2) Глобине-2 Прямі материальні виробничі витрати крім зворотніх відходів | D225: Обл. НДС Бетон С 20/25 F75 W6 Р4 Надходження товарів і послуг ІБ00-005732 від 18.11.2024 17:48:48 Котельна (Глобине) | E225: 231 | H225: 205 | I225: 20162.83 | K225: Д | L225: 774237.07
A226: 05.12.2024 | B226: Переміщення товарів ІБ00-000248 від 05.12.2024 19:22:24 Перемещение ТМЦ | C226: Обл. НДС Бетон С20/25 W6 F75 P4 доб-5 Надходження товарів і послуг ІБ00-006118 від 05.12.2024 19:00:21 Котельна (Глобине) | D226: Обл. НДС Бетон С20/25 W6 F75 P4 доб-5 Надходження товарів і послуг ІБ00-006118 від 05.12.2024 19:00:21 Глобине-2 | E226: 205 | F226: 24151.69 | H226: 205 | K226: Д | L226: 798388.76
A227: 06.12.2024 | B227: Надходження товарів і послуг ІБ00-006087 від 06.12.2024 18:14:39 Оприходованы ТМЦ | C227: Обл. НДС Пісок з відсіву дроблення щебеню фр. 0-5мм. Надходження товарів і послуг ІБ00-006087 від 06.12.2024 18:14:39 Котельна (Глобине) | D227: Енергія Логістик ТОВ №28/10-2024 ВІД 28/10/24_Глобине-2 Рахунок на оплату постачальника ІБ00-004977 від 06.12.2024 18:14:38 | E227: 205 | F227: 6558 | H227: 631 | K227: Д | L227: 804946.76
A228: 06.12.2024 | B228: Переміщення товарів ІБ00-000243 від 06.12.2024 19:25:02 Перемещение ТМЦ | C228: Обл. НДС Бетон С20/25 W6 F75 P4 доб-5 Надходження товарів і послуг ІБ00-006112 від 06.12.2024 18:14:57 Котельна (Глобине) | D228: Обл. НДС Бетон С20/25 W6 F75 P4 доб-5 Надходження товарів і послуг ІБ00-006112 від 06.12.2024 18:14:57 Глобине-2 | E228: 205 | F228: 5072.91 | H228: 205 | K228: Д | L228: 810019.67
A229: 09.12.2024 | B229: Переміщення товарів ІБ00-000263 від 09.12.2024 18:22:13 Перемещение ТМЦ | C229: Обл. НДС Бетон С20/25 W6 F75 P4 доб-5 Надходження товарів і послуг ІБ00-006220 від 09.12.2024 18:22:09 Котельна (Глобине) | D229: Обл. НДС Бетон С20/25 W6 F75 P4 доб-5 Надходження товарів і послуг ІБ00-006220 від 09.12.2024 18:22:09 Глобине-2 | E229: 205 | F229: 5135.78 | H229: 205 | K229: Д | L229: 815155.45
A230: 11.12.2024 | B230: Надходження товарів і послуг ІБ00-006222 від 11.12.2024 18:00:34 Оприходованы ТМЦ | C230: Обл. НДС Бетон С20/25 W6 F75 P4 доб-5 Надходження товарів і послуг ІБ00-006222 від 11.12.2024 18:00:34 Котельна (Глобине) | D230: Кременчуцький річковий порт ПРАТ Договір 112/Б від 15.10.2024_Глобине-2 Надходження товарів і послуг ІБ00-006222 від 11.12.2024 18:00:34 | E230: 205 | F230: 13462.5 | H230: 631 | K230: Д | L230: 828617.95
A231: 11.12.2024 | B231: Надходження дод. витрат ІБ00-000595 від 11.12.2024 18:00:35 Доп. расходы при поступлении товаров | C231: Обл. НДС Бетон С20/25 W6 F75 P4 доб-5 Надходження товарів і послуг ІБ00-006222 від 11.12.2024 18:00:34 Котельна (Глобине) | D231: Кременчуцький річковий порт ПРАТ Договір 112/Б від 15.10.2024_Глобине-2 Надходження дод. витрат ІБ00-000595 від 11.12.2024 18:00:35 | E231: 205 | F231: 7035 | H231: 631 | K231: Д | L231: 835652.95
A232: 16.12.2024 | B232: Переміщення товарів ІБ00-000274 від 16.12.2024 18:00:47 Перемещение ТМЦ | C232: Обл. НДС Бетон С 8/10 Р4 Надходження товарів і послуг ІБ00-006282 від 16.12.2024 18:00:45 Котельна (Глобине) | D232: Обл. НДС Бетон С 8/10 Р4 Надходження товарів і послуг ІБ00-006282 від 16.12.2024 18:00:45 Глобине-2 | E232: 205 | F232: 10832.92 | H232: 205 | K232: Д | L232: 846485.87
A233: 19.12.2024 | B233: Надходження товарів і послуг ІБ00-006359 від 19.12.2024 10:16:20 Оприходованы ТМЦ (Зачет аванса поставщику) | C233: Обл. НДС Бетон С20/25 W6 F75 P4 доб-5 Надходження товарів і послуг ІБ00-006359 від 19.12.2024 10:16:20 Котельна (Глобине) | D233: Кременчуцький річковий порт ПРАТ Договір 112/Б від 15.10.2024_Глобине-2 Списання з банківського рахунку 00000021969 від 13.12.2024 18:40:30 | E233: 205 | F233: 40387.5 | H233: 631 | K233: Д | L233: 886873.37
A234: 19.12.2024 | B234: Надходження дод. витрат ІБ00-000620 від 19.12.2024 10:20:00 Доп. расходы при поступлении товаров (Зачет аванса поставщику) | C234: Обл. НДС Бетон С20/25 W6 F75 P4 доб-5 Надходження товарів і послуг ІБ00-006359 від 19.12.2024 10:16:20 Котельна (Глобине) | D234: Кременчуцький річковий порт ПРАТ Договір 112/Б від 15.10.2024_Глобине-2 Списання з банківського рахунку 00000021969 від 13.12.2024 18:40:30 | E234: 205 | F234: 14838.5 | H234: 631 | K234: Д | L234: 901711.87
A235: 20.12.2024 | B235: Надходження товарів і послуг ІБ00-006606 від 20.12.2024 12:00:00 Оприходованы ТМЦ (Зачет аванса поставщику) | C235: Обл. НДС Сітка тканна 5*5 НВ Надходження товарів і послуг ІБ00-006606 від 20.12.2024 12:00:00 Котельна (Глобине) | D235: АЛНАТОН ПЛЮС Рахунки_Глобино-2 Рахунок на оплату постачальника ІБ00-005148 від 10.12.2024 00:00:00 | E235: 205 | F235: 2200 | H235: 631 | K235: Д | L235: 903911.87
A236: 23.12.2024 | B236: Надходження товарів і послуг ІБ00-006410 від 23.12.2024 17:16:14 Оприходованы ТМЦ | C236: Обл. НДС Кутник 40*40*4,0 мм 6 м Надходження товарів і послуг ІБ00-006410 від 23.12.2024 17:16:14 Котельна (Глобине) | D236: АВ МЕТАЛ ГРУП ТОВ Дог 2420/Р от 05.10.2023від 05.10.2023_Глобино-2 Рахунок на оплату постачальника ІБ00-005202 від 19.12.2024 18:26:28 | E236: 205 | F236: 5382.3 | H236: 631 | K236: Д | L236: 909294.17
A237: 23.12.2024 | B237: Надходження товарів і послуг ІБ00-006410 від 23.12.2024 17:16:14 Оприходованы ТМЦ | C237: Обл. НДС Кутник 75*75 мм 12 м Надходження товарів і послуг ІБ00-006410 від 23.12.2024 17:16:14 Котельна (Глобине) | D237: АВ МЕТАЛ ГРУП ТОВ Дог 2420/Р от 05.10.2023від 05.10.2023_Глобино-2 Рахунок на оплату постачальника ІБ00-005202 від 19.12.2024 18:26:28 | E237: 205 | F237: 14552.91 | H237: 631 | K237: Д | L237: 923847.08
... A241: 26.12.2024 | B241: Надходження товарів і послуг ІБ00-006545 від 26.12.2024 12:00:00 Оприходованы ТМЦ | C241: Обл. НДС Щебінь 20-40 Надходження товарів і послуг ІБ00-006545 від 26.12.2024 12:00:00 Котельна (Глобине) | D241: Енергія Логістик ТОВ №28/10-2024 ВІД 28/10/24_Глобине-2 Рахунок на оплату постачальника ІБ00-005297 від 26.12.2024 11:00:00 | E241: 205 | F241: 16851.33 | H241: 631 | K241: Д | L241: 967878.19
A242: 30.12.2024 | B242: Вимога-накладна ІБ00-000714 від 30.12.2024 00:00:00 Списаны ТМЦ | C242: Обл. НДС Виробничий (Глобине-2) Глобине-2 Прямі материальні виробничі витрати крім зворотніх відходів | D242: Обл. НДС Плити XPS PNP 150 W 50*585*1185 T-15 Надходження товарів і послуг ІБ00-006024 від 15.11.2024 22:00:02 Котельна (Глобине) | E242: 231 | H242: 205 | I242: 14357.3 | K242: Д | L242: 953520.89
A243: 30.12.2024 | B243: Вимога-накладна ІБ00-000714 від 30.12.2024 00:00:00 Списаны ТМЦ | C243: Обл. НДС Виробничий (Глобине-2) Глобине-2 Прямі материальні виробничі витрати крім зворотніх відходів | D243: Обл. НДС Щебінь 20-40 Надходження товарів і послуг ІБ00-005739 від 19.11.2024 17:51:28 Котельна (Глобине) | E243: 231 | H243: 205 | I243: 30802.06 | K243: Д | L243: 922718.83
A244: 30.12.2024 | B244: Вимога-накладна ІБ00-000714 від 30.12.2024 00:00:00 Списаны ТМЦ | C244: Обл. НДС Виробничий (Глобине-2) Глобине-2 Прямі материальні виробничі витрати крім зворотніх відходів | D244: Обл. НДС Щебінь 20-40 Надходження товарів і послуг ІБ00-006545 від 26.12.2024 12:00:00 Котельна (Глобине) | E244: 231 | H244: 205 | I244: 1094.42 | K244: Д | L244: 921624.41
A245: 30.12.2024 | B245: Вимога-накладна ІБ00-000714 від 30.12.2024 00:00:00 Списаны ТМЦ | C245: Обл. НДС Виробничий (Глобине-2) Глобине-2 Прямі материальні виробничі витрати крім зворотніх відходів | D245: Обл. НДС Бетон С 8/10 Р4 (-5*) Надходження товарів і послуг ІБ00-005917 від 29.11.2024 12:58:33 Котельна (Глобине) | E245: 231 | H245: 205 | I245: 2368.08 | K245: Д | L245: 919256.33
A246: 30.12.2024 | B246: Вимога-накладна ІБ00-000714 від 30.12.2024 00:00:00 Списаны ТМЦ | C246: Обл. НДС Виробничий (Глобине-2) Глобине-2 Прямі материальні виробничі витрати крім зворотніх відходів | D246: Обл. НДС Бетон С 8/10 Р4 Надходження товарів і послуг ІБ00-005599 від 09.11.2024 12:00:00 Котельна (Глобине) | E246: 231 | H246: 205 | I246: 3354.7 | K246: Д | L246: 915901.63
A247: 30.12.2024 | B247: Вимога-накладна ІБ00-000714 від 30.12.2024 00:00:00 Списаны ТМЦ | C247: Обл. НДС Виробничий (Глобине-2) Глобине-2 Прямі материальні виробничі витрати крім зворотніх відходів | D247: Обл. НДС Бетон С 8/10 Р4 Надходження товарів і послуг ІБ00-005588 від 12.11.2024 18:12:31 Котельна (Глобине) | E247: 231 | H247: 205 | I247: 5665.66 | K247: Д | L247: 910235.97
A248: 30.12.2024 | B248: Вимога-накладна ІБ00-000714 від 30.12.2024 00:00:00 Списаны ТМЦ | C248: Обл. НДС Виробничий (Глобине-2) Глобине-2 Прямі материальні виробничі витрати крім зворотніх відходів | D248: Обл. НДС Бетон С20/25 W6 F75 P4 доб-5 Надходження товарів і послуг ІБ00-005917 від 29.11.2024 12:58:33 Котельна (Глобине) | E248: 231 | H248: 205 | I248: 18672.1 | K248: Д | L248: 891563.87
A249: 30.12.2024 | B249: Вимога-накладна ІБ00-000714 від 30.12.2024 00:00:00 Списаны ТМЦ | C249: Обл. НДС Виробничий (Глобине-2) Глобине-2 Прямі материальні виробничі витрати крім зворотніх відходів | D249: Обл. НДС Бетон С20/25 W6 F75 P4 доб-5 Надходження товарів і послуг ІБ00-006122 від 02.12.2024 18:39:27 Котельна (Глобине) | E249: 231 | H249: 205 | I249: 1435.65 | K249: Д | L249: 890128.22
A250: 30.12.2024 | B250: Вимога-накладна ІБ00-000714 від 30.12.2024 00:00:00 Списаны ТМЦ | C250: Обл. НДС Виробничий (Глобине-2) Глобине-2 Прямі материальні виробничі витрати крім зворотніх відходів | D250: Обл. НДС Бетон С20/25 W6 F75 P4 доб-5 Надходження товарів і послуг ІБ00-006122 від 02.12.2024 18:39:27 Котельна (Глобине) | E250: 231 | H250: 205 | I250: 1360.66 | K250: Д | L250: 888767.56
A251: 30.12.2024 | B251: Вимога-накладна ІБ00-000714 від 30.12.2024 00:00:00 Списаны ТМЦ | C251: Обл. НДС Виробничий (Глобине-2) Глобине-2 Прямі материальні виробничі витрати крім зворотніх відходів | D251: Обл. НДС Бетон С20/25 W6 F75 P4 доб-5 Надходження товарів і послуг ІБ00-006122 від 02.12.2024 18:39:27 Котельна (Глобине) | E251: 231 | H251: 205 | I251: 17856.39 | K251: Д | L251: 870911.17
A252: 30.12.2024 | B252: Вимога-накладна ІБ00-000714 від 30.12.2024 00:00:00 Списаны ТМЦ | C252: Обл. НДС Виробничий (Глобине-2) Глобине-2 Прямі материальні виробничі витрати крім зворотніх відходів | D252: Обл. НДС Бетон С20/25 W6 F75 P4 доб-5 Надходження товарів і послуг ІБ00-006122 від 02.12.2024 18:39:27 Котельна (Глобине) | E252: 231 | H252: 205 | I252: 4642.66 | K252: Д | L252: 866268.51
A253: 30.12.2024 | B253: Вимога-накладна ІБ00-000714 від 30.12.2024 00:00:00 Списаны ТМЦ | C253: Обл. НДС Виробничий (Глобине-2) Глобине-2 Прямі материальні виробничі витрати крім зворотніх відходів | D253: Обл. НДС Бетон С 20/25 F75 W6 Р4 Надходження товарів і послуг ІБ00-005732 від 18.11.2024 17:48:48 Котельна (Глобине) | E253: 231 | H253: 205 | I253: 12269.48 | K253: Д | L253: 853999.03
... A257: 30.12.2024 | B257: Вимога-накладна ІБ00-000714 від 30.12.2024 00:00:00 Списаны ТМЦ | C257: Обл. НДС Виробничий (Глобине-2) Глобине-2 Прямі материальні виробничі витрати крім зворотніх відходів | D257: Обл. НДС Бетон С 20/25 F75 W6 Р4 Надходження товарів і послуг ІБ00-005731 від 19.11.2024 17:51:24 Котельна (Глобине) | E257: 231 | H257: 205 | I257: 1151.03 | K257: Д | L257: 844221.98
A258: 30.12.2024 | B258: Переміщення товарів ІБ00-000295 від 30.12.2024 10:00:00 Перемещение ТМЦ | C258: Обл. НДС Анкер хімічний 410 мл Надходження товарів і послуг ІБ00-005517 від 05.11.2024 17:28:15 Котельна (Глобине) | D258: Обл. НДС Анкер хімічний 410 мл Надходження товарів і послуг ІБ00-005517 від 05.11.2024 17:28:15 Глобине-2 | E258: 205 | F258: 4380.07 | H258: 205 | K258: Д | L258: 848602.05
A259: 30.12.2024 | B259: Переміщення товарів ІБ00-000300 від 30.12.2024 12:00:00 Перемещение ТМЦ | C259: Обл. НДС Бетон С 8/10 доб-10 Надходження товарів і послуг ІБ00-005899 від 27.11.2024 18:37:16 Котельна (Глобине) | D259: Обл. НДС Бетон С 8/10 доб-10 Надходження товарів і послуг ІБ00-005899 від 27.11.2024 18:37:16 Цех екстракції (Глобине) | E259: 205 | F259: 13156.54 | H259: 205 | K259: Д | L259: 861758.59
A260: 30.12.2024 | B260: Вимога-накладна ІБ00-000694 від 30.12.2024 20:00:00 Списаны ТМЦ | C260: Обл. НДС Виробничий (Глобине-2) Глобине-2 Прямі матеріальні виробничі витрати крім зворотних відходів | D260: Обл. НДС Бетон С 8/10 Р4 (-5*) Надходження товарів і послуг ІБ00-005917 від 29.11.2024 12:58:33 Котельна (Глобине) | E260: 231 | H260: 205 | I260: 13963.51 | K260: Д | L260: 847795.08
A261: 30.12.2024 | B261: Вимога-накладна ІБ00-000694 від 30.12.2024 20:00:00 Списаны ТМЦ | C261: Обл. НДС Виробничий (Глобине-2) Глобине-2 Прямі матеріальні виробничі витрати крім зворотних відходів | D261: Обл. НДС Бетон С 8/10 Р4 (-5*) Надходження товарів і послуг ІБ00-006121 від 04.12.2024 18:00:20 Котельна (Глобине) | E261: 231 | H261: 205 | I261: 2607.59 | K261: Д | L261: 845187.49
A262: 30.12.2024 | B262: Вимога-накладна ІБ00-000694 від 30.12.2024 20:00:00 Списаны ТМЦ | C262: Обл. НДС Виробничий (Глобине-2) Глобине-2 Прямі матеріальні виробничі витрати крім зворотних відходів | D262: Обл. НДС Бетон С 8/10 Р4 (-5*) Надходження товарів і послуг ІБ00-006121 від 04.12.2024 18:00:20 Котельна (Глобине) | E262: 231 | H262: 205 | I262: 911.16 | K262: Д | L262: 844276.33
A263: 30.12.2024 | B263: Вимога-накладна ІБ00-000694 від 30.12.2024 20:00:00 Списаны ТМЦ | C263: Обл. НДС Виробничий (Глобине-2) Глобине-2 Прямі матеріальні виробничі витрати крім зворотних відходів | D263: Обл. НДС Бетон С20/25 W6 F75 P4 доб-5 Надходження товарів і послуг ІБ00-006122 від 02.12.2024 18:39:27 Котельна (Глобине) | E263: 231 | H263: 205 | I263: 17856.39 | K263: Д | L263: 826419.94
A264: 30.12.2024 | B264: Вимога-накладна ІБ00-000694 від 30.12.2024 20:00:00 Списаны ТМЦ | C264: Обл. НДС Виробничий (Глобине-2) Глобине-2 Прямі матеріальні виробничі витрати крім зворотних відходів | D264: Обл. НДС Бетон С20/25 W6 F75 P4 доб-5 Надходження товарів і послуг ІБ00-006122 від 02.12.2024 18:39:27 Котельна (Глобине) | E264: 231 | H264: 205 | I264: 24702.52 | K264: Д | L264: 801717.42
A265: 30.12.2024 | B265: Вимога-накладна ІБ00-000694 від 30.12.2024 20:00:00 Списаны ТМЦ | C265: Обл. НДС Виробничий (Глобине-2) Глобине-2 Прямі матеріальні виробничі витрати крім зворотних відходів | D265: Обл. НДС Бетон С20/25 W6 F75 P4 доб-5 Надходження товарів і послуг ІБ00-006121 від 04.12.2024 18:00:20 Котельна (Глобине) | E265: 231 | H265: 205 | I265: 8635.47 | K265: Д | L265: 793081.95
A266: 30.12.2024 | B266: Вимога-накладна ІБ00-000694 від 30.12.2024 20:00:00 Списаны ТМЦ | C266: Обл. НДС Виробничий (Глобине-2) Глобине-2 Прямі матеріальні виробничі витрати крім зворотних відходів | D266: Обл. НДС Бетон С20/25 W6 F75 P4 доб-5 Надходження товарів і послуг ІБ00-006118 від 05.12.2024 19:00:21 Котельна (Глобине) | E266: 231 | H266: 205 | I266: 24151.69 | K266: Д | L266: 768930.26
A267: 30.12.2024 | B267: Вимога-накладна ІБ00-000694 від 30.12.2024 20:00:00 Списаны ТМЦ | C267: Обл. НДС Виробничий (Глобине-2) Глобине-2 Прямі матеріальні виробничі витрати крім зворотних відходів | D267: Обл. НДС Бетон С20/25 W6 F75 P4 доб-5 Надходження товарів і послуг ІБ00-006112 від 06.12.2024 18:14:57 Котельна (Глобине) | E267: 231 | H267: 205 | I267: 5072.91 | K267: Д | L267: 763857.35
A268: 30.12.2024 | B268: Вимога-накладна ІБ00-000694 від 30.12.2024 20:00:00 Списаны ТМЦ | C268: Обл. НДС Виробничий (Глобине-2) Глобине-2 Прямі матеріальні виробничі витрати крім зворотних відходів | D268: Обл. НДС Бетон С20/25 W6 F75 P4 доб-5 Надходження товарів і послуг ІБ00-006220 від 09.12.2024 18:22:09 Котельна (Глобине) | E268: 231 | H268: 205 | I268: 5135.78 | K268: Д | L268: 758721.57
A269: 30.12.2024 | B269: Вимога-накладна ІБ00-000694 від 30.12.2024 20:00:00 Списаны ТМЦ | C269: Обл. НДС Виробничий (Глобине-2) Глобине-2 Прямі матеріальні виробничі витрати крім зворотних відходів | D269: Обл. НДС Бетон С20/25 W6 F75 P4 доб-5 Надходження товарів і послуг ІБ00-006222 від 11.12.2024 18:00:34 Котельна (Глобине) | E269: 231 | H269: 205 | I269: 3209.91 | K269: Д | L269: 755511.66
A270: 30.12.2024 | B270: Вимога-накладна ІБ00-000694 від 30.12.2024 20:00:00 Списаны ТМЦ | C270: Обл. НДС Виробничий (Глобине-2) Глобине-2 Прямі матеріальні виробничі витрати крім зворотних відходів | D270: Обл. НДС Бетон С20/25 W6 F75 P4 доб-5 Надходження товарів і послуг ІБ00-006222 від 11.12.2024 18:00:34 Котельна (Глобине) | E270: 231 | H270: 205 | I270: 1676.7 | K270: Д | L270: 753834.96
A271: 30.12.2024 | B271: Вимога-накладна ІБ00-000694 від 30.12.2024 20:00:00 Списаны ТМЦ | C271: Обл. НДС Виробничий (Глобине-2) Глобине-2 Прямі матеріальні виробничі витрати крім зворотних відходів | D271: Обл. НДС Клей-піна, 750 мл Надходження товарів і послуг ІБ00-006024 від 15.11.2024 22:00:02 Котельна (Глобине) | E271: 231 | H271: 205 | I271: 1754.01 | K271: Д | L271: 752080.95
... A291: 30.12.2024 | B291: Списання товарів ІБ00-000740 від 30.12.2024 21:00:51 Списаны ТМЦ | C291: Обл. НДС Виробничий (Глобине-2) Глобине-2 Прямі материальні виробничі витрати крім зворотніх відходів | D291: Обл. НДС дошка 25*120 4,5 м шт Надходження товарів і послуг ІБ00-004600 від 25.09.2024 23:00:14 Котельна (Глобине) | E291: 231 | H291: 205 | I291: 2714 | K291: Д | L291: 365102.05
...

Sheet Насосна Градирня (Глобине)
A1: ТОВ "ІНДАСТРІАЛБУД"
A2: Картка рахунку 205 за ... - 2024 р.
A4: Виведені дані: | B4: БО (дані бухгалтерського обліку)
A6: Відбір: | B6: Склади Дорівнює "Насосна Градирня (Глобине)" и Склади.Найменування містить "гло"
A8: Період | B8: Документ | C8: Аналітика Дт | D8: Аналітика Кт | E8: Дебет | H8: Кредит | K8: Поточне сальдо
E9: Рахунок | H9: Рахунок
A10: 01.10.2024 | B10: Переміщення товарів ІБ00-000073 від 01.10.2024 18:35:36 Перемещение ТМЦ | C10: Обл. НДС Арматура №16 А500С L=12000 мм Надходження товарів і послуг ІБ00-004378 від 21.09.2024 23:45:38 Насосна Градирня (Глобине) | D10: Обл. НДС Арматура №16 А500С L=12000 мм Надходження товарів і послуг ІБ00-004378 від 21.09.2024 23:45:38 Глобине-2 | E10: 205 | F10: 111719.98 | H10: 205 | K10: Д | L10: 111719.98
A11: 01.10.2024 | B11: Переміщення товарів ІБ00-000087 від 01.10.2024 18:35:57 Перемещение ТМЦ | C11: Обл. НДС Арматура №14 А500С L=12000 мм Надходження товарів і послуг ІБ00-004643 від 01.10.2024 18:35:04 Насосна Градирня (Глобине) | D11: Обл. НДС Арматура №14 А500С L=12000 мм Надходження товарів і послуг ІБ00-004643 від 01.10.2024 18:35:04 Глобине-2 | E11: 205 | F11: 103942.65 | H11: 205 | K11: Д | L11: 215662.63
A12: 03.10.2024 | B12: Переміщення товарів ІБ00-000084 від 03.10.2024 17:50:21 Перемещение ТМЦ | C12: Обл. НДС Арматура №12 А240С L=6000 мм Надходження товарів і послуг ІБ00-004646 від 02.10.2024 17:19:54 Насосна Градирня (Глобине) | D12: Обл. НДС Арматура №12 А240С L=6000 мм Надходження товарів і послуг ІБ00-004646 від 02.10.2024 17:19:54 Глобине-2 | E12: 205 | F12: 20592.66 | H12: 205 | K12: Д | L12: 236255.29
A13: 08.10.2024 | B13: Вимога-накладна ІБ00-000534 від 08.10.2024 22:00:11 Списаны ТМЦ | C13: Обл. НДС Виробничий (Глобине-2) Глобине-2 Прямі материальні виробничі витрати крім зворотніх відходів | D13: Обл. НДС Арматура №12 А240С L=6000 мм Надходження товарів і послуг ІБ00-004646 від 02.10.2024 17:19:54 Насосна Градирня (Глобине) | E13: 231 | H13: 205 | I13: 17590.66 | K13: Д | L13: 218664.63
A14: 08.10.2024 | B14: Вимога-накладна ІБ00-000534 від 08.10.2024 22:00:11 Списаны ТМЦ | C14: Обл. НДС Виробничий (Глобине-2) Глобине-2 Прямі материальні виробничі витрати крім зворотніх відходів | D14: Обл. НДС Арматура №14 А500С L=12000 мм Надходження товарів і послуг ІБ00-004643 від 01.10.2024 18:35:04 Насосна Градирня (Глобине) | E14: 231 | H14: 205 | I14: 103942.65 | K14: Д | L14: 114721.98
A15: 08.10.2024 | B15: Вимога-накладна ІБ00-000534 від 08.10.2024 22:00:11 Списаны ТМЦ | C15: Обл. НДС Виробничий (Глобине-2) Глобине-2 Прямі материальні виробничі витрати крім зворотніх відходів | D15: Обл. НДС Арматура №16 А500С L=12000 мм Надходження товарів і послуг ІБ00-004378 від 21.09.2024 23:45:38 Насосна Градирня (Глобине) | E15: 231 | H15: 205 | I15: 104069.31 | K15: Д | L15: 10652.67 | M15: =SUBTOTAL(9,I13:J15) -> 225602.62 | N15: октябрь
A16: 11.11.2024 | B16: Надходження товарів і послуг ІБ00-005729 від 11.11.2024 18:00:18 Оприходованы ТМЦ | C16: Обл. НДС Пісок з відсіву дроблення щебеню фр. 0-5мм. Надходження товарів і послуг ІБ00-005729 від 11.11.2024 18:00:18 Насосна Градирня (Глобине) | D16: Венкрас Авто ПП Договір 05/09/2024 від 05.09.2024_Глобине-2 Рахунок на оплату постачальника ІБ00-004660 від 11.11.2024 18:00:17 | E16: 205 | F16: 30656.17 | H16: 631 | K16: Д | L16: 41308.84
A17: 11.11.2024 | B17: Надходження товарів і послуг ІБ00-005729 від 11.11.2024 18:00:18 Оприходованы ТМЦ | C17: Обл. НДС Щебінь 40-70 Надходження товарів і послуг ІБ00-005729 від 11.11.2024 18:00:18 Насосна Градирня (Глобине) | D17: Венкрас Авто ПП Договір 05/09/2024 від 05.09.2024_Глобине-2 Рахунок на оплату постачальника ІБ00-004660 від 11.11.2024 18:00:17 | E17: 205 | F17: 31789.83 | H17: 631 | K17: Д | L17: 73098.67
A18: 11.11.2024 | B18: Надходження дод. витрат ІБ00-000501 від 11.11.2024 18:00:20 Доп. расходы при поступлении товаров | C18: Обл. НДС Пісок з відсіву дроблення щебеню фр. 0-5мм. Надходження товарів і послуг ІБ00-005729 від 11.11.2024 18:00:18 Насосна Градирня (Глобине) | D18: Венкрас Авто ПП Договір 05/09/2024 від 05.09.2024_Глобине-2 Рахунок на оплату постачальника ІБ00-004660 від 11.11.2024 18:00:17 | E18: 205 | F18: 44805.16 | H18: 631 | K18: Д | L18: 117903.83
A19: 11.11.2024 | B19: Надходження дод. витрат ІБ00-000501 від 11.11.2024 18:00:20 Доп. расходы при поступлении товаров | C19: Обл. НДС Щебінь 40-70 Надходження товарів і послуг ІБ00-005729 від 11.11.2024 18:00:18 Насосна Градирня (Глобине) | D19: Венкрас Авто ПП Договір 05/09/2024 від 05.09.2024_Глобине-2 Рахунок на оплату постачальника ІБ00-004660 від 11.11.2024 18:00:17 | E19: 205 | F19: 26261.17 | H19: 631 | K19: Д | L19: 144165
A20: 12.11.2024 | B20: Надходження товарів і послуг ІБ00-005730 від 12.11.2024 18:12:59 Оприходованы ТМЦ | C20: Обл. НДС Щебінь 40-70 Надходження товарів і послуг ІБ00-005730 від 12.11.2024 18:12:59 Насосна Градирня (Глобине) | D20: Венкрас Авто ПП Договір 05/09/2024 від 05.09.2024_Глобине-2 Рахунок на оплату постачальника ІБ00-004661 від 12.11.2024 18:12:58 | E20: 205 | F20: 6198.5 | H20: 631 | K20: Д | L20: 150363.5
A21: 12.11.2024 | B21: Надходження дод. витрат ІБ00-000502 від 12.11.2024 18:13:00 Доп. расходы при поступлении товаров | C21: Обл. НДС Щебінь 40-70 Надходження товарів і послуг ІБ00-005730 від 12.11.2024 18:12:59 Насосна Градирня (Глобине) | D21: Венкрас Авто ПП Договір 05/09/2024 від 05.09.2024_Глобине-2 Рахунок на оплату постачальника ІБ00-004661 від 12.11.2024 18:12:58 | E21: 205 | F21: 5120.5 | H21: 631 | K21: Д | L21: 155484
A22: 13.11.2024 | B22: Надходження товарів і послуг ІБ00-005605 від 13.11.2024 10:00:00 Оприходованы ТМЦ | C22: Обл. НДС Щебінь 40-70 Надходження товарів і послуг ІБ00-005605 від 13.11.2024 10:00:00 Насосна Градирня (Глобине) | D22: Гірник ПрАТ Договір 45 від 11.11.2024_Глобине-2 Надходження товарів і послуг ІБ00-005605 від 13.11.2024 10:00:00 | E22: 205 | F22: 90691.99 | H22: 631 | K22: Д | L22: 246175.99
A23: 16.11.2024 | B23: Переміщення товарів ІБ00-000176 від 16.11.2024 12:00:07 Перемещение ТМЦ | C23: Обл. НДС Щебінь 40-70 Надходження товарів і послуг ІБ00-005704 від 16.11.2024 12:00:06 Насосна Градирня (Глобине) | D23: Обл. НДС Щебінь 40-70 Надходження товарів і послуг ІБ00-005704 від 16.11.2024 12:00:06 Глобине-2 | E23: 205 | F23: 47690.5 | H23: 205 | K23: Д | L23: 293866.49
A24: 18.11.2024 | B24: Переміщення товарів ІБ00-000178 від 18.11.2024 17:48:42 Перемещение ТМЦ | C24: Обл. НДС Щебінь 40-70 Надходження товарів і послуг ІБ00-005706 від 18.11.2024 17:48:41 Насосна Градирня (Глобине) | D24: Обл. НДС Щебінь 40-70 Надходження товарів і послуг ІБ00-005706 від 18.11.2024 17:48:41 Глобине-2 | E24: 205 | F24: 63625.13 | H24: 205 | K24: Д | L24: 357491.62
A25: 28.11.2024 | B25: Вимога-накладна ІБ00-000657 від 28.11.2024 23:00:02 Списаны ТМЦ | C25: Обл. НДС Виробничий (Глобине-2) Глобине-2 Прямі материальні виробничі витрати крім зворотніх відходів | D25: Обл. НДС Щебінь 40-70 Надходження товарів і послуг ІБ00-005605 від 13.11.2024 10:00:00 Насосна Градирня (Глобине) | E25: 231 | H25: 205 | I25: 90691.99 | K25: Д | L25: 266799.63
A26: 28.11.2024 | B26: Вимога-накладна ІБ00-000657 від 28.11.2024 23:00:02 Списаны ТМЦ | C26: Обл. НДС Виробничий (Глобине-2) Глобине-2 Прямі материальні виробничі витрати крім зворотніх відходів | D26: Обл. НДС Щебінь 40-70 Надходження товарів і послуг ІБ00-005704 від 16.11.2024 12:00:06 Насосна Градирня (Глобине) | E26: 231 | H26: 205 | I26: 47690.5 | K26: Д | L26: 219109.13
A27: 28.11.2024 | B27: Вимога-накладна ІБ00-000657 від 28.11.2024 23:00:02 Списаны ТМЦ | C27: Обл. НДС Виробничий (Глобине-2) Глобине-2 Прямі материальні виробничі витрати крім зворотніх відходів | D27: Обл. НДС Щебінь 40-70 Надходження товарів і послуг ІБ00-005706 від 18.11.2024 17:48:41 Насосна Градирня (Глобине) | E27: 231 | H27: 205 | I27: 63625.13 | K27: Д | L27: 155484 | M27: =SUBTOTAL(9,I25:J27) -> 202007.62 | N27: ноябрь
A28: 05.12.2024 | B28: Переміщення товарів ІБ00-000247 від 05.12.2024 19:22:23 Перемещение ТМЦ | C28: Обл. НДС Бетон С 8/10 Р4 (-5*) Надходження товарів і послуг ІБ00-006118 від 05.12.2024 19:00:21 Насосна Градирня (Глобине) | D28: Обл. НДС Бетон С 8/10 Р4 (-5*) Надходження товарів і послуг ІБ00-006118 від 05.12.2024 19:00:21 Глобине-2 | E28: 205 | F28: 78539.13 | H28: 205 | K28: Д | L28: 234023.13
A29: 12.12.2024 | B29: Переміщення товарів ІБ00-000266 від 12.12.2024 18:00:30 Перемещение ТМЦ | C29: Обл. НДС Бетон С20/25 W6 F75 P4 доб-5 Надходження товарів і послуг ІБ00-006223 від 12.12.2024 18:00:26 Насосна Градирня (Глобине) | D29: Обл. НДС Бетон С20/25 W6 F75 P4 доб-5 Надходження товарів і послуг ІБ00-006223 від 12.12.2024 18:00:26 Глобине-2 | E29: 205 | F29: 174968.16 | H29: 205 | K29: Д | L29: 408991.29
A30: 23.12.2024 | B30: Надходження товарів і послуг ІБ00-006411 від 23.12.2024 17:16:15 Оприходованы ТМЦ | C30: Обл. НДС Кутник 50х50 мм 5,0 мм, 6 м Надходження товарів і послуг ІБ00-006411 від 23.12.2024 17:16:15 Насосна Градирня (Глобине) | D30: АВ МЕТАЛ ГРУП ТОВ Дог 2420/Р от 05.10.2023від 05.10.2023_Глобино-2 Рахунок на оплату постачальника ІБ00-005202 від 19.12.2024 18:26:28 | E30: 205 | F30: 1173.7 | H30: 631 | K30: Д | L30: 410164.99
A31: 24.12.2024 | B31: Надходження товарів і послуг ІБ00-006541 від 24.12.2024 12:00:00 Оприходованы ТМЦ (Зачет аванса поставщику) | C31: Обл. НДС Бетон С20/25 W6 F75 P4 доб-5 Надходження товарів і послуг ІБ00-006541 від 24.12.2024 12:00:00 Насосна Градирня (Глобине) | D31: Кременчуцький річковий порт ПРАТ Договір 112/Б від 15.10.2024_Глобине-2 Списання з банківського рахунку 00000022328 від 20.12.2024 19:27:44 | E31: 205 | F31: 168281.25 | H31: 631 | K31: Д | L31: 578446.24
A32: 24.12.2024 | B32: Надходження дод. витрат ІБ00-000636 від 24.12.2024 12:01:00 Доп. расходы при поступлении товаров (Зачет аванса поставщику) | C32: Обл. НДС Бетон С20/25 W6 F75 P4 доб-5 Надходження товарів і послуг ІБ00-006541 від 24.12.2024 12:00:00 Насосна Градирня (Глобине) | D32: Кременчуцький річковий порт ПРАТ Договір 112/Б від 15.10.2024_Глобине-2 Списання з банківського рахунку 00000022328 від 20.12.2024 19:27:44 | E32: 205 | F32: 50132.75 | H32: 631 | K32: Д | L32: 628578.99
A33: 30.12.2024 | B33: Переміщення товарів ІБ00-000294 від 30.12.2024 08:00:00 Перемещение ТМЦ | C33: Обл. НДС Фіксатор конус Надходження товарів і послуг ІБ00-005516 від 05.11.2024 17:28:14 Насосна Градирня (Глобине) | D33: Обл. НДС Фіксатор конус Надходження товарів і послуг ІБ00-005516 від 05.11.2024 17:28:14 Глобине-2 | E33: 205 | F33: 1000 | H33: 205 | K33: Д | L33: 629578.99
A34: 30.12.2024 | B34: Переміщення товарів ІБ00-000294 від 30.12.2024 08:00:00 Перемещение ТМЦ | C34: Обл. НДС Очисник для піни С45 450 мл укр Надходження товарів і послуг ІБ00-004709 від 04.10.2024 18:40:29 Насосна Градирня (Глобине) | D34: Обл. НДС Очисник для піни С45 450 мл укр Надходження товарів і послуг ІБ00-004709 від 04.10.2024 18:40:29 Глобине-2 | E34: 205 | F34: 224.4 | H34: 205 | K34: Д | L34: 629803.39
A35: 30.12.2024 | B35: Переміщення товарів ІБ00-000294 від 30.12.2024 08:00:00 Перемещение ТМЦ | C35: Обл. НДС Піна монтажна 750 мл Надходження товарів і послуг ІБ00-004709 від 04.10.2024 18:40:29 Насосна Градирня (Глобине) | D35: Обл. НДС Піна монтажна 750 мл Надходження товарів і послуг ІБ00-004709 від 04.10.2024 18:40:29 Глобине-2 | E35: 205 | F35: 1620 | H35: 205 | K35: Д | L35: 631423.39
A36: 30.12.2024 | B36: Переміщення товарів ІБ00-000294 від 30.12.2024 08:00:00 Перемещение ТМЦ | C36: Обл. НДС Фанера ламінована 1250*2500*21 мм гл/гл Надходження товарів і послуг ІБ00-004394 від 20.09.2024 18:19:40 Насосна Градирня (Глобине) | D36: Обл. НДС Фанера ламінована 1250*2500*21 мм гл/гл Надходження товарів і послуг ІБ00-004394 від 20.09.2024 18:19:40 Глобине-2 | E36: 205 | F36: 5158.46 | H36: 205 | K36: Д | L36: 636581.85
A37: 30.12.2024 | B37: Вимога-накладна ІБ00-000691 від 30.12.2024 20:00:00 Списаны ТМЦ | C37: Обл. НДС Виробничий (Глобине-2) Глобине-2 Прямі матеріальні виробничі витрати крім зворотних відходів | D37: Обл. НДС Арматура №12 А240С L=6000 мм Надходження товарів і послуг ІБ00-004646 від 02.10.2024 17:19:54 Насосна Градирня (Глобине) | E37: 231 | H37: 205 | I37: 869 | K37: Д | L37: 635712.85
A38: 30.12.2024 | B38: Вимога-накладна ІБ00-000691 від 30.12.2024 20:00:00 Списаны ТМЦ | C38: Обл. НДС Виробничий (Глобине-2) Глобине-2 Прямі матеріальні виробничі витрати крім зворотних відходів | D38: Обл. НДС Арматура №16 А500С L=12000 мм Надходження товарів і послуг ІБ00-004378 від 21.09.2024 23:45:38 Насосна Градирня (Глобине) | E38: 231 | H38: 205 | I38: 5193.34 | K38: Д | L38: 630519.51
A39: 30.12.2024 | B39: Вимога-накладна ІБ00-000691 від 30.12.2024 20:00:00 Списаны ТМЦ | C39: Обл. НДС Виробничий (Глобине-2) Глобине-2 Прямі матеріальні виробничі витрати крім зворотних відходів | D39: Обл. НДС Бетон С20/25 W6 F75 P4 доб-5 Надходження товарів і послуг ІБ00-006223 від 12.12.2024 18:00:26 Насосна Градирня (Глобине) | E39: 231 | H39: 205 | I39: 174968.16 | K39: Д | L39: 455551.35
A40: 30.12.2024 | B40: Вимога-накладна ІБ00-000691 від 30.12.2024 20:00:00 Списаны ТМЦ | C40: Обл. НДС Виробничий (Глобине-2) Глобине-2 Прямі матеріальні виробничі витрати крім зворотних відходів | D40: Обл. НДС Фанера ламінована 1250*2500*21 мм гл/гл Надходження товарів і послуг ІБ00-004394 від 20.09.2024 18:19:40 Насосна Градирня (Глобине) | E40: 231 | H40: 205 | I40: 5158.46 | K40: Д | L40: 450392.89
A41: 30.12.2024 | B41: Вимога-накладна ІБ00-000690 від 30.12.2024 21:00:06 Списаны ТМЦ | C41: Обл. НДС Виробничий (Глобине-2) Глобине-2 Прямі матеріальні виробничі витрати крім зворотних відходів | D41: Обл. НДС Щебінь 40-70 Надходження товарів і послуг ІБ00-005729 від 11.11.2024 18:00:18 Насосна Градирня (Глобине) | E41: 231 | H41: 205 | I41: 58051 | K41: Д | L41: 392341.89
A42: 30.12.2024 | B42: Вимога-накладна ІБ00-000690 від 30.12.2024 21:00:06 Списаны ТМЦ | C42: Обл. НДС Виробничий (Глобине-2) Глобине-2 Прямі матеріальні виробничі витрати крім зворотних відходів | D42: Обл. НДС Щебінь 40-70 Надходження товарів і послуг ІБ00-005730 від 12.11.2024 18:12:59 Насосна Градирня (Глобине) | E42: 231 | H42: 205 | I42: 11319 | K42: Д | L42: 381022.89
A43: 30.12.2024 | B43: Вимога-накладна ІБ00-000690 від 30.12.2024 21:00:06 Списаны ТМЦ | C43: Обл. НДС Виробничий (Глобине-2) Глобине-2 Прямі матеріальні виробничі витрати крім зворотних відходів | D43: Обл. НДС Бетон С 8/10 Р4 (-5*) Надходження товарів і послуг ІБ00-006118 від 05.12.2024 19:00:21 Насосна Градирня (Глобине) | E43: 231 | H43: 205 | I43: 78539.13 | K43: Д | L43: 302483.76
A44: 30.12.2024 | B44: Вимога-накладна ІБ00-000690 від 30.12.2024 21:00:06 Списаны ТМЦ | C44: Обл. НДС Виробничий (Глобине-2) Глобине-2 Прямі матеріальні виробничі витрати крім зворотних відходів | D44: Обл. НДС Фіксатор конус Надходження товарів і послуг ІБ00-005516 від 05.11.2024 17:28:14 Насосна Градирня (Глобине) | E44: 231 | H44: 205 | I44: 1000 | K44: Д | L44: 301483.76
A45: 30.12.2024 | B45: Вимога-накладна ІБ00-000690 від 30.12.2024 21:00:06 Списаны ТМЦ | C45: Обл. НДС Виробничий (Глобине-2) Глобине-2 Прямі матеріальні виробничі витрати крім зворотних відходів | D45: Обл. НДС Піна монтажна 750 мл Надходження товарів і послуг ІБ00-004709 від 04.10.2024 18:40:29 Насосна Градирня (Глобине) | E45: 231 | H45: 205 | I45: 1620 | K45: Д | L45: 299863.76
A46: 30.12.2024 | B46: Вимога-накладна ІБ00-000690 від 30.12.2024 21:00:06 Списаны ТМЦ | C46: Обл. НДС Виробничий (Глобине-2) Глобине-2 Прямі матеріальні виробничі витрати крім зворотних відходів | D46: Обл. НДС Очисник для піни С45 450 мл укр Надходження товарів і послуг ІБ00-004709 від 04.10.2024 18:40:29 Насосна Градирня (Глобине) | E46: 231 | H46: 205 | I46: 224.4 | K46: Д | L46: 299639.36
A47: 30.12.2024 | B47: Вимога-накладна ІБ00-000708 від 30.12.2024 21:00:38 Списаны ТМЦ | C47: Обл. НДС Виробничий (Глобине-2) Глобине-2 Прямі материальні виробничі витрати крім зворотніх відходів | D47: Обл. НДС Бетон С20/25 W6 F75 P4 доб-5 Надходження товарів і послуг ІБ00-006541 від 24.12.2024 12:00:00 Насосна Градирня (Глобине) | E47: 231 | H47: 205 | I47: 218414 | K47: Д | L47: 81225.36 | M47: =SUBTOTAL(9,I37:J47) -> 555356.49 | N47: декабрь
A48: 30.12.2024 | B48: Переміщення товарів ІБ00-000302 від 30.12.2024 23:20:08 Перемещение ТМЦ | C48: Обл. НДС Пісок з відсіву дроблення щебеню фр. 0-5мм. Надходження товарів і послуг ІБ00-005729 від 11.11.2024 18:00:18 Цех екстракції (Глобине) | D48: Обл. НДС Пісок з відсіву дроблення щебеню фр. 0-5мм. Надходження товарів і послуг ІБ00-005729 від 11.11.2024 18:00:18 Насосна Градирня (Глобине) | E48: 205 | H48: 205 | I48: 65328 | K48: Д | L48: 15897.36
A49: Обороти за період та сальдо на кінець | E49: 1064192.1 | H49: 1048294.7 | K49: Д | L49: 15897.36
J51: =SUBTOTAL(9,I13:J47) -> 982966.73

Sheet Р-р для зб. розч.(Глобине)
A1: ТОВ "ІНДАСТРІАЛБУД"
A2: Картка рахунку 205 за ... - 2024 р.
A4: Виведені дані: | B4: БО (дані бухгалтерського обліку)
A6: Відбір: | B6: Склади Дорівнює "Резервуар для зберігання розчинника(Глобине)" и Склади.Найменування містить "гло"
A8: Період | B8: Документ | C8: Аналітика Дт | D8: Аналітика Кт | E8: Дебет | H8: Кредит | K8: Поточне сальдо
E9: Рахунок | H9: Рахунок
A10: 01.10.2024 | B10: Переміщення товарів ІБ00-000071 від 01.10.2024 18:35:34 Перемещение ТМЦ | C10: Обл. НДС Арматура №10 А240С L=6000 мм Надходження товарів і послуг ІБ00-004378 від 21.09.2024 23:45:38 Резервуар для зберігання розчинника(Глобине) | D10: Обл. НДС Арматура №10 А240С L=6000 мм Надходження товарів і послуг ІБ00-004378 від 21.09.2024 23:45:38 Глобине-2 | E10: 205 | F10: 3686.67 | H10: 205 | K10: Д | L10: 3686.67
A11: 01.10.2024 | B11: Переміщення товарів ІБ00-000071 від 01.10.2024 18:35:34 Перемещение ТМЦ | C11: Обл. НДС Арматура №12 А500С L=12000 мм Надходження товарів і послуг ІБ00-004378 від 21.09.2024 23:45:38 Резервуар для зберігання розчинника(Глобине) | D11: Обл. НДС Арматура №12 А500С L=12000 мм Надходження товарів і послуг ІБ00-004378 від 21.09.2024 23:45:38 Глобине-2 | E11: 205 | F11: 43623.99 | H11: 205 | K11: Д | L11: 47310.66
A12: 01.10.2024 | B12: Переміщення товарів ІБ00-000071 від 01.10.2024 18:35:34 Перемещение ТМЦ | C12: Обл. НДС Арматура №14 А500С L=12000 мм Надходження товарів і послуг ІБ00-004377 від 21.09.2024 23:45:37 Резервуар для зберігання розчинника(Глобине) | D12: Обл. НДС Арматура №14 А500С L=12000 мм Надходження товарів і послуг ІБ00-004377 від 21.09.2024 23:45:37 Глобине-2 | E12: 205 | F12: 24320 | H12: 205 | K12: Д | L12: 71630.66
A13: 01.10.2024 | B13: Переміщення товарів ІБ00-000071 від 01.10.2024 18:35:34 Перемещение ТМЦ | C13: Обл. НДС Арматура №16 А500С L=12000 мм Надходження товарів і послуг ІБ00-004378 від 21.09.2024 23:45:38 Резервуар для зберігання розчинника(Глобине) | D13: Обл. НДС Арматура №16 А500С L=12000 мм Надходження товарів і послуг ІБ00-004378 від 21.09.2024 23:45:38 Глобине-2 | E13: 205 | F13: 6586.67 | H13: 205 | K13: Д | L13: 78217.33
A14: 02.10.2024 | B14: Переміщення товарів ІБ00-000085 від 02.10.2024 17:20:12 Перемещение ТМЦ | C14: Обл. НДС Арматура №14 А500С L=12000 мм Надходження товарів і послуг ІБ00-004643 від 01.10.2024 18:35:04 Резервуар для зберігання розчинника(Глобине) | D14: Обл. НДС Арматура №14 А500С L=12000 мм Надходження товарів і послуг ІБ00-004643 від 01.10.2024 18:35:04 Глобине-2 | E14: 205 | F14: 12844 | H14: 205 | K14: Д | L14: 91061.33
A15: 03.10.2024 | B15: Переміщення товарів ІБ00-000080 від 03.10.2024 17:50:17 Перемещение ТМЦ | C15: Обл. НДС Арматура №14 А500С L=12000 мм Надходження товарів і послуг ІБ00-004644 від 02.10.2024 17:19:53 Резервуар для зберігання розчинника(Глобине) | D15: Обл. НДС Арматура №14 А500С L=12000 мм Надходження товарів і послуг ІБ00-004644 від 02.10.2024 17:19:53 Глобине-2 | E15: 205 | F15: 564426.59 | H15: 205 | K15: Д | L15: 655487.92
A16: 03.10.2024 | B16: Переміщення товарів ІБ00-000081 від 03.10.2024 17:50:18 Перемещение ТМЦ | C16: Обл. НДС Арматура №16 А500С L=12000 мм Надходження товарів і послуг ІБ00-004646 від 02.10.2024 17:19:54 Резервуар для зберігання розчинника(Глобине) | D16: Обл. НДС Арматура №16 А500С L=12000 мм Надходження товарів і послуг ІБ00-004646 від 02.10.2024 17:19:54 Глобине-2 | E16: 205 | F16: 22546.66 | H16: 205 | K16: Д | L16: 678034.58
A17: 03.10.2024 | B17: Переміщення товарів ІБ00-000083 від 03.10.2024 17:50:20 Перемещение ТМЦ | C17: Обл. НДС Арматура №12 А240С L=6000 мм Надходження товарів і послуг ІБ00-004646 від 02.10.2024 17:19:54 Резервуар для зберігання розчинника(Глобине) | D17: Обл. НДС Арматура №12 А240С L=6000 мм Надходження товарів і послуг ІБ00-004646 від 02.10.2024 17:19:54 Глобине-2 | E17: 205 | F17: 36155.66 | H17: 205 | K17: Д | L17: 714190.24
A18: 23.10.2024 | B18: Надходження товарів і послуг ІБ00-005212 від 23.10.2024 18:16:34 Оприходованы ТМЦ | C18: Обл. НДС Анкерний блок БФБ-1 Надходження товарів і послуг ІБ00-005212 від 23.10.2024 18:16:34 Резервуар для зберігання розчинника(Глобине) | D18: МАЛИН МЕТАЛ ТОВ 2709-П от 27.09.2023від 27.09.2023_Глобине 2 Рахунок на оплату постачальника ІБ00-003596 від 19.09.2024 18:10:30 | E18: 205 | F18: 1137.5 | H18: 631 | K18: Д | L18: 715327.74
A19: 23.10.2024 | B19: Надходження товарів і послуг ІБ00-005212 від 23.10.2024 18:16:34 Оприходованы ТМЦ (Зачет аванса поставщику) | C19: Обл. НДС Анкерний блок БФБ-1 Надходження товарів і послуг ІБ00-005212 від 23.10.2024 18:16:34 Резервуар для зберігання розчинника(Глобине) | D19: МАЛИН МЕТАЛ ТОВ 2709-П от 27.09.2023від 27.09.2023_Глобине 2 Рахунок на оплату постачальника ІБ00-003596 від 19.09.2024 18:10:30 | E19: 205 | F19: 27300 | H19: 631 | K19: Д | L19: 742627.74
A20: 02.11.2024 | B20: Переміщення товарів ІБ00-000124 від 02.11.2024 12:00:00 Перемещение ТМЦ | C20: Обл. НДС Арматура №10 А240С L=6000 мм Надходження товарів і послуг ІБ00-004378 від 21.09.2024 23:45:38 СПК (Глобине) | D20: Обл. НДС Арматура №10 А240С L=6000 мм Надходження товарів і послуг ІБ00-004378 від 21.09.2024 23:45:38 Резервуар для зберігання розчинника(Глобине) | E20: 205 | H20: 205 | I20: 2554.34 | K20: Д | L20: 740073.4
A21: 02.11.2024 | B21: Переміщення товарів ІБ00-000124 від 02.11.2024 12:00:00 Перемещение ТМЦ | C21: Обл. НДС Арматура №12 А240С L=6000 мм Надходження товарів і послуг ІБ00-004646 від 02.10.2024 17:19:54 СПК (Глобине) | D21: Обл. НДС Арматура №12 А240С L=6000 мм Надходження товарів і послуг ІБ00-004646 від 02.10.2024 17:19:54 Резервуар для зберігання розчинника(Глобине) | E21: 205 | H21: 205 | I21: 14694 | K21: Д | L21: 725379.4
A22: 02.11.2024 | B22: Переміщення товарів ІБ00-000124 від 02.11.2024 12:00:00 Перемещение ТМЦ | C22: Обл. НДС Арматура №12 А500С L=12000 мм Надходження товарів і послуг ІБ00-004378 від 21.09.2024 23:45:38 СПК (Глобине) | D22: Обл. НДС Арматура №12 А500С L=12000 мм Надходження товарів і послуг ІБ00-004378 від 21.09.2024 23:45:38 Резервуар для зберігання розчинника(Глобине) | E22: 205 | H22: 205 | I22: 31894.66 | K22: Д | L22: 693484.74
A23: 02.11.2024 | B23: Переміщення товарів ІБ00-000124 від 02.11.2024 12:00:00 Перемещение ТМЦ | C23: Обл. НДС Арматура №14 А500С L=12000 мм Надходження товарів і послуг ІБ00-004377 від 21.09.2024 23:45:37 СПК (Глобине) | D23: Обл. НДС Арматура №14 А500С L=12000 мм Надходження товарів і послуг ІБ00-004377 від 21.09.2024 23:45:37 Резервуар для зберігання розчинника(Глобине) | E23: 205 | H23: 205 | I23: 24320 | K23: Д | L23: 669164.74
A24: 02.11.2024 | B24: Переміщення товарів ІБ00-000124 від 02.11.2024 12:00:00 Перемещение ТМЦ | C24: Обл. НДС Арматура №14 А500С L=12000 мм Надходження товарів і послуг ІБ00-004643 від 01.10.2024 18:35:04 СПК (Глобине) | D24: Обл. НДС Арматура №14 А500С L=12000 мм Надходження товарів і послуг ІБ00-004643 від 01.10.2024 18:35:04 Резервуар для зберігання розчинника(Глобине) | E24: 205 | H24: 205 | I24: 12844 | K24: Д | L24: 656320.74
A25: 02.11.2024 | B25: Переміщення товарів ІБ00-000124 від 02.11.2024 12:00:00 Перемещение ТМЦ | C25: Обл. НДС Арматура №14 А500С L=12000 мм Надходження товарів і послуг ІБ00-004644 від 02.10.2024 17:19:53 СПК (Глобине) | D25: Обл. НДС Арматура №14 А500С L=12000 мм Надходження товарів і послуг ІБ00-004644 від 02.10.2024 17:19:53 Резервуар для зберігання розчинника(Глобине) | E25: 205 | H25: 205 | I25: 125222.65 | K25: Д | L25: 531098.09
A26: 08.11.2024 | B26: Переміщення товарів ІБ00-000161 від 08.11.2024 17:54:24 Перемещение ТМЦ | C26: Обл. НДС Арматура №10 А240С L=6000 мм Надходження товарів і послуг ІБ00-004378 від 21.09.2024 23:45:38 Резервуар для зберігання розчинника(Глобине) | D26: Обл. НДС Арматура №10 А240С L=6000 мм Надходження товарів і послуг ІБ00-004378 від 21.09.2024 23:45:38 СПК (Глобине) | E26: 205 | F26: 2554.34 | H26: 205 | K26: Д | L26: 533652.43
A27: 08.11.2024 | B27: Переміщення товарів ІБ00-000161 від 08.11.2024 17:54:24 Перемещение ТМЦ | C27: Обл. НДС Арматура №12 А240С L=6000 мм Надходження товарів і послуг ІБ00-004646 від 02.10.2024 17:19:54 Резервуар для зберігання розчинника(Глобине) | D27: Обл. НДС Арматура №12 А240С L=6000 мм Надходження товарів і послуг ІБ00-004646 від 02.10.2024 17:19:54 СПК (Глобине) | E27: 205 | F27: 14694 | H27: 205 | K27: Д | L27: 548346.43
A28: 08.11.2024 | B28: Переміщення товарів ІБ00-000161 від 08.11.2024 17:54:24 Перемещение ТМЦ | C28: Обл. НДС Арматура №12 А500С L=12000 мм Надходження товарів і послуг ІБ00-004378 від 21.09.2024 23:45:38 Резервуар для зберігання розчинника(Глобине) | D28: Обл. НДС Арматура №12 А500С L=12000 мм Надходження товарів і послуг ІБ00-004378 від 21.09.2024 23:45:38 СПК (Глобине) | E28: 205 | F28: 31894.66 | H28: 205 | K28: Д | L28: 580241.09
A29: 08.11.2024 | B29: Переміщення товарів ІБ00-000161 від 08.11.2024 17:54:24 Перемещение ТМЦ | C29: Обл. НДС Арматура №14 А500С L=12000 мм Надходження товарів і послуг ІБ00-004377 від 21.09.2024 23:45:37 Резервуар для зберігання розчинника(Глобине) | D29: Обл. НДС Арматура №14 А500С L=12000 мм Надходження товарів і послуг ІБ00-004377 від 21.09.2024 23:45:37 СПК (Глобине) | E29: 205 | F29: 24320 | H29: 205 | K29: Д | L29: 604561.09
A30: 08.11.2024 | B30: Переміщення товарів ІБ00-000161 від 08.11.2024 17:54:24 Перемещение ТМЦ | C30: Обл. НДС Арматура №14 А500С L=12000 мм Надходження товарів і послуг ІБ00-004643 від 01.10.2024 18:35:04 Резервуар для зберігання розчинника(Глобине) | D30: Обл. НДС Арматура №14 А500С L=12000 мм Надходження товарів і послуг ІБ00-004643 від 01.10.2024 18:35:04 СПК (Глобине) | E30: 205 | F30: 12844 | H30: 205 | K30: Д | L30: 617405.09
A31: 08.11.2024 | B31: Переміщення товарів ІБ00-000161 від 08.11.2024 17:54:24 Перемещение ТМЦ | C31: Обл. НДС Арматура №14 А500С L=12000 мм Надходження товарів і послуг ІБ00-004644 від 02.10.2024 17:19:53 Резервуар для зберігання розчинника(Глобине) | D31: Обл. НДС Арматура №14 А500С L=12000 мм Надходження товарів і послуг ІБ00-004644 від 02.10.2024 17:19:53 СПК (Глобине) | E31: 205 | F31: 125222.65 | H31: 205 | K31: Д | L31: 742627.74
A32: 08.11.2024 | B32: Вимога-накладна ІБ00-000533 від 08.11.2024 20:00:00 Списаны ТМЦ | C32: Обл. НДС Виробничий (Глобине-2) Глобине-2 Прямі материальні виробничі витрати крім зворотніх відходів | D32: Обл. НДС Арматура №10 А240С L=6000 мм Надходження товарів і послуг ІБ00-004378 від 21.09.2024 23:45:38 Резервуар для зберігання розчинника(Глобине) | E32: 231 | H32: 205 | I32: 2554.34 | K32: Д | L32: 740073.4
A33: 08.11.2024 | B33: Вимога-накладна ІБ00-000533 від 08.11.2024 20:00:00 Списаны ТМЦ | C33: Обл. НДС Виробничий (Глобине-2) Глобине-2 Прямі материальні виробничі витрати крім зворотніх відходів | D33: Обл. НДС Арматура №12 А500С L=12000 мм Надходження товарів і послуг ІБ00-004378 від 21.09.2024 23:45:38 Резервуар для зберігання розчинника(Глобине) | E33: 231 | H33: 205 | I33: 31894.66 | K33: Д | L33: 708178.74
A34: 08.11.2024 | B34: Вимога-накладна ІБ00-000533 від 08.11.2024 20:00:00 Списаны ТМЦ | C34: Обл. НДС Виробничий (Глобине-2) Глобине-2 Прямі материальні виробничі витрати крім зворотніх відходів | D34: Обл. НДС Арматура №12 А240С L=6000 мм Надходження товарів і послуг ІБ00-004646 від 02.10.2024 17:19:54 Резервуар для зберігання розчинника(Глобине) | E34: 231 | H34: 205 | I34: 14694 | K34: Д | L34: 693484.74
A35: 08.11.2024 | B35: Вимога-накладна ІБ00-000533 від 08.11.2024 20:00:00 Списаны ТМЦ | C35: Обл. НДС Виробничий (Глобине-2) Глобине-2 Прямі материальні виробничі витрати крім зворотніх відходів | D35: Обл. НДС Арматура №14 А500С L=12000 мм Надходження товарів і послуг ІБ00-004377 від 21.09.2024 23:45:37 Резервуар для зберігання розчинника(Глобине) | E35: 231 | H35: 205 | I35: 24320 | K35: Д | L35: 669164.74
A36: 08.11.2024 | B36: Вимога-накладна ІБ00-000533 від 08.11.2024 20:00:00 Списаны ТМЦ | C36: Обл. НДС Виробничий (Глобине-2) Глобине-2 Прямі материальні виробничі витрати крім зворотніх відходів | D36: Обл. НДС Арматура №14 А500С L=12000 мм Надходження товарів і послуг ІБ00-004643 від 01.10.2024 18:35:04 Резервуар для зберігання розчинника(Глобине) | E36: 231 | H36: 205 | I36: 3952 | K36: Д | L36: 665212.74
A37: 08.11.2024 | B37: Вимога-накладна ІБ00-000533 від 08.11.2024 20:00:00 Списаны ТМЦ | C37: Обл. НДС Виробничий (Глобине-2) Глобине-2 Прямі материальні виробничі витрати крім зворотніх відходів | D37: Обл. НДС Арматура №14 А500С L=12000 мм Надходження товарів і послуг ІБ00-004643 від 01.10.2024 18:35:04 Резервуар для зберігання розчинника(Глобине) | E37: 231 | H37: 205 | I37: 8892 | K37: Д | L37: 656320.74
A38: 08.11.2024 | B38: Вимога-накладна ІБ00-000533 від 08.11.2024 20:00:00 Списаны ТМЦ | C38: Обл. НДС Виробничий (Глобине-2) Глобине-2 Прямі материальні виробничі витрати крім зворотніх відходів | D38: Обл. НДС Арматура №14 А500С L=12000 мм Надходження товарів і послуг ІБ00-004644 від 02.10.2024 17:19:53 Резервуар для зберігання розчинника(Глобине) | E38: 231 | H38: 205 | I38: 555534.59 | K38: Д | L38: 100786.15
A39: 08.11.2024 | B39: Вимога-накладна ІБ00-000533 від 08.11.2024 20:00:00 Списаны ТМЦ | C39: Обл. НДС Виробничий (Глобине-2) Глобине-2 Прямі материальні виробничі витрати крім зворотніх відходів | D39: Обл. НДС Арматура №16 А500С L=12000 мм Надходження товарів і послуг ІБ00-004378 від 21.09.2024 23:45:38 Резервуар для зберігання розчинника(Глобине) | E39: 231 | H39: 205 | I39: 6586.67 | K39: Д | L39: 94199.48
A40: 08.11.2024 | B40: Вимога-накладна ІБ00-000533 від 08.11.2024 20:00:00 Списаны ТМЦ | C40: Обл. НДС Виробничий (Глобине-2) Глобине-2 Прямі материальні виробничі витрати крім зворотніх відходів | D40: Обл. НДС Арматура №16 А500С L=12000 мм Надходження товарів і послуг ІБ00-004646 від 02.10.2024 17:19:54 Резервуар для зберігання розчинника(Глобине) | E40: 231 | H40: 205 | I40: 22546.66 | K40: Д | L40: 71652.82 | M40: =SUBTOTAL(9,I32:J40) -> 670974.92 | N40: ноябрь
A41: Обороти за період та сальдо на кінець | E41: 954157.39 | H41: 882504.57 | K41: Д | L41: 71652.82
J43: =SUBTOTAL(9,I32:J40) -> 670974.92

Sheet СПК (Глобине)
A1: ТОВ "ІНДАСТРІАЛБУД"
A2: Картка рахунку 205 за ... - 2024 р.
A4: Виведені дані: | B4: БО (дані бухгалтерського обліку)
A6: Відбір: | B6: Склади Дорівнює "СПК (Глобине)" и Склади.Найменування містить "гло"
A8: Період | B8: Документ | C8: Аналітика Дт | D8: Аналітика Кт | E8: Дебет | H8: Кредит | K8: Поточне сальдо
E9: Рахунок | H9: Рахунок
A10: 30.10.2024 | B10: Переміщення товарів ІБ00-000147 від 30.10.2024 21:00:09 Перемещение ТМЦ | C10: Обл. НДС Фіксатор зірочка 50 Надходження товарів і послуг ІБ00-005520 від 30.10.2024 21:00:06 СПК (Глобине) | D10: Обл. НДС Фіксатор зірочка 50 Надходження товарів і послуг ІБ00-005520 від 30.10.2024 21:00:06 Глобине-2 | E10: 205 | F10: 655 | H10: 205 | K10: Д | L10: 655
A11: 02.11.2024 | B11: Переміщення товарів ІБ00-000124 від 02.11.2024 12:00:00 Перемещение ТМЦ | C11: Обл. НДС Арматура №10 А240С L=6000 мм Надходження товарів і послуг ІБ00-004378 від 21.09.2024 23:45:38 СПК (Глобине) | D11: Обл. НДС Арматура №10 А240С L=6000 мм Надходження товарів і послуг ІБ00-004378 від 21.09.2024 23:45:38 Резервуар для зберігання розчинника(Глобине) | E11: 205 | F11: 2554.34 | H11: 205 | K11: Д | L11: 3209.34
A12: 02.11.2024 | B12: Переміщення товарів ІБ00-000124 від 02.11.2024 12:00:00 Перемещение ТМЦ | C12: Обл. НДС Арматура №12 А240С L=6000 мм Надходження товарів і послуг ІБ00-004646 від 02.10.2024 17:19:54 СПК (Глобине) | D12: Обл. НДС Арматура №12 А240С L=6000 мм Надходження товарів і послуг ІБ00-004646 від 02.10.2024 17:19:54 Резервуар для зберігання розчинника(Глобине) | E12: 205 | F12: 14694 | H12: 205 | K12: Д | L12: 17903.34
A13: 02.11.2024 | B13: Переміщення товарів ІБ00-000124 від 02.11.2024 12:00:00 Перемещение ТМЦ | C13: Обл. НДС Арматура №12 А500С L=12000 мм Надходження товарів і послуг ІБ00-004378 від 21.09.2024 23:45:38 СПК (Глобине) | D13: Обл. НДС Арматура №12 А500С L=12000 мм Надходження товарів і послуг ІБ00-004378 від 21.09.2024 23:45:38 Резервуар для зберігання розчинника(Глобине) | E13: 205 | F13: 31894.66 | H13: 205 | K13: Д | L13: 49798
A14: 02.11.2024 | B14: Переміщення товарів ІБ00-000124 від 02.11.2024 12:00:00 Перемещение ТМЦ | C14: Обл. НДС Арматура №14 А500С L=12000 мм Надходження товарів і послуг ІБ00-004377 від 21.09.2024 23:45:37 СПК (Глобине) | D14: Обл. НДС Арматура №14 А500С L=12000 мм Надходження товарів і послуг ІБ00-004377 від 21.09.2024 23:45:37 Резервуар для зберігання розчинника(Глобине) | E14: 205 | F14: 24320 | H14: 205 | K14: Д | L14: 74118
A15: 02.11.2024 | B15: Переміщення товарів ІБ00-000124 від 02.11.2024 12:00:00 Перемещение ТМЦ | C15: Обл. НДС Арматура №14 А500С L=12000 мм Надходження товарів і послуг ІБ00-004643 від 01.10.2024 18:35:04 СПК (Глобине) | D15: Обл. НДС Арматура №14 А500С L=12000 мм Надходження товарів і послуг ІБ00-004643 від 01.10.2024 18:35:04 Резервуар для зберігання розчинника(Глобине) | E15: 205 | F15: 12844 | H15: 205 | K15: Д | L15: 86962
A16: 02.11.2024 | B16: Переміщення товарів ІБ00-000124 від 02.11.2024 12:00:00 Перемещение ТМЦ | C16: Обл. НДС Арматура №14 А500С L=12000 мм Надходження товарів і послуг ІБ00-004644 від 02.10.2024 17:19:53 СПК (Глобине) | D16: Обл. НДС Арматура №14 А500С L=12000 мм Надходження товарів і послуг ІБ00-004644 від 02.10.2024 17:19:53 Резервуар для зберігання розчинника(Глобине) | E16: 205 | F16: 125222.65 | H16: 205 | K16: Д | L16: 212184.65
A17: 06.11.2024 | B17: Надходження товарів і послуг ІБ00-005525 від 06.11.2024 17:20:10 Оприходованы ТМЦ (Зачет аванса поставщику) | C17: Обл. НДС Бетон С 20/25 F75 W6 Р4 Надходження товарів і послуг ІБ00-005525 від 06.11.2024 17:20:10 СПК (Глобине) | D17: Кременчуцький річковий порт ПРАТ Договір 112/Б від 15.10.2024_Глобине-2 Списання з банківського рахунку 00000019973 від 01.11.2024 16:43:04 | E17: 205 | F17: 41152.5 | H17: 631 | K17: Д | L17: 253337.15
A18: 06.11.2024 | B18: Надходження дод. витрат ІБ00-000472 від 06.11.2024 17:20:11 Доп. расходы при поступлении товаров (Зачет аванса поставщику) | C18: Обл. НДС Бетон С 20/25 F75 W6 Р4 Надходження товарів і послуг ІБ00-005525 від 06.11.2024 17:20:10 СПК (Глобине) | D18: Кременчуцький річковий порт ПРАТ Договір 112/Б від 15.10.2024_Глобине-2 Надходження товарів і послуг ІБ00-005487 від 05.11.2024 17:00:00 | E18: 205 | F18: 11490.04 | H18: 631 | K18: Д | L18: 264827.19
A19: 06.11.2024 | B19: Надходження дод. витрат ІБ00-000472 від 06.11.2024 17:20:11 Доп. расходы при поступлении товаров (Зачет аванса поставщику) | C19: Обл. НДС Бетон С 20/25 F75 W6 Р4 Надходження товарів і послуг ІБ00-005525 від 06.11.2024 17:20:10 СПК (Глобине) | D19: Кременчуцький річковий порт ПРАТ Договір 112/Б від 15.10.2024_Глобине-2 Списання з банківського рахунку 00000019973 від 01.11.2024 16:43:04 | E19: 205 | F19: 2579.96 | H19: 631 | K19: Д | L19: 267407.15
A20: 06.11.2024 | B20: Надходження товарів і послуг ІБ00-005548 від 06.11.2024 17:20:18 Оприходованы ТМЦ (Зачет аванса поставщику) | C20: Обл. НДС Бетон С 8/10 Р4 Надходження товарів і послуг ІБ00-005548 від 06.11.2024 17:20:18 СПК (Глобине) | D20: Гірник ПрАТ Договір 105 від 22.10.2024_Глобине-2 Списання з банківського рахунку 00000019972 від 01.11.2024 16:19:39 | E20: 205 | F20: 14287.5 | H20: 631 | K20: Д | L20: 281694.65
A21: 06.11.2024 | B21: Надходження дод. витрат ІБ00-000498 від 06.11.2024 17:30:00 Доп. расходы при поступлении товаров (Зачет аванса поставщику) | C21: Обл. НДС Бетон С 8/10 Р4 Надходження товарів і послуг ІБ00-005548 від 06.11.2024 17:20:18 СПК (Глобине) | D21: Гірник ПрАТ Договір 105 від 22.10.2024_Глобине-2 Списання з банківського рахунку 00000019972 від 01.11.2024 16:19:39 | E21: 205 | F21: 7837.09 | H21: 631 | K21: Д | L21: 289531.74
... A27: 07.11.2024 | B27: Надходження товарів і послуг ІБ00-005514 від 07.11.2024 17:17:17 Оприходованы ТМЦ | C27: Обл. НДС Прокат арматурний №14 мм А500С, 12 м Надходження товарів і послуг ІБ00-005514 від 07.11.2024 17:17:17 СПК (Глобине) | D27: ВІКАНТ фірма ТОВ 10/04-1 від 10.04.2022_Глобине-2 Рахунок на оплату постачальника ІБ00-004437 від 29.10.2024 22:00:20 | E27: 205 | F27: 180548.33 | H27: 631 | K27: Д | L27: 914111.36
A28: 08.11.2024 | B28: Переміщення товарів ІБ00-000161 від 08.11.2024 17:54:24 Перемещение ТМЦ | C28: Обл. НДС Арматура №10 А240С L=6000 мм Надходження товарів і послуг ІБ00-004378 від 21.09.2024 23:45:38 Резервуар для зберігання розчинника(Глобине) | D28: Обл. НДС Арматура №10 А240С L=6000 мм Надходження товарів і послуг ІБ00-004378 від 21.09.2024 23:45:38 СПК (Глобине) | E28: 205 | H28: 205 | I28: 2554.34 | K28: Д | L28: 911557.02
A29: 08.11.2024 | B29: Переміщення товарів ІБ00-000161 від 08.11.2024 17:54:24 Перемещение ТМЦ | C29: Обл. НДС Арматура №12 А240С L=6000 мм Надходження товарів і послуг ІБ00-004646 від 02.10.2024 17:19:54 Резервуар для зберігання розчинника(Глобине) | D29: Обл. НДС Арматура №12 А240С L=6000 мм Надходження товарів і послуг ІБ00-004646 від 02.10.2024 17:19:54 СПК (Глобине) | E29: 205 | H29: 205 | I29: 14694 | K29: Д | L29: 896863.02
A30: 08.11.2024 | B30: Переміщення товарів ІБ00-000161 від 08.11.2024 17:54:24 Перемещение ТМЦ | C30: Обл. НДС Арматура №12 А500С L=12000 мм Надходження товарів і послуг ІБ00-004378 від 21.09.2024 23:45:38 Резервуар для зберігання розчинника(Глобине) | D30: Обл. НДС Арматура №12 А500С L=12000 мм Надходження товарів і послуг ІБ00-004378 від 21.09.2024 23:45:38 СПК (Глобине) | E30: 205 | H30: 205 | I30: 31894.66 | K30: Д | L30: 864968.36
A31: 08.11.2024 | B31: Переміщення товарів ІБ00-000161 від 08.11.2024 17:54:24 Перемещение ТМЦ | C31: Обл. НДС Арматура №14 А500С L=12000 мм Надходження товарів і послуг ІБ00-004377 від 21.09.2024 23:45:37 Резервуар для зберігання розчинника(Глобине) | D31: Обл. НДС Арматура №14 А500С L=12000 мм Надходження товарів і послуг ІБ00-004377 від 21.09.2024 23:45:37 СПК (Глобине) | E31: 205 | H31: 205 | I31: 24320 | K31: Д | L31: 840648.36
A32: 08.11.2024 | B32: Переміщення товарів ІБ00-000161 від 08.11.2024 17:54:24 Перемещение ТМЦ | C32: Обл. НДС Арматура №14 А500С L=12000 мм Надходження товарів і послуг ІБ00-004643 від 01.10.2024 18:35:04 Резервуар для зберігання розчинника(Глобине) | D32: Обл. НДС Арматура №14 А500С L=12000 мм Надходження товарів і послуг ІБ00-004643 від 01.10.2024 18:35:04 СПК (Глобине) | E32: 205 | H32: 205 | I32: 12844 | K32: Д | L32: 827804.36
A33: 08.11.2024 | B33: Переміщення товарів ІБ00-000161 від 08.11.2024 17:54:24 Перемещение ТМЦ | C33: Обл. НДС Арматура №14 А500С L=12000 мм Надходження товарів і послуг ІБ00-004644 від 02.10.2024 17:19:53 Резервуар для зберігання розчинника(Глобине) | D33: Обл. НДС Арматура №14 А500С L=12000 мм Надходження товарів і послуг ІБ00-004644 від 02.10.2024 17:19:53 СПК (Глобине) | E33: 205 | H33: 205 | I33: 125222.65 | K33: Д | L33: 702581.71
A34: 12.11.2024 | B34: Переміщення товарів ІБ00-000155 від 12.11.2024 18:12:34 Перемещение ТМЦ | C34: Обл. НДС Бетон С 8/10 Р4 Надходження товарів і послуг ІБ00-005588 від 12.11.2024 18:12:31 СПК (Глобине) | D34: Обл. НДС Бетон С 8/10 Р4 Надходження товарів і послуг ІБ00-005588 від 12.11.2024 18:12:31 Глобине-2 | E34: 205 | F34: 12503.02 | H34: 205 | K34: Д | L34: 715084.73
A35: 14.11.2024 | B35: Переміщення товарів ІБ00-000174 від 14.11.2024 23:01:16 Перемещение ТМЦ | C35: Обл. НДС Бетон С 20/25 F75 W6 Р4 Надходження товарів і послуг ІБ00-005688 від 14.11.2024 23:01:12 СПК (Глобине) | D35: Обл. НДС Бетон С 20/25 F75 W6 Р4 Надходження товарів і послуг ІБ00-005688 від 14.11.2024 23:01:12 Глобине-2 | E35: 205 | F35: 52788.44 | H35: 205 | K35: Д | L35: 767873.17
A36: 14.11.2024 | B36: Переміщення товарів ІБ00-000174 від 14.11.2024 23:01:16 Перемещение ТМЦ | C36: Обл. НДС Бетон С 8/10 Р4 Надходження товарів і послуг ІБ00-005688 від 14.11.2024 23:01:12 СПК (Глобине) | D36: Обл. НДС Бетон С 8/10 Р4 Надходження товарів і послуг ІБ00-005688 від 14.11.2024 23:01:12 Глобине-2 | E36: 205 | F36: 15885.21 | H36: 205 | K36: Д | L36: 783758.38
A37: 15.11.2024 | B37: Вимога-накладна ІБ00-000646 від 15.11.2024 17:52:31 Списаны ТМЦ | C37: Обл. НДС Виробничий (Глобине-2) Глобине-2 Прямі материальні виробничі витрати крім зворотніх відходів | D37: Обл. НДС Прокат стальний гарячекатаний круглий ф 12 мм А240 ст3пс 6м Надходження товарів і послуг ІБ00-005514 від 07.11.2024 17:17:17 СПК (Глобине) | E37: 231 | H37: 205 | I37: 17308.34 | K37: Д | L37: 766450.04
A38: 15.11.2024 | B38: Вимога-накладна ІБ00-000646 від 15.11.2024 17:52:31 Списаны ТМЦ | C38: Обл. НДС Виробничий (Глобине-2) Глобине-2 Прямі материальні виробничі витрати крім зворотніх відходів | D38: Обл. НДС Прокат арматурний №12 мм А500С 12м Надходження товарів і послуг ІБ00-005514 від 07.11.2024 17:17:17 СПК (Глобине) | E38: 231 | H38: 205 | I38: 78021.67 | K38: Д | L38: 688428.37
A39: 15.11.2024 | B39: Вимога-накладна ІБ00-000646 від 15.11.2024 17:52:31 Списаны ТМЦ | C39: Обл. НДС Виробничий (Глобине-2) Глобине-2 Прямі материальні виробничі витрати крім зворотніх відходів | D39: Обл. НДС Прокат арматурний №14 мм А500С, 12 м Надходження товарів і послуг ІБ00-005514 від 07.11.2024 17:17:17 СПК (Глобине) | E39: 231 | H39: 205 | I39: 105906.66 | K39: Д | L39: 582521.71
A40: 15.11.2024 | B40: Вимога-накладна ІБ00-000646 від 15.11.2024 17:52:31 Списаны ТМЦ | C40: Обл. НДС Виробничий (Глобине-2) Глобине-2 Прямі материальні виробничі витрати крім зворотніх відходів | D40: Обл. НДС Бетон С 8/10 Р4 Надходження товарів і послуг ІБ00-005548 від 06.11.2024 17:20:18 СПК (Глобине) | E40: 231 | H40: 205 | I40: 20177.63 | K40: Д | L40: 562344.08
A41: 15.11.2024 | B41: Вимога-накладна ІБ00-000649 від 15.11.2024 22:00:00 Списаны ТМЦ | C41: Обл. НДС Виробничий (Глобине-2) Глобине-2 Прямі материальні виробничі витрати крім зворотніх відходів | D41: Обл. НДС Бетон С 8/10 Р4 Надходження товарів і послуг ІБ00-005548 від 06.11.2024 17:20:18 СПК (Глобине) | E41: 231 | H41: 205 | I41: 1946.96 | K41: Д | L41: 560397.12
A42: 15.11.2024 | B42: Вимога-накладна ІБ00-000649 від 15.11.2024 22:00:00 Списаны ТМЦ | C42: Обл. НДС Виробничий (Глобине-2) Глобине-2 Прямі материальні виробничі витрати крім зворотніх відходів | D42: Обл. НДС Бетон С 8/10 Р4 Надходження товарів і послуг ІБ00-005549 від 06.11.2024 17:20:19 СПК (Глобине) | E42: 231 | H42: 205 | I42: 16224.7 | K42: Д | L42: 544172.42
A43: 21.11.2024 | B43: Переміщення товарів ІБ00-000221 від 21.11.2024 19:54:47 Перемещение ТМЦ | C43: Обл. НДС Бетон С 20/25 F75 W6 Р4 Надходження товарів і послуг ІБ00-005893 від 21.11.2024 19:12:44 СПК (Глобине) | D43: Обл. НДС Бетон С 20/25 F75 W6 Р4 Надходження товарів і послуг ІБ00-005893 від 21.11.2024 19:12:44 Глобине-2 | E43: 205 | F43: 53501.85 | H43: 205 | K43: Д | L43: 597674.27
A44: 26.11.2024 | B44: Списання товарів ІБ00-000722 від 26.11.2024 22:00:04 Списаны ТМЦ | C44: Обл. НДС Виробничий (Глобине-2) Глобине-2 Прямі материальні виробничі витрати крім зворотніх відходів | D44: Обл. НДС Фіксатор зірочка 50 Надходження товарів і послуг ІБ00-005520 від 30.10.2024 21:00:06 СПК (Глобине) | E44: 231 | H44: 205 | I44: 655 | K44: Д | L44: 597019.27
A45: 27.11.2024 | B45: Переміщення товарів ІБ00-000225 від 27.11.2024 18:37:18 Перемещение ТМЦ | C45: Обл. НДС Бетон С20/25 W6 F75 P4 доб-10 Надходження товарів і послуг ІБ00-005899 від 27.11.2024 18:37:16 СПК (Глобине) | D45: Обл. НДС Бетон С20/25 W6 F75 P4 доб-10 Надходження товарів і послуг ІБ00-005899 від 27.11.2024 18:37:16 Глобине-2 | E45: 205 | F45: 33124.01 | H45: 205 | K45: Д | L45: 630143.28
A46: 27.11.2024 | B46: Переміщення товарів ІБ00-000225 від 27.11.2024 18:37:18 Перемещение ТМЦ | C46: Обл. НДС Бетон С 8/10 доб-10 Надходження товарів і послуг ІБ00-005899 від 27.11.2024 18:37:16 СПК (Глобине) | D46: Обл. НДС Бетон С 8/10 доб-10 Надходження товарів і послуг ІБ00-005899 від 27.11.2024 18:37:16 Глобине-2 | E46: 205 | F46: 8061.61 | H46: 205 | K46: Д | L46: 638204.89
A47: 28.11.2024 | B47: Вимога-накладна ІБ00-000651 від 28.11.2024 23:00:01 Списаны ТМЦ | C47: Обл. НДС Виробничий (Глобине-2) Глобине-2 Прямі материальні виробничі витрати крім зворотніх відходів | D47: Обл. НДС Бетон С 8/10 доб-10 Надходження товарів і послуг ІБ00-005899 від 27.11.2024 18:37:16 СПК (Глобине) | E47: 231 | H47: 205 | I47: 5755.99 | K47: Д | L47: 632448.9 | M47: =SUBTOTAL(9,I37:J47) -> 245996.95 | N47: ноябрь
A48: 29.11.2024 | B48: Переміщення товарів ІБ00-000228 від 29.11.2024 14:58:37 Перемещение ТМЦ | C48: Обл. НДС Бетон С20/25 W6 F75 P4 доб-5 Надходження товарів і послуг ІБ00-005917 від 29.11.2024 12:58:33 СПК (Глобине) | D48: Обл. НДС Бетон С20/25 W6 F75 P4 доб-5 Надходження товарів і послуг ІБ00-005917 від 29.11.2024 12:58:33 Глобине-2 | E48: 205 | F48: 22406.53 | H48: 205 | K48: Д | L48: 654855.43
A49: 01.12.2024 | B49: Переміщення товарів ІБ00-000278 від 01.12.2024 18:00:52 Перемещение ТМЦ | C49: Обл. НДС Дріт 1,2 мм Н-О-Ч Надходження товарів і послуг ІБ00-004375 від 20.09.2024 18:19:18 СПК (Глобине) | D49: Обл. НДС Дріт 1,2 мм Н-О-Ч Надходження товарів і послуг ІБ00-004375 від 20.09.2024 18:19:18 Глобине-2 | E49: 205 | F49: 7252 | H49: 205 | K49: Д | L49: 662107.43
A50: 02.12.2024 | B50: Переміщення товарів ІБ00-000255 від 02.12.2024 18:39:31 Перемещение ТМЦ | C50: Обл. НДС Бетон С20/25 W6 F75 P4 доб-5 Надходження товарів і послуг ІБ00-006122 від 02.12.2024 18:39:27 СПК (Глобине) | D50: Обл. НДС Бетон С20/25 W6 F75 P4 доб-5 Надходження товарів і послуг ІБ00-006122 від 02.12.2024 18:39:27 Глобине-2 | E50: 205 | F50: 33927.14 | H50: 205 | K50: Д | L50: 696034.57
A51: 03.12.2024 | B51: Вимога-накладна ІБ00-000650 від 03.12.2024 22:00:00 Списаны ТМЦ | C51: Обл. НДС Виробничий (Глобине-2) Глобине-2 Прямі материальні виробничі витрати крім зворотніх відходів | D51: Обл. НДС Бетон С20/25 W6 F75 P4 доб-5 Надходження товарів і послуг ІБ00-005917 від 29.11.2024 12:58:33 СПК (Глобине) | E51: 231 | H51: 205 | I51: 22406.53 | K51: Д | L51: 673628.04
A52: 03.12.2024 | B52: Вимога-накладна ІБ00-000650 від 03.12.2024 22:00:00 Списаны ТМЦ | C52: Обл. НДС Виробничий (Глобине-2) Глобине-2 Прямі материальні виробничі витрати крім зворотніх відходів | D52: Обл. НДС Бетон С20/25 W6 F75 P4 доб-5 Надходження товарів і послуг ІБ00-006122 від 02.12.2024 18:39:27 СПК (Глобине) | E52: 231 | H52: 205 | I52: 3571.28 | K52: Д | L52: 670056.76
A53: 03.12.2024 | B53: Вимога-накладна ІБ00-000650 від 03.12.2024 22:00:00 Списаны ТМЦ | C53: Обл. НДС Виробничий (Глобине-2) Глобине-2 Прямі материальні виробничі витрати крім зворотніх відходів | D53: Обл. НДС Бетон С20/25 W6 F75 P4 доб-5 Надходження товарів і послуг ІБ00-006122 від 02.12.2024 18:39:27 СПК (Глобине) | E53: 231 | H53: 205 | I53: 10713.83 | K53: Д | L53: 659342.93
A54: 04.12.2024 | B54: Переміщення товарів ІБ00-000252 від 04.12.2024 18:00:24 Перемещение ТМЦ | C54: Обл. НДС Бетон С20/25 W6 F75 P4 доб-5 Надходження товарів і послуг ІБ00-006121 від 04.12.2024 18:00:20 СПК (Глобине) | D54: Обл. НДС Бетон С20/25 W6 F75 P4 доб-5 Надходження товарів і послуг ІБ00-006121 від 04.12.2024 18:00:20 Глобине-2 | E54: 205 | F54: 38654.02 | H54: 205 | K54: Д | L54: 697996.95
A55: 04.12.2024 | B55: Вимога-накладна ІБ00-000652 від 04.12.2024 22:01:00 Списаны ТМЦ | C55: Обл. НДС Виробничий (Глобине-2) Глобине-2 Прямі материальні виробничі витрати крім зворотніх відходів | D55: Обл. НДС Бетон С20/25 W6 F75 P4 доб-5 Надходження товарів і послуг ІБ00-006122 від 02.12.2024 18:39:27 СПК (Глобине) | E55: 231 | H55: 205 | I55: 19642.03 | K55: Д | L55: 678354.92
A56: 04.12.2024 | B56: Вимога-накладна ІБ00-000652 від 04.12.2024 22:01:00 Списаны ТМЦ | C56: Обл. НДС Виробничий (Глобине-2) Глобине-2 Прямі материальні виробничі витрати крім зворотніх відходів | D56: Обл. НДС Бетон С20/25 W6 F75 P4 доб-5 Надходження товарів і послуг ІБ00-006121 від 04.12.2024 18:00:20 СПК (Глобине) | E56: 231 | H56: 205 | I56: 16448.52 | K56: Д | L56: 661906.4
A57: 04.12.2024 | B57: Вимога-накладна ІБ00-000652 від 04.12.2024 22:01:00 Списаны ТМЦ | C57: Обл. НДС Виробничий (Глобине-2) Глобине-2 Прямі материальні виробничі витрати крім зворотніх відходів | D57: Обл. НДС Бетон С20/25 W6 F75 P4 доб-5 Надходження товарів і послуг ІБ00-006121 від 04.12.2024 18:00:20 СПК (Глобине) | E57: 231 | H57: 205 | I57: 2039.62 | K57: Д | L57: 659866.78
A58: 04.12.2024 | B58: Вимога-накладна ІБ00-000655 від 04.12.2024 22:01:01 Списаны ТМЦ | C58: Обл. НДС Виробничий (Глобине-2) Глобине-2 Прямі материальні виробничі витрати крім зворотніх відходів | D58: Обл. НДС Прокат стальний гарячекатаний круглий ф 12 мм А240 ст3пс 6м Надходження товарів і послуг ІБ00-005514 від 07.11.2024 17:17:17 СПК (Глобине) | E58: 231 | H58: 205 | I58: 11445.83 | K58: Д | L58: 648420.95
A59: 04.12.2024 | B59: Вимога-накладна ІБ00-000655 від 04.12.2024 22:01:01 Списаны ТМЦ | C59: Обл. НДС Виробничий (Глобине-2) Глобине-2 Прямі материальні виробничі витрати крім зворотніх відходів | D59: Обл. НДС Прокат арматурний №12 мм А500С 12м Надходження товарів і послуг ІБ00-005514 від 07.11.2024 17:17:17 СПК (Глобине) | E59: 231 | H59: 205 | I59: 297440 | K59: Д | L59: 350980.95
A60: 04.12.2024 | B60: Вимога-накладна ІБ00-000655 від 04.12.2024 22:01:01 Списаны ТМЦ | C60: Обл. НДС Виробничий (Глобине-2) Глобине-2 Прямі материальні виробничі витрати крім зворотніх відходів | D60: Обл. НДС Прокат арматурний №14 мм А500С, 12 м Надходження товарів і послуг ІБ00-005514 від 07.11.2024 17:17:17 СПК (Глобине) | E60: 231 | H60: 205 | I60: 74641.67 | K60: Д | L60: 276339.28
A61: 04.12.2024 | B61: Вимога-накладна ІБ00-000655 від 04.12.2024 22:01:01 Списаны ТМЦ | C61: Обл. НДС Виробничий (Глобине-2) Глобине-2 Прямі материальні виробничі витрати крім зворотніх відходів | D61: Обл. НДС Бетон С 8/10 Р4 Надходження товарів і послуг ІБ00-005588 від 12.11.2024 18:12:31 СПК (Глобине) | E61: 231 | H61: 205 | I61: 7644.7 | K61: Д | L61: 268694.58
A62: 04.12.2024 | B62: Вимога-накладна ІБ00-000655 від 04.12.2024 22:01:01 Списаны ТМЦ | C62: Обл. НДС Виробничий (Глобине-2) Глобине-2 Прямі материальні виробничі витрати крім зворотніх відходів | D62: Обл. НДС Бетон С 20/25 F75 W6 Р4 Надходження товарів і послуг ІБ00-005525 від 06.11.2024 17:20:10 СПК (Глобине) | E62: 231 | H62: 205 | I62: 35627.42 | K62: Д | L62: 233067.16
A63: 04.12.2024 | B63: Вимога-накладна ІБ00-000655 від 04.12.2024 22:01:01 Списаны ТМЦ | C63: Обл. НДС Виробничий (Глобине-2) Глобине-2 Прямі материальні виробничі витрати крім зворотніх відходів | D63: Обл. НДС Лист г/к 3 х1,0х2,0 мм,ст.3ПС/СП Надходження товарів і послуг ІБ00-005513 від 07.11.2024 17:17:16 СПК (Глобине) | E63: 231 | H63: 205 | I63: 9758 | K63: Д | L63: 223309.16
A64: 04.12.2024 | B64: Вимога-накладна ІБ00-000655 від 04.12.2024 22:01:01 Списаны ТМЦ | C64: Обл. НДС Виробничий (Глобине-2) Глобине-2 Прямі материальні виробничі витрати крім зворотніх відходів | D64: Обл. НДС Дріт 1,2 мм Н-О-Ч Надходження товарів і послуг ІБ00-004375 від 20.09.2024 18:19:18 СПК (Глобине) | E64: 231 | H64: 205 | I64: 7252 | K64: Д | L64: 216057.16
A65: 05.12.2024 | B65: Переміщення товарів ІБ00-000249 від 05.12.2024 19:22:25 Перемещение ТМЦ | C65: Обл. НДС Бетон С20/25 W6 F75 P4 доб-5 Надходження товарів і послуг ІБ00-006118 від 05.12.2024 19:00:21 СПК (Глобине) | D65: Обл. НДС Бетон С20/25 W6 F75 P4 доб-5 Надходження товарів і послуг ІБ00-006118 від 05.12.2024 19:00:21 Глобине-2 | E65: 205 | F65: 11146.93 | H65: 205 | K65: Д | L65: 227204.09
A66: 05.12.2024 | B66: Надходження товарів і послуг ІБ00-006239 від 05.12.2024 19:22:34 Оприходованы ТМЦ | C66: Обл. НДС Піна монтажна 860 мл Надходження товарів і послуг ІБ00-006239 від 05.12.2024 19:22:34 СПК (Глобине) | D66: Адаменко Юрій Андрійович ФОП РАХУНКИ_Глобине-2 Рахунок на оплату постачальника ІБ00-005068 від 04.12.2024 20:00:03 | E66: 205 | F66: 4800 | H66: 631 | K66: Д | L66: 232004.09
A67: 06.12.2024 | B67: Переміщення товарів ІБ00-000244 від 06.12.2024 19:25:03 Перемещение ТМЦ | C67: Обл. НДС Бетон С20/25 W6 F75 P4 доб-5 Надходження товарів і послуг ІБ00-006112 від 06.12.2024 18:14:57 СПК (Глобине) | D67: Обл. НДС Бетон С20/25 W6 F75 P4 доб-5 Надходження товарів і послуг ІБ00-006112 від 06.12.2024 18:14:57 Глобине-2 | E67: 205 | F67: 25726.89 | H67: 205 | K67: Д | L67: 257730.98
A68: 06.12.2024 | B68: Переміщення товарів ІБ00-000246 від 06.12.2024 19:25:05 Перемещение ТМЦ | C68: Обл. НДС Бетон С 8/10 Р4 (-5*) Надходження товарів і послуг ІБ00-006112 від 06.12.2024 18:14:57 СПК (Глобине) | D68: Обл. НДС Бетон С 8/10 Р4 (-5*) Надходження товарів і послуг ІБ00-006112 від 06.12.2024 18:14:57 Глобине-2 | E68: 205 | F68: 14994.75 | H68: 205 | K68: Д | L68: 272725.73
A69: 06.12.2024 | B69: Вимога-накладна ІБ00-000647 від 06.12.2024 20:41:51 Списаны ТМЦ | C69: Обл. НДС Виробничий (Глобине-2) Глобине-2 Прямі материальні виробничі витрати крім зворотніх відходів | D69: Обл. НДС Бетон С 8/10 Р4 (-5*) Надходження товарів і послуг ІБ00-006112 від 06.12.2024 18:14:57 СПК (Глобине) | E69: 231 | H69: 205 | I69: 14994.75 | K69: Д | L69: 257730.98
A70: 09.12.2024 | B70: Надходження товарів і послуг ІБ00-006202 від 09.12.2024 18:22:02 Оприходованы ТМЦ | C70: Обл. НДС Пісок з відсіву дроблення щебеню фр. 0-5мм. Надходження товарів і послуг ІБ00-006202 від 09.12.2024 18:22:02 СПК (Глобине) | D70: Енергія Логістик ТОВ №28/10-2024 ВІД 28/10/24_Глобине-2 Рахунок на оплату постачальника ІБ00-005050 від 09.12.2024 18:22:01 | E70: 205 | F70: 6471 | H70: 631 | K70: Д | L70: 264201.98
A71: 09.12.2024 | B71: Переміщення товарів ІБ00-000261 від 09.12.2024 18:22:11 Перемещение ТМЦ | C71: Обл. НДС Бетон С20/25 W6 F75 P4 доб-5 Надходження товарів і послуг ІБ00-006220 від 09.12.2024 18:22:09 СПК (Глобине) | D71: Обл. НДС Бетон С20/25 W6 F75 P4 доб-5 Надходження товарів і послуг ІБ00-006220 від 09.12.2024 18:22:09 Глобине-2 | E71: 205 | F71: 29629.5 | H71: 205 | K71: Д | L71: 293831.48
A72: 10.12.2024 | B72: Надходження товарів і послуг ІБ00-006204 від 10.12.2024 18:00:22 Оприходованы ТМЦ | C72: Обл. НДС Пісок з відсіву дроблення щебеню фр. 0-5мм. Надходження товарів і послуг ІБ00-006204 від 10.12.2024 18:00:22 СПК (Глобине) | D72: Енергія Логістик ТОВ №28/10-2024 ВІД 28/10/24_Глобине-2 Рахунок на оплату постачальника ІБ00-005052 від 10.12.2024 18:00:21 | E72: 205 | F72: 6396 | H72: 631 | K72: Д | L72: 300227.48
A73: 10.12.2024 | B73: Надходження товарів і послуг ІБ00-006221 від 10.12.2024 18:00:25 Оприходованы ТМЦ | C73: Обл. НДС Бетон С20/25 W6 F75 P4 доб-5 Надходження товарів і послуг ІБ00-006221 від 10.12.2024 18:00:25 СПК (Глобине) | D73: Кременчуцький річковий порт ПРАТ Договір 112/Б від 15.10.2024_Глобине-2 Надходження товарів і послуг ІБ00-006221 від 10.12.2024 18:00:25 | E73: 205 | F73: 37695 | H73: 631 | K73: Д | L73: 337922.48
A74: 10.12.2024 | B74: Надходження дод. витрат ІБ00-000594 від 10.12.2024 18:00:26 Доп. расходы при поступлении товаров | C74: Обл. НДС Бетон С20/25 W6 F75 P4 доб-5 Надходження товарів і послуг ІБ00-006221 від 10.12.2024 18:00:25 СПК (Глобине) | D74: Кременчуцький річковий порт ПРАТ Договір 112/Б від 15.10.2024_Глобине-2 Надходження дод. витрат ІБ00-000594 від 10.12.2024 18:00:26 | E74: 205 | F74: 16388.75 | H74: 631 | K74: Д | L74: 354311.23
A75: 11.12.2024 | B75: Переміщення товарів ІБ00-000260 від 11.12.2024 18:00:25 Перемещение ТМЦ | C75: Обл. НДС Пісок з відсіву дроблення щебеню фр. 0-5мм. Надходження товарів і послуг ІБ00-006201 від 11.12.2024 18:00:22 СПК (Глобине) | D75: Обл. НДС Пісок з відсіву дроблення щебеню фр. 0-5мм. Надходження товарів і послуг ІБ00-006201 від 11.12.2024 18:00:22 Глобине-2 | E75: 205 | F75: 25279.51 | H75: 205 | K75: Д | L75: 379590.74
A76: 11.12.2024 | B76: Надходження товарів і послуг ІБ00-006237 від 11.12.2024 18:00:37 Оприходованы ТМЦ | C76: Обл. НДС Пісок з відсіву дроблення щебеню фр. 0-5мм. Надходження товарів і послуг ІБ00-006237 від 11.12.2024 18:00:37 СПК (Глобине) | D76: Енергія Логістик ТОВ №28/10-2024 ВІД 28/10/24_Глобине-2 Рахунок на оплату постачальника ІБ00-005066 від 11.12.2024 18:00:36 | E76: 205 | F76: 6349.5 | H76: 631 | K76: Д | L76: 385940.24
A77: 12.12.2024 | B77: Переміщення товарів ІБ00-000265 від 12.12.2024 18:00:29 Перемещение ТМЦ | C77: Обл. НДС Бетон С20/25 W6 F75 P4 доб-5 Надходження товарів і послуг ІБ00-006223 від 12.12.2024 18:00:26 СПК (Глобине) | D77: Обл. НДС Бетон С20/25 W6 F75 P4 доб-5 Надходження товарів і послуг ІБ00-006223 від 12.12.2024 18:00:26 Глобине-2 | E77: 205 | F77: 20584.49 | H77: 205 | K77: Д | L77: 406524.73
A78: 12.12.2024 | B78: Переміщення товарів ІБ00-000268 від 12.12.2024 18:00:35 Перемещение ТМЦ | C78: Обл. НДС Пісок з відсіву дроблення щебеню фр. 0-5мм. Надходження товарів і послуг ІБ00-006224 від 12.12.2024 18:00:32 СПК (Глобине) | D78: Обл. НДС Пісок з відсіву дроблення щебеню фр. 0-5мм. Надходження товарів і послуг ІБ00-006224 від 12.12.2024 18:00:32 Глобине-2 | E78: 205 | F78: 35022.33 | H78: 205 | K78: Д | L78: 441547.06
A79: 12.12.2024 | B79: Надходження товарів і послуг ІБ00-006240 від 12.12.2024 18:00:38 Оприходованы ТМЦ | C79: Обл. НДС Пісок з відсіву дроблення щебеню фр. 0-5мм. Надходження товарів і послуг ІБ00-006240 від 12.12.2024 18:00:38 СПК (Глобине) | D79: Енергія Логістик ТОВ №28/10-2024 ВІД 28/10/24_Глобине-2 Рахунок на оплату постачальника ІБ00-005069 від 12.12.2024 18:00:37 | E79: 205 | F79: 6277.5 | H79: 631 | K79: Д | L79: 447824.56
A80: 13.12.2024 | B80: Надходження товарів і послуг ІБ00-006234 від 13.12.2024 19:00:46 Оприходованы ТМЦ | C80: Обл. НДС Пісок з відсіву дроблення щебеню фр. 0-5мм. Надходження товарів і послуг ІБ00-006234 від 13.12.2024 19:00:46 СПК (Глобине) | D80: Енергія Логістик ТОВ №28/10-2024 ВІД 28/10/24_Глобине-2 Рахунок на оплату постачальника ІБ00-005063 від 13.12.2024 19:00:45 | E80: 205 | F80: 30316.5 | H80: 631 | K80: Д | L80: 478141.06
A81: 13.12.2024 | B81: Надходження дод. витрат ІБ00-000599 від 13.12.2024 19:00:47 Доп. расходы при поступлении товаров | C81: Обл. НДС Пісок з відсіву дроблення щебеню фр. 0-5мм. Надходження товарів і послуг ІБ00-006234 від 13.12.2024 19:00:46 СПК (Глобине) | D81: Енергія Логістик ТОВ №28/10-2024 ВІД 28/10/24_Глобине-2 Рахунок на оплату постачальника ІБ00-005063 від 13.12.2024 19:00:45 | E81: 205 | F81: 70738.5 | H81: 631 | K81: Д | L81: 548879.56
... A109: 26.12.2024 | B109: Надходження дод. витрат ІБ00-000643 від 26.12.2024 12:15:00 Доп. расходы при поступлении товаров (Зачет аванса поставщику) | C109: Обл. НДС Бетон М-350 (Р-4) доб- 5 Надходження товарів і послуг ІБ00-006614 від 26.12.2024 12:00:00 СПК (Глобине) | D109: Завод Залізобетонних Виробів №1 ПП Договір №30/08-24-2 від 30.08.2024_Глобине 2 Рахунок на оплату постачальника ІБ00-005186 від 24.12.2024 09:00:00 | E109: 205 | F109: 17912.55 | H109: 631 | K109: Д | L109: 1160967.6
A110: 30.12.2024 | B110: Вимога-накладна ІБ00-000692 від 30.12.2024 20:00:00 Списаны ТМЦ | C110: Обл. НДС Виробничий (Глобине-2) Глобине-2 Прямі матеріальні виробничі витрати крім зворотних відходів | D110: Обл. НДС Бетон С 8/10 Р4 Надходження товарів і послуг ІБ00-005588 від 12.11.2024 18:12:31 СПК (Глобине) | E110: 231 | H110: 205 | I110: 4858.32 | K110: Д | L110: 1156109.2
A111: 30.12.2024 | B111: Вимога-накладна ІБ00-000692 від 30.12.2024 20:00:00 Списаны ТМЦ | C111: Обл. НДС Виробничий (Глобине-2) Глобине-2 Прямі матеріальні виробничі витрати крім зворотних відходів | D111: Обл. НДС Бетон С 8/10 Р4 Надходження товарів і послуг ІБ00-005688 від 14.11.2024 23:01:12 СПК (Глобине) | E111: 231 | H111: 205 | I111: 2760.5 | K111: Д | L111: 1153348.7
A112: 30.12.2024 | B112: Вимога-накладна ІБ00-000692 від 30.12.2024 20:00:00 Списаны ТМЦ | C112: Обл. НДС Виробничий (Глобине-2) Глобине-2 Прямі матеріальні виробничі витрати крім зворотних відходів | D112: Обл. НДС Бетон С 20/25 F75 W6 Р4 Надходження товарів і послуг ІБ00-005525 від 06.11.2024 17:20:10 СПК (Глобине) | E112: 231 | H112: 205 | I112: 19595.08 | K112: Д | L112: 1133753.6
A113: 30.12.2024 | B113: Вимога-накладна ІБ00-000692 від 30.12.2024 20:00:00 Списаны ТМЦ | C113: Обл. НДС Виробничий (Глобине-2) Глобине-2 Прямі матеріальні виробничі витрати крім зворотних відходів | D113: Обл. НДС Бетон С 20/25 F75 W6 Р4 Надходження товарів і послуг ІБ00-005688 від 14.11.2024 23:01:12 СПК (Глобине) | E113: 231 | H113: 205 | I113: 6021.79 | K113: Д | L113: 1127731.9
A114: 30.12.2024 | B114: Вимога-накладна ІБ00-000692 від 30.12.2024 20:00:00 Списаны ТМЦ | C114: Обл. НДС Виробничий (Глобине-2) Глобине-2 Прямі матеріальні виробничі витрати крім зворотних відходів | D114: Обл. НДС Бетон С20/25 W6 F75 P4 доб-5 Надходження товарів і послуг ІБ00-006121 від 04.12.2024 18:00:20 СПК (Глобине) | E114: 231 | H114: 205 | I114: 20165.88 | K114: Д | L114: 1107566
A115: 30.12.2024 | B115: Вимога-накладна ІБ00-000692 від 30.12.2024 20:00:00 Списаны ТМЦ | C115: Обл. НДС Виробничий (Глобине-2) Глобине-2 Прямі матеріальні виробничі витрати крім зворотних відходів | D115: Обл. НДС Бетон С20/25 W6 F75 P4 доб-5 Надходження товарів і послуг ІБ00-006118 від 05.12.2024 19:00:21 СПК (Глобине) | E115: 231 | H115: 205 | I115: 4072.35 | K115: Д | L115: 1103493.6
A116: 30.12.2024 | B116: Вимога-накладна ІБ00-000692 від 30.12.2024 20:00:00 Списаны ТМЦ | C116: Обл. НДС Виробничий (Глобине-2) Глобине-2 Прямі матеріальні виробничі витрати крім зворотних відходів | D116: Обл. НДС Бетон С20/25 W6 F75 P4 доб-5 Надходження товарів і послуг ІБ00-006118 від 05.12.2024 19:00:21 СПК (Глобине) | E116: 231 | H116: 205 | I116: 7074.58 | K116: Д | L116: 1096419.1
A117: 30.12.2024 | B117: Вимога-накладна ІБ00-000692 від 30.12.2024 20:00:00 Списаны ТМЦ | C117: Обл. НДС Виробничий (Глобине-2) Глобине-2 Прямі матеріальні виробничі витрати крім зворотних відходів | D117: Обл. НДС Бетон С20/25 W6 F75 P4 доб-5 Надходження товарів і послуг ІБ00-006112 від 06.12.2024 18:14:57 СПК (Глобине) | E117: 231 | H117: 205 | I117: 1652.32 | K117: Д | L117: 1094766.7
A118: 30.12.2024 | B118: Вимога-накладна ІБ00-000693 від 30.12.2024 20:00:00 Списаны ТМЦ | C118: Обл. НДС Виробничий (Глобине-2) Глобине-2 Прямі матеріальні виробничі витрати крім зворотних відходів | D118: Обл. НДС Анкерний блок БФБ-1 Надходження товарів і послуг ІБ00-006250 від 17.12.2024 16:17:26 СПК (Глобине) | E118: 231 | H118: 205 | I118: 22333.36 | K118: Д | L118: 1072433.4
A119: 30.12.2024 | B119: Вимога-накладна ІБ00-000693 від 30.12.2024 20:00:00 Списаны ТМЦ | C119: Обл. НДС Виробничий (Глобине-2) Глобине-2 Прямі матеріальні виробничі витрати крім зворотних відходів | D119: Обл. НДС Анкерний блок БФБ-2 Надходження товарів і послуг ІБ00-006250 від 17.12.2024 16:17:26 СПК (Глобине) | E119: 231 | H119: 205 | I119: 6750 | K119: Д | L119: 1065683.4
A120: 30.12.2024 | B120: Вимога-накладна ІБ00-000693 від 30.12.2024 20:00:00 Списаны ТМЦ | C120: Обл. НДС Виробничий (Глобине-2) Глобине-2 Прямі матеріальні виробничі витрати крім зворотних відходів | D120: Обл. НДС Бетон С20/25 W6 F75 P4 доб-5 Надходження товарів і послуг ІБ00-006112 від 06.12.2024 18:14:57 СПК (Глобине) | E120: 231 | H120: 205 | I120: 24074.57 | K120: Д | L120: 1041608.8
A121: 30.12.2024 | B121: Вимога-накладна ІБ00-000693 від 30.12.2024 20:00:00 Списаны ТМЦ | C121: Обл. НДС Виробничий (Глобине-2) Глобине-2 Прямі матеріальні виробничі витрати крім зворотних відходів | D121: Обл. НДС Бетон С20/25 W6 F75 P4 доб-5 Надходження товарів і послуг ІБ00-006220 від 09.12.2024 18:22:09 СПК (Глобине) | E121: 231 | H121: 205 | I121: 29060.61 | K121: Д | L121: 1012548.2
... A142: 30.12.2024 | B142: Вимога-накладна ІБ00-000710 від 30.12.2024 21:00:46 Списаны ТМЦ | C142: Обл. НДС Виробничий (Глобине-2) Глобине-2 Прямі материальні виробничі витрати крім зворотніх відходів | D142: Обл. НДС Бетон С20/25 W6 F75 P4 Надходження товарів і послуг ІБ00-006542 від 23.12.2024 12:00:00 СПК (Глобине) | E142: 231 | H142: 205 | I142: 24292.5 | K142: Д | L142: 621065.51
A143: 30.12.2024 | B143: Вимога-накладна ІБ00-000731 від 30.12.2024 23:20:06 Списаны ТМЦ | C143: Обл. НДС Виробничий (Глобине-2) Глобине-2 Прямі материальні виробничі витрати крім зворотніх відходів | D143: Обл. НДС Бетон М-350 (Р-4) доб- 5 Надходження товарів і послуг ІБ00-006614 від 26.12.2024 12:00:00 СПК (Глобине) | E143: 231 | H143: 205 | I143: 45113.02 | K143: Д | L143: 575952.49 | M143: =SUBTOTAL(9,I51:J143) -> 1118641.2 | N143: декабрь
A144: Обороти за період та сальдо на кінець | E144: 2152120.3 | H144: 1576167.8 | K144: Д | L144: 575952.49
J146: =SUBTOTAL(9,I37:J143) -> 1364638.2

Sheet Цех екстракції (Глобине)
A1: ТОВ "ІНДАСТРІАЛБУД"
A2: Картка рахунку 205 за ... - 2024 р.
A4: Виведені дані: | B4: БО (дані бухгалтерського обліку)
A6: Відбір: | B6: Склади Дорівнює "Цех екстракції (Глобине)" и Склади.Найменування містить "гло"
A8: Період | B8: Документ | C8: Аналітика Дт | D8: Аналітика Кт | E8: Дебет | H8: Кредит | K8: Поточне сальдо
E9: Рахунок | H9: Рахунок
A10: 01.10.2024 | B10: Переміщення товарів ІБ00-000070 від 01.10.2024 18:35:33 Перемещение ТМЦ | C10: Обл. НДС Арматура №10 А240С L=6000 мм Надходження товарів і послуг ІБ00-004378 від 21.09.2024 23:45:38 Цех екстракції (Глобине) | D10: Обл. НДС Арматура №10 А240С L=6000 мм Надходження товарів і послуг ІБ00-004378 від 21.09.2024 23:45:38 Глобине-2 | E10: 205 | F10: 20566.33 | H10: 205 | K10: Д | L10: 20566.33
A11: 01.10.2024 | B11: Переміщення товарів ІБ00-000070 від 01.10.2024 18:35:33 Перемещение ТМЦ | C11: Обл. НДС Арматура №12 А500С L=12000 мм Надходження товарів і послуг ІБ00-004378 від 21.09.2024 23:45:38 Цех екстракції (Глобине) | D11: Обл. НДС Арматура №12 А500С L=12000 мм Надходження товарів і послуг ІБ00-004378 від 21.09.2024 23:45:38 Глобине-2 | E11: 205 | F11: 77190.66 | H11: 205 | K11: Д | L11: 97756.99
A12: 01.10.2024 | B12: Переміщення товарів ІБ00-000076 від 01.10.2024 18:35:53 Перемещение ТМЦ | C12: Обл. НДС дошка 25*150 4,5 шт Надходження товарів і послуг ІБ00-004600 від 25.09.2024 23:00:14 Цех екстракції (Глобине) | D12: Обл. НДС дошка 25*150 4,5 шт Надходження товарів і послуг ІБ00-004600 від 25.09.2024 23:00:14 Глобине-2 | E12: 205 | F12: 19668 | H12: 205 | K12: Д | L12: 117424.99
A13: 01.10.2024 | B13: Переміщення товарів ІБ00-000078 від 01.10.2024 18:35:55 Перемещение ТМЦ | C13: Обл. НДС Арматура №12 А500С L=12000 мм Надходження товарів і послуг ІБ00-004378 від 21.09.2024 23:45:38 Цех екстракції (Глобине) | D13: Обл. НДС Арматура №12 А500С L=12000 мм Надходження товарів і послуг ІБ00-004378 від 21.09.2024 23:45:38 Глобине-2 | E13: 205 | F13: 4433.33 | H13: 205 | K13: Д | L13: 121858.32
A14: 01.10.2024 | B14: Переміщення товарів ІБ00-000078 від 01.10.2024 18:35:55 Перемещение ТМЦ | C14: Обл. НДС Арматура №12 А500С L=12000 мм Надходження товарів і послуг ІБ00-004376 від 25.09.2024 18:38:35 Цех екстракції (Глобине) | D14: Обл. НДС Арматура №12 А500С L=12000 мм Надходження товарів і послуг ІБ00-004376 від 25.09.2024 18:38:35 Глобине-2 | E14: 205 | F14: 507173.27 | H14: 205 | K14: Д | L14: 629031.59
A15: 01.10.2024 | B15: Переміщення товарів ІБ00-000079 від 01.10.2024 18:35:56 Перемещение ТМЦ | C15: Обл. НДС Арматура №12 А500С L=12000 мм Надходження товарів і послуг ІБ00-004376 від 25.09.2024 18:38:35 Цех екстракції (Глобине) | D15: Обл. НДС Арматура №12 А500С L=12000 мм Надходження товарів і послуг ІБ00-004376 від 25.09.2024 18:38:35 Глобине-2 | E15: 205 | F15: 4433.33 | H15: 205 | K15: Д | L15: 633464.92
A16: 01.10.2024 | B16: Переміщення товарів ІБ00-000079 від 01.10.2024 18:35:56 Перемещение ТМЦ | C16: Обл. НДС Арматура №12 А500С L=12000 мм Надходження товарів і послуг ІБ00-004397 від 25.09.2024 18:38:36 Цех екстракції (Глобине) | D16: Обл. НДС Арматура №12 А500С L=12000 мм Надходження товарів і послуг ІБ00-004397 від 25.09.2024 18:38:36 Глобине-2 | E16: 205 | F16: 547073.26 | H16: 205 | K16: Д | L16: 1180538.2
A17: 01.10.2024 | B17: Переміщення товарів ІБ00-000088 від 01.10.2024 18:35:58 Перемещение ТМЦ | C17: Обл. НДС Арматура №12 А240С L=6000 мм Надходження товарів і послуг ІБ00-004378 від 21.09.2024 23:45:38 Цех екстракції (Глобине) | D17: Обл. НДС Арматура №12 А240С L=6000 мм Надходження товарів і послуг ІБ00-004378 від 21.09.2024 23:45:38 Глобине-2 | E17: 205 | F17: 124556.65 | H17: 205 | K17: Д | L17: 1305094.8
A18: 02.10.2024 | B18: Переміщення товарів ІБ00-000086 від 02.10.2024 00:00:00 Перемещение ТМЦ | C18: Обл. НДС Арматура №14 А500С L=12000 мм Надходження товарів і послуг ІБ00-004643 від 01.10.2024 18:35:04 Цех екстракції (Глобине) | D18: Обл. НДС Арматура №14 А500С L=12000 мм Надходження товарів і послуг ІБ00-004643 від 01.10.2024 18:35:04 Глобине-2 | E18: 205 | F18: 399253.28 | H18: 205 | K18: Д | L18: 1704348.1
A19: 08.10.2024 | B19: Вимога-накладна ІБ00-000531 від 08.10.2024 00:00:00 Списаны ТМЦ | C19: Обл. НДС Виробничий (Глобино) Глобине-2 Прямі материальні виробничі витрати крім зворотніх відходів | D19: Обл. НДС Арматура №10 А240С L=6000 мм Надходження товарів і послуг ІБ00-004378 від 21.09.2024 23:45:38 Цех екстракції (Глобине) | E19: 231 | H19: 205 | I19: 20566.33 | K19: Д | L19: 1683781.8
A20: 08.10.2024 | B20: Вимога-накладна ІБ00-000531 від 08.10.2024 00:00:00 Списаны ТМЦ | C20: Обл. НДС Виробничий (Глобино) Глобине-2 Прямі материальні виробничі витрати крім зворотніх відходів | D20: Обл. НДС Арматура №12 А240С L=6000 мм Надходження товарів і послуг ІБ00-004378 від 21.09.2024 23:45:38 Цех екстракції (Глобине) | E20: 231 | H20: 205 | I20: 124556.65 | K20: Д | L20: 1559225.1
A21: 08.10.2024 | B21: Вимога-накладна ІБ00-000531 від 08.10.2024 00:00:00 Списаны ТМЦ | C21: Обл. НДС Виробничий (Глобино) Глобине-2 Прямі материальні виробничі витрати крім зворотніх відходів | D21: Обл. НДС Арматура №12 А500С L=12000 мм Надходження товарів і послуг ІБ00-004378 від 21.09.2024 23:45:38 Цех екстракції (Глобине) | E21: 231 | H21: 205 | I21: 81623.99 | K21: Д | L21: 1477601.1
A22: 08.10.2024 | B22: Вимога-накладна ІБ00-000531 від 08.10.2024 00:00:00 Списаны ТМЦ | C22: Обл. НДС Виробничий (Глобино) Глобине-2 Прямі материальні виробничі витрати крім зворотніх відходів | D22: Обл. НДС Арматура №12 А500С L=12000 мм Надходження товарів і послуг ІБ00-004376 від 25.09.2024 18:38:35 Цех екстракції (Глобине) | E22: 231 | H22: 205 | I22: 429982.61 | K22: Д | L22: 1047618.5
A23: 08.10.2024 | B23: Вимога-накладна ІБ00-000531 від 08.10.2024 00:00:00 Списаны ТМЦ | C23: Обл. НДС Виробничий (Глобино) Глобине-2 Прямі материальні виробничі витрати крім зворотніх відходів | D23: Обл. НДС Арматура №12 А500С L=12000 мм Надходження товарів і послуг ІБ00-004376 від 25.09.2024 18:38:35 Цех екстракції (Глобине) | E23: 231 | H23: 205 | I23: 49374.66 | K23: Д | L23: 998243.87
A24: 08.10.2024 | B24: Вимога-накладна ІБ00-000531 від 08.10.2024 00:00:00 Списаны ТМЦ | C24: Обл. НДС Виробничий (Глобино) Глобине-2 Прямі материальні виробничі витрати крім зворотніх відходів | D24: Обл. НДС Арматура №12 А500С L=12000 мм Надходження товарів і послуг ІБ00-004376 від 25.09.2024 18:38:35 Цех екстракції (Глобине) | E24: 231 | H24: 205 | I24: 32249.33 | K24: Д | L24: 965994.54
A25: 08.10.2024 | B25: Вимога-накладна ІБ00-000531 від 08.10.2024 00:00:00 Списаны ТМЦ | C25: Обл. НДС Виробничий (Глобино) Глобине-2 Прямі материальні виробничі витрати крім зворотніх відходів | D25: Обл. НДС Арматура №12 А500С L=12000 мм Надходження товарів і послуг ІБ00-004397 від 25.09.2024 18:38:36 Цех екстракції (Глобине) | E25: 231 | H25: 205 | I25: 514823.93 | K25: Д | L25: 451170.61
A26: 08.10.2024 | B26: Вимога-накладна ІБ00-000531 від 08.10.2024 00:00:00 Списаны ТМЦ | C26: Обл. НДС Виробничий (Глобино) Глобине-2 Прямі материальні виробничі витрати крім зворотніх відходів | D26: Обл. НДС Арматура №14 А500С L=12000 мм Надходження товарів і послуг ІБ00-004643 від 01.10.2024 18:35:04 Цех екстракції (Глобине) | E26: 231 | H26: 205 | I26: 399253.28 | K26: Д | L26: 51917.33 | M26: =SUBTOTAL(9,I19:J26) -> 1652430.8 | N26: октябрь
A27: 09.10.2024 | B27: Переміщення товарів ІБ00-000096 від 09.10.2024 19:00:00 Перемещение ТМЦ | C27: Обл. НДС Бетон М-350 (Р-4) Надходження товарів і послуг ІБ00-005013 від 09.10.2024 18:37:38 Цех екстракції (Глобине) | D27: Обл. НДС Бетон М-350 (Р-4) Надходження товарів і послуг ІБ00-005013 від 09.10.2024 18:37:38 Глобине-2 | E27: 205 | F27: 27976 | H27: 205 | K27: Д | L27: 79893.33
A28: 09.10.2024 | B28: Надходження товарів і послуг ІБ00-005264 від 09.10.2024 22:00:03 Оприходованы ТМЦ (Зачет аванса поставщику) | C28: Обл. НДС Анкерний блок БФБ-1 Надходження товарів і послуг ІБ00-005264 від 09.10.2024 22:00:03 Цех екстракції (Глобине) | D28: МАЛИН МЕТАЛ ТОВ 2709-П от 27.09.2023від 27.09.2023_Глобине 2 Рахунок на оплату постачальника ІБ00-003595 від 19.09.2024 18:10:29 | E28: 205 | F28: 161250 | H28: 631 | K28: Д | L28: 241143.33
A29: 11.10.2024 | B29: Переміщення товарів ІБ00-000098 від 11.10.2024 18:06:38 Перемещение ТМЦ | C29: Обл. НДС Бетон М-350 (Р-4) Надходження товарів і послуг ІБ00-005014 від 10.10.2024 18:57:57 Цех екстракції (Глобине) | D29: Обл. НДС Бетон М-350 (Р-4) Надходження товарів і послуг ІБ00-005014 від 10.10.2024 18:57:57 Глобине-2 | E29: 205 | F29: 18830 | H29: 205 | K29: Д | L29: 259973.33
A30: 11.10.2024 | B30: Переміщення товарів ІБ00-000099 від 11.10.2024 18:06:39 Перемещение ТМЦ | C30: Обл. НДС Бетон М-150 (Р-4) Надходження товарів і послуг ІБ00-005014 від 10.10.2024 18:57:57 Цех екстракції (Глобине) | D30: Обл. НДС Бетон М-150 (Р-4) Надходження товарів і послуг ІБ00-005014 від 10.10.2024 18:57:57 Глобине-2 | E30: 205 | F30: 1732.5 | H30: 205 | K30: Д | L30: 261705.83
A31: 11.10.2024 | B31: Надходження товарів і послуг ІБ00-005589 від 11.10.2024 18:07:12 Оприходованы ТМЦ (Зачет аванса поставщику) | C31: Обл. НДС Бетон М-150 (Р-4) Надходження товарів і послуг ІБ00-005589 від 11.10.2024 18:07:12 Цех екстракції (Глобине) | D31: Завод Залізобетонних Виробів №1 ПП Договір №30/08-24-2 від 30.08.2024_Глобине 2 Рахунок на оплату постачальника ІБ00-003973 від 08.10.2024 18:03:23 | E31: 205 | F31: 9625 | H31: 631 | K31: Д | L31: 271330.83
A32: 11.10.2024 | B32: Надходження товарів і послуг ІБ00-005589 від 11.10.2024 18:07:12 Оприходованы ТМЦ (Зачет аванса поставщику) | C32: Обл. НДС Бетон М-350 (Р-4) Надходження товарів і послуг ІБ00-005589 від 11.10.2024 18:07:12 Цех екстракції (Глобине) | D32: Завод Залізобетонних Виробів №1 ПП Договір №30/08-24-2 від 30.08.2024_Глобине 2 Рахунок на оплату постачальника ІБ00-003973 від 08.10.2024 18:03:23 | E32: 205 | F32: 25555 | H32: 631 | K32: Д | L32: 296885.83
A33: 15.10.2024 | B33: Переміщення товарів ІБ00-000109 від 15.10.2024 18:37:05 Перемещение ТМЦ | C33: Обл. НДС Бетон С 20/25 F75 W6 Р4 Надходження товарів і послуг ІБ00-005226 від 15.10.2024 18:37:02 Цех екстракції (Глобине) | D33: Обл. НДС Бетон С 20/25 F75 W6 Р4 Надходження товарів і послуг ІБ00-005226 від 15.10.2024 18:37:02 Глобине-2 | E33: 205 | F33: 7780.38 | H33: 205 | K33: Д | L33: 304666.21
A34: 16.10.2024 | B34: Переміщення товарів ІБ00-000133 від 16.10.2024 18:38:44 Перемещение ТМЦ | C34: Обл. НДС Шуруп г/к по дереву 3,5*45 мм Надходження товарів і послуг ІБ00-005211 від 16.10.2024 18:38:24 Цех екстракції (Глобине) | D34: Обл. НДС Шуруп г/к по дереву 3,5*45 мм Надходження товарів і послуг ІБ00-005211 від 16.10.2024 18:38:24 Глобине-2 | E34: 205 | F34: 143.55 | H34: 205 | K34: Д | L34: 304809.76
A35: 17.10.2024 | B35: Надходження товарів і послуг ІБ00-005214 від 17.10.2024 18:07:49 Оприходованы ТМЦ (Зачет аванса поставщику) | C35: Обл. НДС Анкерний блок БФБ-1 Надходження товарів і послуг ІБ00-005214 від 17.10.2024 18:07:49 Цех екстракції (Глобине) | D35: МАЛИН МЕТАЛ ТОВ 2709-П от 27.09.2023від 27.09.2023_Глобине 2 Рахунок на оплату постачальника ІБ00-003595 від 19.09.2024 18:10:29 | E35: 205 | F35: 155875 | H35: 631 | K35: Д | L35: 460684.76
A36: 17.10.2024 | B36: Надходження товарів і послуг ІБ00-005214 від 17.10.2024 18:07:49 Оприходованы ТМЦ | C36: Обл. НДС Анкерний блок БФБ-2 Надходження товарів і послуг ІБ00-005214 від 17.10.2024 18:07:49 Цех екстракції (Глобине) | D36: МАЛИН МЕТАЛ ТОВ 2709-П от 27.09.2023від 27.09.2023_Глобине 2 Рахунок на оплату постачальника ІБ00-003595 від 19.09.2024 18:10:29 | E36: 205 | F36: 16849.98 | H36: 631 | K36: Д | L36: 477534.74
A37: 17.10.2024 | B37: Надходження товарів і послуг ІБ00-005214 від 17.10.2024 18:07:49 Оприходованы ТМЦ | C37: Обл. НДС Анкерний блок БФБ-4 Надходження товарів і послуг ІБ00-005214 від 17.10.2024 18:07:49 Цех екстракції (Глобине) | D37: МАЛИН МЕТАЛ ТОВ 2709-П от 27.09.2023від 27.09.2023_Глобине 2 Рахунок на оплату постачальника ІБ00-003595 від 19.09.2024 18:10:29 | E37: 205 | F37: 2812.5 | H37: 631 | K37: Д | L37: 480347.24
A38: 17.10.2024 | B38: Переміщення товарів ІБ00-000111 від 17.10.2024 18:07:55 Перемещение ТМЦ | C38: Обл. НДС Бетон С 8/10 Р4 Надходження товарів і послуг ІБ00-005227 від 17.10.2024 18:07:52 Цех екстракції (Глобине) | D38: Обл. НДС Бетон С 8/10 Р4 Надходження товарів і послуг ІБ00-005227 від 17.10.2024 18:07:52 Глобине-2 | E38: 205 | F38: 20143.75 | H38: 205 | K38: Д | L38: 500490.99
... A156: 29.11.2024 | B156: Переміщення товарів ІБ00-000230 від 29.11.2024 14:58:39 Перемещение ТМЦ | C156: Обл. НДС Бетон С 8/10 Р4 (-5*) Надходження товарів і послуг ІБ00-005917 від 29.11.2024 12:58:33 Цех екстракції (Глобине) | D156: Обл. НДС Бетон С 8/10 Р4 (-5*) Надходження товарів і послуг ІБ00-005917 від 29.11.2024 12:58:33 Глобине-2 | E156: 205 | F156: 10887.73 | H156: 205 | K156: Д | L156: 10776936
A157: 30.11.2024 | B157: Списання товарів ІБ00-000676 від 30.11.2024 20:00:00 Списаны ТМЦ | C157: Обл. НДС Виробничий (Глобине-2) Глобине-2 Прямі материальні виробничі витрати крім зворотніх відходів | D157: Обл. НДС Цвяхи будівельні 3,0*70 Надходження товарів і послуг ІБ00-005521 від 04.11.2024 17:13:08 Цех екстракції (Глобине) | E157: 231 | H157: 205 | I157: 95.5 | K157: Д | L157: 10776841
A158: 30.11.2024 | B158: Списання товарів ІБ00-000676 від 30.11.2024 20:00:00 Списаны ТМЦ | C158: Обл. НДС Виробничий (Глобине-2) Глобине-2 Прямі материальні виробничі витрати крім зворотніх відходів | D158: Обл. НДС дошка 25*150 4,5 шт Надходження товарів і послуг ІБ00-004600 від 25.09.2024 23:00:14 Цех екстракції (Глобине) | E158: 231 | H158: 205 | I158: 8642 | K158: Д | L158: 10768199
A159: 30.11.2024 | B159: Вимога-накладна ІБ00-000572 від 30.11.2024 20:00:00 Списаны ТМЦ | C159: Обл. НДС Виробничий (Глобине-2) Глобине-2 Прямі материальні виробничі витрати крім зворотніх відходів | D159: Обл. НДС Бетон М-150 (Р-4) Надходження товарів і послуг ІБ00-005014 від 10.10.2024 18:57:57 Цех екстракції (Глобине) | E159: 231 | H159: 205 | I159: 1732.5 | K159: Д | L159: 10766466
A160: 30.11.2024 | B160: Вимога-накладна ІБ00-000572 від 30.11.2024 20:00:00 Списаны ТМЦ | C160: Обл. НДС Виробничий (Глобине-2) Глобине-2 Прямі материальні виробничі витрати крім зворотніх відходів | D160: Обл. НДС Бетон М-150 (Р-4) Надходження товарів і послуг ІБ00-005589 від 11.10.2024 18:07:12 Цех екстракції (Глобине) | E160: 231 | H160: 205 | I160: 7892.5 | K160: Д | L160: 10758574
A161: 30.11.2024 | B161: Вимога-накладна ІБ00-000572 від 30.11.2024 20:00:00 Списаны ТМЦ | C161: Обл. НДС Виробничий (Глобине-2) Глобине-2 Прямі материальні виробничі витрати крім зворотніх відходів | D161: Обл. НДС Анкерний блок БФБ-1 Надходження товарів і послуг ІБ00-005264 від 09.10.2024 22:00:03 Цех екстракції (Глобине) | E161: 231 | H161: 205 | I161: 123625 | K161: Д | L161: 10634949
A162: 30.11.2024 | B162: Вимога-накладна ІБ00-000572 від 30.11.2024 20:00:00 Списаны ТМЦ | C162: Обл. НДС Виробничий (Глобине-2) Глобине-2 Прямі материальні виробничі витрати крім зворотніх відходів | D162: Обл. НДС Арматура №12 А500С L=12000 мм Надходження товарів і послуг ІБ00-004397 від 25.09.2024 18:38:36 Цех екстракції (Глобине) | E162: 231 | H162: 205 | I162: 16238.66 | K162: Д | L162: 10618710
A163: 30.11.2024 | B163: Вимога-накладна ІБ00-000573 від 30.11.2024 20:00:00 Списаны ТМЦ | C163: Обл. НДС Виробничий (Глобине-2) Глобине-2 Прямі материальні виробничі витрати крім зворотніх відходів | D163: Обл. НДС Бетон С 20/25 F75 W6 Р4 Надходження товарів і послуг ІБ00-005226 від 15.10.2024 18:37:02 Цех екстракції (Глобине) | E163: 231 | H163: 205 | I163: 7780.38 | K163: Д | L163: 10610930
A164: 30.11.2024 | B164: Вимога-накладна ІБ00-000573 від 30.11.2024 20:00:00 Списаны ТМЦ | C164: Обл. НДС Виробничий (Глобине-2) Глобине-2 Прямі материальні виробничі витрати крім зворотніх відходів | D164: Обл. НДС Бетон С 20/25 F75 W6 Р4 Надходження товарів і послуг ІБ00-005227 від 17.10.2024 18:07:52 Цех екстракції (Глобине) | E164: 231 | H164: 205 | I164: 7937.9 | K164: Д | L164: 10602992
A165: 30.11.2024 | B165: Вимога-накладна ІБ00-000573 від 30.11.2024 20:00:00 Списаны ТМЦ | C165: Обл. НДС Виробничий (Глобине-2) Глобине-2 Прямі материальні виробничі витрати крім зворотніх відходів | D165: Обл. НДС Бетон С 20/25 F75 W6 Р4 Надходження товарів і послуг ІБ00-005227 від 17.10.2024 18:07:52 Цех екстракції (Глобине) | E165: 231 | H165: 205 | I165: 7937.91 | K165: Д | L165: 10595054
A166: 30.11.2024 | B166: Вимога-накладна ІБ00-000573 від 30.11.2024 20:00:00 Списаны ТМЦ | C166: Обл. НДС Виробничий (Глобине-2) Глобине-2 Прямі материальні виробничі витрати крім зворотніх відходів | D166: Обл. НДС Бетон С 20/25 F75 W6 Р4 Надходження товарів і послуг ІБ00-005227 від 17.10.2024 18:07:52 Цех екстракції (Глобине) | E166: 231 | H166: 205 | I166: 7937.9 | K166: Д | L166: 10587116
A167: 30.11.2024 | B167: Вимога-накладна ІБ00-000573 від 30.11.2024 20:00:00 Списаны ТМЦ | C167: Обл. НДС Виробничий (Глобине-2) Глобине-2 Прямі материальні виробничі витрати крім зворотніх відходів | D167: Обл. НДС Бетон С 20/25 F75 W6 Р4 Надходження товарів і послуг ІБ00-005228 від 19.10.2024 14:00:03 Цех екстракції (Глобине) | E167: 231 | H167: 205 | I167: 14501.12 | K167: Д | L167: 10572615
A168: 30.11.2024 | B168: Вимога-накладна ІБ00-000573 від 30.11.2024 20:00:00 Списаны ТМЦ | C168: Обл. НДС Виробничий (Глобине-2) Глобине-2 Прямі материальні виробничі витрати крім зворотніх відходів | D168: Обл. НДС Бетон С 20/25 F75 W6 Р4 Надходження товарів і послуг ІБ00-005228 від 19.10.2024 14:00:03 Цех екстракції (Глобине) | E168: 231 | H168: 205 | I168: 19939.03 | K168: Д | L168: 10552676
... A253: 30.11.2024 | B253: Вимога-накладна ІБ00-000618 від 30.11.2024 21:00:00 Списаны ТМЦ | C253: Обл. НДС Виробничий (Глобине-2) Глобине-2 Прямі материальні виробничі витрати крім зворотніх відходів | D253: Обл. НДС Гранвідсів 0-5 мм Надходження товарів і послуг ІБ00-005985 від 22.11.2024 18:16:20 Цех екстракції (Глобине) | E253: 231 | H253: 205 | I253: 37500 | K253: Д | L253: 8743258
A254: 30.11.2024 | B254: Вимога-накладна ІБ00-000618 від 30.11.2024 21:00:00 Списаны ТМЦ | C254: Обл. НДС Виробничий (Глобине-2) Глобине-2 Прямі материальні виробничі витрати крім зворотніх відходів | D254: Обл. НДС Пісок з відсіву дроблення граніту фр. 0-5мм. Надходження товарів і послуг ІБ00-005817 від 25.11.2024 17:49:53 Цех екстракції (Глобине) | E254: 231 | H254: 205 | I254: 70617.5 | K254: Д | L254: 8672640.5 | M254: =SUBTOTAL(9,I157:J254) -> 2104295.9 | N254: ноябрь
A255: 01.12.2024 | B255: Надходження товарів і послуг ІБ00-006167 від 01.12.2024 12:45:15 Оприходованы ТМЦ (Зачет аванса поставщику) | C255: Обл. НДС Кутник 50х50 мм 5,0 мм, 6 м Надходження товарів і послуг ІБ00-006167 від 01.12.2024 12:45:15 Цех екстракції (Глобине) | D255: АВ МЕТАЛ ГРУП ТОВ №6234/Р от 05.09.2024_Глобине-2 Рахунок на оплату постачальника ІБ00-004554 від 13.11.2024 00:00:00 | E255: 205 | F255: 1428.85 | H255: 631 | K255: Д | L255: 8674069.3
A256: 02.12.2024 | B256: Переміщення товарів ІБ00-000253 від 02.12.2024 18:39:29 Перемещение ТМЦ | C256: Обл. НДС Бетон С20/25 W6 F75 P4 доб-5 Надходження товарів і послуг ІБ00-006122 від 02.12.2024 18:39:27 Цех екстракції (Глобине) | D256: Обл. НДС Бетон С20/25 W6 F75 P4 доб-5 Надходження товарів і послуг ІБ00-006122 від 02.12.2024 18:39:27 Глобине-2 | E256: 205 | F256: 1785.64 | H256: 205 | K256: Д | L256: 8675855
A257: 02.12.2024 | B257: Переміщення товарів ІБ00-000253 від 02.12.2024 18:39:29 Перемещение ТМЦ | C257: Обл. НДС Бетон С 8/10 Р4 (-5*) Надходження товарів і послуг ІБ00-006122 від 02.12.2024 18:39:27 Цех екстракції (Глобине) | D257: Обл. НДС Бетон С 8/10 Р4 (-5*) Надходження товарів і послуг ІБ00-006122 від 02.12.2024 18:39:27 Глобине-2 | E257: 205 | F257: 26030.2 | H257: 205 | K257: Д | L257: 8701885.2
A258: 02.12.2024 | B258: Надходження товарів і послуг ІБ00-006238 від 02.12.2024 22:00:07 Оприходованы ТМЦ | C258: Обл. НДС Пісок з відсіву дроблення щебеню фр. 0-5мм. Надходження товарів і послуг ІБ00-006238 від 02.12.2024 22:00:07 Цех екстракції (Глобине) | D258: Енергія Логістик ТОВ №28/10-2024 ВІД 28/10/24_Глобине-2 Рахунок на оплату постачальника ІБ00-005067 від 02.12.2024 22:00:06 | E258: 205 | F258: 19201.5 | H258: 631 | K258: Д | L258: 8721086.7
A259: 02.12.2024 | B259: Надходження дод. витрат ІБ00-000600 від 02.12.2024 22:00:08 Доп. расходы при поступлении товаров | C259: Обл. НДС Пісок з відсіву дроблення щебеню фр. 0-5мм. Надходження товарів і послуг ІБ00-006238 від 02.12.2024 22:00:07 Цех екстракції (Глобине) | D259: Енергія Логістик ТОВ №28/10-2024 ВІД 28/10/24_Глобине-2 Рахунок на оплату постачальника ІБ00-005067 від 02.12.2024 22:00:06 | E259: 205 | F259: 44803.5 | H259: 631 | K259: Д | L259: 8765890.2
A260: 03.12.2024 | B260: Надходження товарів і послуг ІБ00-006017 від 03.12.2024 17:23:57 Оприходованы ТМЦ | C260: Обл. НДС Бетон С20/25 W6 F75 P4 доб-5 Надходження товарів і послуг ІБ00-006017 від 03.12.2024 17:23:57 Цех екстракції (Глобине) | D260: Кременчуцький річковий порт ПРАТ Договір 112/Б від 15.10.2024_Глобине-2 Надходження товарів і послуг ІБ00-006017 від 03.12.2024 17:23:57 | E260: 205 | F260: 24232.5 | H260: 631 | K260: Д | L260: 8790122.7
A261: 03.12.2024 | B261: Надходження дод. витрат ІБ00-000555 від 03.12.2024 17:23:58 Доп. расходы при поступлении товаров | C261: Обл. НДС Бетон С20/25 W6 F75 P4 доб-5 Надходження товарів і послуг ІБ00-006017 від 03.12.2024 17:23:57 Цех екстракції (Глобине) | D261: Кременчуцький річковий порт ПРАТ Договір 112/Б від 15.10.2024_Глобине-2 Надходження дод. витрат ІБ00-000555 від 03.12.2024 17:23:58 | E261: 205 | F261: 7260.25 | H261: 631 | K261: Д | L261: 8797382.9
A262: 04.12.2024 | B262: Вимога-накладна ІБ00-000663 від 04.12.2024 00:00:00 Списаны ТМЦ | C262: Обл. НДС Виробничий (Глобине-2) Глобине-2 Прямі материальні виробничі витрати крім зворотніх відходів | D262: Обл. НДС Анкерний блок БФБ-3 Надходження товарів і послуг ІБ00-005213 від 23.10.2024 18:16:35 Цех екстракції (Глобине) | E262: 231 | H262: 205 | I262: 30000 | K262: Д | L262: 8767382.9
A263: 04.12.2024 | B263: Вимога-накладна ІБ00-000663 від 04.12.2024 00:00:00 Списаны ТМЦ | C263: Обл. НДС Виробничий (Глобине-2) Глобине-2 Прямі материальні виробничі витрати крім зворотніх відходів | D263: Обл. НДС Анкерний блок БФБ-4 Надходження товарів і послуг ІБ00-005214 від 17.10.2024 18:07:49 Цех екстракції (Глобине) | E263: 231 | H263: 205 | I263: 2812.5 | K263: Д | L263: 8764570.4
A264: 04.12.2024 | B264: Вимога-накладна ІБ00-000663 від 04.12.2024 00:00:00 Списаны ТМЦ | C264: Обл. НДС Виробничий (Глобине-2) Глобине-2 Прямі материальні виробничі витрати крім зворотніх відходів | D264: Обл. НДС Анкерний блок БФБ-4 Надходження товарів і послуг ІБ00-005743 від 20.11.2024 18:10:55 Цех екстракції (Глобине) | E264: 231 | H264: 205 | I264: 8437.5 | K264: Д | L264: 8756132.9
A265: 04.12.2024 | B265: Вимога-накладна ІБ00-000663 від 04.12.2024 00:00:00 Списаны ТМЦ | C265: Обл. НДС Виробничий (Глобине-2) Глобине-2 Прямі материальні виробничі витрати крім зворотніх відходів | D265: Обл. НДС Бетон С 8/10 Р4 Надходження товарів і послуг ІБ00-005599 від 09.11.2024 12:00:00 Цех екстракції (Глобине) | E265: 231 | H265: 205 | I265: 1565.93 | K265: Д | L265: 8754567
A266: 04.12.2024 | B266: Вимога-накладна ІБ00-000663 від 04.12.2024 00:00:00 Списаны ТМЦ | C266: Обл. НДС Виробничий (Глобине-2) Глобине-2 Прямі материальні виробничі витрати крім зворотніх відходів | D266: Обл. НДС Бетон С 8/10 Р4 Надходження товарів і послуг ІБ00-005688 від 14.11.2024 23:01:12 Цех екстракції (Глобине) | E266: 231 | H266: 205 | I266: 4770.38 | K266: Д | L266: 8749796.6
A267: 04.12.2024 | B267: Вимога-накладна ІБ00-000663 від 04.12.2024 00:00:00 Списаны ТМЦ | C267: Обл. НДС Виробничий (Глобине-2) Глобине-2 Прямі материальні виробничі витрати крім зворотніх відходів | D267: Обл. НДС Бетон С 8/10 Р4 Надходження товарів і послуг ІБ00-005731 від 19.11.2024 17:51:24 Цех екстракції (Глобине) | E267: 231 | H267: 205 | I267: 9109.73 | K267: Д | L267: 8740686.9
A268: 04.12.2024 | B268: Вимога-накладна ІБ00-000663 від 04.12.2024 00:00:00 Списаны ТМЦ | C268: Обл. НДС Виробничий (Глобине-2) Глобине-2 Прямі материальні виробничі витрати крім зворотніх відходів | D268: Обл. НДС Бетон С 8/10 Р4 Надходження товарів і послуг ІБ00-005731 від 19.11.2024 17:51:24 Цех екстракції (Глобине) | E268: 231 | H268: 205 | I268: 2476.14 | K268: Д | L268: 8738210.8
A269: 04.12.2024 | B269: Надходження товарів і послуг ІБ00-006082 від 04.12.2024 18:00:17 Оприходованы ТМЦ | C269: Обл. НДС Пісок з відсіву дроблення щебеню фр. 0-5мм. Надходження товарів і послуг ІБ00-006082 від 04.12.2024 18:00:17 Цех екстракції (Глобине) | D269: Енергія Логістик ТОВ №28/10-2024 ВІД 28/10/24_Глобине-2 Рахунок на оплату постачальника ІБ00-004974 від 04.12.2024 18:00:16 | E269: 205 | F269: 3399 | H269: 631 | K269: Д | L269: 8741609.8
A270: 04.12.2024 | B270: Переміщення товарів ІБ00-000250 від 04.12.2024 18:00:22 Перемещение ТМЦ | C270: Обл. НДС Бетон С 8/10 Р4 (-5*) Надходження товарів і послуг ІБ00-006121 від 04.12.2024 18:00:20 Цех екстракції (Глобине) | D270: Обл. НДС Бетон С 8/10 Р4 (-5*) Надходження товарів і послуг ІБ00-006121 від 04.12.2024 18:00:20 Глобине-2 | E270: 205 | F270: 17983.41 | H270: 205 | K270: Д | L270: 8759593.2
A271: 05.12.2024 | B271: Надходження товарів і послуг ІБ00-006085 від 05.12.2024 19:00:13 Оприходованы ТМЦ | C271: Обл. НДС Пісок з відсіву дроблення щебеню фр. 0-5мм. Надходження товарів і послуг ІБ00-006085 від 05.12.2024 19:00:13 Цех екстракції (Глобине) | D271: Енергія Логістик ТОВ №28/10-2024 ВІД 28/10/24_Глобине-2 Рахунок на оплату постачальника ІБ00-004975 від 05.12.2024 19:00:12 | E271: 205 | F271: 6582 | H271: 631 | K271: Д | L271: 8766175.2
A272: 05.12.2024 | B272: Надходження товарів і послуг ІБ00-006086 від 05.12.2024 19:00:15 Оприходованы ТМЦ | C272: Обл. НДС Пісок з відсівів дроблення щебню 0-5мм./Глобине Надходження товарів і послуг ІБ00-006086 від 05.12.2024 19:00:15 Цех екстракції (Глобине) | D272: Енергія Логістик ТОВ №28/10-2024 ВІД 28/10/24_Глобине-2 Рахунок на оплату постачальника ІБ00-004976 від 05.12.2024 19:00:14 | E272: 205 | F272: 16066.5 | H272: 631 | K272: Д | L272: 8782241.7
A273: 05.12.2024 | B273: Надходження дод. витрат ІБ00-000573 від 05.12.2024 19:00:16 Доп. расходы при поступлении товаров | C273: Обл. НДС Пісок з відсівів дроблення щебню 0-5мм./Глобине Надходження товарів і послуг ІБ00-006086 від 05.12.2024 19:00:15 Цех екстракції (Глобине) | D273: Енергія Логістик ТОВ №28/10-2024 ВІД 28/10/24_Глобине-2 Рахунок на оплату постачальника ІБ00-004976 від 05.12.2024 19:00:14 | E273: 205 | F273: 37488.5 | H273: 631 | K273: Д | L273: 8819730.2
A274: 06.12.2024 | B274: Надходження товарів і послуг ІБ00-006056 від 06.12.2024 18:14:28 Оприходованы ТМЦ | C274: Обл. НДС Гайка М24 6 цб DIN934 Надходження товарів і послуг ІБ00-006056 від 06.12.2024 18:14:28 Цех екстракції (Глобине) | D274: Солді і Ко ПАТ Дог № 378542-55/19 від 21.01.2019 р. РАХ_Глобине-2 Рахунок на оплату постачальника ІБ00-004946 від 03.12.2024 17:24:06 | E274: 205 | F274: 1352.3 | H274: 631 | K274: Д | L274: 8821082.5
A275: 06.12.2024 | B275: Надходження товарів і послуг ІБ00-006056 від 06.12.2024 18:14:28 Оприходованы ТМЦ | C275: Обл. НДС Гайка М30 6 цб DIN934 Надходження товарів і послуг ІБ00-006056 від 06.12.2024 18:14:28 Цех екстракції (Глобине) | D275: Солді і Ко ПАТ Дог № 378542-55/19 від 21.01.2019 р. РАХ_Глобине-2 Рахунок на оплату постачальника ІБ00-004946 від 03.12.2024 17:24:06 | E275: 205 | F275: 2374.97 | H275: 631 | K275: Д | L275: 8823457.4
A276: 06.12.2024 | B276: Надходження товарів і послуг ІБ00-006056 від 06.12.2024 18:14:28 Оприходованы ТМЦ | C276: Обл. НДС Гайка М42 6 цб DIN934 Надходження товарів і послуг ІБ00-006056 від 06.12.2024 18:14:28 Цех екстракції (Глобине) | D276: Солді і Ко ПАТ Дог № 378542-55/19 від 21.01.2019 р. РАХ_Глобине-2 Рахунок на оплату постачальника ІБ00-004946 від 03.12.2024 17:24:06 | E276: 205 | F276: 36839.6 | H276: 631 | K276: Д | L276: 8860297
A277: 06.12.2024 | B277: Надходження товарів і послуг ІБ00-006056 від 06.12.2024 18:14:28 Оприходованы ТМЦ | C277: Обл. НДС DIN125-1 Шайба 24 цб 140HV до кл.м. 4.6-8.8 Надходження товарів і послуг ІБ00-006056 від 06.12.2024 18:14:28 Цех екстракції (Глобине) | D277: Солді і Ко ПАТ Дог № 378542-55/19 від 21.01.2019 р. РАХ_Глобине-2 Рахунок на оплату постачальника ІБ00-004946 від 03.12.2024 17:24:06 | E277: 205 | F277: 231.24 | H277: 631 | K277: Д | L277: 8860528.3
A278: 06.12.2024 | B278: Надходження товарів і послуг ІБ00-006056 від 06.12.2024 18:14:28 Оприходованы ТМЦ | C278: Обл. НДС DIN125-1 Шайба 30 цб 140HV до кл.м. 4.6-8.8 Надходження товарів і послуг ІБ00-006056 від 06.12.2024 18:14:28 Цех екстракції (Глобине) | D278: Солді і Ко ПАТ Дог № 378542-55/19 від 21.01.2019 р. РАХ_Глобине-2 Рахунок на оплату постачальника ІБ00-004946 від 03.12.2024 17:24:06 | E278: 205 | F278: 376.09 | H278: 631 | K278: Д | L278: 8860904.4
A279: 06.12.2024 | B279: Надходження товарів і послуг ІБ00-006056 від 06.12.2024 18:14:28 Оприходованы ТМЦ | C279: Обл. НДС DIN125-1 Шайба 42 цб 140HV до кл.м. 4.6-8.8 Надходження товарів і послуг ІБ00-006056 від 06.12.2024 18:14:28 Цех екстракції (Глобине) | D279: Солді і Ко ПАТ Дог № 378542-55/19 від 21.01.2019 р. РАХ_Глобине-2 Рахунок на оплату постачальника ІБ00-004946 від 03.12.2024 17:24:06 | E279: 205 | F279: 7603.84 | H279: 631 | K279: Д | L279: 8868508.2
A280: 06.12.2024 | B280: Переміщення товарів ІБ00-000242 від 06.12.2024 19:25:01 Перемещение ТМЦ | C280: Обл. НДС Бетон С20/25 W6 F75 P4 доб-5 Надходження товарів і послуг ІБ00-006112 від 06.12.2024 18:14:57 Цех екстракції (Глобине) | D280: Обл. НДС Бетон С20/25 W6 F75 P4 доб-5 Надходження товарів і послуг ІБ00-006112 від 06.12.2024 18:14:57 Глобине-2 | E280: 205 | F280: 32611.56 | H280: 205 | K280: Д | L280: 8901119.8
... A346: 23.12.2024 | B346: Надходження товарів і послуг ІБ00-006418 від 23.12.2024 17:16:18 Оприходованы ТМЦ | C346: Обл. НДС Шайба М24 БП Fram 300HV Надходження товарів і послуг ІБ00-006418 від 23.12.2024 17:16:18 Цех екстракції (Глобине) | D346: Солді і Ко ПАТ Дог № 378542-55/19 від 21.01.2019 р. РАХ_Глобине-2 Рахунок на оплату постачальника ІБ00-005204 від 09.12.2024 18:22:20 | E346: 205 | F346: 19406.82 | H346: 631 | K346: Д | L346: 10870537
A347: 23.12.2024 | B347: Вимога-накладна ІБ00-000684 від 23.12.2024 18:01:06 Списаны ТМЦ | C347: Обл. НДС Виробничий (Глобине-2) Глобине-2 Прямі материальні виробничі витрати крім зворотніх відходів | D347: Обл. НДС Лист г/к 6*1500*6000 1-3 сп/пс Надходження товарів і послуг ІБ00-005335 від 29.10.2024 22:00:09 Цех екстракції (Глобине) | E347: 231 | H347: 205 | I347: 10894 | K347: Д | L347: 10859643
A348: 23.12.2024 | B348: Вимога-накладна ІБ00-000684 від 23.12.2024 18:01:06 Списаны ТМЦ | C348: Обл. НДС Виробничий (Глобине-2) Глобине-2 Прямі материальні виробничі витрати крім зворотніх відходів | D348: Обл. НДС Лист г/к 8*1500*6000 мм; ст.3 сп/пс 5 кат.необр.кромка Надходження товарів і послуг ІБ00-005544 від 07.11.2024 17:17:34 Цех екстракції (Глобине) | E348: 231 | H348: 205 | I348: 195.53 | K348: Д | L348: 10859448
A349: 23.12.2024 | B349: Вимога-накладна ІБ00-000684 від 23.12.2024 18:01:06 Списаны ТМЦ | C349: Обл. НДС Виробничий (Глобине-2) Глобине-2 Прямі материальні виробничі витрати крім зворотніх відходів | D349: Обл. НДС Лист г/к 10*1500*6000 мм Надходження товарів і послуг ІБ00-005544 від 07.11.2024 17:17:34 Цех екстракції (Глобине) | E349: 231 | H349: 205 | I349: 3140.75 | K349: Д | L349: 10856307
A350: 23.12.2024 | B350: Вимога-накладна ІБ00-000684 від 23.12.2024 18:01:06 Списаны ТМЦ | C350: Обл. НДС Виробничий (Глобине-2) Глобине-2 Прямі материальні виробничі витрати крім зворотніх відходів | D350: Обл. НДС Лист 12*1590*12000 необр кромка Надходження товарів і послуг ІБ00-005546 від 06.11.2024 17:20:16 Цех екстракції (Глобине) | E350: 231 | H350: 205 | I350: 18401.6 | K350: Д | L350: 10837905
A351: 23.12.2024 | B351: Вимога-накладна ІБ00-000684 від 23.12.2024 18:01:06 Списаны ТМЦ | C351: Обл. НДС Виробничий (Глобине-2) Глобине-2 Прямі материальні виробничі витрати крім зворотніх відходів | D351: Обл. НДС Лист г/к 14*2000*6000, 1-3 пс/сп 5 кат. Надходження товарів і послуг ІБ00-005506 від 01.11.2024 19:56:31 Цех екстракції (Глобине) | E351: 231 | H351: 205 | I351: 119452.12 | K351: Д | L351: 10718453
A352: 23.12.2024 | B352: Вимога-накладна ІБ00-000684 від 23.12.2024 18:01:06 Списаны ТМЦ | C352: Обл. НДС Виробничий (Глобине-2) Глобине-2 Прямі материальні виробничі витрати крім зворотніх відходів | D352: Обл. НДС Лист 16*1500*6000 3 сп/пс5 Надходження товарів і послуг ІБ00-005546 від 06.11.2024 17:20:16 Цех екстракції (Глобине) | E352: 231 | H352: 205 | I352: 10222.83 | K352: Д | L352: 10708230
A353: 23.12.2024 | B353: Вимога-накладна ІБ00-000684 від 23.12.2024 18:01:06 Списаны ТМЦ | C353: Обл. НДС Виробничий (Глобине-2) Глобине-2 Прямі материальні виробничі витрати крім зворотніх відходів | D353: Обл. НДС Лист г/к 20*2000*6000 мм Надходження товарів і послуг ІБ00-005336 від 28.10.2024 17:55:21 Цех екстракції (Глобине) | E353: 231 | H353: 205 | I353: 378451.88 | K353: Д | L353: 10329779
A354: 23.12.2024 | B354: Вимога-накладна ІБ00-000684 від 23.12.2024 18:01:06 Списаны ТМЦ | C354: Обл. НДС Виробничий (Глобине-2) Глобине-2 Прямі материальні виробничі витрати крім зворотніх відходів | D354: Обл. НДС Лист г/к 30*1500*6000 мм необр кромка Надходження товарів і послуг ІБ00-005335 від 29.10.2024 22:00:09 Цех екстракції (Глобине) | E354: 231 | H354: 205 | I354: 49662.81 | K354: Д | L354: 10280116
A355: 23.12.2024 | B355: Вимога-накладна ІБ00-000684 від 23.12.2024 18:01:06 Списаны ТМЦ | C355: Обл. НДС Виробничий (Глобине-2) Глобине-2 Прямі материальні виробничі витрати крім зворотніх відходів | D355: Обл. НДС Лист г/к 40*2000*6000, 3 сп 5 кат. Надходження товарів і послуг ІБ00-005547 від 05.11.2024 17:28:27 Цех екстракції (Глобине) | E355: 231 | H355: 205 | I355: 14966.87 | K355: Д | L355: 10265149
A356: 23.12.2024 | B356: Вимога-накладна ІБ00-000684 від 23.12.2024 18:01:06 Списаны ТМЦ | C356: Обл. НДС Виробничий (Глобине-2) Глобине-2 Прямі материальні виробничі витрати крім зворотніх відходів | D356: Обл. НДС Лист г/к 30,0 мм 2000х6000, S235JR Надходження товарів і послуг ІБ00-006404 від 23.12.2024 17:16:10 Цех екстракції (Глобине) | E356: 231 | H356: 205 | I356: 10840.27 | K356: Д | L356: 10254309
A357: 24.12.2024 | B357: Надходження товарів і послуг ІБ00-006547 від 24.12.2024 12:00:00 Оприходованы ТМЦ | C357: Обл. НДС Пісок з відсіву дроблення щебеню фр. 0-5мм. Надходження товарів і послуг ІБ00-006547 від 24.12.2024 12:00:00 Цех екстракції (Глобине) | D357: Енергія Логістик ТОВ №28/10-2024 ВІД 28/10/24_Глобине-2 Рахунок на оплату постачальника ІБ00-005299 від 24.12.2024 11:00:00 | E357: 205 | F357: 1600.5 | H357: 631 | K357: Д | L357: 10255909
A358: 25.12.2024 | B358: Надходження товарів і послуг ІБ00-006546 від 25.12.2024 12:00:00 Оприходованы ТМЦ | C358: Обл. НДС Щебінь 20-40 Надходження товарів і послуг ІБ00-006546 від 25.12.2024 12:00:00 Цех екстракції (Глобине) | D358: Енергія Логістик ТОВ №28/10-2024 ВІД 28/10/24_Глобине-2 Рахунок на оплату постачальника ІБ00-005298 від 25.12.2024 11:00:00 | E358: 205 | F358: 16456.5 | H358: 631 | K358: Д | L358: 10272366
A359: 27.12.2024 | B359: Надходження товарів і послуг ІБ00-006502 від 27.12.2024 12:00:00 Оприходованы ТМЦ | C359: Обл. НДС Труба профільна 80*80 мм 4,0 мм,12 м Надходження товарів і послуг ІБ00-006502 від 27.12.2024 12:00:00 Цех екстракції (Глобине) | D359: АВ МЕТАЛ ГРУП ТОВ Дог 2420/Р от 05.10.2023від 05.10.2023_Глобино-2 Рахунок на оплату постачальника ІБ00-005221 від 26.12.2024 16:24:26 | E359: 205 | F359: 12716.91 | H359: 631 | K359: Д | L359: 10285083
A360: 27.12.2024 | B360: Надходження товарів і послуг ІБ00-006502 від 27.12.2024 12:00:00 Оприходованы ТМЦ | C360: Обл. НДС Швелер № 22 П міра 12,00 м Надходження товарів і послуг ІБ00-006502 від 27.12.2024 12:00:00 Цех екстракції (Глобине) | D360: АВ МЕТАЛ ГРУП ТОВ Дог 2420/Р от 05.10.2023від 05.10.2023_Глобино-2 Рахунок на оплату постачальника ІБ00-005221 від 26.12.2024 16:24:26 | E360: 205 | F360: 60006.88 | H360: 631 | K360: Д | L360: 10345089
A361: 27.12.2024 | B361: Надходження товарів і послуг ІБ00-006502 від 27.12.2024 12:00:00 Оприходованы ТМЦ | C361: Обл. НДС Швелер № 24 П міра 12,00 м Надходження товарів і послуг ІБ00-006502 від 27.12.2024 12:00:00 Цех екстракції (Глобине) | D361: АВ МЕТАЛ ГРУП ТОВ Дог 2420/Р от 05.10.2023від 05.10.2023_Глобино-2 Рахунок на оплату постачальника ІБ00-005221 від 26.12.2024 16:24:26 | E361: 205 | F361: 763182.61 | H361: 631 | K361: Д | L361: 11108272
A362: 30.12.2024 | B362: Переміщення товарів ІБ00-000298 від 30.12.2024 08:00:00 Перемещение ТМЦ | C362: Обл. НДС Арматура №12 А500С L=12000 мм Надходження товарів і послуг ІБ00-004646 від 02.10.2024 17:19:54 Цех екстракції (Глобине) | D362: Обл. НДС Арматура №12 А500С L=12000 мм Надходження товарів і послуг ІБ00-004646 від 02.10.2024 17:19:54 Глобине-2 | E362: 205 | F362: 4433.33 | H362: 205 | K362: Д | L362: 11112705
A363: 30.12.2024 | B363: Переміщення товарів ІБ00-000300 від 30.12.2024 12:00:00 Перемещение ТМЦ | C363: Обл. НДС Бетон С 8/10 доб-10 Надходження товарів і послуг ІБ00-005899 від 27.11.2024 18:37:16 Котельна (Глобине) | D363: Обл. НДС Бетон С 8/10 доб-10 Надходження товарів і послуг ІБ00-005899 від 27.11.2024 18:37:16 Цех екстракції (Глобине) | E363: 205 | H363: 205 | I363: 13156.54 | K363: Д | L363: 11099549
A364: 30.12.2024 | B364: Надходження товарів і послуг ІБ00-006500 від 30.12.2024 12:00:00 Оприходованы ТМЦ | C364: Обл. НДС Балка 16 (IPE160) S275 JR, 12м Надходження товарів і послуг ІБ00-006500 від 30.12.2024 12:00:00 Цех екстракції (Глобине) | D364: АВ МЕТАЛ ГРУП ТОВ Дог 2420/Р от 05.10.2023від 05.10.2023_Глобино-2 Рахунок на оплату постачальника ІБ00-005225 від 26.12.2024 16:47:01 | E364: 205 | F364: 24232.54 | H364: 631 | K364: Д | L364: 11123781
A365: 30.12.2024 | B365: Надходження товарів і послуг ІБ00-006500 від 30.12.2024 12:00:00 Оприходованы ТМЦ | C365: Обл. НДС Балка 30 (ІРЕ 300) S275 JR, 12 м Надходження товарів і послуг ІБ00-006500 від 30.12.2024 12:00:00 Цех екстракції (Глобине) | D365: АВ МЕТАЛ ГРУП ТОВ Дог 2420/Р от 05.10.2023від 05.10.2023_Глобино-2 Рахунок на оплату постачальника ІБ00-005225 від 26.12.2024 16:47:01 | E365: 205 | F365: 52778.41 | H365: 631 | K365: Д | L365: 11176560
A366: 30.12.2024 | B366: Надходження товарів і послуг ІБ00-006500 від 30.12.2024 12:00:00 Оприходованы ТМЦ | C366: Обл. НДС Кутник 75*75 мм 6,0 мм, S235 JR 12 м Надходження товарів і послуг ІБ00-006500 від 30.12.2024 12:00:00 Цех екстракції (Глобине) | D366: АВ МЕТАЛ ГРУП ТОВ Дог 2420/Р от 05.10.2023від 05.10.2023_Глобино-2 Рахунок на оплату постачальника ІБ00-005225 від 26.12.2024 16:47:01 | E366: 205 | F366: 26883.75 | H366: 631 | K366: Д | L366: 11203444
A367: 30.12.2024 | B367: Надходження товарів і послуг ІБ00-006500 від 30.12.2024 12:00:00 Оприходованы ТМЦ | C367: Обл. НДС Лист г/к 20,0 мм 2000*6000, S235 JR Надходження товарів і послуг ІБ00-006500 від 30.12.2024 12:00:00 Цех екстракції (Глобине) | D367: АВ МЕТАЛ ГРУП ТОВ Дог 2420/Р от 05.10.2023від 05.10.2023_Глобино-2 Рахунок на оплату постачальника ІБ00-005225 від 26.12.2024 16:47:01 | E367: 205 | F367: 216912.36 | H367: 631 | K367: Д | L367: 11420356
A368: 30.12.2024 | B368: Надходження товарів і послуг ІБ00-006500 від 30.12.2024 12:00:00 Оприходованы ТМЦ | C368: Обл. НДС Лист г/к 30,0 мм 1500*6000, S235 JR Надходження товарів і послуг ІБ00-006500 від 30.12.2024 12:00:00 Цех екстракції (Глобине) | D368: АВ МЕТАЛ ГРУП ТОВ Дог 2420/Р от 05.10.2023від 05.10.2023_Глобино-2 Рахунок на оплату постачальника ІБ00-005225 від 26.12.2024 16:47:01 | E368: 205 | F368: 71100 | H368: 631 | K368: Д | L368: 11491456
A369: 30.12.2024 | B369: Надходження товарів і послуг ІБ00-006500 від 30.12.2024 12:00:00 Оприходованы ТМЦ | C369: Обл. НДС Швелер 16П S275JR,12 м Надходження товарів і послуг ІБ00-006500 від 30.12.2024 12:00:00 Цех екстракції (Глобине) | D369: АВ МЕТАЛ ГРУП ТОВ Дог 2420/Р от 05.10.2023від 05.10.2023_Глобино-2 Рахунок на оплату постачальника ІБ00-005225 від 26.12.2024 16:47:01 | E369: 205 | F369: 56557.06 | H369: 631 | K369: Д | L369: 11548013
...

Sheet Цех_Глобино
A1: ТОВ "ІНДАСТРІАЛБУД"
A2: Картка рахунку 205 за ... - 2024 р.
A4: Виведені дані: | B4: БО (дані бухгалтерського обліку)
A6: Відбір: | B6: Склади Дорівнює "Цех_Глобино" и Склади.Найменування містить "гло"
A8: Період | B8: Документ | C8: Аналітика Дт | D8: Аналітика Кт | E8: Дебет | H8: Кредит | K8: Поточне сальдо
E9: Рахунок | H9: Рахунок
A10: 01.10.2024 | B10: Надходження товарів і послуг ІБ00-005198 від 01.10.2024 18:37:00 Оприходованы ТМЦ (Зачет аванса поставщику) | C10: Обл. НДС Труби ДСТУ 8936 ду 40 3,0 мм , 6м (7306) Надходження товарів і послуг ІБ00-005198 від 01.10.2024 18:37:00 Цех_Глобино | D10: АВ МЕТАЛ ГРУП ТОВ №6234/Р от 05.09.2024_Глобине-2 Рахунок на оплату постачальника ІБ00-003598 від 19.09.2024 18:10:31 | E10: 205 | F10: 5433.5 | H10: 631 | K10: Д | L10: 5433.5
A11: 23.10.2024 | B11: Надходження товарів і послуг ІБ00-005186 від 23.10.2024 18:16:23 Оприходованы ТМЦ | C11: Обл. НДС Лист 4 (г.к) (1,5х6) ((1,5*6,0) 14637 3сп5) Надходження товарів і послуг ІБ00-005186 від 23.10.2024 18:16:23 Цех_Глобино | D11: МЕТАЛ ХОЛДІНГ ТРЕЙД ТОВ Дог поставки № 1506/21 від 15.06.2021 р.Глобино-2 Надходження товарів і послуг ІБ00-005186 від 23.10.2024 18:16:23 | E11: 205 | F11: 2185.4 | H11: 631 | K11: Д | L11: 7618.9
A12: 23.10.2024 | B12: Надходження товарів і послуг ІБ00-005186 від 23.10.2024 18:16:23 Оприходованы ТМЦ | C12: Обл. НДС Лист 8 (г.к) (1,5х6) ((1,5*6,0) 14637 3сп5) Надходження товарів і послуг ІБ00-005186 від 23.10.2024 18:16:23 Цех_Глобино | D12: МЕТАЛ ХОЛДІНГ ТРЕЙД ТОВ Дог поставки № 1506/21 від 15.06.2021 р.Глобино-2 Надходження товарів і послуг ІБ00-005186 від 23.10.2024 18:16:23 | E12: 205 | F12: 1790.93 | H12: 631 | K12: Д | L12: 9409.83
A13: 23.10.2024 | B13: Надходження товарів і послуг ІБ00-005186 від 23.10.2024 18:16:23 Оприходованы ТМЦ | C13: Обл. НДС Лист 14 (г.к.) (1,5х6) imp ((1,5*6,0) S235JR) Надходження товарів і послуг ІБ00-005186 від 23.10.2024 18:16:23 Цех_Глобино | D13: МЕТАЛ ХОЛДІНГ ТРЕЙД ТОВ Дог поставки № 1506/21 від 15.06.2021 р.Глобино-2 Надходження товарів і послуг ІБ00-005186 від 23.10.2024 18:16:23 | E13: 205 | F13: 2620.09 | H13: 631 | K13: Д | L13: 12029.92
A14: 23.10.2024 | B14: Надходження товарів і послуг ІБ00-005186 від 23.10.2024 18:16:23 Оприходованы ТМЦ | C14: Обл. НДС Лист 30 С255 Надходження товарів і послуг ІБ00-005186 від 23.10.2024 18:16:23 Цех_Глобино | D14: МЕТАЛ ХОЛДІНГ ТРЕЙД ТОВ Дог поставки № 1506/21 від 15.06.2021 р.Глобино-2 Надходження товарів і послуг ІБ00-005186 від 23.10.2024 18:16:23 | E14: 205 | F14: 1667.59 | H14: 631 | K14: Д | L14: 13697.51
A15: 23.10.2024 | B15: Надходження товарів і послуг ІБ00-005186 від 23.10.2024 18:16:23 Оприходованы ТМЦ | C15: Обл. НДС Лист г/к 40*1500*6000, S355JR Надходження товарів і послуг ІБ00-005186 від 23.10.2024 18:16:23 Цех_Глобино | D15: МЕТАЛ ХОЛДІНГ ТРЕЙД ТОВ Дог поставки № 1506/21 від 15.06.2021 р.Глобино-2 Надходження товарів і послуг ІБ00-005186 від 23.10.2024 18:16:23 | E15: 205 | F15: 26526 | H15: 631 | K15: Д | L15: 40223.51
A16: 23.10.2024 | B16: Надходження товарів і послуг ІБ00-005186 від 23.10.2024 18:16:23 Оприходованы ТМЦ | C16: Обл. НДС Лист г/к 10 мм, 1500*6000, S355 J2 Надходження товарів і послуг ІБ00-005186 від 23.10.2024 18:16:23 Цех_Глобино | D16: МЕТАЛ ХОЛДІНГ ТРЕЙД ТОВ Дог поставки № 1506/21 від 15.06.2021 р.Глобино-2 Надходження товарів і послуг ІБ00-005186 від 23.10.2024 18:16:23 | E16: 205 | F16: 4265.28 | H16: 631 | K16: Д | L16: 44488.79
A17: 23.10.2024 | B17: Надходження товарів і послуг ІБ00-005186 від 23.10.2024 18:16:23 Оприходованы ТМЦ | C17: Обл. НДС Лист г/к 20*1500*6000, S355J2 Надходження товарів і послуг ІБ00-005186 від 23.10.2024 18:16:23 Цех_Глобино | D17: МЕТАЛ ХОЛДІНГ ТРЕЙД ТОВ Дог поставки № 1506/21 від 15.06.2021 р.Глобино-2 Надходження товарів і послуг ІБ00-005186 від 23.10.2024 18:16:23 | E17: 205 | F17: 7943.92 | H17: 631 | K17: Д | L17: 52432.71
A18: 23.10.2024 | B18: Надходження товарів і послуг ІБ00-005186 від 23.10.2024 18:16:23 Оприходованы ТМЦ | C18: Обл. НДС Лист г/к 30, S355J2 Надходження товарів і послуг ІБ00-005186 від 23.10.2024 18:16:23 Цех_Глобино | D18: МЕТАЛ ХОЛДІНГ ТРЕЙД ТОВ Дог поставки № 1506/21 від 15.06.2021 р.Глобино-2 Надходження товарів і послуг ІБ00-005186 від 23.10.2024 18:16:23 | E18: 205 | F18: 68593.05 | H18: 631 | K18: Д | L18: 121025.76
A19: 23.10.2024 | B19: Надходження товарів і послуг ІБ00-005186 від 23.10.2024 18:16:23 Оприходованы ТМЦ | C19: Обл. НДС Лист г/к 10 мм, ст.3ПС/СП 2,0х6,0 м Надходження товарів і послуг ІБ00-005186 від 23.10.2024 18:16:23 Цех_Глобино | D19: МЕТАЛ ХОЛДІНГ ТРЕЙД ТОВ Дог поставки № 1506/21 від 15.06.2021 р.Глобино-2 Надходження товарів і послуг ІБ00-005186 від 23.10.2024 18:16:23 | E19: 205 | F19: 4294.9 | H19: 631 | K19: Д | L19: 125320.66
A20: 23.10.2024 | B20: Надходження товарів і послуг ІБ00-005186 від 23.10.2024 18:16:23 Оприходованы ТМЦ | C20: Обл. НДС Лист г/к 20*2000*6000 мм Надходження товарів і послуг ІБ00-005186 від 23.10.2024 18:16:23 Цех_Глобино | D20: МЕТАЛ ХОЛДІНГ ТРЕЙД ТОВ Дог поставки № 1506/21 від 15.06.2021 р.Глобино-2 Надходження товарів і послуг ІБ00-005186 від 23.10.2024 18:16:23 | E20: 205 | F20: 91224.93 | H20: 631 | K20: Д | L20: 216545.59
A21: 23.10.2024 | B21: Надходження товарів і послуг ІБ00-005186 від 23.10.2024 18:16:23 Оприходованы ТМЦ | C21: Обл. НДС Лист г/к 10 мм, 1500*6000, S235 JR Надходження товарів і послуг ІБ00-005186 від 23.10.2024 18:16:23 Цех_Глобино | D21: МЕТАЛ ХОЛДІНГ ТРЕЙД ТОВ Дог поставки № 1506/21 від 15.06.2021 р.Глобино-2 Надходження товарів і послуг ІБ00-005186 від 23.10.2024 18:16:23 | E21: 205 | F21: 177505.86 | H21: 631 | K21: Д | L21: 394051.45
... A56: 02.12.2024 | B56: Надходження товарів і послуг ІБ00-006117 від 02.12.2024 18:39:25 Оприходованы ТМЦ | C56: Обл. НДС Грунт-емаль ПФ-012 Р сірий (кг) Надходження товарів і послуг ІБ00-006117 від 02.12.2024 18:39:25 Цех_Глобино | D56: ТСПЛ ТОВ Договір поставки № 26/04-21 від 26.04.2021 р._Глоб Надходження товарів і послуг ІБ00-006117 від 02.12.2024 18:39:25 | E56: 205 | F56: 11250 | H56: 631 | K56: Д | L56: 4384955.6
A57: 02.12.2024 | B57: Вимога-накладна ІБ00-000667 від 02.12.2024 23:00:00 Списаны ТМЦ | C57: Обл. НДС Виробничий (Глобине-2) Цех Глобино Прямі матеріальні виробничі витрати крім зворотних відходів | D57: Обл. НДС Лист г/к 40*1500*6000, S355JR Надходження товарів і послуг ІБ00-005186 від 23.10.2024 18:16:23 Цех_Глобино | E57: 231 | H57: 205 | I57: 13439.84 | K57: Д | L57: 4371515.8
A58: 02.12.2024 | B58: Вимога-накладна ІБ00-000667 від 02.12.2024 23:00:00 Списаны ТМЦ | C58: Обл. НДС Виробничий (Глобине-2) Цех Глобино Прямі матеріальні виробничі витрати крім зворотних відходів | D58: Обл. НДС Лист г/к 10 мм, 1500*6000, S235 JR Надходження товарів і послуг ІБ00-005186 від 23.10.2024 18:16:23 Цех_Глобино | E58: 231 | H58: 205 | I58: 173199.79 | K58: Д | L58: 4198316
A59: 02.12.2024 | B59: Вимога-накладна ІБ00-000667 від 02.12.2024 23:00:00 Списаны ТМЦ | C59: Обл. НДС Виробничий (Глобине-2) Цех Глобино Прямі матеріальні виробничі витрати крім зворотних відходів | D59: Обл. НДС Лист 16 (г.к) (1,5х6) imp ((1,5*6,0) S235JR) Надходження товарів і послуг ІБ00-005244 від 25.10.2024 18:28:01 Цех_Глобино | E59: 231 | H59: 205 | I59: 359188.72 | K59: Д | L59: 3839127.3
A60: 02.12.2024 | B60: Вимога-накладна ІБ00-000667 від 02.12.2024 23:00:00 Списаны ТМЦ | C60: Обл. НДС Виробничий (Глобине-2) Цех Глобино Прямі матеріальні виробничі витрати крім зворотних відходів | D60: Обл. НДС Лист г/к 30, S355J2 Надходження товарів і послуг ІБ00-005186 від 23.10.2024 18:16:23 Цех_Глобино | E60: 231 | H60: 205 | I60: 8100.09 | K60: Д | L60: 3831027.2
A61: 02.12.2024 | B61: Вимога-накладна ІБ00-000667 від 02.12.2024 23:00:00 Списаны ТМЦ | C61: Обл. НДС Виробничий (Глобине-2) Цех Глобино Прямі матеріальні виробничі витрати крім зворотних відходів | D61: Обл. НДС Лист 14 (г.к.) (1,5х6) imp ((1,5*6,0) S235JR) Надходження товарів і послуг ІБ00-005186 від 23.10.2024 18:16:23 Цех_Глобино | E61: 231 | H61: 205 | I61: 2620.09 | K61: Д | L61: 3828407.1
A62: 02.12.2024 | B62: Вимога-накладна ІБ00-000667 від 02.12.2024 23:00:00 Списаны ТМЦ | C62: Обл. НДС Виробничий (Глобине-2) Цех Глобино Прямі матеріальні виробничі витрати крім зворотних відходів | D62: Обл. НДС Лист 14 (г.к.) (1,5х6) imp ((1,5*6,0) S235JR) Надходження товарів і послуг ІБ00-005383 від 01.11.2024 19:55:33 Цех_Глобино | E62: 231 | H62: 205 | I62: 5279.52 | K62: Д | L62: 3823127.6
A63: 02.12.2024 | B63: Вимога-накладна ІБ00-000667 від 02.12.2024 23:00:00 Списаны ТМЦ | C63: Обл. НДС Виробничий (Глобине-2) Цех Глобино Прямі матеріальні виробничі витрати крім зворотних відходів | D63: Обл. НДС Лист г/к 20*2000*6000 мм Надходження товарів і послуг ІБ00-005186 від 23.10.2024 18:16:23 Цех_Глобино | E63: 231 | H63: 205 | I63: 40508.97 | K63: Д | L63: 3782618.6
A64: 02.12.2024 | B64: Вимога-накладна ІБ00-000667 від 02.12.2024 23:00:00 Списаны ТМЦ | C64: Обл. НДС Виробничий (Глобине-2) Цех Глобино Прямі матеріальні виробничі витрати крім зворотних відходів | D64: Обл. НДС Кутник 75х75х6 (12,05 8509 3пс) Надходження товарів і послуг ІБ00-005357 від 31.10.2024 10:00:00 Цех_Глобино | E64: 231 | H64: 205 | I64: 20876.34 | K64: Д | L64: 3761742.3
A65: 02.12.2024 | B65: Вимога-накладна ІБ00-000667 від 02.12.2024 23:00:00 Списаны ТМЦ | C65: Обл. НДС Виробничий (Глобине-2) Цех Глобино Прямі матеріальні виробничі витрати крім зворотних відходів | D65: Обл. НДС Грунт ГФ-021 червоно-коричневий Надходження товарів і послуг ІБ00-006117 від 02.12.2024 18:39:25 Цех_Глобино | E65: 231 | H65: 205 | I65: 19810 | K65: Д | L65: 3741932.3
A66: 02.12.2024 | B66: Вимога-накладна ІБ00-000667 від 02.12.2024 23:00:00 Списаны ТМЦ | C66: Обл. НДС Виробничий (Глобине-2) Цех Глобино Прямі матеріальні виробничі витрати крім зворотних відходів | D66: Обл. НДС Грунт-емаль ПФ-012 Р сірий (кг) Надходження товарів і послуг ІБ00-006117 від 02.12.2024 18:39:25 Цех_Глобино | E66: 231 | H66: 205 | I66: 11250 | K66: Д | L66: 3730682.3
A67: 03.12.2024 | B67: Надходження товарів і послуг ІБ00-005963 від 03.12.2024 16:07:22 Оприходованы ТМЦ | C67: Обл. НДС Кутник 50х50х5 Надходження товарів і послуг ІБ00-005963 від 03.12.2024 16:07:22 Цех_Глобино | D67: МЕТАЛ ХОЛДІНГ ТРЕЙД ТОВ Дог поставки № 1506/21 від 15.06.2021 р.Глобино-2 Надходження товарів і послуг ІБ00-005963 від 03.12.2024 16:07:22 | E67: 205 | F67: 9948.7 | H67: 631 | K67: Д | L67: 3740631
A68: 03.12.2024 | B68: Надходження товарів і послуг ІБ00-005963 від 03.12.2024 16:07:22 Оприходованы ТМЦ | C68: Обл. НДС Швелер 18П (180 12,05 8240 3пс5) Надходження товарів і послуг ІБ00-005963 від 03.12.2024 16:07:22 Цех_Глобино | D68: МЕТАЛ ХОЛДІНГ ТРЕЙД ТОВ Дог поставки № 1506/21 від 15.06.2021 р.Глобино-2 Надходження товарів і послуг ІБ00-005963 від 03.12.2024 16:07:22 | E68: 205 | F68: 9545.53 | H68: 631 | K68: Д | L68: 3750176.5
A69: 03.12.2024 | B69: Надходження товарів і послуг ІБ00-005963 від 03.12.2024 16:07:22 Оприходованы ТМЦ | C69: Обл. НДС Круг 18 (6,05 3760 3пс/А240с) Надходження товарів і послуг ІБ00-005963 від 03.12.2024 16:07:22 Цех_Глобино | D69: МЕТАЛ ХОЛДІНГ ТРЕЙД ТОВ Дог поставки № 1506/21 від 15.06.2021 р.Глобино-2 Надходження товарів і послуг ІБ00-005963 від 03.12.2024 16:07:22 | E69: 205 | F69: 2266.79 | H69: 631 | K69: Д | L69: 3752443.3
A70: 03.12.2024 | B70: Надходження товарів і послуг ІБ00-005963 від 03.12.2024 16:07:22 Оприходованы ТМЦ | C70: Обл. НДС Труба 80х80х4 (12,05- 8940:2019 08кп/1-3пс) Надходження товарів і послуг ІБ00-005963 від 03.12.2024 16:07:22 Цех_Глобино | D70: МЕТАЛ ХОЛДІНГ ТРЕЙД ТОВ Дог поставки № 1506/21 від 15.06.2021 р.Глобино-2 Надходження товарів і послуг ІБ00-005963 від 03.12.2024 16:07:22 | E70: 205 | F70: 10937.47 | H70: 631 | K70: Д | L70: 3763380.8
A71: 03.12.2024 | B71: Надходження товарів і послуг ІБ00-005963 від 03.12.2024 16:07:22 Оприходованы ТМЦ | C71: Обл. НДС Кутник 75х75х6 (12,05 8509 3пс) Надходження товарів і послуг ІБ00-005963 від 03.12.2024 16:07:22 Цех_Глобино | D71: МЕТАЛ ХОЛДІНГ ТРЕЙД ТОВ Дог поставки № 1506/21 від 15.06.2021 р.Глобино-2 Надходження товарів і послуг ІБ00-005963 від 03.12.2024 16:07:22 | E71: 205 | F71: 3828.54 | H71: 631 | K71: Д | L71: 3767209.3
A72: 03.12.2024 | B72: Надходження товарів і послуг ІБ00-005963 від 03.12.2024 16:07:22 Оприходованы ТМЦ | C72: Обл. НДС Лист г/к 20*2000*6000 мм Надходження товарів і послуг ІБ00-005963 від 03.12.2024 16:07:22 Цех_Глобино | D72: МЕТАЛ ХОЛДІНГ ТРЕЙД ТОВ Дог поставки № 1506/21 від 15.06.2021 р.Глобино-2 Надходження товарів і послуг ІБ00-005963 від 03.12.2024 16:07:22 | E72: 205 | F72: 12445.34 | H72: 631 | K72: Д | L72: 3779654.6
A73: 03.12.2024 | B73: Надходження товарів і послуг ІБ00-005963 від 03.12.2024 16:07:22 Оприходованы ТМЦ | C73: Обл. НДС Лист г/к 30, S355J2 Надходження товарів і послуг ІБ00-005963 від 03.12.2024 16:07:22 Цех_Глобино | D73: МЕТАЛ ХОЛДІНГ ТРЕЙД ТОВ Дог поставки № 1506/21 від 15.06.2021 р.Глобино-2 Надходження товарів і послуг ІБ00-005963 від 03.12.2024 16:07:22 | E73: 205 | F73: 7468.8 | H73: 631 | K73: Д | L73: 3787123.5
A74: 03.12.2024 | B74: Надходження товарів і послуг ІБ00-005963 від 03.12.2024 16:07:22 Оприходованы ТМЦ | C74: Обл. НДС Лист г/к 10*2000*6000, 1-3пс/сп 5 кат. Надходження товарів і послуг ІБ00-005963 від 03.12.2024 16:07:22 Цех_Глобино | D74: МЕТАЛ ХОЛДІНГ ТРЕЙД ТОВ Дог поставки № 1506/21 від 15.06.2021 р.Глобино-2 Надходження товарів і послуг ІБ00-005963 від 03.12.2024 16:07:22 | E74: 205 | F74: 16752.26 | H74: 631 | K74: Д | L74: 3803875.7
A75: 06.12.2024 | B75: Вимога-накладна ІБ00-000669 від 06.12.2024 20:41:52 Списаны ТМЦ | C75: Обл. НДС Виробничий (Глобине-2) Цех Глобино Прямі матеріальні виробничі витрати крім зворотних відходів | D75: Обл. НДС Швелер 16У (160 12,05- 8240 3пс) Надходження товарів і послуг ІБ00-005449 від 05.11.2024 17:28:01 Цех_Глобино | E75: 231 | H75: 205 | I75: 113256.74 | K75: Д | L75: 3690619
A76: 06.12.2024 | B76: Вимога-накладна ІБ00-000669 від 06.12.2024 20:41:52 Списаны ТМЦ | C76: Обл. НДС Виробничий (Глобине-2) Цех Глобино Прямі матеріальні виробничі витрати крім зворотних відходів | D76: Обл. НДС Балка 20 Надходження товарів і послуг ІБ00-005357 від 31.10.2024 10:00:00 Цех_Глобино | E76: 231 | H76: 205 | I76: 55562.57 | K76: Д | L76: 3635056.4
