Workbook

Sheet ноябрь
A5: Замовник: ТОВ "СІА"
A6: Генпідрядник: ТОВ "ДИПРОІНБУД"
A7: Найменування будови та її адреса - Будівництво житлово-громадської забудови з об’єктами соціальної та інженерно-транспортної інфраструктури по вул. Євгена Сверстюка, 4 (колишня вул. Марини Раскової) у Дніпровському районі м. Києва.
A8: Найменування об'єкта - Житловий будинок № 3, секції 5 та 6.
A9: Договір: №14/08/2017-ГПР-III/ГЛ від 14.08.2017 р.
A11: РЕЄСТР АКТІВ ВИКОНАНИХ РОБІТ ПО ОБ'ЄКТУ | J11: 1.03 | V11: 100
A13: № п/п | B13: Вид робіт (витрат) | C13: Найменування робіт | D13: ДЦ | E13: Сума ДЦ | F13: Управлінський облік | H13: Всего управлінський облік | J13: Діпроинбуд | M13: Підрядник | Q13: Перевірка | V13: г/п
F14: листопад 2017()
A15: 1 | B15: 2 | C15: 3 | D15: 4 | F15: 4 | G15: 5 | I15: 7
J16: всього | K16: робота | L16: мат-ли | M16: всього | N16: робота | O16: мат-ли | P16: найменув. | Q16: робота | R16: мат-ли | S16: зараб. 3% | T16: перевірка
A17: 1 | B17: Розробка котловану | C17: грунт | D17: 12102-1 | E17: 657140 | F17: 12102-1/1 | G17: =301810.6 -> 301810.6 | H17: =F17 -> 12102-1/1 | I17: 301810.6 | J17: =(K17+L17)*$J$11 -> 251508.83 | K17: =244183.33 -> 244183.33 | L17: 0 | M17: =N17+O17 -> 336378.6 | N17: =280315.5*1.2 -> 336378.6 | P17: Индустрія | Q17: =K17-N17 -> -92195.27 | R17: =L17-O17 -> 0 | S17: =J17-M17*1.03 -> -94961.128 | T17: =M17*1.03 -> 346469.96 | U17: =J17-M17 -> -84869.77 | V17: =Q17/$V$11*W17 -> -2765.8581 | W17: 3
A18: 2 | B18: Палі основні | C18: палі | D18: 12103-1 | E18: =7254070.69 -> 7254070.7 | F18: 12103-1/1 | G18: =3195761.59 -> 3195761.6 | H18: =F18 -> 12103-1/1 | I18: =G18 -> 3195761.6 | J18: =L18*$J$11+K18 -> 3195761.6 | K18: =743034.22*1.2 -> 891641.06 | L18: =1864175.18*1.2 -> 2237010.2 | M18: =N18+O18 -> 3128651.3 | N18: =743034.22*1.2 -> 891641.06 | O18: =1864175.18*1.2 -> 2237010.2 | P18: Фундамент | Q18: =K19-N18 -> -876120.53 | R18: =L19-O18 -> -2187140.3 | S18: =J18-M18*1.03 -> -26749.232 | T18: =M18*1.03 -> 3222510.8 | U18: =J18-M18 -> 67110.306 | V18: =Q18/$V$11*W18 -> -13141.808 | W18: 1.5
A19: 3 | B19: Палі під баштовий кран | C19: палі кран | D19: 12104-1 | F19: 12104-1/1 | G19: =66886.52 -> 66886.52 | H19: =F19 -> 12104-1/1 | I19: =G19 -> 66886.52 | J19: =L19*$J$11+K19 -> 66886.521 | K19: =12933.78*1.2 -> 15520.536 | L19: =41558.24*1.2 -> 49869.888 | M19: =N19+O19 -> 0 | Q19: =#REF!-N19 -> #REF! | R19: =#REF!-O19 -> #REF! | S19: =J19-M19*1.03 -> 66886.521 | T19: =M19*1.03 -> 0 | U19: =J19-M19 -> 66886.521 | V19: =Q19/$V$11*W19 -> #REF!
A20: 4 | B20: Зняття електроенергії | C20: г/п доп | F20: г/п доп | G20: =-27521.64*1.2 -> -33025.968
B21: ВСЬОГО: | G21: =SUM(G17:G20) -> 3531432.7
B23: Виконав: __________________Кириченко Р.Л. 097-434-82-92
B27: Погоджено __________________________

Sheet Реєстр ДЦ
A1: ДОВІДКА по об'єктам ТОВ "ІНДАСТРІАЛБУД"
A3: № з/п | B3: Об'єкт | C3: Замовник | D3: Найменування робіт (витрат) | E3: №, дата Договору | F3: ДЦ до Договру, грн. з ПДВ | I3: Статус | J3: Собівартість, грн. з ПДВ | M3: Примітки
F4: Разом | G4: Матеріали | H4: Робота | J4: Разом | K4: Матеріали | L4: Робота
A5: 1 | B5: 2 | C5: 3 | D5: 4 | E5: 5 | F5: 6 | G5: 7 | H5: 8 | I5: 9 | J5: 10 | K5: 11 | L5: 12 | M5: 10
A6: 4 | B6: «Нове будівництво олієпресового цеху по переробці насіння соняшника потужністю 1200т/добу з допоміжними будівлями та спорудами внутрішньогосподарського комплексу по виробництву кормів" м.Ладижин, Вінницької області» | C6: ПрАТ "МХП" | D6: Будівництво каркасу оліє-пресового цеху №2 з трансформаторною підстанцією, м.Ладижин, Вінницька область | E6: №389-10 від 19.02.2021 | F6: =9670800 -> 9670800 | G6: =980219.27 -> 980219.27 | H6: =F6-G6 -> 8690580.7 | I6: Погоджено замовником
D7: Додаткові роботи по монтажу/демонтажу з/б балок каркасу, згідно дефектного акту №1 | E7: Д/У№1 до дог. №389-10 від 19.02.2021 | F7: 131336.26 | G7: 41465.11 | H7: =F7-G7 -> 89871.15 | I7: Погоджено замовником | J7: =102739.6 -> 102739.6 | K7: =16812.5 -> 16812.5 | L7: =J7-K7 -> 85927.1 | M7: 0.2783
D8: Влаштування фундаментів допоміжних споруд оліє-пресового цеху по переробці насіння соняшника 1200т/добу | E8: №396-10 від 31.03.2021 | F8: =4080000 -> 4080000 | G8: =2262472.26 -> 2262472.3 | H8: =F8-G8 -> 1817527.7 | I8: Погоджено замовником
D9: Мурування ТП | F9: =1100452.22 -> 1100452.2 | G9: =F9-H9 -> 410866.37 | H9: =689585.85 -> 689585.85 | I9: Внутр. погодження
F10: =SUM(F6:F9) -> 14982588 | G10: =SUM(G6:G9) -> 3695023 | H10: =SUM(H6:H9) -> 11287565
F11: =F10+#REF!+#REF!+#REF! -> #REF! | G11: =G10+#REF!+#REF!+#REF! -> #REF! | H11: =H10+#REF!+#REF!+#REF! -> #REF!

Sheet Реєстр АВР
B1: ДОВІДКА по об'єктам ТОВ "ІНДАСТРІАЛБУД" | D1: 44336
A2: № з/п | B2: Найменування об'єкту | C2: Замовник | D2: № Договору | E2: Загальна вартість Договору з урах.ДУ | H2: Сума АВР | N2: Залишок по Договору
E3: Разом | F3: Матеріали | G3: Робота | H3: № | I3: Разом | J3: Матеріали | K3: Робота | L3: Дата | M3: Статус | N3: Разом | O3: Матеріали | P3: Робота
A4: 4 | B4: «Нове будівництво олієпресового цеху по переробці насіння соняшника потужністю 1200т/добу з допоміжними будівлями та спорудами внутрішньогосподарського комплексу по виробництву кормів" м.Ладижин, Вінницької області» | C4: ПрАТ "МХП" | D4: №389-10 від 19.02.2021 | E4: ='Реєстр ДЦ'!F6 -> 9670800 | F4: ='Реєстр ДЦ'!G6 -> 980219.27 | G4: ='Реєстр ДЦ'!H6 -> 8690580.7 | H4: 1 | I4: =288379.22 -> 288379.22 | J4: =7494.3*1.2 -> 8993.16 | K4: =I4-J4 -> 279386.06 | L4: 44314 | M4: Підписаний | N4: =E4-I8 -> 7863750.8 | O4: =F4-J8 -> 950795.63 | P4: =G4-K8 -> 6912955.1
H5: 2 | I5: =193609.49 -> 193609.49 | J5: 0 | K5: =I5 -> 193609.49 | L5: 44314 | M5: Підписаний
H6: 3 | I6: 266283.61 | J6: =7768.48*1.2 -> 9322.176 | K6: =I6-J6 -> 256961.43 | L6: травень 2021 | M6: Підписаний
H7: 4 | I7: 1058776.9 | J7: =9256.92*1.2 -> 11108.304 | K7: =I7-J7 -> 1047668.6 | L7: травень 2022 | M7: Підписаний
I8: =SUM(I4:I7) -> 1807049.2 | J8: =SUM(J4:J7) -> 29423.64 | K8: =SUM(K4:K7) -> 1777625.6
D9: Д/У№1 до дог.№389-10 від 19.02.2021 | E9: ='Реєстр ДЦ'!F7 -> 131336.26 | F9: ='Реєстр ДЦ'!G7 -> 41465.11 | G9: ='Реєстр ДЦ'!H7 -> 89871.15 | I9: 5042.8 | J9: 0 | K9: =I9-J9 -> 5042.8 | M9: На розгляді у замовника | N9: =E9-I11 -> 126293.46 | O9: =F9-J11 -> 41465.11 | P9: =G9-K11 -> 84828.35
I11: =SUM(I9:I10) -> 5042.8 | J11: =SUM(J9:J10) -> 0 | K11: =SUM(K9:K10) -> 5042.8
D12: №396-10 від 31.03.2021 | E12: ='Реєстр ДЦ'!F8 -> 4080000 | F12: =1885393.55*1.2 -> 2262472.3 | G12: =E12-F12 -> 1817527.7 | N12: =E12-I14 -> 4080000 | O12: =F12-J14 -> 2262472.3 | P12: =G12-K14 -> 1817527.7
I14: =SUM(I12:I13) -> 0 | J14: =SUM(J12:J13) -> 0 | K14: =SUM(K12:K13) -> 0
D15: Нет номера договора | E15: ='Реєстр ДЦ'!F9 -> 1100452.2 | F15: =410866.37 -> 410866.37 | G15: =E15-F15 -> 689585.85 | N15: =E15-I16 -> 1100452.2 | O15: =F15-J16 -> 410866.37 | P15: =G15-K16 -> 689585.85
I16: =SUM(I15) -> 0 | J16: =SUM(J15) -> 0 | K16: =SUM(K15) -> 0
I17: =I8+I11+I14+I16 -> 1812092.1 | J17: =J8+J11+J14+J16 -> 29423.64 | K17: =K8+K11+K14+K16 -> 1782668.4
E18: =SUM(E4:E16) -> 14982588 | F18: =SUM(F4:F16) -> 3695023 | G18: =SUM(G4:G16) -> 11287565 | I18: =#REF!+#REF!+#REF!+I17 -> #REF! | J18: =#REF!+#REF!+#REF!+J17 -> #REF! | K18: =#REF!+#REF!+#REF!+K17 -> #REF! | N18: =SUM(N4:N16) -> 13170496 | O18: =SUM(O4:O16) -> 3665599.4 | P18: =SUM(P4:P16) -> 9504897.1

Sheet Реєстр ДЦ 
A1: Реєстр ДЦ по об'єкту "Реконструкція олійноекстракційного заводу на території ПрАТ «Ніжинський жиркомбінат» за адресою: Чернігівська область м. Ніжин вул. Прилуцька, 2"
A3: № ДЦ | B3: Найменування договірної ціни | C3: Роботи з ПДВ, грн | D3: Матеріали з ПДВ, грн | E3: Всього по ДЦ з ПДВ, грн | F3: Собівартість, грн | G3: Статус | I3: Коментарі
H4: Дата
A6: №1 | B6: Деф.акт-Ескіз фундаментної основи під ємність д.12500 та д.8500 мм | C6: 69779.8 | D6: 0 | E6: 69779.8 | F6: 53555.704 | G6: Оригінал в офісі | H6: 07 03 2024 | J6: ДЦ у відділі ВТВ | K6: заповнюємо колонку коли отримали інформацію і планова дата ССДЦ, або ДЦ ДУ планується і вказуємо що маємо отримати інформацію
A7: №2 | B7: Деф. акт- Демонтажні робіти по пожводопровіду | C7: 2044 | D7: 0 | E7: 2044 | F7: 1470.9162 | G7: Оригінал в офісі | H7: 10 04 2024 | J7: На внутрішньому погодженні | K7: заповнюємо колонку зауваження до ССДЦ якщо є і на кому затримка в погодженні
A8: №3.5.1.5 | B8: 310-2020-5.1.5-КБ-Р-Силос металевий для зберігання насіння | C8: 5179518.5 | D8: 2703844.7 | E8: 7883363.1 | F8: 4754646.8 | G8: Подано на Замовника | H8: 04 06 2024 | J8: Подано на Замовника | K8: заповнюємо колонку коли замовник обіцяє погодити, зауваження якщо є
A9: №3.5.1.6 | B9: 310-2020-5.1.6-КБ-Р-Силос металевий для зберігання насіння | C9: 5158551.5 | D9: 1893049.4 | E9: 7051600.8 | F9: 3860347.5 | G9: Подано на Замовника | H9: 04 06 2024 | J9: Погоджено Замовником | K9: заповнюємо колонку коментарі з датою коли буде оригінал
A10: №3.5.1.7 | B10: 310-2020-5.1.7-КБ-Р-Силос металевий для зберігання насіння | C10: 5110301.6 | D10: 2656005.8 | E10: 7766307.5 | F10: 4730790.1 | G10: Подано на Замовника | H10: 04 06 2024 | J10: Оригінал в офісі | K10: не заповнюємо колонку коментарі
A11: №4 | B11: 310-2024-13-КБ Градирня | C11: =E11-D11 -> 350360.22 | D11: 53568.85 | E11: 403929.07 | F11: 302771.48 | G11: Оригінал в офісі | H11: 13 03 2024
A12: №4.1 | B12: Нарощення опор Градирні | C12: =E12-D12 -> 37400 | D12: 9854.52 | E12: 47254.52 | F12: 29668.176 | G12: Оригінал в офісі | H12: 26 04 2024
A13: №5 | B13: 310-66.3- КБ-Р-Транспортна галерея | C13: =E13-D13 -> 37087.25 | D13: 863.35 | E13: 37950.6 | F13: 19776.593 | G13: Оригінал в офісі | H13: 13 03 2024
A14: №6.1 | B14: 310-11.1-КБ-Р-Склад олії; V=4000м3 | C14: =E14-D14 -> 973903.16 | D14: 21018.84 | E14: 994922 | F14: 401728.42 | G14: Оригінал в офісі | H14: 13 03 2024
A15: №6.2 | B15: 310-11.2-КБ-Р-Склад олії; V=2000м3 | C15: =E15-D15 -> 392335.15 | D15: 9152.92 | E15: 401488.07 | F15: 172537.44 | G15: Оригінал в офісі | H15: 13 03 2024
A16: №6.3 | B16: 310-11.3-КБ-Р-Склад олії; V=2000м3 | C16: =E16-D16 -> 392335.15 | D16: 9152.92 | E16: 401488.07 | F16: 172537.44 | G16: Оригінал в офісі | H16: 13 03 2024
A17: №7 | B17: Демонтаж маслобаку | C17: 70000 | D17: 0 | E17: 70000 | F17: 45779.08 | G17: Оригінал в офісі | H17: 13 03 2024
A18: №8 | B18: 310-66-2-КМ-Норія | C18: =E18-D18 -> 2107510 | D18: 76400 | E18: 2183910 | F18: 1772377.9 | G18: Оригінал в офісі | H18: 13 03 2024
A19: №9 | B19: 310-66.3-КМ-Транспортна галерея | C19: =E19-D19 -> 621686.26 | D19: 22419.84 | E19: 644106.1 | F19: 457768.99 | G19: Оригінал в офісі | H19: 18 03 2024
A20: №10 | B20: 310-10-КБ-Р-Ділянка експандування | C20: =E20-D20 -> 518718.59 | D20: 7985.1936 | E20: 526703.78 | F20: 170608.85 | G20: Оригінал в офісі | H20: 21 03 2024
A21: №11 | B21: Влаштування додаткової основи з щебня | C21: =E21-D21 -> 76937.85 | D21: 0 | E21: 76937.85 | F21: 17455.176 | G21: Оригінал в офісі | H21: 10 04 2024
A22: №12 | B22: Почасовка | C22: =E22-D22 -> 300000 | D22: 0 | E22: 300000 | F22: 164500 | G22: Оригінал в офісі | H22: 10 04 2024
A23: №13 | B23: 310-ЗВК-Р | C23: 658888.21 | D23: 0 | E23: 658888.21 | F23: 300153.67 | G23: Оригінал в офісі | H23: 26 07 2024
A24: №14 | B24: Дефектовка на демонтаж дорожнього покриття | C24: 92115.83 | D24: 0 | E24: 92115.83 | F24: 44816.32 | G24: Оригінал в офісі | H24: 05 04 2024
A25: №15.1 | B25: Дефектовка на тимчасові дороги (під наш кран РДК 250) | C25: 69692.79 | D25: 0 | E25: 69692.79 | F25: 44109.52 | G25: Оригінал в офісі | H25: 05 04 2024
A26: №15.2 | B26: Дефектовка на тимчасові дороги (кран замовника) | C26: 130832 | D26: 0 | E26: 130832 | F26: 48252.1 | G26: Оригінал в офісі | H26: 05 04 2024
A27: №15.3 | B27: Демонтаж тимчасові дороги 15.2 | C27: 61643.27 | D27: 0 | E27: 61643.27 | F27: 22365.618 | G27: Оригінал в офісі | H27: 07 06 2024
A28: №16 | B28: ГП310-3-ГП-П- Ніжин Model Благоустрій | C28: 5868795.2 | D28: 0 | E28: 5868795.2 | F28: 2423899.3 | G28: Оригінал в офісі | H28: 12 04 2024
A29: №17 | B29: 310-66-2-КБ-Р Норійна вежа | C29: 1109035 | E29: 1109035 | F29: 656317.54 | G29: Оригінал в офісі | H29: 26 04 2024
A30: №18 | B30: Дефектовка на демонтаж градирні | C30: 220420.19 | D30: 0 | E30: 220420.19 | F30: 172065.93 | G30: Оригінал в офісі | H30: 05 04 2024
A31: №19 | B31: Дефектовка на розроблення та перевезення піску, демонтаж фундаментів | C31: 19075.72 | D31: 0 | E31: 19075.72 | F31: 10869.522 | G31: Оригінал в офісі | H31: 26 04 2024
A32: №20 | B32: Дефектовка на влаштування основи під протипожежний резервуар | C32: 8730 | D32: 0 | E32: 8730 | F32: 4643.86 | G32: Оригінал в офісі | H32: 05 04 2024
A33: №21 | B33: 310-10-КМ-Р- Ділянка експандування | C33: 1821725 | D33: 0 | E33: 1821725 | F33: 1331254.9 | G33: Оригінал в офісі | H33: 12 04 2024
A34: №22 | B34: Монтаж Градирні | C34: 505000 | D34: 0 | E34: 505000 | F34: 298585.15 | G34: Оригінал в офісі | H34: 12 04 2024
A35: №23 | B35: 310-11.4-КБ-Р-Підпірна стінка (склад олії) | C35: 959112.21 | D35: 0 | E35: 959112.21 | F35: 664712.82 | G35: Оригінал в офісі | H35: 12 04 2024
A36: №24.1 | B36: Гідроізоляція Градирні | C36: 16887.37 | D36: 0 | E36: 16887.37 | F36: 9606.6484 | G36: Оригінал в офісі | H36: 01 05 2024
A37: №24.2.1 | B37: Гідроізоляція Силосу 5.1.5 | C37: 35345 | D37: 0 | E37: 35345 | F37: 18769.95 | G37: Оригінал в офісі | H37: 01 05 2024
A38: №24.2.2 | B38: Гідроізоляція Силосу 5.1.6 | C38: 35365.25 | D38: 0 | E38: 35365.25 | F38: 18744.278 | G38: Оригінал в офісі | H38: 01 05 2024
A39: №24.2.3 | B39: Гідроізоляція Силосу 5.1.7 | C39: 35433.65 | D39: 0 | E39: 35433.65 | F39: 18743.161 | G39: Оригінал в офісі | H39: 01 05 2024
A40: №24.3 | B40: Гідроізоляція Норії | C40: 30402.5 | D40: 0 | E40: 30402.5 | F40: 15491.275 | G40: Оригінал в офісі | H40: 01 05 2024
A41: №25 | B41: 310-13-ТХ-Ніжин Градирня | C41: 246953.74 | D41: 0 | E41: 246953.74 | F41: 102324.39 | G41: Оригінал в офісі | H41: 01 05 2024
... A44: №28 | B44: Монтаж транспортоного обладнання | C44: 1900000 | D44: 0 | E44: 1900000 | F44: 798121.95 | G44: Оригінал в офісі | H44: 20 05 2024
A45: №29 | B45: 310-10-ТХ-П-Ділянка експандування макухи | C45: 510000 | E45: 510000 | F45: 269907.19 | G45: Оригінал в офісі | H45: 2 08 2024
A46: №30 | B46: Влаштування фундаметнів та насоси в насосній станції олії | C46: 44103.59 | D46: 0 | E46: 44103.59 | F46: 25357.503 | G46: Орігінал в офісі | H46: 24 05 2024
A47: №31 | B47: Тимчасові опори під олієпровід | C47: 25935.46 | D47: 0 | E47: 25935.46 | F47: 10860.509 | G47: Оригінал в офісі | H47: 10 05 2024
A48: №32 | B48: Демонтаж фундаменту бака олії №10 | C48: 337206.36 | D48: 0 | E48: 337206.36 | F48: 186007.31 | G48: Оригінал в офісі | H48: 20 05 2024
A49: №33 | B49: Майданчик для монтажних робіт корпусу Градірні | C49: 5040 | D49: 0 | E49: 5040 | F49: 1252.905 | H49: 03 05 2024 | I49: не буде?,наші витрати, відпр в бум
A50: №34 | B50: 310-11.5-АБ-Р-Естакада | C50: 40920.067 | D50: 0 | E50: 40920.067 | F50: 25790.699 | G50: Оригінал в офісі | H50: 20 05 2024
A51: №35 | B51: Додаткові роботи по ТХ Градирні | C51: 108026.29 | D51: 0 | E51: 108026.29 | F51: 38936.969 | G51: Оригінал в офісі | H51: 15 07 2024
A52: №36 | B52: Вимощення Градирні | C52: 6116.26 | D52: 0 | E52: 6116.26 | F52: 4441.6161 | G52: Оригінал в офісі | H52: 21 06 2024
A53: №37 | B53: Перевезення щебеня на 1 км | C53: 15568.8 | D53: 0 | E53: 15568.8 | F53: 12830.784 | G53: Подано на Замовника | H53: 24 06 2024 | I53: Не буде, Віканов попросив відразу вкл до АВР, закрит
A54: №38 | B54: 310-2023-10-КМ- Виносна площадка | C54: 142452.13 | D54: 0 | E54: 142452.13 | F54: 76606.931 | G54: Оригінал в офісі | H54: 26 07 2024
A55: №39 | B55: Демонтаж бетона для влаштування фундамента ФМ-1 опори транспортної галереї | C55: 8258.1 | E55: 8258.1 | F55: 4982.903 | G55: Оригінал в офісі | H55: 03 08 2024
A56: №40 | B56: Надання послуг спецтехніки | C56: 646774 | E56: 646774 | F56: 280415.7 | G56: Оригінал в офісі | H56: 20 08 2024
A57: №41 | B57: Вимощення на залізничних коліях | C57: 222614 | E57: 222614 | F57: 187311.43 | G57: Оригінал в офісі | H57: 03 09 2024
A58: №42 | B58: Фундаменти під КТП, земляні роб. | C58: 24192.53 | E58: 24192.53 | F58: 12279.701 | G58: Оригінал в офісі | H58: 03 09 2024
A59: №43 | B59: Демонтаж бордюрів (благоустрій) | C59: 5670 | E59: 5670 | F59: 6269.86 | G59: Оригінал в офісі | H59: 20 09 2024
A60: №44 | B60: Виготовлення олієуловлювача | C60: 120000 | E60: 120000 | F60: 39610.9 | G60: Оригінал в офісі | H60: 03 09 2024
A61: №45 | B61: Покриття норійного приямку, дод. роботи | C61: 20736.719 | E61: 20736.719 | F61: 10369.015 | G61: Оригінал в офісі | H61: 03 09 2024
A62: №46 | B62: Щитова цеху експандування (операторська) | C62: 108679.85 | E62: 108679.85 | F62: 65571.601 | G62: Оригінал в офісі | H62: 26 08 2024
A63: №47 | B63: КБ Трансформаторної підстанції | C63: 315020.03 | D63: 63-24-АБ | E63: 315020.03 | F63: 184108.58 | G63: Оригінал в офісі | H63: 13 09 2024
A64: №48 | B64: Монтаж олієуловлювача | C64: 64000 | E64: 64000 | F64: 21552.737 | G64: Оригінал в офісі | H64: 13 09 2024
A65: №49 | B65: Ремонт дорожнього покриття | C65: 63217.29 | E65: 63217.29 | F65: 39522.927 | G65: Оригінал в офісі | H65: 20 09 2024
A66: №50 | B66: Додаткові роботи ділянка експандування | C66: 17140.37 | E66: 17140.37 | F66: 7224.1811 | G66: Оригінал в офісі | H66: 20 09 2024
A67: №51 | B67: Пандус автовигрузки | C67: 72225.63 | E67: 72225.63 | F67: 34152.669 | G67: Оригінал в офісі | H67: 20 09 2024
A68: №52 | B68: Демонтаж олієпроводу | C68: 23023.89 | E68: 23023.89 | F68: 7049.2217 | G68: Оригінал в офісі | H68: 20 09 2024
A69: №53 | B69: Фарбування ділянки експандування | C69: 227922.04 | D69: 41217.47 | E69: 269139.51 | F69: 159925.4 | H69: 17 09 2024 | I69: не буде
A70: №54 | B70: Олієпровід | C70: 107483.78 | E70: 107483.78 | F70: 42715.84 | G70: Оригінал в офісі | H70: 20 09 2024
A71: №55 | B71: Монтаж тельфера | C71: 27150 | E71: 27150 | F71: 17195.89 | G71: Оригінал в офісі | H71: 07 10 2024
A72: №56 | B72: Влаштування покрівлі гаражу | C72: 82388 | E72: 82388 | F72: 36327.155 | H72: 26 09 2024 | I72: Не буде, відмовились
A73: №57 | B73: Влаштування дороги перед лабораторією | C73: 799800 | E73: 799800 | F73: 421958 | G73: Оригінал в офісі | H73: 24 10 2024
A74: №58 | B74: Влаштування пожежних гідрантів | C74: 15510 | E74: 15510 | F74: 9915.3 | G74: Оригінал в офісі | H74: 08 11 2024
A75: №59 | B75: Влаштування подовження конвеєра №31 | C75: 137366.52 | E75: 137366.52 | F75: 62638.006 | G75: Оригінал в офісі | H75: 08 11 2024
A76: №60 | B76: Ділянка експандування дод. Роб | C76: 152188 | D76: 12527.06 | E76: 164715.06 | F76: 58731.452 | G76: Оригінал в офісі | H76: 04 12 2024
A77: №61 | B77: ЗВК дод.роб | C77: 73346.8 | E77: 73346.8 | F77: 42945.124 | H77: 25 11 2024 | I77: Не буде, відмовились
A78: №62 | B78: Перенос шнекового конвеєра та бункера жмиха | C78: 31989 | E78: 31989 | F78: 13868.47 | G78: Оригінал в офісі | H78: 04 12 2024
A79: №63 | B79: ЙОТ -0004-КБ-1 Когеренаційної установки | C79: 207656.28 | E79: 207656.28 | F79: 89976.308 | G79: Оригінал в офісі | H79: 09 12 2024
A80: №64 | B80: Влаштування примикання до існуючих фундаментів (благоустрій) | C80: 73800 | E80: 73800 | F80: 51190 | G80: Оригінал в офісі | H80: 25 12 2024
B81: ВСЬОГО: | C81: =SUM(C6:C80) -> 40955712 | D81: =SUM(D6:D80) -> 7517060.8 | E81: =SUM(E6:E80) -> 48472773 | F81: =SUM(F6:F80) -> 27183972

Sheet РеєстрАВР
A1: Реєстр актів виконаних робіт по об'єкту "Реконструкція олійноекстракційного заводу на території ПрАТ «Ніжинський жиркомбінат» за адресою: Чернігівська область м. Ніжин вул. Прилуцька, 2"
A3: № ДЦ | B3: Найменування договірної ціни | C3: Всього по ДЦ з ПДВ, грн | D3: АКТИ | K3: Списання мат. | L3: Коментарі
D5: № акта | E5: СОРТИРОВКА по актам | F5: Всього, грн з ПДВ | G5: Матеріали з ПДВ, грн | H5: Роботи з ПДВ, грн | I5: Статус | J5: Дата
A6: №1 | B6: Деф.акт-Ескіз фундаментної основи під ємність д.12500 та д.8500 мм | C6: 69779.8 | D6: №1 | E6: =IFERROR(VALUE(MID(D6,2,LEN(D6)-1)),"") -> 1 | F6: 74844.2 | G6: 0 | H6: 74844.2 | I6: Оригінал в офісі | J6: 10 04 2024 | K6: так | L6: - | M6: АВР у відділі ВТВ | N6: заповнюємо колонку коментарі з датами коли отримали об'єми і коли відправите акт, або коли АВР планується і маєте отримати дані
A7: №2 | B7: Деф. акт- Демонтажні робіти по пожводопровіду | C7: 2044 | D7: №18 | E7: =IFERROR(VALUE(MID(D7,2,LEN(D7)-1)),"") -> 18 | F7: 2044 | G7: 0 | H7: 2044 | I7: Орігінал в офісі | J7: 26 04 2024 | L7: -
A8: №3.5.1.5 | B8: 310-2020-5.1.5-КБ-Р-Силос металевий для зберігання насіння | C8: 7883363.1 | D8: №29 | E8: =IFERROR(VALUE(MID(D8,2,LEN(D8)-1)),"") -> 29 | F8: 359694.36 | G8: - | H8: 359694.36 | I8: Орігінал в офісі | J8: 21 06 2024 | K8: так | L8: - | M8: Подано на Замовника | N8: заповнюємо колонку коментарі з датою коли замовник обіцяє перевірити і в разі питань пишете які є, не важливо стосовно розцінок чи супутньої документації (основне)
A9: №3.5.1.5 | D9: №53 | E9: =IFERROR(VALUE(MID(D9,2,LEN(D9)-1)),"") -> 53 | F9: 1041800.1 | G9: 358436.37 | H9: 683363.7 | I9: Орігінал в офісі | J9: 26 07 2024 | K9: так | M9: Погоджено Замовником | N9: заповнюємо колонку коментарі з датою коли буде оригінал
A10: №3.5.1.5 | D10: №71 | E10: =IFERROR(VALUE(MID(D10,2,LEN(D10)-1)),"") -> 71 | F10: 3843652.4 | G10: 1651331.9 | H10: 2192320.5 | I10: Орігінал в офісі | J10: 13 09 2024 | K10: так
A11: №3.5.1.5 | D11: №79 | E11: =IFERROR(VALUE(MID(D11,2,LEN(D11)-1)),"") -> 79 | F11: 1819844.1 | G11: 728716.2 | H11: 1091127.9 | I11: Орігінал в офісі | J11: 13 09 2024 | K11: так
A12: №3.5.1.5 | D12: №96 | E12: =IFERROR(VALUE(MID(D12,2,LEN(D12)-1)),"") -> 96 | F12: 15979.2 | H12: 15979.2 | I12: Оригінал в офісі | J12: 08 11 2024 | K12: так | L12: щебень
A13: №3.5.1.5 | D13: №119 | E13: =IFERROR(VALUE(MID(D13,2,LEN(D13)-1)),"") -> 119 | F13: 16533.15 | G13: 3130.71 | H13: 13402.44 | I13: Оригінал в офісі | J13: 08 11 2024 | K13: так
A14: №3.5.1.5 | D14: №145 | E14: =IFERROR(VALUE(MID(D14,2,LEN(D14)-1)),"") -> 145 | F14: 4785 | H14: 4785 | I14: Оригінал в офісі | J14: 09 12 2024 | K14: так
A15: №3.5.1.6 | B15: 310-2020-5.1.6-КБ-Р-Силос металевий для зберігання насіння | C15: 7051600.8 | D15: №27 | E15: =IFERROR(VALUE(MID(D15,2,LEN(D15)-1)),"") -> 27 | F15: 330648.58 | G15: 0 | H15: 330648.58 | I15: Орігінал в офісі | J15: 24 05 2024 | K15: так | L15: -
A16: №3.5.1.6 | D16: №42 | E16: =IFERROR(VALUE(MID(D16,2,LEN(D16)-1)),"") -> 42 | F16: 908895.93 | G16: 307721.33 | H16: 601174.6 | I16: Орігінал в офісі | J16: 21 06 2024 | K16: так
A17: №3.5.1.6 | D17: №50 | E17: =IFERROR(VALUE(MID(D17,2,LEN(D17)-1)),"") -> 50 | F17: 15568.8 | H17: 15568.8 | I17: Орігінал в офісі | J17: 26 07 2024 | K17: так | L17: -
A18: №3.5.1.6 | D18: №54 | E18: =IFERROR(VALUE(MID(D18,2,LEN(D18)-1)),"") -> 54 | F18: 2738195.3 | G18: 1165791.8 | H18: 1572403.5 | I18: Орігінал в офісі | J18: 26 07 2024 | K18: так
A19: №3.5.1.6 | D19: №63 | E19: =IFERROR(VALUE(MID(D19,2,LEN(D19)-1)),"") -> 63 | F19: 3145348.2 | G19: 1234705.2 | H19: 1910643 | I19: Орігінал в офісі | J19: 26 08 2024 | K19: так
A20: №3.5.1.6 | D20: №97 | E20: =IFERROR(VALUE(MID(D20,2,LEN(D20)-1)),"") -> 97 | F20: 51616.44 | H20: 51616.44 | I20: Орігінал в офісі | J20: 07 10 2024 | K20: так | L20: грунт
A21: №3.5.1.6 | D21: №100 | E21: =IFERROR(VALUE(MID(D21,2,LEN(D21)-1)),"") -> 100 | F21: 15979.8 | H21: 15979.8 | I21: Оригінал в офісі | J21: 08 11 2024 | K21: так | L21: щебень
A22: №3.5.1.6 | D22: №120 | E22: =IFERROR(VALUE(MID(D22,2,LEN(D22)-1)),"") -> 120 | F22: 16533.15 | G22: 3130.71 | H22: 13402.44 | I22: Оригінал в офісі | J22: 08 11 2024 | K22: так
A23: №3.5.1.6 | D23: №146 | E23: =IFERROR(VALUE(MID(D23,2,LEN(D23)-1)),"") -> 146 | F23: 5220 | H23: 5220 | I23: Оригінал в офісі | J23: 09 12 2024 | K23: так
A24: №3.5.1.7 | B24: 310-2020-5.1.7-КБ-Р-Силос металевий для зберігання насіння | C24: 7766307.5 | D24: №15 | E24: =IFERROR(VALUE(MID(D24,2,LEN(D24)-1)),"") -> 15 | F24: 554353 | G24: 0 | H24: 554353 | I24: Орігінал в офісі | J24: 26 04 2024 | K24: так | L24: - | M24: Оригінал в офісі | N24: списання так/ні
A25: №3.5.1.7 | D25: №28 | E25: =IFERROR(VALUE(MID(D25,2,LEN(D25)-1)),"") -> 28 | F25: 5437399.7 | G25: 2649255.2 | H25: 2788144.5 | I25: Орігінал в офісі | J25: 24 05 2024 | K25: так
A26: №3.5.1.7 | D26: №36 | E26: =IFERROR(VALUE(MID(D26,2,LEN(D26)-1)),"") -> 36 | F26: 887716.17 | G26: 122464.17 | H26: 765252 | I26: Оригінал в офісі | J26: 07 06 2024 | K26: так
A27: №3.5.1.7 | D27: №37 | E27: =IFERROR(VALUE(MID(D27,2,LEN(D27)-1)),"") -> 37 | F27: 426150.52 | G27: 7992.5166 | H27: 418158 | I27: Орігінал в офісі | J27: 21 06 2024 | K27: так
A28: №3.5.1.7 | D28: №98 | E28: =IFERROR(VALUE(MID(D28,2,LEN(D28)-1)),"") -> 98 | F28: 57640.08 | H28: 57640.08 | I28: Орігінал в офісі | J28: 07 10 2024 | K28: так | L28: грунт
A29: №3.5.1.7 | D29: №101 | E29: =IFERROR(VALUE(MID(D29,2,LEN(D29)-1)),"") -> 101 | F29: 15979.8 | H29: 15979.8 | I29: Оригінал в офісі | J29: 08 11 2024 | K29: так | L29: щебень
A30: №3.5.1.7 | D30: №121 | E30: =IFERROR(VALUE(MID(D30,2,LEN(D30)-1)),"") -> 121 | F30: 16533.15 | G30: 3130.71 | H30: 13402.44 | I30: Оригінал в офісі | J30: 08 11 2024 | K30: так
A31: №3.5.1.7 | D31: №147 | E31: =IFERROR(VALUE(MID(D31,2,LEN(D31)-1)),"") -> 147 | F31: 5220 | H31: 5220 | I31: Оригінал в офісі | J31: 09 12 2024 | K31: так
A32: №4 | B32: 310-2024-13-КБ Градирня | C32: 403929.07 | D32: №16 | E32: =IFERROR(VALUE(MID(D32,2,LEN(D32)-1)),"") -> 16 | F32: 446461.48 | G32: 95684.599 | H32: 350776.88 | I32: Орігінал в офісі | J32: 26 04 2024 | K32: так
A33: №4 | D33: №49 | E33: =IFERROR(VALUE(MID(D33,2,LEN(D33)-1)),"") -> 49 | F33: 73376.032 | G33: 45590.462 | H33: 27785.57 | I33: Орігінал в офісі | J33: 26 07 2024 | K33: так
A34: №4.1 | B34: Нарощення опор Градирні | C34: 47254.52 | D34: №17 | E34: =IFERROR(VALUE(MID(D34,2,LEN(D34)-1)),"") -> 17 | F34: 47254.52 | G34: 9854.52 | H34: 37400 | I34: Орігінал в офісі | J34: 26 04 2024 | K34: так
A35: №5 | B35: 310-66.3- КБ-Р-Транспортна галерея | C35: 37950.6 | D35: №67 | E35: =IFERROR(VALUE(MID(D35,2,LEN(D35)-1)),"") -> 67 | F35: 83715.76 | G35: 30619.86 | H35: 53095.9 | I35: Орігінал в офісі | J35: 26 08 2024 | K35: так
A36: №5 | D36: №158 | E36: =IFERROR(VALUE(MID(D36,2,LEN(D36)-1)),"") -> 158 | F36: 7253.28 | G36: 6940.08 | H36: 313.2 | I36: Погоджено Замовником | J36: 25 12 2024 | K36: так
A37: №6.1 | B37: 310-11.1-КБ-Р-Склад олії; V=4000м3 | C37: 994922 | D37: №10 | E37: =IFERROR(VALUE(MID(D37,2,LEN(D37)-1)),"") -> 10 | F37: 1609186.5 | G37: 680569.72 | H37: 928616.79 | I37: Орігінал в офісі | J37: 26 04 2024 | K37: так
A38: №6.2 | B38: 310-11.2-КБ-Р-Склад олії; V=2000м3 | C38: 401488.07 | D38: №2 | E38: =IFERROR(VALUE(MID(D38,2,LEN(D38)-1)),"") -> 2 | F38: 585276.82 | G38: 236280.52 | H38: 348996.3 | I38: Орігінал в офісі | J38: 05 04 2024 | K38: так
A39: №6.3 | B39: 310-11.3-КБ-Р-Склад олії; V=2000м3 | C39: 401488.07 | D39: №3 | E39: =IFERROR(VALUE(MID(D39,2,LEN(D39)-1)),"") -> 3 | F39: 585218.82 | G39: 236280.52 | H39: 348938.3 | I39: Орігінал в офісі | J39: 05 04 2024 | K39: так
A40: №7 | B40: Демонтаж маслобаку | C40: 70000 | D40: №4 | E40: =IFERROR(VALUE(MID(D40,2,LEN(D40)-1)),"") -> 4 | F40: 70000 | G40: 0 | H40: 70000 | I40: Оригінал в офісі | J40: 10 04 2024 | K40: так
A41: №8 | B41: 310-66-2-КМ-Норія | C41: 2183910 | D41: №12 | E41: =IFERROR(VALUE(MID(D41,2,LEN(D41)-1)),"") -> 12 | F41: 1027136 | H41: 1027136 | I41: Оригінал в офісі | J41: 10 05 2024 | K41: не буде
A42: №8 | D42: №12.1 | E42: 12.1 | F42: 33000 | H42: 33000 | I42: Оригінал в офісі | J42: 20 05 2024 | K42: не буде
A43: №8 | D43: №64 | E43: =IFERROR(VALUE(MID(D43,2,LEN(D43)-1)),"") -> 64 | F43: 397492.84 | G43: 21942.839 | H43: 375550 | I43: Оригінал в офісі | J43: 26 08 2024 | K43: так
A44: №8 | D44: №73 | E44: =IFERROR(VALUE(MID(D44,2,LEN(D44)-1)),"") -> 73 | F44: 221742.84 | G44: 21942.839 | H44: 199800 | I44: Оригінал в офісі | J44: 26 08 2024 | K44: так
A45: №8 | D45: №81 | E45: =IFERROR(VALUE(MID(D45,2,LEN(D45)-1)),"") -> 81 | F45: 283975 | H45: 283975 | I45: Орігінал в офісі | J45: 26 09 2024 | K45: МШП-
A46: №8 | D46: №109 | E46: =IFERROR(VALUE(MID(D46,2,LEN(D46)-1)),"") -> 109 | F46: 173344.82 | G46: 32824.52 | H46: 140520.3 | I46: Орігінал в офісі | J46: 08 11 2024 | K46: так
A47: №9 | B47: 310-66.3-КМ-Транспортна галерея | C47: 644106.1 | D47: №13 | E47: =IFERROR(VALUE(MID(D47,2,LEN(D47)-1)),"") -> 13 | F47: 309258.4 | H47: 309258.4 | I47: Оригінал в офісі | J47: 10 05 2024 | K47: не буде
A48: №9 | D48: №84 | E48: =IFERROR(VALUE(MID(D48,2,LEN(D48)-1)),"") -> 84 | F48: 185810.15 | G48: 11910.15 | H48: 173900 | I48: Оригінал в офісі | J48: 20 09 2024 | K48: так
A49: №9 | D49: №110 | E49: =IFERROR(VALUE(MID(D49,2,LEN(D49)-1)),"") -> 110 | F49: 59259.826 | G49: 9655.93 | H49: 49603.896 | I49: Погоджено Замовником | J49: 18 12 2024 | K49: так
A50: №9 | D50: №104 | E50: =IFERROR(VALUE(MID(D50,2,LEN(D50)-1)),"") -> 104 | F50: 86210 | H50: 86210 | I50: Орігінал в офісі | J50: 07 10 2024 | K50: так
A51: №10 | B51: 310-10-КБ-Р-Ділянка експандування | C51: 526703.78 | D51: №23 | E51: =IFERROR(VALUE(MID(D51,2,LEN(D51)-1)),"") -> 23 | F51: 593059.22 | G51: 150765.3 | H51: 442293.92 | I51: Оригінал в офісі | J51: 10 05 2024 | K51: так | L51: -
A52: №11 | B52: Влаштування додаткової основи з щебня | C52: 76937.85 | D52: №14 | E52: =IFERROR(VALUE(MID(D52,2,LEN(D52)-1)),"") -> 14 | F52: 27868 | G52: 0 | H52: 27868 | I52: Орігінал в офісі | J52: 26 04 2024 | K52: так | L52: 5 1 7 -
A53: №11 | D53: №30 | E53: =IFERROR(VALUE(MID(D53,2,LEN(D53)-1)),"") -> 30 | F53: 27224 | G53: 0 | H53: 27224 | I53: Орігінал в офісі | J53: 24 05 2024 | K53: так | L53: 5 1 6 -
A54: №11 | D54: №33 | E54: =IFERROR(VALUE(MID(D54,2,LEN(D54)-1)),"") -> 33 | F54: 28858 | G54: 0 | H54: 28858 | I54: Оригінал в офісі | J54: 07 06 2024 | K54: так | L54: 5 1 5 -
A55: №11 | D55: №51 | E55: =IFERROR(VALUE(MID(D55,2,LEN(D55)-1)),"") -> 51 | F55: 5193.4 | G55: 0 | H55: 5193.4 | I55: Оригінал в офісі | J55: 26 07 2024 | K55: так
A56: №12 | B56: Почасовка | C56: 300000 | D56: №11 | E56: =IFERROR(VALUE(MID(D56,2,LEN(D56)-1)),"") -> 11 | F56: 231000 | G56: 0 | H56: 231000 | I56: Орігінал в офісі | J56: 26 04 2024 | K56: так
A57: №12 | D57: №22 | E57: =IFERROR(VALUE(MID(D57,2,LEN(D57)-1)),"") -> 22 | F57: 111000 | G57: 0 | H57: 111000 | I57: Оригінал в офісі | J57: 10 05 2024 | K57: так
A58: №12 | D58: №38 | E58: =IFERROR(VALUE(MID(D58,2,LEN(D58)-1)),"") -> 38 | F58: 106875 | G58: 0 | H58: 106875 | I58: Орігінал в офісі | J58: 21 06 2024 | K58: так
A59: №12 | D59: №43 | E59: =IFERROR(VALUE(MID(D59,2,LEN(D59)-1)),"") -> 43 | F59: 70875 | G59: 0 | H59: 70875 | I59: Орігінал в офісі | J59: 15 07 2024 | K59: так
A60: №12 | D60: №44 | E60: =IFERROR(VALUE(MID(D60,2,LEN(D60)-1)),"") -> 44 | F60: 33750 | G60: 0 | H60: 33750 | I60: Оригінал в офісі | J60: 26 07 2024 | K60: так
A61: №12 | D61: №45 | E61: =IFERROR(VALUE(MID(D61,2,LEN(D61)-1)),"") -> 45 | F61: 30375 | G61: 0 | H61: 30375 | I61: Оригінал в офісі | J61: 26 07 2024 | K61: так
A62: №12 | D62: №55 | E62: =IFERROR(VALUE(MID(D62,2,LEN(D62)-1)),"") -> 55 | F62: 76125 | G62: 0 | H62: 76125 | I62: Оригінал в офісі | J62: 09 08 2024 | K62: так
A63: №12 | D63: №56 | E63: =IFERROR(VALUE(MID(D63,2,LEN(D63)-1)),"") -> 56 | F63: 169875 | G63: 0 | H63: 169875 | I63: Оригінал в офісі | J63: 09 08 2024 | K63: так | L63: Норія
A64: №12 | D64: №57 | E64: =IFERROR(VALUE(MID(D64,2,LEN(D64)-1)),"") -> 57 | F64: 21000 | G64: 0 | H64: 21000 | I64: Оригінал в офісі | J64: 09 08 2024 | K64: так | L64: Норія
A65: №12 | D65: №58 | E65: =IFERROR(VALUE(MID(D65,2,LEN(D65)-1)),"") -> 58 | F65: 36750 | G65: 0 | H65: 36750 | I65: Оригінал в офісі | J65: 09 08 2024 | K65: так | L65: Норія
A66: №12 | D66: №60 | E66: =IFERROR(VALUE(MID(D66,2,LEN(D66)-1)),"") -> 60 | F66: 21000 | G66: 0 | H66: 21000 | I66: Оригінал в офісі | J66: 09 08 2024 | K66: так | L66: Норія
A67: №12 | D67: №74 | E67: =IFERROR(VALUE(MID(D67,2,LEN(D67)-1)),"") -> 74 | F67: 2250 | G67: 0 | H67: 2250 | I67: Оригінал в офісі | J67: 13 08 2024 | K67: так
A68: №12 | D68: №115 | E68: =IFERROR(VALUE(MID(D68,2,LEN(D68)-1)),"") -> 115 | F68: 22500 | G68: 0 | H68: 22500 | I68: Оригінал в офісі | J68: 08 11 2024 | K68: так | L68: приямок
A69: №12 | D69: №116 | E69: =IFERROR(VALUE(MID(D69,2,LEN(D69)-1)),"") -> 116 | F69: 22500 | G69: 0 | H69: 22500 | I69: Оригінал в офісі | J69: 08 11 2024 | K69: так | L69: приямок
A70: №12 | D70: №117 | E70: =IFERROR(VALUE(MID(D70,2,LEN(D70)-1)),"") -> 117 | F70: 22500 | G70: 0 | H70: 22500 | I70: Оригінал в офісі | J70: 08 11 2024 | K70: так | L70: приямок
A71: №12 | D71: №128 | E71: =IFERROR(VALUE(MID(D71,2,LEN(D71)-1)),"") -> 128 | F71: 75000 | H71: 75000 | I71: Орігінал в офісі | J71: 21 11 2024 | K71: так | L71: ТХ ділянка експандування
A72: №12 | D72: №135 | E72: =IFERROR(VALUE(MID(D72,2,LEN(D72)-1)),"") -> 135 | F72: 106500 | H72: 106500 | I72: Орігінал в офісі | J72: 27 11 2024 | K72: так | L72: ТХ ділянка експандування
A73: №13 | B73: 310-ЗВК-Р | C73: 658888.21 | D73: №122 | E73: =IFERROR(VALUE(MID(D73,2,LEN(D73)-1)),"") -> 122 | F73: 240316.35 | H73: 240316.35 | I73: Орігінал в офісі | J73: 08 11 2024 | K73: так
A74: №13 | D74: №124 | E74: =IFERROR(VALUE(MID(D74,2,LEN(D74)-1)),"") -> 124 | F74: 178615.2 | H74: 178615.2 | I74: Орігінал в офісі | J74: 21 11 2024 | K74: так
A75: №13 | D75: №136 | E75: =IFERROR(VALUE(MID(D75,2,LEN(D75)-1)),"") -> 136 | F75: 75530.4 | H75: 75530.4 | I75: Подано на Замовника | J75: 25 11 2024 | L75: на перевірці у Віканова
A76: №13 | D76: №152 | E76: =IFERROR(VALUE(MID(D76,2,LEN(D76)-1)),"") -> 152 | F76: 3900 | H76: 3900 | J76: 19 12 2024 | L76: у Діми
A77: №14 | B77: Дефектовка на демонтаж дорожнього покриття | C77: 92115.83 | D77: №5 | E77: =IFERROR(VALUE(MID(D77,2,LEN(D77)-1)),"") -> 5 | F77: 92115.83 | G77: 0 | H77: 92115.83 | I77: Оригінал в офісі | J77: 12 04 2024 | K77: так
A78: №15.1 | B78: Дефектовка на тимчасові дороги (під наш кран РДК 250) | C78: 69692.79 | D78: №6 | E78: =IFERROR(VALUE(MID(D78,2,LEN(D78)-1)),"") -> 6 | F78: 69692.79 | G78: 0 | H78: 69692.79 | I78: Оригінал в офісі | J78: 12 04 2024 | K78: так
A79: №15.2 | B79: Дефектовка на тимчасові дороги (кран замовника) | C79: 130832 | D79: №19 | E79: =IFERROR(VALUE(MID(D79,2,LEN(D79)-1)),"") -> 19 | F79: 151220.25 | G79: 0 | H79: 151220.25 | I79: Оригінал в офісі | J79: 10 05 2024 | K79: так
A80: №15.3 | B80: Демонтаж тимчасові дороги 15.2 | E80: =IFERROR(VALUE(MID(D80,2,LEN(D80)-1)),"")
A81: №16 | B81: ГП310-3-ГП-П- Ніжин Model Благоустрій | C81: 5868795.2 | D81: №108 | E81: =IFERROR(VALUE(MID(D81,2,LEN(D81)-1)),"") -> 108 | F81: 285228.46 | G81: 52701.46 | H81: 232527 | I81: Оригінал в офісі | J81: 08 11 2024 | K81: так
A82: №16 | D82: №126 | E82: =IFERROR(VALUE(MID(D82,2,LEN(D82)-1)),"") -> 126 | F82: 116806.21 | G82: 1956.6066 | H82: 114849.6 | I82: Оригінал в офісі | J82: 14 11 2024 | K82: так
A83: №16 | D83: №130 | E83: =IFERROR(VALUE(MID(D83,2,LEN(D83)-1)),"") -> 130 | F83: 72180 | H83: 72180 | I83: Оригінал в офісі | J83: 21 11 2024 | K83: так | L83: щебінь 1 акт
A84: №16 | D84: №134 | E84: =IFERROR(VALUE(MID(D84,2,LEN(D84)-1)),"") -> 134 | F84: 151884.95 | G84: 3518.95 | H84: 148366 | I84: Оригінал в офісі | J84: 21 11 2024 | K84: так
A85: №16 | D85: №137 | E85: =IFERROR(VALUE(MID(D85,2,LEN(D85)-1)),"") -> 137 | F85: 242418.56 | G85: 3996.564 | H85: 238422 | I85: Оригінал в офісі | J85: 09 12 2024 | K85: так
A86: №16 | D86: №138 | E86: =IFERROR(VALUE(MID(D86,2,LEN(D86)-1)),"") -> 138 | F86: 150507.42 | G86: 36163.905 | H86: 114343.52 | I86: Погоджено Замовником | J86: 26 12 2024 | K86: так | L86: ЩПС+геотекстиль
A87: №17 | B87: 310-66-2-КБ-Р Норійна вежа | C87: 1109035 | D87: №52 | E87: =IFERROR(VALUE(MID(D87,2,LEN(D87)-1)),"") -> 52 | F87: 244644.62 | G87: 129446.72 | H87: 115197.9 | I87: Оригінал в офісі | J87: 26 07 2024 | K87: так
A88: №17 | D88: №62 | E88: =IFERROR(VALUE(MID(D88,2,LEN(D88)-1)),"") -> 62 | F88: 593014.26 | G88: 228541.96 | H88: 364472.3 | I88: Оригінал в офісі | J88: 12 08 2024 | K88: так
A89: №17 | D89: №68 | E89: =IFERROR(VALUE(MID(D89,2,LEN(D89)-1)),"") -> 68 | F89: 118268.03 | G89: 38288.331 | H89: 79979.7 | I89: Оригінал в офісі | J89: 26 08 2024 | K89: так
A90: №17 | D90: №80 | E90: =IFERROR(VALUE(MID(D90,2,LEN(D90)-1)),"") -> 80 | F90: 98295.328 | G90: 25544.388 | H90: 72750.94 | I90: Оригінал в офісі | J90: 13 09 2024 | K90: так
A91: №17 | D91: №118 | E91: =IFERROR(VALUE(MID(D91,2,LEN(D91)-1)),"") -> 118 | F91: 7729.53 | G91: 1463.66 | H91: 6265.87 | I91: Оригінал в офісі | J91: 08 11 2024 | K91: так
A92: №17 | D92: №157 | E92: =IFERROR(VALUE(MID(D92,2,LEN(D92)-1)),"") -> 157 | F92: 14506.56 | G92: 13880.16 | H92: 626.4 | I92: Погоджено Замовником | J92: 25 12 2024 | K92: так
A93: №18 | B93: Дефектовка на демонтаж градирні | C93: 220420.19 | D93: №7 | E93: =IFERROR(VALUE(MID(D93,2,LEN(D93)-1)),"") -> 7 | F93: 220420.19 | G93: 0 | H93: 220420.19 | I93: Оригінал в офісі | J93: 12 04 2024 | K93: так
A94: №19 | B94: Дефектовка на розроблення та перевезення піску, демонтаж фундаментів | C94: 19075.72 | D94: №8 | E94: =IFERROR(VALUE(MID(D94,2,LEN(D94)-1)),"") -> 8 | F94: 19075.72 | G94: 0 | H94: 19075.72 | I94: Оригінал в офісі | J94: 12 04 2024 | K94: так
A95: №20 | B95: Дефектовка на влаштування основи під протипожежний резервуар | C95: 8730 | D95: №9 | E95: =IFERROR(VALUE(MID(D95,2,LEN(D95)-1)),"") -> 9 | F95: 8730 | G95: 0 | H95: 8730 | I95: Оригінал в офісі | J95: 12 04 2024 | K95: так
A96: №21 | B96: 310-10-КМ-Р- Ділянка експандування | C96: 1821725 | D96: №26 | E96: =IFERROR(VALUE(MID(D96,2,LEN(D96)-1)),"") -> 26 | F96: 954520.6 | G96: 0 | H96: 954520.6 | I96: Оригінал в офісі | J96: 20 05 2024 | K96: не буде
A97: №21 | D97: №35 | E97: =IFERROR(VALUE(MID(D97,2,LEN(D97)-1)),"") -> 35 | F97: 320050 | G97: 0 | H97: 320050 | I97: Оригінал в офісі | J97: 12 06 2024 | K97: так
A98: №21 | D98: №39 | E98: =IFERROR(VALUE(MID(D98,2,LEN(D98)-1)),"") -> 39 | F98: 255300 | G98: 0 | H98: 255300 | I98: Орігінал в офісі | J98: 21 06 2024 | K98: так
A99: №21 | D99: №65 | E99: =IFERROR(VALUE(MID(D99,2,LEN(D99)-1)),"") -> 65 | F99: 356841.48 | G99: 234741.48 | H99: 122100 | I99: Орігінал в офісі | J99: 26 08 2024 | K99: так
A100: №21 | D100: №75 | E100: =IFERROR(VALUE(MID(D100,2,LEN(D100)-1)),"") -> 75 | F100: 77459.5 | H100: 77459.5 | I100: Орігінал в офісі | J100: 26 09 2024 | K100: так
A101: №22 | B101: Монтаж Градирні | C101: 505000 | D101: №25 | E101: =IFERROR(VALUE(MID(D101,2,LEN(D101)-1)),"") -> 25 | F101: 290457 | G101: 0 | H101: 290457 | I101: Оригінал в офісі | J101: 20 05 2024 | K101: так
A102: №22 | D102: №32 | E102: =IFERROR(VALUE(MID(D102,2,LEN(D102)-1)),"") -> 32 | F102: 145228.5 | G102: 0 | H102: 145228.5 | I102: Оригінал в офісі | J102: 07 06 2024 | K102: так
...

Sheet РеєстрАВР (2)
A1: Реєстр актів виконаних робіт по об'єкту "Реконструкція олійноекстракційного заводу на території ПрАТ «Ніжинський жиркомбінат» за адресою: Чернігівська область м. Ніжин вул. Прилуцька, 2"
A3: № ДЦ | B3: Найменування договірної ціни | C3: Всього по ДЦ з ПДВ, грн | D3: АКТИ | K3: Списання мат. | L3: Коментарі
D5: № акта | E5: СОРТИРОВКА по актам | F5: Всього, грн з ПДВ | G5: Матеріали з ПДВ, грн | H5: Роботи з ПДВ, грн | I5: Статус | J5: Дата
A6: №1 | B6: Деф.акт-Ескіз фундаментної основи під ємність д.12500 та д.8500 мм | C6: 69779.8 | D6: №1 | E6: =IFERROR(VALUE(MID(D6,2,LEN(D6)-1)),"") -> 1 | F6: 74844.2 | G6: 0 | H6: 74844.2 | I6: Оригінал в офісі | J6: 10 04 2024 | K6: так | L6: - | M6: АВР у відділі ВТВ | N6: заповнюємо колонку коментарі з датами коли отримали об'єми і коли відправите акт, або коли АВР планується і маєте отримати дані
A7: №6.2 | B7: 310-11.2-КБ-Р-Склад олії; V=2000м3 | C7: 401488.07 | D7: №2 | E7: =IFERROR(VALUE(MID(D7,2,LEN(D7)-1)),"") -> 2 | F7: 585276.82 | G7: 236280.52 | H7: 348996.3 | I7: Орігінал в офісі | J7: 05 04 2024 | K7: так
A8: №6.3 | B8: 310-11.3-КБ-Р-Склад олії; V=2000м3 | C8: 401488.07 | D8: №3 | E8: =IFERROR(VALUE(MID(D8,2,LEN(D8)-1)),"") -> 3 | F8: 585218.82 | G8: 236280.52 | H8: 348938.3 | I8: Орігінал в офісі | J8: 05 04 2024 | K8: так
A9: №7 | B9: Демонтаж маслобаку | C9: 70000 | D9: №4 | E9: =IFERROR(VALUE(MID(D9,2,LEN(D9)-1)),"") -> 4 | F9: 70000 | G9: 0 | H9: 70000 | I9: Оригінал в офісі | J9: 10 04 2024 | K9: так
A10: №14 | B10: Дефектовка на демонтаж дорожнього покриття | C10: 92115.83 | D10: №5 | E10: =IFERROR(VALUE(MID(D10,2,LEN(D10)-1)),"") -> 5 | F10: 92115.83 | G10: 0 | H10: 92115.83 | I10: Оригінал в офісі | J10: 12 04 2024 | K10: так
A11: №15.1 | B11: Дефектовка на тимчасові дороги (під наш кран РДК 250) | C11: 69692.79 | D11: №6 | E11: =IFERROR(VALUE(MID(D11,2,LEN(D11)-1)),"") -> 6 | F11: 69692.79 | G11: 0 | H11: 69692.79 | I11: Оригінал в офісі | J11: 12 04 2024 | K11: так
A12: №18 | B12: Дефектовка на демонтаж градирні | C12: 220420.19 | D12: №7 | E12: =IFERROR(VALUE(MID(D12,2,LEN(D12)-1)),"") -> 7 | F12: 220420.19 | G12: 0 | H12: 220420.19 | I12: Оригінал в офісі | J12: 12 04 2024 | K12: так
A13: №19 | B13: Дефектовка на розроблення та перевезення піску, демонтаж фундаментів | C13: 19075.72 | D13: №8 | E13: =IFERROR(VALUE(MID(D13,2,LEN(D13)-1)),"") -> 8 | F13: 19075.72 | G13: 0 | H13: 19075.72 | I13: Оригінал в офісі | J13: 12 04 2024 | K13: так
A14: №20 | B14: Дефектовка на влаштування основи під протипожежний резервуар | C14: 8730 | D14: №9 | E14: =IFERROR(VALUE(MID(D14,2,LEN(D14)-1)),"") -> 9 | F14: 8730 | G14: 0 | H14: 8730 | I14: Оригінал в офісі | J14: 12 04 2024 | K14: так
A15: №6.1 | B15: 310-11.1-КБ-Р-Склад олії; V=4000м3 | C15: 994922 | D15: №10 | E15: =IFERROR(VALUE(MID(D15,2,LEN(D15)-1)),"") -> 10 | F15: 1609186.5 | G15: 680569.72 | H15: 928616.79 | I15: Орігінал в офісі | J15: 26 04 2024 | K15: так
A16: №12 | B16: Почасовка | C16: 300000 | D16: №11 | E16: =IFERROR(VALUE(MID(D16,2,LEN(D16)-1)),"") -> 11 | F16: 231000 | G16: 0 | H16: 231000 | I16: Орігінал в офісі | J16: 26 04 2024 | K16: так
A17: №8 | B17: 310-66-2-КМ-Норія | C17: 2183910 | D17: №12 | E17: =IFERROR(VALUE(MID(D17,2,LEN(D17)-1)),"") -> 12 | F17: 1027136 | H17: 1027136 | I17: Оригінал в офісі | J17: 10 05 2024 | K17: не буде
A18: №8 | D18: №12.1 | E18: 12.1 | F18: 33000 | H18: 33000 | I18: Оригінал в офісі | J18: 20 05 2024 | K18: не буде
A19: №9 | B19: 310-66.3-КМ-Транспортна галерея | C19: 644106.1 | D19: №13 | E19: =IFERROR(VALUE(MID(D19,2,LEN(D19)-1)),"") -> 13 | F19: 309258.4 | H19: 309258.4 | I19: Оригінал в офісі | J19: 10 05 2024 | K19: не буде
A20: №11 | B20: Влаштування додаткової основи з щебня | C20: 76937.85 | D20: №14 | E20: =IFERROR(VALUE(MID(D20,2,LEN(D20)-1)),"") -> 14 | F20: 27868 | G20: 0 | H20: 27868 | I20: Орігінал в офісі | J20: 26 04 2024 | K20: так | L20: 5 1 7 -
A21: №3.5.1.7 | B21: 310-2020-5.1.7-КБ-Р-Силос металевий для зберігання насіння | C21: 7766307.5 | D21: №15 | E21: =IFERROR(VALUE(MID(D21,2,LEN(D21)-1)),"") -> 15 | F21: 554353 | G21: 0 | H21: 554353 | I21: Орігінал в офісі | J21: 26 04 2024 | K21: так | L21: - | M21: Оригінал в офісі | N21: списання так/ні
A22: №4 | B22: 310-2024-13-КБ Градирня | C22: 403929.07 | D22: №16 | E22: =IFERROR(VALUE(MID(D22,2,LEN(D22)-1)),"") -> 16 | F22: 446461.48 | G22: 95684.599 | H22: 350776.88 | I22: Орігінал в офісі | J22: 26 04 2024 | K22: так
A23: №4.1 | B23: Нарощення опор Градирні | C23: 47254.52 | D23: №17 | E23: =IFERROR(VALUE(MID(D23,2,LEN(D23)-1)),"") -> 17 | F23: 47254.52 | G23: 9854.52 | H23: 37400 | I23: Орігінал в офісі | J23: 26 04 2024 | K23: так
A24: №2 | B24: Деф. акт- Демонтажні робіти по пожводопровіду | C24: 2044 | D24: №18 | E24: =IFERROR(VALUE(MID(D24,2,LEN(D24)-1)),"") -> 18 | F24: 2044 | G24: 0 | H24: 2044 | I24: Орігінал в офісі | J24: 26 04 2024 | L24: -
A25: №15.2 | B25: Дефектовка на тимчасові дороги (кран замовника) | C25: 130832 | D25: №19 | E25: =IFERROR(VALUE(MID(D25,2,LEN(D25)-1)),"") -> 19 | F25: 151220.25 | G25: 0 | H25: 151220.25 | I25: Оригінал в офісі | J25: 10 05 2024 | K25: так
A26: №24.1 | B26: Гідроізоляція Градирні | C26: 16887.37 | D26: №20 | E26: =IFERROR(VALUE(MID(D26,2,LEN(D26)-1)),"") -> 20 | F26: 46960.608 | G26: 30073.238 | H26: 16887.37 | I26: Оригінал в офісі | J26: 10 05 2024 | K26: так
A27: №24.2.3 | B27: Гідроізоляція Силосу 5.1.7 | C27: 35433.65 | D27: №21 | E27: =IFERROR(VALUE(MID(D27,2,LEN(D27)-1)),"") -> 21 | F27: 148179.73 | G27: 115912.73 | H27: 32267 | I27: Оригінал в офісі | J27: 07 06 2024 | K27: так
A28: №12 | D28: №22 | E28: =IFERROR(VALUE(MID(D28,2,LEN(D28)-1)),"") -> 22 | F28: 111000 | G28: 0 | H28: 111000 | I28: Оригінал в офісі | J28: 10 05 2024 | K28: так
A29: №10 | B29: 310-10-КБ-Р-Ділянка експандування | C29: 526703.78 | D29: №23 | E29: =IFERROR(VALUE(MID(D29,2,LEN(D29)-1)),"") -> 23 | F29: 593059.22 | G29: 150765.3 | H29: 442293.92 | I29: Оригінал в офісі | J29: 10 05 2024 | K29: так | L29: -
A30: №30 | B30: Влаштування фундаметнів та насоси в насосній станції олії | C30: 44103.59 | D30: №24 | E30: =IFERROR(VALUE(MID(D30,2,LEN(D30)-1)),"") -> 24 | F30: 40991.122 | G30: 187.782 | H30: 40803.34 | I30: Оригінал в офісі | J30: 10 05 2024 | K30: так
A31: №22 | B31: Монтаж Градирні | C31: 505000 | D31: №25 | E31: =IFERROR(VALUE(MID(D31,2,LEN(D31)-1)),"") -> 25 | F31: 290457 | G31: 0 | H31: 290457 | I31: Оригінал в офісі | J31: 20 05 2024 | K31: так
A32: №21 | B32: 310-10-КМ-Р- Ділянка експандування | C32: 1821725 | D32: №26 | E32: =IFERROR(VALUE(MID(D32,2,LEN(D32)-1)),"") -> 26 | F32: 954520.6 | G32: 0 | H32: 954520.6 | I32: Оригінал в офісі | J32: 20 05 2024 | K32: не буде
A33: №3.5.1.6 | B33: 310-2020-5.1.6-КБ-Р-Силос металевий для зберігання насіння | C33: 7051600.8 | D33: №27 | E33: =IFERROR(VALUE(MID(D33,2,LEN(D33)-1)),"") -> 27 | F33: 330648.58 | G33: 0 | H33: 330648.58 | I33: Орігінал в офісі | J33: 24 05 2024 | K33: так | L33: -
A34: №3.5.1.7 | D34: №28 | E34: =IFERROR(VALUE(MID(D34,2,LEN(D34)-1)),"") -> 28 | F34: 5437399.7 | G34: 2649255.2 | H34: 2788144.5 | I34: Орігінал в офісі | J34: 24 05 2024 | K34: так
A35: №3.5.1.5 | B35: 310-2020-5.1.5-КБ-Р-Силос металевий для зберігання насіння | C35: 7883363.1 | D35: №29 | E35: =IFERROR(VALUE(MID(D35,2,LEN(D35)-1)),"") -> 29 | F35: 359694.36 | G35: - | H35: 359694.36 | I35: Орігінал в офісі | J35: 21 06 2024 | K35: так | L35: - | M35: Подано на Замовника | N35: заповнюємо колонку коментарі з датою коли замовник обіцяє перевірити і в разі питань пишете які є, не важливо стосовно розцінок чи супутньої документації (основне)
A36: №11 | D36: №30 | E36: =IFERROR(VALUE(MID(D36,2,LEN(D36)-1)),"") -> 30 | F36: 27224 | G36: 0 | H36: 27224 | I36: Орігінал в офісі | J36: 24 05 2024 | K36: так | L36: 5 1 6 -
A37: №32 | B37: Демонтаж фундаменту бака олії №10 | C37: 337206.36 | D37: №31 | E37: =IFERROR(VALUE(MID(D37,2,LEN(D37)-1)),"") -> 31 | F37: 337206.36 | G37: 0 | H37: 337206.36 | I37: Оригінал в офісі | J37: 07 06 2024 | K37: так
A38: №22 | D38: №32 | E38: =IFERROR(VALUE(MID(D38,2,LEN(D38)-1)),"") -> 32 | F38: 145228.5 | G38: 0 | H38: 145228.5 | I38: Оригінал в офісі | J38: 07 06 2024 | K38: так
A39: №11 | D39: №33 | E39: =IFERROR(VALUE(MID(D39,2,LEN(D39)-1)),"") -> 33 | F39: 28858 | G39: 0 | H39: 28858 | I39: Оригінал в офісі | J39: 07 06 2024 | K39: так | L39: 5 1 5 -
A40: №25 | B40: 310-13-ТХ-Ніжин Градирня | C40: 246953.74 | D40: №34 | E40: =IFERROR(VALUE(MID(D40,2,LEN(D40)-1)),"") -> 34 | F40: 325313.9 | G40: 168734.02 | H40: 156579.88 | I40: Оригінал в офісі | J40: 07 06 2024 | K40: так
A41: №21 | D41: №35 | E41: =IFERROR(VALUE(MID(D41,2,LEN(D41)-1)),"") -> 35 | F41: 320050 | G41: 0 | H41: 320050 | I41: Оригінал в офісі | J41: 12 06 2024 | K41: так
A42: №3.5.1.7 | D42: №36 | E42: =IFERROR(VALUE(MID(D42,2,LEN(D42)-1)),"") -> 36 | F42: 887716.17 | G42: 122464.17 | H42: 765252 | I42: Оригінал в офісі | J42: 07 06 2024 | K42: так
A43: №3.5.1.7 | D43: №37 | E43: =IFERROR(VALUE(MID(D43,2,LEN(D43)-1)),"") -> 37 | F43: 426150.52 | G43: 7992.5166 | H43: 418158 | I43: Орігінал в офісі | J43: 21 06 2024 | K43: так
A44: №12 | D44: №38 | E44: =IFERROR(VALUE(MID(D44,2,LEN(D44)-1)),"") -> 38 | F44: 106875 | G44: 0 | H44: 106875 | I44: Орігінал в офісі | J44: 21 06 2024 | K44: так
A45: №21 | D45: №39 | E45: =IFERROR(VALUE(MID(D45,2,LEN(D45)-1)),"") -> 39 | F45: 255300 | G45: 0 | H45: 255300 | I45: Орігінал в офісі | J45: 21 06 2024 | K45: так
A46: №22 | D46: №40 | E46: =IFERROR(VALUE(MID(D46,2,LEN(D46)-1)),"") -> 40 | F46: 69314.5 | G46: 0 | H46: 69314.5 | I46: Орігінал в офісі | J46: 21 06 2024 | K46: так
A47: №25 | D47: №41 | E47: =IFERROR(VALUE(MID(D47,2,LEN(D47)-1)),"") -> 41 | F47: 121976.77 | G47: 59072.828 | H47: 62903.94 | I47: Орігінал в офісі | J47: 21 06 2024 | K47: так
A48: №3.5.1.6 | D48: №42 | E48: =IFERROR(VALUE(MID(D48,2,LEN(D48)-1)),"") -> 42 | F48: 908895.93 | G48: 307721.33 | H48: 601174.6 | I48: Орігінал в офісі | J48: 21 06 2024 | K48: так
A49: №12 | D49: №43 | E49: =IFERROR(VALUE(MID(D49,2,LEN(D49)-1)),"") -> 43 | F49: 70875 | G49: 0 | H49: 70875 | I49: Орігінал в офісі | J49: 15 07 2024 | K49: так
A50: №12 | D50: №44 | E50: =IFERROR(VALUE(MID(D50,2,LEN(D50)-1)),"") -> 44 | F50: 33750 | G50: 0 | H50: 33750 | I50: Оригінал в офісі | J50: 26 07 2024 | K50: так
A51: №12 | D51: №45 | E51: =IFERROR(VALUE(MID(D51,2,LEN(D51)-1)),"") -> 45 | F51: 30375 | G51: 0 | H51: 30375 | I51: Оригінал в офісі | J51: 26 07 2024 | K51: так
A52: №24.2.2 | B52: Гідроізоляція Силосу 5.1.6 | C52: 35365.25 | D52: №46 | E52: =IFERROR(VALUE(MID(D52,2,LEN(D52)-1)),"") -> 46 | F52: 148135.12 | G52: 115874.37 | H52: 32260.75 | I52: Оригінал в офісі | J52: 26 07 2024 | K52: так
A53: №35 | B53: Додаткові роботи по ТХ Градирні | C53: 108026.29 | D53: №47 | E53: =IFERROR(VALUE(MID(D53,2,LEN(D53)-1)),"") -> 47 | F53: 120418.53 | G53: 12392.235 | H53: 108026.29 | I53: Оригінал в офісі | J53: 15 07 2024 | K53: так
A54: №25 | D54: №48 | E54: =IFERROR(VALUE(MID(D54,2,LEN(D54)-1)),"") -> 48 | F54: 27190.45 | G54: 7129.87 | H54: 20060.58 | I54: Оригінал в офісі | J54: 26 07 2024 | K54: так
A55: №4 | D55: №49 | E55: =IFERROR(VALUE(MID(D55,2,LEN(D55)-1)),"") -> 49 | F55: 73376.032 | G55: 45590.462 | H55: 27785.57 | I55: Орігінал в офісі | J55: 26 07 2024 | K55: так
A56: №3.5.1.6 | D56: №50 | E56: =IFERROR(VALUE(MID(D56,2,LEN(D56)-1)),"") -> 50 | F56: 15568.8 | H56: 15568.8 | I56: Орігінал в офісі | J56: 26 07 2024 | K56: так | L56: -
A57: №11 | D57: №51 | E57: =IFERROR(VALUE(MID(D57,2,LEN(D57)-1)),"") -> 51 | F57: 5193.4 | G57: 0 | H57: 5193.4 | I57: Оригінал в офісі | J57: 26 07 2024 | K57: так
A58: №17 | B58: 310-66-2-КБ-Р Норійна вежа | C58: 1109035 | D58: №52 | E58: =IFERROR(VALUE(MID(D58,2,LEN(D58)-1)),"") -> 52 | F58: 244644.62 | G58: 129446.72 | H58: 115197.9 | I58: Оригінал в офісі | J58: 26 07 2024 | K58: так
A59: №3.5.1.5 | D59: №53 | E59: =IFERROR(VALUE(MID(D59,2,LEN(D59)-1)),"") -> 53 | F59: 1041800.1 | G59: 358436.37 | H59: 683363.7 | I59: Орігінал в офісі | J59: 26 07 2024 | K59: так | M59: Погоджено Замовником | N59: заповнюємо колонку коментарі з датою коли буде оригінал
A60: №3.5.1.6 | D60: №54 | E60: =IFERROR(VALUE(MID(D60,2,LEN(D60)-1)),"") -> 54 | F60: 2738195.3 | G60: 1165791.8 | H60: 1572403.5 | I60: Орігінал в офісі | J60: 26 07 2024 | K60: так
A61: №12 | D61: №55 | E61: =IFERROR(VALUE(MID(D61,2,LEN(D61)-1)),"") -> 55 | F61: 76125 | G61: 0 | H61: 76125 | I61: Оригінал в офісі | J61: 09 08 2024 | K61: так
A62: №12 | D62: №56 | E62: =IFERROR(VALUE(MID(D62,2,LEN(D62)-1)),"") -> 56 | F62: 169875 | G62: 0 | H62: 169875 | I62: Оригінал в офісі | J62: 09 08 2024 | K62: так | L62: Норія
A63: №12 | D63: №57 | E63: =IFERROR(VALUE(MID(D63,2,LEN(D63)-1)),"") -> 57 | F63: 21000 | G63: 0 | H63: 21000 | I63: Оригінал в офісі | J63: 09 08 2024 | K63: так | L63: Норія
A64: №12 | D64: №58 | E64: =IFERROR(VALUE(MID(D64,2,LEN(D64)-1)),"") -> 58 | F64: 36750 | G64: 0 | H64: 36750 | I64: Оригінал в офісі | J64: 09 08 2024 | K64: так | L64: Норія
A65: №39 | B65: Демонтаж бетона для влаштування фундамента ФМ-1 опори транспортної галереї | C65: ='Реєстр ДЦ '!E55 -> 8258.1 | D65: №59 | E65: =IFERROR(VALUE(MID(D65,2,LEN(D65)-1)),"") -> 59 | F65: 8258.1 | H65: 8258.1 | I65: Оригінал в офісі | J65: 20 08 2024 | K65: так
A66: №12 | D66: №60 | E66: =IFERROR(VALUE(MID(D66,2,LEN(D66)-1)),"") -> 60 | F66: 21000 | G66: 0 | H66: 21000 | I66: Оригінал в офісі | J66: 09 08 2024 | K66: так | L66: Норія
A67: №24.2.1 | B67: Гідроізоляція Силосу 5.1.5 | C67: 35345 | D67: №61 | E67: =IFERROR(VALUE(MID(D67,2,LEN(D67)-1)),"") -> 61 | F67: 129839.32 | G67: 102300.57 | H67: 27538.75 | I67: Оригінал в офісі | J67: 2 08 2024 | K67: так
A68: №17 | D68: №62 | E68: =IFERROR(VALUE(MID(D68,2,LEN(D68)-1)),"") -> 62 | F68: 593014.26 | G68: 228541.96 | H68: 364472.3 | I68: Оригінал в офісі | J68: 12 08 2024 | K68: так
A69: №3.5.1.6 | D69: №63 | E69: =IFERROR(VALUE(MID(D69,2,LEN(D69)-1)),"") -> 63 | F69: 3145348.2 | G69: 1234705.2 | H69: 1910643 | I69: Орігінал в офісі | J69: 26 08 2024 | K69: так
A70: №8 | D70: №64 | E70: =IFERROR(VALUE(MID(D70,2,LEN(D70)-1)),"") -> 64 | F70: 397492.84 | G70: 21942.839 | H70: 375550 | I70: Оригінал в офісі | J70: 26 08 2024 | K70: так
A71: №21 | D71: №65 | E71: =IFERROR(VALUE(MID(D71,2,LEN(D71)-1)),"") -> 65 | F71: 356841.48 | G71: 234741.48 | H71: 122100 | I71: Орігінал в офісі | J71: 26 08 2024 | K71: так
A72: №40 | B72: Надання послуг спецтехніки | D72: №66 | E72: =IFERROR(VALUE(MID(D72,2,LEN(D72)-1)),"") -> 66 | F72: 646774 | H72: 646774 | I72: Оригінал в офісі | J72: 20 08 2024
A73: №5 | B73: 310-66.3- КБ-Р-Транспортна галерея | C73: 37950.6 | D73: №67 | E73: =IFERROR(VALUE(MID(D73,2,LEN(D73)-1)),"") -> 67 | F73: 83715.76 | G73: 30619.86 | H73: 53095.9 | I73: Орігінал в офісі | J73: 26 08 2024 | K73: так
A74: №17 | D74: №68 | E74: =IFERROR(VALUE(MID(D74,2,LEN(D74)-1)),"") -> 68 | F74: 118268.03 | G74: 38288.331 | H74: 79979.7 | I74: Оригінал в офісі | J74: 26 08 2024 | K74: так
A75: №24.2.4 | B75: Гідроізоляція Норії | C75: 30402.5 | D75: №69 | E75: =IFERROR(VALUE(MID(D75,2,LEN(D75)-1)),"") -> 69 | F75: 117879.35 | G75: 91549.85 | H75: 26329.5 | I75: Оригінал в офісі | J75: 26 08 2024 | K75: так
A76: №23 | B76: 310-11.4-КБ-Р-Підпірна стінка (склад олії) | C76: 959112.21 | D76: №70 | E76: =IFERROR(VALUE(MID(D76,2,LEN(D76)-1)),"") -> 70 | F76: 203939.56 | G76: 32946.06 | H76: 170993.5 | I76: Оригінал в офісі | J76: 03 09 2024 | K76: так
A77: №3.5.1.5 | D77: №71 | E77: =IFERROR(VALUE(MID(D77,2,LEN(D77)-1)),"") -> 71 | F77: 3843652.4 | G77: 1651331.9 | H77: 2192320.5 | I77: Орігінал в офісі | J77: 13 09 2024 | K77: так
A78: №28 | B78: ТХ Монтаж транспортоного обладнання | C78: 1900000 | D78: №72 | E78: =IFERROR(VALUE(MID(D78,2,LEN(D78)-1)),"") -> 72 | F78: 254850 | H78: 254850 | I78: Оригінал в офісі | J78: 26 08 2024 | K78: так
A79: №8 | D79: №73 | E79: =IFERROR(VALUE(MID(D79,2,LEN(D79)-1)),"") -> 73 | F79: 221742.84 | G79: 21942.839 | H79: 199800 | I79: Оригінал в офісі | J79: 26 08 2024 | K79: так
A80: №12 | D80: №74 | E80: =IFERROR(VALUE(MID(D80,2,LEN(D80)-1)),"") -> 74 | F80: 2250 | G80: 0 | H80: 2250 | I80: Оригінал в офісі | J80: 13 08 2024 | K80: так
A81: №21 | D81: №75 | E81: =IFERROR(VALUE(MID(D81,2,LEN(D81)-1)),"") -> 75 | F81: 77459.5 | H81: 77459.5 | I81: Орігінал в офісі | J81: 26 09 2024 | K81: так
A82: №40 | D82: №76 | E82: =IFERROR(VALUE(MID(D82,2,LEN(D82)-1)),"") -> 76 | F82: 15700 | H82: 15700 | I82: Оригінал в офісі | J82: 13 09 2024
A83: №26 | B83: 310-10-АР-П- Ділянка експандування макухи | D83: №77 | E83: =IFERROR(VALUE(MID(D83,2,LEN(D83)-1)),"") -> 77 | F83: 71715.9 | H83: 71715.9 | I83: Орігінал в офісі | J83: 26 09 2024 | K83: так
A84: №24.2.1 | D84: №78 | E84: =IFERROR(VALUE(MID(D84,2,LEN(D84)-1)),"") -> 78 | F84: 29576.125 | G84: 23015.875 | H84: 6560.25 | I84: Оригінал в офісі | J84: 13 09 2024 | K84: так
A85: №3.5.1.5 | D85: №79 | E85: =IFERROR(VALUE(MID(D85,2,LEN(D85)-1)),"") -> 79 | F85: 1819844.1 | G85: 728716.2 | H85: 1091127.9 | I85: Орігінал в офісі | J85: 13 09 2024 | K85: так
A86: №17 | D86: №80 | E86: =IFERROR(VALUE(MID(D86,2,LEN(D86)-1)),"") -> 80 | F86: 98295.328 | G86: 25544.388 | H86: 72750.94 | I86: Оригінал в офісі | J86: 13 09 2024 | K86: так
A87: №8 | D87: №81 | E87: =IFERROR(VALUE(MID(D87,2,LEN(D87)-1)),"") -> 81 | F87: 283975 | H87: 283975 | I87: Орігінал в офісі | J87: 26 09 2024 | K87: МШП-
A88: №42 | B88: Фундаменти під КТП, земляні роб. | D88: №82 | E88: =IFERROR(VALUE(MID(D88,2,LEN(D88)-1)),"") -> 82 | F88: 24192.53 | H88: 24192.53 | I88: Оригінал в офісі | J88: 13 09 2024 | K88: так
A89: №44 | B89: Виготовлення олієуловлювача | C89: 120000 | D89: №83 | E89: =IFERROR(VALUE(MID(D89,2,LEN(D89)-1)),"") -> 83 | F89: 111272.5 | H89: 111272.5 | I89: Оригінал в офісі | J89: 20 09 2024 | K89: так
A90: №9 | D90: №84 | E90: =IFERROR(VALUE(MID(D90,2,LEN(D90)-1)),"") -> 84 | F90: 185810.15 | G90: 11910.15 | H90: 173900 | I90: Оригінал в офісі | J90: 20 09 2024 | K90: так
A91: №23 | D91: №85 | E91: =IFERROR(VALUE(MID(D91,2,LEN(D91)-1)),"") -> 85 | F91: 337941.17 | G91: 143315.36 | H91: 194625.81 | I91: Оригінал в офісі | J91: 24 10 2024 | K91: так
A92: №28 | D92: №86 | E92: =IFERROR(VALUE(MID(D92,2,LEN(D92)-1)),"") -> 86 | F92: 51720 | H92: 51720 | I92: Орігінал в офісі | J92: 26 09 2024 | K92: так
A93: №45 | B93: Покриття норійного приямку, дод. роботи | C93: 20736.719 | D93: №87 | E93: =IFERROR(VALUE(MID(D93,2,LEN(D93)-1)),"") -> 87 | F93: 19339.953 | H93: 19339.953 | I93: Оригінал в офісі | J93: 27 09 2024 | K93: так
A94: №28 | D94: №88 | E94: =IFERROR(VALUE(MID(D94,2,LEN(D94)-1)),"") -> 88 | F94: 264860 | H94: 264860 | I94: Оригінал в офісі | J94: 20 09 2024 | K94: так
A95: №49 | B95: Ремонт дорожнього покриття | C95: 63217.29 | D95: №89 | E95: =IFERROR(VALUE(MID(D95,2,LEN(D95)-1)),"") -> 89 | F95: 63217.29 | H95: 63217.29 | I95: Оригінал в офісі | J95: 20 09 2024 | K95: так
A96: №51 | B96: Пандус автовигрузки | D96: №90 | E96: =IFERROR(VALUE(MID(D96,2,LEN(D96)-1)),"") -> 90 | F96: 72225.63 | H96: 72225.63 | I96: Оригінал в офісі | J96: 20 09 2024 | K96: так
A97: №43 | B97: Демонтаж бордюрів (благоустрій) | D97: №91 | E97: =IFERROR(VALUE(MID(D97,2,LEN(D97)-1)),"") -> 91 | F97: 5670 | H97: 5670 | I97: Оригінал в офісі | J97: 20 09 2024 | K97: так
A98: №47 | B98: КБ Трансформаторної підстанції | C98: 315020.03 | D98: №92 | E98: =IFERROR(VALUE(MID(D98,2,LEN(D98)-1)),"") -> 92 | F98: 229503.26 | H98: 229503.26 | I98: Оригінал в офісі | J98: 27 09 2024 | K98: так
A99: №55 | B99: Монтаж тельфера | C99: 27150 | D99: №93 | E99: =IFERROR(VALUE(MID(D99,2,LEN(D99)-1)),"") -> 93 | F99: 27150 | H99: 27150 | I99: Оригінал в офісі | J99: 27 09 2024 | K99: так
A100: №28 | D100: №94 | E100: =IFERROR(VALUE(MID(D100,2,LEN(D100)-1)),"") -> 94 | F100: 134843.24 | H100: 134843.24 | I100: Оригінал в офісі | J100: 27 09 2024 | K100: так
A101: №28 | D101: №95 | E101: =IFERROR(VALUE(MID(D101,2,LEN(D101)-1)),"") -> 95 | F101: 198330 | H101: 198330 | I101: Оригінал в офісі | J101: 27 09 2024 | K101: так
A102: №3.5.1.5 | D102: №96 | E102: =IFERROR(VALUE(MID(D102,2,LEN(D102)-1)),"") -> 96 | F102: 15979.2 | H102: 15979.2 | I102: Оригінал в офісі | J102: 08 11 2024 | K102: так | L102: щебень
...

Sheet 10 акт переносится
A2: Реєстр актів виконаних робіт по об'єкту "Ладижин -2"
A4: Акт №1 | B4: Вид робіт (витрат) | C4: Договірна ціна | E4: Зміст актів виконаних робіт | F4: Управлінський облік 2021 р. | Y4: Всього управлінський облік | AB4: ТОВ "ІНДАСТРІАЛБУД"
F5: квітень 2021 р. | H5: травень 2021 р. | J5: червень 2021 р. | L5: липень 2021 р. | N5: серпень 2021 р. | P5: вересень 2021 р. | R5: жовтень 2021 р.
C6: № ДЦ | D6: Сумма ДЦ | F6: № акта | G6: сума, грн з ПДВ | H6: № акта | I6: сума, грн з ПДВ | J6: № акта | K6: сума, грн з ПДВ | L6: № акта | M6: сума, грн з ПДВ | N6: № акта | O6: сума, грн з ПДВ | P6: № акта | Q6: сума, грн з ПДВ | R6: № акта | S6: сума, грн з ПДВ | T6: № акта | U6: сума, грн з ПДВ | V6: № акта | W6: сума, грн з ПДВ | Y6: № акта | Z6: сума, грн з ПДВ | AA6: загальна сума | AB6: всього | AC6: робота | AD6: мат-ли
A7: 1 | B7: 2 | C7: 3 | D7: 4 | E7: 5 | F7: 8 | G7: 9 | Y7: 10 | Z7: 11 | AA7: 12 | AB7: 19 | AC7: 20 | AD7: 21
A8: 1 | B8: Будівництво каркасу оліє-пресового цеху №2 з трансформаторною підстанцією, м.Ладижин, Вінницька область | C8: №1 | D8: 9670800 | E8: земля та фундаменти 7.1-7.9, 12.1-12.3 | F8: №1 | G8: =288379.22 -> 288379.22 | Y8: 1 | Z8: 288379.22 | AA8: =SUM(AB8:AB22) -> 8579031.9 | AB8: 288379.22 | AC8: 279386.06 | AD8: 8993.16
E9: земля 10.6, 10.12 | F9: №2 | G9: 193609.49 | Y9: 2 | Z9: 193609.49 | AB9: 193609.49 | AC9: 193609.49 | AD9: 0
E10: земля, фундаменти 7.1-7.9, 12.1-12.3 | H10: №3 | I10: 266283.61 | Y10: 3 | Z10: 266283.61 | AB10: 266283.61 | AC10: 256961.43 | AD10: 9322.176
E11: земля 8.1-8.4 | H11: №4 | I11: 1054954.1 | Y11: 4 | Z11: 1054954.1 | AB11: =Z11 -> 1054954.1 | AC11: 1043855.2 | AD11: 11098.87
E12: земля, фундаменти 16.2 | J12: №5 | K12: 70786.21 | Y12: 5 | Z12: 70786.21 | AB12: 70786.21 | AC12: 68044.39 | AD12: 2741.82
J13: №6 | K13: 862817.57 | Y13: 6 | Z13: 862817.57 | AB13: 862817.57 | AC13: 805192.25 | AD13: 57625.32
J14: №7 | K14: 291462.71 | Y14: 7 | Z14: 291462.71 | AB14: 291462.71 | AC14: 280166.43 | AD14: 11296.28
J15: №8 | K15: 449187.01 | Y15: 8 | Z15: =K15 -> 449187.01 | AB15: =Z15 -> 449187.01 | AC15: 439722.83 | AD15: 9464.18
J16: №9 | K16: 603287.62 | Y16: 9 | Z16: 603287.62 | AB16: 603287.62 | AC16: 595984.13 | AD16: 7303.49
E17: земля, фунд.7.1-7.9, 8.1-8.4, з/б 16.2 | L17: №10 | M17: 941673.71 | Y17: 10 | Z17: =M17 -> 941673.71 | AB17: =Z17 -> 941673.71 | AC17: =AB17-AD17 -> 921997.47 | AD17: 19676.244
E18: земля, щеб., арм.7.1-7.9, 8.1-8.4, з/б 16.2 | L18: №11 | M18: =Z18 -> 293363.47 | Y18: 11 | Z18: 293363.47 | AB18: =Z18 -> 293363.47 | AC18: 290271.42 | AD18: 3092.05
E19: бет.подг., фунд, гідроіз.7.1-7-9,8.1-8.4,16.2 | L19: №12 | M19: 372983.72 | Y19: 12 | Z19: =M19 -> 372983.72 | AB19: =Z19 -> 372983.72 | AC19: 368468.62 | AD19: 4515.1
E20: земля, фунд.7.1-7.9, 8.1-8.4, м/к 16.2 | N20: №13 | O20: 354144.6 | Y20: №13 | Z20: 354144.6 | AB20: 354144.6 | AC20: =Z20-AD20 -> 349857.55 | AD20: 4287.05
E21: перевез, засипка, ущільн 7.1-7.9, 12.1-12.3 | N21: №14 | O21: 177987.94 | Y21: №14 | Z21: =O21 -> 177987.94 | AB21: 177987.94 | AC21: =AB21-AD21 -> 160077.57 | AD21: 17910.37
E22: фундаменти зерносушарки | P22: №15 | Q22: 2358110.9 | Y22: №15 | Z22: =Q22 -> 2358110.9 | AB22: =Z22 -> 2358110.9 | AC22: 1910403.6 | AD22: 447707.33
Y23: всего | Z23: =SUM(Z8:Z22) -> 8579031.9 | AB23: =SUM(AB8:AB22) -> 8579031.9 | AC23: =SUM(AC8:AC22) -> 7963998.4 | AD23: =SUM(AD8:AD22) -> 615033.44
A25: 2 | B25: ДУ 2 від 19.02.2021 Влаштування шпильок під балки покриття ОПЦ №2 | C25: ДУ 2 | D25: 281803.98 | P25: №1 | Q25: 281803.98 | Y25: №1 | Z25: 281803.98 | AA25: =SUM(AB25:AB26) -> 281803.98 | AB25: =AC25+AD25 -> 281803.98 | AC25: =Z25-AD25 -> 251804.03 | AD25: 29999.95
A27: 3 | B27: Додаткові роботи по монтажу/демонтажу з/б балок каркасу, згідно дефектного акту №1 | D27: 131336.26 | H27: №1 | I27: 110363.99 | Y27: 1 | Z27: =I27 -> 110363.99 | AA27: =AB27 -> 110363.99 | AB27: =I27 -> 110363.99 | AC27: =AB27-AD27 -> 85118.37 | AD27: 25245.62
A30: =A8+1 -> 2 | B30: Влаштування фундаментів допоміжних споруд оліє-пресового цеху по переробці насіння соняшника 1200т/добу №396-10 від 23.03.2021 ДУ 1 | C30: №2 | D30: =#REF! -> #REF! | E30: земля, фундаменти ПРм1 9.5-9.6 | H30: №1 | I30: 111154.22 | Y30: №1 | Z30: 111154.22 | AA30: =SUM(AB30:AB44) -> 2293462.3 | AB30: 111154.22 | AC30: =AB30-AD30 -> 44105.48 | AD30: =55873.95*1.2 -> 67048.74
E31: земля, фундаменти ПРм1 9.7-9.8 | J31: №2 | K31: 99020.51 | Y31: №2 | Z31: =K31 -> 99020.51 | AB31: =K31 -> 99020.51 | AC31: 53748.15 | AD31: 45272.36
J32: №3 | K32: 345752.57 | Y32: №3 | Z32: 345752.57 | AB32: 345752.57 | AC32: 231533.51 | AD32: 114219.06
J33: №4 | K33: 103230.59 | V33: =D30-Z45 -> #REF! | Y33: №4 | Z33: 103230.59 | AB33: 103230.59 | AC33: 30347.27 | AD33: 72883.32
J34: №5 | K34: 58541.36 | Y34: №5 | Z34: 58541.36 | AB34: 58541.36 | AC34: 33049.98 | AD34: 25491.38
L35: №6 | M35: 20510.87 | Y35: №6 | Z35: 20510.87 | AB35: 20510.87 | AC35: =Z35-AD35 -> 19006.322 | AD35: 1504.548
L36: №7 | M36: =Z36 -> 112396.12 | Y36: №7 | Z36: 112396.12 | AB36: =Z36 -> 112396.12 | AC36: 57471.424 | AD36: 54924.696
L37: №8 | M37: 36533.03 | Y37: №8 | Z37: =M37 -> 36533.03 | AB37: =Z37 -> 36533.03 | AC37: 32587.68 | AD37: 3945.35
L38: №9 | M38: 282807.74 | Y38: №9 | Z38: =M38 -> 282807.74 | AB38: =Z38 -> 282807.74 | AC38: =AB38-AD38 -> 157013.31 | AD38: 125794.43
R39: №10 | S39: 236670.38 | W39: ВО 27 | X39: =Z39+Z43+Z44 -> 596567.15 | Y39: №10 | Z39: 236670.38 | AB39: 236670.38 | AC39: =AB39-AD39 -> 135826.63 | AD39: 100843.75
R40: №11 | S40: 78675.94 | W40: ВО 24 | X40: =X39+'Реєстр ДЦ '!#REF!+'Реєстр ДЦ '!#REF!+'Реєстр ДЦ '!#REF!+'Реєстр ДЦ '!#REF! -> #REF! | Y40: №11 | Z40: 78675.94 | AB40: 78675.94 | AC40: =AB40-AD40 -> 32607.32 | AD40: 46068.62
R41: №12 | S41: 83218.66 | W41: ВО 23 | Y41: №12 | Z41: 75489.29 | AB41: =Z41 -> 75489.29 | AC41: =AB41-AD41 -> 31514.7 | AD41: 43974.59
R42: №13 | S42: =Z42 -> 372782.87 | W42: ВО 25 | Y42: №13 | Z42: 372782.87 | AB42: =Z42 -> 372782.87 | AC42: =AB42-AD42 -> 152785.19 | AD42: 219997.68
R43: №14 | S43: 328788.29 | W43: ВО 26 | Y43: №14 | Z43: 356228.86 | AB43: =Z43 -> 356228.86 | AC43: =AB43-AD43 -> 201417.04 | AD43: 154811.82
R44: №15 | S44: 12657.74 | W44: ВО 22 | Y44: №15 | Z44: 3667.91 | AB44: =Z44 -> 3667.91 | AC44: =AB44-AD44 -> 2114.51 | AD44: 1553.4
Y45: всего | Z45: =SUM(Z30:Z44) -> 2293462.3 | AB45: =SUM(AB30:AB44) -> 2293462.3 | AC45: =SUM(AC30:AC40) -> 827297.08 | AD45: =AB45-AC45 -> 1466165.2
A47: 3 | B47: Виготовлення і монтаж металоконструкцій ТХ | C47: №3 | D47: 1540968 | N47: №1 | O47: 248026.63 | Y47: №1 | Z47: 248026.63 | AA47: =SUM(AB47:AB51) -> 672881.95 | AB47: 248026.63 | AC47: =Z47-AD47 -> 242763.11 | AD47: 5263.52
N48: №2 | O48: 227228.23 | Y48: №2 | Z48: =O48 -> 227228.23 | AB48: =Z48 -> 227228.23 | AC48: =AB48-AD48 -> 222406.2 | AD48: 4822.03
Y49: №3 | Z49: 197627.09 | AB49: =Z49 -> 197627.09
Y52: всего | Z52: =SUM(Z47:Z51) -> 672881.95 | AB52: =SUM(AB47:AB51) -> 672881.95 | AC52: =SUM(AC47:AC51) -> 465169.31 | AD52: =SUM(AD47:AD51) -> 10085.55
A53: 4 | B53: Влаштування фундаментів допоміжних споруд оліє-пресового цеху по переробці насіння соняшника 1200т/добу ДУ 2 | C53: №4 | D53: 414039.73 | L53: №1 | M53: 87813.66 | Y53: №1 | Z53: 87813.66 | AA53: =SUM(AB53:AB57) -> 376145.98 | AB53: =Z53 -> 87813.66 | AC53: 42008.34 | AD53: 45805.32
L54: №2 | M54: =Z54 -> 43236.49 | Y54: №2 | Z54: 43236.49 | AB54: =Z54 -> 43236.49 | AC54: 20794.07 | AD54: 22442.42
L55: №3 | M55: =Z55 -> 199976.26 | Y55: №3 | Z55: 199976.26 | AB55: =Z55 -> 199976.26 | AC55: 190762.9 | AD55: 9213.36
L56: №4 | M56: =Z56 -> 45119.57 | Y56: №4 | Z56: 45119.57 | AB56: =Z56 -> 45119.57 | AC56: =AB56 -> 45119.57 | AD56: -
Y58: всего | Z58: =SUM(Z53:Z57) -> 376145.98 | AB58: =SUM(AB53:AB57) -> 376145.98 | AC58: =SUM(AC53:AC57) -> 298684.88 | AD58: =SUM(AD53:AD57) -> 77461.1
A59: 5 | B59: ТП 2 | C59: №5 | D59: 234737.15
B65: ВСЬОГО: | D65: =SUM(D8:D64) -> #REF! | G65: =SUM(G8:G64) -> 481988.71 | I65: =SUM(I8:I64) -> 1542755.9 | K65: =SUM(K8:K64) -> 2884086.1 | M65: =SUM(M8:M64) -> 2436414.6 | O65: =SUM(O8:O64) -> 1007387.4 | Q65: =SUM(Q8:Q64) -> 2639914.9 | S65: =SUM(S8:S64) -> 1112793.9 | U65: =SUM(U8:U64) -> 0 | W65: =SUM(W8:W64) -> 0 | Z65: =Z23+Z27+Z45+Z52+Z58+Z25 -> 12313690 | AA65: =SUM(AA8:AA58) -> 12313690 | AB65: =AB23+AB27+AB45+AB52+AB58+AB25 -> 12313690 | AC65: =AC23+AC27+AC45+AC52+AC58+AC25 -> 9892072.1 | AD65: =AD23+AD27+AD45+AD52+AD58+AD25 -> 2223990.8
AF66: =D30-AA30 -> #REF!
B68: Виконавець: __________________
B72: Погоджено __________________________

Sheet материал Ладижин
A2: АВР "Ладижин -2"
D3: МАТЕРІАЛИ
A4: п/п | B4: ДОГОВІР | C4: № акта | D4: БЕЗ ПДВ | E4: З ПДВ
A5: 1 | B5: Будівництво каркасу оліє-пресового цеху №2 з трансформаторною підстанцією, м.Ладижин, Вінницька область №389-10 від 19.02.2021 | C5: №1 | D5: 7494.3 | E5: =D5*1.2 -> 8993.16
C6: №2 | D6: 23.05 | E6: =D6*1.2 -> 27.66
C7: №3 | D7: 7768.48 | E7: =D7*1.2 -> 9322.176
C8: №4 | D8: 9249.06 | E8: =D8*1.2 -> 11098.872
C9: №5 | D9: 2284.84 | E9: =D9*1.2 -> 2741.808
C10: №6 | D10: 48021.11 | E10: =D10*1.2 -> 57625.332
C11: №7 | D11: 9413.57 | E11: =D11*1.2 -> 11296.284
C12: №8 | D12: 7886.82 | E12: =D12*1.2 -> 9464.184
C13: №9 | D13: 6086.26 | E13: =D13*1.2 -> 7303.512
C14: №10 | D14: 16396.86 | E14: =D14*1.2 -> 19676.232
C15: №11 | D15: 2576.71 | E15: =D15*1.2 -> 3092.052
C16: №12 | D16: 3762.57 | E16: =D16*1.2 -> 4515.084
C17: №13 | D17: 3572.55 | E17: =D17*1.2 -> 4287.06
... C19: №15 | D19: 373089.66 | E19: =D19*1.2 -> 447707.59
C20: всего | E20: =SUM(E5:E19) -> 615061.38
A21: 2 | B21: ДУ 2 від 19.02.2021 Влаштування шпильок під балки покриття ОПЦ №2 №389-10 від 19.02.2021 ДУ 2 від 19.02.2021 | C21: №1 | D21: 24999.96 | E21: =D21*1.2 -> 29999.952
A22: 3 | B22: Додаткові роботи по монтажу/демонтажу з/б балок каркасу, згідно дефектного акту №1 Д/У№1 до дог. №389-10 від 19.02.2021 | C22: №1 | D22: 21038.02 | E22: =D22*1.2 -> 25245.624
A23: =A5+1 -> 2 | B23: Влаштування фундаментів допоміжних споруд оліє-пресового цеху по переробці насіння соняшника 1200т/добу №396-10 від 23.03.2021 ДУ 1 | C23: №1 | D23: 55874.91 | E23: =D23*1.2 -> 67049.892
C24: №2 | D24: 37726.97 | E24: =D24*1.2 -> 45272.364
C25: №3 | D25: 95182.55 | E25: =D25*1.2 -> 114219.06
C26: №4 | D26: 60736.1 | E26: =D26*1.2 -> 72883.32
C27: №5 | D27: 21242.81 | E27: =D27*1.2 -> 25491.372
C28: №6 | D28: 1253.78 | E28: =D28*1.2 -> 1504.536
C29: №7 | D29: 45770.58 | E29: =D29*1.2 -> 54924.696
C30: №8 | D30: 3287.79 | E30: =D30*1.2 -> 3945.348
C31: №9 | D31: 104828.68 | E31: =D31*1.2 -> 125794.42
C32: №10 | D32: 38390.54 | E32: =D32*1.2 -> 46068.648
C33: №11 | D33: 33164.52 | E33: =D33*1.2 -> 39797.424
C34: №12 | D34: 171056.73 | E34: =D34*1.2 -> 205268.08
C35: №13 | D35: 59510.96 | E35: =D35*1.2 -> 71413.152
... C41: №19 | D41: 766.9 | E41: =D41*1.2 -> 920.28
C42: всего | E42: =SUM(E23:E41) -> 1193453.6
A43: 3 | B43: Виготовлення і монтаж металоконструкцій ТХ №406-10 від 02.06.2021 | C43: №1 | D43: 4386.25 | E43: =D43*1.2 -> 5263.5
C44: №2 | D44: 4018.36 | E44: =D44*1.2 -> 4822.032
C45: №3 | D45: 3494.95 | E45: =D45*1.2 -> 4193.94
C46: №4 | D46: 3400.86 | E46: =D46*1.2 -> 4081.032
C47: всего | E47: =SUM(E43:E46) -> 18360.504
A48: 4 | B48: Влаштування фундаментів допоміжних споруд оліє-пресового цеху по переробці насіння соняшника 1200т/добу до додаткової угоди №2 від "13" липня 2021 До дог №396-10 від 23.03.2021 | C48: №1 | D48: 38171.62 | E48: =D48*1.2 -> 45805.944
C49: №2 | D49: 18702.27 | E49: =D49*1.2 -> 22442.724
C50: №3 | D50: 7677.79 | E50: =D50*1.2 -> 9213.348
C51: всего | E51: =SUM(E48:E50) -> 77462.016
B52: ВСЬОГО: | E52: =E51+E47+E42+E22+E21+E20 -> 1959583.1
B55: Виконавець: __________________
B59: Погоджено __________________________

Sheet Пожарка подрядчик
A1: РЕЄСТР ДОГОВІРНИХ ЦІН
A3: № п/п | B3: Вид робіт (витрат) | C3: ознака робіт | D3: Номер ДЦ | E3: Сумма | F3: Статус
A4: 1 | B4: Монтаж системи газ.пожежогасіння машинного приміщення ЛТПП секц.5 | C4: пожарка | D4: №1 | E4: 107970.18 | F4: погоджено
A5: =A4+1 -> 2 | B5: Монтаж системи контролю загазованості секц.5 | C5: пожарка | D5: №2 | E5: 38378.59 | F5: погоджено
A6: =A5+1 -> 3 | B6: Монтаж автоматичної системи оповіщення людей про пожежу секц.5 | C6: пожарка | D6: №3 | E6: 82852.78 | F6: погоджено
A7: =A6+1 -> 4 | B7: Монтаж системи автоматичної пожежної сигналізації секц.5 | C7: пожарка | D7: №4 | E7: 979787.02 | F7: погоджено
A8: =A7+1 -> 5 | B8: Монтаж системи автоматизації протидимного захисту секц.5 | C8: пожарка | D8: №5 | E8: 565478.29 | F8: погоджено
A9: =A8+1 -> 6 | B9: Монтаж системи димовидалення (технологічна частина) секц.5 | C9: пожарка | D9: №6 | E9: 573308.27 | F9: погоджено
A10: =A9+1 -> 7 | B10: Монтаж системи димовидалення (технологічна частина) секц.5 (дод.роботи) | C10: пожарка | D10: №7 | E10: 88842.36 | F10: погоджено
A11: =A10+1 -> 8 | B11: Монтаж системи автоматизації протидимного захисту секц.6 | C11: пожарка | D11: №12 | E11: 589296.65 | F11: погоджено
A12: =A11+1 -> 9 | B12: Монтаж автоматичної системи оповіщення людей про пожежу секц.6 | C12: пожарка | D12: №10 | E12: 100485.89 | F12: погоджено
A13: =A12+1 -> 10 | B13: Монтаж системи газ.пожежогасіння машинного приміщення ЛТПП секц.6 | C13: пожарка | D13: №8 | E13: 107970.18 | F13: погоджено
A14: =A13+1 -> 11 | B14: Монтаж системи контролю загазованості секц.6 | C14: пожарка | D14: №9 | E14: 55788.36 | F14: погоджено
A15: =A14+1 -> 12 | B15: Монтаж системи автоматичної пожежної сигналізації секц.6 | C15: пожарка | D15: №11 | E15: 1129114.1 | F15: погоджено
A16: =A15+1 -> 13 | B16: Монтаж системи димовидалення (технологічна частина) секц.6 | C16: пожарка | D16: №13 | E16: 542099.16 | F16: погоджено
A17: =A16+1 -> 14 | B17: Монтаж системи димовидалення (технологічна частина) секц.6 (дод.роботи) | C17: пожарка | D17: №14 | E17: 91400.04 | F17: погоджено
B18: ВСЬОГО | E18: =SUBTOTAL(109,E4:E17) -> 5052771.8

Sheet Лист1
