Workbook
Name Excel_BuiltIn_Print_Area_4: "#REF!"
Name Excel_BuiltIn_Print_Area_4_1: "#REF!"
Name Excel_BuiltIn_Print_Area_7: "#REF!"
Name Excel_BuiltIn_Print_Area_7_1: "#REF!"
Name Механизаторі: 'МЕХАНИЗАТОРЫ апрель'!$C$7:$C$20
Name Механизаторі: 'МЕХАНИЗАТОРЫ ноябрь'!$C$7:$C$20
Name Механизаторы: 'МЕХАНИЗАТОРЫ апрель'!$C$7:$C$20
Name Механизаторы: 'МЕХАНИЗАТОРЫ ноябрь'!$C$7:$C$20
Name Объекты: [1]Объекты!$B$2:$B$12

Sheet Контакты
A3: № | B3: Наименование | C3: Модель | D3: Год выпуска | E3: Оператор | F3: Место работы на данный момент
A4: 1 | B4: Экскаватор-Погрузчик | C4: JCB 3CX SM 4T | D4: 2007 | E4: Карбунар Ярослав 098-243-50-47 | F4: Староконстантинов
A5: 2 | B5: Экскаватор-Погрузчик | C5: JCB 3CX | D5: 2008 | E5: Горячий Иван 050-560-96-15; Поддубный Гена 050-714-94-57 | F5: Ладыжин
A6: 3 | B6: Экскаватор-Погрузчик | C6: JCB 3CX | D6: 2013 | E6: Нагородняк Славик 098-493-11-38; Чижевский Анатолий 098-613-46-09 | F6: Пологи
A7: 4 | B7: Телескопический Погрузчик | C7: JCB 535-125 | D7: 2008 | E7: Ложечник Богдан 099-451-22-32 Грабищенко Николай 095-462-78-70 | F7: Беловод
A8: 5 | B8: Телескопический Погрузчик | C8: JCB 535-125 | D8: 2011 | E8: Вербицкий Виктор 050-866-01-57 Рудаков Александр 050-130-74-12 | F8: Харьков
A9: 6 | B9: Телескопический Погрузчик | C9: JCB 535-140 | D9: 2013 | E9: Гергель Анатолий 050-859-40-24; Чередниченко Саша 099-264-47-33 | F9: Пологи
A10: 7 | B10: Телескопический Погрузчик | C10: JCB 533-105 | D10: 2012 | E10: Мазуренко Женя 093-340-37-82 | F10: Староконстантинов
A11: 8 | B11: Автокран | C11: Клинцы кс-55713-1к | D11: 2008 | E11: Болох Владимир 068-403-20-82; Вандяк Иван Петрович 096-467-69-88 | F11: Беловод
A12: 9 | B12: Автокран | C12: XCMG Q25K | D12: 2016 | E12: Романюк Миша 097-813-09-30 | F12: Староконстантинов
A13: 10 | B13: Автокран | C13: XCMG QAY55 | D13: 2014 | E13: Січкар Володимир 098-475-35-91 Іванченко Володимир 095-366-69-82 | F13: Ладыжин
A14: 11 | B14: Гусеничный кран | C14: РДК 250 | D14: 1990 | E14: Манчук Сергей 095-003-55-89 | F14: Староконстантинов
A15: 12 | B15: Самосвал | C15: МАЗ 5550 С(№264) | D15: 2019 | E15: Гринько Дима 066-770-58-66; Рябцев Максим 066-619-64-60 | F15: 15.01 перезд Староконстантинов
... A18: 15 | B18: Экскаватор гусеничный | C18: JCB 220 LC | D18: 2013 | E18: Вичев Валерий 066-472-00-73 | F18: Беловод
A19: 16 | B19: Виброкаток | C19: HAMM3307 | D19: 2013 | F19: Староконстантинов
A20: 17 | B20: Роторный телескопический погрузчик | C20: Dieci Pegasus 40.25 | D20: 2008 | E20: Зоря Богдан 097-435-86-58 | F20: Староконстантинов
A21: 18 | B21: Тягач | C21: Ford 1824T | D21: 2020 | E21: Зоря Руслан 068-639-65-53
A22: 19 | B22: Гусеничный кран | C22: РДК 250-3 №2 | E22: Трохименко Виталик 093-114-59-89; | F22: Львов
A23: 20 | B23: Телескопический Погрузчик | C23: 540-170 | E23: Мисюрко Валерий 097-966-15-32 | F23: Львов

Sheet Лист2
A1: ПІБ | B1: ІНН | C1: ІВАН
A2: Аксенчіков Сергій Олександрович | B2: 3457309598 | C2: UA263005280000000262022269551
A3: Антонович Тетяна Сергіївна | B3: 2894801342 | C3: UA093005280000000262062269553
A4: Аулова Маргарита Володимирівна | B4: 3036417408 | C4: UA623005280000000262012269561
A5: Бабошина Ольга Михайлівна | B5: 3584606561 | C5: UA463005280000000262062269566
A6: Бланченко Олександр Миколайович | B6: 2461302113 | C6: UA023005280000000262022282787
A7: Болох Володимир Васильович | B7: 2794610037 | C7: UA643005280000000262041994496
A8: Бондар Ярослав Михайлович | B8: 2772909678 | C8: UA813005280000000262042269573
A9: Борисенко Олексій Миколайович | B9: 2957816213 | C9: UA173005280000000262092288290
A10: Будус Йосип Йосипович | B10: 2892916533 | C10: UA363005280000000262022288286
A11: Бунтило Віталій Іванович | B11: 3000412772 | C11: UA373005280000000262082288297
A12: Бутенко Матвій Анатолійович | B12: 3552110973 | C12: UA933005280000000262062194709
A13: ГАВРИЧЕНКО ОЛЕКСАНДР БОРИСОВИЧ | B13: 2865402633 | C13: UA893005280000000262072265903
... A65: Якубовський Василь Григорович | B65: 2563423013 | C65: UA353005280000000262062288291

Sheet Лист3
G1: год.роботи
F2: + | G2: год.роботы | H2: год.ТО | J2: х | K2: грн
A3: Номер | B3: Подразделение | C3: Ф2 | D3: Назначение платежа | E3: Комментарий | F3: Работы | I3: ТО
A4: 8426 | B4: Телескоп 2 | C4: 25770 | D4: ЗП за 01.01.2024 - 31.01.2024 141 год.роботи х 170 грн. + 18 год.ТО и заправки х 100 грн. = До виплати 25 770 грн. | E4: Савранский І.В. | F4: =VALUE(MID(D4,31,FIND($G$1,D4,1)-31)) -> 141 | G4: =FIND($F$2,D4,1) -> 57 | H4: =FIND($H$2,D4,1) -> 62 | I4: =VALUE(MID(D4,G4+2,H4-G4-2)) -> 18 | J4: =FIND($J$2,D4,1) -> 45 | K4: =FIND($K$2,D4,1) -> 51 | L4: =VALUE(MID(D4,J4+3,K4-J4-3)) -> 170 | M4: 100 | N4: =F4*L4+I4*M4 -> 25770 | O4: 7647.5 | P4: =COUNTIF(#REF!,Лист3!A4) -> #REF!
A5: 8427 | B5: Телескоп JCB 535-140 (№4) | C5: 26350 | D5: ЗП за 01.01.2024 - 31.01.2024 155 год.роботи х 170 грн. + 0 год.ТО и заправки х 100 грн. = До виплати 26 350 грн. | E5: Косік Ю.А. | F5: =VALUE(MID(D5,31,FIND($G$1,D5,1)-31)) -> 155 | G5: =FIND($F$2,D5,1) -> 57 | H5: =FIND($H$2,D5,1) -> 61 | I5: =VALUE(MID(D5,G5+2,H5-G5-2)) -> 0 | J5: =FIND($J$2,D5,1) -> 45 | K5: =FIND($K$2,D5,1) -> 51 | L5: =VALUE(MID(D5,J5+3,K5-J5-3)) -> 170 | M5: 100 | N5: =F5*L5+I5*M5 -> 26350 | O5: 7953.4 | P5: =COUNTIF(#REF!,Лист3!A5) -> #REF!
A6: 8428 | B6: Телескоп JCB 540-170 №5 | C6: 30610 | D6: ЗП за 01.01.2024 - 31.01.2024 163 год.роботи х 170 грн. + 29 год.ТО и заправки х 100 грн. = До виплати 30 610 грн. | E6: Горячий І.В. | F6: =VALUE(MID(D6,31,FIND($G$1,D6,1)-31)) -> 163 | G6: =FIND($F$2,D6,1) -> 57 | H6: =FIND($H$2,D6,1) -> 62 | I6: =VALUE(MID(D6,G6+2,H6-G6-2)) -> 29 | J6: =FIND($J$2,D6,1) -> 45 | K6: =FIND($K$2,D6,1) -> 51 | L6: =VALUE(MID(D6,J6+3,K6-J6-3)) -> 170 | M6: 100 | N6: =F6*L6+I6*M6 -> 30610 | O6: 7953.4 | P6: =COUNTIF(#REF!,Лист3!A6) -> #REF!
A7: 8429 | B7: Экскаватор JCB | C7: 32430 | D7: ЗП за 01.01.2024 - 31.01.2024 179 год.роботи х 170 грн. + 20 год.ТО и заправки х 100 грн. = До виплати 32 430 грн. | E7: Карбунар Я.Д. | F7: =VALUE(MID(D7,31,FIND($G$1,D7,1)-31)) -> 179 | G7: =FIND($F$2,D7,1) -> 57 | H7: =FIND($H$2,D7,1) -> 62 | I7: =VALUE(MID(D7,G7+2,H7-G7-2)) -> 20 | J7: =FIND($J$2,D7,1) -> 45 | K7: =FIND($K$2,D7,1) -> 51 | L7: =VALUE(MID(D7,J7+3,K7-J7-3)) -> 170 | M7: 100 | N7: =F7*L7+I7*M7 -> 32430 | O7: 7953.4 | P7: =COUNTIF(#REF!,Лист3!A7) -> #REF!
A8: 8430 | B8: Экскаватор JCB 3CX 2008 | C8: 35110 | D8: ЗП за 01.01.2024 - 31.01.2024 193 год.роботи х 170 грн. + 23 год.ТО и заправки х 100 грн. = До виплати 35 110 грн. | E8: Ковальчук В.В. | F8: =VALUE(MID(D8,31,FIND($G$1,D8,1)-31)) -> 193 | G8: =FIND($F$2,D8,1) -> 57 | H8: =FIND($H$2,D8,1) -> 62 | I8: =VALUE(MID(D8,G8+2,H8-G8-2)) -> 23 | J8: =FIND($J$2,D8,1) -> 45 | K8: =FIND($K$2,D8,1) -> 51 | L8: =VALUE(MID(D8,J8+3,K8-J8-3)) -> 170 | M8: 100 | N8: =F8*L8+I8*M8 -> 35110 | O8: 7953.4 | P8: =COUNTIF(#REF!,Лист3!A8) -> #REF!
A9: 8431 | B9: Экскаватор JCB 2013 | C9: 24310 | D9: ЗП за 01.01.2024 - 31.01.2024 143 год.роботи х 170 грн. + 0 год.ТО и заправки х 100 грн. = До виплати 24 310 грн. | E9: Трубилко В.Т. | F9: =VALUE(MID(D9,31,FIND($G$1,D9,1)-31)) -> 143 | G9: =FIND($F$2,D9,1) -> 57 | H9: =FIND($H$2,D9,1) -> 61 | I9: =VALUE(MID(D9,G9+2,H9-G9-2)) -> 0 | J9: =FIND($J$2,D9,1) -> 45 | K9: =FIND($K$2,D9,1) -> 51 | L9: =VALUE(MID(D9,J9+3,K9-J9-3)) -> 170 | M9: 100 | N9: =F9*L9+I9*M9 -> 24310 | O9: 2954.7122 | P9: =COUNTIF(#REF!,Лист3!A9) -> #REF!
A10: 8432 | B10: Автокран XCMG | C10: 24180 | D10: ЗП за 01.01.2024 - 31.01.2024 116 год.роботи х 180 грн. + 33 год.ТО и заправки х 100 грн. = До виплати 24 180 грн. | E10: Болох В.В. | F10: =VALUE(MID(D10,31,FIND($G$1,D10,1)-31)) -> 116 | G10: =FIND($F$2,D10,1) -> 57 | H10: =FIND($H$2,D10,1) -> 62 | I10: =VALUE(MID(D10,G10+2,H10-G10-2)) -> 33 | J10: =FIND($J$2,D10,1) -> 45 | K10: =FIND($K$2,D10,1) -> 51 | L10: =VALUE(MID(D10,J10+3,K10-J10-3)) -> 180 | M10: 100 | N10: =F10*L10+I10*M10 -> 24180 | O10: 7647.5 | P10: =COUNTIF(#REF!,Лист3!A10) -> #REF!
A11: 8434 | B11: Самосвал Камаз | C11: 16200 | D11: ЗП за 01.01.2024 - 31.01.2024 110 год.роботи х 140 грн. + 8 год.ТО и заправки х 100 грн. = До виплати 16 200 грн. | E11: Якубовський В.Г. | F11: =VALUE(MID(D11,31,FIND($G$1,D11,1)-31)) -> 110 | G11: =FIND($F$2,D11,1) -> 57 | H11: =FIND($H$2,D11,1) -> 61 | I11: =VALUE(MID(D11,G11+2,H11-G11-2)) -> 8 | J11: =FIND($J$2,D11,1) -> 45 | K11: =FIND($K$2,D11,1) -> 51 | L11: =VALUE(MID(D11,J11+3,K11-J11-3)) -> 140 | M11: 100 | N11: =F11*L11+I11*M11 -> 16200 | O11: 7647.5 | P11: =COUNTIF(#REF!,Лист3!A11) -> #REF!
A12: 8436 | B12: Виброкаток | C12: 14820 | D12: ЗП за 01.01.2024 - 31.01.2024 66 год.роботи х 170 грн. + 36 год.ТО и заправки х 100 грн. = До виплати 14 820 грн. | E12: Скоц С.І. | F12: =VALUE(MID(D12,31,FIND($G$1,D12,1)-31)) -> 66 | G12: =FIND($F$2,D12,1) -> 56 | H12: =FIND($H$2,D12,1) -> 61 | I12: =VALUE(MID(D12,G12+2,H12-G12-2)) -> 36 | J12: =FIND($J$2,D12,1) -> 44 | K12: =FIND($K$2,D12,1) -> 50 | L12: =VALUE(MID(D12,J12+3,K12-J12-3)) -> 170 | M12: 100 | N12: =F12*L12+I12*M12 -> 14820 | O12: 5738.5276 | P12: =COUNTIF(#REF!,Лист3!A12) -> #REF!
A13: 8437 | B13: Экскаватор JCB 220 | C13: 5040 | D13: ЗП за 01.01.2024 - 31.01.2024 12 год.роботи х 170 грн. + 30 год.ТО и заправки х 100 грн. = До виплати 5 040 грн. | E13: Скоц С.І. | F13: =VALUE(MID(D13,31,FIND($G$1,D13,1)-31)) -> 12 | G13: =FIND($F$2,D13,1) -> 56 | H13: =FIND($H$2,D13,1) -> 61 | I13: =VALUE(MID(D13,G13+2,H13-G13-2)) -> 30 | J13: =FIND($J$2,D13,1) -> 44 | K13: =FIND($K$2,D13,1) -> 50 | L13: =VALUE(MID(D13,J13+3,K13-J13-3)) -> 170 | M13: 100 | N13: =F13*L13+I13*M13 -> 5040 | O13: 1951.5638 | P13: =COUNTIF(#REF!,Лист3!A13) -> #REF!
A14: 8438 | B14: Телескоп JCB 540-170 №5 | C14: 680 | D14: ЗП за 01.01.2024 - 31.01.2024 4 год.роботи х 170 грн. + 0 год.ТО и заправки х 100 грн. = До виплати 680 грн. | E14: Скоц С.І. | F14: =VALUE(MID(D14,31,FIND($G$1,D14,1)-31)) -> 4 | G14: =FIND($F$2,D14,1) -> 55 | H14: =FIND($H$2,D14,1) -> 59 | I14: =VALUE(MID(D14,G14+2,H14-G14-2)) -> 0 | J14: =FIND($J$2,D14,1) -> 43 | K14: =FIND($K$2,D14,1) -> 49 | L14: =VALUE(MID(D14,J14+3,K14-J14-3)) -> 170 | M14: 100 | N14: =F14*L14+I14*M14 -> 680 | O14: 263.30861 | P14: =COUNTIF(#REF!,Лист3!A14) -> #REF!
A15: 8439 | B15: МАЗ 264 | C15: 13280 | D15: ЗП за 01.01.2024 - 31.01.2024 92 год.роботи х 140 грн. + 4 год.ТО и заправки х 100 грн. = До виплати 13 280 грн. | E15: Самойленко В.М. | F15: =VALUE(MID(D15,31,FIND($G$1,D15,1)-31)) -> 92 | G15: =FIND($F$2,D15,1) -> 56 | H15: =FIND($H$2,D15,1) -> 60 | I15: =VALUE(MID(D15,G15+2,H15-G15-2)) -> 4 | J15: =FIND($J$2,D15,1) -> 44 | K15: =FIND($K$2,D15,1) -> 50 | L15: =VALUE(MID(D15,J15+3,K15-J15-3)) -> 140 | M15: 100 | N15: =F15*L15+I15*M15 -> 13280 | O15: 7647.5 | P15: =COUNTIF(#REF!,Лист3!A15) -> #REF!
... A20: 8444 | B20: Самосвал МАЗ | C20: 21180 | D20: ЗП за 01.01.2024 - 31.01.2024 147 год.роботи х 140 грн. + 6 год.ТО и заправки х 100 грн. = До виплати 21 180 грн. | E20: Божков В.В. | F20: =VALUE(MID(D20,31,FIND($G$1,D20,1)-31)) -> 147 | G20: =FIND($F$2,D20,1) -> 57 | H20: =FIND($H$2,D20,1) -> 61 | I20: =VALUE(MID(D20,G20+2,H20-G20-2)) -> 6 | J20: =FIND($J$2,D20,1) -> 45 | K20: =FIND($K$2,D20,1) -> 51 | L20: =VALUE(MID(D20,J20+3,K20-J20-3)) -> 140 | M20: 100 | N20: =F20*L20+I20*M20 -> 21180 | O20: 6939.7626 | P20: =COUNTIF(#REF!,Лист3!A20) -> #REF!
O22: 3547.56

Sheet Лист1
B2: Сумма к выплате | C2: РКО | D2: ИНН | E2: IBAN | F2: Фамилия | G2: Имя | H2: Отчество | I2: Отправитель | J2: Банк
B3: 13000 | C3: 130 | D3: 2374714914 | E3: UA503005280000000262022288228 | F3: Мусієнко | G3: Ігор | H3: Іванович | I3: Мусієнко | J3: ОТП
B4: 15900 | C4: 159 | D4: 3132604831 | E4: UA453005280000000262072233715 | F4: Ковальчук | G4: Валентин | H4: Вікторович | I4: Ковальчук | J4: ОТП
B5: 16900 | C5: 169 | D5: 2753702532 | E5: UA883005280000000262002769495 | F5: Божков | G5: Валерій | H5: Вікторович | I5: Божков | J5: ОТП
B6: 5900 | C6: 59 | D6: 2423910335 | E6: UA563005280000000262012773099 | F6: Селівончик | G6: Ігор | H6: Петрович | I6: Селівончик | J6: ОТП
B7: 27400 | C7: 274 | D7: 2334806973 | E7: UA523005280000000262032797754 | F7: Савранский | G7: Іван | H7: Володимирович | I7: Савранский | J7: ОТП
B8: 45000 | C8: 450 | D8: 3013807931 | E8: UA373005280000000262032288289 | F8: Горячий | G8: Іван | H8: Васильович | I8: Горячий | J8: ОТП
B9: 12000 | C9: 120 | D9: 3359108675 | E9: UA623005280000000262082722504 | F9: Кушнірюк | G9: Микола | H9: Володимирович | I9: Кушнірюк | J9: ОТП
B10: 30000 | C10: 300 | D10: 2852918337 | E10: UA733005280000000262041996371 | F10: Косік | G10: Юрій | H10: Анатолійович | I10: Косік | J10: ОТП
B11: 23500 | C11: 235 | D11: 3061614236 | E11: UA983005280000000262092288287 | F11: Трохименко | G11: Віталій | H11: Якович | I11: Трохименко | J11: ОТП
B12: 48500 | C12: 485 | D12: 3166313137 | E12: UA093005280000000262021994474 | F12: Карбунар | G12: Ярослав | H12: Дмитрович | I12: Карбунар | J12: ОТП
B13: 10700 | C13: 107 | D13: 2228715218 | E13: UA593005280000000262022584401 | F13: Зенкін | G13: Дмитро | H13: Юрійович | I13: Зенкін | J13: ОТП
B14: 36200 | C14: 362 | D14: 2794610037 | E14: UA643005280000000262041994496 | F14: Болох | G14: Володимир | H14: Васильович | I14: Болох | J14: ОТП
... B20: 19300 | C20: 193 | D20: 2280303036 | E20: UA303005280000000262062233576 | F20: Скоц | G20: Сергій | H20: Іванович | I20: Скоц | J20: ОТП
B21: 3000 | C21: 0 | D21: Передано через Гриценко С.
A22: ИТОГО: | B22: =SUM(B3:B21) -> 367100 | C22: =SUM(C3:C21) -> 3641
A23: ИТОГО С РКО: | B23: =B22+C22 -> 370741

Sheet IBAN
A1: Аксенчіков Сергій Олександрович | B1: 3457309598 | C1: UA263005280000000262022269551
A2: Антонович Тетяна Сергіївна | B2: 2894801342 | C2: UA093005280000000262062269553
A3: Аулова Маргарита Володимирівна | B3: 3036417408 | C3: UA623005280000000262012269561
A4: Бабошина Ольга Михайлівна | B4: 3584606561 | C4: UA463005280000000262062269566
A5: Бондар Ярослав Михайлович | B5: 2772909678 | C5: UA813005280000000262042269573
A6: Бутенко Матвій Анатолійович | B6: 3552110973 | C6: UA933005280000000262062194709
A7: Глузд Дмитро Михайлович | B7: 3255109619 | C7: UA063005280000000262011992664
A8: Гриценко Олександр Вікторович | B8: 2751711415 | C8: UA833005280000000262062269579
A9: Гриценко Сергій Миколайович | B9: 3382914593 | C9: UA403005280000000262092290107
A10: Гурнік Артем Ігорович | B10: 3185819999 | C10: UA813005280000000262092269581
A11: Демедюк Юрій Юрійович | B11: 2882903815 | C11: UA123005280000000262001993408
A12: Демченко Вадим Олександрович | B12: 3259012714 | C12: UA383005280000000262002269584
... A119: КОВАЛЬ ВАЛЕРІЙ ВАСИЛЬОВИЧ | B119: 2534903359 | C119: UA813005280000000262042330004
A120: Ковальчук В.В.
A121: Шестоковський Ю.А.

Sheet МЕХАНИЗАТОРЫ ноябрь
Y1: 45170
Y2: 45200
B4: ="ЧАСЫ ["&CHAR(10)&TEXT(Y1,"[$-419]ММММ ГГГГ")&"]" -> ЧАСЫ [ Сентябрь 2023]
B6: № п/п | C6: ФИО | E6: Начислено в сентябре 2023 | F6: Всего | I6: Спец.техника | J6: Ставка за работу, грн/час | K6: Ставка за ТО, грн/час | L6: ТО | M6: Заправка | O6: Без ТО и заправок | Q6: ИТОГО ЗП по часам | R6: Начисления на ЗП Ф1 (22%) | S6: Удержано по Ф1 (19,5%) | T6: Начислено ЗП по Ф1 (аванс) | V6: Остаток ЗП за период (по Ф2)
B7: 1 | C7: Болох В.В. | E7: 9500 | F7: =SUMIFS([1]Табель!J:J,[1]Табель!E:E,C7,[1]Табель!B:B,">="&$Y$1,[1]Табель!B:B,"<"&$Y$2) -> #VALUE! | I7: =INDEX([1]ИНФО_СПЕЦТЕХНИКА!$D$4:$D$23,IF(SUMIFS([1]Табель!I:I,[1]Табель!E:E,C7,[1]Табель!B:B,">="&$Y$1,[1]Табель!B:B,"<"&$Y$2)/COUNTIFS([1]Табель!E:E,C7,[1]Табель!B:B,">="&$Y$1,[1]Табель!B:B,"<"&$Y$2)=0,"",SUMIFS([1]Табель!I:I,[1]Табель!E:E,C7,[1]Табель!B:B,">="&$Y$1,[1]Табель!B:B,"<"&$Y$2)/COUNTIFS([1]Табель!E:E,C7,[1]Табель!B:B,">="&$Y$1,[1]Табель!B:B,"<"&$Y$2))) -> #VALUE! | J7: 180 | K7: 100 | L7: =SUMIFS([1]Табель!K:K,[1]Табель!E:E,C7,[1]Табель!B:B,">="&$Y$1,[1]Табель!B:B,"<"&$Y$2) -> #VALUE! | M7: =SUMIFS([1]Табель!L:L,[1]Табель!E:E,C7,[1]Табель!B:B,">="&$Y$1,[1]Табель!B:B,"<"&$Y$2) -> #VALUE! | O7: =F7-L7-M7 -> #VALUE! | Q7: =O7*J7+(L7+M7)*K7 -> #VALUE! | R7: =ROUND(E7*0.22,2) -> 2090 | S7: =E7*0.195 -> 1852.5 | T7: =E7-S7 -> 7647.5 | V7: =Q7-T7 -> #VALUE!
B8: 2 | C8: Боранов В.В. | F8: =SUMIFS([1]Табель!J:J,[1]Табель!E:E,C8,[1]Табель!B:B,">="&$Y$1,[1]Табель!B:B,"<"&$Y$2) -> #VALUE! | I8: =INDEX([1]ИНФО_СПЕЦТЕХНИКА!$D$4:$D$23,IF(SUMIFS([1]Табель!I:I,[1]Табель!E:E,C8,[1]Табель!B:B,">="&$Y$1,[1]Табель!B:B,"<"&$Y$2)/COUNTIFS([1]Табель!E:E,C8,[1]Табель!B:B,">="&$Y$1,[1]Табель!B:B,"<"&$Y$2)=0,"",SUMIFS([1]Табель!I:I,[1]Табель!E:E,C8,[1]Табель!B:B,">="&$Y$1,[1]Табель!B:B,"<"&$Y$2)/COUNTIFS([1]Табель!E:E,C8,[1]Табель!B:B,">="&$Y$1,[1]Табель!B:B,"<"&$Y$2))) -> #VALUE! | J8: 180 | K8: 100 | L8: =SUMIFS([1]Табель!K:K,[1]Табель!E:E,C8,[1]Табель!B:B,">="&$Y$1,[1]Табель!B:B,"<"&$Y$2) -> #VALUE! | M8: =SUMIFS([1]Табель!L:L,[1]Табель!E:E,C8,[1]Табель!B:B,">="&$Y$1,[1]Табель!B:B,"<"&$Y$2) -> #VALUE! | O8: =F8-L8-M8 -> #VALUE! | Q8: =O8*J8+(L8+M8)*K8 -> #VALUE! | R8: =ROUND(E8*0.22,2) -> 0 | S8: =E8*0.195 -> 0 | T8: =E8-S8 -> 0 | V8: =Q8-T8 -> #VALUE!
B9: 3 | C9: Борисенко О.М. | E9: 4523.81 | F9: =SUMIFS([1]Табель!J:J,[1]Табель!E:E,C9,[1]Табель!B:B,">="&$Y$1,[1]Табель!B:B,"<"&$Y$2) -> #VALUE! | I9: =INDEX([1]ИНФО_СПЕЦТЕХНИКА!$D$4:$D$23,IF(SUMIFS([1]Табель!I:I,[1]Табель!E:E,C9,[1]Табель!B:B,">="&$Y$1,[1]Табель!B:B,"<"&$Y$2)/COUNTIFS([1]Табель!E:E,C9,[1]Табель!B:B,">="&$Y$1,[1]Табель!B:B,"<"&$Y$2)=0,"",SUMIFS([1]Табель!I:I,[1]Табель!E:E,C9,[1]Табель!B:B,">="&$Y$1,[1]Табель!B:B,"<"&$Y$2)/COUNTIFS([1]Табель!E:E,C9,[1]Табель!B:B,">="&$Y$1,[1]Табель!B:B,"<"&$Y$2))) -> #VALUE! | J9: 180 | K9: 100 | L9: =SUMIFS([1]Табель!K:K,[1]Табель!E:E,C9,[1]Табель!B:B,">="&$Y$1,[1]Табель!B:B,"<"&$Y$2) -> #VALUE! | M9: =SUMIFS([1]Табель!L:L,[1]Табель!E:E,C9,[1]Табель!B:B,">="&$Y$1,[1]Табель!B:B,"<"&$Y$2) -> #VALUE! | O9: =F9-L9-M9 -> #VALUE! | Q9: =O9*J9+(L9+M9)*K9 -> #VALUE! | R9: =ROUND(E9*0.22,2) -> 995.24 | S9: =E9*0.195 -> 882.14295 | T9: =E9-S9 -> 3641.6671 | V9: =Q9-T9 -> #VALUE!
B10: =B9+1 -> 4 | C10: Горячий І.В. | E10: 9880 | F10: =SUMIFS([1]Табель!J:J,[1]Табель!E:E,C10,[1]Табель!B:B,">="&$Y$1,[1]Табель!B:B,"<"&$Y$2) -> #VALUE! | I10: =INDEX([1]ИНФО_СПЕЦТЕХНИКА!$D$4:$D$23,IF(SUMIFS([1]Табель!I:I,[1]Табель!E:E,C10,[1]Табель!B:B,">="&$Y$1,[1]Табель!B:B,"<"&$Y$2)/COUNTIFS([1]Табель!E:E,C10,[1]Табель!B:B,">="&$Y$1,[1]Табель!B:B,"<"&$Y$2)=0,"",SUMIFS([1]Табель!I:I,[1]Табель!E:E,C10,[1]Табель!B:B,">="&$Y$1,[1]Табель!B:B,"<"&$Y$2)/COUNTIFS([1]Табель!E:E,C10,[1]Табель!B:B,">="&$Y$1,[1]Табель!B:B,"<"&$Y$2))) -> #VALUE! | J10: 170 | K10: 100 | L10: =SUMIFS([1]Табель!K:K,[1]Табель!E:E,C10,[1]Табель!B:B,">="&$Y$1,[1]Табель!B:B,"<"&$Y$2) -> #VALUE! | M10: =SUMIFS([1]Табель!L:L,[1]Табель!E:E,C10,[1]Табель!B:B,">="&$Y$1,[1]Табель!B:B,"<"&$Y$2) -> #VALUE! | O10: =F10-L10-M10 -> #VALUE! | Q10: =O10*J10+(L10+M10)*K10 -> #VALUE! | R10: =ROUND(E10*0.22,2) -> 2173.6 | S10: =E10*0.195 -> 1926.6 | T10: =E10-S10 -> 7953.4 | V10: =Q10-T10 -> #VALUE!
B11: =B10+1 -> 5 | C11: Зенкін Д.Ю. | F11: =SUMIFS([1]Табель!J:J,[1]Табель!E:E,C11,[1]Табель!B:B,">="&$Y$1,[1]Табель!B:B,"<"&$Y$2) -> #VALUE! | I11: =INDEX([1]ИНФО_СПЕЦТЕХНИКА!$D$4:$D$23,IF(SUMIFS([1]Табель!I:I,[1]Табель!E:E,C11,[1]Табель!B:B,">="&$Y$1,[1]Табель!B:B,"<"&$Y$2)/COUNTIFS([1]Табель!E:E,C11,[1]Табель!B:B,">="&$Y$1,[1]Табель!B:B,"<"&$Y$2)=0,"",SUMIFS([1]Табель!I:I,[1]Табель!E:E,C11,[1]Табель!B:B,">="&$Y$1,[1]Табель!B:B,"<"&$Y$2)/COUNTIFS([1]Табель!E:E,C11,[1]Табель!B:B,">="&$Y$1,[1]Табель!B:B,"<"&$Y$2))) -> #VALUE! | J11: 170 | K11: 100 | L11: =SUMIFS([1]Табель!K:K,[1]Табель!E:E,C11,[1]Табель!B:B,">="&$Y$1,[1]Табель!B:B,"<"&$Y$2) -> #VALUE! | M11: =SUMIFS([1]Табель!L:L,[1]Табель!E:E,C11,[1]Табель!B:B,">="&$Y$1,[1]Табель!B:B,"<"&$Y$2) -> #VALUE! | O11: =F11-L11-M11 -> #VALUE! | Q11: =O11*J11+(L11+M11)*K11 -> #VALUE! | R11: =ROUND(E11*0.22,2) -> 0 | S11: =E11*0.195 -> 0 | T11: =E11-S11 -> 0 | V11: =Q11-T11 -> #VALUE!
B12: =B11+1 -> 6 | C12: Карбунар Я.Д. | E12: 9880 | F12: =SUMIFS([1]Табель!J:J,[1]Табель!E:E,C12,[1]Табель!B:B,">="&$Y$1,[1]Табель!B:B,"<"&$Y$2) -> #VALUE! | I12: =INDEX([1]ИНФО_СПЕЦТЕХНИКА!$D$4:$D$23,IF(SUMIFS([1]Табель!I:I,[1]Табель!E:E,C12,[1]Табель!B:B,">="&$Y$1,[1]Табель!B:B,"<"&$Y$2)/COUNTIFS([1]Табель!E:E,C12,[1]Табель!B:B,">="&$Y$1,[1]Табель!B:B,"<"&$Y$2)=0,"",SUMIFS([1]Табель!I:I,[1]Табель!E:E,C12,[1]Табель!B:B,">="&$Y$1,[1]Табель!B:B,"<"&$Y$2)/COUNTIFS([1]Табель!E:E,C12,[1]Табель!B:B,">="&$Y$1,[1]Табель!B:B,"<"&$Y$2))) -> #VALUE! | J12: 170 | K12: 100 | L12: =SUMIFS([1]Табель!K:K,[1]Табель!E:E,C12,[1]Табель!B:B,">="&$Y$1,[1]Табель!B:B,"<"&$Y$2) -> #VALUE! | M12: =SUMIFS([1]Табель!L:L,[1]Табель!E:E,C12,[1]Табель!B:B,">="&$Y$1,[1]Табель!B:B,"<"&$Y$2) -> #VALUE! | O12: =F12-L12-M12 -> #VALUE! | Q12: =O12*J12+(L12+M12)*K12 -> #VALUE! | R12: =ROUND(E12*0.22,2) -> 2173.6 | S12: =E12*0.195 -> 1926.6 | T12: =E12-S12 -> 7953.4 | V12: =Q12-T12 -> #VALUE!
B13: =B12+1 -> 7 | C13: Косік Ю.А. | E13: 9880 | F13: =SUMIFS([1]Табель!J:J,[1]Табель!E:E,C13,[1]Табель!B:B,">="&$Y$1,[1]Табель!B:B,"<"&$Y$2) -> #VALUE! | I13: =INDEX([1]ИНФО_СПЕЦТЕХНИКА!$D$4:$D$23,IF(SUMIFS([1]Табель!I:I,[1]Табель!E:E,C13,[1]Табель!B:B,">="&$Y$1,[1]Табель!B:B,"<"&$Y$2)/COUNTIFS([1]Табель!E:E,C13,[1]Табель!B:B,">="&$Y$1,[1]Табель!B:B,"<"&$Y$2)=0,"",SUMIFS([1]Табель!I:I,[1]Табель!E:E,C13,[1]Табель!B:B,">="&$Y$1,[1]Табель!B:B,"<"&$Y$2)/COUNTIFS([1]Табель!E:E,C13,[1]Табель!B:B,">="&$Y$1,[1]Табель!B:B,"<"&$Y$2))) -> #VALUE! | J13: 170 | K13: 100 | L13: =SUMIFS([1]Табель!K:K,[1]Табель!E:E,C13,[1]Табель!B:B,">="&$Y$1,[1]Табель!B:B,"<"&$Y$2) -> #VALUE! | M13: =SUMIFS([1]Табель!L:L,[1]Табель!E:E,C13,[1]Табель!B:B,">="&$Y$1,[1]Табель!B:B,"<"&$Y$2) -> #VALUE! | O13: =F13-L13-M13 -> #VALUE! | Q13: =O13*J13+(L13+M13)*K13 -> #VALUE! | R13: =ROUND(E13*0.22,2) -> 2173.6 | S13: =E13*0.195 -> 1926.6 | T13: =E13-S13 -> 7953.4 | V13: =Q13-T13 -> #VALUE!
B14: =B13+1 -> 8 | C14: Красношапка М.П. | F14: =SUMIFS([1]Табель!J:J,[1]Табель!E:E,C14,[1]Табель!B:B,">="&$Y$1,[1]Табель!B:B,"<"&$Y$2) -> #VALUE! | I14: =INDEX([1]ИНФО_СПЕЦТЕХНИКА!$D$4:$D$23,IF(SUMIFS([1]Табель!I:I,[1]Табель!E:E,C14,[1]Табель!B:B,">="&$Y$1,[1]Табель!B:B,"<"&$Y$2)/COUNTIFS([1]Табель!E:E,C14,[1]Табель!B:B,">="&$Y$1,[1]Табель!B:B,"<"&$Y$2)=0,"",SUMIFS([1]Табель!I:I,[1]Табель!E:E,C14,[1]Табель!B:B,">="&$Y$1,[1]Табель!B:B,"<"&$Y$2)/COUNTIFS([1]Табель!E:E,C14,[1]Табель!B:B,">="&$Y$1,[1]Табель!B:B,"<"&$Y$2))) -> #VALUE! | J14: 140 | K14: 100 | L14: =SUMIFS([1]Табель!K:K,[1]Табель!E:E,C14,[1]Табель!B:B,">="&$Y$1,[1]Табель!B:B,"<"&$Y$2) -> #VALUE! | M14: =SUMIFS([1]Табель!L:L,[1]Табель!E:E,C14,[1]Табель!B:B,">="&$Y$1,[1]Табель!B:B,"<"&$Y$2) -> #VALUE! | O14: =F14-L14-M14 -> #VALUE! | Q14: =O14*J14+(L14+M14)*K14 -> #VALUE! | R14: =ROUND(E14*0.22,2) -> 0 | S14: =E14*0.195 -> 0 | T14: =E14-S14 -> 0 | V14: =Q14-T14 -> #VALUE!
B15: =B14+1 -> 9 | C15: Михайлов В.О. | F15: =SUMIFS([1]Табель!J:J,[1]Табель!E:E,C15,[1]Табель!B:B,">="&$Y$1,[1]Табель!B:B,"<"&$Y$2) -> #VALUE! | I15: =INDEX([1]ИНФО_СПЕЦТЕХНИКА!$D$4:$D$23,IF(SUMIFS([1]Табель!I:I,[1]Табель!E:E,C15,[1]Табель!B:B,">="&$Y$1,[1]Табель!B:B,"<"&$Y$2)/COUNTIFS([1]Табель!E:E,C15,[1]Табель!B:B,">="&$Y$1,[1]Табель!B:B,"<"&$Y$2)=0,"",SUMIFS([1]Табель!I:I,[1]Табель!E:E,C15,[1]Табель!B:B,">="&$Y$1,[1]Табель!B:B,"<"&$Y$2)/COUNTIFS([1]Табель!E:E,C15,[1]Табель!B:B,">="&$Y$1,[1]Табель!B:B,"<"&$Y$2))) -> #VALUE! | J15: 140 | K15: 100 | L15: =SUMIFS([1]Табель!K:K,[1]Табель!E:E,C15,[1]Табель!B:B,">="&$Y$1,[1]Табель!B:B,"<"&$Y$2) -> #VALUE! | M15: =SUMIFS([1]Табель!L:L,[1]Табель!E:E,C15,[1]Табель!B:B,">="&$Y$1,[1]Табель!B:B,"<"&$Y$2) -> #VALUE! | O15: =F15-L15-M15 -> #VALUE! | Q15: =O15*J15+(L15+M15)*K15 -> #VALUE! | R15: =ROUND(E15*0.22,2) -> 0 | S15: =E15*0.195 -> 0 | T15: =E15-S15 -> 0 | V15: =Q15-T15 -> #VALUE!
B16: =B14+1 -> 9 | C16: Мусієнко І.І. | E16: 9500 | F16: =SUMIFS([1]Табель!J:J,[1]Табель!E:E,C16,[1]Табель!B:B,">="&$Y$1,[1]Табель!B:B,"<"&$Y$2) -> #VALUE! | I16: =INDEX([1]ИНФО_СПЕЦТЕХНИКА!$D$4:$D$23,IF(SUMIFS([1]Табель!I:I,[1]Табель!E:E,C16,[1]Табель!B:B,">="&$Y$1,[1]Табель!B:B,"<"&$Y$2)/COUNTIFS([1]Табель!E:E,C16,[1]Табель!B:B,">="&$Y$1,[1]Табель!B:B,"<"&$Y$2)=0,"",SUMIFS([1]Табель!I:I,[1]Табель!E:E,C16,[1]Табель!B:B,">="&$Y$1,[1]Табель!B:B,"<"&$Y$2)/COUNTIFS([1]Табель!E:E,C16,[1]Табель!B:B,">="&$Y$1,[1]Табель!B:B,"<"&$Y$2))) -> #VALUE! | J16: 170 | K16: 100 | L16: =SUMIFS([1]Табель!K:K,[1]Табель!E:E,C16,[1]Табель!B:B,">="&$Y$1,[1]Табель!B:B,"<"&$Y$2) -> #VALUE! | M16: =SUMIFS([1]Табель!L:L,[1]Табель!E:E,C16,[1]Табель!B:B,">="&$Y$1,[1]Табель!B:B,"<"&$Y$2) -> #VALUE! | O16: =F16-L16-M16 -> #VALUE! | Q16: =O16*J16+(L16+M16)*K16 -> #VALUE! | R16: =ROUND(E16*0.22,2) -> 2090 | S16: =E16*0.195 -> 1852.5 | T16: =E16-S16 -> 7647.5 | V16: =Q16-T16 -> #VALUE!
B17: =B16+1 -> 10 | C17: Самойленко В.М. | E17: 9047.62 | F17: =SUMIFS([1]Табель!J:J,[1]Табель!E:E,C17,[1]Табель!B:B,">="&$Y$1,[1]Табель!B:B,"<"&$Y$2) -> #VALUE! | I17: =INDEX([1]ИНФО_СПЕЦТЕХНИКА!$D$4:$D$23,IF(SUMIFS([1]Табель!I:I,[1]Табель!E:E,C17,[1]Табель!B:B,">="&$Y$1,[1]Табель!B:B,"<"&$Y$2)/COUNTIFS([1]Табель!E:E,C17,[1]Табель!B:B,">="&$Y$1,[1]Табель!B:B,"<"&$Y$2)=0,"",SUMIFS([1]Табель!I:I,[1]Табель!E:E,C17,[1]Табель!B:B,">="&$Y$1,[1]Табель!B:B,"<"&$Y$2)/COUNTIFS([1]Табель!E:E,C17,[1]Табель!B:B,">="&$Y$1,[1]Табель!B:B,"<"&$Y$2))) -> #VALUE! | J17: 140 | K17: 100 | L17: =SUMIFS([1]Табель!K:K,[1]Табель!E:E,C17,[1]Табель!B:B,">="&$Y$1,[1]Табель!B:B,"<"&$Y$2) -> #VALUE! | M17: =SUMIFS([1]Табель!L:L,[1]Табель!E:E,C17,[1]Табель!B:B,">="&$Y$1,[1]Табель!B:B,"<"&$Y$2) -> #VALUE! | O17: =F17-L17-M17 -> #VALUE! | Q17: =O17*J17+(L17+M17)*K17 -> #VALUE! | R17: =ROUND(E17*0.22,2) -> 1990.48 | S17: =E17*0.195 -> 1764.2859 | T17: =E17-S17 -> 7283.3341 | V17: =Q17-T17 -> #VALUE!
B18: =B17+1 -> 11 | C18: Скоц С.І. | E18: 9880 | F18: =SUMIFS([1]Табель!J:J,[1]Табель!E:E,C18,[1]Табель!B:B,">="&$Y$1,[1]Табель!B:B,"<"&$Y$2) -> #VALUE! | I18: =INDEX([1]ИНФО_СПЕЦТЕХНИКА!$D$4:$D$23,IF(SUMIFS([1]Табель!I:I,[1]Табель!E:E,C18,[1]Табель!B:B,">="&$Y$1,[1]Табель!B:B,"<"&$Y$2)/COUNTIFS([1]Табель!E:E,C18,[1]Табель!B:B,">="&$Y$1,[1]Табель!B:B,"<"&$Y$2)=0,"",SUMIFS([1]Табель!I:I,[1]Табель!E:E,C18,[1]Табель!B:B,">="&$Y$1,[1]Табель!B:B,"<"&$Y$2)/COUNTIFS([1]Табель!E:E,C18,[1]Табель!B:B,">="&$Y$1,[1]Табель!B:B,"<"&$Y$2))) -> #VALUE! | J18: 170 | K18: 100 | L18: =SUMIFS([1]Табель!K:K,[1]Табель!E:E,C18,[1]Табель!B:B,">="&$Y$1,[1]Табель!B:B,"<"&$Y$2) -> #VALUE! | M18: =SUMIFS([1]Табель!L:L,[1]Табель!E:E,C18,[1]Табель!B:B,">="&$Y$1,[1]Табель!B:B,"<"&$Y$2) -> #VALUE! | O18: =F18-L18-M18 -> #VALUE! | Q18: =O18*J18+(L18+M18)*K18 -> #VALUE! | R18: =ROUND(E18*0.22,2) -> 2173.6 | S18: =E18*0.195 -> 1926.6 | T18: =E18-S18 -> 7953.4 | V18: =Q18-T18 -> #VALUE!
B19: =B18+1 -> 12 | C19: Шамоян А.Д. | E19: 8595.24 | F19: =SUMIFS([1]Табель!J:J,[1]Табель!E:E,C19,[1]Табель!B:B,">="&$Y$1,[1]Табель!B:B,"<"&$Y$2) -> #VALUE! | I19: =INDEX([1]ИНФО_СПЕЦТЕХНИКА!$D$4:$D$23,IF(SUMIFS([1]Табель!I:I,[1]Табель!E:E,C19,[1]Табель!B:B,">="&$Y$1,[1]Табель!B:B,"<"&$Y$2)/COUNTIFS([1]Табель!E:E,C19,[1]Табель!B:B,">="&$Y$1,[1]Табель!B:B,"<"&$Y$2)=0,"",SUMIFS([1]Табель!I:I,[1]Табель!E:E,C19,[1]Табель!B:B,">="&$Y$1,[1]Табель!B:B,"<"&$Y$2)/COUNTIFS([1]Табель!E:E,C19,[1]Табель!B:B,">="&$Y$1,[1]Табель!B:B,"<"&$Y$2))) -> #VALUE! | J19: 140 | K19: 100 | L19: =SUMIFS([1]Табель!K:K,[1]Табель!E:E,C19,[1]Табель!B:B,">="&$Y$1,[1]Табель!B:B,"<"&$Y$2) -> #VALUE! | M19: =SUMIFS([1]Табель!L:L,[1]Табель!E:E,C19,[1]Табель!B:B,">="&$Y$1,[1]Табель!B:B,"<"&$Y$2) -> #VALUE! | O19: =F19-L19-M19 -> #VALUE! | Q19: =O19*J19+(L19+M19)*K19 -> #VALUE! | R19: =ROUND(E19*0.22,2) -> 1890.95 | S19: =E19*0.195 -> 1676.0718 | T19: =E19-S19 -> 6919.1682 | V19: =Q19-T19 -> #VALUE!
B20: =B19+1 -> 13 | C20: Якубовський В.Г. | E20: 4976.19 | F20: =SUMIFS([1]Табель!J:J,[1]Табель!E:E,C20,[1]Табель!B:B,">="&$Y$1,[1]Табель!B:B,"<"&$Y$2) -> #VALUE! | I20: =INDEX([1]ИНФО_СПЕЦТЕХНИКА!$D$4:$D$23,IF(SUMIFS([1]Табель!I:I,[1]Табель!E:E,C20,[1]Табель!B:B,">="&$Y$1,[1]Табель!B:B,"<"&$Y$2)/COUNTIFS([1]Табель!E:E,C20,[1]Табель!B:B,">="&$Y$1,[1]Табель!B:B,"<"&$Y$2)=0,"",SUMIFS([1]Табель!I:I,[1]Табель!E:E,C20,[1]Табель!B:B,">="&$Y$1,[1]Табель!B:B,"<"&$Y$2)/COUNTIFS([1]Табель!E:E,C20,[1]Табель!B:B,">="&$Y$1,[1]Табель!B:B,"<"&$Y$2))) -> #VALUE! | J20: 140 | K20: 100 | L20: =SUMIFS([1]Табель!K:K,[1]Табель!E:E,C20,[1]Табель!B:B,">="&$Y$1,[1]Табель!B:B,"<"&$Y$2) -> #VALUE! | M20: =SUMIFS([1]Табель!L:L,[1]Табель!E:E,C20,[1]Табель!B:B,">="&$Y$1,[1]Табель!B:B,"<"&$Y$2) -> #VALUE! | O20: =F20-L20-M20 -> #VALUE! | Q20: =O20*J20+(L20+M20)*K20 -> #VALUE! | R20: =ROUND(E20*0.22,2) -> 1094.76 | S20: =E20*0.195 -> 970.35705 | T20: =E20-S20 -> 4005.8329 | V20: =Q20-T20 -> #VALUE!
B21: =B20+1 -> 14 | C21: Яцюк Ю.Г. | F21: =SUMIFS([1]Табель!J:J,[1]Табель!E:E,C21,[1]Табель!B:B,">="&$Y$1,[1]Табель!B:B,"<"&$Y$2) -> #VALUE! | I21: =INDEX([1]ИНФО_СПЕЦТЕХНИКА!$D$4:$D$23,IF(SUMIFS([1]Табель!I:I,[1]Табель!E:E,C21,[1]Табель!B:B,">="&$Y$1,[1]Табель!B:B,"<"&$Y$2)/COUNTIFS([1]Табель!E:E,C21,[1]Табель!B:B,">="&$Y$1,[1]Табель!B:B,"<"&$Y$2)=0,"",SUMIFS([1]Табель!I:I,[1]Табель!E:E,C21,[1]Табель!B:B,">="&$Y$1,[1]Табель!B:B,"<"&$Y$2)/COUNTIFS([1]Табель!E:E,C21,[1]Табель!B:B,">="&$Y$1,[1]Табель!B:B,"<"&$Y$2))) -> #VALUE! | J21: 140 | K21: 100 | L21: =SUMIFS([1]Табель!K:K,[1]Табель!E:E,C21,[1]Табель!B:B,">="&$Y$1,[1]Табель!B:B,"<"&$Y$2) -> #VALUE! | M21: =SUMIFS([1]Табель!L:L,[1]Табель!E:E,C21,[1]Табель!B:B,">="&$Y$1,[1]Табель!B:B,"<"&$Y$2) -> #VALUE! | O21: =F21-L21-M21 -> #VALUE! | Q21: =O21*J21+(L21+M21)*K21 -> #VALUE! | R21: =ROUND(E21*0.22,2) -> 0 | S21: =E21*0.195 -> 0 | T21: =E21-S21 -> 0 | V21: =Q21-T21 -> #VALUE!
C22: ИТОГО | E22: =SUM(E7:E21) -> 85662.86 | F22: =SUM(F7:F21) -> #VALUE! | L22: =SUM(L7:L21) -> #VALUE! | M22: =SUM(M7:M21) -> #VALUE! | O22: =SUM(O7:O21) -> #VALUE! | Q22: =SUM(Q7:Q21) -> #VALUE! | R22: =SUM(R7:R21) -> 18845.83 | S22: =SUM(S7:S21) -> 16704.258 | T22: =SUM(T7:T21) -> 68958.602 | V22: =SUM(V7:V21) -> #VALUE!
Y24: 45200
Y25: 45231
B27: ="ЧАСЫ ["&CHAR(10)&TEXT(Y24,"[$-419]ММММ ГГГГ")&"]" -> ЧАСЫ [ Октябрь 2023]
B29: № п/п | C29: ФИО | D29: 1С Alias | E29: Начислено в Октябре 2023 | F29: Всего | I29: Ед. спецтехник | J29: Ставка за работу, грн/час | K29: Ставка за ТО, грн/час | L29: ТО | M29: Заправка | O29: Без ТО и заправок | Q29: ИТОГО ЗП по часам | R29: Начисления на ЗП Ф1 (22%) | S29: Удержано по Ф1 (19,5%) | T29: Начислено ЗП по Ф1 (аванс) | U29: ФОТ + Начисления | V29: Остаток ЗП за период (по Ф2)
B30: 1 | C30: Болох В.В. | D30: =INDEX([1]ИНФО!C:C,MATCH(C30,[1]ИНФО!B:B,0)) -> Болох Володимир Васильович | E30: 9500 | F30: =SUMIFS([1]Табель!J:J,[1]Табель!E:E,C30,[1]Табель!B:B,">="&$Y$24,[1]Табель!B:B,"<"&$Y$25,[1]Табель!F:F,'МЕХАНИЗАТОРЫ ноябрь'!I30) -> #VALUE! | I30: Автокран XCMG | J30: =INDEX([1]ИНФО_СПЕЦТЕХНИКА!$F$4:$F$23,MATCH(I30,[1]ИНФО_СПЕЦТЕХНИКА!$D$4:$D$23,0)) -> 180 | K30: 100 | L30: =SUMIFS([1]Табель!K:K,[1]Табель!E:E,C30,[1]Табель!B:B,">="&$Y$24,[1]Табель!B:B,"<"&$Y$25,[1]Табель!F:F,I30) -> #VALUE! | M30: =SUMIFS([1]Табель!L:L,[1]Табель!E:E,C30,[1]Табель!B:B,">="&$Y$24,[1]Табель!B:B,"<"&$Y$25,[1]Табель!F:F,I30) -> #VALUE! | O30: =F30-L30-M30 -> #VALUE! | Q30: =O30*J30+(L30+M30)*K30 -> #VALUE! | R30: =ROUND(E30*0.22,2) -> 2090 | S30: =E30*0.195 -> 1852.5 | T30: =E30-S30 -> 7647.5 | U30: =-ROUND((R30+E30),2) -> -11590 | V30: =Q30-T30 -> #VALUE!
B31: 2 | C31: Боранов В.В. | D31: =INDEX([1]ИНФО!C:C,MATCH(C31,[1]ИНФО!B:B,0)) -> 0 | F31: =SUMIFS([1]Табель!J:J,[1]Табель!E:E,C31,[1]Табель!B:B,">="&$Y$24,[1]Табель!B:B,"<"&$Y$25,[1]Табель!F:F,'МЕХАНИЗАТОРЫ ноябрь'!I31) -> #VALUE! | I31: Экскаватор JCB 2013 | J31: =INDEX([1]ИНФО_СПЕЦТЕХНИКА!$F$4:$F$23,MATCH(I31,[1]ИНФО_СПЕЦТЕХНИКА!$D$4:$D$23,0)) -> 170 | K31: 100 | L31: =SUMIFS([1]Табель!K:K,[1]Табель!E:E,C31,[1]Табель!B:B,">="&$Y$24,[1]Табель!B:B,"<"&$Y$25,[1]Табель!F:F,I31) -> #VALUE! | M31: =SUMIFS([1]Табель!L:L,[1]Табель!E:E,C31,[1]Табель!B:B,">="&$Y$24,[1]Табель!B:B,"<"&$Y$25,[1]Табель!F:F,I31) -> #VALUE! | O31: =F31-L31-M31 -> #VALUE! | Q31: =O31*J31+(L31+M31)*K31 -> #VALUE! | R31: =ROUND(E31*0.22,2) -> 0 | S31: =E31*0.195 -> 0 | T31: =E31-S31 -> 0 | U31: =-ROUND((R31+E31),2) -> 0 | V31: =Q31-T31 -> #VALUE!
B32: 3 | C32: Борисенко О.М. | D32: =INDEX([1]ИНФО!C:C,MATCH(C32,[1]ИНФО!B:B,0)) -> Борисенко Олексій Миколайович | E32: =9500*Q32/(Q32+Q33) -> #VALUE! | F32: =SUMIFS([1]Табель!J:J,[1]Табель!E:E,C32,[1]Табель!B:B,">="&$Y$24,[1]Табель!B:B,"<"&$Y$25,[1]Табель!F:F,'МЕХАНИЗАТОРЫ ноябрь'!I32) -> #VALUE! | I32: Виброкаток | J32: =INDEX([1]ИНФО_СПЕЦТЕХНИКА!$F$4:$F$23,MATCH(I32,[1]ИНФО_СПЕЦТЕХНИКА!$D$4:$D$23,0)) -> 170 | K32: 100 | L32: =SUMIFS([1]Табель!K:K,[1]Табель!E:E,C32,[1]Табель!B:B,">="&$Y$24,[1]Табель!B:B,"<"&$Y$25,[1]Табель!F:F,I32) -> #VALUE! | M32: =SUMIFS([1]Табель!L:L,[1]Табель!E:E,C32,[1]Табель!B:B,">="&$Y$24,[1]Табель!B:B,"<"&$Y$25,[1]Табель!F:F,I32) -> #VALUE! | O32: =F32-L32-M32 -> #VALUE! | Q32: =O32*J32+(L32+M32)*K32 -> #VALUE! | R32: =ROUND(E32*0.22,2) -> #VALUE! | S32: =E32*0.195 -> #VALUE! | T32: =E32-S32 -> #VALUE! | U32: =-ROUND((R32+E32),2) -> #VALUE! | V32: =Q32-T32 -> #VALUE!
C33: Борисенко О.М. | D33: =INDEX([1]ИНФО!C:C,MATCH(C33,[1]ИНФО!B:B,0)) -> Борисенко Олексій Миколайович | E33: =9500*Q33/(Q32+Q33) -> #VALUE! | F33: =SUMIFS([1]Табель!J:J,[1]Табель!E:E,C33,[1]Табель!B:B,">="&$Y$24,[1]Табель!B:B,"<"&$Y$25,[1]Табель!F:F,'МЕХАНИЗАТОРЫ ноябрь'!I33) -> #VALUE! | I33: Автокран клинцы | J33: =INDEX([1]ИНФО_СПЕЦТЕХНИКА!$F$4:$F$23,MATCH(I33,[1]ИНФО_СПЕЦТЕХНИКА!$D$4:$D$23,0)) -> 180 | K33: 100 | L33: =SUMIFS([1]Табель!K:K,[1]Табель!E:E,C33,[1]Табель!B:B,">="&$Y$24,[1]Табель!B:B,"<"&$Y$25,[1]Табель!F:F,I33) -> #VALUE! | M33: =SUMIFS([1]Табель!L:L,[1]Табель!E:E,C33,[1]Табель!B:B,">="&$Y$24,[1]Табель!B:B,"<"&$Y$25,[1]Табель!F:F,I33) -> #VALUE! | O33: =F33-L33-M33 -> #VALUE! | Q33: =O33*J33+(L33+M33)*K33 -> #VALUE! | R33: =ROUND(E33*0.22,2) -> #VALUE! | S33: =E33*0.195 -> #VALUE! | T33: =E33-S33 -> #VALUE! | U33: =-ROUND((R33+E33),2) -> #VALUE! | V33: =Q33-T33 -> #VALUE!
B34: 4 | C34: Божков В.В. | D34: =INDEX([1]ИНФО!C:C,MATCH(C34,[1]ИНФО!B:B,0)) -> Божков Валерій Вікторович | F34: =SUMIFS([1]Табель!J:J,[1]Табель!E:E,C34,[1]Табель!B:B,">="&$Y$24,[1]Табель!B:B,"<"&$Y$25,[1]Табель!F:F,'МЕХАНИЗАТОРЫ ноябрь'!I34) -> #VALUE! | I34: МАЗ 264 | J34: =INDEX([1]ИНФО_СПЕЦТЕХНИКА!$F$4:$F$23,MATCH(I34,[1]ИНФО_СПЕЦТЕХНИКА!$D$4:$D$23,0)) -> 140 | K34: 100 | L34: =SUMIFS([1]Табель!K:K,[1]Табель!E:E,C34,[1]Табель!B:B,">="&$Y$24,[1]Табель!B:B,"<"&$Y$25,[1]Табель!F:F,I34) -> #VALUE! | M34: =SUMIFS([1]Табель!L:L,[1]Табель!E:E,C34,[1]Табель!B:B,">="&$Y$24,[1]Табель!B:B,"<"&$Y$25,[1]Табель!F:F,I34) -> #VALUE! | O34: =F34-L34-M34 -> #VALUE! | Q34: =O34*J34+(L34+M34)*K34 -> #VALUE! | R34: =ROUND(E34*0.22,2) -> 0 | S34: =E34*0.195 -> 0 | T34: =E34-S34 -> 0 | U34: =-ROUND((R34+E34),2) -> 0 | V34: =Q34-T34 -> #VALUE!
B35: 5 | C35: Бунтило В.І. | D35: =INDEX([1]ИНФО!C:C,MATCH(C35,[1]ИНФО!B:B,0)) -> Бунтило Віталій Іванович | E35: 5181.82 | F35: =SUMIFS([1]Табель!J:J,[1]Табель!E:E,C35,[1]Табель!B:B,">="&$Y$24,[1]Табель!B:B,"<"&$Y$25,[1]Табель!F:F,'МЕХАНИЗАТОРЫ ноябрь'!I35) -> #VALUE! | I35: Самосвал камаз | J35: =INDEX([1]ИНФО_СПЕЦТЕХНИКА!$F$4:$F$23,MATCH(I35,[1]ИНФО_СПЕЦТЕХНИКА!$D$4:$D$23,0)) -> 140 | K35: 100 | L35: =SUMIFS([1]Табель!K:K,[1]Табель!E:E,C35,[1]Табель!B:B,">="&$Y$24,[1]Табель!B:B,"<"&$Y$25,[1]Табель!F:F,I35) -> #VALUE! | M35: =SUMIFS([1]Табель!L:L,[1]Табель!E:E,C35,[1]Табель!B:B,">="&$Y$24,[1]Табель!B:B,"<"&$Y$25,[1]Табель!F:F,I35) -> #VALUE! | O35: =F35-L35-M35 -> #VALUE! | Q35: =O35*J35+(L35+M35)*K35 -> #VALUE! | R35: =ROUND(E35*0.22,2) -> 1140 | S35: =E35*0.195 -> 1010.4549 | T35: =E35-S35 -> 4171.3651 | U35: =-ROUND((R35+E35),2) -> -6321.82 | V35: =Q35-T35 -> #VALUE! | Y35: перегон на ладыжины (16 часов - 4 часа ТО - 1 час заправка)
B36: 6 | C36: Горячий І.В. | D36: =INDEX([1]ИНФО!C:C,MATCH(C36,[1]ИНФО!B:B,0)) -> Горячий Іван Васильович | E36: 9880 | F36: =SUMIFS([1]Табель!J:J,[1]Табель!E:E,C36,[1]Табель!B:B,">="&$Y$24,[1]Табель!B:B,"<"&$Y$25,[1]Табель!F:F,'МЕХАНИЗАТОРЫ ноябрь'!I36) -> #VALUE! | I36: Телескоп №2 | J36: =INDEX([1]ИНФО_СПЕЦТЕХНИКА!$F$4:$F$23,MATCH(I36,[1]ИНФО_СПЕЦТЕХНИКА!$D$4:$D$23,0)) -> 170 | K36: 100 | L36: =SUMIFS([1]Табель!K:K,[1]Табель!E:E,C36,[1]Табель!B:B,">="&$Y$24,[1]Табель!B:B,"<"&$Y$25,[1]Табель!F:F,I36) -> #VALUE! | M36: =SUMIFS([1]Табель!L:L,[1]Табель!E:E,C36,[1]Табель!B:B,">="&$Y$24,[1]Табель!B:B,"<"&$Y$25,[1]Табель!F:F,I36) -> #VALUE! | O36: =F36-L36-M36 -> #VALUE! | Q36: =O36*J36+(L36+M36)*K36 -> #VALUE! | R36: =ROUND(E36*0.22,2) -> 2173.6 | S36: =E36*0.195 -> 1926.6 | T36: =E36-S36 -> 7953.4 | U36: =-ROUND((R36+E36),2) -> -12053.6 | V36: =Q36-T36 -> #VALUE!
B37: 7 | C37: Зенкін Д.Ю. | D37: =INDEX([1]ИНФО!C:C,MATCH(C37,[1]ИНФО!B:B,0)) -> Зенкін Дмитро Юрійович | E37: 8204.55 | F37: =SUMIFS([1]Табель!J:J,[1]Табель!E:E,C37,[1]Табель!B:B,">="&$Y$24,[1]Табель!B:B,"<"&$Y$25,[1]Табель!F:F,'МЕХАНИЗАТОРЫ ноябрь'!I37) -> #VALUE! | I37: Экскаватор JCB 3CX 2008 | J37: =INDEX([1]ИНФО_СПЕЦТЕХНИКА!$F$4:$F$23,MATCH(I37,[1]ИНФО_СПЕЦТЕХНИКА!$D$4:$D$23,0)) -> 170 | K37: 100 | L37: =SUMIFS([1]Табель!K:K,[1]Табель!E:E,C37,[1]Табель!B:B,">="&$Y$24,[1]Табель!B:B,"<"&$Y$25,[1]Табель!F:F,I37) -> #VALUE! | M37: =SUMIFS([1]Табель!L:L,[1]Табель!E:E,C37,[1]Табель!B:B,">="&$Y$24,[1]Табель!B:B,"<"&$Y$25,[1]Табель!F:F,I37) -> #VALUE! | O37: =F37-L37-M37 -> #VALUE! | Q37: =O37*J37+(L37+M37)*K37 -> #VALUE! | R37: =ROUND(E37*0.22,2) -> 1805 | S37: =E37*0.195 -> 1599.8872 | T37: =E37-S37 -> 6604.6627 | U37: =-ROUND((R37+E37),2) -> -10009.55 | V37: =Q37-T37 -> #VALUE!
B38: 8 | C38: Карбунар Я.Д. | D38: =INDEX([1]ИНФО!C:C,MATCH(C38,[1]ИНФО!B:B,0)) -> Карбунар Ярослав Дмитрович | E38: =8981.81*Q38/(Q38+Q39) -> #VALUE! | F38: =SUMIFS([1]Табель!J:J,[1]Табель!E:E,C38,[1]Табель!B:B,">="&$Y$24,[1]Табель!B:B,"<"&$Y$25,[1]Табель!F:F,'МЕХАНИЗАТОРЫ ноябрь'!I38) -> #VALUE! | I38: Экскаватор JCB 2007 | J38: =INDEX([1]ИНФО_СПЕЦТЕХНИКА!$F$4:$F$23,MATCH(I38,[1]ИНФО_СПЕЦТЕХНИКА!$D$4:$D$23,0)) -> 170 | K38: 100 | L38: =SUMIFS([1]Табель!K:K,[1]Табель!E:E,C38,[1]Табель!B:B,">="&$Y$24,[1]Табель!B:B,"<"&$Y$25,[1]Табель!F:F,I38) -> #VALUE! | M38: =SUMIFS([1]Табель!L:L,[1]Табель!E:E,C38,[1]Табель!B:B,">="&$Y$24,[1]Табель!B:B,"<"&$Y$25,[1]Табель!F:F,I38) -> #VALUE! | O38: =F38-L38-M38 -> #VALUE! | Q38: =O38*J38+(L38+M38)*K38 -> #VALUE! | R38: =ROUND(E38*0.22,2) -> #VALUE! | S38: =E38*0.195 -> #VALUE! | T38: =E38-S38 -> #VALUE! | U38: =-ROUND((R38+E38),2) -> #VALUE! | V38: =Q38-T38 -> #VALUE!
C39: Карбунар Я.Д. | D39: =INDEX([1]ИНФО!C:C,MATCH(C39,[1]ИНФО!B:B,0)) -> Карбунар Ярослав Дмитрович | E39: =8981.81*Q39/(Q38+Q39) -> #VALUE! | F39: =SUMIFS([1]Табель!J:J,[1]Табель!E:E,C39,[1]Табель!B:B,">="&$Y$24,[1]Табель!B:B,"<"&$Y$25,[1]Табель!F:F,'МЕХАНИЗАТОРЫ ноябрь'!I39) -> #VALUE! | I39: Виброкаток | J39: =INDEX([1]ИНФО_СПЕЦТЕХНИКА!$F$4:$F$23,MATCH(I39,[1]ИНФО_СПЕЦТЕХНИКА!$D$4:$D$23,0)) -> 170 | K39: 100 | O39: =F39-L39-M39 -> #VALUE! | Q39: =O39*J39+(L39+M39)*K39 -> #VALUE! | R39: =ROUND(E39*0.22,2) -> #VALUE! | S39: =E39*0.195 -> #VALUE! | T39: =E39-S39 -> #VALUE! | U39: =-ROUND((R39+E39),2) -> #VALUE! | V39: =Q39-T39 -> #VALUE!
B40: 9 | C40: Косік Ю.А. | D40: =INDEX([1]ИНФО!C:C,MATCH(C40,[1]ИНФО!B:B,0)) -> Косік Юрій Анатолійович | E40: 9880 | F40: =SUMIFS([1]Табель!J:J,[1]Табель!E:E,C40,[1]Табель!B:B,">="&$Y$24,[1]Табель!B:B,"<"&$Y$25,[1]Табель!F:F,'МЕХАНИЗАТОРЫ ноябрь'!I40) -> #VALUE! | I40: Телескоп №4 | J40: =INDEX([1]ИНФО_СПЕЦТЕХНИКА!$F$4:$F$23,MATCH(I40,[1]ИНФО_СПЕЦТЕХНИКА!$D$4:$D$23,0)) -> 170 | K40: 100 | L40: =SUMIFS([1]Табель!K:K,[1]Табель!E:E,C40,[1]Табель!B:B,">="&$Y$24,[1]Табель!B:B,"<"&$Y$25,[1]Табель!F:F,I40) -> #VALUE! | M40: =SUMIFS([1]Табель!L:L,[1]Табель!E:E,C40,[1]Табель!B:B,">="&$Y$24,[1]Табель!B:B,"<"&$Y$25,[1]Табель!F:F,I40) -> #VALUE! | O40: =F40-L40-M40 -> #VALUE! | Q40: =O40*J40+(L40+M40)*K40 -> #VALUE! | R40: =ROUND(E40*0.22,2) -> 2173.6 | S40: =E40*0.195 -> 1926.6 | T40: =E40-S40 -> 7953.4 | U40: =-ROUND((R40+E40),2) -> -12053.6 | V40: =Q40-T40 -> #VALUE!
B41: 10 | C41: Красношапка М.П. | D41: =INDEX([1]ИНФО!C:C,MATCH(C41,[1]ИНФО!B:B,0)) -> 0 | F41: =SUMIFS([1]Табель!J:J,[1]Табель!E:E,C41,[1]Табель!B:B,">="&$Y$24,[1]Табель!B:B,"<"&$Y$25,[1]Табель!F:F,'МЕХАНИЗАТОРЫ ноябрь'!I41) -> #VALUE! | I41: РДК 250 (2) | J41: =INDEX([1]ИНФО_СПЕЦТЕХНИКА!$F$4:$F$23,MATCH(I41,[1]ИНФО_СПЕЦТЕХНИКА!$D$4:$D$23,0)) -> 140 | K41: 100 | L41: =SUMIFS([1]Табель!K:K,[1]Табель!E:E,C41,[1]Табель!B:B,">="&$Y$24,[1]Табель!B:B,"<"&$Y$25,[1]Табель!F:F,I41) -> #VALUE! | M41: =SUMIFS([1]Табель!L:L,[1]Табель!E:E,C41,[1]Табель!B:B,">="&$Y$24,[1]Табель!B:B,"<"&$Y$25,[1]Табель!F:F,I41) -> #VALUE! | O41: =F41-L41-M41 -> #VALUE! | Q41: =O41*J41+(L41+M41)*K41 -> #VALUE! | R41: =ROUND(E41*0.22,2) -> 0 | S41: =E41*0.195 -> 0 | T41: =E41-S41 -> 0 | U41: =-ROUND((R41+E41),2) -> 0 | V41: =Q41-T41 -> #VALUE!
B42: 11 | C42: Мусієнко І.І. | D42: =INDEX([1]ИНФО!C:C,MATCH(C42,[1]ИНФО!B:B,0)) -> Мусієнко Ігор Іванович | E42: 9500 | F42: =SUMIFS([1]Табель!J:J,[1]Табель!E:E,C42,[1]Табель!B:B,">="&$Y$24,[1]Табель!B:B,"<"&$Y$25,[1]Табель!F:F,'МЕХАНИЗАТОРЫ ноябрь'!I42) -> #VALUE! | I42: Телескоп №1 | J42: =INDEX([1]ИНФО_СПЕЦТЕХНИКА!$F$4:$F$23,MATCH(I42,[1]ИНФО_СПЕЦТЕХНИКА!$D$4:$D$23,0)) -> 170 | K42: 100 | L42: =SUMIFS([1]Табель!K:K,[1]Табель!E:E,C42,[1]Табель!B:B,">="&$Y$24,[1]Табель!B:B,"<"&$Y$25,[1]Табель!F:F,I42) -> #VALUE! | M42: =SUMIFS([1]Табель!L:L,[1]Табель!E:E,C42,[1]Табель!B:B,">="&$Y$24,[1]Табель!B:B,"<"&$Y$25,[1]Табель!F:F,I42) -> #VALUE! | O42: =F42-L42-M42 -> #VALUE! | Q42: =O42*J42+(L42+M42)*K42 -> #VALUE! | R42: =ROUND(E42*0.22,2) -> 2090 | S42: =E42*0.195 -> 1852.5 | T42: =E42-S42 -> 7647.5 | U42: =-ROUND((R42+E42),2) -> -11590 | V42: =Q42-T42 -> #VALUE!
B43: 12 | C43: Самойленко В.М. | D43: =INDEX([1]ИНФО!C:C,MATCH(C43,[1]ИНФО!B:B,0)) -> Самойленко Віктор Миколайович | E43: 9500 | F43: =SUMIFS([1]Табель!J:J,[1]Табель!E:E,C43,[1]Табель!B:B,">="&$Y$24,[1]Табель!B:B,"<"&$Y$25,[1]Табель!F:F,'МЕХАНИЗАТОРЫ ноябрь'!I43) -> #VALUE! | I43: МАЗ 264 | J43: =INDEX([1]ИНФО_СПЕЦТЕХНИКА!$F$4:$F$23,MATCH(I43,[1]ИНФО_СПЕЦТЕХНИКА!$D$4:$D$23,0)) -> 140 | K43: 100 | L43: =SUMIFS([1]Табель!K:K,[1]Табель!E:E,C43,[1]Табель!B:B,">="&$Y$24,[1]Табель!B:B,"<"&$Y$25,[1]Табель!F:F,I43) -> #VALUE! | M43: =SUMIFS([1]Табель!L:L,[1]Табель!E:E,C43,[1]Табель!B:B,">="&$Y$24,[1]Табель!B:B,"<"&$Y$25,[1]Табель!F:F,I43) -> #VALUE! | O43: =F43-L43-M43 -> #VALUE! | Q43: =O43*J43+(L43+M43)*K43 -> #VALUE! | R43: =ROUND(E43*0.22,2) -> 2090 | S43: =E43*0.195 -> 1852.5 | T43: =E43-S43 -> 7647.5 | U43: =-ROUND((R43+E43),2) -> -11590 | V43: =Q43-T43 -> #VALUE!
B44: 13 | C44: Скоц С.І. | D44: =INDEX([1]ИНФО!C:C,MATCH(C44,[1]ИНФО!B:B,0)) -> Скоц Сергій Іванович | E44: 9880 | F44: =SUMIFS([1]Табель!J:J,[1]Табель!E:E,C44,[1]Табель!B:B,">="&$Y$24,[1]Табель!B:B,"<"&$Y$25,[1]Табель!F:F,'МЕХАНИЗАТОРЫ ноябрь'!I44) -> #VALUE! | I44: Экскаватор JCB 220 | J44: =INDEX([1]ИНФО_СПЕЦТЕХНИКА!$F$4:$F$23,MATCH(I44,[1]ИНФО_СПЕЦТЕХНИКА!$D$4:$D$23,0)) -> 170 | K44: 100 | L44: =SUMIFS([1]Табель!K:K,[1]Табель!E:E,C44,[1]Табель!B:B,">="&$Y$24,[1]Табель!B:B,"<"&$Y$25,[1]Табель!F:F,I44) -> #VALUE! | M44: =SUMIFS([1]Табель!L:L,[1]Табель!E:E,C44,[1]Табель!B:B,">="&$Y$24,[1]Табель!B:B,"<"&$Y$25,[1]Табель!F:F,I44) -> #VALUE! | O44: =F44-L44-M44 -> #VALUE! | Q44: =O44*J44+(L44+M44)*K44 -> #VALUE! | R44: =ROUND(E44*0.22,2) -> 2173.6 | S44: =E44*0.195 -> 1926.6 | T44: =E44-S44 -> 7953.4 | U44: =-ROUND((R44+E44),2) -> -12053.6 | V44: =Q44-T44 -> #VALUE!
B45: 14 | C45: Трохименко В.Я. | D45: =INDEX([1]ИНФО!C:C,MATCH(C45,[1]ИНФО!B:B,0)) -> Трохименко Віталій Якович | E45: =(4750+4700)*Q45/(Q45+Q46) -> #VALUE! | F45: =SUMIFS([1]Табель!J:J,[1]Табель!E:E,C45,[1]Табель!B:B,">="&$Y$24,[1]Табель!B:B,"<"&$Y$25,[1]Табель!F:F,'МЕХАНИЗАТОРЫ ноябрь'!I45) -> #VALUE! | I45: Телескоп №1 | J45: =INDEX([1]ИНФО_СПЕЦТЕХНИКА!$F$4:$F$23,MATCH(I45,[1]ИНФО_СПЕЦТЕХНИКА!$D$4:$D$23,0)) -> 170 | K45: 100 | L45: =SUMIFS([1]Табель!K:K,[1]Табель!E:E,C45,[1]Табель!B:B,">="&$Y$24,[1]Табель!B:B,"<"&$Y$25,[1]Табель!F:F,I45) -> #VALUE! | M45: =SUMIFS([1]Табель!L:L,[1]Табель!E:E,C45,[1]Табель!B:B,">="&$Y$24,[1]Табель!B:B,"<"&$Y$25,[1]Табель!F:F,I45) -> #VALUE! | O45: =F45-L45-M45 -> #VALUE! | Q45: =O45*J45+(L45+M45)*K45 -> #VALUE! | R45: =ROUND(E45*0.22,2) -> #VALUE! | S45: =E45*0.195 -> #VALUE! | T45: =E45-S45 -> #VALUE! | U45: =-ROUND((R45+E45),2) -> #VALUE! | V45: =Q45-T45 -> #VALUE!
C46: Трохименко В.Я. | D46: =INDEX([1]ИНФО!C:C,MATCH(C46,[1]ИНФО!B:B,0)) -> Трохименко Віталій Якович | E46: =(4750+4700)*Q46/(Q45+Q46) -> #VALUE! | F46: =SUMIFS([1]Табель!J:J,[1]Табель!E:E,C46,[1]Табель!B:B,">="&$Y$24,[1]Табель!B:B,"<"&$Y$25,[1]Табель!F:F,'МЕХАНИЗАТОРЫ ноябрь'!I46) -> #VALUE! | I46: Телескоп №3 | J46: =INDEX([1]ИНФО_СПЕЦТЕХНИКА!$F$4:$F$23,MATCH(I46,[1]ИНФО_СПЕЦТЕХНИКА!$D$4:$D$23,0)) -> 170 | K46: 100 | L46: =SUMIFS([1]Табель!K:K,[1]Табель!E:E,C46,[1]Табель!B:B,">="&$Y$24,[1]Табель!B:B,"<"&$Y$25,[1]Табель!F:F,I46) -> #VALUE! | M46: =SUMIFS([1]Табель!L:L,[1]Табель!E:E,C46,[1]Табель!B:B,">="&$Y$24,[1]Табель!B:B,"<"&$Y$25,[1]Табель!F:F,I46) -> #VALUE! | O46: =F46-L46-M46 -> #VALUE! | Q46: =O46*J46+(L46+M46)*K46 -> #VALUE! | R46: =ROUND(E46*0.22,2) -> #VALUE! | S46: =E46*0.195 -> #VALUE! | T46: =E46-S46 -> #VALUE! | U46: =-ROUND((R46+E46),2) -> #VALUE! | V46: =Q46-T46 -> #VALUE!
B47: 15 | C47: Шамоян А.Д. | D47: =INDEX([1]ИНФО!C:C,MATCH(C47,[1]ИНФО!B:B,0)) -> Шамоян Агмад Даватевич | E47: 9500 | F47: =SUMIFS([1]Табель!J:J,[1]Табель!E:E,C47,[1]Табель!B:B,">="&$Y$24,[1]Табель!B:B,"<"&$Y$25,[1]Табель!F:F,'МЕХАНИЗАТОРЫ ноябрь'!I47) -> #VALUE! | I47: МАЗ 265 | J47: =INDEX([1]ИНФО_СПЕЦТЕХНИКА!$F$4:$F$23,MATCH(I47,[1]ИНФО_СПЕЦТЕХНИКА!$D$4:$D$23,0)) -> 140 | K47: 100 | L47: =SUMIFS([1]Табель!K:K,[1]Табель!E:E,C47,[1]Табель!B:B,">="&$Y$24,[1]Табель!B:B,"<"&$Y$25,[1]Табель!F:F,I47) -> #VALUE! | M47: =SUMIFS([1]Табель!L:L,[1]Табель!E:E,C47,[1]Табель!B:B,">="&$Y$24,[1]Табель!B:B,"<"&$Y$25,[1]Табель!F:F,I47) -> #VALUE! | O47: =F47-L47-M47 -> #VALUE! | Q47: =O47*J47+(L47+M47)*K47 -> #VALUE! | R47: =ROUND(E47*0.22,2) -> 2090 | S47: =E47*0.195 -> 1852.5 | T47: =E47-S47 -> 7647.5 | U47: =-ROUND((R47+E47),2) -> -11590 | V47: =Q47-T47 -> #VALUE!
C48: ИТОГО | E48: =SUM(E30:E47) -> #VALUE! | F48: =SUM(F30:F47) -> #VALUE! | L48: =SUM(L30:L47) -> #VALUE! | M48: =SUM(M30:M47) -> #VALUE! | O48: =SUM(O30:O47) -> #VALUE! | Q48: =SUM(Q30:Q47) -> #VALUE! | R48: =SUM(R30:R47) -> #VALUE! | S48: =SUM(S30:S47) -> #VALUE! | T48: =SUM(T30:T47) -> #VALUE! | U48: =SUM(U30:U47) -> #VALUE! | V48: =SUM(V30:V47) -> #VALUE!
Y50: 45231
Y51: 45261
B53: ="ЧАСЫ ["&CHAR(10)&TEXT(Y50,"[$-419]ММММ ГГГГ")&"]" -> ЧАСЫ [ Ноябрь 2023]
F54: =SUBTOTAL(9,F57:F76) -> #VALUE! | L54: =SUBTOTAL(9,L57:L76) -> #VALUE! | M54: =SUBTOTAL(9,M57:M76) -> #VALUE! | O54: =SUBTOTAL(9,O57:O76) -> #VALUE!
B56: № п/п | C56: ФИО | D56: 1С Alias | E56: Начислено в Ноябрь 2023 | F56: Всего | I56: Ед. спецтехник | J56: Ставка за работу, грн/час | K56: Ставка за ТО, грн/час | L56: ТО | M56: Заправка | O56: Без ТО и заправок | Q56: ИТОГО ЗП по часам | R56: Начисления на ЗП Ф1 (22%) | S56: Удержано по Ф1 (19,5%) | T56: Начислено ЗП по Ф1 (аванс) | U56: ФОТ + Начисления | V56: Остаток ЗП за период (по Ф2)
B57: 1 | C57: Болох В.В. | D57: =INDEX([1]ИНФО!C:C,MATCH(C57,[1]ИНФО!B:B,0)) -> Болох Володимир Васильович | E57: 9500 | F57: =SUMIFS([1]Табель!J:J,[1]Табель!E:E,C57,[1]Табель!B:B,">="&$Y$50,[1]Табель!B:B,"<"&$Y$51,[1]Табель!F:F,'МЕХАНИЗАТОРЫ ноябрь'!I57) -> #VALUE! | I57: Автокран XCMG | J57: =INDEX([1]ИНФО_СПЕЦТЕХНИКА!$F$4:$F$23,MATCH(I57,[1]ИНФО_СПЕЦТЕХНИКА!$D$4:$D$23,0)) -> 180 | K57: 100 | L57: =SUMIFS([1]Табель!K:K,[1]Табель!E:E,C57,[1]Табель!B:B,">="&$Y$50,[1]Табель!B:B,"<"&$Y$51,[1]Табель!F:F,I57) -> #VALUE! | M57: =SUMIFS([1]Табель!L:L,[1]Табель!E:E,C57,[1]Табель!B:B,">="&$Y$50,[1]Табель!B:B,"<"&$Y$51,[1]Табель!F:F,I57) -> #VALUE! | O57: =F57-L57-M57 -> #VALUE! | Q57: =O57*J57+(L57+M57)*K57 -> #VALUE! | R57: =ROUND(E57*0.22,2) -> 2090 | S57: =E57*0.195 -> 1852.5 | T57: =E57-S57 -> 7647.5 | U57: =-ROUND((R57+E57),2) -> -11590 | V57: =Q57-T57 -> #VALUE!
B58: 2 | C58: Боранов В.В. | D58: =INDEX([1]ИНФО!C:C,MATCH(C58,[1]ИНФО!B:B,0)) -> 0 | F58: =SUMIFS([1]Табель!J:J,[1]Табель!E:E,C58,[1]Табель!B:B,">="&$Y$50,[1]Табель!B:B,"<"&$Y$51,[1]Табель!F:F,'МЕХАНИЗАТОРЫ ноябрь'!I58) -> #VALUE! | I58: Экскаватор JCB 2013 | J58: =INDEX([1]ИНФО_СПЕЦТЕХНИКА!$F$4:$F$23,MATCH(I58,[1]ИНФО_СПЕЦТЕХНИКА!$D$4:$D$23,0)) -> 170 | K58: 100 | L58: =SUMIFS([1]Табель!K:K,[1]Табель!E:E,C58,[1]Табель!B:B,">="&$Y$50,[1]Табель!B:B,"<"&$Y$51,[1]Табель!F:F,I58) -> #VALUE! | M58: =SUMIFS([1]Табель!L:L,[1]Табель!E:E,C58,[1]Табель!B:B,">="&$Y$50,[1]Табель!B:B,"<"&$Y$51,[1]Табель!F:F,I58) -> #VALUE! | O58: =F58-L58-M58 -> #VALUE! | Q58: =O58*J58+(L58+M58)*K58 -> #VALUE! | R58: =ROUND(E58*0.22,2) -> 0 | S58: =E58*0.195 -> 0 | T58: =E58-S58 -> 0 | U58: =-ROUND((R58+E58),2) -> 0 | V58: =Q58-T58 -> #VALUE!
B59: 3 | C59: Борисенко О.М. | D59: =INDEX([1]ИНФО!C:C,MATCH(C59,[1]ИНФО!B:B,0)) -> Борисенко Олексій Миколайович | E59: 9500 | F59: =SUMIFS([1]Табель!J:J,[1]Табель!E:E,C59,[1]Табель!B:B,">="&$Y$50,[1]Табель!B:B,"<"&$Y$51,[1]Табель!F:F,'МЕХАНИЗАТОРЫ ноябрь'!I59) -> #VALUE! | I59: Виброкаток | J59: =INDEX([1]ИНФО_СПЕЦТЕХНИКА!$F$4:$F$23,MATCH(I59,[1]ИНФО_СПЕЦТЕХНИКА!$D$4:$D$23,0)) -> 170 | K59: 100 | L59: =SUMIFS([1]Табель!K:K,[1]Табель!E:E,C59,[1]Табель!B:B,">="&$Y$50,[1]Табель!B:B,"<"&$Y$51,[1]Табель!F:F,I59) -> #VALUE! | M59: =SUMIFS([1]Табель!L:L,[1]Табель!E:E,C59,[1]Табель!B:B,">="&$Y$50,[1]Табель!B:B,"<"&$Y$51,[1]Табель!F:F,I59) -> #VALUE! | O59: =F59-L59-M59 -> #VALUE! | Q59: =O59*J59+(L59+M59)*K59 -> #VALUE! | R59: =ROUND(E59*(Q59/(SUM(Q59:Q60)))*0.22,2) -> #VALUE! | S59: =ROUND(E59*(Q59/(SUM(Q59:Q60)))*0.195,2) -> #VALUE! | T59: =E59*Q59/(Q59+Q60)-S59 -> #VALUE! | U59: =-ROUND((R59+E59*Q59/(Q59+Q60)),2) -> #VALUE! | V59: =Q59-T59 -> #VALUE!
C60: Борисенко О.М. | D60: =INDEX([1]ИНФО!C:C,MATCH(C60,[1]ИНФО!B:B,0)) -> Борисенко Олексій Миколайович | F60: =SUMIFS([1]Табель!J:J,[1]Табель!E:E,C60,[1]Табель!B:B,">="&$Y$50,[1]Табель!B:B,"<"&$Y$51,[1]Табель!F:F,'МЕХАНИЗАТОРЫ ноябрь'!I60) -> #VALUE! | I60: Автокран клинцы | J60: =INDEX([1]ИНФО_СПЕЦТЕХНИКА!$F$4:$F$23,MATCH(I60,[1]ИНФО_СПЕЦТЕХНИКА!$D$4:$D$23,0)) -> 180 | K60: 100 | L60: =SUMIFS([1]Табель!K:K,[1]Табель!E:E,C60,[1]Табель!B:B,">="&$Y$50,[1]Табель!B:B,"<"&$Y$51,[1]Табель!F:F,I60) -> #VALUE! | M60: =SUMIFS([1]Табель!L:L,[1]Табель!E:E,C60,[1]Табель!B:B,">="&$Y$50,[1]Табель!B:B,"<"&$Y$51,[1]Табель!F:F,I60) -> #VALUE! | O60: =F60-L60-M60 -> #VALUE! | Q60: =O60*J60+(L60+M60)*K60 -> #VALUE! | R60: =ROUND(E59*(Q60/(SUM(Q59:Q60)))*0.22,2) -> #VALUE! | S60: =ROUND(E59*(Q60/(SUM(Q59:Q60)))*0.195,2) -> #VALUE! | T60: =E59*Q60/(Q59+Q60)-S60 -> #VALUE! | U60: =-ROUND((R60+E59*Q60/(Q59+Q60)),2) -> #VALUE! | V60: =Q60-T60 -> #VALUE!
B61: 4 | C61: Божков В.В. | D61: =INDEX([1]ИНФО!C:C,MATCH(C61,[1]ИНФО!B:B,0)) -> Божков Валерій Вікторович | F61: =SUMIFS([1]Табель!J:J,[1]Табель!E:E,C61,[1]Табель!B:B,">="&$Y$50,[1]Табель!B:B,"<"&$Y$51,[1]Табель!F:F,'МЕХАНИЗАТОРЫ ноябрь'!I61) -> #VALUE! | I61: МАЗ 264 | J61: =INDEX([1]ИНФО_СПЕЦТЕХНИКА!$F$4:$F$23,MATCH(I61,[1]ИНФО_СПЕЦТЕХНИКА!$D$4:$D$23,0)) -> 140 | K61: 100 | L61: =SUMIFS([1]Табель!K:K,[1]Табель!E:E,C61,[1]Табель!B:B,">="&$Y$50,[1]Табель!B:B,"<"&$Y$51,[1]Табель!F:F,I61) -> #VALUE! | M61: =SUMIFS([1]Табель!L:L,[1]Табель!E:E,C61,[1]Табель!B:B,">="&$Y$50,[1]Табель!B:B,"<"&$Y$51,[1]Табель!F:F,I61) -> #VALUE! | O61: =F61-L61-M61 -> #VALUE! | Q61: =O61*J61+(L61+M61)*K61 -> #VALUE! | R61: =ROUND(E61*0.22,2) -> 0 | S61: =E61*0.195 -> 0 | T61: =E61-S61 -> 0 | U61: =-ROUND((R61+E61),2) -> 0 | V61: =Q61-T61 -> #VALUE!
B62: 5 | C62: Бунтило В.І. | D62: =INDEX([1]ИНФО!C:C,MATCH(C62,[1]ИНФО!B:B,0)) -> Бунтило Віталій Іванович | E62: 4750 | F62: =SUMIFS([1]Табель!J:J,[1]Табель!E:E,C62,[1]Табель!B:B,">="&$Y$50,[1]Табель!B:B,"<"&$Y$51,[1]Табель!F:F,'МЕХАНИЗАТОРЫ ноябрь'!I62) -> #VALUE! | I62: Самосвал камаз | J62: =INDEX([1]ИНФО_СПЕЦТЕХНИКА!$F$4:$F$23,MATCH(I62,[1]ИНФО_СПЕЦТЕХНИКА!$D$4:$D$23,0)) -> 140 | K62: 100 | L62: =SUMIFS([1]Табель!K:K,[1]Табель!E:E,C62,[1]Табель!B:B,">="&$Y$50,[1]Табель!B:B,"<"&$Y$51,[1]Табель!F:F,I62) -> #VALUE! | M62: =SUMIFS([1]Табель!L:L,[1]Табель!E:E,C62,[1]Табель!B:B,">="&$Y$50,[1]Табель!B:B,"<"&$Y$51,[1]Табель!F:F,I62) -> #VALUE! | O62: =F62-L62-M62 -> #VALUE! | Q62: =O62*J62+(L62+M62)*K62 -> #VALUE! | R62: =ROUND(E62*0.22,2) -> 1045 | S62: =E62*0.195 -> 926.25 | T62: =E62-S62 -> 3823.75 | U62: =-ROUND((R62+E62),2) -> -5795 | V62: =Q62-T62 -> #VALUE!
B63: 6 | C63: Савранский І.В. | D63: =INDEX([1]ИНФО!C:C,MATCH(C63,[1]ИНФО!B:B,0)) -> Савранский Іван Володимирович | E63: 4318.18 | F63: =SUMIFS([1]Табель!J:J,[1]Табель!E:E,C63,[1]Табель!B:B,">="&$Y$50,[1]Табель!B:B,"<"&$Y$51,[1]Табель!F:F,'МЕХАНИЗАТОРЫ ноябрь'!I63) -> #VALUE! | I63: Телескоп №2 | J63: =INDEX([1]ИНФО_СПЕЦТЕХНИКА!$F$4:$F$23,MATCH(I63,[1]ИНФО_СПЕЦТЕХНИКА!$D$4:$D$23,0)) -> 170 | K63: 100 | L63: =SUMIFS([1]Табель!K:K,[1]Табель!E:E,C63,[1]Табель!B:B,">="&$Y$50,[1]Табель!B:B,"<"&$Y$51,[1]Табель!F:F,I63) -> #VALUE! | M63: =SUMIFS([1]Табель!L:L,[1]Табель!E:E,C63,[1]Табель!B:B,">="&$Y$50,[1]Табель!B:B,"<"&$Y$51,[1]Табель!F:F,I63) -> #VALUE! | O63: =F63-L63-M63 -> #VALUE! | Q63: =O63*J63+(L63+M63)*K63 -> #VALUE! | R63: =ROUND(E63*0.22,2) -> 950 | S63: =E63*0.195 -> 842.0451 | T63: =E63-S63 -> 3476.1349 | U63: =-ROUND((R63+E63),2) -> -5268.18 | V63: =Q63-T63 -> #VALUE!
B64: 7 | C64: Горячий І.В. | D64: =INDEX([1]ИНФО!C:C,MATCH(C64,[1]ИНФО!B:B,0)) -> Горячий Іван Васильович | E64: 9880 | F64: =SUMIFS([1]Табель!J:J,[1]Табель!E:E,C64,[1]Табель!B:B,">="&$Y$50,[1]Табель!B:B,"<"&$Y$51,[1]Табель!F:F,'МЕХАНИЗАТОРЫ ноябрь'!I64) -> #VALUE! | I64: Телескоп №2 | J64: =INDEX([1]ИНФО_СПЕЦТЕХНИКА!$F$4:$F$23,MATCH(I64,[1]ИНФО_СПЕЦТЕХНИКА!$D$4:$D$23,0)) -> 170 | K64: 100 | L64: =SUMIFS([1]Табель!K:K,[1]Табель!E:E,C64,[1]Табель!B:B,">="&$Y$50,[1]Табель!B:B,"<"&$Y$51,[1]Табель!F:F,I64) -> #VALUE! | M64: =SUMIFS([1]Табель!L:L,[1]Табель!E:E,C64,[1]Табель!B:B,">="&$Y$50,[1]Табель!B:B,"<"&$Y$51,[1]Табель!F:F,I64) -> #VALUE! | O64: =F64-L64-M64 -> #VALUE! | Q64: =O64*J64+(L64+M64)*K64 -> #VALUE! | R64: =ROUND(E64*0.22,2) -> 2173.6 | S64: =E64*0.195 -> 1926.6 | T64: =E64-S64 -> 7953.4 | U64: =-ROUND((R64+E64),2) -> -12053.6 | V64: =Q64-T64 -> #VALUE!
B65: 8 | C65: Зенкін Д.Ю. | D65: =INDEX([1]ИНФО!C:C,MATCH(C65,[1]ИНФО!B:B,0)) -> Зенкін Дмитро Юрійович | E65: 9500 | F65: =SUMIFS([1]Табель!J:J,[1]Табель!E:E,C65,[1]Табель!B:B,">="&$Y$50,[1]Табель!B:B,"<"&$Y$51,[1]Табель!F:F,'МЕХАНИЗАТОРЫ ноябрь'!I65) -> #VALUE! | I65: Экскаватор JCB 3CX 2008 | J65: =INDEX([1]ИНФО_СПЕЦТЕХНИКА!$F$4:$F$23,MATCH(I65,[1]ИНФО_СПЕЦТЕХНИКА!$D$4:$D$23,0)) -> 170 | K65: 100 | L65: =SUMIFS([1]Табель!K:K,[1]Табель!E:E,C65,[1]Табель!B:B,">="&$Y$50,[1]Табель!B:B,"<"&$Y$51,[1]Табель!F:F,I65) -> #VALUE! | M65: =SUMIFS([1]Табель!L:L,[1]Табель!E:E,C65,[1]Табель!B:B,">="&$Y$50,[1]Табель!B:B,"<"&$Y$51,[1]Табель!F:F,I65) -> #VALUE! | O65: =F65-L65-M65 -> #VALUE! | Q65: =O65*J65+(L65+M65)*K65 -> #VALUE! | R65: =ROUND(E65*0.22,2) -> 2090 | S65: =E65*0.195 -> 1852.5 | T65: =E65-S65 -> 7647.5 | U65: =-ROUND((R65+E65),2) -> -11590 | V65: =Q65-T65 -> #VALUE!
B66: 9 | C66: Карбунар Я.Д. | D66: =INDEX([1]ИНФО!C:C,MATCH(C66,[1]ИНФО!B:B,0)) -> Карбунар Ярослав Дмитрович | E66: 9880 | F66: =SUMIFS([1]Табель!J:J,[1]Табель!E:E,C66,[1]Табель!B:B,">="&$Y$50,[1]Табель!B:B,"<"&$Y$51,[1]Табель!F:F,'МЕХАНИЗАТОРЫ ноябрь'!I66) -> #VALUE! | I66: Экскаватор JCB 2007 | J66: =INDEX([1]ИНФО_СПЕЦТЕХНИКА!$F$4:$F$23,MATCH(I66,[1]ИНФО_СПЕЦТЕХНИКА!$D$4:$D$23,0)) -> 170 | K66: 100 | L66: =SUMIFS([1]Табель!K:K,[1]Табель!E:E,C66,[1]Табель!B:B,">="&$Y$50,[1]Табель!B:B,"<"&$Y$51,[1]Табель!F:F,I66) -> #VALUE! | M66: =SUMIFS([1]Табель!L:L,[1]Табель!E:E,C66,[1]Табель!B:B,">="&$Y$50,[1]Табель!B:B,"<"&$Y$51,[1]Табель!F:F,I66) -> #VALUE! | O66: =F66-L66-M66 -> #VALUE! | Q66: =O66*J66+(L66+M66)*K66 -> #VALUE! | R66: =ROUND(E66*0.22,2) -> 2173.6 | S66: =E66*0.195 -> 1926.6 | T66: =E66-S66 -> 7953.4 | U66: =-ROUND((R66+E66),2) -> -12053.6 | V66: =Q66-T66 -> #VALUE!
B67: 10 | C67: Косік Ю.А. | D67: =INDEX([1]ИНФО!C:C,MATCH(C67,[1]ИНФО!B:B,0)) -> Косік Юрій Анатолійович | E67: 9880 | F67: =SUMIFS([1]Табель!J:J,[1]Табель!E:E,C67,[1]Табель!B:B,">="&$Y$50,[1]Табель!B:B,"<"&$Y$51,[1]Табель!F:F,'МЕХАНИЗАТОРЫ ноябрь'!I67) -> #VALUE! | I67: Телескоп №4 | J67: =INDEX([1]ИНФО_СПЕЦТЕХНИКА!$F$4:$F$23,MATCH(I67,[1]ИНФО_СПЕЦТЕХНИКА!$D$4:$D$23,0)) -> 170 | K67: 100 | L67: =SUMIFS([1]Табель!K:K,[1]Табель!E:E,C67,[1]Табель!B:B,">="&$Y$50,[1]Табель!B:B,"<"&$Y$51,[1]Табель!F:F,I67) -> #VALUE! | M67: =SUMIFS([1]Табель!L:L,[1]Табель!E:E,C67,[1]Табель!B:B,">="&$Y$50,[1]Табель!B:B,"<"&$Y$51,[1]Табель!F:F,I67) -> #VALUE! | O67: =F67-L67-M67 -> #VALUE! | Q67: =O67*J67+(L67+M67)*K67 -> #VALUE! | R67: =ROUND(E67*0.22,2) -> 2173.6 | S67: =E67*0.195 -> 1926.6 | T67: =E67-S67 -> 7953.4 | U67: =-ROUND((R67+E67),2) -> -12053.6 | V67: =Q67-T67 -> #VALUE!
B68: 11 | C68: Красношапка М.П. | D68: =INDEX([1]ИНФО!C:C,MATCH(C68,[1]ИНФО!B:B,0)) -> 0 | F68: =SUMIFS([1]Табель!J:J,[1]Табель!E:E,C68,[1]Табель!B:B,">="&$Y$50,[1]Табель!B:B,"<"&$Y$51,[1]Табель!F:F,'МЕХАНИЗАТОРЫ ноябрь'!I68) -> #VALUE! | I68: РДК 250 (2) | J68: =INDEX([1]ИНФО_СПЕЦТЕХНИКА!$F$4:$F$23,MATCH(I68,[1]ИНФО_СПЕЦТЕХНИКА!$D$4:$D$23,0)) -> 140 | K68: 100 | L68: =SUMIFS([1]Табель!K:K,[1]Табель!E:E,C68,[1]Табель!B:B,">="&$Y$50,[1]Табель!B:B,"<"&$Y$51,[1]Табель!F:F,I68) -> #VALUE! | M68: =SUMIFS([1]Табель!L:L,[1]Табель!E:E,C68,[1]Табель!B:B,">="&$Y$50,[1]Табель!B:B,"<"&$Y$51,[1]Табель!F:F,I68) -> #VALUE! | O68: =F68-L68-M68 -> #VALUE! | Q68: =O68*J68+(L68+M68)*K68 -> #VALUE! | R68: =ROUND(E68*0.22,2) -> 0 | S68: =E68*0.195 -> 0 | T68: =E68-S68 -> 0 | U68: =-ROUND((R68+E68),2) -> 0 | V68: =Q68-T68 -> #VALUE!
B69: 12 | C69: Дучук М.Ф. | D69: =INDEX([1]ИНФО!C:C,MATCH(C69,[1]ИНФО!B:B,0)) -> Дучук Микола Федорович | F69: =SUMIFS([1]Табель!J:J,[1]Табель!E:E,C69,[1]Табель!B:B,">="&$Y$50,[1]Табель!B:B,"<"&$Y$51,[1]Табель!F:F,'МЕХАНИЗАТОРЫ ноябрь'!I69) -> #VALUE! | I69: РДК 250 (2) | J69: =INDEX([1]ИНФО_СПЕЦТЕХНИКА!$F$4:$F$23,MATCH(I69,[1]ИНФО_СПЕЦТЕХНИКА!$D$4:$D$23,0)) -> 140 | K69: 100 | L69: =SUMIFS([1]Табель!K:K,[1]Табель!E:E,C69,[1]Табель!B:B,">="&$Y$50,[1]Табель!B:B,"<"&$Y$51,[1]Табель!F:F,I69) -> #VALUE! | M69: =SUMIFS([1]Табель!L:L,[1]Табель!E:E,C69,[1]Табель!B:B,">="&$Y$50,[1]Табель!B:B,"<"&$Y$51,[1]Табель!F:F,I69) -> #VALUE! | O69: =F69-L69-M69 -> #VALUE! | Q69: =O69*J69+(L69+M69)*K69 -> #VALUE! | R69: =ROUND(E69*0.22,2) -> 0 | S69: =E69*0.195 -> 0 | T69: =E69-S69 -> 0 | U69: =-ROUND((R69+E69),2) -> 0 | V69: =Q69-T69 -> #VALUE!
B70: =B69+1 -> 13 | C70: Мусієнко І.І. | D70: =INDEX([1]ИНФО!C:C,MATCH(C70,[1]ИНФО!B:B,0)) -> Мусієнко Ігор Іванович | E70: 9500 | F70: =SUMIFS([1]Табель!J:J,[1]Табель!E:E,C70,[1]Табель!B:B,">="&$Y$50,[1]Табель!B:B,"<"&$Y$51,[1]Табель!F:F,'МЕХАНИЗАТОРЫ ноябрь'!I70) -> #VALUE! | I70: Телескоп №1 | J70: =INDEX([1]ИНФО_СПЕЦТЕХНИКА!$F$4:$F$23,MATCH(I70,[1]ИНФО_СПЕЦТЕХНИКА!$D$4:$D$23,0)) -> 170 | K70: 100 | L70: =SUMIFS([1]Табель!K:K,[1]Табель!E:E,C70,[1]Табель!B:B,">="&$Y$50,[1]Табель!B:B,"<"&$Y$51,[1]Табель!F:F,I70) -> #VALUE! | M70: =SUMIFS([1]Табель!L:L,[1]Табель!E:E,C70,[1]Табель!B:B,">="&$Y$50,[1]Табель!B:B,"<"&$Y$51,[1]Табель!F:F,I70) -> #VALUE! | O70: =F70-L70-M70 -> #VALUE! | Q70: =O70*J70+(L70+M70)*K70 -> #VALUE! | R70: =ROUND(E70*0.22,2) -> 2090 | S70: =E70*0.195 -> 1852.5 | T70: =E70-S70 -> 7647.5 | U70: =-ROUND((R70+E70),2) -> -11590 | V70: =Q70-T70 -> #VALUE!
B71: =B70+1 -> 14 | C71: Самойленко В.М. | D71: =INDEX([1]ИНФО!C:C,MATCH(C71,[1]ИНФО!B:B,0)) -> Самойленко Віктор Миколайович | E71: 9500 | F71: =SUMIFS([1]Табель!J:J,[1]Табель!E:E,C71,[1]Табель!B:B,">="&$Y$50,[1]Табель!B:B,"<"&$Y$51,[1]Табель!F:F,'МЕХАНИЗАТОРЫ ноябрь'!I71) -> #VALUE! | I71: МАЗ 264 | J71: =INDEX([1]ИНФО_СПЕЦТЕХНИКА!$F$4:$F$23,MATCH(I71,[1]ИНФО_СПЕЦТЕХНИКА!$D$4:$D$23,0)) -> 140 | K71: 100 | L71: =SUMIFS([1]Табель!K:K,[1]Табель!E:E,C71,[1]Табель!B:B,">="&$Y$50,[1]Табель!B:B,"<"&$Y$51,[1]Табель!F:F,I71) -> #VALUE! | M71: =SUMIFS([1]Табель!L:L,[1]Табель!E:E,C71,[1]Табель!B:B,">="&$Y$50,[1]Табель!B:B,"<"&$Y$51,[1]Табель!F:F,I71) -> #VALUE! | O71: =F71-L71-M71 -> #VALUE! | Q71: =O71*J71+(L71+M71)*K71 -> #VALUE! | R71: =ROUND(E71*0.22,2) -> 2090 | S71: =E71*0.195 -> 1852.5 | T71: =E71-S71 -> 7647.5 | U71: =-ROUND((R71+E71),2) -> -11590 | V71: =Q71-T71 -> #VALUE!
B72: =B71+1 -> 15 | C72: Скоц С.І. | D72: =INDEX([1]ИНФО!C:C,MATCH(C72,[1]ИНФО!B:B,0)) -> Скоц Сергій Іванович | E72: 9880 | F72: =SUMIFS([1]Табель!J:J,[1]Табель!E:E,C72,[1]Табель!B:B,">="&$Y$50,[1]Табель!B:B,"<"&$Y$51,[1]Табель!F:F,'МЕХАНИЗАТОРЫ ноябрь'!I72) -> #VALUE! | I72: Экскаватор JCB 220 | J72: =INDEX([1]ИНФО_СПЕЦТЕХНИКА!$F$4:$F$23,MATCH(I72,[1]ИНФО_СПЕЦТЕХНИКА!$D$4:$D$23,0)) -> 170 | K72: 100 | L72: =SUMIFS([1]Табель!K:K,[1]Табель!E:E,C72,[1]Табель!B:B,">="&$Y$50,[1]Табель!B:B,"<"&$Y$51,[1]Табель!F:F,I72) -> #VALUE! | M72: =SUMIFS([1]Табель!L:L,[1]Табель!E:E,C72,[1]Табель!B:B,">="&$Y$50,[1]Табель!B:B,"<"&$Y$51,[1]Табель!F:F,I72) -> #VALUE! | O72: =F72-L72-M72 -> #VALUE! | Q72: =O72*J72+(L72+M72)*K72 -> #VALUE! | R72: =ROUND(E72*0.22,2) -> 2173.6 | S72: =E72*0.195 -> 1926.6 | T72: =E72-S72 -> 7953.4 | U72: =-ROUND((R72+E72),2) -> -12053.6 | V72: =Q72-T72 -> #VALUE!
B73: =B72+1 -> 16 | C73: Трохименко В.Я. | D73: =INDEX([1]ИНФО!C:C,MATCH(C73,[1]ИНФО!B:B,0)) -> Трохименко Віталій Якович | E73: 4750 | F73: =SUMIFS([1]Табель!J:J,[1]Табель!E:E,C73,[1]Табель!B:B,">="&$Y$50,[1]Табель!B:B,"<"&$Y$51,[1]Табель!F:F,'МЕХАНИЗАТОРЫ ноябрь'!I73) -> #VALUE! | I73: Телескоп №5 | J73: =INDEX([1]ИНФО_СПЕЦТЕХНИКА!$F$4:$F$23,MATCH(I73,[1]ИНФО_СПЕЦТЕХНИКА!$D$4:$D$23,0)) -> 170 | K73: 100 | L73: =SUMIFS([1]Табель!K:K,[1]Табель!E:E,C73,[1]Табель!B:B,">="&$Y$50,[1]Табель!B:B,"<"&$Y$51,[1]Табель!F:F,I73) -> #VALUE! | M73: =SUMIFS([1]Табель!L:L,[1]Табель!E:E,C73,[1]Табель!B:B,">="&$Y$50,[1]Табель!B:B,"<"&$Y$51,[1]Табель!F:F,I73) -> #VALUE! | O73: =F73-L73-M73 -> #VALUE! | Q73: =O73*J73+(L73+M73)*K73 -> #VALUE! | R73: =ROUND(E73*0.22,2) -> 1045 | S73: =E73*0.195 -> 926.25 | T73: =E73-S73 -> 3823.75 | U73: =-ROUND((R73+E73),2) -> -5795 | V73: =Q73-T73 -> #VALUE!
B74: =B73+1 -> 17 | C74: Якубовський В.Г. | D74: =INDEX([1]ИНФО!C:C,MATCH(C74,[1]ИНФО!B:B,0)) -> Якубовський Василь Григорович | F74: =SUMIFS([1]Табель!J:J,[1]Табель!E:E,C74,[1]Табель!B:B,">="&$Y$50,[1]Табель!B:B,"<"&$Y$51,[1]Табель!F:F,'МЕХАНИЗАТОРЫ ноябрь'!I74) -> #VALUE! | I74: Самосвал камаз | J74: =INDEX([1]ИНФО_СПЕЦТЕХНИКА!$F$4:$F$23,MATCH(I74,[1]ИНФО_СПЕЦТЕХНИКА!$D$4:$D$23,0)) -> 140 | K74: 100 | L74: =SUMIFS([1]Табель!K:K,[1]Табель!E:E,C74,[1]Табель!B:B,">="&$Y$50,[1]Табель!B:B,"<"&$Y$51,[1]Табель!F:F,I74) -> #VALUE! | M74: =SUMIFS([1]Табель!L:L,[1]Табель!E:E,C74,[1]Табель!B:B,">="&$Y$50,[1]Табель!B:B,"<"&$Y$51,[1]Табель!F:F,I74) -> #VALUE! | O74: =F74-L74-M74 -> #VALUE! | Q74: =O74*J74+(L74+M74)*K74 -> #VALUE! | R74: =ROUND(E74*0.22,2) -> 0 | S74: =E74*0.195 -> 0 | T74: =E74-S74 -> 0 | U74: =-ROUND((R74+E74),2) -> 0 | V74: =Q74-T74 -> #VALUE!
B75: =B74+1 -> 18 | C75: Кушнірюк М.В. | D75: =INDEX([1]ИНФО!C:C,MATCH(C75,[1]ИНФО!B:B,0)) -> Кушнірюк Микола Володимирович | E75: 2590.91 | F75: =SUMIFS([1]Табель!J:J,[1]Табель!E:E,C75,[1]Табель!B:B,">="&$Y$50,[1]Табель!B:B,"<"&$Y$51,[1]Табель!F:F,'МЕХАНИЗАТОРЫ ноябрь'!I75) -> #VALUE! | I75: МАЗ 265 | J75: =INDEX([1]ИНФО_СПЕЦТЕХНИКА!$F$4:$F$23,MATCH(I75,[1]ИНФО_СПЕЦТЕХНИКА!$D$4:$D$23,0)) -> 140 | K75: 100 | L75: =SUMIFS([1]Табель!K:K,[1]Табель!E:E,C75,[1]Табель!B:B,">="&$Y$50,[1]Табель!B:B,"<"&$Y$51,[1]Табель!F:F,I75) -> #VALUE! | M75: =SUMIFS([1]Табель!L:L,[1]Табель!E:E,C75,[1]Табель!B:B,">="&$Y$50,[1]Табель!B:B,"<"&$Y$51,[1]Табель!F:F,I75) -> #VALUE! | O75: =F75-L75-M75 -> #VALUE! | Q75: =O75*J75+(L75+M75)*K75 -> #VALUE! | R75: =ROUND(E75*0.22,2) -> 570 | S75: =E75*0.195 -> 505.22745 | T75: =E75-S75 -> 2085.6825 | U75: =-ROUND((R75+E75),2) -> -3160.91 | V75: =Q75-T75 -> #VALUE!
B76: =B75+1 -> 19 | C76: Шамоян А.Д. | D76: =INDEX([1]ИНФО!C:C,MATCH(C76,[1]ИНФО!B:B,0)) -> Шамоян Агмад Даватевич | E76: 9500 | F76: =SUMIFS([1]Табель!J:J,[1]Табель!E:E,C76,[1]Табель!B:B,">="&$Y$50,[1]Табель!B:B,"<"&$Y$51,[1]Табель!F:F,'МЕХАНИЗАТОРЫ ноябрь'!I76) -> #VALUE! | I76: МАЗ 265 | J76: =INDEX([1]ИНФО_СПЕЦТЕХНИКА!$F$4:$F$23,MATCH(I76,[1]ИНФО_СПЕЦТЕХНИКА!$D$4:$D$23,0)) -> 140 | K76: 100 | L76: =SUMIFS([1]Табель!K:K,[1]Табель!E:E,C76,[1]Табель!B:B,">="&$Y$50,[1]Табель!B:B,"<"&$Y$51,[1]Табель!F:F,I76) -> #VALUE! | M76: =SUMIFS([1]Табель!L:L,[1]Табель!E:E,C76,[1]Табель!B:B,">="&$Y$50,[1]Табель!B:B,"<"&$Y$51,[1]Табель!F:F,I76) -> #VALUE! | O76: =F76-L76-M76 -> #VALUE! | Q76: =O76*J76+(L76+M76)*K76 -> #VALUE! | R76: =ROUND(E76*0.22,2) -> 2090 | S76: =E76*0.195 -> 1852.5 | T76: =E76-S76 -> 7647.5 | U76: =-ROUND((R76+E76),2) -> -11590 | V76: =Q76-T76 -> #VALUE!
C77: ИТОГО | E77: =SUM(E57:E76) -> 112929.09 | F77: =SUM(F57:F76) -> #VALUE! | L77: =SUM(L57:L76) -> #VALUE! | M77: =SUM(M57:M76) -> #VALUE! | O77: =SUM(O57:O76) -> #VALUE! | Q77: =SUM(Q57:Q76) -> #VALUE! | R77: =SUM(R57:R76) -> #VALUE! | S77: =SUM(S57:S76) -> #VALUE! | T77: =SUM(T57:T76) -> #VALUE! | U77: =SUM(U57:U76) -> #VALUE! | V77: =SUM(V57:V76) -> #VALUE!
Y79: 45261
Y80: 45292
B82: ="ЧАСЫ ["&CHAR(10)&TEXT(Y79,"[$-419]ММММ ГГГГ")&"]" -> ЧАСЫ [ Декабрь 2023]
F83: =SUBTOTAL(9,F86:F107) -> #VALUE! | L83: =SUBTOTAL(9,L86:L107) -> #VALUE! | M83: =SUBTOTAL(9,M86:M107) -> #VALUE! | O83: =SUBTOTAL(9,O86:O107) -> #VALUE!
B85: № п/п | C85: ФИО | D85: 1С Alias | E85: Начислено в Декабре 2023 | F85: Всего | I85: Ед. спецтехник | J85: Ставка за работу, грн/час | K85: Ставка за ТО, грн/час | L85: ТО | M85: Заправка | O85: Без ТО и заправок | Q85: ИТОГО ЗП по часам | R85: Начисления на ЗП Ф1 (22%) | S85: Удержано по Ф1 (19,5%) | T85: Начислено ЗП по Ф1 (аванс) | U85: ФОТ + Начисления | V85: Остаток ЗП за период (по Ф2) | Z85: ЗП за 01.12.2023 - 31.12.2023
B86: 1 | C86: Болох В.В. | D86: =INDEX([1]ИНФО!C:C,MATCH(C86,[1]ИНФО!B:B,0)) -> Болох Володимир Васильович | E86: =INDEX($F$111:$F$127,MATCH(D86,$D$111:$D$127,0)) -> 9500 | F86: =SUMIFS([1]Табель!J:J,[1]Табель!E:E,C86,[1]Табель!B:B,">="&Y79,[1]Табель!B:B,"<"&Y80,[1]Табель!F:F,'МЕХАНИЗАТОРЫ ноябрь'!I86) -> #VALUE! | I86: Автокран XCMG | J86: =INDEX([1]ИНФО_СПЕЦТЕХНИКА!$F$4:$F$24,MATCH(I86,[1]ИНФО_СПЕЦТЕХНИКА!$D$4:$D$24,0)) -> 180 | K86: 100 | L86: =SUMIFS([1]Табель!K:K,[1]Табель!E:E,C86,[1]Табель!B:B,">="&Y79,[1]Табель!B:B,"<"&Y80,[1]Табель!F:F,I86) -> #VALUE! | M86: =SUMIFS([1]Табель!L:L,[1]Табель!E:E,C86,[1]Табель!B:B,">="&Y79,[1]Табель!B:B,"<"&Y80,[1]Табель!F:F,I86) -> #VALUE! | O86: =F86-L86-M86 -> #VALUE! | Q86: =O86*J86+(L86+M86)*K86 -> #VALUE! | R86: =ROUND(E86*0.22,2) -> 2090 | S86: =E86*0.195 -> 1852.5 | T86: =E86-S86 -> 7647.5 | U86: =-ROUND((R86+E86),2) -> -11590 | V86: =Q86-T86 -> #VALUE! | Z86: =CONCATENATE($Z$85,CHAR(10),O86," год.роботи х ",J86," грн. + ",L86+M86," год.ТО и заправки х ",K86," грн."," = ",CHAR(10),"До виплати ",TEXT(Q86,"# #")," грн.") -> #VALUE!
B87: 2 | C87: Борисенко О.М. | D87: =INDEX([1]ИНФО!C:C,MATCH(C87,[1]ИНФО!B:B,0)) -> Борисенко Олексій Миколайович | E87: =INDEX($F$111:$F$127,MATCH(D87,$D$111:$D$127,0)) -> 9500 | F87: =SUMIFS([1]Табель!J:J,[1]Табель!E:E,C87,[1]Табель!B:B,">="&Y79,[1]Табель!B:B,"<"&Y80,[1]Табель!F:F,'МЕХАНИЗАТОРЫ ноябрь'!I87) -> #VALUE! | I87: Виброкаток | J87: =INDEX([1]ИНФО_СПЕЦТЕХНИКА!$F$4:$F$24,MATCH(I87,[1]ИНФО_СПЕЦТЕХНИКА!$D$4:$D$24,0)) -> 170 | K87: 100 | L87: =SUMIFS([1]Табель!K:K,[1]Табель!E:E,C87,[1]Табель!B:B,">="&Y79,[1]Табель!B:B,"<"&Y80,[1]Табель!F:F,I87) -> #VALUE! | M87: =SUMIFS([1]Табель!L:L,[1]Табель!E:E,C87,[1]Табель!B:B,">="&Y79,[1]Табель!B:B,"<"&Y80,[1]Табель!F:F,I87) -> #VALUE! | O87: =F87-L87-M87 -> #VALUE! | Q87: =O87*J87+(L87+M87)*K87 -> #VALUE! | R87: =ROUND(E87*(Q87/(SUM(Q87:Q88)))*0.22,2) -> #VALUE! | S87: =ROUND(E87*(Q87/(SUM(Q87:Q88)))*0.195,2) -> #VALUE! | T87: =E87*Q87/(Q87+Q88)-S87 -> #VALUE! | U87: =-ROUND((R87+E87*Q87/(Q87+Q88)),2) -> #VALUE! | V87: =Q87-T87 -> #VALUE! | Z87: =CONCATENATE($Z$85,CHAR(10),O87," год.роботи х ",J87," грн. + ",L87+M87," год.ТО и заправки х ",K87," грн."," = ",CHAR(10),"До виплати ",TEXT(Q87,"# #")," грн.") -> #VALUE!
C88: Борисенко О.М. | D88: =INDEX([1]ИНФО!C:C,MATCH(C88,[1]ИНФО!B:B,0)) -> Борисенко Олексій Миколайович | F88: =SUMIFS([1]Табель!J:J,[1]Табель!E:E,C88,[1]Табель!B:B,">="&Y79,[1]Табель!B:B,"<"&Y80,[1]Табель!F:F,'МЕХАНИЗАТОРЫ ноябрь'!I88) -> #VALUE! | I88: Автокран клинцы | J88: =INDEX([1]ИНФО_СПЕЦТЕХНИКА!$F$4:$F$24,MATCH(I88,[1]ИНФО_СПЕЦТЕХНИКА!$D$4:$D$24,0)) -> 180 | K88: 100 | L88: =SUMIFS([1]Табель!K:K,[1]Табель!E:E,C88,[1]Табель!B:B,">="&Y79,[1]Табель!B:B,"<"&Y80,[1]Табель!F:F,I88) -> #VALUE! | M88: =SUMIFS([1]Табель!L:L,[1]Табель!E:E,C88,[1]Табель!B:B,">="&Y79,[1]Табель!B:B,"<"&Y80,[1]Табель!F:F,I88) -> #VALUE! | O88: =F88-L88-M88 -> #VALUE! | Q88: =O88*J88+(L88+M88)*K88 -> #VALUE! | R88: =ROUND(E87*(Q88/(SUM(Q87:Q88)))*0.22,2) -> #VALUE! | S88: =ROUND(E87*(Q88/(SUM(Q87:Q88)))*0.195,2) -> #VALUE! | T88: =E87*Q88/(Q87+Q88)-S88 -> #VALUE! | U88: =-ROUND((R88+E87*Q88/(Q87+Q88)),2) -> #VALUE! | V88: =Q88-T88 -> #VALUE! | Z88: =CONCATENATE($Z$85,CHAR(10),O88," год.роботи х ",J88," грн. + ",L88+M88," год.ТО и заправки х ",K88," грн."," = ",CHAR(10),"До виплати ",TEXT(Q88,"# #")," грн.") -> #VALUE!
B89: 3 | C89: Божков В.В. | D89: =INDEX([1]ИНФО!C:C,MATCH(C89,[1]ИНФО!B:B,0)) -> Божков Валерій Вікторович | E89: =INDEX($F$111:$F$127,MATCH(D89,$D$111:$D$127,0)) -> 4071.43 | F89: =SUMIFS([1]Табель!J:J,[1]Табель!E:E,C89,[1]Табель!B:B,">="&Y79,[1]Табель!B:B,"<"&Y80,[1]Табель!F:F,'МЕХАНИЗАТОРЫ ноябрь'!I89) -> #VALUE! | I89: МАЗ 264 | J89: =INDEX([1]ИНФО_СПЕЦТЕХНИКА!$F$4:$F$24,MATCH(I89,[1]ИНФО_СПЕЦТЕХНИКА!$D$4:$D$24,0)) -> 140 | K89: 100 | L89: =SUMIFS([1]Табель!K:K,[1]Табель!E:E,C89,[1]Табель!B:B,">="&Y79,[1]Табель!B:B,"<"&Y80,[1]Табель!F:F,I89) -> #VALUE! | M89: =SUMIFS([1]Табель!L:L,[1]Табель!E:E,C89,[1]Табель!B:B,">="&Y79,[1]Табель!B:B,"<"&Y80,[1]Табель!F:F,I89) -> #VALUE! | O89: =F89-L89-M89 -> #VALUE! | Q89: =O89*J89+(L89+M89)*K89 -> #VALUE! | R89: =ROUND(E89*(Q89/(SUM(Q89:Q90)))*0.22,2) -> #VALUE! | S89: =ROUND(E89*(Q89/(SUM(Q89:Q90)))*0.195,2) -> #VALUE! | T89: =E89*Q89/(Q89+Q90)-S89 -> #VALUE! | U89: =-ROUND((R89+E89*Q89/(Q89+Q90)),2) -> #VALUE! | V89: =Q89-T89 -> #VALUE! | Z89: =CONCATENATE($Z$85,CHAR(10),O89," год.роботи х ",J89," грн. + ",L89+M89," год.ТО и заправки х ",K89," грн."," = ",CHAR(10),"До виплати ",TEXT(Q89,"# #")," грн.") -> #VALUE!
C90: Божков В.В. | D90: =INDEX([1]ИНФО!C:C,MATCH(C90,[1]ИНФО!B:B,0)) -> Божков Валерій Вікторович | F90: =SUMIFS([1]Табель!J:J,[1]Табель!E:E,C90,[1]Табель!B:B,">="&Y79,[1]Табель!B:B,"<"&Y80,[1]Табель!F:F,'МЕХАНИЗАТОРЫ ноябрь'!I90) -> #VALUE! | I90: Самосвал МАЗ | J90: =INDEX([1]ИНФО_СПЕЦТЕХНИКА!$F$4:$F$24,MATCH(I90,[1]ИНФО_СПЕЦТЕХНИКА!$D$4:$D$24,0)) -> 140 | K90: 100 | L90: =SUMIFS([1]Табель!K:K,[1]Табель!E:E,C90,[1]Табель!B:B,">="&Y79,[1]Табель!B:B,"<"&Y80,[1]Табель!F:F,I90) -> #VALUE! | M90: =SUMIFS([1]Табель!L:L,[1]Табель!E:E,C90,[1]Табель!B:B,">="&Y79,[1]Табель!B:B,"<"&Y80,[1]Табель!F:F,I90) -> #VALUE! | O90: =F90-L90-M90 -> #VALUE! | Q90: =O90*J90+(L90+M90)*K90 -> #VALUE! | R90: =ROUND(E89*(Q90/(SUM(Q89:Q90)))*0.22,2) -> #VALUE! | S90: =ROUND(E89*(Q90/(SUM(Q89:Q90)))*0.195,2) -> #VALUE! | T90: =E89*Q90/(Q89+Q90)-S90 -> #VALUE! | U90: =-ROUND((R90+E89*Q90/(Q89+Q90)),2) -> #VALUE! | V90: =Q90-T90 -> #VALUE! | Z90: =CONCATENATE($Z$85,CHAR(10),O90," год.роботи х ",J90," грн. + ",L90+M90," год.ТО и заправки х ",K90," грн."," = ",CHAR(10),"До виплати ",TEXT(Q90,"# #")," грн.") -> #VALUE!
B91: 4 | C91: Бунтило В.І. | D91: =INDEX([1]ИНФО!C:C,MATCH(C91,[1]ИНФО!B:B,0)) -> Бунтило Віталій Іванович | E91: =INDEX($F$111:$F$127,MATCH(D91,$D$111:$D$127,0)) -> 9500 | F91: =SUMIFS([1]Табель!J:J,[1]Табель!E:E,C91,[1]Табель!B:B,">="&Y79,[1]Табель!B:B,"<"&Y80,[1]Табель!F:F,'МЕХАНИЗАТОРЫ ноябрь'!I91) -> #VALUE! | I91: Самосвал камаз | J91: =INDEX([1]ИНФО_СПЕЦТЕХНИКА!$F$4:$F$24,MATCH(I91,[1]ИНФО_СПЕЦТЕХНИКА!$D$4:$D$24,0)) -> 140 | K91: 100 | L91: =SUMIFS([1]Табель!K:K,[1]Табель!E:E,C91,[1]Табель!B:B,">="&Y79,[1]Табель!B:B,"<"&Y80,[1]Табель!F:F,I91) -> #VALUE! | M91: =SUMIFS([1]Табель!L:L,[1]Табель!E:E,C91,[1]Табель!B:B,">="&Y79,[1]Табель!B:B,"<"&Y80,[1]Табель!F:F,I91) -> #VALUE! | O91: =F91-L91-M91 -> #VALUE! | Q91: =O91*J91+(L91+M91)*K91 -> #VALUE! | R91: =ROUND(E91*0.22,2) -> 2090 | S91: =E91*0.195 -> 1852.5 | T91: =E91-S91 -> 7647.5 | U91: =-ROUND((R91+E91),2) -> -11590 | V91: =Q91-T91 -> #VALUE! | Z91: =CONCATENATE($Z$85,CHAR(10),O91," год.роботи х ",J91," грн. + ",L91+M91," год.ТО и заправки х ",K91," грн."," = ",CHAR(10),"До виплати ",TEXT(Q91,"# #")," грн.") -> #VALUE!
B92: 5 | C92: Селивончик И.П. | D92: =INDEX([1]ИНФО!C:C,MATCH(C92,[1]ИНФО!B:B,0)) -> Селівончик Ігор Петрович | E92: 5880.95 | F92: =SUMIFS([1]Табель!J:J,[1]Табель!E:E,C92,[1]Табель!B:B,">="&Y79,[1]Табель!B:B,"<"&Y80,[1]Табель!F:F,I92) -> #VALUE! | I92: МАЗ 264 | J92: =INDEX([1]ИНФО_СПЕЦТЕХНИКА!$F$4:$F$24,MATCH(I92,[1]ИНФО_СПЕЦТЕХНИКА!$D$4:$D$24,0)) -> 140 | K92: 100 | L92: =SUMIFS([1]Табель!K:K,[1]Табель!E:E,C92,[1]Табель!B:B,">="&Y79,[1]Табель!B:B,"<"&Y80,[1]Табель!F:F,I92) -> #VALUE! | M92: =SUMIFS([1]Табель!L:L,[1]Табель!E:E,C92,[1]Табель!B:B,">="&Y79,[1]Табель!B:B,"<"&Y80,[1]Табель!F:F,I92) -> #VALUE! | O92: =F92-L92-M92 -> #VALUE! | Q92: =O92*J92+(L92+M92)*K92 -> #VALUE! | R92: =ROUND(E92*0.22,2) -> 1293.81 | S92: =E92*0.195 -> 1146.7852 | T92: =E92-S92 -> 4734.1647 | U92: =-ROUND((R92+E92),2) -> -7174.76 | V92: =Q92-T92 -> #VALUE! | Z92: =CONCATENATE($Z$85,CHAR(10),O92," год.роботи х ",J92," грн. + ",L92+M92," год.ТО и заправки х ",K92," грн."," = ",CHAR(10),"До виплати ",TEXT(Q92,"# #")," грн.") -> #VALUE!
B93: 6 | C93: Савранский І.В. | D93: =INDEX([1]ИНФО!C:C,MATCH(C93,[1]ИНФО!B:B,0)) -> Савранский Іван Володимирович | E93: =INDEX($F$111:$F$127,MATCH(D93,$D$111:$D$127,0)) -> 9500 | F93: =SUMIFS([1]Табель!J:J,[1]Табель!E:E,C93,[1]Табель!B:B,">="&Y79,[1]Табель!B:B,"<"&Y80,[1]Табель!F:F,'МЕХАНИЗАТОРЫ ноябрь'!I93) -> #VALUE! | I93: Телескоп №2 | J93: =INDEX([1]ИНФО_СПЕЦТЕХНИКА!$F$4:$F$24,MATCH(I93,[1]ИНФО_СПЕЦТЕХНИКА!$D$4:$D$24,0)) -> 170 | K93: 100 | L93: =SUMIFS([1]Табель!K:K,[1]Табель!E:E,C93,[1]Табель!B:B,">="&Y79,[1]Табель!B:B,"<"&Y80,[1]Табель!F:F,I93) -> #VALUE! | M93: =SUMIFS([1]Табель!L:L,[1]Табель!E:E,C93,[1]Табель!B:B,">="&Y79,[1]Табель!B:B,"<"&Y80,[1]Табель!F:F,I93) -> #VALUE! | O93: =F93-L93-M93 -> #VALUE! | Q93: =O93*J93+(L93+M93)*K93 -> #VALUE! | R93: =ROUND(E93*0.22,2) -> 2090 | S93: =E93*0.195 -> 1852.5 | T93: =E93-S93 -> 7647.5 | U93: =-ROUND((R93+E93),2) -> -11590 | V93: =Q93-T93 -> #VALUE! | Z93: =CONCATENATE($Z$85,CHAR(10),O93," год.роботи х ",J93," грн. + ",L93+M93," год.ТО и заправки х ",K93," грн."," = ",CHAR(10),"До виплати ",TEXT(Q93,"# #")," грн.") -> #VALUE!
B94: 7 | C94: Зенкін Д.Ю. | D94: =INDEX([1]ИНФО!C:C,MATCH(C94,[1]ИНФО!B:B,0)) -> Зенкін Дмитро Юрійович | E94: =INDEX($F$111:$F$127,MATCH(D94,$D$111:$D$127,0)) -> 7464.3 | F94: =SUMIFS([1]Табель!J:J,[1]Табель!E:E,C94,[1]Табель!B:B,">="&Y79,[1]Табель!B:B,"<"&Y80,[1]Табель!F:F,'МЕХАНИЗАТОРЫ ноябрь'!I94) -> #VALUE! | I94: Экскаватор JCB 3CX 2008 | J94: =INDEX([1]ИНФО_СПЕЦТЕХНИКА!$F$4:$F$24,MATCH(I94,[1]ИНФО_СПЕЦТЕХНИКА!$D$4:$D$24,0)) -> 170 | K94: 100 | L94: =SUMIFS([1]Табель!K:K,[1]Табель!E:E,C94,[1]Табель!B:B,">="&Y79,[1]Табель!B:B,"<"&Y80,[1]Табель!F:F,I94) -> #VALUE! | M94: =SUMIFS([1]Табель!L:L,[1]Табель!E:E,C94,[1]Табель!B:B,">="&Y79,[1]Табель!B:B,"<"&Y80,[1]Табель!F:F,I94) -> #VALUE! | O94: =F94-L94-M94 -> #VALUE! | Q94: =O94*J94+(L94+M94)*K94 -> #VALUE! | R94: =ROUND(E94*0.22,2) -> 1642.15 | S94: =E94*0.195 -> 1455.5385 | T94: =E94-S94 -> 6008.7615 | U94: =-ROUND((R94+E94),2) -> -9106.45 | V94: =Q94-T94 -> #VALUE! | Z94: =CONCATENATE($Z$85,CHAR(10),O94," год.роботи х ",J94," грн. + ",L94+M94," год.ТО и заправки х ",K94," грн."," = ",CHAR(10),"До виплати ",TEXT(Q94,"# #")," грн.") -> #VALUE!
B95: 8 | C95: Ковальчук В.В. | D95: =INDEX([1]ИНФО!C:C,MATCH(C95,[1]ИНФО!B:B,0)) -> Ковальчук Валентин Вікторович | E95: 2272.39 | F95: =SUMIFS([1]Табель!J:J,[1]Табель!E:E,C95,[1]Табель!B:B,">="&Y79,[1]Табель!B:B,"<"&Y80,[1]Табель!F:F,'МЕХАНИЗАТОРЫ ноябрь'!I95) -> #VALUE! | I95: Экскаватор JCB 3CX 2008 | J95: =INDEX([1]ИНФО_СПЕЦТЕХНИКА!$F$4:$F$24,MATCH(I95,[1]ИНФО_СПЕЦТЕХНИКА!$D$4:$D$24,0)) -> 170 | K95: 100 | L95: =SUMIFS([1]Табель!K:K,[1]Табель!E:E,C95,[1]Табель!B:B,">="&Y79,[1]Табель!B:B,"<"&Y80,[1]Табель!F:F,I95) -> #VALUE! | M95: =SUMIFS([1]Табель!L:L,[1]Табель!E:E,C95,[1]Табель!B:B,">="&Y79,[1]Табель!B:B,"<"&Y80,[1]Табель!F:F,I95) -> #VALUE! | O95: =F95-L95-M95 -> #VALUE! | Q95: =O95*J95+(L95+M95)*K95 -> #VALUE! | S95: =E95*0.195 -> 443.11605 | T95: =E95-S95 -> 1829.2739 | U95: =-ROUND((R95+E95),2) -> -2272.39 | V95: =Q95-T95 -> #VALUE! | Z95: =CONCATENATE($Z$85,CHAR(10),O95," год.роботи х ",J95," грн. + ",L95+M95," год.ТО и заправки х ",K95," грн."," = ",CHAR(10),"До виплати ",TEXT(Q95,"# #")," грн.") -> #VALUE!
B96: 9 | C96: Карбунар Я.Д. | D96: =INDEX([1]ИНФО!C:C,MATCH(C96,[1]ИНФО!B:B,0)) -> Карбунар Ярослав Дмитрович | E96: =INDEX($F$111:$F$127,MATCH(D96,$D$111:$D$127,0)) -> 9880 | F96: =SUMIFS([1]Табель!J:J,[1]Табель!E:E,C96,[1]Табель!B:B,">="&Y79,[1]Табель!B:B,"<"&Y80,[1]Табель!F:F,'МЕХАНИЗАТОРЫ ноябрь'!I96) -> #VALUE! | I96: Экскаватор JCB 2007 | J96: =INDEX([1]ИНФО_СПЕЦТЕХНИКА!$F$4:$F$24,MATCH(I96,[1]ИНФО_СПЕЦТЕХНИКА!$D$4:$D$24,0)) -> 170 | K96: 100 | L96: =SUMIFS([1]Табель!K:K,[1]Табель!E:E,C96,[1]Табель!B:B,">="&Y79,[1]Табель!B:B,"<"&Y80,[1]Табель!F:F,I96) -> #VALUE! | M96: =SUMIFS([1]Табель!L:L,[1]Табель!E:E,C96,[1]Табель!B:B,">="&Y79,[1]Табель!B:B,"<"&Y80,[1]Табель!F:F,I96) -> #VALUE! | O96: =F96-L96-M96 -> #VALUE! | Q96: =O96*J96+(L96+M96)*K96 -> #VALUE! | R96: =ROUND(E96*0.22,2) -> 2173.6 | S96: =E96*0.195 -> 1926.6 | T96: =E96-S96 -> 7953.4 | U96: =-ROUND((R96+E96),2) -> -12053.6 | V96: =Q96-T96 -> #VALUE! | Z96: =CONCATENATE($Z$85,CHAR(10),O96," год.роботи х ",J96," грн. + ",L96+M96," год.ТО и заправки х ",K96," грн."," = ",CHAR(10),"До виплати ",TEXT(Q96,"# #")," грн.") -> #VALUE!
B97: 10 | C97: Косік Ю.А. | D97: =INDEX([1]ИНФО!C:C,MATCH(C97,[1]ИНФО!B:B,0)) -> Косік Юрій Анатолійович | E97: =INDEX($F$111:$F$127,MATCH(D97,$D$111:$D$127,0)) -> 9880 | F97: =SUMIFS([1]Табель!J:J,[1]Табель!E:E,C97,[1]Табель!B:B,">="&Y79,[1]Табель!B:B,"<"&Y80,[1]Табель!F:F,'МЕХАНИЗАТОРЫ ноябрь'!I97) -> #VALUE! | I97: Телескоп №4 | J97: =INDEX([1]ИНФО_СПЕЦТЕХНИКА!$F$4:$F$24,MATCH(I97,[1]ИНФО_СПЕЦТЕХНИКА!$D$4:$D$24,0)) -> 170 | K97: 100 | L97: =SUMIFS([1]Табель!K:K,[1]Табель!E:E,C97,[1]Табель!B:B,">="&Y79,[1]Табель!B:B,"<"&Y80,[1]Табель!F:F,I97) -> #VALUE! | M97: =SUMIFS([1]Табель!L:L,[1]Табель!E:E,C97,[1]Табель!B:B,">="&Y79,[1]Табель!B:B,"<"&Y80,[1]Табель!F:F,I97) -> #VALUE! | O97: =F97-L97-M97 -> #VALUE! | Q97: =O97*J97+(L97+M97)*K97 -> #VALUE! | R97: =ROUND(E97*0.22,2) -> 2173.6 | S97: =E97*0.195 -> 1926.6 | T97: =E97-S97 -> 7953.4 | U97: =-ROUND((R97+E97),2) -> -12053.6 | V97: =Q97-T97 -> #VALUE! | Y97: Дополнено табелем за ноябрья с 01.11 по 08.11 - 41 час работы | Z97: =CONCATENATE($Z$85,CHAR(10),O97," год.роботи х ",J97," грн. + ",L97+M97," год.ТО и заправки х ",K97," грн."," = ",CHAR(10),"До виплати ",TEXT(Q97,"# #")," грн.") -> #VALUE!
B98: 11 | C98: Трохименко В.Я. | D98: =INDEX([1]ИНФО!C:C,MATCH(C98,[1]ИНФО!B:B,0)) -> Трохименко Віталій Якович | E98: =INDEX($F$111:$F$127,MATCH(D98,$D$111:$D$127,0)) -> 4750 | F98: =SUMIFS([1]Табель!J:J,[1]Табель!E:E,C98,[1]Табель!B:B,">="&Y79,[1]Табель!B:B,"<"&Y80,[1]Табель!F:F,'МЕХАНИЗАТОРЫ ноябрь'!I98) -> #VALUE! | I98: РДК 250 (2) | J98: =INDEX([1]ИНФО_СПЕЦТЕХНИКА!$F$4:$F$24,MATCH(I98,[1]ИНФО_СПЕЦТЕХНИКА!$D$4:$D$24,0)) -> 140 | K98: 100 | L98: =SUMIFS([1]Табель!K:K,[1]Табель!E:E,C98,[1]Табель!B:B,">="&Y79,[1]Табель!B:B,"<"&Y80,[1]Табель!F:F,I98) -> #VALUE! | M98: =SUMIFS([1]Табель!L:L,[1]Табель!E:E,C98,[1]Табель!B:B,">="&Y79,[1]Табель!B:B,"<"&Y80,[1]Табель!F:F,I98) -> #VALUE! | O98: =F98-L98-M98 -> #VALUE! | Q98: =O98*J98+(L98+M98)*K98 -> #VALUE! | R98: =ROUND(E98*0.22,2) -> 1045 | S98: =E98*0.195 -> 926.25 | T98: =E98-S98 -> 3823.75 | U98: =-ROUND((R98+E98),2) -> -5795 | V98: =Q98-T98 -> #VALUE! | Y98: Механизатор проставил себе часы ТО без подписи прораба или РМ (10+3 часов ТО и заправка) | Z98: =CONCATENATE($Z$85,CHAR(10),O98," год.роботи х ",J98," грн. + ",L98+M98," год.ТО и заправки х ",K98," грн."," = ",CHAR(10),"До виплати ",TEXT(Q98,"# #")," грн.") -> #VALUE!
B99: 12 | C99: Мусієнко І.І. | D99: =INDEX([1]ИНФО!C:C,MATCH(C99,[1]ИНФО!B:B,0)) -> Мусієнко Ігор Іванович | E99: =INDEX($F$111:$F$127,MATCH(D99,$D$111:$D$127,0)) -> 9500 | F99: =SUMIFS([1]Табель!J:J,[1]Табель!E:E,C99,[1]Табель!B:B,">="&Y79,[1]Табель!B:B,"<"&Y80,[1]Табель!F:F,'МЕХАНИЗАТОРЫ ноябрь'!I99) -> #VALUE! | I99: Телескоп №1 | J99: =INDEX([1]ИНФО_СПЕЦТЕХНИКА!$F$4:$F$24,MATCH(I99,[1]ИНФО_СПЕЦТЕХНИКА!$D$4:$D$24,0)) -> 170 | K99: 100 | L99: =SUMIFS([1]Табель!K:K,[1]Табель!E:E,C99,[1]Табель!B:B,">="&Y79,[1]Табель!B:B,"<"&Y80,[1]Табель!F:F,I99) -> #VALUE! | M99: =SUMIFS([1]Табель!L:L,[1]Табель!E:E,C99,[1]Табель!B:B,">="&Y79,[1]Табель!B:B,"<"&Y80,[1]Табель!F:F,I99) -> #VALUE! | O99: =F99-L99-M99 -> #VALUE! | Q99: =O99*J99+(L99+M99)*K99 -> #VALUE! | R99: =ROUND(E99*0.22,2) -> 2090 | S99: =E99*0.195 -> 1852.5 | T99: =E99-S99 -> 7647.5 | U99: =-ROUND((R99+E99),2) -> -11590 | V99: =Q99-T99 -> #VALUE! | Z99: =CONCATENATE($Z$85,CHAR(10),O99," год.роботи х ",J99," грн. + ",L99+M99," год.ТО и заправки х ",K99," грн."," = ",CHAR(10),"До виплати ",TEXT(Q99,"# #")," грн.") -> #VALUE!
B100: 13 | C100: Скоц С.І. | D100: =INDEX([1]ИНФО!C:C,MATCH(C100,[1]ИНФО!B:B,0)) -> Скоц Сергій Іванович | E100: =INDEX($F$111:$F$127,MATCH(D100,$D$111:$D$127,0)) -> 9880 | F100: =SUMIFS([1]Табель!J:J,[1]Табель!E:E,C100,[1]Табель!B:B,">="&Y79,[1]Табель!B:B,"<"&Y80,[1]Табель!F:F,'МЕХАНИЗАТОРЫ ноябрь'!I100) -> #VALUE! | I100: Телескоп №1 | J100: =INDEX([1]ИНФО_СПЕЦТЕХНИКА!$F$4:$F$24,MATCH(I100,[1]ИНФО_СПЕЦТЕХНИКА!$D$4:$D$24,0)) -> 170 | K100: 100 | L100: =SUMIFS([1]Табель!K:K,[1]Табель!E:E,C100,[1]Табель!B:B,">="&Y79,[1]Табель!B:B,"<"&Y80,[1]Табель!F:F,I100) -> #VALUE! | M100: =SUMIFS([1]Табель!L:L,[1]Табель!E:E,C100,[1]Табель!B:B,">="&Y79,[1]Табель!B:B,"<"&Y80,[1]Табель!F:F,I100) -> #VALUE! | O100: =F100-L100-M100 -> #VALUE! | Q100: =O100*J100+(L100+M100)*K100 -> #VALUE! | R100: =ROUND(E100*(Q100/(SUM(Q100:Q101)))*0.22,2) -> #VALUE! | S100: =ROUND(E100*(Q100/(SUM(Q100:Q101)))*0.195,2) -> #VALUE! | T100: =E100*Q100/(Q100+Q101)-S100 -> #VALUE! | U100: =-ROUND((R100+E100*Q100/(Q100+Q101)),2) -> #VALUE! | V100: =Q100-T100 -> #VALUE! | Z100: =CONCATENATE($Z$85,CHAR(10),O100," год.роботи х ",J100," грн. + ",L100+M100," год.ТО и заправки х ",K100," грн."," = ",CHAR(10),"До виплати ",TEXT(Q100,"# #")," грн.") -> #VALUE!
C101: Скоц С.І. | D101: =INDEX([1]ИНФО!C:C,MATCH(C101,[1]ИНФО!B:B,0)) -> Скоц Сергій Іванович | F101: =SUMIFS([1]Табель!J:J,[1]Табель!E:E,C101,[1]Табель!B:B,">="&Y79,[1]Табель!B:B,"<"&Y80,[1]Табель!F:F,'МЕХАНИЗАТОРЫ ноябрь'!I101) -> #VALUE! | I101: Экскаватор JCB 2013 | J101: =INDEX([1]ИНФО_СПЕЦТЕХНИКА!$F$4:$F$24,MATCH(I101,[1]ИНФО_СПЕЦТЕХНИКА!$D$4:$D$24,0)) -> 170 | K101: 100 | L101: =SUMIFS([1]Табель!K:K,[1]Табель!E:E,C101,[1]Табель!B:B,">="&Y79,[1]Табель!B:B,"<"&Y80,[1]Табель!F:F,I101) -> #VALUE! | M101: =SUMIFS([1]Табель!L:L,[1]Табель!E:E,C101,[1]Табель!B:B,">="&Y79,[1]Табель!B:B,"<"&Y80,[1]Табель!F:F,I101) -> #VALUE! | O101: =F101-L101-M101 -> #VALUE! | Q101: =O101*J101+(L101+M101)*K101 -> #VALUE! | R101: =ROUND(E100*(Q101/(SUM(Q100:Q101)))*0.22,2) -> #VALUE! | S101: =ROUND(E100*(Q101/(SUM(Q100:Q101)))*0.195,2) -> #VALUE! | T101: =E100*Q101/(Q100+Q101)-S101 -> #VALUE! | U101: =-ROUND((R101+E100*Q101/(Q100+Q101)),2) -> #VALUE! | V101: =Q101-T101 -> #VALUE! | Y101: Механизатор проставил себе часы ТО без подписи прораба или РМ (10+2 часов ТО и заправка), во второй половине 12+1 | Z101: =CONCATENATE($Z$85,CHAR(10),O101," год.роботи х ",J101," грн. + ",L101+M101," год.ТО и заправки х ",K101," грн."," = ",CHAR(10),"До виплати ",TEXT(Q101,"# #")," грн.") -> #VALUE!
B102: 14 | C102: Горячий І.В. | D102: =INDEX([1]ИНФО!C:C,MATCH(C102,[1]ИНФО!B:B,0)) -> Горячий Іван Васильович | E102: =INDEX($F$111:$F$127,MATCH(D102,$D$111:$D$127,0)) -> 9880 | F102: =SUMIFS([1]Табель!J:J,[1]Табель!E:E,C102,[1]Табель!B:B,">="&Y79,[1]Табель!B:B,"<"&Y80,[1]Табель!F:F,'МЕХАНИЗАТОРЫ ноябрь'!I102) -> #VALUE! | I102: Телескоп №5 | J102: =INDEX([1]ИНФО_СПЕЦТЕХНИКА!$F$4:$F$24,MATCH(I102,[1]ИНФО_СПЕЦТЕХНИКА!$D$4:$D$24,0)) -> 170 | K102: 100 | L102: =SUMIFS([1]Табель!K:K,[1]Табель!E:E,C102,[1]Табель!B:B,">="&Y79,[1]Табель!B:B,"<"&Y80,[1]Табель!F:F,I102) -> #VALUE! | M102: =SUMIFS([1]Табель!L:L,[1]Табель!E:E,C102,[1]Табель!B:B,">="&Y79,[1]Табель!B:B,"<"&Y80,[1]Табель!F:F,I102) -> #VALUE! | O102: =F102-L102-M102 -> #VALUE! | Q102: =O102*J102+(L102+M102)*K102 -> #VALUE! | R102: =ROUND(E102*0.22,2) -> 2173.6 | S102: =E102*0.195 -> 1926.6 | T102: =E102-S102 -> 7953.4 | U102: =-ROUND((R102+E102),2) -> -12053.6 | V102: =Q102-T102 -> #VALUE! | Z102: =CONCATENATE($Z$85,CHAR(10),O102," год.роботи х ",J102," грн. + ",L102+M102," год.ТО и заправки х ",K102," грн."," = ",CHAR(10),"До виплати ",TEXT(Q102,"# #")," грн.") -> #VALUE!
B103: 15 | C103: Якубовський В.Г. | D103: =INDEX([1]ИНФО!C:C,MATCH(C103,[1]ИНФО!B:B,0)) -> Якубовський Василь Григорович | F103: =SUMIFS([1]Табель!J:J,[1]Табель!E:E,C103,[1]Табель!B:B,">="&Y79,[1]Табель!B:B,"<"&Y80,[1]Табель!F:F,'МЕХАНИЗАТОРЫ ноябрь'!I103) -> #VALUE! | I103: Самосвал камаз | J103: =INDEX([1]ИНФО_СПЕЦТЕХНИКА!$F$4:$F$24,MATCH(I103,[1]ИНФО_СПЕЦТЕХНИКА!$D$4:$D$24,0)) -> 140 | K103: 100 | L103: =SUMIFS([1]Табель!K:K,[1]Табель!E:E,C103,[1]Табель!B:B,">="&Y79,[1]Табель!B:B,"<"&Y80,[1]Табель!F:F,I103) -> #VALUE! | M103: =SUMIFS([1]Табель!L:L,[1]Табель!E:E,C103,[1]Табель!B:B,">="&Y79,[1]Табель!B:B,"<"&Y80,[1]Табель!F:F,I103) -> #VALUE! | O103: =F103-L103-M103 -> #VALUE! | Q103: =O103*J103+(L103+M103)*K103 -> #VALUE! | R103: =ROUND(E103*0.22,2) -> 0 | S103: =E103*0.195 -> 0 | T103: =E103-S103 -> 0 | U103: =-ROUND((R103+E103),2) -> 0 | V103: =Q103-T103 -> #VALUE! | Z103: =CONCATENATE($Z$85,CHAR(10),O103," год.роботи х ",J103," грн. + ",L103+M103," год.ТО и заправки х ",K103," грн."," = ",CHAR(10),"До виплати ",TEXT(Q103,"# #")," грн.") -> #VALUE!
B104: 16 | C104: Кушнірюк М.В. | D104: =INDEX([1]ИНФО!C:C,MATCH(C104,[1]ИНФО!B:B,0)) -> Кушнірюк Микола Володимирович | E104: =INDEX($F$111:$F$127,MATCH(D104,$D$111:$D$127,0)) -> 4750 | F104: =SUMIFS([1]Табель!J:J,[1]Табель!E:E,C104,[1]Табель!B:B,">="&Y79,[1]Табель!B:B,"<"&Y80,[1]Табель!F:F,'МЕХАНИЗАТОРЫ ноябрь'!I104) -> #VALUE! | I104: МАЗ 265 | J104: =INDEX([1]ИНФО_СПЕЦТЕХНИКА!$F$4:$F$24,MATCH(I104,[1]ИНФО_СПЕЦТЕХНИКА!$D$4:$D$24,0)) -> 140 | K104: 100 | L104: =SUMIFS([1]Табель!K:K,[1]Табель!E:E,C104,[1]Табель!B:B,">="&Y79,[1]Табель!B:B,"<"&Y80,[1]Табель!F:F,I104) -> #VALUE! | M104: =SUMIFS([1]Табель!L:L,[1]Табель!E:E,C104,[1]Табель!B:B,">="&Y79,[1]Табель!B:B,"<"&Y80,[1]Табель!F:F,I104) -> #VALUE! | O104: =F104-L104-M104 -> #VALUE! | Q104: =O104*J104+(L104+M104)*K104 -> #VALUE! | R104: =ROUND(E104*0.22,2) -> 1045 | S104: =E104*0.195 -> 926.25 | T104: =E104-S104 -> 3823.75 | U104: =-ROUND((R104+E104),2) -> -5795 | V104: =Q104-T104 -> #VALUE! | Z104: =CONCATENATE($Z$85,CHAR(10),O104," год.роботи х ",J104," грн. + ",L104+M104," год.ТО и заправки х ",K104," грн."," = ",CHAR(10),"До виплати ",TEXT(Q104,"# #")," грн.") -> #VALUE!
B105: 17 | C105: Шестоковський Ю.А. | D105: =INDEX([1]ИНФО!C:C,MATCH(C105,[1]ИНФО!B:B,0)) -> Шестаковський Юрій Олексійович | E105: 4523.81 | F105: =SUMIFS([1]Табель!J:J,[1]Табель!E:E,C105,[1]Табель!B:B,">="&Y79,[1]Табель!B:B,"<"&Y80,[1]Табель!F:F,'МЕХАНИЗАТОРЫ ноябрь'!I105) -> #VALUE! | I105: МАЗ 265 | J105: =INDEX([1]ИНФО_СПЕЦТЕХНИКА!$F$4:$F$24,MATCH(I105,[1]ИНФО_СПЕЦТЕХНИКА!$D$4:$D$24,0)) -> 140 | K105: 100 | L105: =SUMIFS([1]Табель!K:K,[1]Табель!E:E,C105,[1]Табель!B:B,">="&Y79,[1]Табель!B:B,"<"&Y80,[1]Табель!F:F,I105) -> #VALUE! | M105: =SUMIFS([1]Табель!L:L,[1]Табель!E:E,C105,[1]Табель!B:B,">="&Y79,[1]Табель!B:B,"<"&Y80,[1]Табель!F:F,I105) -> #VALUE! | O105: =F105-L105-M105 -> #VALUE! | Q105: =O105*J105+(L105+M105)*K105 -> #VALUE! | S105: =E105*0.195 -> 882.14295 | T105: =E105-S105 -> 3641.6671 | U105: =-ROUND((R105+E105),2) -> -4523.81 | V105: =Q105-T105 -> #VALUE! | Z105: =CONCATENATE($Z$85,CHAR(10),O105," год.роботи х ",J105," грн. + ",L105+M105," год.ТО и заправки х ",K105," грн."," = ",CHAR(10),"До виплати ",TEXT(Q105,"# #")," грн.") -> #VALUE!
B106: 18 | C106: Самойленко В.М. | D106: =INDEX([1]ИНФО!C:C,MATCH(C106,[1]ИНФО!B:B,0)) -> Самойленко Віктор Миколайович | E106: 9500 | F106: =SUMIFS([1]Табель!J:J,[1]Табель!E:E,C106,[1]Табель!B:B,">="&Y79,[1]Табель!B:B,"<"&Y80,[1]Табель!F:F,'МЕХАНИЗАТОРЫ ноябрь'!I106) -> #VALUE! | I106: МАЗ 264 | J106: =INDEX([1]ИНФО_СПЕЦТЕХНИКА!$F$4:$F$24,MATCH(I106,[1]ИНФО_СПЕЦТЕХНИКА!$D$4:$D$24,0)) -> 140 | K106: 100 | L106: =SUMIFS([1]Табель!K:K,[1]Табель!E:E,C106,[1]Табель!B:B,">="&Y79,[1]Табель!B:B,"<"&Y80,[1]Табель!F:F,I106) -> #VALUE! | M106: =SUMIFS([1]Табель!L:L,[1]Табель!E:E,C106,[1]Табель!B:B,">="&Y79,[1]Табель!B:B,"<"&Y80,[1]Табель!F:F,I106) -> #VALUE! | O106: =F106-L106-M106 -> #VALUE! | Q106: =O106*J106+(L106+M106)*K106 -> #VALUE! | R106: =ROUND(E106*0.22,2) -> 2090 | S106: =E106*0.195 -> 1852.5 | T106: =E106-S106 -> 7647.5 | U106: =-ROUND((R106+E106),2) -> -11590 | V106: =Q106-T106 -> #VALUE! | Z106: =CONCATENATE($Z$85,CHAR(10),O106," год.роботи х ",J106," грн. + ",L106+M106," год.ТО и заправки х ",K106," грн."," = ",CHAR(10),"До виплати ",TEXT(Q106,"# #")," грн.") -> #VALUE!
B107: 19 | C107: Шамоян А.Д. | D107: =INDEX([1]ИНФО!C:C,MATCH(C107,[1]ИНФО!B:B,0)) -> Шамоян Агмад Даватевич | E107: =INDEX($F$111:$F$127,MATCH(D107,$D$111:$D$127,0)) -> 9500 | F107: =SUMIFS([1]Табель!J:J,[1]Табель!E:E,C107,[1]Табель!B:B,">="&Y79,[1]Табель!B:B,"<"&Y80,[1]Табель!F:F,'МЕХАНИЗАТОРЫ ноябрь'!I107) -> #VALUE! | I107: МАЗ 265 | J107: =INDEX([1]ИНФО_СПЕЦТЕХНИКА!$F$4:$F$24,MATCH(I107,[1]ИНФО_СПЕЦТЕХНИКА!$D$4:$D$24,0)) -> 140 | K107: 100 | L107: =SUMIFS([1]Табель!K:K,[1]Табель!E:E,C107,[1]Табель!B:B,">="&Y79,[1]Табель!B:B,"<"&Y80,[1]Табель!F:F,I107) -> #VALUE! | M107: =SUMIFS([1]Табель!L:L,[1]Табель!E:E,C107,[1]Табель!B:B,">="&Y79,[1]Табель!B:B,"<"&Y80,[1]Табель!F:F,I107) -> #VALUE! | O107: =F107-L107-M107 -> #VALUE! | Q107: =O107*J107+(L107+M107)*K107 -> #VALUE! | R107: =ROUND(E107*0.22,2) -> 2090 | S107: =E107*0.195 -> 1852.5 | T107: =E107-S107 -> 7647.5 | U107: =-ROUND((R107+E107),2) -> -11590 | V107: =Q107-T107 -> #VALUE! | Z107: =CONCATENATE($Z$85,CHAR(10),O107," год.роботи х ",J107," грн. + ",L107+M107," год.ТО и заправки х ",K107," грн."," = ",CHAR(10),"До виплати ",TEXT(Q107,"# #")," грн.") -> #VALUE!
C108: ИТОГО | E108: =SUM(E86:E107) -> 139732.88 | F108: =SUM(F86:F107) -> #VALUE! | L108: =SUM(L86:L107) -> #VALUE! | M108: =SUM(M86:M107) -> #VALUE! | O108: =SUM(O86:O107) -> #VALUE! | Q108: =SUM(Q86:Q107) -> #VALUE! | R108: =SUM(R86:R107) -> #VALUE! | S108: =SUM(S86:S107) -> #VALUE! | T108: =SUM(T86:T107) -> #VALUE! | U108: =SUM(U86:U107) -> #VALUE! | V108: =SUM(V86:V107) -> #VALUE!
D111: Божков Валерій Вікторович | F111: 4071.43
D112: Борисенко Олексій Миколайович | F112: 9500
D113: Зенкін Дмитро Юрійович | F113: 7464.3
...

Sheet 2025_01_01
E2: =SUM(E4:E40) -> 2216 | F2: =SUM(F4:F40) -> 1987 | G2: =SUM(G4:G40) -> 229 | J2: =SUM(J4:J38) -> 472770 | U2: Січень 2025 =
A3: Счет в 1С | B3: Працівники організацій | C3: Начальное сальдно | D3: Соколнеко Т. | E3: Всего часы/ рейсы | F3: Раб. Часов / ко-во рейсов | G3: ТО / простой / коротк. рейс | H3: Цена за час/рейс | I3: ТО грн/час | J3: Итого | K3: Проверка | L3: ФОТ за январь 2025 | M3: Подразделение | N3: Ед. спецтехник | O3: К выплате | P3: конечное сальдо | U3: с 01.01-31.01(
A4: 958 | B4: Василиу Р.Г. | C4: 40 | D4: 48540 | E4: 215 | F4: 208 | G4: 7 | H4: 230 | I4: 100 | J4: =F4*H4+G4*I4 -> 48540 | K4: =J4-D4 -> 0 | L4: 7700 | M4: Глобино | N4: Телескоп 2 | O4: =ROUND(C4+D4-L4,-2) -> 40900 | P4: =C4+D4-L4-O4 -> -20 | Q4: на карту | U4: =B4&" ЗП "&$U$3&F4&" год. роботи*"&H4&") + ТО "&G4&" год.*100="&TEXT(J4,"# #0,00")&" ФОТ "&$U$2&TEXT(L4,"# #0,00")&". Борг компании: "&TEXT(P4,"# #0,00")&". До виплати - "&TEXT(O4,"# #0,00")&" грн." -> Василиу Р.Г. ЗП с 01.01-31.01(208 год. роботи*230) + ТО 7 год.*100=48 540,00 ФОТ Січень 2025 = 7 700,00. Борг компании: -20,00. До виплати - 40 900,00 грн.
A5: 961 | B5: Зубко О.В. | C5: 20 | D5: 9070 | E5: 40 | F5: 39 | G5: 1 | H5: 230 | I5: 100 | J5: =F5*H5+G5*I5 -> 9070 | K5: =J5-D5 -> 0 | L5: 0 | M5: Глобино | N5: Телескоп JCB 535-140 (№4) | O5: =ROUND(C5+D5-L5,-2) -> 9100 | P5: =C5+D5+D6-L5-O5-O6 -> 10 | U5: =B5&" ЗП "&$U$3&F5&" год. роботи*"&H5&") + ТО "&G5&" год.*100="&TEXT(J5,"# #0,00")&" ФОТ "&$U$2&TEXT(L5,"# #0,00")&". Борг компании: "&TEXT(P5,"# #0,00")&". До виплати - "&TEXT(O5,"# #0,00")&" грн." -> Зубко О.В. ЗП с 01.01-31.01(39 год. роботи*230) + ТО 1 год.*100=9 070,00 ФОТ Січень 2025 = 0,00. Борг компании: 10,00. До виплати - 9 100,00 грн.
A6: 960 | B6: Зубко О.В. | D6: 34620 | E6: 159 | F6: 144 | G6: 15 | H6: 230 | I6: 100 | J6: =F6*H6+G6*I6 -> 34620 | K6: =J6-D6 -> 0 | L6: 0 | M6: Глобино | N6: Телескоп JCB 540-170 №5 | O6: =ROUND(C6+D6-L6,-2) -> 34600 | Q6: Гриценко | U6: =B6&" ЗП "&$U$3&F6&" год. роботи*"&H6&") + ТО "&G6&" год.*100="&TEXT(J6,"# #0,00")&" ФОТ "&$U$2&TEXT(L6,"# #0,00")&". Борг компании: "&TEXT(P6,"# #0,00")&". До виплати - "&TEXT(O6,"# #0,00")&" грн." -> Зубко О.В. ЗП с 01.01-31.01(144 год. роботи*230) + ТО 15 год.*100=34 620,00 ФОТ Січень 2025 = 0,00. Борг компании: 0,00. До виплати - 34 600,00 грн.
A7: 959 | B7: Грунковский В.В. | C7: 0 | D7: 30150 | E7: 139 | F7: 125 | G7: 14 | H7: 230 | I7: 100 | J7: =F7*H7+G7*I7 -> 30150 | K7: =J7-D7 -> 0 | L7: 0 | M7: Глобино | N7: Телескоп JCB 535-140 (№4) | O7: =ROUND(C7+D7-L7,-2) -> 30200 | P7: =C7+D7-L7-O7 -> -50 | Q7: Гриценко | U7: =B7&" ЗП "&$U$3&F7&" год. роботи*"&H7&") + ТО "&G7&" год.*100="&TEXT(J7,"# #0,00")&" ФОТ "&$U$2&TEXT(L7,"# #0,00")&". Борг компании: "&TEXT(P7,"# #0,00")&". До виплати - "&TEXT(O7,"# #0,00")&" грн." -> Грунковский В.В. ЗП с 01.01-31.01(125 год. роботи*230) + ТО 14 год.*100=30 150,00 ФОТ Січень 2025 = 0,00. Борг компании: -50,00. До виплати - 30 200,00 грн.
A8: 964 | B8: Карбунар Я.Д. | C8: 25.75 | D8: 42760 | E8: 191 | F8: 182 | G8: 9 | H8: 230 | I8: 100 | J8: =F8*H8+G8*I8 -> 42760 | K8: =J8-D8 -> 0 | L8: 8008 | M8: Глобино | N8: Экскаватор JCB | O8: =ROUND(C8+D8-L8,-2) -> 34800 | P8: =C8+D8-L8-O8 -> -22.25 | Q8: карта | U8: =B8&" ЗП "&$U$3&F8&" год. роботи*"&H8&") + ТО "&G8&" год.*100="&TEXT(J8,"# #0,00")&" ФОТ "&$U$2&TEXT(L8,"# #0,00")&". Борг компании: "&TEXT(P8,"# #0,00")&". До виплати - "&TEXT(O8,"# #0,00")&" грн." -> Карбунар Я.Д. ЗП с 01.01-31.01(182 год. роботи*230) + ТО 9 год.*100=42 760,00 ФОТ Січень 2025 = 8 008,00. Борг компании: -22,25. До виплати - 34 800,00 грн.
A9: 965 | B9: Скоц С.И. | C9: -43.94 | D9: 38510 | E9: 181 | F9: 157 | G9: 24 | H9: 230 | I9: 100 | J9: =F9*H9+G9*I9 -> 38510 | K9: =J9-D9 -> 0 | L9: 8008 | M9: Глобино | N9: Экскаватор JCB 2013 | O9: =ROUND(C9+D9-L9,-2) -> 30500 | P9: =C9+D9-L9-O9 -> -41.94 | Q9: карта | U9: =B9&" ЗП "&$U$3&F9&" год. роботи*"&H9&") + ТО "&G9&" год.*100="&TEXT(J9,"# #0,00")&" ФОТ "&$U$2&TEXT(L9,"# #0,00")&". Борг компании: "&TEXT(P9,"# #0,00")&". До виплати - "&TEXT(O9,"# #0,00")&" грн." -> Скоц С.И. ЗП с 01.01-31.01(157 год. роботи*230) + ТО 24 год.*100=38 510,00 ФОТ Січень 2025 = 8 008,00. Борг компании: -41,94. До виплати - 30 500,00 грн.
A10: 1056 | B10: Ляшко С.М. | C10: 36.25 | D10: 690 | E10: 3 | F10: 3 | G10: 0 | H10: 230 | I10: 100 | J10: =F10*H10+G10*I10 -> 690 | K10: =J10-D10 -> 0 | L10: 405.87994 | M10: Глобино | N10: Экскаватор JCB 2013 | O10: =ROUND(C10+D10-L10,-2) -> 300 | P10: =C10+D10+D11+D12-L10-L11-L12-O10-O11-O12 -> 26.26 | Q10: карта | U10: =B10&" ЗП "&$U$3&F10&" год. роботи*"&H10&") + ТО "&G10&" год.*100="&TEXT(J10,"# #0,00")&" ФОТ "&$U$2&TEXT(L10,"# #0,00")&". Борг компании: "&TEXT(P10,"# #0,00")&". До виплати - "&TEXT(O10,"# #0,00")&" грн." -> Ляшко С.М. ЗП с 01.01-31.01(3 год. роботи*230) + ТО 0 год.*100=690,00 ФОТ Січень 2025 = 405,88. Борг компании: 26,26. До виплати - 300,00 грн.
A11: 968 | B11: Ляшко С.М. | D11: 4920 | E11: 24 | F11: 21 | G11: 3 | H11: 220 | I11: 100 | J11: =F11*H11+G11*I11 -> 4920 | K11: =J11-D11 -> 0 | L11: 2894.1143 | M11: Глобино | N11: Виброкаток | O11: =ROUND(C11+D11-L11,-2) -> 2000 | U11: =B11&" ЗП "&$U$3&F11&" год. роботи*"&H11&") + ТО "&G11&" год.*100="&TEXT(J11,"# #0,00")&" ФОТ "&$U$2&TEXT(L11,"# #0,00")&". Борг компании: "&TEXT(P11,"# #0,00")&". До виплати - "&TEXT(O11,"# #0,00")&" грн." -> Ляшко С.М. ЗП с 01.01-31.01(21 год. роботи*220) + ТО 3 год.*100=4 920,00 ФОТ Січень 2025 = 2 894,11. Борг компании: 0,00. До виплати - 2 000,00 грн.
A12: 970 | B12: Ляшко С.М. | D12: 7480 | E12: 54 | F12: 16 | G12: 38 | H12: 230 | I12: 100 | J12: =F12*H12+G12*I12 -> 7480 | K12: =J12-D12 -> 0 | L12: 4399.9957 | M12: Глобино | N12: Экскаватор JCB 220 | O12: =ROUND(C12+D12-L12,-2) -> 3100 | U12: =B12&" ЗП "&$U$3&F12&" год. роботи*"&H12&") + ТО "&G12&" год.*100="&TEXT(J12,"# #0,00")&" ФОТ "&$U$2&TEXT(L12,"# #0,00")&". Борг компании: "&TEXT(P12,"# #0,00")&". До виплати - "&TEXT(O12,"# #0,00")&" грн." -> Ляшко С.М. ЗП с 01.01-31.01(16 год. роботи*230) + ТО 38 год.*100=7 480,00 ФОТ Січень 2025 = 4 400,00. Борг компании: 0,00. До виплати - 3 100,00 грн.
A13: 971 | B13: Болох В.В. | C13: 10 | D13: 49100 | E13: 185 | F13: 180 | G13: 5 | H13: 270 | I13: 100 | J13: =F13*H13+G13*I13 -> 49100 | K13: =J13-D13 -> 0 | L13: 7700 | M13: Глобино | N13: Автокран XCMG | O13: =ROUND(C13+D13-L13,-2) -> 41400 | P13: =C13+D13-L13-O13 -> 10 | Q13: карта | U13: =B13&" ЗП "&$U$3&F13&" год. роботи*"&H13&") + ТО "&G13&" год.*100="&TEXT(J13,"# #0,00")&" ФОТ "&$U$2&TEXT(L13,"# #0,00")&". Борг компании: "&TEXT(P13,"# #0,00")&". До виплати - "&TEXT(O13,"# #0,00")&" грн." -> Болох В.В. ЗП с 01.01-31.01(180 год. роботи*270) + ТО 5 год.*100=49 100,00 ФОТ Січень 2025 = 7 700,00. Борг компании: 10,00. До виплати - 41 400,00 грн.
A14: 967 | B14: Борисенко О.М. | C14: 72.5 | D14: 1760 | E14: 8 | F14: 8 | G14: 0 | H14: 220 | I14: 100 | J14: =F14*H14+G14*I14 -> 1760 | K14: =J14-D14 -> 0 | L14: 314.94696 | M14: Глобино | N14: Виброкаток | O14: =ROUND(C14+D14-L14,-2) -> 1500 | P14: =C14+D14+D15-L14-L15-O14-O15 -> 2.5 | Q14: карта | U14: =B14&" ЗП "&$U$3&F14&" год. роботи*"&H14&") + ТО "&G14&" год.*100="&TEXT(J14,"# #0,00")&" ФОТ "&$U$2&TEXT(L14,"# #0,00")&". Борг компании: "&TEXT(P14,"# #0,00")&". До виплати - "&TEXT(O14,"# #0,00")&" грн." -> Борисенко О.М. ЗП с 01.01-31.01(8 год. роботи*220) + ТО 0 год.*100=1 760,00 ФОТ Січень 2025 = 314,95. Борг компании: 2,50. До виплати - 1 500,00 грн.
A15: 966 | B15: Борисенко О.М. | D15: 41270 | E15: 156 | F15: 151 | G15: 5 | H15: 270 | I15: 100 | J15: =F15*H15+G15*I15 -> 41270 | K15: =J15-D15 -> 0 | L15: 7385.053 | M15: Глобино | N15: Автокран Клинцы | O15: =ROUND(C15+D15-L15,-2) -> 33900 | U15: =B15&" ЗП "&$U$3&F15&" год. роботи*"&H15&") + ТО "&G15&" год.*100="&TEXT(J15,"# #0,00")&" ФОТ "&$U$2&TEXT(L15,"# #0,00")&". Борг компании: "&TEXT(P15,"# #0,00")&". До виплати - "&TEXT(O15,"# #0,00")&" грн." -> Борисенко О.М. ЗП с 01.01-31.01(151 год. роботи*270) + ТО 5 год.*100=41 270,00 ФОТ Січень 2025 = 7 385,05. Борг компании: 0,00. До виплати - 33 900,00 грн.
A16: 969 | B16: Гончаренко О.П. | C16: -20 | D16: 27600 | E16: 126 | F16: 125 | G16: 1 | H16: 220 | I16: 100 | J16: =F16*H16+G16*I16 -> 27600 | K16: =J16-D16 -> 0 | L16: 0 | M16: Глобино | N16: Виброкаток | O16: 0 | P16: =C16+D16-L16-O16 -> 27580 | Q16: заморожено | U16: =B16&" ЗП "&$U$3&F16&" год. роботи*"&H16&") + ТО "&G16&" год.*100="&TEXT(J16,"# #0,00")&" ФОТ "&$U$2&TEXT(L16,"# #0,00")&". Борг компании: "&TEXT(P16,"# #0,00")&". До виплати - "&TEXT(O16,"# #0,00")&" грн." -> Гончаренко О.П. ЗП с 01.01-31.01(125 год. роботи*220) + ТО 1 год.*100=27 600,00 ФОТ Січень 2025 = 0,00. Борг компании: 27 580,00. До виплати - 0,00 грн.
A17: 972 | B17: Черненко А.С. | C17: 0 | D17: 33500 | E17: 179 | F17: 156 | G17: 23 | H17: 200 | I17: 100 | J17: =F17*H17+G17*I17 -> 33500 | K17: =J17-D17 -> 0 | L17: 7700 | M17: Глобино | N17: МАЗ 264 | O17: =ROUND(C17+D17-L17,-2) -> 25800 | P17: =C17+D17-L17-O17 -> 0 | Q17: карта | U17: =B17&" ЗП "&$U$3&F17&" год. роботи*"&H17&") + ТО "&G17&" год.*100="&TEXT(J17,"# #0,00")&" ФОТ "&$U$2&TEXT(L17,"# #0,00")&". Борг компании: "&TEXT(P17,"# #0,00")&". До виплати - "&TEXT(O17,"# #0,00")&" грн." -> Черненко А.С. ЗП с 01.01-31.01(156 год. роботи*200) + ТО 23 год.*100=33 500,00 ФОТ Січень 2025 = 7 700,00. Борг компании: 0,00. До виплати - 25 800,00 грн.
A18: 973 | B18: Комаров Д.В. | C18: 0 | D18: 9400 | E18: 56 | F18: 38 | G18: 18 | H18: 200 | I18: 100 | J18: =F18*H18+G18*I18 -> 9400 | K18: =J18-D18 -> 0 | L18: 2678.2602 | M18: Глобино | N18: МАЗ 265 | O18: =ROUND(C18+D18-L18,-2) -> 6700 | P18: =C18+D18-L18-O18 -> 21.7398 | Q18: карта | U18: =B18&" ЗП "&$U$3&F18&" год. роботи*"&H18&") + ТО "&G18&" год.*100="&TEXT(J18,"# #0,00")&" ФОТ "&$U$2&TEXT(L18,"# #0,00")&". Борг компании: "&TEXT(P18,"# #0,00")&". До виплати - "&TEXT(O18,"# #0,00")&" грн." -> Комаров Д.В. ЗП с 01.01-31.01(38 год. роботи*200) + ТО 18 год.*100=9 400,00 ФОТ Січень 2025 = 2 678,26. Борг компании: 21,74. До виплати - 6 700,00 грн.
A19: 974 | B19: Сокур С.О. | C19: 0 | D19: 19300 | E19: 101 | F19: 92 | G19: 9 | H19: 200 | I19: 100 | J19: =F19*H19+G19*I19 -> 19300 | K19: =J19-D19 -> 0 | L19: 0 | M19: Глобино | N19: МАЗ 265 | O19: =ROUND(C19+D19-L19,-2) -> 19300 | P19: =C19+D19-L19-O19 -> 0 | U19: =B19&" ЗП "&$U$3&F19&" год. роботи*"&H19&") + ТО "&G19&" год.*100="&TEXT(J19,"# #0,00")&" ФОТ "&$U$2&TEXT(L19,"# #0,00")&". Борг компании: "&TEXT(P19,"# #0,00")&". До виплати - "&TEXT(O19,"# #0,00")&" грн." -> Сокур С.О. ЗП с 01.01-31.01(92 год. роботи*200) + ТО 9 год.*100=19 300,00 ФОТ Січень 2025 = 0,00. Борг компании: 0,00. До виплати - 19 300,00 грн.
A20: 980 | B20: Запара С.М | C20: -20.8 | D20: 39000 | E20: 195 | F20: 195 | G20: 0 | H20: 200 | I20: 100 | J20: =F20*H20+G20*I20 -> 39000 | K20: =J20-D20 -> 0 | L20: 7700 | M20: Глобино | N20: РДК 250-3№2 | O20: =ROUND(C20+D20-L20,-2) -> 31300 | P20: =C20+D20-L20-O20 -> -20.8 | Q20: карта | U20: =B20&" ЗП "&$U$3&F20&" год. роботи*"&H20&") + ТО "&G20&" год.*100="&TEXT(J20,"# #0,00")&" ФОТ "&$U$2&TEXT(L20,"# #0,00")&". Борг компании: "&TEXT(P20,"# #0,00")&". До виплати - "&TEXT(O20,"# #0,00")&" грн." -> Запара С.М ЗП с 01.01-31.01(195 год. роботи*200) + ТО 0 год.*100=39 000,00 ФОТ Січень 2025 = 7 700,00. Борг компании: -20,80. До виплати - 31 300,00 грн.
A21: 975 | B21: Гончаренко В.П. | C21: 0 | D21: 16100 | E21: 90 | F21: 71 | G21: 19 | H21: 200 | I21: 100 | J21: =F21*H21+G21*I21 -> 16100 | K21: =J21-D21 -> 0 | L21: 0 | M21: Глобино | N21: Самосвал МАЗ | O21: =ROUND(C21+D21-L21,-2) -> 16100 | P21: =C21+D21+D22+D23-L21-O21-O22-O23 -> 0 | Q21: Гриценко | U21: =B21&" ЗП "&$U$3&F21&" год. роботи*"&H21&") + ТО "&G21&" год.*100="&TEXT(J21,"# #0,00")&" ФОТ "&$U$2&TEXT(L21,"# #0,00")&". Борг компании: "&TEXT(P21,"# #0,00")&". До виплати - "&TEXT(O21,"# #0,00")&" грн." -> Гончаренко В.П. ЗП с 01.01-31.01(71 год. роботи*200) + ТО 19 год.*100=16 100,00 ФОТ Січень 2025 = 0,00. Борг компании: 0,00. До виплати - 16 100,00 грн.
B22: Гончаренко В.П. | D22: 8800 | E22: 44 | F22: 44 | G22: 0 | H22: 200 | I22: 100 | J22: =F22*H22+G22*I22 -> 8800 | K22: =J22-D22 -> 0 | L22: 0 | M22: Глобино Щебень | N22: Самосвал МАЗ | O22: =ROUND(C22+D22-L22,-2) -> 8800 | U22: =B22&" ЗП "&$U$3&F22&" год. роботи*"&H22&") + ТО "&G22&" год.*100="&TEXT(J22,"# #0,00")&" ФОТ "&$U$2&TEXT(L22,"# #0,00")&". Борг компании: "&TEXT(P22,"# #0,00")&". До виплати - "&TEXT(O22,"# #0,00")&" грн." -> Гончаренко В.П. ЗП с 01.01-31.01(44 год. роботи*200) + ТО 0 год.*100=8 800,00 ФОТ Січень 2025 = 0,00. Борг компании: 0,00. До виплати - 8 800,00 грн.
A23: 976 | B23: Гончаренко В.П. | D23: 5800 | E23: 32 | F23: 26 | G23: 6 | H23: 200 | I23: 100 | J23: =F23*H23+G23*I23 -> 5800 | K23: =J23-D23 -> 0 | L23: 0 | M23: Глобино | N23: Самосвал МАЗ №2 | O23: =ROUND(C23+D23-L23,-2) -> 5800 | U23: =B23&" ЗП "&$U$3&F23&" год. роботи*"&H23&") + ТО "&G23&" год.*100="&TEXT(J23,"# #0,00")&" ФОТ "&$U$2&TEXT(L23,"# #0,00")&". Борг компании: "&TEXT(P23,"# #0,00")&". До виплати - "&TEXT(O23,"# #0,00")&" грн." -> Гончаренко В.П. ЗП с 01.01-31.01(26 год. роботи*200) + ТО 6 год.*100=5 800,00 ФОТ Січень 2025 = 0,00. Борг компании: 0,00. До виплати - 5 800,00 грн.
A24: 979 | B24: Селивончик И.П. | C24: 0 | D24: 2800 | E24: 22 | F24: 6 | G24: 16 | H24: 200 | I24: 100 | J24: =F24*H24+G24*I24 -> 2800 | K24: =J24-D24 -> 0 | M24: Путровка | N24: Самосвал Камаз | O24: =ROUND(C24+D24-L24,-2) -> 2800 | P24: =C24+D24-L24-O24 -> 0 | Q24: заморожено | U24: =B24&" ЗП "&$U$3&F24&" год. роботи*"&H24&") + ТО "&G24&" год.*100="&TEXT(J24,"# #0,00")&" ФОТ "&$U$2&TEXT(L24,"# #0,00")&". Борг компании: "&TEXT(P24,"# #0,00")&". До виплати - "&TEXT(O24,"# #0,00")&" грн." -> Селивончик И.П. ЗП с 01.01-31.01(6 год. роботи*200) + ТО 16 год.*100=2 800,00 ФОТ Січень 2025 = 0,00. Борг компании: 0,00. До виплати - 2 800,00 грн.
A25: 977 | B25: Роменский В.В. | C25: 22.5 | D25: 1600 | E25: 16 | F25: 0 | G25: 16 | H25: 200 | I25: 100 | J25: =F25*H25+G25*I25 -> 1600 | K25: =J25-D25 -> 0 | M25: Глобино | N25: Самосвал МАЗ №2 | O25: =ROUND(C25+D25-L25,-2) -> 1600 | P25: =C25+D25-L25-O25 -> 22.5 | Q25: Гриценко | U25: =B25&" ЗП "&$U$3&F25&" год. роботи*"&H25&") + ТО "&G25&" год.*100="&TEXT(J25,"# #0,00")&" ФОТ "&$U$2&TEXT(L25,"# #0,00")&". Борг компании: "&TEXT(P25,"# #0,00")&". До виплати - "&TEXT(O25,"# #0,00")&" грн." -> Роменский В.В. ЗП с 01.01-31.01(0 год. роботи*200) + ТО 16 год.*100=1 600,00 ФОТ Січень 2025 = 0,00. Борг компании: 22,50. До виплати - 1 600,00 грн.
I26: 100 | J26: =F26*H26+G26*I26 -> 0 | K26: =J26-D26 -> 0 | O26: =ROUND(C26+D26-L26,-2) -> 0 | P26: =C26+D26-L26-O26 -> 0 | U26: =B26&" ЗП "&$U$3&F26&" год. роботи*"&H26&") + ТО "&G26&" год.*100="&TEXT(J26,"# #0,00")&" ФОТ "&$U$2&TEXT(L26,"# #0,00")&". Борг компании: "&TEXT(P26,"# #0,00")&". До виплати - "&TEXT(O26,"# #0,00")&" грн." -> ЗП с 01.01-31.01( год. роботи*) + ТО год.*100=0,00 ФОТ Січень 2025 = 0,00. Борг компании: 0,00. До виплати - 0,00 грн.
I27: 100 | J27: =F27*H27+G27*I27 -> 0 | K27: =J27-D27 -> 0 | O27: =ROUND(C27+D27-L27,-2) -> 0 | P27: =C27+D27-L27-O27 -> 0 | U27: =B27&" ЗП "&$U$3&F27&" год. роботи*"&H27&") + ТО "&G27&" год.*100="&TEXT(J27,"# #0,00")&" ФОТ "&$U$2&TEXT(L27,"# #0,00")&". Борг компании: "&TEXT(P27,"# #0,00")&". До виплати - "&TEXT(O27,"# #0,00")&" грн." -> ЗП с 01.01-31.01( год. роботи*) + ТО год.*100=0,00 ФОТ Січень 2025 = 0,00. Борг компании: 0,00. До виплати - 0,00 грн.
I28: 100 | J28: =F28*H28+G28*I28 -> 0 | K28: =J28-D28 -> 0 | O28: =ROUND(C28+D28-L28,-2) -> 0 | P28: =C28+D28-L28-O28 -> 0 | U28: =B28&" ЗП "&$U$3&F28&" год. роботи*"&H28&") + ТО "&G28&" год.*100="&TEXT(J28,"# #0,00")&" ФОТ "&$U$2&TEXT(L28,"# #0,00")&". Борг компании: "&TEXT(P28,"# #0,00")&". До виплати - "&TEXT(O28,"# #0,00")&" грн." -> ЗП с 01.01-31.01( год. роботи*) + ТО год.*100=0,00 ФОТ Січень 2025 = 0,00. Борг компании: 0,00. До виплати - 0,00 грн.
I29: 100 | J29: =F29*H29+G29*I29 -> 0 | K29: =J29-D29 -> 0 | O29: =ROUND(C29+D29-L29,-2) -> 0 | P29: =C29+D29-L29-O29 -> 0 | U29: =B29&" ЗП "&$U$3&F29&" год. роботи*"&H29&") + ТО "&G29&" год.*100="&TEXT(J29,"# #0,00")&" ФОТ "&$U$2&TEXT(L29,"# #0,00")&". Борг компании: "&TEXT(P29,"# #0,00")&". До виплати - "&TEXT(O29,"# #0,00")&" грн." -> ЗП с 01.01-31.01( год. роботи*) + ТО год.*100=0,00 ФОТ Січень 2025 = 0,00. Борг компании: 0,00. До виплати - 0,00 грн.
I30: 100 | J30: =F30*H30+G30*I30 -> 0 | K30: =J30-D30 -> 0 | O30: =ROUND(C30+D30-L30,-2) -> 0 | P30: =C30+D30-L30-O30 -> 0 | U30: =B30&" ЗП "&$U$3&F30&" год. роботи*"&H30&") + ТО "&G30&" год.*100="&TEXT(J30,"# #0,00")&" ФОТ "&$U$2&TEXT(L30,"# #0,00")&". Борг компании: "&TEXT(P30,"# #0,00")&". До виплати - "&TEXT(O30,"# #0,00")&" грн." -> ЗП с 01.01-31.01( год. роботи*) + ТО год.*100=0,00 ФОТ Січень 2025 = 0,00. Борг компании: 0,00. До виплати - 0,00 грн.
D31: 0 | J31: =F31*H31+G31*I31 -> 0 | K31: =J31-D31 -> 0 | M31: ='МЕХАНИЗАТОРЫ ноябрь'!Q166 -> 0 | N31: =M31-J31 -> 0 | O31: =ROUND(C31+D31-L31,-2) -> 0 | P31: =C31+D31-L31-O31 -> 0 | U31: =B31&" ЗП "&$U$3&F31&" год. роботи*"&H31&") + ТО "&G31&" год.*100="&TEXT(J31,"# #0,00")&" ФОТ "&$U$2&TEXT(L31,"# #0,00")&". Борг компании: "&TEXT(P31,"# #0,00")&". До виплати - "&TEXT(O31,"# #0,00")&" грн." -> ЗП с 01.01-31.01( год. роботи*) + ТО год.*100=0,00 ФОТ Січень 2025 = 0,00. Борг компании: 0,00. До виплати - 0,00 грн.
D32: 0 | J32: =F32*H32+G32*I32 -> 0 | K32: =J32-D32 -> 0 | M32: ='МЕХАНИЗАТОРЫ ноябрь'!Q167 -> 0 | N32: =M32-J32 -> 0 | O32: =ROUND(C32+D32-L32,-2) -> 0 | P32: =C32+D32-L32-O32 -> 0 | U32: =B32&" ЗП "&$U$3&F32&" год. роботи*"&H32&") + ТО "&G32&" год.*100="&TEXT(J32,"# #0,00")&" ФОТ "&$U$2&TEXT(L32,"# #0,00")&". Борг компании: "&TEXT(P32,"# #0,00")&". До виплати - "&TEXT(O32,"# #0,00")&" грн." -> ЗП с 01.01-31.01( год. роботи*) + ТО год.*100=0,00 ФОТ Січень 2025 = 0,00. Борг компании: 0,00. До виплати - 0,00 грн.
D33: 0 | J33: =F33*H33+G33*I33 -> 0 | K33: =J33-D33 -> 0 | M33: ='МЕХАНИЗАТОРЫ ноябрь'!Q168 -> 0 | N33: =M33-J33 -> 0 | O33: =ROUND(C33+D33-L33,-2) -> 0 | P33: =C33+D33-L33-O33 -> 0 | U33: =B33&" ЗП "&$U$3&F33&" год. роботи*"&H33&") + ТО "&G33&" год.*100="&TEXT(J33,"# #0,00")&" ФОТ "&$U$2&TEXT(L33,"# #0,00")&". Борг компании: "&TEXT(P33,"# #0,00")&". До виплати - "&TEXT(O33,"# #0,00")&" грн." -> ЗП с 01.01-31.01( год. роботи*) + ТО год.*100=0,00 ФОТ Січень 2025 = 0,00. Борг компании: 0,00. До виплати - 0,00 грн.
D34: 0 | J34: =F34*H34+G34*I34 -> 0 | K34: =J34-D34 -> 0 | M34: ='МЕХАНИЗАТОРЫ ноябрь'!Q169 -> 0 | N34: =M34-J34 -> 0 | O34: =ROUND(C34+D34-L34,-2) -> 0 | U34: =B34&" ЗП "&$U$3&F34&" год. роботи*"&H34&") + ТО "&G34&" год.*100="&TEXT(J34,"# #0,00")&" ФОТ "&$U$2&TEXT(L34,"# #0,00")&". Борг компании: "&TEXT(P34,"# #0,00")&". До виплати - "&TEXT(O34,"# #0,00")&" грн." -> ЗП с 01.01-31.01( год. роботи*) + ТО год.*100=0,00 ФОТ Січень 2025 = 0,00. Борг компании: 0,00. До виплати - 0,00 грн.
D35: 0 | J35: =F35*H35+G35*I35 -> 0 | K35: =J35-D35 -> 0 | M35: ='МЕХАНИЗАТОРЫ ноябрь'!Q170 -> 0 | N35: =M35-J35 -> 0 | O35: =ROUND(C35+D35-L35,-2) -> 0 | U35: =B35&" ЗП "&$U$3&F35&" год. роботи*"&H35&") + ТО "&G35&" год.*100="&TEXT(J35,"# #0,00")&" ФОТ "&$U$2&TEXT(L35,"# #0,00")&". Борг компании: "&TEXT(P35,"# #0,00")&". До виплати - "&TEXT(O35,"# #0,00")&" грн." -> ЗП с 01.01-31.01( год. роботи*) + ТО год.*100=0,00 ФОТ Січень 2025 = 0,00. Борг компании: 0,00. До виплати - 0,00 грн.
D36: 0 | J36: =F36*H36+G36*I36 -> 0 | K36: =J36-D36 -> 0 | M36: ='МЕХАНИЗАТОРЫ ноябрь'!Q171 -> 0 | N36: =M36-J36 -> 0 | O36: =ROUND(C36+D36-L36,-2) -> 0 | U36: =B36&" ЗП "&$U$3&F36&" год. роботи*"&H36&") + ТО "&G36&" год.*100="&TEXT(J36,"# #0,00")&" ФОТ "&$U$2&TEXT(L36,"# #0,00")&". Борг компании: "&TEXT(P36,"# #0,00")&". До виплати - "&TEXT(O36,"# #0,00")&" грн." -> ЗП с 01.01-31.01( год. роботи*) + ТО год.*100=0,00 ФОТ Січень 2025 = 0,00. Борг компании: 0,00. До виплати - 0,00 грн.
D37: 0 | J37: =F37*H37+G37*I37 -> 0 | K37: =J37-D37 -> 0 | M37: ='МЕХАНИЗАТОРЫ ноябрь'!Q172 -> 0 | N37: =M37-J37 -> 0 | O37: =ROUND(C37+D37-L37,-2) -> 0 | U37: =B37&" ЗП "&$U$3&F37&" год. роботи*"&H37&") + ТО "&G37&" год.*100="&TEXT(J37,"# #0,00")&" ФОТ "&$U$2&TEXT(L37,"# #0,00")&". Борг компании: "&TEXT(P37,"# #0,00")&". До виплати - "&TEXT(O37,"# #0,00")&" грн." -> ЗП с 01.01-31.01( год. роботи*) + ТО год.*100=0,00 ФОТ Січень 2025 = 0,00. Борг компании: 0,00. До виплати - 0,00 грн.
M38: ='МЕХАНИЗАТОРЫ ноябрь'!Q173 -> 0 | N38: =M38-J38 -> 0 | O38: =ROUND(C38+D38-L38,-2) -> 0 | U38: =B38&" ЗП "&$U$3&F38&" год. роботи*"&H38&") + ТО "&G38&" год.*100="&TEXT(J38,"# #0,00")&" ФОТ "&$U$2&TEXT(L38,"# #0,00")&". Борг компании: "&TEXT(P38,"# #0,00")&". До виплати - "&TEXT(O38,"# #0,00")&" грн." -> ЗП с 01.01-31.01( год. роботи*) + ТО год.*100=0,00 ФОТ Січень 2025 = 0,00. Борг компании: 0,00. До виплати - 0,00 грн.
M39: ='МЕХАНИЗАТОРЫ ноябрь'!Q174 -> 0 | N39: =M39-J39 -> 0 | O39: =ROUND(C39+D39-L39,-2) -> 0 | U39: =B39&" ЗП "&$U$3&F39&" год. роботи*"&H39&") + ТО "&G39&" год.*100="&TEXT(J39,"# #0,00")&" ФОТ "&$U$2&TEXT(L39,"# #0,00")&". Борг компании: "&TEXT(P39,"# #0,00")&". До виплати - "&TEXT(O39,"# #0,00")&" грн." -> ЗП с 01.01-31.01( год. роботи*) + ТО год.*100=0,00 ФОТ Січень 2025 = 0,00. Борг компании: 0,00. До виплати - 0,00 грн.
B41: ИТОГО | J41: =SUM(J4:J40) -> 472770 | K41: =SUM(K4:K40) -> 0 | L41: =SUM(L4:L40) -> 64894.25 | O41: =SUM(O4:O40) -> 380500
O43: =O41-'МЕХАНИЗАТОРЫ апрель'!V163 -> -104552
C48: 1 с казна | D48: автомобиль | E48: ФИО | F48: Общий километраж, км | G48: Ставка на км | H48: ЗП, грн | I48: ФОТ января | J48: Ф2 | K48: Итого к выплате | L48: конечное сальдо
C49: 1139 | D49: МАН5 | E49: Голуб И.Л | F49: 3974 | G49: 10 | H49: =F49*G49 -> 39740 | I49: 7623 | J49: =H49-I49 -> 32117 | K49: =ROUND(H49-I49,-2) -> 32100 | L49: =H49+H50+H51-I49-K49-K50-K51 -> 37
C50: 1140 | D50: МАН4 | E50: Голуб И.Л | F50: 162 | G50: 10 | H50: =F50*G50 -> 1620 | J50: =H50-I50 -> 1620 | K50: =ROUND(H50-I50,-2) -> 1600
B51: согласовано директором | C51: 1139 | D51: МАН5 | E51: Голуб И.Л | F51: 2 | G51: 1500 | H51: =F51*G51 -> 3000 | J51: =F51*G51 -> 3000 | K51: =J51 -> 3000 | M51: 24.01.25 – Цех + перегон МАН 5 на СТО; 28.01.25 – прохождение ТО, техническое обслуживание и шиномонтаж
C52: 1142 | D52: МАН3 | E52: Томченко Олег | F52: 1106 | G52: 10 | H52: =F52*G52 -> 11060 | I52: 3811.5 | J52: =H52-I52 -> 7248.5 | K52: =ROUND(H52-I52,-2) -> 7200 | L52: =H52+H53+H54-I52-K52-K53-K54 -> 38.5
C53: 1141 | D53: МАН4 | E53: Томченко Олег | F53: 1649 | G53: 10 | H53: =F53*G53 -> 16490 | J53: =H53-I53 -> 16490 | K53: =ROUND(H53-I53,-2) -> 16500
B54: согласовано директором | C54: 1142 | D54: МАН3 | E54: Томченко Олег | F54: 1 | G54: 1500 | H54: =F54*G54 -> 1500 | J54: =H54-I54 -> 1500 | K54: =ROUND(H54-I54,-2) -> 1500 | M54: 24.01.25 – Цех + перегон МАН 3 на СТО
K55: =SUM(K49:K54) -> 61900
E56: Голуб | F56: =K49+K50+K51 -> 36700
E57: Томченко | F57: =K52+K53+K54 -> 25200

Sheet 2025_02_01 
E2: =SUM(E4:E40) -> 2135 | F2: =SUM(F4:F40) -> 2001 | G2: =SUM(G4:G40) -> 134 | J2: =SUM(J4:J38) -> 519630 | V2: Лютий 2025 =
A3: Счет в 1С | B3: Працівники організацій | C3: Начальное сальдно | D3: Соколнеко Т. | E3: Всего часы/ рейсы | F3: Раб. Часов / ко-во рейсов | G3: ТО / простой / коротк. рейс | H3: Цена за час/рейс | I3: ТО грн/час | J3: Итого | K3: Проверка | L3: ФОТ за февраль 2025 | M3: Подразделение | N3: Ед. спецтехник | O3: Заморожено по топливу | P3: К выплате | Q3: конечное сальдо | V3: с 01.02-28.02(
A4: 1883 | B4: Василиу Р.Г. | C4: ='2025_01_01'!P4 -> -20 | D4: 36910 | E4: 165 | F4: 157 | G4: 8 | H4: 230 | I4: 100 | J4: =F4*H4+G4*I4 -> 36910 | K4: =J4-D4 -> 0 | L4: 6830.2538 | M4: Глобино-2 | N4: Телескоп 2 | P4: =ROUND(C4+D4-L4-O4,-2) -> 30100 | Q4: =C4+D4-L4-O4-P4 -> -40.253831 | R4: 30079.746 | S4: =P4-R4 -> 20.253831 | V4: =B4&" ЗП "&$V$3&F4&" год. роботи*"&H4&") + ТО "&G4&" год.*100="&TEXT(J4,"# #0,00")&" ФОТ "&$V$2&TEXT(L4,"# #0,00")&". Борг компании: "&TEXT(Q4,"# #0,00")&". До виплати - "&TEXT(P4,"# #0,00")&" грн." -> Василиу Р.Г. ЗП с 01.02-28.02(157 год. роботи*230) + ТО 8 год.*100=36 910,00 ФОТ Лютий 2025 = 6 830,25. Борг компании: -40,25. До виплати - 30 100,00 грн.
A5: 1893 | B5: Василиу Р.Г. | D5: 4700 | E5: 21 | F5: 20 | G5: 1 | H5: 230 | I5: 100 | J5: =F5*H5+G5*I5 -> 4700 | K5: =J5-D5 -> 0 | L5: 869.74617 | M5: Глобино-2 | N5: Телескоп JCB 540-170 №5 | P5: =ROUND(D5-L5-O5,-2) -> 3800 | R5: 3830.2538 | S5: =P5-R5 -> -30.253831 | V5: =B5&" ЗП "&$V$3&F5&" год. роботи*"&H5&") + ТО "&G5&" год.*100="&TEXT(J5,"# #0,00")&" ФОТ "&$V$2&TEXT(L5,"# #0,00")&". Борг компании: "&TEXT(Q5,"# #0,00")&". До виплати - "&TEXT(P5,"# #0,00")&" грн." -> Василиу Р.Г. ЗП с 01.02-28.02(20 год. роботи*230) + ТО 1 год.*100=4 700,00 ФОТ Лютий 2025 = 869,75. Борг компании: 0,00. До виплати - 3 800,00 грн.
A6: 1884 | B6: Грунковский В.В. | C6: ='2025_01_01'!P7 -> -50 | D6: 9860 | E6: 44 | F6: 42 | G6: 2 | H6: 230 | I6: 100 | J6: =F6*H6+G6*I6 -> 9860 | K6: =J6-D6 -> 0 | L6: 0 | M6: Глобино-2 | N6: Телескоп JCB 535-140 (№4) | P6: =ROUND(C6+D6-L6-O6,-2) -> 9800 | Q6: =C6+D6-L6-O6-P6 -> 10 | R6: 9860 | S6: =P6-R6 -> -60 | V6: =B6&" ЗП "&$V$3&F6&" год. роботи*"&H6&") + ТО "&G6&" год.*100="&TEXT(J6,"# #0,00")&" ФОТ "&$V$2&TEXT(L6,"# #0,00")&". Борг компании: "&TEXT(Q6,"# #0,00")&". До виплати - "&TEXT(P6,"# #0,00")&" грн." -> Грунковский В.В. ЗП с 01.02-28.02(42 год. роботи*230) + ТО 2 год.*100=9 860,00 ФОТ Лютий 2025 = 0,00. Борг компании: 10,00. До виплати - 9 800,00 грн.
A7: 1902 | B7: Грунковский В.В. | D7: 6820 | E7: 31 | F7: 31 | G7: 0 | H7: 220 | I7: 100 | J7: =F7*H7+G7*I7 -> 6820 | K7: =J7-D7 -> 0 | L7: 0 | M7: Глобино-2 | N7: Виброкаток | P7: =ROUND(D7-L7-O7,-2) -> 6800 | R7: 6820 | S7: =P7-R7 -> -20 | V7: =B7&" ЗП "&$V$3&F7&" год. роботи*"&H7&") + ТО "&G7&" год.*100="&TEXT(J7,"# #0,00")&" ФОТ "&$V$2&TEXT(L7,"# #0,00")&". Борг компании: "&TEXT(Q7,"# #0,00")&". До виплати - "&TEXT(P7,"# #0,00")&" грн." -> Грунковский В.В. ЗП с 01.02-28.02(31 год. роботи*220) + ТО 0 год.*100=6 820,00 ФОТ Лютий 2025 = 0,00. Борг компании: 0,00. До виплати - 6 800,00 грн.
A8: 1885 | B8: Тройняк О.В. | D8: 2440 | E8: 14 | F8: 8 | G8: 6 | H8: 230 | I8: 100 | J8: =F8*H8+G8*I8 -> 2440 | K8: =J8-D8 -> 0 | L8: 0 | M8: Глобино-2 | N8: Телескоп JCB 535-140 (№4) | P8: =ROUND(C8+D8-L8-O8,-2) -> 2400 | Q8: =C8+D8-L8-O8-P8 -> 40 | R8: 2440 | S8: =P8-R8 -> -40 | V8: =B8&" ЗП "&$V$3&F8&" год. роботи*"&H8&") + ТО "&G8&" год.*100="&TEXT(J8,"# #0,00")&" ФОТ "&$V$2&TEXT(L8,"# #0,00")&". Борг компании: "&TEXT(Q8,"# #0,00")&". До виплати - "&TEXT(P8,"# #0,00")&" грн." -> Тройняк О.В. ЗП с 01.02-28.02(8 год. роботи*230) + ТО 6 год.*100=2 440,00 ФОТ Лютий 2025 = 0,00. Борг компании: 40,00. До виплати - 2 400,00 грн.
A9: 1897 | B9: Зубко О.В. | C9: 10 | D9: 37200 | E9: 164 | F9: 160 | G9: 4 | H9: 230 | I9: 100 | J9: =F9*H9+G9*I9 -> 37200 | K9: =J9-D9 -> 0 | L9: 0 | M9: Глобино-2 | N9: Телескоп JCB 540-170 №5 | P9: =ROUND(C9+D9-L9-O9,-2) -> 37200 | Q9: =C9+D9-L9-O9-P9 -> 10 | R9: 37200 | S9: =P9-R9 -> 0 | V9: =B9&" ЗП "&$V$3&F9&" год. роботи*"&H9&") + ТО "&G9&" год.*100="&TEXT(J9,"# #0,00")&" ФОТ "&$V$2&TEXT(L9,"# #0,00")&". Борг компании: "&TEXT(Q9,"# #0,00")&". До виплати - "&TEXT(P9,"# #0,00")&" грн." -> Зубко О.В. ЗП с 01.02-28.02(160 год. роботи*230) + ТО 4 год.*100=37 200,00 ФОТ Лютий 2025 = 0,00. Борг компании: 10,00. До виплати - 37 200,00 грн.
A10: 1898 | B10: Карбунар Я.Д. | C10: ='2025_01_01'!P8 -> -22.25 | D10: 44800 | E10: 201 | F10: 190 | G10: 11 | H10: 230 | I10: 100 | J10: =F10*H10+G10*I10 -> 44800 | K10: =J10-D10 -> 0 | L10: 8008 | M10: Глобино-2 | N10: Экскаватор JCB | P10: =ROUND(C10+D10-L10-O10,-2) -> 36800 | Q10: =C10+D10-L10-O10-P10 -> -30.25 | R10: 36792 | S10: =P10-R10 -> 8 | V10: =B10&" ЗП "&$V$3&F10&" год. роботи*"&H10&") + ТО "&G10&" год.*100="&TEXT(J10,"# #0,00")&" ФОТ "&$V$2&TEXT(L10,"# #0,00")&". Борг компании: "&TEXT(Q10,"# #0,00")&". До виплати - "&TEXT(P10,"# #0,00")&" грн." -> Карбунар Я.Д. ЗП с 01.02-28.02(190 год. роботи*230) + ТО 11 год.*100=44 800,00 ФОТ Лютий 2025 = 8 008,00. Борг компании: -30,25. До виплати - 36 800,00 грн.
A11: 1938 | B11: Скоц С.И. | C11: ='2025_01_01'!P9 -> -41.94 | D11: 46320 | E11: 211 | F11: 194 | G11: 17 | H11: 230 | I11: 100 | J11: =F11*H11+G11*I11 -> 46320 | K11: =J11-D11 -> 0 | L11: 8008 | M11: Глобино-2 | N11: Экскаватор JCB 2013 | P11: =ROUND(C11+D11-L11-O11,-2) -> 38300 | Q11: =C11+D11-L11-O11-P11 -> -29.94 | R11: 38312 | S11: =P11-R11 -> -12 | V11: =B11&" ЗП "&$V$3&F11&" год. роботи*"&H11&") + ТО "&G11&" год.*100="&TEXT(J11,"# #0,00")&" ФОТ "&$V$2&TEXT(L11,"# #0,00")&". Борг компании: "&TEXT(Q11,"# #0,00")&". До виплати - "&TEXT(P11,"# #0,00")&" грн." -> Скоц С.И. ЗП с 01.02-28.02(194 год. роботи*230) + ТО 17 год.*100=46 320,00 ФОТ Лютий 2025 = 8 008,00. Борг компании: -29,94. До виплати - 38 300,00 грн.
A12: 1939 | B12: Ляшко С.М. | C12: 26.26 | D12: 37810 | E12: 174 | F12: 157 | G12: 17 | H12: 230 | I12: 100 | J12: =F12*H12+G12*I12 -> 37810 | K12: =J12-D12 -> 0 | L12: 7700 | M12: Глобино-2 | N12: Экскаватор JCB 220 | P12: =ROUND(C12+D12-L12-O12,-2) -> 30100 | Q12: =C12+D12-L12-O12-P12 -> 36.26 | R12: 30110 | S12: =P12-R12 -> -10 | V12: =B12&" ЗП "&$V$3&F12&" год. роботи*"&H12&") + ТО "&G12&" год.*100="&TEXT(J12,"# #0,00")&" ФОТ "&$V$2&TEXT(L12,"# #0,00")&". Борг компании: "&TEXT(Q12,"# #0,00")&". До виплати - "&TEXT(P12,"# #0,00")&" грн." -> Ляшко С.М. ЗП с 01.02-28.02(157 год. роботи*230) + ТО 17 год.*100=37 810,00 ФОТ Лютий 2025 = 7 700,00. Борг компании: 36,26. До виплати - 30 100,00 грн.
A13: 1940 | B13: Болох В.В. | C13: ='2025_01_01'!P13 -> 10 | D13: 54160 | E13: 205 | F13: 198 | G13: 7 | H13: 270 | I13: 100 | J13: =F13*H13+G13*I13 -> 54160 | K13: =J13-D13 -> 0 | L13: 7700 | M13: Глобино-2 | N13: Автокран XCMG | O13: 2965.48 | P13: =ROUND(C13+D13-L13-O13,-2) -> 43500 | Q13: =C13+D13-L13-O13-P13 -> 4.5199984 | R13: 46460 | S13: =P13-R13 -> -2960 | V13: =B13&" ЗП "&$V$3&F13&" год. роботи*"&H13&") + ТО "&G13&" год.*100="&TEXT(J13,"# #0,00")&" ФОТ "&$V$2&TEXT(L13,"# #0,00")&". Борг компании: "&TEXT(Q13,"# #0,00")&". До виплати - "&TEXT(P13,"# #0,00")&" грн." -> Болох В.В. ЗП с 01.02-28.02(198 год. роботи*270) + ТО 7 год.*100=54 160,00 ФОТ Лютий 2025 = 7 700,00. Борг компании: 4,52. До виплати - 43 500,00 грн.
A14: 1899 | B14: Филянович Ю.В. | C14: 0 | E14: 8 | F14: 8 | G14: 0 | H14: 330 | I14: 100 | K14: =J14-D14 -> 0 | L14: 0 | M14: Котлогаз | N14: Автокран XCMG QAY55 | P14: =ROUND(C14+D14-L14-O14,-2) -> 0 | Q14: =C14+D14-L14-O14-P14 -> 0 | R14: 0 | S14: =P14-R14 -> 0 | V14: =B14&" ЗП "&$V$3&F14&" год. роботи*"&H14&") + ТО "&G14&" год.*100="&TEXT(J14,"# #0,00")&" ФОТ "&$V$2&TEXT(L14,"# #0,00")&". Борг компании: "&TEXT(Q14,"# #0,00")&". До виплати - "&TEXT(P14,"# #0,00")&" грн." -> Филянович Ю.В. ЗП с 01.02-28.02(8 год. роботи*330) + ТО 0 год.*100=0,00 ФОТ Лютий 2025 = 0,00. Борг компании: 0,00. До виплати - 0,00 грн.
B15: Филянович Ю.В. | D15: 50000 | E15: 27 | F15: 27 | G15: 0 | H15: 330 | I15: 100 | J15: 50000 | K15: =J15-D15 -> 0 | L15: 7700 | M15: Глобино-2 | N15: Автокран XCMG QAY55 | P15: =ROUND(C15+D15-L15-O15,-2) -> 42300 | Q15: =C15+D15-L15-O15-P15 -> 0 | R15: 42300 | S15: =P15-R15 -> 0 | V15: =B15&" ЗП "&$V$3&F15&" год. роботи*"&H15&") + ТО "&G15&" год.*100="&TEXT(J15,"# #0,00")&" ФОТ "&$V$2&TEXT(L15,"# #0,00")&". Борг компании: "&TEXT(Q15,"# #0,00")&". До виплати - "&TEXT(P15,"# #0,00")&" грн." -> Филянович Ю.В. ЗП с 01.02-28.02(27 год. роботи*330) + ТО 0 год.*100=50 000,00 ФОТ Лютий 2025 = 7 700,00. Борг компании: 0,00. До виплати - 42 300,00 грн.
A16: 1935 | B16: Гончаренко О.П. | C16: ='2025_01_01'!P16 -> 27580 | D16: 6700 | E16: 31 | F16: 30 | G16: 1 | H16: 220 | I16: 100 | J16: =F16*H16+G16*I16 -> 6700 | K16: =J16-D16 -> 0 | L16: 0 | M16: Глобино-2 | N16: Виброкаток | O16: =160*55.95 -> 8952 | P16: =ROUND(C16+D16-L16-O16,-2) -> 25300 | Q16: =C16+D16-L16-O16-P16 -> 28 | R16: 6700 | S16: =P16-R16 -> 18600 | V16: =B16&" ЗП "&$V$3&F16&" год. роботи*"&H16&") + ТО "&G16&" год.*100="&TEXT(J16,"# #0,00")&" ФОТ "&$V$2&TEXT(L16,"# #0,00")&". Борг компании: "&TEXT(Q16,"# #0,00")&". До виплати - "&TEXT(P16,"# #0,00")&" грн." -> Гончаренко О.П. ЗП с 01.02-28.02(30 год. роботи*220) + ТО 1 год.*100=6 700,00 ФОТ Лютий 2025 = 0,00. Борг компании: 28,00. До виплати - 25 300,00 грн.
A17: 1901 | B17: Окольничий В.О. | C17: 0 | D17: 7700 | E17: 35 | F17: 35 | G17: 0 | H17: 220 | I17: 100 | J17: =F17*H17+G17*I17 -> 7700 | K17: =J17-D17 -> 0 | L17: 0 | M17: Глобино-2 | N17: Виброкаток | P17: =ROUND(C17+D17-L17-O17,-2) -> 7700 | Q17: =C17+D17-L17-O17-P17 -> 0 | R17: 7700 | S17: =P17-R17 -> 0 | V17: =B17&" ЗП "&$V$3&F17&" год. роботи*"&H17&") + ТО "&G17&" год.*100="&TEXT(J17,"# #0,00")&" ФОТ "&$V$2&TEXT(L17,"# #0,00")&". Борг компании: "&TEXT(Q17,"# #0,00")&". До виплати - "&TEXT(P17,"# #0,00")&" грн." -> Окольничий В.О. ЗП с 01.02-28.02(35 год. роботи*220) + ТО 0 год.*100=7 700,00 ФОТ Лютий 2025 = 0,00. Борг компании: 0,00. До виплати - 7 700,00 грн.
A18: 1942 | B18: Окольничий В.О. | D18: 8600 | E18: 44 | F18: 42 | G18: 2 | H18: 200 | I18: 100 | J18: =F18*H18+G18*I18 -> 8600 | K18: =J18-D18 -> 0 | L18: 0 | M18: Глобино-2 | N18: МАЗ 264 | P18: =ROUND(C18+D18-L18-O18,-2) -> 8600 | R18: 8600 | S18: =P18-R18 -> 0 | V18: =B18&" ЗП "&$V$3&F18&" год. роботи*"&H18&") + ТО "&G18&" год.*100="&TEXT(J18,"# #0,00")&" ФОТ "&$V$2&TEXT(L18,"# #0,00")&". Борг компании: "&TEXT(Q18,"# #0,00")&". До виплати - "&TEXT(P18,"# #0,00")&" грн." -> Окольничий В.О. ЗП с 01.02-28.02(42 год. роботи*200) + ТО 2 год.*100=8 600,00 ФОТ Лютий 2025 = 0,00. Борг компании: 0,00. До виплати - 8 600,00 грн.
A19: 1900 | B19: Борисенко О.М. | C19: 2.25 | D19: 34110 | E19: 132 | F19: 123 | G19: 9 | H19: 270 | I19: 100 | J19: =F19*H19+G19*I19 -> 34110 | K19: =J19-D19 -> 0 | L19: 7700 | M19: Глобино-2 | N19: Автокран Клинцы | P19: =ROUND(C19+D19-L19-O19,-2) -> 26400 | Q19: =C19+D19-L19-O19-P19 -> 12.25 | R19: 26410 | S19: =P19-R19 -> -10 | V19: =B19&" ЗП "&$V$3&F19&" год. роботи*"&H19&") + ТО "&G19&" год.*100="&TEXT(J19,"# #0,00")&" ФОТ "&$V$2&TEXT(L19,"# #0,00")&". Борг компании: "&TEXT(Q19,"# #0,00")&". До виплати - "&TEXT(P19,"# #0,00")&" грн." -> Борисенко О.М. ЗП с 01.02-28.02(123 год. роботи*270) + ТО 9 год.*100=34 110,00 ФОТ Лютий 2025 = 7 700,00. Борг компании: 12,25. До виплати - 26 400,00 грн.
A20: 1941 | B20: Черненко А.С. | C20: ='2025_01_01'!P17 -> 0 | D20: 22100 | E20: 112 | F20: 109 | G20: 3 | H20: 200 | I20: 100 | J20: =F20*H20+G20*I20 -> 22100 | K20: =J20-D20 -> 0 | L20: 7700 | M20: Глобино-2 | N20: МАЗ 264 | P20: =ROUND(C20+D20-L20-O20,-2) -> 14400 | Q20: =C20+D20-L20-O20-P20 -> 0 | R20: 14400 | S20: =P20-R20 -> 0 | V20: =B20&" ЗП "&$V$3&F20&" год. роботи*"&H20&") + ТО "&G20&" год.*100="&TEXT(J20,"# #0,00")&" ФОТ "&$V$2&TEXT(L20,"# #0,00")&". Борг компании: "&TEXT(Q20,"# #0,00")&". До виплати - "&TEXT(P20,"# #0,00")&" грн." -> Черненко А.С. ЗП с 01.02-28.02(109 год. роботи*200) + ТО 3 год.*100=22 100,00 ФОТ Лютий 2025 = 7 700,00. Борг компании: 0,00. До виплати - 14 400,00 грн.
A21: 1943 | B21: Роменский В.В. | C21: 22.5 | D21: 14200 | E21: 83 | F21: 59 | G21: 24 | H21: 200 | I21: 100 | J21: =F21*H21+G21*I21 -> 14200 | K21: =J21-D21 -> 0 | L21: 6160 | M21: Глобино-2 | N21: МАЗ 265 | P21: =ROUND(C21+D21-L21-O21,-2) -> 8100 | Q21: =C21+D21-L21-O21-P21 -> -37.5 | R21: 8040 | S21: =P21-R21 -> 60 | V21: =B21&" ЗП "&$V$3&F21&" год. роботи*"&H21&") + ТО "&G21&" год.*100="&TEXT(J21,"# #0,00")&" ФОТ "&$V$2&TEXT(L21,"# #0,00")&". Борг компании: "&TEXT(Q21,"# #0,00")&". До виплати - "&TEXT(P21,"# #0,00")&" грн." -> Роменский В.В. ЗП с 01.02-28.02(59 год. роботи*200) + ТО 24 год.*100=14 200,00 ФОТ Лютий 2025 = 6 160,00. Борг компании: -37,50. До виплати - 8 100,00 грн.
A22: 1947 | B22: Запара С.М | C22: ='2025_01_01'!P20 -> -20.8 | D22: =16400-800 -> 15600 | E22: 78 | F22: 78 | G22: 0 | H22: 200 | I22: 100 | J22: =F22*H22+G22*I22 -> 15600 | K22: =J22-D22 -> 0 | L22: 5825.204 | M22: Глобино-2 | N22: РДК 250-3№2 | P22: =ROUND(C22+D22-L22-O22,-2) -> 9800 | Q22: =C22+D22-L22-O22-P22 -> -46.004 | R22: 9774.796 | S22: =P22-R22 -> 25.204 | V22: =B22&" ЗП "&$V$3&F22&" год. роботи*"&H22&") + ТО "&G22&" год.*100="&TEXT(J22,"# #0,00")&" ФОТ "&$V$2&TEXT(L22,"# #0,00")&". Борг компании: "&TEXT(Q22,"# #0,00")&". До виплати - "&TEXT(P22,"# #0,00")&" грн." -> Запара С.М ЗП с 01.02-28.02(78 год. роботи*200) + ТО 0 год.*100=15 600,00 ФОТ Лютий 2025 = 5 825,20. Борг компании: -46,00. До виплати - 9 800,00 грн.
A23: 1946 | B23: Котик М.А. | C23: 0 | D23: 5600 | E23: 32 | F23: 24 | G23: 8 | H23: 200 | I23: 100 | J23: =F23*H23+G23*I23 -> 5600 | K23: =J23-D23 -> 0 | L23: 1540 | M23: Глобино-2 | N23: РДК 250-3№2 | P23: =ROUND(C23+D23-L23-O23,-2) -> 4100 | Q23: =C23+D23-L23-O23-P23 -> -40 | R23: 4060 | S23: =P23-R23 -> 40 | V23: =B23&" ЗП "&$V$3&F23&" год. роботи*"&H23&") + ТО "&G23&" год.*100="&TEXT(J23,"# #0,00")&" ФОТ "&$V$2&TEXT(L23,"# #0,00")&". Борг компании: "&TEXT(Q23,"# #0,00")&". До виплати - "&TEXT(P23,"# #0,00")&" грн." -> Котик М.А. ЗП с 01.02-28.02(24 год. роботи*200) + ТО 8 год.*100=5 600,00 ФОТ Лютий 2025 = 1 540,00. Борг компании: -40,00. До виплати - 4 100,00 грн.
A24: 1944 | B24: Гончаренко В.П. | C24: 0 | D24: =28200-D25 -> 24100 | E24: 125 | F24: 116 | G24: 9 | H24: 200 | I24: 100 | J24: =F24*H24+G24*I24 -> 24100 | K24: =J24-D24 -> 0 | L24: 0 | M24: Глобино-2 | N24: Самосвал МАЗ | P24: =ROUND(C24+D24-L24-O24,-2) -> 24100 | Q24: =C24+D24-L24-O24-P24 -> 0 | R24: 24100 | S24: =P24-R24 -> 0 | V24: =B24&" ЗП "&$V$3&F24&" год. роботи*"&H24&") + ТО "&G24&" год.*100="&TEXT(J24,"# #0,00")&" ФОТ "&$V$2&TEXT(L24,"# #0,00")&". Борг компании: "&TEXT(Q24,"# #0,00")&". До виплати - "&TEXT(P24,"# #0,00")&" грн." -> Гончаренко В.П. ЗП с 01.02-28.02(116 год. роботи*200) + ТО 9 год.*100=24 100,00 ФОТ Лютий 2025 = 0,00. Борг компании: 0,00. До виплати - 24 100,00 грн.
B25: Гончаренко В.П. | D25: 4100 | E25: 21 | F25: 20 | G25: 1 | H25: 200 | I25: 100 | J25: =F25*H25+G25*I25 -> 4100 | K25: =J25-D25 -> 0 | L25: 0 | M25: Щебинь | N25: Самосвал МАЗ | P25: =ROUND(C25+D25-L25-O25,-2) -> 4100 | Q25: =C25+D25-L25-O25-P25 -> 0 | R25: 4100 | S25: =P25-R25 -> 0 | V25: =B25&" ЗП "&$V$3&F25&" год. роботи*"&H25&") + ТО "&G25&" год.*100="&TEXT(J25,"# #0,00")&" ФОТ "&$V$2&TEXT(L25,"# #0,00")&". Борг компании: "&TEXT(Q25,"# #0,00")&". До виплати - "&TEXT(P25,"# #0,00")&" грн." -> Гончаренко В.П. ЗП с 01.02-28.02(20 год. роботи*200) + ТО 1 год.*100=4 100,00 ФОТ Лютий 2025 = 0,00. Борг компании: 0,00. До виплати - 4 100,00 грн.
A26: 1945 | B26: Сокур С.О. | C26: 0 | D26: =35000-D27 -> 24600 | E26: 125 | F26: 121 | G26: 4 | H26: 200 | I26: 100 | J26: =F26*H26+G26*I26 -> 24600 | K26: =J26-D26 -> 0 | L26: 0 | M26: Глобино-2 | N26: Самосвал МАЗ №2 | P26: =ROUND(C26+D26-L26-O26,-2) -> 24600 | Q26: =C26+D26-L26-O26-P26 -> 0 | R26: 24600 | S26: =P26-R26 -> 0 | V26: =B26&" ЗП "&$V$3&F26&" год. роботи*"&H26&") + ТО "&G26&" год.*100="&TEXT(J26,"# #0,00")&" ФОТ "&$V$2&TEXT(L26,"# #0,00")&". Борг компании: "&TEXT(Q26,"# #0,00")&". До виплати - "&TEXT(P26,"# #0,00")&" грн." -> Сокур С.О. ЗП с 01.02-28.02(121 год. роботи*200) + ТО 4 год.*100=24 600,00 ФОТ Лютий 2025 = 0,00. Борг компании: 0,00. До виплати - 24 600,00 грн.
B27: Сокур С.О. | D27: 10400 | E27: 52 | F27: 52 | G27: 0 | H27: 200 | I27: 100 | J27: =F27*H27+G27*I27 -> 10400 | K27: =J27-D27 -> 0 | L27: 0 | M27: Щебинь | N27: Самосвал МАЗ №2 | P27: =ROUND(C27+D27-L27-O27,-2) -> 10400 | Q27: =C27+D27-L27-O27-P27 -> 0 | R27: 10400 | S27: =P27-R27 -> 0 | V27: =B27&" ЗП "&$V$3&F27&" год. роботи*"&H27&") + ТО "&G27&" год.*100="&TEXT(J27,"# #0,00")&" ФОТ "&$V$2&TEXT(L27,"# #0,00")&". Борг компании: "&TEXT(Q27,"# #0,00")&". До виплати - "&TEXT(P27,"# #0,00")&" грн." -> Сокур С.О. ЗП с 01.02-28.02(52 год. роботи*200) + ТО 0 год.*100=10 400,00 ФОТ Лютий 2025 = 0,00. Борг компании: 0,00. До виплати - 10 400,00 грн.
B28: Ильину Р. | D28: =1800*6 -> 10800 | I28: 100 | J28: 10800 | K28: =J28-D28 -> 0 | M28: Стажировка | N28: Ротор Пегасус | P28: =ROUND(C28+D28-L28,-2) -> 10800 | Q28: =C28+D28-L28-O28-P28 -> 0 | S28: =P28-R28 -> 10800 | V28: =B28&" ЗП "&$V$3&F28&" год. роботи*"&H28&") + ТО "&G28&" год.*100="&TEXT(J28,"# #0,00")&" ФОТ "&$V$2&TEXT(L28,"# #0,00")&". Борг компании: "&TEXT(Q28,"# #0,00")&". До виплати - "&TEXT(P28,"# #0,00")&" грн." -> Ильину Р. ЗП с 01.02-28.02( год. роботи*) + ТО год.*100=10 800,00 ФОТ Лютий 2025 = 0,00. Борг компании: 0,00. До виплати - 10 800,00 грн.
I29: 100 | J29: =F29*H29+G29*I29 -> 0 | K29: =J29-D29 -> 0 | P29: =ROUND(C29+D29-L29,-2) -> 0 | Q29: =C29+D29-L29-O29-P29 -> 0 | S29: =P29-R29 -> 0 | V29: =B29&" ЗП "&$V$3&F29&" год. роботи*"&H29&") + ТО "&G29&" год.*100="&TEXT(J29,"# #0,00")&" ФОТ "&$V$2&TEXT(L29,"# #0,00")&". Борг компании: "&TEXT(Q29,"# #0,00")&". До виплати - "&TEXT(P29,"# #0,00")&" грн." -> ЗП с 01.02-28.02( год. роботи*) + ТО год.*100=0,00 ФОТ Лютий 2025 = 0,00. Борг компании: 0,00. До виплати - 0,00 грн.
I30: 100 | J30: =F30*H30+G30*I30 -> 0 | K30: =J30-D30 -> 0 | P30: =ROUND(C30+D30-L30,-2) -> 0 | Q30: =C30+D30-L30-O30-P30 -> 0 | S30: =P30-R30 -> 0 | V30: =B30&" ЗП "&$V$3&F30&" год. роботи*"&H30&") + ТО "&G30&" год.*100="&TEXT(J30,"# #0,00")&" ФОТ "&$V$2&TEXT(L30,"# #0,00")&". Борг компании: "&TEXT(Q30,"# #0,00")&". До виплати - "&TEXT(P30,"# #0,00")&" грн." -> ЗП с 01.02-28.02( год. роботи*) + ТО год.*100=0,00 ФОТ Лютий 2025 = 0,00. Борг компании: 0,00. До виплати - 0,00 грн.
D31: 0 | J31: =F31*H31+G31*I31 -> 0 | K31: =J31-D31 -> 0 | M31: ='МЕХАНИЗАТОРЫ ноябрь'!Q166 -> 0 | N31: =M31-J31 -> 0 | P31: =ROUND(C31+D31-L31,-2) -> 0 | Q31: =C31+D31-L31-O31-P31 -> 0 | S31: =P31-R31 -> 0 | V31: =B31&" ЗП "&$V$3&F31&" год. роботи*"&H31&") + ТО "&G31&" год.*100="&TEXT(J31,"# #0,00")&" ФОТ "&$V$2&TEXT(L31,"# #0,00")&". Борг компании: "&TEXT(Q31,"# #0,00")&". До виплати - "&TEXT(P31,"# #0,00")&" грн." -> ЗП с 01.02-28.02( год. роботи*) + ТО год.*100=0,00 ФОТ Лютий 2025 = 0,00. Борг компании: 0,00. До виплати - 0,00 грн.
D32: 0 | J32: =F32*H32+G32*I32 -> 0 | K32: =J32-D32 -> 0 | M32: ='МЕХАНИЗАТОРЫ ноябрь'!Q167 -> 0 | N32: =M32-J32 -> 0 | P32: =ROUND(C32+D32-L32,-2) -> 0 | Q32: =C32+D32-L32-O32-P32 -> 0 | S32: =P32-R32 -> 0 | V32: =B32&" ЗП "&$V$3&F32&" год. роботи*"&H32&") + ТО "&G32&" год.*100="&TEXT(J32,"# #0,00")&" ФОТ "&$V$2&TEXT(L32,"# #0,00")&". Борг компании: "&TEXT(Q32,"# #0,00")&". До виплати - "&TEXT(P32,"# #0,00")&" грн." -> ЗП с 01.02-28.02( год. роботи*) + ТО год.*100=0,00 ФОТ Лютий 2025 = 0,00. Борг компании: 0,00. До виплати - 0,00 грн.
D33: 0 | J33: =F33*H33+G33*I33 -> 0 | K33: =J33-D33 -> 0 | M33: ='МЕХАНИЗАТОРЫ ноябрь'!Q168 -> 0 | N33: =M33-J33 -> 0 | P33: =ROUND(C33+D33-L33,-2) -> 0 | Q33: =C33+D33-L33-O33-P33 -> 0 | S33: =P33-R33 -> 0 | V33: =B33&" ЗП "&$V$3&F33&" год. роботи*"&H33&") + ТО "&G33&" год.*100="&TEXT(J33,"# #0,00")&" ФОТ "&$V$2&TEXT(L33,"# #0,00")&". Борг компании: "&TEXT(Q33,"# #0,00")&". До виплати - "&TEXT(P33,"# #0,00")&" грн." -> ЗП с 01.02-28.02( год. роботи*) + ТО год.*100=0,00 ФОТ Лютий 2025 = 0,00. Борг компании: 0,00. До виплати - 0,00 грн.
D34: 0 | J34: =F34*H34+G34*I34 -> 0 | K34: =J34-D34 -> 0 | M34: ='МЕХАНИЗАТОРЫ ноябрь'!Q169 -> 0 | N34: =M34-J34 -> 0 | P34: =ROUND(C34+D34-L34,-2) -> 0 | Q34: =C34+D34-L34-O34-P34 -> 0 | S34: =P34-R34 -> 0 | V34: =B34&" ЗП "&$V$3&F34&" год. роботи*"&H34&") + ТО "&G34&" год.*100="&TEXT(J34,"# #0,00")&" ФОТ "&$V$2&TEXT(L34,"# #0,00")&". Борг компании: "&TEXT(Q34,"# #0,00")&". До виплати - "&TEXT(P34,"# #0,00")&" грн." -> ЗП с 01.02-28.02( год. роботи*) + ТО год.*100=0,00 ФОТ Лютий 2025 = 0,00. Борг компании: 0,00. До виплати - 0,00 грн.
D35: 0 | J35: =F35*H35+G35*I35 -> 0 | K35: =J35-D35 -> 0 | M35: ='МЕХАНИЗАТОРЫ ноябрь'!Q170 -> 0 | N35: =M35-J35 -> 0 | P35: =ROUND(C35+D35-L35,-2) -> 0 | Q35: =C35+D35-L35-O35-P35 -> 0 | S35: =P35-R35 -> 0 | V35: =B35&" ЗП "&$V$3&F35&" год. роботи*"&H35&") + ТО "&G35&" год.*100="&TEXT(J35,"# #0,00")&" ФОТ "&$V$2&TEXT(L35,"# #0,00")&". Борг компании: "&TEXT(Q35,"# #0,00")&". До виплати - "&TEXT(P35,"# #0,00")&" грн." -> ЗП с 01.02-28.02( год. роботи*) + ТО год.*100=0,00 ФОТ Лютий 2025 = 0,00. Борг компании: 0,00. До виплати - 0,00 грн.
D36: 0 | J36: =F36*H36+G36*I36 -> 0 | K36: =J36-D36 -> 0 | M36: ='МЕХАНИЗАТОРЫ ноябрь'!Q171 -> 0 | N36: =M36-J36 -> 0 | P36: =ROUND(C36+D36-L36,-2) -> 0 | Q36: =C36+D36-L36-O36-P36 -> 0 | S36: =P36-R36 -> 0 | V36: =B36&" ЗП "&$V$3&F36&" год. роботи*"&H36&") + ТО "&G36&" год.*100="&TEXT(J36,"# #0,00")&" ФОТ "&$V$2&TEXT(L36,"# #0,00")&". Борг компании: "&TEXT(Q36,"# #0,00")&". До виплати - "&TEXT(P36,"# #0,00")&" грн." -> ЗП с 01.02-28.02( год. роботи*) + ТО год.*100=0,00 ФОТ Лютий 2025 = 0,00. Борг компании: 0,00. До виплати - 0,00 грн.
D37: 0 | J37: =F37*H37+G37*I37 -> 0 | K37: =J37-D37 -> 0 | M37: ='МЕХАНИЗАТОРЫ ноябрь'!Q172 -> 0 | N37: =M37-J37 -> 0 | P37: =ROUND(C37+D37-L37,-2) -> 0 | Q37: =C37+D37-L37-O37-P37 -> 0 | S37: =P37-R37 -> 0 | V37: =B37&" ЗП "&$V$3&F37&" год. роботи*"&H37&") + ТО "&G37&" год.*100="&TEXT(J37,"# #0,00")&" ФОТ "&$V$2&TEXT(L37,"# #0,00")&". Борг компании: "&TEXT(Q37,"# #0,00")&". До виплати - "&TEXT(P37,"# #0,00")&" грн." -> ЗП с 01.02-28.02( год. роботи*) + ТО год.*100=0,00 ФОТ Лютий 2025 = 0,00. Борг компании: 0,00. До виплати - 0,00 грн.
M38: ='МЕХАНИЗАТОРЫ ноябрь'!Q173 -> 0 | N38: =M38-J38 -> 0 | P38: =ROUND(C38+D38-L38,-2) -> 0 | S38: =P38-R38 -> 0 | V38: =B38&" ЗП "&$V$3&F38&" год. роботи*"&H38&") + ТО "&G38&" год.*100="&TEXT(J38,"# #0,00")&" ФОТ "&$V$2&TEXT(L38,"# #0,00")&". Борг компании: "&TEXT(Q38,"# #0,00")&". До виплати - "&TEXT(P38,"# #0,00")&" грн." -> ЗП с 01.02-28.02( год. роботи*) + ТО год.*100=0,00 ФОТ Лютий 2025 = 0,00. Борг компании: 0,00. До виплати - 0,00 грн.
M39: ='МЕХАНИЗАТОРЫ ноябрь'!Q174 -> 0 | N39: =M39-J39 -> 0 | P39: =ROUND(C39+D39-L39,-2) -> 0 | S39: =P39-R39 -> 0 | V39: =B39&" ЗП "&$V$3&F39&" год. роботи*"&H39&") + ТО "&G39&" год.*100="&TEXT(J39,"# #0,00")&" ФОТ "&$V$2&TEXT(L39,"# #0,00")&". Борг компании: "&TEXT(Q39,"# #0,00")&". До виплати - "&TEXT(P39,"# #0,00")&" грн." -> ЗП с 01.02-28.02( год. роботи*) + ТО год.*100=0,00 ФОТ Лютий 2025 = 0,00. Борг компании: 0,00. До виплати - 0,00 грн.
B41: ИТОГО | J41: =SUM(J4:J40) -> 519630 | K41: =SUM(K4:K40) -> 0 | L41: =SUM(L4:L40) -> 75741.204 | O41: =SUM(O4:O40) -> 11917.48 | P41: =SUM(P4:P40) -> 459500
P43: =P41-'МЕХАНИЗАТОРЫ апрель'!V163 -> -25552
C48: 1 с казна | D48: автомобиль | E48: ФИО | F48: Общий километраж, км | G48: Ставка на км | H48: ЗП, грн | I48: ФОТ февраля | J48: Ф2 | K48: Итого к выплате | L48: Конечное сальдо
C49: 1988 | D49: МАН5 | E49: Голуб И.Л | F49: 3171 | G49: 10 | H49: =F49*G49 -> 31710 | I49: 7623 | J49: =H49-I49 -> 24087 | K49: =ROUND(H49-I49,-2) -> 24100 | L49: =37+H49-I49-K49 -> 24
C50: 1986 | D50: МАН4 | E50: Томченко Олег | F50: 2263 | G50: 10 | H50: =F50*G50 -> 22630 | I50: 3811.5 | J50: =H50-I50 -> 18818.5 | K50: =ROUND(H50-I50,-2) -> 18800 | L50: =39+H50-I50-K50 -> 57.5
K51: =SUM(K49:K50) -> 42900

Sheet 2025_03_01
E2: =SUM(E4:E40) -> 2651 | F2: =SUM(F4:F40) -> 2517 | G2: =SUM(G4:G40) -> 134 | J2: =SUM(J4:J38) -> 613530 | V2: Лютий 2025 =
A3: Счет в 1С | B3: Працівники організацій | C3: Начальное сальдно | D3: Соколнеко Т. | E3: Всего часы/ рейсы | F3: Раб. Часов / ко-во рейсов | G3: ТО / простой / коротк. рейс | H3: Цена за час/рейс | I3: ТО грн/час | J3: Итого | K3: Проверка | L3: ФОТ за март 2025 | M3: Подразделение | N3: Ед. спецтехник | O3: Заморожено по топливу | P3: К выплате | Q3: конечное сальдо | V3: с 01.02-28.02(
A4: 2813 | B4: Васіліу Руслан | C4: -40.25 | D4: 51480 | E4: 234 | F4: 216 | G4: 18 | H4: 230 | I4: 100 | J4: =F4*H4+G4*I4 -> 51480 | K4: =J4-D4 -> 0 | L4: 7700 | M4: Глобино-2 | N4: Телескоп 2 | P4: =ROUND(C4+D4-L4-O4,-2) -> 43700 | Q4: =C4+D4-L4-O4-P4 -> 39.75 | V4: =B4&" ЗП "&$V$3&F4&" год. роботи*"&H4&") + ТО "&G4&" год.*100="&TEXT(J4,"# #0,00")&" ФОТ "&$V$2&TEXT(L4,"# #0,00")&". Борг компании: "&TEXT(Q4,"# #0,00")&". До виплати - "&TEXT(P4,"# #0,00")&" грн." -> Васіліу Руслан ЗП с 01.02-28.02(216 год. роботи*230) + ТО 18 год.*100=51 480,00 ФОТ Лютий 2025 = 7 700,00. Борг компании: 39,75. До виплати - 43 700,00 грн.
A5: 2814 | B5: Трояняк Оллександр | C5: 40 | D5: 46640 | E5: 209 | F5: 198 | G5: 11 | H5: 230 | I5: 100 | J5: =F5*H5+G5*I5 -> 46640 | K5: =J5-D5 -> 0 | L5: 0 | M5: Глобино-2 | N5: Телескоп JCB 535-140 (№4) | P5: =ROUND(C5+D5-L5-O5,-2) -> 46700 | Q5: =C6+D5+D6-L6-O6-P6-P5 -> -40 | V5: =B5&" ЗП "&$V$3&F5&" год. роботи*"&H5&") + ТО "&G5&" год.*100="&TEXT(J5,"# #0,00")&" ФОТ "&$V$2&TEXT(L5,"# #0,00")&". Борг компании: "&TEXT(#REF!,"# #0,00")&". До виплати - "&TEXT(P5,"# #0,00")&" грн." -> #REF!
A6: 2815 | B6: Трояняк Оллександр | D6: 920 | E6: 4 | F6: 4 | G6: 0 | H6: 230 | I6: 100 | J6: =F6*H6+G6*I6 -> 920 | K6: =J6-D6 -> 0 | L6: 0 | M6: Глобино-2 | N6: Телескоп JCB 540-170 №5 | P6: =ROUND(C6+D6-L6-O6,-2) -> 900 | V6: =B6&" ЗП "&$V$3&F6&" год. роботи*"&H6&") + ТО "&G6&" год.*100="&TEXT(J6,"# #0,00")&" ФОТ "&$V$2&TEXT(L6,"# #0,00")&". Борг компании: "&TEXT(Q5,"# #0,00")&". До виплати - "&TEXT(P6,"# #0,00")&" грн." -> Трояняк Оллександр ЗП с 01.02-28.02(4 год. роботи*230) + ТО 0 год.*100=920,00 ФОТ Лютий 2025 = 0,00. Борг компании: -40,00. До виплати - 900,00 грн.
A7: 2816 | B7: Зубко Олег | C7: 10 | D7: 42040 | E7: 189 | F7: 178 | G7: 11 | H7: 230 | I7: 100 | J7: =F7*H7+G7*I7 -> 42040 | K7: =J7-D7 -> 0 | L7: 0 | M7: Глобино-2 | N7: Телескоп JCB 540-170 №5 | P7: =ROUND(C7+D7-L7-O7,-2) -> 42100 | Q7: =C8+D7-P7+D8-L8-O8-P8 -> -40 | V7: =B7&" ЗП "&$V$3&F7&" год. роботи*"&H7&") + ТО "&G7&" год.*100="&TEXT(J7,"# #0,00")&" ФОТ "&$V$2&TEXT(L7,"# #0,00")&". Борг компании: "&TEXT(#REF!,"# #0,00")&". До виплати - "&TEXT(P7,"# #0,00")&" грн." -> #REF!
A8: 2821 | B8: Зубко Олег | D8: 7020 | E8: 26 | F8: 26 | G8: 0 | H8: 270 | I8: 100 | J8: =F8*H8+G8*I8 -> 7020 | K8: =J8-D8 -> 0 | L8: 0 | M8: Глобино-2 | N8: Автокран Клинцы | P8: =ROUND(C8+D8-L8-O8,-2) -> 7000 | V8: =B8&" ЗП "&$V$3&F8&" год. роботи*"&H8&") + ТО "&G8&" год.*100="&TEXT(J8,"# #0,00")&" ФОТ "&$V$2&TEXT(L8,"# #0,00")&". Борг компании: "&TEXT(Q7,"# #0,00")&". До виплати - "&TEXT(P8,"# #0,00")&" грн." -> Зубко Олег ЗП с 01.02-28.02(26 год. роботи*270) + ТО 0 год.*100=7 020,00 ФОТ Лютий 2025 = 0,00. Борг компании: -40,00. До виплати - 7 000,00 грн.
A9: 2817 | B9: Карбунар Я.Д. | C9: -30.25 | D9: 52500 | E9: 239 | F9: 220 | G9: 19 | H9: 230 | I9: 100 | J9: =F9*H9+G9*I9 -> 52500 | K9: =J9-D9 -> 0 | L9: 8008 | M9: Глобино-2 | N9: Экскаватор JCB | P9: =ROUND(C9+D9-L9-O9,-2) -> 44500 | Q9: =C9+D9-L9-O9-P9 -> -38.25 | V9: =B9&" ЗП "&$V$3&F9&" год. роботи*"&H9&") + ТО "&G9&" год.*100="&TEXT(J9,"# #0,00")&" ФОТ "&$V$2&TEXT(L9,"# #0,00")&". Борг компании: "&TEXT(Q9,"# #0,00")&". До виплати - "&TEXT(P9,"# #0,00")&" грн." -> Карбунар Я.Д. ЗП с 01.02-28.02(220 год. роботи*230) + ТО 19 год.*100=52 500,00 ФОТ Лютий 2025 = 8 008,00. Борг компании: -38,25. До виплати - 44 500,00 грн.
A10: 2818 | B10: Філянович Ю. | C10: 0 | D10: 50000 | E10: 71 | F10: 71 | G10: 0 | H10: 330 | I10: 100 | J10: 50000 | K10: =J10-D10 -> 0 | L10: 7700 | M10: Глобино-2 | N10: Автокран XCMG QAY55 | P10: =ROUND(C10+D10-L10-O10,-2) -> 42300 | Q10: =C10+D10-L10-O10-P10 -> 0 | V10: =B10&" ЗП "&$V$3&F10&" год. роботи*"&H10&") + ТО "&G10&" год.*100="&TEXT(J10,"# #0,00")&" ФОТ "&$V$2&TEXT(L10,"# #0,00")&". Борг компании: "&TEXT(Q10,"# #0,00")&". До виплати - "&TEXT(P10,"# #0,00")&" грн." -> Філянович Ю. ЗП с 01.02-28.02(71 год. роботи*330) + ТО 0 год.*100=50 000,00 ФОТ Лютий 2025 = 7 700,00. Борг компании: 0,00. До виплати - 42 300,00 грн.
A11: 2819 | B11: Борисенко О. | C11: 12.25 | D11: 13150 | E11: 55 | F11: 45 | G11: 10 | H11: 270 | I11: 100 | J11: =F11*H11+G11*I11 -> 13150 | K11: =J11-D11 -> 0 | L11: 2121.4107 | M11: Глобино-2 | N11: Автокран Клинцы | P11: =ROUND(C11+D11-L11-O11,-2) -> 11000 | Q11: =C11+D11-L11-O11-P11+D12+D13-L13-L12-P12-P13 -> 42.25 | V11: =B11&" ЗП "&$V$3&F11&" год. роботи*"&H11&") + ТО "&G11&" год.*100="&TEXT(J11,"# #0,00")&" ФОТ "&$V$2&TEXT(L11,"# #0,00")&". Борг компании: "&TEXT(Q11,"# #0,00")&". До виплати - "&TEXT(P11,"# #0,00")&" грн." -> Борисенко О. ЗП с 01.02-28.02(45 год. роботи*270) + ТО 10 год.*100=13 150,00 ФОТ Лютий 2025 = 2 121,41. Борг компании: 42,25. До виплати - 11 000,00 грн.
A12: 2820 | B12: Борисенко О. | D12: 18920 | E12: 86 | F12: 86 | G12: 0 | H12: 220 | I12: 100 | J12: =F12*H12+G12*I12 -> 18920 | K12: =J12-D12 -> 0 | L12: 3052.254 | M12: Глобино-2 | N12: Виброкаток | P12: =ROUND(C12+D12-L12-O12,-2) -> 15900 | V12: =B12&" ЗП "&$V$3&F12&" год. роботи*"&H12&") + ТО "&G12&" год.*100="&TEXT(J12,"# #0,00")&" ФОТ "&$V$2&TEXT(L12,"# #0,00")&". Борг компании: "&TEXT(Q12,"# #0,00")&". До виплати - "&TEXT(P12,"# #0,00")&" грн." -> Борисенко О. ЗП с 01.02-28.02(86 год. роботи*220) + ТО 0 год.*100=18 920,00 ФОТ Лютий 2025 = 3 052,25. Борг компании: 0,00. До виплати - 15 900,00 грн.
A13: 2827 | B13: Борисенко О. | D13: 15660 | E13: 58 | F13: 58 | G13: 0 | H13: 270 | I13: 100 | J13: =F13*H13+G13*I13 -> 15660 | K13: =J13-D13 -> 0 | L13: 2526.3354 | M13: Глобино-2 | N13: Автокран XCMG | P13: =ROUND(C13+D13-L13-O13,-2) -> 13100 | V13: =B13&" ЗП "&$V$3&F13&" год. роботи*"&H13&") + ТО "&G13&" год.*100="&TEXT(J13,"# #0,00")&" ФОТ "&$V$2&TEXT(L13,"# #0,00")&". Борг компании: "&TEXT(Q13,"# #0,00")&". До виплати - "&TEXT(P13,"# #0,00")&" грн." -> Борисенко О. ЗП с 01.02-28.02(58 год. роботи*270) + ТО 0 год.*100=15 660,00 ФОТ Лютий 2025 = 2 526,34. Борг компании: 0,00. До виплати - 13 100,00 грн.
A14: 2822 | B14: Гончаренко О. | C14: ='2025_02_01 '!Q16 -> 28 | D14: 16820 | E14: 77 | F14: 76 | G14: 1 | H14: 220 | I14: 100 | J14: =F14*H14+G14*I14 -> 16820 | K14: =J14-D14 -> 0 | L14: 0 | M14: Глобино-2 | N14: Виброкаток | P14: =ROUND(C14+D14-L14-O14,-2) -> 16800 | Q14: =C14+D14-L14-O14-P14 -> 48 | V14: =B14&" ЗП "&$V$3&F14&" год. роботи*"&H14&") + ТО "&G14&" год.*100="&TEXT(J14,"# #0,00")&" ФОТ "&$V$2&TEXT(L14,"# #0,00")&". Борг компании: "&TEXT(Q14,"# #0,00")&". До виплати - "&TEXT(P14,"# #0,00")&" грн." -> Гончаренко О. ЗП с 01.02-28.02(76 год. роботи*220) + ТО 1 год.*100=16 820,00 ФОТ Лютий 2025 = 0,00. Борг компании: 48,00. До виплати - 16 800,00 грн.
A15: 2823 | B15: Скоц С.І. | C15: ='2025_02_01 '!Q11 -> -29.94 | D15: 37800 | E15: 170 | F15: 160 | G15: 10 | H15: 230 | I15: 100 | J15: =F15*H15+G15*I15 -> 37800 | K15: =J15-D15 -> 0 | L15: 8008 | M15: Глобино-2 | N15: Экскаватор JCB 2013 | O15: =9083/2 -> 4541.5 | P15: =ROUND(C15+D15-L15-O15,-2) -> 25200 | Q15: =C15+D15-L15-O15-P15 -> 20.56 | V15: =B15&" ЗП "&$V$3&F15&" год. роботи*"&H15&") + ТО "&G15&" год.*100="&TEXT(J15,"# #0,00")&" ФОТ "&$V$2&TEXT(L15,"# #0,00")&". Борг компании: "&TEXT(Q15,"# #0,00")&". До виплати - "&TEXT(P15,"# #0,00")&" грн." -> Скоц С.І. ЗП с 01.02-28.02(160 год. роботи*230) + ТО 10 год.*100=37 800,00 ФОТ Лютий 2025 = 8 008,00. Борг компании: 20,56. До виплати - 25 200,00 грн.
A16: 2824 | B16: Ляшко С.В. | C16: =36.26 -> 36.26 | D16: 13310 | E16: 59 | F16: 57 | G16: 2 | H16: 230 | I16: 100 | J16: =F16*H16+G16*I16 -> 13310 | K16: =J16-D16 -> 0 | L16: 2294.3184 | M16: Глобино-2 | N16: Экскаватор JCB 2013 | O16: =9083/2 -> 4541.5 | P16: =ROUND(C16+D16-L16-O16,-2) -> 6500 | Q16: =C16+D16-L16-O16-P16+D17-L17-P17 -> -35.24 | V16: =B16&" ЗП "&$V$3&F16&" год. роботи*"&H16&") + ТО "&G16&" год.*100="&TEXT(J16,"# #0,00")&" ФОТ "&$V$2&TEXT(L16,"# #0,00")&". Борг компании: "&TEXT(Q16,"# #0,00")&". До виплати - "&TEXT(P16,"# #0,00")&" грн." -> Ляшко С.В. ЗП с 01.02-28.02(57 год. роботи*230) + ТО 2 год.*100=13 310,00 ФОТ Лютий 2025 = 2 294,32. Борг компании: -35,24. До виплати - 6 500,00 грн.
A17: 2825 | B17: Ляшко С.В. | D17: 31360 | E17: 142 | F17: 132 | G17: 10 | H17: 230 | I17: 100 | J17: =F17*H17+G17*I17 -> 31360 | K17: =J17-D17 -> 0 | L17: 5405.6816 | M17: Глобино-2 | N17: Экскаватор JCB 220 | P17: =ROUND(C17+D17-L17-O17,-2) -> 26000 | V17: =B17&" ЗП "&$V$3&F17&" год. роботи*"&H17&") + ТО "&G17&" год.*100="&TEXT(J17,"# #0,00")&" ФОТ "&$V$2&TEXT(L17,"# #0,00")&". Борг компании: "&TEXT(Q17,"# #0,00")&". До виплати - "&TEXT(P17,"# #0,00")&" грн." -> Ляшко С.В. ЗП с 01.02-28.02(132 год. роботи*230) + ТО 10 год.*100=31 360,00 ФОТ Лютий 2025 = 5 405,68. Борг компании: 0,00. До виплати - 26 000,00 грн.
A18: 2826 | B18: Болох В.В. | C18: ='2025_02_01 '!Q13 -> 4.5199984 | D18: 38170 | E18: 142 | F18: 141 | G18: 1 | H18: 270 | I18: 100 | J18: =F18*H18+G18*I18 -> 38170 | K18: =J18-D18 -> 0 | L18: 7700 | M18: Глобино-2 | N18: Автокран XCMG | P18: =ROUND(C18+D18-L18-O18,-2) -> 30500 | Q18: =C18+D18-L18-O18-P18 -> -25.480002 | V18: =B18&" ЗП "&$V$3&F18&" год. роботи*"&H18&") + ТО "&G18&" год.*100="&TEXT(J18,"# #0,00")&" ФОТ "&$V$2&TEXT(L18,"# #0,00")&". Борг компании: "&TEXT(Q18,"# #0,00")&". До виплати - "&TEXT(P18,"# #0,00")&" грн." -> Болох В.В. ЗП с 01.02-28.02(141 год. роботи*270) + ТО 1 год.*100=38 170,00 ФОТ Лютий 2025 = 7 700,00. Борг компании: -25,48. До виплати - 30 500,00 грн.
A19: 2831 | B19: Комаров Денис | C19: 21.74 | D19: 1600 | E19: 8 | F19: 8 | G19: 0 | H19: 200 | I19: 100 | J19: =F19*H19+G19*I19 -> 1600 | K19: =J19-D19 -> 0 | L19: 914.98211 | M19: Глобино-2 | N19: МАЗ 264 | P19: =ROUND(C19+D19-L19-O19,-2) -> 700 | Q19: =C19+D19-L19-O19-P19+D20-L20-P20 -> -11.59 | V19: =B19&" ЗП "&$V$3&F19&" год. роботи*"&H19&") + ТО "&G19&" год.*100="&TEXT(J19,"# #0,00")&" ФОТ "&$V$2&TEXT(L19,"# #0,00")&". Борг компании: "&TEXT(Q19,"# #0,00")&". До виплати - "&TEXT(P19,"# #0,00")&" грн." -> Комаров Денис ЗП с 01.02-28.02(8 год. роботи*200) + ТО 0 год.*100=1 600,00 ФОТ Лютий 2025 = 914,98. Борг компании: -11,59. До виплати - 700,00 грн.
A20: 2834 | B20: Комаров Денис | D20: 9300 | E20: 51 | F20: 42 | G20: 9 | H20: 200 | I20: 100 | J20: =F20*H20+G20*I20 -> 9300 | K20: =J20-D20 -> 0 | L20: 5318.3479 | M20: Глобино-2 | N20: Самосвал МАЗ | P20: =ROUND(C20+D20-L20-O20,-2) -> 4000 | V20: =B20&" ЗП "&$V$3&F20&" год. роботи*"&H20&") + ТО "&G20&" год.*100="&TEXT(J20,"# #0,00")&" ФОТ "&$V$2&TEXT(L20,"# #0,00")&". Борг компании: "&TEXT(Q20,"# #0,00")&". До виплати - "&TEXT(P20,"# #0,00")&" грн." -> Комаров Денис ЗП с 01.02-28.02(42 год. роботи*200) + ТО 9 год.*100=9 300,00 ФОТ Лютий 2025 = 5 318,35. Борг компании: 0,00. До виплати - 4 000,00 грн.
A21: 2832 | B21: Черненко А. | C21: ='2025_02_01 '!Q20 -> 0 | D21: 33300 | E21: 172 | F21: 161 | G21: 11 | H21: 200 | I21: 100 | J21: =F21*H21+G21*I21 -> 33300 | K21: =J21-D21 -> 0 | L21: 7700 | M21: Глобино-2 | N21: МАЗ 264 | P21: =ROUND(C21+D21-L21-O21,-2) -> 25600 | Q21: =C21+D21-L21-O21-P21 -> 0 | V21: =B21&" ЗП "&$V$3&F21&" год. роботи*"&H21&") + ТО "&G21&" год.*100="&TEXT(J21,"# #0,00")&" ФОТ "&$V$2&TEXT(L21,"# #0,00")&". Борг компании: "&TEXT(Q21,"# #0,00")&". До виплати - "&TEXT(P21,"# #0,00")&" грн." -> Черненко А. ЗП с 01.02-28.02(161 год. роботи*200) + ТО 11 год.*100=33 300,00 ФОТ Лютий 2025 = 7 700,00. Борг компании: 0,00. До виплати - 25 600,00 грн.
A22: 2833 | B22: Окольничий Віталій | C22: 0 | D22: 23100 | E22: 117 | F22: 114 | G22: 3 | H22: 200 | I22: 100 | J22: =F22*H22+G22*I22 -> 23100 | K22: =J22-D22 -> 0 | L22: 0 | M22: Глобино-2 | N22: МАЗ 265 | P22: =ROUND(C22+D22-L22-O22,-2) -> 23100 | Q22: =C22+D22-L22-O22-P22 -> 0 | V22: =B22&" ЗП "&$V$3&F22&" год. роботи*"&H22&") + ТО "&G22&" год.*100="&TEXT(J22,"# #0,00")&" ФОТ "&$V$2&TEXT(L22,"# #0,00")&". Борг компании: "&TEXT(Q22,"# #0,00")&". До виплати - "&TEXT(P22,"# #0,00")&" грн." -> Окольничий Віталій ЗП с 01.02-28.02(114 год. роботи*200) + ТО 3 год.*100=23 100,00 ФОТ Лютий 2025 = 0,00. Борг компании: 0,00. До виплати - 23 100,00 грн.
A23: 2835 | B23: Гончаренко Валерій | C23: 0 | D23: 10200 | E23: 57 | F23: 45 | G23: 12 | H23: 200 | I23: 100 | J23: =F23*H23+G23*I23 -> 10200 | K23: =J23-D23 -> 0 | L23: 0 | M23: Глобино-2 | N23: Самосвал МАЗ | P23: =ROUND(C23+D23-L23-O23,-2) -> 10200 | Q23: =C23+D23-L23-O23-P23 -> 0 | V23: =B23&" ЗП "&$V$3&F23&" год. роботи*"&H23&") + ТО "&G23&" год.*100="&TEXT(J23,"# #0,00")&" ФОТ "&$V$2&TEXT(L23,"# #0,00")&". Борг компании: "&TEXT(Q23,"# #0,00")&". До виплати - "&TEXT(P23,"# #0,00")&" грн." -> Гончаренко Валерій ЗП с 01.02-28.02(45 год. роботи*200) + ТО 12 год.*100=10 200,00 ФОТ Лютий 2025 = 0,00. Борг компании: 0,00. До виплати - 10 200,00 грн.
A24: 2837 | B24: Сокур С | C24: 0 | D24: 25000 | E24: 125 | F24: 125 | G24: 0 | H24: 200 | I24: 100 | J24: =F24*H24+G24*I24 -> 25000 | K24: =J24-D24 -> 0 | L24: 0 | M24: Глобино-2 | N24: Самосвал МАЗ №2 | P24: =ROUND(C24+D24-L24-O24,-2) -> 25000 | Q24: =C24+D24-L24-O24-P24 -> 0 | V24: =B24&" ЗП "&$V$3&F24&" год. роботи*"&H24&") + ТО "&G24&" год.*100="&TEXT(J24,"# #0,00")&" ФОТ "&$V$2&TEXT(L24,"# #0,00")&". Борг компании: "&TEXT(Q24,"# #0,00")&". До виплати - "&TEXT(P24,"# #0,00")&" грн." -> Сокур С ЗП с 01.02-28.02(125 год. роботи*200) + ТО 0 год.*100=25 000,00 ФОТ Лютий 2025 = 0,00. Борг компании: 0,00. До виплати - 25 000,00 грн.
A25: 2838 | B25: Котик Микола | C25: -40 | D25: 45200 | E25: 226 | F25: 226 | G25: 0 | H25: 200 | I25: 100 | J25: =F25*H25+G25*I25 -> 45200 | K25: =J25-D25 -> 0 | L25: 7700 | M25: Глобино-2 | N25: РДК 250-3№2 | P25: =ROUND(C25+D25-L25-O25,-2) -> 37500 | Q25: =C25+D25-L25-O25-P25 -> -40 | V25: =B25&" ЗП "&$V$3&F25&" год. роботи*"&H25&") + ТО "&G25&" год.*100="&TEXT(J25,"# #0,00")&" ФОТ "&$V$2&TEXT(L25,"# #0,00")&". Борг компании: "&TEXT(Q25,"# #0,00")&". До виплати - "&TEXT(P25,"# #0,00")&" грн." -> Котик Микола ЗП с 01.02-28.02(226 год. роботи*200) + ТО 0 год.*100=45 200,00 ФОТ Лютий 2025 = 7 700,00. Борг компании: -40,00. До виплати - 37 500,00 грн.
A26: 2839 | B26: Ільїн Ростислав | C26: 0 | D26: 30040 | E26: 134 | F26: 128 | G26: 6 | H26: 230 | I26: 100 | J26: =F26*H26+G26*I26 -> 30040 | K26: =J26-D26 -> 0 | L26: 17700 | M26: МХП Катеринополь | N26: Ротор Пегасус | P26: =ROUND(C26+D26-L26-O26,-2) -> 12300 | Q26: =C26+D26-L26-O26-P26 -> 40 | V26: =B26&" ЗП "&$V$3&F26&" год. роботи*"&H26&") + ТО "&G26&" год.*100="&TEXT(J26,"# #0,00")&" ФОТ "&$V$2&TEXT(L26,"# #0,00")&". Борг компании: "&TEXT(Q26,"# #0,00")&". До виплати - "&TEXT(P26,"# #0,00")&" грн." -> Ільїн Ростислав ЗП с 01.02-28.02(128 год. роботи*230) + ТО 6 год.*100=30 040,00 ФОТ Лютий 2025 = 17 700,00. Борг компании: 40,00. До виплати - 12 300,00 грн. | AF26: в т ч снято 10 000 грн разрешительная док
B27: Роменський Валерій Вікторович | J27: =F27*H27+G27*I27 -> 0 | K27: =J27-D27 -> 0 | L27: 3666.66 | P27: 0 | Q27: =C27+D27-L27-O27-P27 -> -3666.66 | V27: =B27&" ЗП "&$V$3&F27&" год. роботи*"&H27&") + ТО "&G27&" год.*100="&TEXT(J27,"# #0,00")&" ФОТ "&$V$2&TEXT(L27,"# #0,00")&". Борг компании: "&TEXT(Q27,"# #0,00")&". До виплати - "&TEXT(P27,"# #0,00")&" грн." -> Роменський Валерій Вікторович ЗП с 01.02-28.02( год. роботи*) + ТО год.*100=0,00 ФОТ Лютий 2025 = 3 666,66. Борг компании: -3 666,66. До виплати - 0,00 грн. | AF27: выплата зп ф1 март
K28: =J28-D28 -> 0 | Q28: =C28+D28-L28-O28-P28 -> 0 | V28: =B28&" ЗП "&$V$3&F28&" год. роботи*"&H28&") + ТО "&G28&" год.*100="&TEXT(J28,"# #0,00")&" ФОТ "&$V$2&TEXT(L28,"# #0,00")&". Борг компании: "&TEXT(Q28,"# #0,00")&". До виплати - "&TEXT(P28,"# #0,00")&" грн." -> ЗП с 01.02-28.02( год. роботи*) + ТО год.*100=0,00 ФОТ Лютий 2025 = 0,00. Борг компании: 0,00. До виплати - 0,00 грн.
J29: =F29*H29+G29*I29 -> 0 | K29: =J29-D29 -> 0 | Q29: =C29+D29-L29-O29-P29 -> 0 | V29: =B29&" ЗП "&$V$3&F29&" год. роботи*"&H29&") + ТО "&G29&" год.*100="&TEXT(J29,"# #0,00")&" ФОТ "&$V$2&TEXT(L29,"# #0,00")&". Борг компании: "&TEXT(Q29,"# #0,00")&". До виплати - "&TEXT(P29,"# #0,00")&" грн." -> ЗП с 01.02-28.02( год. роботи*) + ТО год.*100=0,00 ФОТ Лютий 2025 = 0,00. Борг компании: 0,00. До виплати - 0,00 грн.
J30: =F30*H30+G30*I30 -> 0 | K30: =J30-D30 -> 0 | Q30: =C30+D30-L30-O30-P30 -> 0 | V30: =B30&" ЗП "&$V$3&F30&" год. роботи*"&H30&") + ТО "&G30&" год.*100="&TEXT(J30,"# #0,00")&" ФОТ "&$V$2&TEXT(L30,"# #0,00")&". Борг компании: "&TEXT(Q30,"# #0,00")&". До виплати - "&TEXT(P30,"# #0,00")&" грн." -> ЗП с 01.02-28.02( год. роботи*) + ТО год.*100=0,00 ФОТ Лютий 2025 = 0,00. Борг компании: 0,00. До виплати - 0,00 грн.
J31: =F31*H31+G31*I31 -> 0 | K31: =J31-D31 -> 0 | M31: ='МЕХАНИЗАТОРЫ ноябрь'!Q166 -> 0 | N31: =M31-J31 -> 0 | Q31: =C31+D31-L31-O31-P31 -> 0 | V31: =B31&" ЗП "&$V$3&F31&" год. роботи*"&H31&") + ТО "&G31&" год.*100="&TEXT(J31,"# #0,00")&" ФОТ "&$V$2&TEXT(L31,"# #0,00")&". Борг компании: "&TEXT(Q31,"# #0,00")&". До виплати - "&TEXT(P31,"# #0,00")&" грн." -> ЗП с 01.02-28.02( год. роботи*) + ТО год.*100=0,00 ФОТ Лютий 2025 = 0,00. Борг компании: 0,00. До виплати - 0,00 грн.
J32: =F32*H32+G32*I32 -> 0 | K32: =J32-D32 -> 0 | M32: ='МЕХАНИЗАТОРЫ ноябрь'!Q167 -> 0 | N32: =M32-J32 -> 0 | Q32: =C32+D32-L32-O32-P32 -> 0 | V32: =B32&" ЗП "&$V$3&F32&" год. роботи*"&H32&") + ТО "&G32&" год.*100="&TEXT(J32,"# #0,00")&" ФОТ "&$V$2&TEXT(L32,"# #0,00")&". Борг компании: "&TEXT(Q32,"# #0,00")&". До виплати - "&TEXT(P32,"# #0,00")&" грн." -> ЗП с 01.02-28.02( год. роботи*) + ТО год.*100=0,00 ФОТ Лютий 2025 = 0,00. Борг компании: 0,00. До виплати - 0,00 грн.
D33: 0 | J33: =F33*H33+G33*I33 -> 0 | K33: =J33-D33 -> 0 | M33: ='МЕХАНИЗАТОРЫ ноябрь'!Q168 -> 0 | N33: =M33-J33 -> 0 | Q33: =C33+D33-L33-O33-P33 -> 0 | V33: =B33&" ЗП "&$V$3&F33&" год. роботи*"&H33&") + ТО "&G33&" год.*100="&TEXT(J33,"# #0,00")&" ФОТ "&$V$2&TEXT(L33,"# #0,00")&". Борг компании: "&TEXT(Q33,"# #0,00")&". До виплати - "&TEXT(P33,"# #0,00")&" грн." -> ЗП с 01.02-28.02( год. роботи*) + ТО год.*100=0,00 ФОТ Лютий 2025 = 0,00. Борг компании: 0,00. До виплати - 0,00 грн.
D34: 0 | J34: =F34*H34+G34*I34 -> 0 | K34: =J34-D34 -> 0 | M34: ='МЕХАНИЗАТОРЫ ноябрь'!Q169 -> 0 | N34: =M34-J34 -> 0 | Q34: =C34+D34-L34-O34-P34 -> 0 | V34: =B34&" ЗП "&$V$3&F34&" год. роботи*"&H34&") + ТО "&G34&" год.*100="&TEXT(J34,"# #0,00")&" ФОТ "&$V$2&TEXT(L34,"# #0,00")&". Борг компании: "&TEXT(Q34,"# #0,00")&". До виплати - "&TEXT(P34,"# #0,00")&" грн." -> ЗП с 01.02-28.02( год. роботи*) + ТО год.*100=0,00 ФОТ Лютий 2025 = 0,00. Борг компании: 0,00. До виплати - 0,00 грн.
D35: 0 | J35: =F35*H35+G35*I35 -> 0 | K35: =J35-D35 -> 0 | M35: ='МЕХАНИЗАТОРЫ ноябрь'!Q170 -> 0 | N35: =M35-J35 -> 0 | Q35: =C35+D35-L35-O35-P35 -> 0 | V35: =B35&" ЗП "&$V$3&F35&" год. роботи*"&H35&") + ТО "&G35&" год.*100="&TEXT(J35,"# #0,00")&" ФОТ "&$V$2&TEXT(L35,"# #0,00")&". Борг компании: "&TEXT(Q35,"# #0,00")&". До виплати - "&TEXT(P35,"# #0,00")&" грн." -> ЗП с 01.02-28.02( год. роботи*) + ТО год.*100=0,00 ФОТ Лютий 2025 = 0,00. Борг компании: 0,00. До виплати - 0,00 грн.
D36: 0 | J36: =F36*H36+G36*I36 -> 0 | K36: =J36-D36 -> 0 | M36: ='МЕХАНИЗАТОРЫ ноябрь'!Q171 -> 0 | N36: =M36-J36 -> 0 | Q36: =C36+D36-L36-O36-P36 -> 0 | V36: =B36&" ЗП "&$V$3&F36&" год. роботи*"&H36&") + ТО "&G36&" год.*100="&TEXT(J36,"# #0,00")&" ФОТ "&$V$2&TEXT(L36,"# #0,00")&". Борг компании: "&TEXT(Q36,"# #0,00")&". До виплати - "&TEXT(P36,"# #0,00")&" грн." -> ЗП с 01.02-28.02( год. роботи*) + ТО год.*100=0,00 ФОТ Лютий 2025 = 0,00. Борг компании: 0,00. До виплати - 0,00 грн.
D37: 0 | J37: =F37*H37+G37*I37 -> 0 | K37: =J37-D37 -> 0 | M37: ='МЕХАНИЗАТОРЫ ноябрь'!Q172 -> 0 | N37: =M37-J37 -> 0 | Q37: =C37+D37-L37-O37-P37 -> 0 | V37: =B37&" ЗП "&$V$3&F37&" год. роботи*"&H37&") + ТО "&G37&" год.*100="&TEXT(J37,"# #0,00")&" ФОТ "&$V$2&TEXT(L37,"# #0,00")&". Борг компании: "&TEXT(Q37,"# #0,00")&". До виплати - "&TEXT(P37,"# #0,00")&" грн." -> ЗП с 01.02-28.02( год. роботи*) + ТО год.*100=0,00 ФОТ Лютий 2025 = 0,00. Борг компании: 0,00. До виплати - 0,00 грн.
M38: ='МЕХАНИЗАТОРЫ ноябрь'!Q173 -> 0 | N38: =M38-J38 -> 0 | Q38: =C38+D38-L38-O38-P38 -> 0 | S38: =P38-R38 -> 0 | V38: =B38&" ЗП "&$V$3&F38&" год. роботи*"&H38&") + ТО "&G38&" год.*100="&TEXT(J38,"# #0,00")&" ФОТ "&$V$2&TEXT(L38,"# #0,00")&". Борг компании: "&TEXT(Q38,"# #0,00")&". До виплати - "&TEXT(P38,"# #0,00")&" грн." -> ЗП с 01.02-28.02( год. роботи*) + ТО год.*100=0,00 ФОТ Лютий 2025 = 0,00. Борг компании: 0,00. До виплати - 0,00 грн.
M39: ='МЕХАНИЗАТОРЫ ноябрь'!Q174 -> 0 | N39: =M39-J39 -> 0 | P39: =ROUND(C39+D39-L39,-2) -> 0 | Q39: =C39+D39-L39-O39-P39 -> 0 | S39: =P39-R39 -> 0 | V39: =B39&" ЗП "&$V$3&F39&" год. роботи*"&H39&") + ТО "&G39&" год.*100="&TEXT(J39,"# #0,00")&" ФОТ "&$V$2&TEXT(L39,"# #0,00")&". Борг компании: "&TEXT(Q39,"# #0,00")&". До виплати - "&TEXT(P39,"# #0,00")&" грн." -> ЗП с 01.02-28.02( год. роботи*) + ТО год.*100=0,00 ФОТ Лютий 2025 = 0,00. Борг компании: 0,00. До виплати - 0,00 грн.
Q40: =C40+D40-L40-O40-P40 -> 0
B41: ИТОГО | J41: =SUM(J4:J40) -> 613530 | K41: =SUM(K4:K40) -> 0 | L41: =SUM(L4:L40) -> 97515.99 | O41: =SUM(O4:O40) -> 9083 | P41: =SUM(P4:P40) -> 510600
C48: 1 с казна | D48: автомобиль | E48: ФИО | F48: Общий километраж, км | G48: Ставка на км | H48: ЗП, грн | I48: ФОТ февраля | J48: Ф2 | K48: Итого к выплате | L48: Конечное сальдо
C49: 2900 | D49: МАН5 | E49: Голуб И.Л | F49: 3176 | G49: 10 | H49: =(F49*G49)+(5*1500) -> 39260 | I49: 7623 | J49: =H49-I49 -> 31637 | K49: =ROUND(H49-I49,-2) -> 31600 | L49: ='2025_02_01 '!L49+H49-I49-K49 -> 61 | M49: + 5 дней ч 1 500 грн = 7 500 грн
C50: 2898 | D50: МАН4 | E50: Томченко Олег | F50: 3085 | G50: 10 | H50: =(F50*G50)+(5*1500) -> 38350 | I50: 3811.5 | J50: =H50-I50 -> 34538.5 | K50: =ROUND(H50-I50,-2) -> 34500 | L50: ='2025_02_01 '!L50+H50-I50-K50 -> 96 | M50: + 5 дней ч 1 500 грн = 7 500 грн
K51: =SUM(K49:K50) -> 66100

Sheet 2025_04_01
E2: =SUM(E4:E40) -> 2404 | F2: =SUM(F4:F40) -> 2226 | G2: =SUM(G4:G40) -> 178 | J2: =SUM(J4:J38) -> 550810 | V2: Лютий 2025 =
A3: Счет в 1С | B3: Працівники організацій | C3: Начальное сальдно | D3: Соколнеко Т. | E3: Всего часы/ рейсы | F3: Раб. Часов / ко-во рейсов | G3: ТО / простой / коротк. рейс | H3: Цена за час/рейс | I3: ТО грн/час | J3: Итого | K3: Проверка | L3: ФОТ за апрель 2025 | M3: Подразделение | N3: Ед. спецтехник | O3: Заморожено по топливу | P3: К выплате | Q3: конечное сальдо | V3: с 01.02-28.02(
A4: 3864 | B4: Болох В. | C4: ='2025_03_01'!Q18 -> -25.480002 | D4: 57840 | E4: 218 | F4: 212 | G4: 6 | H4: 270 | I4: 100 | J4: =F4*H4+G4*I4 -> 57840 | K4: =J4-D4 -> 0 | L4: 7700 | M4: Глобино-2 | N4: Автокран XCMG | P4: =ROUND(C4+D4-L4-O4,-2) -> 50100 | Q4: =C4+D4-L4-O4-P4 -> 14.519998 | V4: =B4&" ЗП "&$V$3&F4&" год. роботи*"&H4&") + ТО "&G4&" год.*100="&TEXT(J4,"# #0,00")&" ФОТ "&$V$2&TEXT(L4,"# #0,00")&". Борг компании: "&TEXT(Q4,"# #0,00")&". До виплати - "&TEXT(P4,"# #0,00")&" грн." -> Болох В. ЗП с 01.02-28.02(212 год. роботи*270) + ТО 6 год.*100=57 840,00 ФОТ Лютий 2025 = 7 700,00. Борг компании: 14,52. До виплати - 50 100,00 грн.
A5: 3857 | B5: Борисенко О. | C5: 42.25 | D5: 39390 | E5: 161 | F5: 137 | G5: 24 | H5: 270 | I5: 100 | J5: =F5*H5+G5*I5 -> 39390 | K5: =J5-D5 -> 0 | L5: 6926.3044 | M5: Глобино-2 | N5: Автокран клинцы | P5: =ROUND(C5+D5-L5-O5,-2) -> 32500 | Q5: =C6+D5+D6-L6-L5-O6-P6-P5 -> -10 | V5: =B5&" ЗП "&$V$3&F5&" год. роботи*"&H5&") + ТО "&G5&" год.*100="&TEXT(J5,"# #0,00")&" ФОТ "&$V$2&TEXT(L5,"# #0,00")&". Борг компании: "&TEXT(#REF!,"# #0,00")&". До виплати - "&TEXT(P5,"# #0,00")&" грн." -> #REF!
A6: 3858 | B6: Борисенко О. | D6: 4400 | E6: 20 | F6: 20 | G6: 0 | H6: 220 | I6: 100 | J6: =F6*H6+G6*I6 -> 4400 | K6: =J6-D6 -> 0 | L6: 773.69562 | M6: Глобино-2 | N6: Виброкаток | P6: =ROUND(C6+D6-L6-O6,-2) -> 3600 | V6: =B6&" ЗП "&$V$3&F6&" год. роботи*"&H6&") + ТО "&G6&" год.*100="&TEXT(J6,"# #0,00")&" ФОТ "&$V$2&TEXT(L6,"# #0,00")&". Борг компании: "&TEXT(Q5,"# #0,00")&". До виплати - "&TEXT(P6,"# #0,00")&" грн." -> Борисенко О. ЗП с 01.02-28.02(20 год. роботи*220) + ТО 0 год.*100=4 400,00 ФОТ Лютий 2025 = 773,70. Борг компании: -10,00. До виплати - 3 600,00 грн.
A7: 3859 | B7: Філянович Ю. | C7: ='2025_03_01'!Q10 -> 0 | D7: 50000 | E7: 117 | F7: 85 | G7: 32 | H7: 330 | I7: 100 | J7: 50000 | K7: =J7-D7 -> 0 | L7: 7700 | M7: Глобино-2 | N7: Автокран XCMG QAY55 | P7: =ROUND(C7+D7-L7-O7,-2) -> 42300 | Q7: =C7+D7-L7-O7-P7 -> 0 | V7: =B7&" ЗП "&$V$3&F7&" год. роботи*"&H7&") + ТО "&G7&" год.*100="&TEXT(J7,"# #0,00")&" ФОТ "&$V$2&TEXT(L7,"# #0,00")&". Борг компании: "&TEXT(#REF!,"# #0,00")&". До виплати - "&TEXT(P7,"# #0,00")&" грн." -> #REF!
A8: 3866 | B8: Котик М. | C8: ='2025_03_01'!Q25 -> -40 | D8: 38800 | E8: 195 | F8: 193 | G8: 2 | H8: 200 | I8: 100 | J8: =F8*H8+G8*I8 -> 38800 | K8: =J8-D8 -> 0 | L8: 7700 | M8: Глобино-2 | N8: РДК 250-3№2 | P8: =ROUND(C8+D8-L8-O8,-2) -> 31100 | Q8: =C8+D8-L8-O8-P8 -> -40 | V8: =B8&" ЗП "&$V$3&F8&" год. роботи*"&H8&") + ТО "&G8&" год.*100="&TEXT(J8,"# #0,00")&" ФОТ "&$V$2&TEXT(L8,"# #0,00")&". Борг компании: "&TEXT(Q7,"# #0,00")&". До виплати - "&TEXT(P8,"# #0,00")&" грн." -> Котик М. ЗП с 01.02-28.02(193 год. роботи*200) + ТО 2 год.*100=38 800,00 ФОТ Лютий 2025 = 7 700,00. Борг компании: 0,00. До виплати - 31 100,00 грн.
A9: 3893 | B9: Василиу Р. | C9: ='2025_03_01'!Q4 -> 39.75 | D9: 48970 | E9: 218 | F9: 209 | G9: 9 | H9: 230 | I9: 100 | J9: =F9*H9+G9*I9 -> 48970 | K9: =J9-D9 -> 0 | L9: 7700 | M9: Глобино-2 | N9: Телескоп 2 | P9: =ROUND(C9+D9-L9-O9,-2) -> 41300 | Q9: =C9+D9-L9-O9-P9 -> 9.75 | V9: =B9&" ЗП "&$V$3&F9&" год. роботи*"&H9&") + ТО "&G9&" год.*100="&TEXT(J9,"# #0,00")&" ФОТ "&$V$2&TEXT(L9,"# #0,00")&". Борг компании: "&TEXT(Q9,"# #0,00")&". До виплати - "&TEXT(P9,"# #0,00")&" грн." -> Василиу Р. ЗП с 01.02-28.02(209 год. роботи*230) + ТО 9 год.*100=48 970,00 ФОТ Лютий 2025 = 7 700,00. Борг компании: 9,75. До виплати - 41 300,00 грн.
A10: 3894 | B10: Тройняк О. | C10: -40 | D10: 37710 | E10: 173 | F10: 157 | G10: 16 | H10: 230 | I10: 100 | J10: =F10*H10+G10*I10 -> 37710 | K10: =J10-D10 -> 0 | L10: 0 | M10: Глобино-2 | N10: Телескоп JCB 535-140 (№4) | P10: =ROUND(C10+D10-L10-O10,-2) -> 37700 | Q10: =C10+D10-L10-O10-P10 -> -30 | V10: =B10&" ЗП "&$V$3&F10&" год. роботи*"&H10&") + ТО "&G10&" год.*100="&TEXT(J10,"# #0,00")&" ФОТ "&$V$2&TEXT(L10,"# #0,00")&". Борг компании: "&TEXT(Q10,"# #0,00")&". До виплати - "&TEXT(P10,"# #0,00")&" грн." -> Тройняк О. ЗП с 01.02-28.02(157 год. роботи*230) + ТО 16 год.*100=37 710,00 ФОТ Лютий 2025 = 0,00. Борг компании: -30,00. До виплати - 37 700,00 грн.
A11: 3895 | B11: Зубко О. | C11: -40 | D11: 46180 | E11: 207 | F11: 196 | G11: 11 | H11: 230 | I11: 100 | J11: =F11*H11+G11*I11 -> 46180 | K11: =J11-D11 -> 0 | L11: 0 | M11: Глобино-2 | N11: Телескоп JCB 540-170 №5 | O11: 2964.4654 | P11: =ROUND(C11+D11-L11-O11,-2) -> 43200 | Q11: =C11+D11-L11-O11-P11 -> -24.465411 | V11: =B11&" ЗП "&$V$3&F11&" год. роботи*"&H11&") + ТО "&G11&" год.*100="&TEXT(J11,"# #0,00")&" ФОТ "&$V$2&TEXT(L11,"# #0,00")&". Борг компании: "&TEXT(Q11,"# #0,00")&". До виплати - "&TEXT(P11,"# #0,00")&" грн." -> Зубко О. ЗП с 01.02-28.02(196 год. роботи*230) + ТО 11 год.*100=46 180,00 ФОТ Лютий 2025 = 0,00. Борг компании: -24,47. До виплати - 43 200,00 грн.
A12: 3896 | B12: Ляшко С. | C12: -35.24 | D12: 25240 | E12: 112 | F12: 108 | G12: 4 | H12: 230 | I12: 100 | J12: =F12*H12+G12*I12 -> 25240 | K12: =J12-D12 -> 0 | L12: 4061.6071 | M12: Глобино-2 | N12: Экскаватор JCB | P12: =ROUND(C12+D12-L12-O12,-2) -> 21100 | Q12: =C13+D12+D13-L13-L12-O13-P13-P12 -> 50 | V12: =B12&" ЗП "&$V$3&F12&" год. роботи*"&H12&") + ТО "&G12&" год.*100="&TEXT(J12,"# #0,00")&" ФОТ "&$V$2&TEXT(L12,"# #0,00")&". Борг компании: "&TEXT(Q12,"# #0,00")&". До виплати - "&TEXT(P12,"# #0,00")&" грн." -> Ляшко С. ЗП с 01.02-28.02(108 год. роботи*230) + ТО 4 год.*100=25 240,00 ФОТ Лютий 2025 = 4 061,61. Борг компании: 50,00. До виплати - 21 100,00 грн.
A13: 3897 | B13: Ляшко С. | D13: 22610 | E13: 100 | F13: 97 | G13: 3 | H13: 230 | I13: 100 | J13: =F13*H13+G13*I13 -> 22610 | K13: =J13-D13 -> 0 | L13: 3638.3929 | M13: Глобино-2 | N13: Экскаватор JCB 220 | P13: =ROUND(C13+D13-L13-O13,-2) -> 19000 | V13: =B13&" ЗП "&$V$3&F13&" год. роботи*"&H13&") + ТО "&G13&" год.*100="&TEXT(J13,"# #0,00")&" ФОТ "&$V$2&TEXT(L13,"# #0,00")&". Борг компании: "&TEXT(Q13,"# #0,00")&". До виплати - "&TEXT(P13,"# #0,00")&" грн." -> Ляшко С. ЗП с 01.02-28.02(97 год. роботи*230) + ТО 3 год.*100=22 610,00 ФОТ Лютий 2025 = 3 638,39. Борг компании: 0,00. До виплати - 19 000,00 грн.
A14: 3863 | B14: Скоц С.І. | C14: ='2025_03_01'!Q15 -> 20.56 | D14: 26230 | E14: 118 | F14: 111 | G14: 7 | H14: 230 | I14: 100 | J14: =F14*H14+G14*I14 -> 26230 | K14: =J14-D14 -> 0 | L14: 8008 | M14: Глобино-2 | N14: Экскаватор JCB 2013 | O14: 5954.575 | P14: =ROUND(C14+D14-L14-O14,-2) -> 12300 | Q14: =C14+D14-L14-O14-P14 -> -12.014987 | V14: =B14&" ЗП "&$V$3&F14&" год. роботи*"&H14&") + ТО "&G14&" год.*100="&TEXT(J14,"# #0,00")&" ФОТ "&$V$2&TEXT(L14,"# #0,00")&". Борг компании: "&TEXT(Q14,"# #0,00")&". До виплати - "&TEXT(P14,"# #0,00")&" грн." -> Скоц С.І. ЗП с 01.02-28.02(111 год. роботи*230) + ТО 7 год.*100=26 230,00 ФОТ Лютий 2025 = 8 008,00. Борг компании: -12,01. До виплати - 12 300,00 грн.
A15: 3862 | B15: Гончаренко О | C15: ='2025_03_01'!Q14 -> 48 | D15: 18360 | E15: 84 | F15: 83 | G15: 1 | H15: 220 | I15: 100 | J15: =F15*H15+G15*I15 -> 18360 | K15: =J15-D15 -> 0 | L15: 0 | M15: Глобино-2 | N15: Виброкаток | O15: =4872.39124722126/2 -> 2436.1956 | P15: =ROUND(C15+D15-L15-O15,-2) -> 16000 | Q15: =C15+D15-L15-O15-P15 -> -28.195624 | V15: =B15&" ЗП "&$V$3&F15&" год. роботи*"&H15&") + ТО "&G15&" год.*100="&TEXT(J15,"# #0,00")&" ФОТ "&$V$2&TEXT(L15,"# #0,00")&". Борг компании: "&TEXT(Q15,"# #0,00")&". До виплати - "&TEXT(P15,"# #0,00")&" грн." -> Гончаренко О ЗП с 01.02-28.02(83 год. роботи*220) + ТО 1 год.*100=18 360,00 ФОТ Лютий 2025 = 0,00. Борг компании: -28,20. До виплати - 16 000,00 грн.
A16: 3898 | B16: Комаров Д. | C16: -11.59 | D16: 21400 | E16: 110 | F16: 104 | G16: 6 | H16: 200 | I16: 100 | J16: =F16*H16+G16*I16 -> 21400 | K16: =J16-D16 -> 0 | L16: 3850 | M16: Глобино-2 | N16: МАЗ 264 | P16: =ROUND(C16+D16-L16-O16,-2) -> 17500 | Q16: =C16+D16-L16-O16-P16 -> 38.41 | V16: =B16&" ЗП "&$V$3&F16&" год. роботи*"&H16&") + ТО "&G16&" год.*100="&TEXT(J16,"# #0,00")&" ФОТ "&$V$2&TEXT(L16,"# #0,00")&". Борг компании: "&TEXT(Q16,"# #0,00")&". До виплати - "&TEXT(P16,"# #0,00")&" грн." -> Комаров Д. ЗП с 01.02-28.02(104 год. роботи*200) + ТО 6 год.*100=21 400,00 ФОТ Лютий 2025 = 3 850,00. Борг компании: 38,41. До виплати - 17 500,00 грн.
A17: 3899 | B17: Черненко А. | C17: ='2025_03_01'!Q21 -> 0 | D17: 16800 | E17: 90 | F17: 78 | G17: 12 | H17: 200 | I17: 100 | J17: =F17*H17+G17*I17 -> 16800 | K17: =J17-D17 -> 0 | L17: 3850 | M17: Глобино-2 | N17: МАЗ 264 | P17: =ROUND(C17+D17-L17-O17,-2) -> 13000 | Q17: =C17+D17-L17-O17-P17 -> -50 | V17: =B17&" ЗП "&$V$3&F17&" год. роботи*"&H17&") + ТО "&G17&" год.*100="&TEXT(J17,"# #0,00")&" ФОТ "&$V$2&TEXT(L17,"# #0,00")&". Борг компании: "&TEXT(Q17,"# #0,00")&". До виплати - "&TEXT(P17,"# #0,00")&" грн." -> Черненко А. ЗП с 01.02-28.02(78 год. роботи*200) + ТО 12 год.*100=16 800,00 ФОТ Лютий 2025 = 3 850,00. Борг компании: -50,00. До виплати - 13 000,00 грн.
A18: 3900 | B18: Окольничий В. | C18: ='2025_03_01'!Q22 -> 0 | D18: 22000 | E18: 113 | F18: 107 | G18: 6 | H18: 200 | I18: 100 | J18: =F18*H18+G18*I18 -> 22000 | K18: =J18-D18 -> 0 | L18: 0 | M18: Глобино-2 | N18: МАЗ 265 | P18: =ROUND(C18+D18-L18-O18,-2) -> 22000 | Q18: =C19+D18+D19-L19-L18-O19-P19-P18 -> -20 | V18: =B18&" ЗП "&$V$3&F18&" год. роботи*"&H18&") + ТО "&G18&" год.*100="&TEXT(J18,"# #0,00")&" ФОТ "&$V$2&TEXT(L18,"# #0,00")&". Борг компании: "&TEXT(Q18,"# #0,00")&". До виплати - "&TEXT(P18,"# #0,00")&" грн." -> Окольничий В. ЗП с 01.02-28.02(107 год. роботи*200) + ТО 6 год.*100=22 000,00 ФОТ Лютий 2025 = 0,00. Борг компании: -20,00. До виплати - 22 000,00 грн.
A19: 3860 | B19: Окольничий В. | D19: 1980 | E19: 9 | F19: 9 | G19: 0 | H19: 220 | I19: 100 | J19: =F19*H19+G19*I19 -> 1980 | K19: =J19-D19 -> 0 | L19: 0 | M19: Глобино-2 | N19: Виброкаток | P19: =ROUND(C19+D19-L19-O19,-2) -> 2000 | V19: =B19&" ЗП "&$V$3&F19&" год. роботи*"&H19&") + ТО "&G19&" год.*100="&TEXT(J19,"# #0,00")&" ФОТ "&$V$2&TEXT(L19,"# #0,00")&". Борг компании: "&TEXT(Q19,"# #0,00")&". До виплати - "&TEXT(P19,"# #0,00")&" грн." -> Окольничий В. ЗП с 01.02-28.02(9 год. роботи*220) + ТО 0 год.*100=1 980,00 ФОТ Лютий 2025 = 0,00. Борг компании: 0,00. До виплати - 2 000,00 грн.
A20: 3861 | B20: Гончаренко В. | C20: ='2025_03_01'!Q23 -> 0 | D20: 9560 | E20: 44 | F20: 43 | G20: 1 | H20: 220 | I20: 100 | J20: =F20*H20+G20*I20 -> 9560 | K20: =J20-D20 -> 0 | L20: 0 | M20: Глобино-2 | N20: Виброкаток | O20: =4872.39124722126/2 -> 2436.1956 | P20: =ROUND(C20+D20-L20-O20,-2) -> 7100 | Q20: =C21+D20+D21-L21-L20-O21-O20-P21-P20 -> -7.3113799 | V20: =B20&" ЗП "&$V$3&F20&" год. роботи*"&H20&") + ТО "&G20&" год.*100="&TEXT(J20,"# #0,00")&" ФОТ "&$V$2&TEXT(L20,"# #0,00")&". Борг компании: "&TEXT(Q20,"# #0,00")&". До виплати - "&TEXT(P20,"# #0,00")&" грн." -> Гончаренко В. ЗП с 01.02-28.02(43 год. роботи*220) + ТО 1 год.*100=9 560,00 ФОТ Лютий 2025 = 0,00. Борг компании: -7,31. До виплати - 7 100,00 грн.
A21: 3865 | B21: Гончаренко В. | D21: 7600 | E21: 48 | F21: 28 | G21: 20 | H21: 200 | I21: 100 | J21: =F21*H21+G21*I21 -> 7600 | K21: =J21-D21 -> 0 | L21: 0 | M21: Глобино-2 | N21: Самосвал МАЗ | O21: 2831.1158 | P21: =ROUND(C21+D21-L21-O21,-2) -> 4800 | V21: =B21&" ЗП "&$V$3&F21&" год. роботи*"&H21&") + ТО "&G21&" год.*100="&TEXT(J21,"# #0,00")&" ФОТ "&$V$2&TEXT(L21,"# #0,00")&". Борг компании: "&TEXT(Q21,"# #0,00")&". До виплати - "&TEXT(P21,"# #0,00")&" грн." -> Гончаренко В. ЗП с 01.02-28.02(28 год. роботи*200) + ТО 20 год.*100=7 600,00 ФОТ Лютий 2025 = 0,00. Борг компании: 0,00. До виплати - 4 800,00 грн.
A22: 3901 | B22: Сокур С. | C22: ='2025_03_01'!Q24 -> 0 | D22: 21100 | E22: 112 | F22: 99 | G22: 13 | H22: 200 | I22: 100 | J22: =F22*H22+G22*I22 -> 21100 | K22: =J22-D22 -> 0 | L22: 0 | M22: Глобино-2 | N22: Самосвал МАЗ №2 | P22: =ROUND(C22+D22-L22-O22,-2) -> 21100 | Q22: =C23+D22+D23-L23-L22-O23-O22-P23-P22 -> 0 | V22: =B22&" ЗП "&$V$3&F22&" год. роботи*"&H22&") + ТО "&G22&" год.*100="&TEXT(J22,"# #0,00")&" ФОТ "&$V$2&TEXT(L22,"# #0,00")&". Борг компании: "&TEXT(Q22,"# #0,00")&". До виплати - "&TEXT(P22,"# #0,00")&" грн." -> Сокур С. ЗП с 01.02-28.02(99 год. роботи*200) + ТО 13 год.*100=21 100,00 ФОТ Лютий 2025 = 0,00. Борг компании: 0,00. До виплати - 21 100,00 грн.
B23: Сокур С. | D23: 2400 | E23: 12 | F23: 12 | G23: 0 | H23: 200 | I23: 100 | J23: =F23*H23+G23*I23 -> 2400 | K23: =J23-D23 -> 0 | L23: 0 | M23: Щебень 64,12 т | N23: Самосвал МАЗ №2 | P23: =ROUND(C23+D23-L23-O23,-2) -> 2400 | V23: =B23&" ЗП "&$V$3&F23&" год. роботи*"&H23&") + ТО "&G23&" год.*100="&TEXT(J23,"# #0,00")&" ФОТ "&$V$2&TEXT(L23,"# #0,00")&". Борг компании: "&TEXT(Q23,"# #0,00")&". До виплати - "&TEXT(P23,"# #0,00")&" грн." -> Сокур С. ЗП с 01.02-28.02(12 год. роботи*200) + ТО 0 год.*100=2 400,00 ФОТ Лютий 2025 = 0,00. Борг компании: 0,00. До виплати - 2 400,00 грн.
A24: 3902 | B24: Ільїн Р. | C24: ='2025_03_01'!Q26 -> 40 | D24: 32240 | E24: 143 | F24: 138 | G24: 5 | H24: 230 | I24: 100 | J24: =F24*H24+G24*I24 -> 32240 | K24: =J24-D24 -> 0 | L24: =3850+10000 -> 13850 | M24: МХП Катеринополь | N24: Ротор Пегасус | P24: =ROUND(C24+D24-L24-O24,-2) -> 18400 | Q24: =C24+D24-L24-O24-P24 -> 30 | V24: =B24&" ЗП "&$V$3&F24&" год. роботи*"&H24&") + ТО "&G24&" год.*100="&TEXT(J24,"# #0,00")&" ФОТ "&$V$2&TEXT(L24,"# #0,00")&". Борг компании: "&TEXT(Q24,"# #0,00")&". До виплати - "&TEXT(P24,"# #0,00")&" грн." -> Ільїн Р. ЗП с 01.02-28.02(138 год. роботи*230) + ТО 5 год.*100=32 240,00 ФОТ Лютий 2025 = 13 850,00. Борг компании: 30,00. До виплати - 18 400,00 грн. | AF24: в т ч снято 10 000 грн разрешительная док
I25: 100 | J25: =F25*H25+G25*I25 -> 0 | K25: =J25-D25 -> 0 | P25: =ROUND(C25+D25-L25-O25,-2) -> 0 | V25: =B25&" ЗП "&$V$3&F25&" год. роботи*"&H25&") + ТО "&G25&" год.*100="&TEXT(J25,"# #0,00")&" ФОТ "&$V$2&TEXT(L25,"# #0,00")&". Борг компании: "&TEXT(Q25,"# #0,00")&". До виплати - "&TEXT(P25,"# #0,00")&" грн." -> ЗП с 01.02-28.02( год. роботи*) + ТО год.*100=0,00 ФОТ Лютий 2025 = 0,00. Борг компании: 0,00. До виплати - 0,00 грн.
I26: 100 | J26: =F26*H26+G26*I26 -> 0 | K26: =J26-D26 -> 0 | P26: =ROUND(C26+D26-L26-O26,-2) -> 0 | Q26: =C26+D26-L26-O26-P26 -> 0 | V26: =B26&" ЗП "&$V$3&F26&" год. роботи*"&H26&") + ТО "&G26&" год.*100="&TEXT(J26,"# #0,00")&" ФОТ "&$V$2&TEXT(L26,"# #0,00")&". Борг компании: "&TEXT(Q26,"# #0,00")&". До виплати - "&TEXT(P26,"# #0,00")&" грн." -> ЗП с 01.02-28.02( год. роботи*) + ТО год.*100=0,00 ФОТ Лютий 2025 = 0,00. Борг компании: 0,00. До виплати - 0,00 грн.
J27: =F27*H27+G27*I27 -> 0 | K27: =J27-D27 -> 0 | P27: 0 | Q27: =C27+D27-L27-O27-P27 -> 0 | V27: =B27&" ЗП "&$V$3&F27&" год. роботи*"&H27&") + ТО "&G27&" год.*100="&TEXT(J27,"# #0,00")&" ФОТ "&$V$2&TEXT(L27,"# #0,00")&". Борг компании: "&TEXT(Q27,"# #0,00")&". До виплати - "&TEXT(P27,"# #0,00")&" грн." -> ЗП с 01.02-28.02( год. роботи*) + ТО год.*100=0,00 ФОТ Лютий 2025 = 0,00. Борг компании: 0,00. До виплати - 0,00 грн.
K28: =J28-D28 -> 0 | Q28: =C28+D28-L28-O28-P28 -> 0 | V28: =B28&" ЗП "&$V$3&F28&" год. роботи*"&H28&") + ТО "&G28&" год.*100="&TEXT(J28,"# #0,00")&" ФОТ "&$V$2&TEXT(L28,"# #0,00")&". Борг компании: "&TEXT(Q28,"# #0,00")&". До виплати - "&TEXT(P28,"# #0,00")&" грн." -> ЗП с 01.02-28.02( год. роботи*) + ТО год.*100=0,00 ФОТ Лютий 2025 = 0,00. Борг компании: 0,00. До виплати - 0,00 грн.
J29: =F29*H29+G29*I29 -> 0 | K29: =J29-D29 -> 0 | Q29: =C29+D29-L29-O29-P29 -> 0 | V29: =B29&" ЗП "&$V$3&F29&" год. роботи*"&H29&") + ТО "&G29&" год.*100="&TEXT(J29,"# #0,00")&" ФОТ "&$V$2&TEXT(L29,"# #0,00")&". Борг компании: "&TEXT(Q29,"# #0,00")&". До виплати - "&TEXT(P29,"# #0,00")&" грн." -> ЗП с 01.02-28.02( год. роботи*) + ТО год.*100=0,00 ФОТ Лютий 2025 = 0,00. Борг компании: 0,00. До виплати - 0,00 грн.
J30: =F30*H30+G30*I30 -> 0 | K30: =J30-D30 -> 0 | Q30: =C30+D30-L30-O30-P30 -> 0 | V30: =B30&" ЗП "&$V$3&F30&" год. роботи*"&H30&") + ТО "&G30&" год.*100="&TEXT(J30,"# #0,00")&" ФОТ "&$V$2&TEXT(L30,"# #0,00")&". Борг компании: "&TEXT(Q30,"# #0,00")&". До виплати - "&TEXT(P30,"# #0,00")&" грн." -> ЗП с 01.02-28.02( год. роботи*) + ТО год.*100=0,00 ФОТ Лютий 2025 = 0,00. Борг компании: 0,00. До виплати - 0,00 грн.
J31: =F31*H31+G31*I31 -> 0 | K31: =J31-D31 -> 0 | M31: ='МЕХАНИЗАТОРЫ ноябрь'!Q166 -> 0 | N31: =M31-J31 -> 0 | Q31: =C31+D31-L31-O31-P31 -> 0 | V31: =B31&" ЗП "&$V$3&F31&" год. роботи*"&H31&") + ТО "&G31&" год.*100="&TEXT(J31,"# #0,00")&" ФОТ "&$V$2&TEXT(L31,"# #0,00")&". Борг компании: "&TEXT(Q31,"# #0,00")&". До виплати - "&TEXT(P31,"# #0,00")&" грн." -> ЗП с 01.02-28.02( год. роботи*) + ТО год.*100=0,00 ФОТ Лютий 2025 = 0,00. Борг компании: 0,00. До виплати - 0,00 грн.
J32: =F32*H32+G32*I32 -> 0 | K32: =J32-D32 -> 0 | M32: ='МЕХАНИЗАТОРЫ ноябрь'!Q167 -> 0 | N32: =M32-J32 -> 0 | Q32: =C32+D32-L32-O32-P32 -> 0 | V32: =B32&" ЗП "&$V$3&F32&" год. роботи*"&H32&") + ТО "&G32&" год.*100="&TEXT(J32,"# #0,00")&" ФОТ "&$V$2&TEXT(L32,"# #0,00")&". Борг компании: "&TEXT(Q32,"# #0,00")&". До виплати - "&TEXT(P32,"# #0,00")&" грн." -> ЗП с 01.02-28.02( год. роботи*) + ТО год.*100=0,00 ФОТ Лютий 2025 = 0,00. Борг компании: 0,00. До виплати - 0,00 грн.
D33: 0 | J33: =F33*H33+G33*I33 -> 0 | K33: =J33-D33 -> 0 | M33: ='МЕХАНИЗАТОРЫ ноябрь'!Q168 -> 0 | N33: =M33-J33 -> 0 | Q33: =C33+D33-L33-O33-P33 -> 0 | V33: =B33&" ЗП "&$V$3&F33&" год. роботи*"&H33&") + ТО "&G33&" год.*100="&TEXT(J33,"# #0,00")&" ФОТ "&$V$2&TEXT(L33,"# #0,00")&". Борг компании: "&TEXT(Q33,"# #0,00")&". До виплати - "&TEXT(P33,"# #0,00")&" грн." -> ЗП с 01.02-28.02( год. роботи*) + ТО год.*100=0,00 ФОТ Лютий 2025 = 0,00. Борг компании: 0,00. До виплати - 0,00 грн.
D34: 0 | J34: =F34*H34+G34*I34 -> 0 | K34: =J34-D34 -> 0 | M34: ='МЕХАНИЗАТОРЫ ноябрь'!Q169 -> 0 | N34: =M34-J34 -> 0 | Q34: =C34+D34-L34-O34-P34 -> 0 | V34: =B34&" ЗП "&$V$3&F34&" год. роботи*"&H34&") + ТО "&G34&" год.*100="&TEXT(J34,"# #0,00")&" ФОТ "&$V$2&TEXT(L34,"# #0,00")&". Борг компании: "&TEXT(Q34,"# #0,00")&". До виплати - "&TEXT(P34,"# #0,00")&" грн." -> ЗП с 01.02-28.02( год. роботи*) + ТО год.*100=0,00 ФОТ Лютий 2025 = 0,00. Борг компании: 0,00. До виплати - 0,00 грн.
D35: 0 | J35: =F35*H35+G35*I35 -> 0 | K35: =J35-D35 -> 0 | M35: ='МЕХАНИЗАТОРЫ ноябрь'!Q170 -> 0 | N35: =M35-J35 -> 0 | Q35: =C35+D35-L35-O35-P35 -> 0 | V35: =B35&" ЗП "&$V$3&F35&" год. роботи*"&H35&") + ТО "&G35&" год.*100="&TEXT(J35,"# #0,00")&" ФОТ "&$V$2&TEXT(L35,"# #0,00")&". Борг компании: "&TEXT(Q35,"# #0,00")&". До виплати - "&TEXT(P35,"# #0,00")&" грн." -> ЗП с 01.02-28.02( год. роботи*) + ТО год.*100=0,00 ФОТ Лютий 2025 = 0,00. Борг компании: 0,00. До виплати - 0,00 грн.
D36: 0 | J36: =F36*H36+G36*I36 -> 0 | K36: =J36-D36 -> 0 | M36: ='МЕХАНИЗАТОРЫ ноябрь'!Q171 -> 0 | N36: =M36-J36 -> 0 | Q36: =C36+D36-L36-O36-P36 -> 0 | V36: =B36&" ЗП "&$V$3&F36&" год. роботи*"&H36&") + ТО "&G36&" год.*100="&TEXT(J36,"# #0,00")&" ФОТ "&$V$2&TEXT(L36,"# #0,00")&". Борг компании: "&TEXT(Q36,"# #0,00")&". До виплати - "&TEXT(P36,"# #0,00")&" грн." -> ЗП с 01.02-28.02( год. роботи*) + ТО год.*100=0,00 ФОТ Лютий 2025 = 0,00. Борг компании: 0,00. До виплати - 0,00 грн.
D37: 0 | J37: =F37*H37+G37*I37 -> 0 | K37: =J37-D37 -> 0 | M37: ='МЕХАНИЗАТОРЫ ноябрь'!Q172 -> 0 | N37: =M37-J37 -> 0 | Q37: =C37+D37-L37-O37-P37 -> 0 | V37: =B37&" ЗП "&$V$3&F37&" год. роботи*"&H37&") + ТО "&G37&" год.*100="&TEXT(J37,"# #0,00")&" ФОТ "&$V$2&TEXT(L37,"# #0,00")&". Борг компании: "&TEXT(Q37,"# #0,00")&". До виплати - "&TEXT(P37,"# #0,00")&" грн." -> ЗП с 01.02-28.02( год. роботи*) + ТО год.*100=0,00 ФОТ Лютий 2025 = 0,00. Борг компании: 0,00. До виплати - 0,00 грн.
M38: ='МЕХАНИЗАТОРЫ ноябрь'!Q173 -> 0 | N38: =M38-J38 -> 0 | Q38: =C38+D38-L38-O38-P38 -> 0 | S38: =P38-R38 -> 0 | V38: =B38&" ЗП "&$V$3&F38&" год. роботи*"&H38&") + ТО "&G38&" год.*100="&TEXT(J38,"# #0,00")&" ФОТ "&$V$2&TEXT(L38,"# #0,00")&". Борг компании: "&TEXT(Q38,"# #0,00")&". До виплати - "&TEXT(P38,"# #0,00")&" грн." -> ЗП с 01.02-28.02( год. роботи*) + ТО год.*100=0,00 ФОТ Лютий 2025 = 0,00. Борг компании: 0,00. До виплати - 0,00 грн.
M39: ='МЕХАНИЗАТОРЫ ноябрь'!Q174 -> 0 | N39: =M39-J39 -> 0 | P39: =ROUND(C39+D39-L39,-2) -> 0 | Q39: =C39+D39-L39-O39-P39 -> 0 | S39: =P39-R39 -> 0 | V39: =B39&" ЗП "&$V$3&F39&" год. роботи*"&H39&") + ТО "&G39&" год.*100="&TEXT(J39,"# #0,00")&" ФОТ "&$V$2&TEXT(L39,"# #0,00")&". Борг компании: "&TEXT(Q39,"# #0,00")&". До виплати - "&TEXT(P39,"# #0,00")&" грн." -> ЗП с 01.02-28.02( год. роботи*) + ТО год.*100=0,00 ФОТ Лютий 2025 = 0,00. Борг компании: 0,00. До виплати - 0,00 грн.
Q40: =C40+D40-L40-O40-P40 -> 0
B41: ИТОГО | J41: =SUM(J4:J40) -> 550810 | K41: =SUM(K4:K40) -> 0 | L41: =SUM(L4:L40) -> 75758 | O41: =SUM(O4:O40) -> 16622.547 | P41: =SUM(P4:P40) -> 458500
O44: Зубко О.
O45: Скоц С.І.
O46: Гончаренко О
O47: Гончаренко В.
C48: 1 с казна | D48: автомобиль | E48: ФИО | F48: Общий километраж, км | G48: Ставка на км | H48: ЗП, грн | I48: ФОТ апрель | J48: Ф2 | K48: Итого к выплате | L48: Конечное сальдо | O48: Гончаренко В.
C49: 3935 | D49: МАН5 | E49: Голуб И | F49: 6731 | G49: 10 | H49: =(F49*G49)+1500 -> 68810 | I49: 7623 | J49: =H49-I49 -> 61187 | K49: =ROUND(H49-I49,-2)-8800 -> 52400 | M49: 1 500 грн (07.04 робота в БЦ діагностика та ремонт МАН 5) 8800 получил за рейс Днепр - Гайсин - Жажков
C50: 3936 | D50: МАН4 | E50: Томченко О | F50: 4307 | G50: 10 | H50: =(F50*G50) -> 43070 | I50: 3811.5 | J50: =H50-I50 -> 39258.5 | K50: =ROUND(H50-I50,-2)-8800 -> 30500 | M50: 8800 получил за рейс Днепр - Гайсин - Жажков

Sheet МЕХАНИЗАТОРЫ апрель
Y1: 45170
Y2: 45200
B4: ="ЧАСЫ ["&CHAR(10)&TEXT(Y1,"[$-419]ММММ ГГГГ")&"]" -> ЧАСЫ [ Сентябрь 2023]
B6: № п/п | C6: ФИО | E6: Начислено в сентябре 2023 | F6: Всего | I6: Спец.техника | J6: Ставка за работу, грн/час | K6: Ставка за ТО, грн/час | L6: ТО | M6: Заправка | O6: Без ТО и заправок | Q6: ИТОГО ЗП по часам | R6: Начисления на ЗП Ф1 (22%) | S6: Удержано по Ф1 (19,5%) | T6: Начислено ЗП по Ф1 (аванс) | V6: Остаток ЗП за период (по Ф2)
B7: 1 | C7: Болох В.В. | E7: 9500 | F7: =SUMIFS([1]Табель!J:J,[1]Табель!E:E,C7,[1]Табель!B:B,">="&$Y$1,[1]Табель!B:B,"<"&$Y$2) -> #VALUE! | I7: =INDEX([1]ИНФО_СПЕЦТЕХНИКА!$D$4:$D$23,IF(SUMIFS([1]Табель!I:I,[1]Табель!E:E,C7,[1]Табель!B:B,">="&$Y$1,[1]Табель!B:B,"<"&$Y$2)/COUNTIFS([1]Табель!E:E,C7,[1]Табель!B:B,">="&$Y$1,[1]Табель!B:B,"<"&$Y$2)=0,"",SUMIFS([1]Табель!I:I,[1]Табель!E:E,C7,[1]Табель!B:B,">="&$Y$1,[1]Табель!B:B,"<"&$Y$2)/COUNTIFS([1]Табель!E:E,C7,[1]Табель!B:B,">="&$Y$1,[1]Табель!B:B,"<"&$Y$2))) -> #VALUE! | J7: 180 | K7: 100 | L7: =SUMIFS([1]Табель!K:K,[1]Табель!E:E,C7,[1]Табель!B:B,">="&$Y$1,[1]Табель!B:B,"<"&$Y$2) -> #VALUE! | M7: =SUMIFS([1]Табель!L:L,[1]Табель!E:E,C7,[1]Табель!B:B,">="&$Y$1,[1]Табель!B:B,"<"&$Y$2) -> #VALUE! | O7: =F7-L7-M7 -> #VALUE! | Q7: =O7*J7+(L7+M7)*K7 -> #VALUE! | R7: =ROUND(E7*0.22,2) -> 2090 | S7: =E7*0.195 -> 1852.5 | T7: =E7-S7 -> 7647.5 | V7: =Q7-T7 -> #VALUE!
B8: 2 | C8: Боранов В.В. | F8: =SUMIFS([1]Табель!J:J,[1]Табель!E:E,C8,[1]Табель!B:B,">="&$Y$1,[1]Табель!B:B,"<"&$Y$2) -> #VALUE! | I8: =INDEX([1]ИНФО_СПЕЦТЕХНИКА!$D$4:$D$23,IF(SUMIFS([1]Табель!I:I,[1]Табель!E:E,C8,[1]Табель!B:B,">="&$Y$1,[1]Табель!B:B,"<"&$Y$2)/COUNTIFS([1]Табель!E:E,C8,[1]Табель!B:B,">="&$Y$1,[1]Табель!B:B,"<"&$Y$2)=0,"",SUMIFS([1]Табель!I:I,[1]Табель!E:E,C8,[1]Табель!B:B,">="&$Y$1,[1]Табель!B:B,"<"&$Y$2)/COUNTIFS([1]Табель!E:E,C8,[1]Табель!B:B,">="&$Y$1,[1]Табель!B:B,"<"&$Y$2))) -> #VALUE! | J8: 180 | K8: 100 | L8: =SUMIFS([1]Табель!K:K,[1]Табель!E:E,C8,[1]Табель!B:B,">="&$Y$1,[1]Табель!B:B,"<"&$Y$2) -> #VALUE! | M8: =SUMIFS([1]Табель!L:L,[1]Табель!E:E,C8,[1]Табель!B:B,">="&$Y$1,[1]Табель!B:B,"<"&$Y$2) -> #VALUE! | O8: =F8-L8-M8 -> #VALUE! | Q8: =O8*J8+(L8+M8)*K8 -> #VALUE! | R8: =ROUND(E8*0.22,2) -> 0 | S8: =E8*0.195 -> 0 | T8: =E8-S8 -> 0 | V8: =Q8-T8 -> #VALUE!
B9: 3 | C9: Борисенко О.М. | E9: 4523.81 | F9: =SUMIFS([1]Табель!J:J,[1]Табель!E:E,C9,[1]Табель!B:B,">="&$Y$1,[1]Табель!B:B,"<"&$Y$2) -> #VALUE! | I9: =INDEX([1]ИНФО_СПЕЦТЕХНИКА!$D$4:$D$23,IF(SUMIFS([1]Табель!I:I,[1]Табель!E:E,C9,[1]Табель!B:B,">="&$Y$1,[1]Табель!B:B,"<"&$Y$2)/COUNTIFS([1]Табель!E:E,C9,[1]Табель!B:B,">="&$Y$1,[1]Табель!B:B,"<"&$Y$2)=0,"",SUMIFS([1]Табель!I:I,[1]Табель!E:E,C9,[1]Табель!B:B,">="&$Y$1,[1]Табель!B:B,"<"&$Y$2)/COUNTIFS([1]Табель!E:E,C9,[1]Табель!B:B,">="&$Y$1,[1]Табель!B:B,"<"&$Y$2))) -> #VALUE! | J9: 180 | K9: 100 | L9: =SUMIFS([1]Табель!K:K,[1]Табель!E:E,C9,[1]Табель!B:B,">="&$Y$1,[1]Табель!B:B,"<"&$Y$2) -> #VALUE! | M9: =SUMIFS([1]Табель!L:L,[1]Табель!E:E,C9,[1]Табель!B:B,">="&$Y$1,[1]Табель!B:B,"<"&$Y$2) -> #VALUE! | O9: =F9-L9-M9 -> #VALUE! | Q9: =O9*J9+(L9+M9)*K9 -> #VALUE! | R9: =ROUND(E9*0.22,2) -> 995.24 | S9: =E9*0.195 -> 882.14295 | T9: =E9-S9 -> 3641.6671 | V9: =Q9-T9 -> #VALUE!
B10: =B9+1 -> 4 | C10: Горячий І.В. | E10: 9880 | F10: =SUMIFS([1]Табель!J:J,[1]Табель!E:E,C10,[1]Табель!B:B,">="&$Y$1,[1]Табель!B:B,"<"&$Y$2) -> #VALUE! | I10: =INDEX([1]ИНФО_СПЕЦТЕХНИКА!$D$4:$D$23,IF(SUMIFS([1]Табель!I:I,[1]Табель!E:E,C10,[1]Табель!B:B,">="&$Y$1,[1]Табель!B:B,"<"&$Y$2)/COUNTIFS([1]Табель!E:E,C10,[1]Табель!B:B,">="&$Y$1,[1]Табель!B:B,"<"&$Y$2)=0,"",SUMIFS([1]Табель!I:I,[1]Табель!E:E,C10,[1]Табель!B:B,">="&$Y$1,[1]Табель!B:B,"<"&$Y$2)/COUNTIFS([1]Табель!E:E,C10,[1]Табель!B:B,">="&$Y$1,[1]Табель!B:B,"<"&$Y$2))) -> #VALUE! | J10: 170 | K10: 100 | L10: =SUMIFS([1]Табель!K:K,[1]Табель!E:E,C10,[1]Табель!B:B,">="&$Y$1,[1]Табель!B:B,"<"&$Y$2) -> #VALUE! | M10: =SUMIFS([1]Табель!L:L,[1]Табель!E:E,C10,[1]Табель!B:B,">="&$Y$1,[1]Табель!B:B,"<"&$Y$2) -> #VALUE! | O10: =F10-L10-M10 -> #VALUE! | Q10: =O10*J10+(L10+M10)*K10 -> #VALUE! | R10: =ROUND(E10*0.22,2) -> 2173.6 | S10: =E10*0.195 -> 1926.6 | T10: =E10-S10 -> 7953.4 | V10: =Q10-T10 -> #VALUE!
B11: =B10+1 -> 5 | C11: Зенкін Д.Ю. | F11: =SUMIFS([1]Табель!J:J,[1]Табель!E:E,C11,[1]Табель!B:B,">="&$Y$1,[1]Табель!B:B,"<"&$Y$2) -> #VALUE! | I11: =INDEX([1]ИНФО_СПЕЦТЕХНИКА!$D$4:$D$23,IF(SUMIFS([1]Табель!I:I,[1]Табель!E:E,C11,[1]Табель!B:B,">="&$Y$1,[1]Табель!B:B,"<"&$Y$2)/COUNTIFS([1]Табель!E:E,C11,[1]Табель!B:B,">="&$Y$1,[1]Табель!B:B,"<"&$Y$2)=0,"",SUMIFS([1]Табель!I:I,[1]Табель!E:E,C11,[1]Табель!B:B,">="&$Y$1,[1]Табель!B:B,"<"&$Y$2)/COUNTIFS([1]Табель!E:E,C11,[1]Табель!B:B,">="&$Y$1,[1]Табель!B:B,"<"&$Y$2))) -> #VALUE! | J11: 170 | K11: 100 | L11: =SUMIFS([1]Табель!K:K,[1]Табель!E:E,C11,[1]Табель!B:B,">="&$Y$1,[1]Табель!B:B,"<"&$Y$2) -> #VALUE! | M11: =SUMIFS([1]Табель!L:L,[1]Табель!E:E,C11,[1]Табель!B:B,">="&$Y$1,[1]Табель!B:B,"<"&$Y$2) -> #VALUE! | O11: =F11-L11-M11 -> #VALUE! | Q11: =O11*J11+(L11+M11)*K11 -> #VALUE! | R11: =ROUND(E11*0.22,2) -> 0 | S11: =E11*0.195 -> 0 | T11: =E11-S11 -> 0 | V11: =Q11-T11 -> #VALUE!
B12: =B11+1 -> 6 | C12: Карбунар Я.Д. | E12: 9880 | F12: =SUMIFS([1]Табель!J:J,[1]Табель!E:E,C12,[1]Табель!B:B,">="&$Y$1,[1]Табель!B:B,"<"&$Y$2) -> #VALUE! | I12: =INDEX([1]ИНФО_СПЕЦТЕХНИКА!$D$4:$D$23,IF(SUMIFS([1]Табель!I:I,[1]Табель!E:E,C12,[1]Табель!B:B,">="&$Y$1,[1]Табель!B:B,"<"&$Y$2)/COUNTIFS([1]Табель!E:E,C12,[1]Табель!B:B,">="&$Y$1,[1]Табель!B:B,"<"&$Y$2)=0,"",SUMIFS([1]Табель!I:I,[1]Табель!E:E,C12,[1]Табель!B:B,">="&$Y$1,[1]Табель!B:B,"<"&$Y$2)/COUNTIFS([1]Табель!E:E,C12,[1]Табель!B:B,">="&$Y$1,[1]Табель!B:B,"<"&$Y$2))) -> #VALUE! | J12: 170 | K12: 100 | L12: =SUMIFS([1]Табель!K:K,[1]Табель!E:E,C12,[1]Табель!B:B,">="&$Y$1,[1]Табель!B:B,"<"&$Y$2) -> #VALUE! | M12: =SUMIFS([1]Табель!L:L,[1]Табель!E:E,C12,[1]Табель!B:B,">="&$Y$1,[1]Табель!B:B,"<"&$Y$2) -> #VALUE! | O12: =F12-L12-M12 -> #VALUE! | Q12: =O12*J12+(L12+M12)*K12 -> #VALUE! | R12: =ROUND(E12*0.22,2) -> 2173.6 | S12: =E12*0.195 -> 1926.6 | T12: =E12-S12 -> 7953.4 | V12: =Q12-T12 -> #VALUE!
B13: =B12+1 -> 7 | C13: Косік Ю.А. | E13: 9880 | F13: =SUMIFS([1]Табель!J:J,[1]Табель!E:E,C13,[1]Табель!B:B,">="&$Y$1,[1]Табель!B:B,"<"&$Y$2) -> #VALUE! | I13: =INDEX([1]ИНФО_СПЕЦТЕХНИКА!$D$4:$D$23,IF(SUMIFS([1]Табель!I:I,[1]Табель!E:E,C13,[1]Табель!B:B,">="&$Y$1,[1]Табель!B:B,"<"&$Y$2)/COUNTIFS([1]Табель!E:E,C13,[1]Табель!B:B,">="&$Y$1,[1]Табель!B:B,"<"&$Y$2)=0,"",SUMIFS([1]Табель!I:I,[1]Табель!E:E,C13,[1]Табель!B:B,">="&$Y$1,[1]Табель!B:B,"<"&$Y$2)/COUNTIFS([1]Табель!E:E,C13,[1]Табель!B:B,">="&$Y$1,[1]Табель!B:B,"<"&$Y$2))) -> #VALUE! | J13: 170 | K13: 100 | L13: =SUMIFS([1]Табель!K:K,[1]Табель!E:E,C13,[1]Табель!B:B,">="&$Y$1,[1]Табель!B:B,"<"&$Y$2) -> #VALUE! | M13: =SUMIFS([1]Табель!L:L,[1]Табель!E:E,C13,[1]Табель!B:B,">="&$Y$1,[1]Табель!B:B,"<"&$Y$2) -> #VALUE! | O13: =F13-L13-M13 -> #VALUE! | Q13: =O13*J13+(L13+M13)*K13 -> #VALUE! | R13: =ROUND(E13*0.22,2) -> 2173.6 | S13: =E13*0.195 -> 1926.6 | T13: =E13-S13 -> 7953.4 | V13: =Q13-T13 -> #VALUE!
B14: =B13+1 -> 8 | C14: Красношапка М.П. | F14: =SUMIFS([1]Табель!J:J,[1]Табель!E:E,C14,[1]Табель!B:B,">="&$Y$1,[1]Табель!B:B,"<"&$Y$2) -> #VALUE! | I14: =INDEX([1]ИНФО_СПЕЦТЕХНИКА!$D$4:$D$23,IF(SUMIFS([1]Табель!I:I,[1]Табель!E:E,C14,[1]Табель!B:B,">="&$Y$1,[1]Табель!B:B,"<"&$Y$2)/COUNTIFS([1]Табель!E:E,C14,[1]Табель!B:B,">="&$Y$1,[1]Табель!B:B,"<"&$Y$2)=0,"",SUMIFS([1]Табель!I:I,[1]Табель!E:E,C14,[1]Табель!B:B,">="&$Y$1,[1]Табель!B:B,"<"&$Y$2)/COUNTIFS([1]Табель!E:E,C14,[1]Табель!B:B,">="&$Y$1,[1]Табель!B:B,"<"&$Y$2))) -> #VALUE! | J14: 140 | K14: 100 | L14: =SUMIFS([1]Табель!K:K,[1]Табель!E:E,C14,[1]Табель!B:B,">="&$Y$1,[1]Табель!B:B,"<"&$Y$2) -> #VALUE! | M14: =SUMIFS([1]Табель!L:L,[1]Табель!E:E,C14,[1]Табель!B:B,">="&$Y$1,[1]Табель!B:B,"<"&$Y$2) -> #VALUE! | O14: =F14-L14-M14 -> #VALUE! | Q14: =O14*J14+(L14+M14)*K14 -> #VALUE! | R14: =ROUND(E14*0.22,2) -> 0 | S14: =E14*0.195 -> 0 | T14: =E14-S14 -> 0 | V14: =Q14-T14 -> #VALUE!
B15: =B14+1 -> 9 | C15: Михайлов В.О. | F15: =SUMIFS([1]Табель!J:J,[1]Табель!E:E,C15,[1]Табель!B:B,">="&$Y$1,[1]Табель!B:B,"<"&$Y$2) -> #VALUE! | I15: =INDEX([1]ИНФО_СПЕЦТЕХНИКА!$D$4:$D$23,IF(SUMIFS([1]Табель!I:I,[1]Табель!E:E,C15,[1]Табель!B:B,">="&$Y$1,[1]Табель!B:B,"<"&$Y$2)/COUNTIFS([1]Табель!E:E,C15,[1]Табель!B:B,">="&$Y$1,[1]Табель!B:B,"<"&$Y$2)=0,"",SUMIFS([1]Табель!I:I,[1]Табель!E:E,C15,[1]Табель!B:B,">="&$Y$1,[1]Табель!B:B,"<"&$Y$2)/COUNTIFS([1]Табель!E:E,C15,[1]Табель!B:B,">="&$Y$1,[1]Табель!B:B,"<"&$Y$2))) -> #VALUE! | J15: 140 | K15: 100 | L15: =SUMIFS([1]Табель!K:K,[1]Табель!E:E,C15,[1]Табель!B:B,">="&$Y$1,[1]Табель!B:B,"<"&$Y$2) -> #VALUE! | M15: =SUMIFS([1]Табель!L:L,[1]Табель!E:E,C15,[1]Табель!B:B,">="&$Y$1,[1]Табель!B:B,"<"&$Y$2) -> #VALUE! | O15: =F15-L15-M15 -> #VALUE! | Q15: =O15*J15+(L15+M15)*K15 -> #VALUE! | R15: =ROUND(E15*0.22,2) -> 0 | S15: =E15*0.195 -> 0 | T15: =E15-S15 -> 0 | V15: =Q15-T15 -> #VALUE!
B16: =B14+1 -> 9 | C16: Мусієнко І.І. | E16: 9500 | F16: =SUMIFS([1]Табель!J:J,[1]Табель!E:E,C16,[1]Табель!B:B,">="&$Y$1,[1]Табель!B:B,"<"&$Y$2) -> #VALUE! | I16: =INDEX([1]ИНФО_СПЕЦТЕХНИКА!$D$4:$D$23,IF(SUMIFS([1]Табель!I:I,[1]Табель!E:E,C16,[1]Табель!B:B,">="&$Y$1,[1]Табель!B:B,"<"&$Y$2)/COUNTIFS([1]Табель!E:E,C16,[1]Табель!B:B,">="&$Y$1,[1]Табель!B:B,"<"&$Y$2)=0,"",SUMIFS([1]Табель!I:I,[1]Табель!E:E,C16,[1]Табель!B:B,">="&$Y$1,[1]Табель!B:B,"<"&$Y$2)/COUNTIFS([1]Табель!E:E,C16,[1]Табель!B:B,">="&$Y$1,[1]Табель!B:B,"<"&$Y$2))) -> #VALUE! | J16: 170 | K16: 100 | L16: =SUMIFS([1]Табель!K:K,[1]Табель!E:E,C16,[1]Табель!B:B,">="&$Y$1,[1]Табель!B:B,"<"&$Y$2) -> #VALUE! | M16: =SUMIFS([1]Табель!L:L,[1]Табель!E:E,C16,[1]Табель!B:B,">="&$Y$1,[1]Табель!B:B,"<"&$Y$2) -> #VALUE! | O16: =F16-L16-M16 -> #VALUE! | Q16: =O16*J16+(L16+M16)*K16 -> #VALUE! | R16: =ROUND(E16*0.22,2) -> 2090 | S16: =E16*0.195 -> 1852.5 | T16: =E16-S16 -> 7647.5 | V16: =Q16-T16 -> #VALUE!
B17: =B16+1 -> 10 | C17: Самойленко В.М. | E17: 9047.62 | F17: =SUMIFS([1]Табель!J:J,[1]Табель!E:E,C17,[1]Табель!B:B,">="&$Y$1,[1]Табель!B:B,"<"&$Y$2) -> #VALUE! | I17: =INDEX([1]ИНФО_СПЕЦТЕХНИКА!$D$4:$D$23,IF(SUMIFS([1]Табель!I:I,[1]Табель!E:E,C17,[1]Табель!B:B,">="&$Y$1,[1]Табель!B:B,"<"&$Y$2)/COUNTIFS([1]Табель!E:E,C17,[1]Табель!B:B,">="&$Y$1,[1]Табель!B:B,"<"&$Y$2)=0,"",SUMIFS([1]Табель!I:I,[1]Табель!E:E,C17,[1]Табель!B:B,">="&$Y$1,[1]Табель!B:B,"<"&$Y$2)/COUNTIFS([1]Табель!E:E,C17,[1]Табель!B:B,">="&$Y$1,[1]Табель!B:B,"<"&$Y$2))) -> #VALUE! | J17: 140 | K17: 100 | L17: =SUMIFS([1]Табель!K:K,[1]Табель!E:E,C17,[1]Табель!B:B,">="&$Y$1,[1]Табель!B:B,"<"&$Y$2) -> #VALUE! | M17: =SUMIFS([1]Табель!L:L,[1]Табель!E:E,C17,[1]Табель!B:B,">="&$Y$1,[1]Табель!B:B,"<"&$Y$2) -> #VALUE! | O17: =F17-L17-M17 -> #VALUE! | Q17: =O17*J17+(L17+M17)*K17 -> #VALUE! | R17: =ROUND(E17*0.22,2) -> 1990.48 | S17: =E17*0.195 -> 1764.2859 | T17: =E17-S17 -> 7283.3341 | V17: =Q17-T17 -> #VALUE!
B18: =B17+1 -> 11 | C18: Скоц С.І. | E18: 9880 | F18: =SUMIFS([1]Табель!J:J,[1]Табель!E:E,C18,[1]Табель!B:B,">="&$Y$1,[1]Табель!B:B,"<"&$Y$2) -> #VALUE! | I18: =INDEX([1]ИНФО_СПЕЦТЕХНИКА!$D$4:$D$23,IF(SUMIFS([1]Табель!I:I,[1]Табель!E:E,C18,[1]Табель!B:B,">="&$Y$1,[1]Табель!B:B,"<"&$Y$2)/COUNTIFS([1]Табель!E:E,C18,[1]Табель!B:B,">="&$Y$1,[1]Табель!B:B,"<"&$Y$2)=0,"",SUMIFS([1]Табель!I:I,[1]Табель!E:E,C18,[1]Табель!B:B,">="&$Y$1,[1]Табель!B:B,"<"&$Y$2)/COUNTIFS([1]Табель!E:E,C18,[1]Табель!B:B,">="&$Y$1,[1]Табель!B:B,"<"&$Y$2))) -> #VALUE! | J18: 170 | K18: 100 | L18: =SUMIFS([1]Табель!K:K,[1]Табель!E:E,C18,[1]Табель!B:B,">="&$Y$1,[1]Табель!B:B,"<"&$Y$2) -> #VALUE! | M18: =SUMIFS([1]Табель!L:L,[1]Табель!E:E,C18,[1]Табель!B:B,">="&$Y$1,[1]Табель!B:B,"<"&$Y$2) -> #VALUE! | O18: =F18-L18-M18 -> #VALUE! | Q18: =O18*J18+(L18+M18)*K18 -> #VALUE! | R18: =ROUND(E18*0.22,2) -> 2173.6 | S18: =E18*0.195 -> 1926.6 | T18: =E18-S18 -> 7953.4 | V18: =Q18-T18 -> #VALUE!
B19: =B18+1 -> 12 | C19: Шамоян А.Д. | E19: 8595.24 | F19: =SUMIFS([1]Табель!J:J,[1]Табель!E:E,C19,[1]Табель!B:B,">="&$Y$1,[1]Табель!B:B,"<"&$Y$2) -> #VALUE! | I19: =INDEX([1]ИНФО_СПЕЦТЕХНИКА!$D$4:$D$23,IF(SUMIFS([1]Табель!I:I,[1]Табель!E:E,C19,[1]Табель!B:B,">="&$Y$1,[1]Табель!B:B,"<"&$Y$2)/COUNTIFS([1]Табель!E:E,C19,[1]Табель!B:B,">="&$Y$1,[1]Табель!B:B,"<"&$Y$2)=0,"",SUMIFS([1]Табель!I:I,[1]Табель!E:E,C19,[1]Табель!B:B,">="&$Y$1,[1]Табель!B:B,"<"&$Y$2)/COUNTIFS([1]Табель!E:E,C19,[1]Табель!B:B,">="&$Y$1,[1]Табель!B:B,"<"&$Y$2))) -> #VALUE! | J19: 140 | K19: 100 | L19: =SUMIFS([1]Табель!K:K,[1]Табель!E:E,C19,[1]Табель!B:B,">="&$Y$1,[1]Табель!B:B,"<"&$Y$2) -> #VALUE! | M19: =SUMIFS([1]Табель!L:L,[1]Табель!E:E,C19,[1]Табель!B:B,">="&$Y$1,[1]Табель!B:B,"<"&$Y$2) -> #VALUE! | O19: =F19-L19-M19 -> #VALUE! | Q19: =O19*J19+(L19+M19)*K19 -> #VALUE! | R19: =ROUND(E19*0.22,2) -> 1890.95 | S19: =E19*0.195 -> 1676.0718 | T19: =E19-S19 -> 6919.1682 | V19: =Q19-T19 -> #VALUE!
B20: =B19+1 -> 13 | C20: Якубовський В.Г. | E20: 4976.19 | F20: =SUMIFS([1]Табель!J:J,[1]Табель!E:E,C20,[1]Табель!B:B,">="&$Y$1,[1]Табель!B:B,"<"&$Y$2) -> #VALUE! | I20: =INDEX([1]ИНФО_СПЕЦТЕХНИКА!$D$4:$D$23,IF(SUMIFS([1]Табель!I:I,[1]Табель!E:E,C20,[1]Табель!B:B,">="&$Y$1,[1]Табель!B:B,"<"&$Y$2)/COUNTIFS([1]Табель!E:E,C20,[1]Табель!B:B,">="&$Y$1,[1]Табель!B:B,"<"&$Y$2)=0,"",SUMIFS([1]Табель!I:I,[1]Табель!E:E,C20,[1]Табель!B:B,">="&$Y$1,[1]Табель!B:B,"<"&$Y$2)/COUNTIFS([1]Табель!E:E,C20,[1]Табель!B:B,">="&$Y$1,[1]Табель!B:B,"<"&$Y$2))) -> #VALUE! | J20: 140 | K20: 100 | L20: =SUMIFS([1]Табель!K:K,[1]Табель!E:E,C20,[1]Табель!B:B,">="&$Y$1,[1]Табель!B:B,"<"&$Y$2) -> #VALUE! | M20: =SUMIFS([1]Табель!L:L,[1]Табель!E:E,C20,[1]Табель!B:B,">="&$Y$1,[1]Табель!B:B,"<"&$Y$2) -> #VALUE! | O20: =F20-L20-M20 -> #VALUE! | Q20: =O20*J20+(L20+M20)*K20 -> #VALUE! | R20: =ROUND(E20*0.22,2) -> 1094.76 | S20: =E20*0.195 -> 970.35705 | T20: =E20-S20 -> 4005.8329 | V20: =Q20-T20 -> #VALUE!
B21: =B20+1 -> 14 | C21: Яцюк Ю.Г. | F21: =SUMIFS([1]Табель!J:J,[1]Табель!E:E,C21,[1]Табель!B:B,">="&$Y$1,[1]Табель!B:B,"<"&$Y$2) -> #VALUE! | I21: =INDEX([1]ИНФО_СПЕЦТЕХНИКА!$D$4:$D$23,IF(SUMIFS([1]Табель!I:I,[1]Табель!E:E,C21,[1]Табель!B:B,">="&$Y$1,[1]Табель!B:B,"<"&$Y$2)/COUNTIFS([1]Табель!E:E,C21,[1]Табель!B:B,">="&$Y$1,[1]Табель!B:B,"<"&$Y$2)=0,"",SUMIFS([1]Табель!I:I,[1]Табель!E:E,C21,[1]Табель!B:B,">="&$Y$1,[1]Табель!B:B,"<"&$Y$2)/COUNTIFS([1]Табель!E:E,C21,[1]Табель!B:B,">="&$Y$1,[1]Табель!B:B,"<"&$Y$2))) -> #VALUE! | J21: 140 | K21: 100 | L21: =SUMIFS([1]Табель!K:K,[1]Табель!E:E,C21,[1]Табель!B:B,">="&$Y$1,[1]Табель!B:B,"<"&$Y$2) -> #VALUE! | M21: =SUMIFS([1]Табель!L:L,[1]Табель!E:E,C21,[1]Табель!B:B,">="&$Y$1,[1]Табель!B:B,"<"&$Y$2) -> #VALUE! | O21: =F21-L21-M21 -> #VALUE! | Q21: =O21*J21+(L21+M21)*K21 -> #VALUE! | R21: =ROUND(E21*0.22,2) -> 0 | S21: =E21*0.195 -> 0 | T21: =E21-S21 -> 0 | V21: =Q21-T21 -> #VALUE!
C22: ИТОГО | E22: =SUM(E7:E21) -> 85662.86 | F22: =SUM(F7:F21) -> #VALUE! | L22: =SUM(L7:L21) -> #VALUE! | M22: =SUM(M7:M21) -> #VALUE! | O22: =SUM(O7:O21) -> #VALUE! | Q22: =SUM(Q7:Q21) -> #VALUE! | R22: =SUM(R7:R21) -> 18845.83 | S22: =SUM(S7:S21) -> 16704.258 | T22: =SUM(T7:T21) -> 68958.602 | V22: =SUM(V7:V21) -> #VALUE!
Y24: 45200
Y25: 45231
B27: ="ЧАСЫ ["&CHAR(10)&TEXT(Y24,"[$-419]ММММ ГГГГ")&"]" -> ЧАСЫ [ Октябрь 2023]
B29: № п/п | C29: ФИО | D29: 1С Alias | E29: Начислено в Октябре 2023 | F29: Всего | I29: Ед. спецтехник | J29: Ставка за работу, грн/час | K29: Ставка за ТО, грн/час | L29: ТО | M29: Заправка | O29: Без ТО и заправок | Q29: ИТОГО ЗП по часам | R29: Начисления на ЗП Ф1 (22%) | S29: Удержано по Ф1 (19,5%) | T29: Начислено ЗП по Ф1 (аванс) | U29: ФОТ + Начисления | V29: Остаток ЗП за период (по Ф2)
B30: 1 | C30: Болох В.В. | D30: =INDEX([1]ИНФО!C:C,MATCH(C30,[1]ИНФО!B:B,0)) -> Болох Володимир Васильович | E30: 9500 | F30: =SUMIFS([1]Табель!J:J,[1]Табель!E:E,C30,[1]Табель!B:B,">="&$Y$24,[1]Табель!B:B,"<"&$Y$25,[1]Табель!F:F,'МЕХАНИЗАТОРЫ апрель'!I30) -> #VALUE! | I30: Автокран XCMG | J30: =INDEX([1]ИНФО_СПЕЦТЕХНИКА!$F$4:$F$23,MATCH(I30,[1]ИНФО_СПЕЦТЕХНИКА!$D$4:$D$23,0)) -> 180 | K30: 100 | L30: =SUMIFS([1]Табель!K:K,[1]Табель!E:E,C30,[1]Табель!B:B,">="&$Y$24,[1]Табель!B:B,"<"&$Y$25,[1]Табель!F:F,I30) -> #VALUE! | M30: =SUMIFS([1]Табель!L:L,[1]Табель!E:E,C30,[1]Табель!B:B,">="&$Y$24,[1]Табель!B:B,"<"&$Y$25,[1]Табель!F:F,I30) -> #VALUE! | O30: =F30-L30-M30 -> #VALUE! | Q30: =O30*J30+(L30+M30)*K30 -> #VALUE! | R30: =ROUND(E30*0.22,2) -> 2090 | S30: =E30*0.195 -> 1852.5 | T30: =E30-S30 -> 7647.5 | U30: =-ROUND((R30+E30),2) -> -11590 | V30: =Q30-T30 -> #VALUE!
B31: 2 | C31: Боранов В.В. | D31: =INDEX([1]ИНФО!C:C,MATCH(C31,[1]ИНФО!B:B,0)) -> 0 | F31: =SUMIFS([1]Табель!J:J,[1]Табель!E:E,C31,[1]Табель!B:B,">="&$Y$24,[1]Табель!B:B,"<"&$Y$25,[1]Табель!F:F,'МЕХАНИЗАТОРЫ апрель'!I31) -> #VALUE! | I31: Экскаватор JCB 2013 | J31: =INDEX([1]ИНФО_СПЕЦТЕХНИКА!$F$4:$F$23,MATCH(I31,[1]ИНФО_СПЕЦТЕХНИКА!$D$4:$D$23,0)) -> 170 | K31: 100 | L31: =SUMIFS([1]Табель!K:K,[1]Табель!E:E,C31,[1]Табель!B:B,">="&$Y$24,[1]Табель!B:B,"<"&$Y$25,[1]Табель!F:F,I31) -> #VALUE! | M31: =SUMIFS([1]Табель!L:L,[1]Табель!E:E,C31,[1]Табель!B:B,">="&$Y$24,[1]Табель!B:B,"<"&$Y$25,[1]Табель!F:F,I31) -> #VALUE! | O31: =F31-L31-M31 -> #VALUE! | Q31: =O31*J31+(L31+M31)*K31 -> #VALUE! | R31: =ROUND(E31*0.22,2) -> 0 | S31: =E31*0.195 -> 0 | T31: =E31-S31 -> 0 | U31: =-ROUND((R31+E31),2) -> 0 | V31: =Q31-T31 -> #VALUE!
B32: 3 | C32: Борисенко О.М. | D32: =INDEX([1]ИНФО!C:C,MATCH(C32,[1]ИНФО!B:B,0)) -> Борисенко Олексій Миколайович | E32: =9500*Q32/(Q32+Q33) -> #VALUE! | F32: =SUMIFS([1]Табель!J:J,[1]Табель!E:E,C32,[1]Табель!B:B,">="&$Y$24,[1]Табель!B:B,"<"&$Y$25,[1]Табель!F:F,'МЕХАНИЗАТОРЫ апрель'!I32) -> #VALUE! | I32: Виброкаток | J32: =INDEX([1]ИНФО_СПЕЦТЕХНИКА!$F$4:$F$23,MATCH(I32,[1]ИНФО_СПЕЦТЕХНИКА!$D$4:$D$23,0)) -> 170 | K32: 100 | L32: =SUMIFS([1]Табель!K:K,[1]Табель!E:E,C32,[1]Табель!B:B,">="&$Y$24,[1]Табель!B:B,"<"&$Y$25,[1]Табель!F:F,I32) -> #VALUE! | M32: =SUMIFS([1]Табель!L:L,[1]Табель!E:E,C32,[1]Табель!B:B,">="&$Y$24,[1]Табель!B:B,"<"&$Y$25,[1]Табель!F:F,I32) -> #VALUE! | O32: =F32-L32-M32 -> #VALUE! | Q32: =O32*J32+(L32+M32)*K32 -> #VALUE! | R32: =ROUND(E32*0.22,2) -> #VALUE! | S32: =E32*0.195 -> #VALUE! | T32: =E32-S32 -> #VALUE! | U32: =-ROUND((R32+E32),2) -> #VALUE! | V32: =Q32-T32 -> #VALUE!
